path,extension,bytes,guid,importer,texture_max_size,source_note
Assets/ForestPrototype/Art/CoarseBranchSet/FBX/SS_Defect_CoarseBranch_Mature_01_LOD0.fbx,.fbx,1782300,21f2df2ae76c4facb1ae703ce0dc81ad,ModelImporter:,,
Assets/ForestPrototype/Art/CoarseBranchSet/FBX/SS_Defect_CoarseBranch_Mature_01_LOD1.fbx,.fbx,943868,5c7133fdc7614244892b1f35628bd322,ModelImporter:,,
Assets/ForestPrototype/Art/CoarseBranchSet/FBX/SS_Defect_CoarseBranch_Mature_01_LOD2.fbx,.fbx,343260,0b667c42e35d4e0daf981463389ada58,ModelImporter:,,
Assets/ForestPrototype/Art/CoarseBranchSet/FBX/SS_Defect_CoarseBranch_PostMature_01_LOD0.fbx,.fbx,1849612,b9dc9f53ed9f4ac2978f997cf2968da3,ModelImporter:,,
Assets/ForestPrototype/Art/CoarseBranchSet/FBX/SS_Defect_CoarseBranch_PostMature_01_LOD1.fbx,.fbx,979516,06bdf2a6309f4f37bc81cd82fd6558ee,ModelImporter:,,
Assets/ForestPrototype/Art/CoarseBranchSet/FBX/SS_Defect_CoarseBranch_PostMature_01_LOD2.fbx,.fbx,355468,a247fa0fdda84fe8acc44e0dbe778c96,ModelImporter:,,
Assets/ForestPrototype/Art/CoarseBranchSet/FBX/SS_Defect_CoarseBranch_Young_01_LOD0.fbx,.fbx,1348668,c0949eddb601481287e8784baa3575ab,ModelImporter:,,
Assets/ForestPrototype/Art/CoarseBranchSet/FBX/SS_Defect_CoarseBranch_Young_01_LOD1.fbx,.fbx,724876,a4479464010540ce8ffe27935e574d04,ModelImporter:,,
Assets/ForestPrototype/Art/CoarseBranchSet/FBX/SS_Defect_CoarseBranch_Young_01_LOD2.fbx,.fbx,265292,6fa91bb1374043f4a3cc88fcd6834a9d,ModelImporter:,,
Assets/ForestPrototype/Art/CoarseBranchSet/Materials/SS_Benchmark_Bark.mat,.mat,4077,44afdcff9fa3fc2c58ede4ba642d577a,NativeFormatImporter:,,
Assets/ForestPrototype/Art/CoarseBranchSet/Materials/SS_Benchmark_Needles.mat,.mat,4039,9d5293283623620478ff5da7e6b38710,NativeFormatImporter:,,
Assets/ForestPrototype/Art/CoarseBranchSet/Previews/branches_lod1.png,.png,2786640,8bbb1be73cc2448084b6f62b1678abbe,TextureImporter:,2048,
Assets/ForestPrototype/Art/CoarseBranchSet/Previews/lineup.png,.png,2883697,fe202f36550d43dbadbb517ba6bbce0b,TextureImporter:,2048,
Assets/ForestPrototype/Art/CoarseBranchSet/Textures/Sitka_Bark_BaseColor_v2.png,.png,3813680,fc1ad81fda1849ce8d7b4fb27d4392ec,TextureImporter:,2048,
Assets/ForestPrototype/Art/CoarseBranchSet/Textures/Sitka_Bark_MetallicSmoothness_v2.png,.png,202,1626ccf9dfca4fbca0613d481f584d40,TextureImporter:,2048,
Assets/ForestPrototype/Art/CoarseBranchSet/Textures/Sitka_Bark_Normal_v2.png,.png,59505,b982d1bc21b04eb5a5a8f63baace0421,TextureImporter:,2048,
Assets/ForestPrototype/Art/CoarseBranchSet/Textures/Sitka_Bark_Roughness_v2.png,.png,231,96dd290c711446fcaefd1b60b7e60199,TextureImporter:,2048,
Assets/ForestPrototype/Art/CoarseBranchSet/Textures/Sitka_CutWood_BaseColor.png,.png,730195,0653dc55f0ff43dcaf6c9ea3bb830d68,TextureImporter:,2048,
Assets/ForestPrototype/Art/CoarseBranchSet/Textures/Sitka_NeedleSprigs_BaseColorAlpha.png,.png,4639024,091ef0bee87b4033b43efdc26034bf50,TextureImporter:,2048,
Assets/ForestPrototype/Art/CropTreePruning/Beech_Mature_01/Beech_Mature_01_HighPruned_Healed_LOD0.fbx,.fbx,10711260,1c98c094be5a4a1dad14838e2b37ecf5,ModelImporter:,,Assets/ForestPrototype/Art/CropTreePruning/Beech_Mature_01/Validation.json
Assets/ForestPrototype/Art/CropTreePruning/Beech_Mature_01/Beech_Mature_01_HighPruned_Healed_LOD1.fbx,.fbx,5864284,24ac1af33b0141808fcbb7c8d3d3ae20,ModelImporter:,,Assets/ForestPrototype/Art/CropTreePruning/Beech_Mature_01/Validation.json
Assets/ForestPrototype/Art/CropTreePruning/Beech_Mature_01/Beech_Mature_01_HighPruned_Healed_LOD2.fbx,.fbx,2448924,636a61d84cea42f2919c527360d6bc36,ModelImporter:,,Assets/ForestPrototype/Art/CropTreePruning/Beech_Mature_01/Validation.json
Assets/ForestPrototype/Art/CropTreePruning/Beech_Mature_01/Beech_Mature_01_HighPruned_Recent_LOD0.fbx,.fbx,10711372,4999b02ef5314c5fb97f7d69df46cfdf,ModelImporter:,,Assets/ForestPrototype/Art/CropTreePruning/Beech_Mature_01/Validation.json
Assets/ForestPrototype/Art/CropTreePruning/Beech_Mature_01/Beech_Mature_01_HighPruned_Recent_LOD1.fbx,.fbx,5864412,9dbeba4116af499e9e3f26e2fb86282b,ModelImporter:,,Assets/ForestPrototype/Art/CropTreePruning/Beech_Mature_01/Validation.json
Assets/ForestPrototype/Art/CropTreePruning/Beech_Mature_01/Beech_Mature_01_HighPruned_Recent_LOD2.fbx,.fbx,2449036,6e6625248c664d9ea268382ecd30c754,ModelImporter:,,Assets/ForestPrototype/Art/CropTreePruning/Beech_Mature_01/Validation.json
Assets/ForestPrototype/Art/CropTreePruning/Beech_Mature_01/Beech_Mature_01_LowPruned_Healed_LOD0.fbx,.fbx,14444124,8e9cce39c5f64b0e97f8037efb8e0e65,ModelImporter:,,Assets/ForestPrototype/Art/CropTreePruning/Beech_Mature_01/Validation.json
Assets/ForestPrototype/Art/CropTreePruning/Beech_Mature_01/Beech_Mature_01_LowPruned_Healed_LOD1.fbx,.fbx,7890876,ee4ed28bf0384bea82a01666106ae6da,ModelImporter:,,Assets/ForestPrototype/Art/CropTreePruning/Beech_Mature_01/Validation.json
Assets/ForestPrototype/Art/CropTreePruning/Beech_Mature_01/Beech_Mature_01_LowPruned_Healed_LOD2.fbx,.fbx,3260220,cf8f420c74d247c29ed90a07a44876ed,ModelImporter:,,Assets/ForestPrototype/Art/CropTreePruning/Beech_Mature_01/Validation.json
Assets/ForestPrototype/Art/CropTreePruning/Beech_Mature_01/Beech_Mature_01_LowPruned_Recent_LOD0.fbx,.fbx,14444172,9ff6b3956ce749ff9cdebe95fe1617ee,ModelImporter:,,Assets/ForestPrototype/Art/CropTreePruning/Beech_Mature_01/Validation.json
Assets/ForestPrototype/Art/CropTreePruning/Beech_Mature_01/Beech_Mature_01_LowPruned_Recent_LOD1.fbx,.fbx,7890924,6866633694fc4687878308ff715011b1,ModelImporter:,,Assets/ForestPrototype/Art/CropTreePruning/Beech_Mature_01/Validation.json
Assets/ForestPrototype/Art/CropTreePruning/Beech_Mature_01/Beech_Mature_01_LowPruned_Recent_LOD2.fbx,.fbx,3260268,69a453ea3a564f0782e914f4c984f885,ModelImporter:,,Assets/ForestPrototype/Art/CropTreePruning/Beech_Mature_01/Validation.json
Assets/ForestPrototype/Art/CropTreePruning/Beech_Mature_01/Beech_Mature_01_MediumPruned_Healed_LOD0.fbx,.fbx,12341148,acdbbee6f73b499b974d06077851738b,ModelImporter:,,Assets/ForestPrototype/Art/CropTreePruning/Beech_Mature_01/Validation.json
Assets/ForestPrototype/Art/CropTreePruning/Beech_Mature_01/Beech_Mature_01_MediumPruned_Healed_LOD1.fbx,.fbx,6750156,99c85dd996684c589e9bea0cceb03f04,ModelImporter:,,Assets/ForestPrototype/Art/CropTreePruning/Beech_Mature_01/Validation.json
Assets/ForestPrototype/Art/CropTreePruning/Beech_Mature_01/Beech_Mature_01_MediumPruned_Healed_LOD2.fbx,.fbx,2802300,6cc768379c99439d8d1d9adfb4754ead,ModelImporter:,,Assets/ForestPrototype/Art/CropTreePruning/Beech_Mature_01/Validation.json
Assets/ForestPrototype/Art/CropTreePruning/Beech_Mature_01/Beech_Mature_01_MediumPruned_Recent_LOD0.fbx,.fbx,12341228,22abde385595464cbf80af2d63ead889,ModelImporter:,,Assets/ForestPrototype/Art/CropTreePruning/Beech_Mature_01/Validation.json
Assets/ForestPrototype/Art/CropTreePruning/Beech_Mature_01/Beech_Mature_01_MediumPruned_Recent_LOD1.fbx,.fbx,6750236,63d6d6efca774c799a48e78d61906e3c,ModelImporter:,,Assets/ForestPrototype/Art/CropTreePruning/Beech_Mature_01/Validation.json
Assets/ForestPrototype/Art/CropTreePruning/Beech_Mature_01/Beech_Mature_01_MediumPruned_Recent_LOD2.fbx,.fbx,2802396,0da6fe1876e64d99861a530a4c22e0bd,ModelImporter:,,Assets/ForestPrototype/Art/CropTreePruning/Beech_Mature_01/Validation.json
Assets/ForestPrototype/Art/CropTreePruning/Beech_Mature_01/Beech_Mature_01_Pruning_Lineup.png,.png,2027445,6b07f9ec4f7c4c4fb1a74fe670f209bb,TextureImporter:,2048,Assets/ForestPrototype/Art/CropTreePruning/Beech_Mature_01/Validation.json
Assets/ForestPrototype/Art/CropTreePruning/Beech_Mature_01/Beech_Mature_01_Scar_Comparison.png,.png,1382997,dba2a96c9dae4127a533683eec9b1b0d,TextureImporter:,2048,Assets/ForestPrototype/Art/CropTreePruning/Beech_Mature_01/Validation.json
Assets/ForestPrototype/Art/CropTreePruning/Beech_Mature_01/Beech_Mature_01_Unpruned_LOD0.fbx,.fbx,16968348,94cc6801a58c44118562549b230bd9d5,ModelImporter:,,Assets/ForestPrototype/Art/CropTreePruning/Beech_Mature_01/Validation.json
Assets/ForestPrototype/Art/CropTreePruning/Beech_Mature_01/Beech_Mature_01_Unpruned_LOD1.fbx,.fbx,9256460,7f0e577cdce243e09e52c9a5854465d4,ModelImporter:,,Assets/ForestPrototype/Art/CropTreePruning/Beech_Mature_01/Validation.json
Assets/ForestPrototype/Art/CropTreePruning/Beech_Mature_01/Beech_Mature_01_Unpruned_LOD2.fbx,.fbx,3798252,8af1792584ed4b58a1a241692147ad81,ModelImporter:,,Assets/ForestPrototype/Art/CropTreePruning/Beech_Mature_01/Validation.json
Assets/ForestPrototype/Art/CropTreePruning/Beech_Mature_02/Beech_Mature_02_HighPruned_Healed_LOD0.fbx,.fbx,1895324,fed418ac6ba544be8eba7881ef2795b1,ModelImporter:,,Assets/ForestPrototype/Art/CropTreePruning/Beech_Mature_02/Validation.json
Assets/ForestPrototype/Art/CropTreePruning/Beech_Mature_02/Beech_Mature_02_HighPruned_Healed_LOD1.fbx,.fbx,996460,739d42cf71284d018847d205d5f5db4f,ModelImporter:,,Assets/ForestPrototype/Art/CropTreePruning/Beech_Mature_02/Validation.json
Assets/ForestPrototype/Art/CropTreePruning/Beech_Mature_02/Beech_Mature_02_HighPruned_Healed_LOD2.fbx,.fbx,409244,88ea40128c5b40ac8e841dd8bfa4ca5b,ModelImporter:,,Assets/ForestPrototype/Art/CropTreePruning/Beech_Mature_02/Validation.json
Assets/ForestPrototype/Art/CropTreePruning/Beech_Mature_02/Beech_Mature_02_HighPruned_Recent_LOD0.fbx,.fbx,1895420,403a6ee1c4414a148f7f2c20fc29acf0,ModelImporter:,,Assets/ForestPrototype/Art/CropTreePruning/Beech_Mature_02/Validation.json
Assets/ForestPrototype/Art/CropTreePruning/Beech_Mature_02/Beech_Mature_02_HighPruned_Recent_LOD1.fbx,.fbx,996556,769d7137c65947ffaea0ddd73c4bb282,ModelImporter:,,Assets/ForestPrototype/Art/CropTreePruning/Beech_Mature_02/Validation.json
Assets/ForestPrototype/Art/CropTreePruning/Beech_Mature_02/Beech_Mature_02_HighPruned_Recent_LOD2.fbx,.fbx,409324,726b7788304a40dea1cb458150b0810f,ModelImporter:,,Assets/ForestPrototype/Art/CropTreePruning/Beech_Mature_02/Validation.json
Assets/ForestPrototype/Art/CropTreePruning/Beech_Mature_02/Beech_Mature_02_LowPruned_Healed_LOD0.fbx,.fbx,2772444,957a448f17714953a6e90555c24f68f0,ModelImporter:,,Assets/ForestPrototype/Art/CropTreePruning/Beech_Mature_02/Validation.json
Assets/ForestPrototype/Art/CropTreePruning/Beech_Mature_02/Beech_Mature_02_LowPruned_Healed_LOD1.fbx,.fbx,1430892,6220f66add9c44bdbde7420926f7c4b4,ModelImporter:,,Assets/ForestPrototype/Art/CropTreePruning/Beech_Mature_02/Validation.json
Assets/ForestPrototype/Art/CropTreePruning/Beech_Mature_02/Beech_Mature_02_LowPruned_Healed_LOD2.fbx,.fbx,567852,43903207c8e844c8b246192c749efda7,ModelImporter:,,Assets/ForestPrototype/Art/CropTreePruning/Beech_Mature_02/Validation.json
Assets/ForestPrototype/Art/CropTreePruning/Beech_Mature_02/Beech_Mature_02_LowPruned_Recent_LOD0.fbx,.fbx,2772476,ff8986435e9e4fadbb503ac3a721fbfb,ModelImporter:,,Assets/ForestPrototype/Art/CropTreePruning/Beech_Mature_02/Validation.json
Assets/ForestPrototype/Art/CropTreePruning/Beech_Mature_02/Beech_Mature_02_LowPruned_Recent_LOD1.fbx,.fbx,1430908,7add8f56740e42deb29ca3acf684cb6b,ModelImporter:,,Assets/ForestPrototype/Art/CropTreePruning/Beech_Mature_02/Validation.json
Assets/ForestPrototype/Art/CropTreePruning/Beech_Mature_02/Beech_Mature_02_LowPruned_Recent_LOD2.fbx,.fbx,567868,b5fb607a5e3a4360b3fd9dc7169cf976,ModelImporter:,,Assets/ForestPrototype/Art/CropTreePruning/Beech_Mature_02/Validation.json
Assets/ForestPrototype/Art/CropTreePruning/Beech_Mature_02/Beech_Mature_02_MediumPruned_Healed_LOD0.fbx,.fbx,2428460,161d805d069b49a2b15cf3f3396c2961,ModelImporter:,,Assets/ForestPrototype/Art/CropTreePruning/Beech_Mature_02/Validation.json
Assets/ForestPrototype/Art/CropTreePruning/Beech_Mature_02/Beech_Mature_02_MediumPruned_Healed_LOD1.fbx,.fbx,1253324,7f739900b61d4b2d865587debb48fedd,ModelImporter:,,Assets/ForestPrototype/Art/CropTreePruning/Beech_Mature_02/Validation.json
Assets/ForestPrototype/Art/CropTreePruning/Beech_Mature_02/Beech_Mature_02_MediumPruned_Healed_LOD2.fbx,.fbx,505580,d39f3c7edbc14eb4a84a84db9ff875cc,ModelImporter:,,Assets/ForestPrototype/Art/CropTreePruning/Beech_Mature_02/Validation.json
Assets/ForestPrototype/Art/CropTreePruning/Beech_Mature_02/Beech_Mature_02_MediumPruned_Recent_LOD0.fbx,.fbx,2428508,ef25038e9133402f87edd0c83abb33dc,ModelImporter:,,Assets/ForestPrototype/Art/CropTreePruning/Beech_Mature_02/Validation.json
Assets/ForestPrototype/Art/CropTreePruning/Beech_Mature_02/Beech_Mature_02_MediumPruned_Recent_LOD1.fbx,.fbx,1253372,d24bd250a99a487387d61b63b48912e3,ModelImporter:,,Assets/ForestPrototype/Art/CropTreePruning/Beech_Mature_02/Validation.json
Assets/ForestPrototype/Art/CropTreePruning/Beech_Mature_02/Beech_Mature_02_MediumPruned_Recent_LOD2.fbx,.fbx,505628,bbf7f329eac34242938e4637902a08d7,ModelImporter:,,Assets/ForestPrototype/Art/CropTreePruning/Beech_Mature_02/Validation.json
Assets/ForestPrototype/Art/CropTreePruning/Beech_Mature_02/Beech_Mature_02_Pruning_Lineup.png,.png,1878334,8b86c88f52d544a8bcb482e2e49ff11d,TextureImporter:,2048,Assets/ForestPrototype/Art/CropTreePruning/Beech_Mature_02/Validation.json
Assets/ForestPrototype/Art/CropTreePruning/Beech_Mature_02/Beech_Mature_02_Scar_Comparison.png,.png,1336702,041ad9f066df43888ce571fabd5c03da,TextureImporter:,2048,Assets/ForestPrototype/Art/CropTreePruning/Beech_Mature_02/Validation.json
Assets/ForestPrototype/Art/CropTreePruning/Beech_Mature_02/Beech_Mature_02_Unpruned_LOD0.fbx,.fbx,3259068,ed0cb15a626845b293981d1a2b99f68b,ModelImporter:,,Assets/ForestPrototype/Art/CropTreePruning/Beech_Mature_02/Validation.json
Assets/ForestPrototype/Art/CropTreePruning/Beech_Mature_02/Beech_Mature_02_Unpruned_LOD1.fbx,.fbx,1689852,73634d7a71d34715a0ecd87a2a94c067,ModelImporter:,,Assets/ForestPrototype/Art/CropTreePruning/Beech_Mature_02/Validation.json
Assets/ForestPrototype/Art/CropTreePruning/Beech_Mature_02/Beech_Mature_02_Unpruned_LOD2.fbx,.fbx,655244,b6b1851a193d4107a950cbfa845aa3ca,ModelImporter:,,Assets/ForestPrototype/Art/CropTreePruning/Beech_Mature_02/Validation.json
Assets/ForestPrototype/Art/CropTreePruning/Materials/Beech_Bark.mat,.mat,4002,b04510d39f6c75c67b235c3f205142a3,NativeFormatImporter:,,
Assets/ForestPrototype/Art/CropTreePruning/Materials/Beech_Leaf.mat,.mat,3958,4995bb39708476701bf8a1594b917000,NativeFormatImporter:,,
Assets/ForestPrototype/Art/CropTreePruning/Materials/Oak_Bark.mat,.mat,3999,adf611b388adce915afcbd29810b0788,NativeFormatImporter:,,
Assets/ForestPrototype/Art/CropTreePruning/Materials/Oak_Leaf_1.mat,.mat,3953,b4dc6faf0c7757310ba5bc1c3a0893dd,NativeFormatImporter:,,
Assets/ForestPrototype/Art/CropTreePruning/Materials/Oak_Leaf_2.mat,.mat,3958,34da2fa6f757de97583641246197e9b3,NativeFormatImporter:,,
Assets/ForestPrototype/Art/CropTreePruning/Materials/Oak_Leaf_3.mat,.mat,3959,3ebf901770b58c5dcaf1f7c7fe134960,NativeFormatImporter:,,
Assets/ForestPrototype/Art/CropTreePruning/Materials/Oak_Leaf_4.mat,.mat,3954,50d4dafc5170ef583b16176b6d6edaf9,NativeFormatImporter:,,
Assets/ForestPrototype/Art/CropTreePruning/Materials/Pruning_ExposedWood.mat,.mat,4010,df7aeb6e725ff93458ae1216917a3ca5,NativeFormatImporter:,,
Assets/ForestPrototype/Art/CropTreePruning/Materials/Pruning_HealedScar.mat,.mat,4009,58b9a55a4a3d053c6a2cb88aa4da2bcd,NativeFormatImporter:,,
Assets/ForestPrototype/Art/CropTreePruning/Materials/Sitka_Bark.mat,.mat,4001,3a95e604c25d2089ebba02def4fcc769,NativeFormatImporter:,,
Assets/ForestPrototype/Art/CropTreePruning/Materials/Sitka_Needles.mat,.mat,4033,dd52816f6c901dd2986eba867098b0a1,NativeFormatImporter:,,
Assets/ForestPrototype/Art/CropTreePruning/Materials/Sitka_Pole_Bark.mat,.mat,4007,df6344f19457c250299d004c3166e3d9,NativeFormatImporter:,,
Assets/ForestPrototype/Art/CropTreePruning/Sessile_Oak_Mature_01/Sessile_Oak_Mature_01_HighPruned_Healed_LOD0.fbx,.fbx,14190460,e1a0170d09e94eafb3b3f6234e0cdda1,ModelImporter:,,Assets/ForestPrototype/Art/CropTreePruning/Sessile_Oak_Mature_01/Validation.json
Assets/ForestPrototype/Art/CropTreePruning/Sessile_Oak_Mature_01/Sessile_Oak_Mature_01_HighPruned_Healed_LOD1.fbx,.fbx,7085756,ef2a4f57d6834399bbb878726901cc7d,ModelImporter:,,Assets/ForestPrototype/Art/CropTreePruning/Sessile_Oak_Mature_01/Validation.json
Assets/ForestPrototype/Art/CropTreePruning/Sessile_Oak_Mature_01/Sessile_Oak_Mature_01_HighPruned_Healed_LOD2.fbx,.fbx,2506364,44506ac1e59443208bff7f2ce21c3f55,ModelImporter:,,Assets/ForestPrototype/Art/CropTreePruning/Sessile_Oak_Mature_01/Validation.json
Assets/ForestPrototype/Art/CropTreePruning/Sessile_Oak_Mature_01/Sessile_Oak_Mature_01_HighPruned_Recent_LOD0.fbx,.fbx,14190588,28e2a1ab28424ff7b65d7ae5d5d4927e,ModelImporter:,,Assets/ForestPrototype/Art/CropTreePruning/Sessile_Oak_Mature_01/Validation.json
Assets/ForestPrototype/Art/CropTreePruning/Sessile_Oak_Mature_01/Sessile_Oak_Mature_01_HighPruned_Recent_LOD1.fbx,.fbx,7085900,1ba2094c752c4765a3bf5b08a2718bc8,ModelImporter:,,Assets/ForestPrototype/Art/CropTreePruning/Sessile_Oak_Mature_01/Validation.json
Assets/ForestPrototype/Art/CropTreePruning/Sessile_Oak_Mature_01/Sessile_Oak_Mature_01_HighPruned_Recent_LOD2.fbx,.fbx,2506508,d924a2aaa5e84c70b0e54d86aefa9201,ModelImporter:,,Assets/ForestPrototype/Art/CropTreePruning/Sessile_Oak_Mature_01/Validation.json
Assets/ForestPrototype/Art/CropTreePruning/Sessile_Oak_Mature_01/Sessile_Oak_Mature_01_LowPruned_Healed_LOD0.fbx,.fbx,22418652,e774b403582349769f12e71b2c6c26b0,ModelImporter:,,Assets/ForestPrototype/Art/CropTreePruning/Sessile_Oak_Mature_01/Validation.json
Assets/ForestPrototype/Art/CropTreePruning/Sessile_Oak_Mature_01/Sessile_Oak_Mature_01_LowPruned_Healed_LOD1.fbx,.fbx,11120156,cf02facc3f184b238482e9e8ef29a0f7,ModelImporter:,,Assets/ForestPrototype/Art/CropTreePruning/Sessile_Oak_Mature_01/Validation.json
Assets/ForestPrototype/Art/CropTreePruning/Sessile_Oak_Mature_01/Sessile_Oak_Mature_01_LowPruned_Healed_LOD2.fbx,.fbx,3816044,9faebc6781c74a2cb266bb6b8935fa6e,ModelImporter:,,Assets/ForestPrototype/Art/CropTreePruning/Sessile_Oak_Mature_01/Validation.json
Assets/ForestPrototype/Art/CropTreePruning/Sessile_Oak_Mature_01/Sessile_Oak_Mature_01_LowPruned_Recent_LOD0.fbx,.fbx,22418732,e438532035a9429caf831cc149268265,ModelImporter:,,Assets/ForestPrototype/Art/CropTreePruning/Sessile_Oak_Mature_01/Validation.json
Assets/ForestPrototype/Art/CropTreePruning/Sessile_Oak_Mature_01/Sessile_Oak_Mature_01_LowPruned_Recent_LOD1.fbx,.fbx,11120236,e138d8b5bb24413e90e0643e3f888731,ModelImporter:,,Assets/ForestPrototype/Art/CropTreePruning/Sessile_Oak_Mature_01/Validation.json
Assets/ForestPrototype/Art/CropTreePruning/Sessile_Oak_Mature_01/Sessile_Oak_Mature_01_LowPruned_Recent_LOD2.fbx,.fbx,3816124,9a516d2f81e74a57ab5b6483f24012c0,ModelImporter:,,Assets/ForestPrototype/Art/CropTreePruning/Sessile_Oak_Mature_01/Validation.json
Assets/ForestPrototype/Art/CropTreePruning/Sessile_Oak_Mature_01/Sessile_Oak_Mature_01_MediumPruned_Healed_LOD0.fbx,.fbx,18291244,55b003f7408142a48d4ba2a65309a9d4,ModelImporter:,,Assets/ForestPrototype/Art/CropTreePruning/Sessile_Oak_Mature_01/Validation.json
Assets/ForestPrototype/Art/CropTreePruning/Sessile_Oak_Mature_01/Sessile_Oak_Mature_01_MediumPruned_Healed_LOD1.fbx,.fbx,9179420,927f2131fe1444cfad0cca9d480ce817,ModelImporter:,,Assets/ForestPrototype/Art/CropTreePruning/Sessile_Oak_Mature_01/Validation.json
Assets/ForestPrototype/Art/CropTreePruning/Sessile_Oak_Mature_01/Sessile_Oak_Mature_01_MediumPruned_Healed_LOD2.fbx,.fbx,3198524,04893a66adfd431abab1b5e7650273c7,ModelImporter:,,Assets/ForestPrototype/Art/CropTreePruning/Sessile_Oak_Mature_01/Validation.json
Assets/ForestPrototype/Art/CropTreePruning/Sessile_Oak_Mature_01/Sessile_Oak_Mature_01_MediumPruned_Recent_LOD0.fbx,.fbx,18291340,b3bb2d44887a4faba4a95a685199edea,ModelImporter:,,Assets/ForestPrototype/Art/CropTreePruning/Sessile_Oak_Mature_01/Validation.json
Assets/ForestPrototype/Art/CropTreePruning/Sessile_Oak_Mature_01/Sessile_Oak_Mature_01_MediumPruned_Recent_LOD1.fbx,.fbx,9179532,f2226ab69126493590f163ba0db16466,ModelImporter:,,Assets/ForestPrototype/Art/CropTreePruning/Sessile_Oak_Mature_01/Validation.json
Assets/ForestPrototype/Art/CropTreePruning/Sessile_Oak_Mature_01/Sessile_Oak_Mature_01_MediumPruned_Recent_LOD2.fbx,.fbx,3198620,77dd9f38e8ca495ab0e5525d82c5a642,ModelImporter:,,Assets/ForestPrototype/Art/CropTreePruning/Sessile_Oak_Mature_01/Validation.json
Assets/ForestPrototype/Art/CropTreePruning/Sessile_Oak_Mature_01/Sessile_Oak_Mature_01_Pruning_Lineup.png,.png,1757495,b24dcb640ce04ac9a761fc7ad77b7d0b,TextureImporter:,2048,Assets/ForestPrototype/Art/CropTreePruning/Sessile_Oak_Mature_01/Validation.json
Assets/ForestPrototype/Art/CropTreePruning/Sessile_Oak_Mature_01/Sessile_Oak_Mature_01_Scar_Comparison.png,.png,1567774,70d31cc8e78a4391b44e4f4356d23e32,TextureImporter:,2048,Assets/ForestPrototype/Art/CropTreePruning/Sessile_Oak_Mature_01/Validation.json
Assets/ForestPrototype/Art/CropTreePruning/Sessile_Oak_Mature_01/Sessile_Oak_Mature_01_Unpruned_LOD0.fbx,.fbx,26529708,311f4f97d0b24e2a9a8ce39a0637603e,ModelImporter:,,Assets/ForestPrototype/Art/CropTreePruning/Sessile_Oak_Mature_01/Validation.json
Assets/ForestPrototype/Art/CropTreePruning/Sessile_Oak_Mature_01/Sessile_Oak_Mature_01_Unpruned_LOD1.fbx,.fbx,13112204,f4958a18e53a4df8956a23cd3365d770,ModelImporter:,,Assets/ForestPrototype/Art/CropTreePruning/Sessile_Oak_Mature_01/Validation.json
Assets/ForestPrototype/Art/CropTreePruning/Sessile_Oak_Mature_01/Sessile_Oak_Mature_01_Unpruned_LOD2.fbx,.fbx,4486940,f1a82332874947aaaafcf31b7bf3a67d,ModelImporter:,,Assets/ForestPrototype/Art/CropTreePruning/Sessile_Oak_Mature_01/Validation.json
Assets/ForestPrototype/Art/CropTreePruning/Sessile_Oak_Mature_02/Sessile_Oak_Mature_02_HighPruned_Healed_LOD0.fbx,.fbx,3261004,4df478d1902b45d88f284a8c3c6f468e,ModelImporter:,,Assets/ForestPrototype/Art/CropTreePruning/Sessile_Oak_Mature_02/Validation.json
Assets/ForestPrototype/Art/CropTreePruning/Sessile_Oak_Mature_02/Sessile_Oak_Mature_02_HighPruned_Healed_LOD1.fbx,.fbx,1672060,c6acaf8da8ec410a8b78d810161b1cd7,ModelImporter:,,Assets/ForestPrototype/Art/CropTreePruning/Sessile_Oak_Mature_02/Validation.json
Assets/ForestPrototype/Art/CropTreePruning/Sessile_Oak_Mature_02/Sessile_Oak_Mature_02_HighPruned_Healed_LOD2.fbx,.fbx,649116,b854ae446d7d4a83a69c715092ba2a95,ModelImporter:,,Assets/ForestPrototype/Art/CropTreePruning/Sessile_Oak_Mature_02/Validation.json
Assets/ForestPrototype/Art/CropTreePruning/Sessile_Oak_Mature_02/Sessile_Oak_Mature_02_HighPruned_Recent_LOD0.fbx,.fbx,3261196,0779e4fd40594ad5ab15a70e1fadfb16,ModelImporter:,,Assets/ForestPrototype/Art/CropTreePruning/Sessile_Oak_Mature_02/Validation.json
Assets/ForestPrototype/Art/CropTreePruning/Sessile_Oak_Mature_02/Sessile_Oak_Mature_02_HighPruned_Recent_LOD1.fbx,.fbx,1672268,fc0f2b1883df43308a63b20ced3bbf4e,ModelImporter:,,Assets/ForestPrototype/Art/CropTreePruning/Sessile_Oak_Mature_02/Validation.json
Assets/ForestPrototype/Art/CropTreePruning/Sessile_Oak_Mature_02/Sessile_Oak_Mature_02_HighPruned_Recent_LOD2.fbx,.fbx,649308,9bf4ebd245934d9e9e7ecf9458812b53,ModelImporter:,,Assets/ForestPrototype/Art/CropTreePruning/Sessile_Oak_Mature_02/Validation.json
Assets/ForestPrototype/Art/CropTreePruning/Sessile_Oak_Mature_02/Sessile_Oak_Mature_02_LowPruned_Healed_LOD0.fbx,.fbx,4884892,1883688fd4ee4c85b741c64d827a2031,ModelImporter:,,Assets/ForestPrototype/Art/CropTreePruning/Sessile_Oak_Mature_02/Validation.json
Assets/ForestPrototype/Art/CropTreePruning/Sessile_Oak_Mature_02/Sessile_Oak_Mature_02_LowPruned_Healed_LOD1.fbx,.fbx,2435436,0ce439fc44a943df8470883762d6e17e,ModelImporter:,,Assets/ForestPrototype/Art/CropTreePruning/Sessile_Oak_Mature_02/Validation.json
Assets/ForestPrototype/Art/CropTreePruning/Sessile_Oak_Mature_02/Sessile_Oak_Mature_02_LowPruned_Healed_LOD2.fbx,.fbx,914796,a14fd0d3e7c1443289768e3ad8c355ca,ModelImporter:,,Assets/ForestPrototype/Art/CropTreePruning/Sessile_Oak_Mature_02/Validation.json
Assets/ForestPrototype/Art/CropTreePruning/Sessile_Oak_Mature_02/Sessile_Oak_Mature_02_LowPruned_Recent_LOD0.fbx,.fbx,4884972,820b5bcf16cc434a8e203961882d9d43,ModelImporter:,,Assets/ForestPrototype/Art/CropTreePruning/Sessile_Oak_Mature_02/Validation.json
Assets/ForestPrototype/Art/CropTreePruning/Sessile_Oak_Mature_02/Sessile_Oak_Mature_02_LowPruned_Recent_LOD1.fbx,.fbx,2435516,f5280b341dc942b298786b567393c4be,ModelImporter:,,Assets/ForestPrototype/Art/CropTreePruning/Sessile_Oak_Mature_02/Validation.json
Assets/ForestPrototype/Art/CropTreePruning/Sessile_Oak_Mature_02/Sessile_Oak_Mature_02_LowPruned_Recent_LOD2.fbx,.fbx,914876,510c49fad0264d01884c8f2067faecca,ModelImporter:,,Assets/ForestPrototype/Art/CropTreePruning/Sessile_Oak_Mature_02/Validation.json
Assets/ForestPrototype/Art/CropTreePruning/Sessile_Oak_Mature_02/Sessile_Oak_Mature_02_MediumPruned_Healed_LOD0.fbx,.fbx,4251228,f5935a9ea1714064bae32d9de83e709e,ModelImporter:,,Assets/ForestPrototype/Art/CropTreePruning/Sessile_Oak_Mature_02/Validation.json
Assets/ForestPrototype/Art/CropTreePruning/Sessile_Oak_Mature_02/Sessile_Oak_Mature_02_MediumPruned_Healed_LOD1.fbx,.fbx,2142812,7e8c8a07dcff497fb2076a2d79cf3d36,ModelImporter:,,Assets/ForestPrototype/Art/CropTreePruning/Sessile_Oak_Mature_02/Validation.json
Assets/ForestPrototype/Art/CropTreePruning/Sessile_Oak_Mature_02/Sessile_Oak_Mature_02_MediumPruned_Healed_LOD2.fbx,.fbx,804732,3ed975ad25f84315887a850e5a175ecf,ModelImporter:,,Assets/ForestPrototype/Art/CropTreePruning/Sessile_Oak_Mature_02/Validation.json
Assets/ForestPrototype/Art/CropTreePruning/Sessile_Oak_Mature_02/Sessile_Oak_Mature_02_MediumPruned_Recent_LOD0.fbx,.fbx,4251356,d95c442442944977b46baae733fe49fa,ModelImporter:,,Assets/ForestPrototype/Art/CropTreePruning/Sessile_Oak_Mature_02/Validation.json
Assets/ForestPrototype/Art/CropTreePruning/Sessile_Oak_Mature_02/Sessile_Oak_Mature_02_MediumPruned_Recent_LOD1.fbx,.fbx,2142940,5d3638c88f7b40e78ab6360a930ef486,ModelImporter:,,Assets/ForestPrototype/Art/CropTreePruning/Sessile_Oak_Mature_02/Validation.json
Assets/ForestPrototype/Art/CropTreePruning/Sessile_Oak_Mature_02/Sessile_Oak_Mature_02_MediumPruned_Recent_LOD2.fbx,.fbx,804844,2c4c1a6bd27f46919c720f5c0352425f,ModelImporter:,,Assets/ForestPrototype/Art/CropTreePruning/Sessile_Oak_Mature_02/Validation.json
Assets/ForestPrototype/Art/CropTreePruning/Sessile_Oak_Mature_02/Sessile_Oak_Mature_02_Pruning_Lineup.png,.png,2015545,9cb0156bbb304bd1ba13025169d6587e,TextureImporter:,2048,Assets/ForestPrototype/Art/CropTreePruning/Sessile_Oak_Mature_02/Validation.json
Assets/ForestPrototype/Art/CropTreePruning/Sessile_Oak_Mature_02/Sessile_Oak_Mature_02_Pruning_Lineup_LOD1.png,.png,1956007,9778a69d45574a5b9b36e00a9379379e,TextureImporter:,2048,Assets/ForestPrototype/Art/CropTreePruning/Sessile_Oak_Mature_02/Validation.json
Assets/ForestPrototype/Art/CropTreePruning/Sessile_Oak_Mature_02/Sessile_Oak_Mature_02_Scar_Comparison.png,.png,1348348,a407668e419b4de3a234ddfec570327e,TextureImporter:,2048,Assets/ForestPrototype/Art/CropTreePruning/Sessile_Oak_Mature_02/Validation.json
Assets/ForestPrototype/Art/CropTreePruning/Sessile_Oak_Mature_02/Sessile_Oak_Mature_02_Unpruned_LOD0.fbx,.fbx,5754636,ee9e30b58c9f434f9da3156e933e9ff4,ModelImporter:,,Assets/ForestPrototype/Art/CropTreePruning/Sessile_Oak_Mature_02/Validation.json
Assets/ForestPrototype/Art/CropTreePruning/Sessile_Oak_Mature_02/Sessile_Oak_Mature_02_Unpruned_LOD1.fbx,.fbx,2919452,fd8c7c1b92214beb9e342c50c1b23952,ModelImporter:,,Assets/ForestPrototype/Art/CropTreePruning/Sessile_Oak_Mature_02/Validation.json
Assets/ForestPrototype/Art/CropTreePruning/Sessile_Oak_Mature_02/Sessile_Oak_Mature_02_Unpruned_LOD2.fbx,.fbx,1069660,a821603090584264ba23437fff0b1aaa,ModelImporter:,,Assets/ForestPrototype/Art/CropTreePruning/Sessile_Oak_Mature_02/Validation.json
Assets/ForestPrototype/Art/CropTreePruning/Sessile_Oak_Young_01/Sessile_Oak_Young_01_HighPruned_Healed_LOD0.fbx,.fbx,7859804,9b42a0ed864c4c71be52683eb26c2c92,ModelImporter:,,Assets/ForestPrototype/Art/CropTreePruning/Sessile_Oak_Young_01/Validation.json
Assets/ForestPrototype/Art/CropTreePruning/Sessile_Oak_Young_01/Sessile_Oak_Young_01_HighPruned_Healed_LOD1.fbx,.fbx,3877164,59a0b03ecc404a1395f6daa357906f86,ModelImporter:,,Assets/ForestPrototype/Art/CropTreePruning/Sessile_Oak_Young_01/Validation.json
Assets/ForestPrototype/Art/CropTreePruning/Sessile_Oak_Young_01/Sessile_Oak_Young_01_HighPruned_Healed_LOD2.fbx,.fbx,1431868,818f80f84d324ab28c51476f93913728,ModelImporter:,,Assets/ForestPrototype/Art/CropTreePruning/Sessile_Oak_Young_01/Validation.json
Assets/ForestPrototype/Art/CropTreePruning/Sessile_Oak_Young_01/Sessile_Oak_Young_01_HighPruned_Recent_LOD0.fbx,.fbx,7859932,a372af8311664696b065aefc566d1bbf,ModelImporter:,,Assets/ForestPrototype/Art/CropTreePruning/Sessile_Oak_Young_01/Validation.json
Assets/ForestPrototype/Art/CropTreePruning/Sessile_Oak_Young_01/Sessile_Oak_Young_01_HighPruned_Recent_LOD1.fbx,.fbx,3877276,03f95902a72c441faafa3e61736b6a25,ModelImporter:,,Assets/ForestPrototype/Art/CropTreePruning/Sessile_Oak_Young_01/Validation.json
Assets/ForestPrototype/Art/CropTreePruning/Sessile_Oak_Young_01/Sessile_Oak_Young_01_HighPruned_Recent_LOD2.fbx,.fbx,1431980,6aa3e0d8680343b989fd357257d9ee00,ModelImporter:,,Assets/ForestPrototype/Art/CropTreePruning/Sessile_Oak_Young_01/Validation.json
Assets/ForestPrototype/Art/CropTreePruning/Sessile_Oak_Young_01/Sessile_Oak_Young_01_LowPruned_Healed_LOD0.fbx,.fbx,10539900,e79b147395d44c5b92bbae8779837d50,ModelImporter:,,Assets/ForestPrototype/Art/CropTreePruning/Sessile_Oak_Young_01/Validation.json
Assets/ForestPrototype/Art/CropTreePruning/Sessile_Oak_Young_01/Sessile_Oak_Young_01_LowPruned_Healed_LOD1.fbx,.fbx,5245452,72c7534064d5457bbc023b6236ac0990,ModelImporter:,,Assets/ForestPrototype/Art/CropTreePruning/Sessile_Oak_Young_01/Validation.json
Assets/ForestPrototype/Art/CropTreePruning/Sessile_Oak_Young_01/Sessile_Oak_Young_01_LowPruned_Healed_LOD2.fbx,.fbx,1894636,1fcd93d63fb54a36946d84ce264cf2c9,ModelImporter:,,Assets/ForestPrototype/Art/CropTreePruning/Sessile_Oak_Young_01/Validation.json
Assets/ForestPrototype/Art/CropTreePruning/Sessile_Oak_Young_01/Sessile_Oak_Young_01_LowPruned_Recent_LOD0.fbx,.fbx,10539948,e38897b6edcb4c2596460a35fe06e584,ModelImporter:,,Assets/ForestPrototype/Art/CropTreePruning/Sessile_Oak_Young_01/Validation.json
Assets/ForestPrototype/Art/CropTreePruning/Sessile_Oak_Young_01/Sessile_Oak_Young_01_LowPruned_Recent_LOD1.fbx,.fbx,5245500,2202bf5c1f6b4159a42b153824619873,ModelImporter:,,Assets/ForestPrototype/Art/CropTreePruning/Sessile_Oak_Young_01/Validation.json
Assets/ForestPrototype/Art/CropTreePruning/Sessile_Oak_Young_01/Sessile_Oak_Young_01_LowPruned_Recent_LOD2.fbx,.fbx,1894684,a9082d7062894edc97e943d5e0b30b8b,ModelImporter:,,Assets/ForestPrototype/Art/CropTreePruning/Sessile_Oak_Young_01/Validation.json
Assets/ForestPrototype/Art/CropTreePruning/Sessile_Oak_Young_01/Sessile_Oak_Young_01_MediumPruned_Healed_LOD0.fbx,.fbx,9176732,e09beec280aa4380bedb003d9350479f,ModelImporter:,,Assets/ForestPrototype/Art/CropTreePruning/Sessile_Oak_Young_01/Validation.json
Assets/ForestPrototype/Art/CropTreePruning/Sessile_Oak_Young_01/Sessile_Oak_Young_01_MediumPruned_Healed_LOD1.fbx,.fbx,4524252,83b09bb671de410e885545ad6470bd5c,ModelImporter:,,Assets/ForestPrototype/Art/CropTreePruning/Sessile_Oak_Young_01/Validation.json
Assets/ForestPrototype/Art/CropTreePruning/Sessile_Oak_Young_01/Sessile_Oak_Young_01_MediumPruned_Healed_LOD2.fbx,.fbx,1640316,49fa20554cbc4e6b9a72ef1f0fcc9fcb,ModelImporter:,,Assets/ForestPrototype/Art/CropTreePruning/Sessile_Oak_Young_01/Validation.json
Assets/ForestPrototype/Art/CropTreePruning/Sessile_Oak_Young_01/Sessile_Oak_Young_01_MediumPruned_Recent_LOD0.fbx,.fbx,9176812,2a8407ef92bc4d60b6aa0a93f770f158,ModelImporter:,,Assets/ForestPrototype/Art/CropTreePruning/Sessile_Oak_Young_01/Validation.json
Assets/ForestPrototype/Art/CropTreePruning/Sessile_Oak_Young_01/Sessile_Oak_Young_01_MediumPruned_Recent_LOD1.fbx,.fbx,4524348,e614bf08b96242c7a3abb61fbd59ce0b,ModelImporter:,,Assets/ForestPrototype/Art/CropTreePruning/Sessile_Oak_Young_01/Validation.json
Assets/ForestPrototype/Art/CropTreePruning/Sessile_Oak_Young_01/Sessile_Oak_Young_01_MediumPruned_Recent_LOD2.fbx,.fbx,1640396,d0fcec19010640f58f30eeb87850d734,ModelImporter:,,Assets/ForestPrototype/Art/CropTreePruning/Sessile_Oak_Young_01/Validation.json
Assets/ForestPrototype/Art/CropTreePruning/Sessile_Oak_Young_01/Sessile_Oak_Young_01_Pruning_Lineup.png,.png,1974648,b7c49b6e901e44f7b4bfa4be64b3def5,TextureImporter:,2048,Assets/ForestPrototype/Art/CropTreePruning/Sessile_Oak_Young_01/Validation.json
Assets/ForestPrototype/Art/CropTreePruning/Sessile_Oak_Young_01/Sessile_Oak_Young_01_Scar_Comparison.png,.png,1409857,f0fdba5b44c24659bf97fba2acdec5ad,TextureImporter:,2048,Assets/ForestPrototype/Art/CropTreePruning/Sessile_Oak_Young_01/Validation.json
Assets/ForestPrototype/Art/CropTreePruning/Sessile_Oak_Young_01/Sessile_Oak_Young_01_Unpruned_LOD0.fbx,.fbx,11966652,e62841fe35574a22894023d26002b7bd,ModelImporter:,,Assets/ForestPrototype/Art/CropTreePruning/Sessile_Oak_Young_01/Validation.json
Assets/ForestPrototype/Art/CropTreePruning/Sessile_Oak_Young_01/Sessile_Oak_Young_01_Unpruned_LOD1.fbx,.fbx,5969996,d45da74b9c684089abf02a66463e7f16,ModelImporter:,,Assets/ForestPrototype/Art/CropTreePruning/Sessile_Oak_Young_01/Validation.json
Assets/ForestPrototype/Art/CropTreePruning/Sessile_Oak_Young_01/Sessile_Oak_Young_01_Unpruned_LOD2.fbx,.fbx,2143692,e9a28d4a6f0d44549fc685c8d2622ab5,ModelImporter:,,Assets/ForestPrototype/Art/CropTreePruning/Sessile_Oak_Young_01/Validation.json
Assets/ForestPrototype/Art/CropTreePruning/Sitka_Mature_01/Sitka_Mature_01_HighPruned_Healed_LOD0.fbx,.fbx,2483356,940c7d84b4b745a8ad8c47940832b7be,ModelImporter:,,Assets/ForestPrototype/Art/CropTreePruning/Sitka_Mature_01/Validation.json
Assets/ForestPrototype/Art/CropTreePruning/Sitka_Mature_01/Sitka_Mature_01_HighPruned_Healed_LOD1.fbx,.fbx,1557884,2210bb19576745ea939c1527ac0dbdf3,ModelImporter:,,Assets/ForestPrototype/Art/CropTreePruning/Sitka_Mature_01/Validation.json
Assets/ForestPrototype/Art/CropTreePruning/Sitka_Mature_01/Sitka_Mature_01_HighPruned_Healed_LOD2.fbx,.fbx,795548,5846b4b2030d4e1db7670458fb967ff9,ModelImporter:,,Assets/ForestPrototype/Art/CropTreePruning/Sitka_Mature_01/Validation.json
Assets/ForestPrototype/Art/CropTreePruning/Sitka_Mature_01/Sitka_Mature_01_HighPruned_Recent_LOD0.fbx,.fbx,2484668,02c514c7460c45e3bac7f0e113b4fc3d,ModelImporter:,,Assets/ForestPrototype/Art/CropTreePruning/Sitka_Mature_01/Validation.json
Assets/ForestPrototype/Art/CropTreePruning/Sitka_Mature_01/Sitka_Mature_01_HighPruned_Recent_LOD1.fbx,.fbx,1559196,ff3b48c97ce44e71b61d01855ffb9fca,ModelImporter:,,Assets/ForestPrototype/Art/CropTreePruning/Sitka_Mature_01/Validation.json
Assets/ForestPrototype/Art/CropTreePruning/Sitka_Mature_01/Sitka_Mature_01_HighPruned_Recent_LOD2.fbx,.fbx,796860,cbad3ed425a24870b624c5b9b0de0dd0,ModelImporter:,,Assets/ForestPrototype/Art/CropTreePruning/Sitka_Mature_01/Validation.json
Assets/ForestPrototype/Art/CropTreePruning/Sitka_Mature_01/Sitka_Mature_01_LowPruned_Healed_LOD0.fbx,.fbx,2767276,8ef4be30594d4fd38ff197608cb890d5,ModelImporter:,,Assets/ForestPrototype/Art/CropTreePruning/Sitka_Mature_01/Validation.json
Assets/ForestPrototype/Art/CropTreePruning/Sitka_Mature_01/Sitka_Mature_01_LowPruned_Healed_LOD1.fbx,.fbx,1641164,3fc0419194f34337b9113cfc6134c6e6,ModelImporter:,,Assets/ForestPrototype/Art/CropTreePruning/Sitka_Mature_01/Validation.json
Assets/ForestPrototype/Art/CropTreePruning/Sitka_Mature_01/Sitka_Mature_01_LowPruned_Healed_LOD2.fbx,.fbx,718924,da4c04a3ff0d4be1affbc93c7e4c75c9,ModelImporter:,,Assets/ForestPrototype/Art/CropTreePruning/Sitka_Mature_01/Validation.json
Assets/ForestPrototype/Art/CropTreePruning/Sitka_Mature_01/Sitka_Mature_01_LowPruned_Recent_LOD0.fbx,.fbx,2767724,437872e20bee4664b8797c34f7efd1ee,ModelImporter:,,Assets/ForestPrototype/Art/CropTreePruning/Sitka_Mature_01/Validation.json
Assets/ForestPrototype/Art/CropTreePruning/Sitka_Mature_01/Sitka_Mature_01_LowPruned_Recent_LOD1.fbx,.fbx,1641628,d2acf0a755fa487aa1f4a3653bb0a9f8,ModelImporter:,,Assets/ForestPrototype/Art/CropTreePruning/Sitka_Mature_01/Validation.json
Assets/ForestPrototype/Art/CropTreePruning/Sitka_Mature_01/Sitka_Mature_01_LowPruned_Recent_LOD2.fbx,.fbx,719372,47665ca70f1e48689c8159f49c516c41,ModelImporter:,,Assets/ForestPrototype/Art/CropTreePruning/Sitka_Mature_01/Validation.json
Assets/ForestPrototype/Art/CropTreePruning/Sitka_Mature_01/Sitka_Mature_01_MediumPruned_Healed_LOD0.fbx,.fbx,2640684,41b3a599eedf458b949066c3a1feba38,ModelImporter:,,Assets/ForestPrototype/Art/CropTreePruning/Sitka_Mature_01/Validation.json
Assets/ForestPrototype/Art/CropTreePruning/Sitka_Mature_01/Sitka_Mature_01_MediumPruned_Healed_LOD1.fbx,.fbx,1611228,d0ca7f3362b94f1f8d713fcb1d7134e0,ModelImporter:,,Assets/ForestPrototype/Art/CropTreePruning/Sitka_Mature_01/Validation.json
Assets/ForestPrototype/Art/CropTreePruning/Sitka_Mature_01/Sitka_Mature_01_MediumPruned_Healed_LOD2.fbx,.fbx,764140,d71e076f99934f3791de7f55e47400de,ModelImporter:,,Assets/ForestPrototype/Art/CropTreePruning/Sitka_Mature_01/Validation.json
Assets/ForestPrototype/Art/CropTreePruning/Sitka_Mature_01/Sitka_Mature_01_MediumPruned_Recent_LOD0.fbx,.fbx,2641532,5d524d67e8584e34a3d845ec0e61013d,ModelImporter:,,Assets/ForestPrototype/Art/CropTreePruning/Sitka_Mature_01/Validation.json
Assets/ForestPrototype/Art/CropTreePruning/Sitka_Mature_01/Sitka_Mature_01_MediumPruned_Recent_LOD1.fbx,.fbx,1612076,5c764ec9c5024519a01157f6e6c0b4ac,ModelImporter:,,Assets/ForestPrototype/Art/CropTreePruning/Sitka_Mature_01/Validation.json
Assets/ForestPrototype/Art/CropTreePruning/Sitka_Mature_01/Sitka_Mature_01_MediumPruned_Recent_LOD2.fbx,.fbx,764988,329b5157ec834c65857d3640e4d3b767,ModelImporter:,,Assets/ForestPrototype/Art/CropTreePruning/Sitka_Mature_01/Validation.json
Assets/ForestPrototype/Art/CropTreePruning/Sitka_Mature_01/Sitka_Mature_01_Pruning_Lineup.png,.png,1946596,7dc02cdd1fc644abba7c99c013a69cf6,TextureImporter:,2048,Assets/ForestPrototype/Art/CropTreePruning/Sitka_Mature_01/Validation.json
Assets/ForestPrototype/Art/CropTreePruning/Sitka_Mature_01/Sitka_Mature_01_Scar_Comparison.png,.png,2007236,4a41d8e0ec0c4cb2a231843bd4e75c91,TextureImporter:,2048,Assets/ForestPrototype/Art/CropTreePruning/Sitka_Mature_01/Validation.json
Assets/ForestPrototype/Art/CropTreePruning/Sitka_Mature_01/Sitka_Mature_01_Unpruned_LOD0.fbx,.fbx,2793212,6beafefbe8f74cb8b2db97b169ec1243,ModelImporter:,,Assets/ForestPrototype/Art/CropTreePruning/Sitka_Mature_01/Validation.json
Assets/ForestPrototype/Art/CropTreePruning/Sitka_Mature_01/Sitka_Mature_01_Unpruned_LOD1.fbx,.fbx,1614268,89d92aad1940450dac75a41a4630cd0b,ModelImporter:,,Assets/ForestPrototype/Art/CropTreePruning/Sitka_Mature_01/Validation.json
Assets/ForestPrototype/Art/CropTreePruning/Sitka_Mature_01/Sitka_Mature_01_Unpruned_LOD2.fbx,.fbx,639900,6891d158aa6a40fc944a7e0a9cf1855e,ModelImporter:,,Assets/ForestPrototype/Art/CropTreePruning/Sitka_Mature_01/Validation.json
Assets/ForestPrototype/Art/CropTreePruning/Sitka_Mature_02/Sitka_Mature_02_HighPruned_Healed_LOD0.fbx,.fbx,345660,f08174867f7d4b72ad3f587ebeb8eff2,ModelImporter:,,Assets/ForestPrototype/Art/CropTreePruning/Sitka_Mature_02/Validation.json
Assets/ForestPrototype/Art/CropTreePruning/Sitka_Mature_02/Sitka_Mature_02_HighPruned_Healed_LOD1.fbx,.fbx,229228,21e2ee4873b749bc98d83a33ede26eaa,ModelImporter:,,Assets/ForestPrototype/Art/CropTreePruning/Sitka_Mature_02/Validation.json
Assets/ForestPrototype/Art/CropTreePruning/Sitka_Mature_02/Sitka_Mature_02_HighPruned_Healed_LOD2.fbx,.fbx,144700,de29ccddbafd490ab3461d036ea19117,ModelImporter:,,Assets/ForestPrototype/Art/CropTreePruning/Sitka_Mature_02/Validation.json
Assets/ForestPrototype/Art/CropTreePruning/Sitka_Mature_02/Sitka_Mature_02_HighPruned_Recent_LOD0.fbx,.fbx,345692,a896733ba7334241b1c3d3d2e521bafd,ModelImporter:,,Assets/ForestPrototype/Art/CropTreePruning/Sitka_Mature_02/Validation.json
Assets/ForestPrototype/Art/CropTreePruning/Sitka_Mature_02/Sitka_Mature_02_HighPruned_Recent_LOD1.fbx,.fbx,229260,3f387aa9ba3f47049ae33d65eea9ca64,ModelImporter:,,Assets/ForestPrototype/Art/CropTreePruning/Sitka_Mature_02/Validation.json
Assets/ForestPrototype/Art/CropTreePruning/Sitka_Mature_02/Sitka_Mature_02_HighPruned_Recent_LOD2.fbx,.fbx,144732,b6c3b5a1892245b78095f4917eae01f0,ModelImporter:,,Assets/ForestPrototype/Art/CropTreePruning/Sitka_Mature_02/Validation.json
Assets/ForestPrototype/Art/CropTreePruning/Sitka_Mature_02/Sitka_Mature_02_LowPruned_Healed_LOD0.fbx,.fbx,363116,2c06b057eb2e4ce6b56320dfd8618798,ModelImporter:,,Assets/ForestPrototype/Art/CropTreePruning/Sitka_Mature_02/Validation.json
Assets/ForestPrototype/Art/CropTreePruning/Sitka_Mature_02/Sitka_Mature_02_LowPruned_Healed_LOD1.fbx,.fbx,226988,cb8d28ab1931485ca958aa8f71dd3ba6,ModelImporter:,,Assets/ForestPrototype/Art/CropTreePruning/Sitka_Mature_02/Validation.json
Assets/ForestPrototype/Art/CropTreePruning/Sitka_Mature_02/Sitka_Mature_02_LowPruned_Healed_LOD2.fbx,.fbx,126412,dee493e96c694f51812688843973b1bd,ModelImporter:,,Assets/ForestPrototype/Art/CropTreePruning/Sitka_Mature_02/Validation.json
Assets/ForestPrototype/Art/CropTreePruning/Sitka_Mature_02/Sitka_Mature_02_LowPruned_Recent_LOD0.fbx,.fbx,363132,7f90529c0fbd42688fa3ec9d1a22ffcd,ModelImporter:,,Assets/ForestPrototype/Art/CropTreePruning/Sitka_Mature_02/Validation.json
Assets/ForestPrototype/Art/CropTreePruning/Sitka_Mature_02/Sitka_Mature_02_LowPruned_Recent_LOD1.fbx,.fbx,226988,9e6c8e77ef234e0bbc13c89ed7713b93,ModelImporter:,,Assets/ForestPrototype/Art/CropTreePruning/Sitka_Mature_02/Validation.json
Assets/ForestPrototype/Art/CropTreePruning/Sitka_Mature_02/Sitka_Mature_02_LowPruned_Recent_LOD2.fbx,.fbx,126412,0678d11565854e9188e3baf393c8c9c8,ModelImporter:,,Assets/ForestPrototype/Art/CropTreePruning/Sitka_Mature_02/Validation.json
Assets/ForestPrototype/Art/CropTreePruning/Sitka_Mature_02/Sitka_Mature_02_MediumPruned_Healed_LOD0.fbx,.fbx,354316,3096af0053af40aba1cfd39db94fec40,ModelImporter:,,Assets/ForestPrototype/Art/CropTreePruning/Sitka_Mature_02/Validation.json
Assets/ForestPrototype/Art/CropTreePruning/Sitka_Mature_02/Sitka_Mature_02_MediumPruned_Healed_LOD1.fbx,.fbx,227292,c347ab71e7ad4dd8a54697b7e1efa906,ModelImporter:,,Assets/ForestPrototype/Art/CropTreePruning/Sitka_Mature_02/Validation.json
Assets/ForestPrototype/Art/CropTreePruning/Sitka_Mature_02/Sitka_Mature_02_MediumPruned_Healed_LOD2.fbx,.fbx,136572,5ef53d056a0941e2bc8152bd811f6cc2,ModelImporter:,,Assets/ForestPrototype/Art/CropTreePruning/Sitka_Mature_02/Validation.json
Assets/ForestPrototype/Art/CropTreePruning/Sitka_Mature_02/Sitka_Mature_02_MediumPruned_Recent_LOD0.fbx,.fbx,354364,6001b2e73a704d8a9254818729e1c859,ModelImporter:,,Assets/ForestPrototype/Art/CropTreePruning/Sitka_Mature_02/Validation.json
Assets/ForestPrototype/Art/CropTreePruning/Sitka_Mature_02/Sitka_Mature_02_MediumPruned_Recent_LOD1.fbx,.fbx,227324,07368abe962b4efd939e4918487d9c0f,ModelImporter:,,Assets/ForestPrototype/Art/CropTreePruning/Sitka_Mature_02/Validation.json
Assets/ForestPrototype/Art/CropTreePruning/Sitka_Mature_02/Sitka_Mature_02_MediumPruned_Recent_LOD2.fbx,.fbx,136604,cdf459f198f34ed7988a74db4b672190,ModelImporter:,,Assets/ForestPrototype/Art/CropTreePruning/Sitka_Mature_02/Validation.json
Assets/ForestPrototype/Art/CropTreePruning/Sitka_Mature_02/Sitka_Mature_02_Pruning_Lineup.png,.png,1789858,cfa487430a0c4e7082368622f90236b3,TextureImporter:,2048,Assets/ForestPrototype/Art/CropTreePruning/Sitka_Mature_02/Validation.json
Assets/ForestPrototype/Art/CropTreePruning/Sitka_Mature_02/Sitka_Mature_02_Scar_Comparison.png,.png,1374890,972d71a22e5e4a82a88c01d4f9ce7dda,TextureImporter:,2048,Assets/ForestPrototype/Art/CropTreePruning/Sitka_Mature_02/Validation.json
Assets/ForestPrototype/Art/CropTreePruning/Sitka_Mature_02/Sitka_Mature_02_Unpruned_LOD0.fbx,.fbx,366668,582df26d6151487a9b5c346018df76ae,ModelImporter:,,Assets/ForestPrototype/Art/CropTreePruning/Sitka_Mature_02/Validation.json
Assets/ForestPrototype/Art/CropTreePruning/Sitka_Mature_02/Sitka_Mature_02_Unpruned_LOD1.fbx,.fbx,218636,e1ec407017a04c048d9c947f337ef614,ModelImporter:,,Assets/ForestPrototype/Art/CropTreePruning/Sitka_Mature_02/Validation.json
Assets/ForestPrototype/Art/CropTreePruning/Sitka_Mature_02/Sitka_Mature_02_Unpruned_LOD2.fbx,.fbx,110060,9b7fa718c12e4f059db0002535ad1e79,ModelImporter:,,Assets/ForestPrototype/Art/CropTreePruning/Sitka_Mature_02/Validation.json
Assets/ForestPrototype/Art/CropTreePruning/Sitka_Mature_03/Sitka_Mature_03_HighPruned_Healed_LOD0.fbx,.fbx,325532,f0dde7e07b2e4b5ca887d19d2339e9a2,ModelImporter:,,Assets/ForestPrototype/Art/CropTreePruning/Sitka_Mature_03/Validation.json
Assets/ForestPrototype/Art/CropTreePruning/Sitka_Mature_03/Sitka_Mature_03_HighPruned_Healed_LOD1.fbx,.fbx,220780,bfc825519a604f3892105ce9aec5700f,ModelImporter:,,Assets/ForestPrototype/Art/CropTreePruning/Sitka_Mature_03/Validation.json
Assets/ForestPrototype/Art/CropTreePruning/Sitka_Mature_03/Sitka_Mature_03_HighPruned_Healed_LOD2.fbx,.fbx,143340,9cbb392a81e1445abae3ad3d4b71dc9f,ModelImporter:,,Assets/ForestPrototype/Art/CropTreePruning/Sitka_Mature_03/Validation.json
Assets/ForestPrototype/Art/CropTreePruning/Sitka_Mature_03/Sitka_Mature_03_HighPruned_Recent_LOD0.fbx,.fbx,325692,afad684814564254ab50e562748f792f,ModelImporter:,,Assets/ForestPrototype/Art/CropTreePruning/Sitka_Mature_03/Validation.json
Assets/ForestPrototype/Art/CropTreePruning/Sitka_Mature_03/Sitka_Mature_03_HighPruned_Recent_LOD1.fbx,.fbx,220940,f6c59dc158434e74ac08edc778909a8f,ModelImporter:,,Assets/ForestPrototype/Art/CropTreePruning/Sitka_Mature_03/Validation.json
Assets/ForestPrototype/Art/CropTreePruning/Sitka_Mature_03/Sitka_Mature_03_HighPruned_Recent_LOD2.fbx,.fbx,143500,c883158d03214c48b1f6fb0755d921b8,ModelImporter:,,Assets/ForestPrototype/Art/CropTreePruning/Sitka_Mature_03/Validation.json
Assets/ForestPrototype/Art/CropTreePruning/Sitka_Mature_03/Sitka_Mature_03_LowPruned_Healed_LOD0.fbx,.fbx,345260,6ebebd31951c4719939f5182ea99bc9d,ModelImporter:,,Assets/ForestPrototype/Art/CropTreePruning/Sitka_Mature_03/Validation.json
Assets/ForestPrototype/Art/CropTreePruning/Sitka_Mature_03/Sitka_Mature_03_LowPruned_Healed_LOD1.fbx,.fbx,218268,f25675b0dc554c59818314e8b2cdd7f9,ModelImporter:,,Assets/ForestPrototype/Art/CropTreePruning/Sitka_Mature_03/Validation.json
Assets/ForestPrototype/Art/CropTreePruning/Sitka_Mature_03/Sitka_Mature_03_LowPruned_Healed_LOD2.fbx,.fbx,122028,f09994584fac4838857fa143adbacd34,ModelImporter:,,Assets/ForestPrototype/Art/CropTreePruning/Sitka_Mature_03/Validation.json
Assets/ForestPrototype/Art/CropTreePruning/Sitka_Mature_03/Sitka_Mature_03_LowPruned_Recent_LOD0.fbx,.fbx,345308,c4420c21aec341428fa68656b9514524,ModelImporter:,,Assets/ForestPrototype/Art/CropTreePruning/Sitka_Mature_03/Validation.json
Assets/ForestPrototype/Art/CropTreePruning/Sitka_Mature_03/Sitka_Mature_03_LowPruned_Recent_LOD1.fbx,.fbx,218316,d53f812b1d494406ae9c4711107ff1fc,ModelImporter:,,Assets/ForestPrototype/Art/CropTreePruning/Sitka_Mature_03/Validation.json
Assets/ForestPrototype/Art/CropTreePruning/Sitka_Mature_03/Sitka_Mature_03_LowPruned_Recent_LOD2.fbx,.fbx,122060,70553eddbdb0411085855c7cea24a856,ModelImporter:,,Assets/ForestPrototype/Art/CropTreePruning/Sitka_Mature_03/Validation.json
Assets/ForestPrototype/Art/CropTreePruning/Sitka_Mature_03/Sitka_Mature_03_MediumPruned_Healed_LOD0.fbx,.fbx,335452,32dc5a172a1c48689cfc52638a0d702b,ModelImporter:,,Assets/ForestPrototype/Art/CropTreePruning/Sitka_Mature_03/Validation.json
Assets/ForestPrototype/Art/CropTreePruning/Sitka_Mature_03/Sitka_Mature_03_MediumPruned_Healed_LOD1.fbx,.fbx,219340,5d50c016ec6e461eb4e7af36747c1b49,ModelImporter:,,Assets/ForestPrototype/Art/CropTreePruning/Sitka_Mature_03/Validation.json
Assets/ForestPrototype/Art/CropTreePruning/Sitka_Mature_03/Sitka_Mature_03_MediumPruned_Healed_LOD2.fbx,.fbx,132316,92fb11e157f045cbb3f057574723e41e,ModelImporter:,,Assets/ForestPrototype/Art/CropTreePruning/Sitka_Mature_03/Validation.json
Assets/ForestPrototype/Art/CropTreePruning/Sitka_Mature_03/Sitka_Mature_03_MediumPruned_Recent_LOD0.fbx,.fbx,335580,33a167c0e2824d40bd0cc2200794ccb0,ModelImporter:,,Assets/ForestPrototype/Art/CropTreePruning/Sitka_Mature_03/Validation.json
Assets/ForestPrototype/Art/CropTreePruning/Sitka_Mature_03/Sitka_Mature_03_MediumPruned_Recent_LOD1.fbx,.fbx,219452,b7d0e13f15f447809b0d9a24017a9a8d,ModelImporter:,,Assets/ForestPrototype/Art/CropTreePruning/Sitka_Mature_03/Validation.json
Assets/ForestPrototype/Art/CropTreePruning/Sitka_Mature_03/Sitka_Mature_03_MediumPruned_Recent_LOD2.fbx,.fbx,132444,534b5658c2df4c6caf5d7117fb7c88df,ModelImporter:,,Assets/ForestPrototype/Art/CropTreePruning/Sitka_Mature_03/Validation.json
Assets/ForestPrototype/Art/CropTreePruning/Sitka_Mature_03/Sitka_Mature_03_Pruning_Lineup.png,.png,1832327,4ee1997331f24f54bbf2ff793812f9d9,TextureImporter:,2048,Assets/ForestPrototype/Art/CropTreePruning/Sitka_Mature_03/Validation.json
Assets/ForestPrototype/Art/CropTreePruning/Sitka_Mature_03/Sitka_Mature_03_Scar_Comparison.png,.png,1375257,9caf8f814e7240f0b3eb99fdb79a343f,TextureImporter:,2048,Assets/ForestPrototype/Art/CropTreePruning/Sitka_Mature_03/Validation.json
Assets/ForestPrototype/Art/CropTreePruning/Sitka_Mature_03/Sitka_Mature_03_Unpruned_LOD0.fbx,.fbx,348716,ac32cb6799334df698e0a6d49c66ef95,ModelImporter:,,Assets/ForestPrototype/Art/CropTreePruning/Sitka_Mature_03/Validation.json
Assets/ForestPrototype/Art/CropTreePruning/Sitka_Mature_03/Sitka_Mature_03_Unpruned_LOD1.fbx,.fbx,209036,f9f20bd2bb9747ff9c2832108e6d4d64,ModelImporter:,,Assets/ForestPrototype/Art/CropTreePruning/Sitka_Mature_03/Validation.json
Assets/ForestPrototype/Art/CropTreePruning/Sitka_Mature_03/Sitka_Mature_03_Unpruned_LOD2.fbx,.fbx,103580,5d50ac730e2b4eb981cb6e1eb8f5ad41,ModelImporter:,,Assets/ForestPrototype/Art/CropTreePruning/Sitka_Mature_03/Validation.json
Assets/ForestPrototype/Art/CropTreePruning/Sitka_OldLarge_01/Sitka_OldLarge_01_HighPruned_Healed_LOD0.fbx,.fbx,401388,28e6ed2dbebd4bf8b0fee42736b3ce43,ModelImporter:,,Assets/ForestPrototype/Art/CropTreePruning/Sitka_OldLarge_01/Validation.json
Assets/ForestPrototype/Art/CropTreePruning/Sitka_OldLarge_01/Sitka_OldLarge_01_HighPruned_Healed_LOD1.fbx,.fbx,269276,d3a4d10e7a504c0e92bb46d3a2c26912,ModelImporter:,,Assets/ForestPrototype/Art/CropTreePruning/Sitka_OldLarge_01/Validation.json
Assets/ForestPrototype/Art/CropTreePruning/Sitka_OldLarge_01/Sitka_OldLarge_01_HighPruned_Healed_LOD2.fbx,.fbx,159820,48a285b77b2c4b5ba8aabd5c68e603f7,ModelImporter:,,Assets/ForestPrototype/Art/CropTreePruning/Sitka_OldLarge_01/Validation.json
Assets/ForestPrototype/Art/CropTreePruning/Sitka_OldLarge_01/Sitka_OldLarge_01_HighPruned_Recent_LOD0.fbx,.fbx,401452,6b9225bb60cf44869dd550cb09de7f14,ModelImporter:,,Assets/ForestPrototype/Art/CropTreePruning/Sitka_OldLarge_01/Validation.json
Assets/ForestPrototype/Art/CropTreePruning/Sitka_OldLarge_01/Sitka_OldLarge_01_HighPruned_Recent_LOD1.fbx,.fbx,269340,86e697b129a040c086111f356b3da6ae,ModelImporter:,,Assets/ForestPrototype/Art/CropTreePruning/Sitka_OldLarge_01/Validation.json
Assets/ForestPrototype/Art/CropTreePruning/Sitka_OldLarge_01/Sitka_OldLarge_01_HighPruned_Recent_LOD2.fbx,.fbx,159884,ee45ec2816cd4a479b1649c1622eadfe,ModelImporter:,,Assets/ForestPrototype/Art/CropTreePruning/Sitka_OldLarge_01/Validation.json
Assets/ForestPrototype/Art/CropTreePruning/Sitka_OldLarge_01/Sitka_OldLarge_01_LowPruned_Healed_LOD0.fbx,.fbx,422412,30d073c4e897475584b7a7b01e33f8b0,ModelImporter:,,Assets/ForestPrototype/Art/CropTreePruning/Sitka_OldLarge_01/Validation.json
Assets/ForestPrototype/Art/CropTreePruning/Sitka_OldLarge_01/Sitka_OldLarge_01_LowPruned_Healed_LOD1.fbx,.fbx,265948,fd8c698a5bf14519bb2f99fe765d1be9,ModelImporter:,,Assets/ForestPrototype/Art/CropTreePruning/Sitka_OldLarge_01/Validation.json
Assets/ForestPrototype/Art/CropTreePruning/Sitka_OldLarge_01/Sitka_OldLarge_01_LowPruned_Healed_LOD2.fbx,.fbx,139836,210b3b394b884b1788ad526e31d17682,ModelImporter:,,Assets/ForestPrototype/Art/CropTreePruning/Sitka_OldLarge_01/Validation.json
Assets/ForestPrototype/Art/CropTreePruning/Sitka_OldLarge_01/Sitka_OldLarge_01_LowPruned_Recent_LOD0.fbx,.fbx,422412,96aae743bf13432884d0358e1b93c4f9,ModelImporter:,,Assets/ForestPrototype/Art/CropTreePruning/Sitka_OldLarge_01/Validation.json
Assets/ForestPrototype/Art/CropTreePruning/Sitka_OldLarge_01/Sitka_OldLarge_01_LowPruned_Recent_LOD1.fbx,.fbx,265964,d3e83f16560a4082945e1d78879412a3,ModelImporter:,,Assets/ForestPrototype/Art/CropTreePruning/Sitka_OldLarge_01/Validation.json
Assets/ForestPrototype/Art/CropTreePruning/Sitka_OldLarge_01/Sitka_OldLarge_01_LowPruned_Recent_LOD2.fbx,.fbx,139852,15d76f6ea0c9438aa9938d834bd8b919,ModelImporter:,,Assets/ForestPrototype/Art/CropTreePruning/Sitka_OldLarge_01/Validation.json
Assets/ForestPrototype/Art/CropTreePruning/Sitka_OldLarge_01/Sitka_OldLarge_01_MediumPruned_Healed_LOD0.fbx,.fbx,412572,b350e04f90a543979c225a9c89529823,ModelImporter:,,Assets/ForestPrototype/Art/CropTreePruning/Sitka_OldLarge_01/Validation.json
Assets/ForestPrototype/Art/CropTreePruning/Sitka_OldLarge_01/Sitka_OldLarge_01_MediumPruned_Healed_LOD1.fbx,.fbx,267564,9e736a476cee4594a2b3e88f1c7d991d,ModelImporter:,,Assets/ForestPrototype/Art/CropTreePruning/Sitka_OldLarge_01/Validation.json
Assets/ForestPrototype/Art/CropTreePruning/Sitka_OldLarge_01/Sitka_OldLarge_01_MediumPruned_Healed_LOD2.fbx,.fbx,148332,190d76004325436daffaf16ed181d0ff,ModelImporter:,,Assets/ForestPrototype/Art/CropTreePruning/Sitka_OldLarge_01/Validation.json
Assets/ForestPrototype/Art/CropTreePruning/Sitka_OldLarge_01/Sitka_OldLarge_01_MediumPruned_Recent_LOD0.fbx,.fbx,412620,e17a9de3762f4e269bc85a18f7037317,ModelImporter:,,Assets/ForestPrototype/Art/CropTreePruning/Sitka_OldLarge_01/Validation.json
Assets/ForestPrototype/Art/CropTreePruning/Sitka_OldLarge_01/Sitka_OldLarge_01_MediumPruned_Recent_LOD1.fbx,.fbx,267628,65309fc47898452baa56f568e69439ad,ModelImporter:,,Assets/ForestPrototype/Art/CropTreePruning/Sitka_OldLarge_01/Validation.json
Assets/ForestPrototype/Art/CropTreePruning/Sitka_OldLarge_01/Sitka_OldLarge_01_MediumPruned_Recent_LOD2.fbx,.fbx,148396,0aa9f4460e994c2bb92b7172ba297c78,ModelImporter:,,Assets/ForestPrototype/Art/CropTreePruning/Sitka_OldLarge_01/Validation.json
Assets/ForestPrototype/Art/CropTreePruning/Sitka_OldLarge_01/Sitka_OldLarge_01_Pruning_Lineup.png,.png,1857720,267255cab43241688ef6d6e1c309f0be,TextureImporter:,2048,Assets/ForestPrototype/Art/CropTreePruning/Sitka_OldLarge_01/Validation.json
Assets/ForestPrototype/Art/CropTreePruning/Sitka_OldLarge_01/Sitka_OldLarge_01_Scar_Comparison.png,.png,1368231,afb8879ce1364834993ef64183045f15,TextureImporter:,2048,Assets/ForestPrototype/Art/CropTreePruning/Sitka_OldLarge_01/Validation.json
Assets/ForestPrototype/Art/CropTreePruning/Sitka_OldLarge_01/Sitka_OldLarge_01_Unpruned_LOD0.fbx,.fbx,407356,abef8b6550814eeda75887c2d415e913,ModelImporter:,,Assets/ForestPrototype/Art/CropTreePruning/Sitka_OldLarge_01/Validation.json
Assets/ForestPrototype/Art/CropTreePruning/Sitka_OldLarge_01/Sitka_OldLarge_01_Unpruned_LOD1.fbx,.fbx,247052,5fd40adbd51f4ce7adc05a9b6eaa9007,ModelImporter:,,Assets/ForestPrototype/Art/CropTreePruning/Sitka_OldLarge_01/Validation.json
Assets/ForestPrototype/Art/CropTreePruning/Sitka_OldLarge_01/Sitka_OldLarge_01_Unpruned_LOD2.fbx,.fbx,117868,83fb0c60482f46cc81f96ad7b66fb1ba,ModelImporter:,,Assets/ForestPrototype/Art/CropTreePruning/Sitka_OldLarge_01/Validation.json
Assets/ForestPrototype/Art/CropTreePruning/Sitka_OldLarge_02/Sitka_OldLarge_02_HighPruned_Healed_LOD0.fbx,.fbx,361500,c78146470e55459db82ee3ebd3486462,ModelImporter:,,Assets/ForestPrototype/Art/CropTreePruning/Sitka_OldLarge_02/Validation.json
Assets/ForestPrototype/Art/CropTreePruning/Sitka_OldLarge_02/Sitka_OldLarge_02_HighPruned_Healed_LOD1.fbx,.fbx,248220,7d1d66d2c976452d9f3c049a58ea3653,ModelImporter:,,Assets/ForestPrototype/Art/CropTreePruning/Sitka_OldLarge_02/Validation.json
Assets/ForestPrototype/Art/CropTreePruning/Sitka_OldLarge_02/Sitka_OldLarge_02_HighPruned_Healed_LOD2.fbx,.fbx,161404,8faeec00db05477cb9f828d9a414c22b,ModelImporter:,,Assets/ForestPrototype/Art/CropTreePruning/Sitka_OldLarge_02/Validation.json
Assets/ForestPrototype/Art/CropTreePruning/Sitka_OldLarge_02/Sitka_OldLarge_02_HighPruned_Recent_LOD0.fbx,.fbx,361564,bf260e5e55dc4b0cb82e7b797e37e8d7,ModelImporter:,,Assets/ForestPrototype/Art/CropTreePruning/Sitka_OldLarge_02/Validation.json
Assets/ForestPrototype/Art/CropTreePruning/Sitka_OldLarge_02/Sitka_OldLarge_02_HighPruned_Recent_LOD1.fbx,.fbx,248284,4ff16d593c13405592a5edcfc5e7f827,ModelImporter:,,Assets/ForestPrototype/Art/CropTreePruning/Sitka_OldLarge_02/Validation.json
Assets/ForestPrototype/Art/CropTreePruning/Sitka_OldLarge_02/Sitka_OldLarge_02_HighPruned_Recent_LOD2.fbx,.fbx,161468,ecf32d69a9bd48f08d73b96616bd4c03,ModelImporter:,,Assets/ForestPrototype/Art/CropTreePruning/Sitka_OldLarge_02/Validation.json
Assets/ForestPrototype/Art/CropTreePruning/Sitka_OldLarge_02/Sitka_OldLarge_02_LowPruned_Healed_LOD0.fbx,.fbx,383468,140a8b5eb43240feb0b6d48536dd9c5f,ModelImporter:,,Assets/ForestPrototype/Art/CropTreePruning/Sitka_OldLarge_02/Validation.json
Assets/ForestPrototype/Art/CropTreePruning/Sitka_OldLarge_02/Sitka_OldLarge_02_LowPruned_Healed_LOD1.fbx,.fbx,244796,e01da78630a8424fb0091a30b6c3bf78,ModelImporter:,,Assets/ForestPrototype/Art/CropTreePruning/Sitka_OldLarge_02/Validation.json
Assets/ForestPrototype/Art/CropTreePruning/Sitka_OldLarge_02/Sitka_OldLarge_02_LowPruned_Healed_LOD2.fbx,.fbx,137852,71ea7e68fea64a27ac21170fd4906909,ModelImporter:,,Assets/ForestPrototype/Art/CropTreePruning/Sitka_OldLarge_02/Validation.json
Assets/ForestPrototype/Art/CropTreePruning/Sitka_OldLarge_02/Sitka_OldLarge_02_LowPruned_Recent_LOD0.fbx,.fbx,383500,ea6126b8fc8f4fd88885ab8786f76a12,ModelImporter:,,Assets/ForestPrototype/Art/CropTreePruning/Sitka_OldLarge_02/Validation.json
Assets/ForestPrototype/Art/CropTreePruning/Sitka_OldLarge_02/Sitka_OldLarge_02_LowPruned_Recent_LOD1.fbx,.fbx,244828,57b2471bbefc4f9986f26c7263827554,ModelImporter:,,Assets/ForestPrototype/Art/CropTreePruning/Sitka_OldLarge_02/Validation.json
Assets/ForestPrototype/Art/CropTreePruning/Sitka_OldLarge_02/Sitka_OldLarge_02_LowPruned_Recent_LOD2.fbx,.fbx,137884,e2df8a5a25f2453a86a22c5852b7216f,ModelImporter:,,Assets/ForestPrototype/Art/CropTreePruning/Sitka_OldLarge_02/Validation.json
Assets/ForestPrototype/Art/CropTreePruning/Sitka_OldLarge_02/Sitka_OldLarge_02_MediumPruned_Healed_LOD0.fbx,.fbx,373276,0825e187f07a47798cdd198007c30c28,ModelImporter:,,Assets/ForestPrototype/Art/CropTreePruning/Sitka_OldLarge_02/Validation.json
Assets/ForestPrototype/Art/CropTreePruning/Sitka_OldLarge_02/Sitka_OldLarge_02_MediumPruned_Healed_LOD1.fbx,.fbx,247660,2af740e692484f8b928a7f1a83f959f9,ModelImporter:,,Assets/ForestPrototype/Art/CropTreePruning/Sitka_OldLarge_02/Validation.json
Assets/ForestPrototype/Art/CropTreePruning/Sitka_OldLarge_02/Sitka_OldLarge_02_MediumPruned_Healed_LOD2.fbx,.fbx,148492,15e75d650a3447858020a240cf5cb8aa,ModelImporter:,,Assets/ForestPrototype/Art/CropTreePruning/Sitka_OldLarge_02/Validation.json
Assets/ForestPrototype/Art/CropTreePruning/Sitka_OldLarge_02/Sitka_OldLarge_02_MediumPruned_Recent_LOD0.fbx,.fbx,373388,6e53236c88fe4597b5885c1b81d172e0,ModelImporter:,,Assets/ForestPrototype/Art/CropTreePruning/Sitka_OldLarge_02/Validation.json
Assets/ForestPrototype/Art/CropTreePruning/Sitka_OldLarge_02/Sitka_OldLarge_02_MediumPruned_Recent_LOD1.fbx,.fbx,247756,a240577c9881487ea163ed21092998d3,ModelImporter:,,Assets/ForestPrototype/Art/CropTreePruning/Sitka_OldLarge_02/Validation.json
Assets/ForestPrototype/Art/CropTreePruning/Sitka_OldLarge_02/Sitka_OldLarge_02_MediumPruned_Recent_LOD2.fbx,.fbx,148604,9062c7c24c614a73abf0e028566b115e,ModelImporter:,,Assets/ForestPrototype/Art/CropTreePruning/Sitka_OldLarge_02/Validation.json
Assets/ForestPrototype/Art/CropTreePruning/Sitka_OldLarge_02/Sitka_OldLarge_02_Pruning_Lineup.png,.png,1885100,d06b0efa78434abba6dc8a3d23f7653a,TextureImporter:,2048,Assets/ForestPrototype/Art/CropTreePruning/Sitka_OldLarge_02/Validation.json
Assets/ForestPrototype/Art/CropTreePruning/Sitka_OldLarge_02/Sitka_OldLarge_02_Scar_Comparison.png,.png,1378230,b9f3944c278b49aa98c8ff94f92d197e,TextureImporter:,2048,Assets/ForestPrototype/Art/CropTreePruning/Sitka_OldLarge_02/Validation.json
Assets/ForestPrototype/Art/CropTreePruning/Sitka_OldLarge_02/Sitka_OldLarge_02_Unpruned_LOD0.fbx,.fbx,369948,3f6928172b2c42b2a9e6372fcc92e0ac,ModelImporter:,,Assets/ForestPrototype/Art/CropTreePruning/Sitka_OldLarge_02/Validation.json
Assets/ForestPrototype/Art/CropTreePruning/Sitka_OldLarge_02/Sitka_OldLarge_02_Unpruned_LOD1.fbx,.fbx,227084,1e0a31a18e224646b181b7457ecfe513,ModelImporter:,,Assets/ForestPrototype/Art/CropTreePruning/Sitka_OldLarge_02/Validation.json
Assets/ForestPrototype/Art/CropTreePruning/Sitka_OldLarge_02/Sitka_OldLarge_02_Unpruned_LOD2.fbx,.fbx,114828,006319202865483986547f8c2167bee2,ModelImporter:,,Assets/ForestPrototype/Art/CropTreePruning/Sitka_OldLarge_02/Validation.json
Assets/ForestPrototype/Art/CropTreePruning/Sitka_Pole_01/Sitka_Pole_01_HighPruned_Healed_LOD0.fbx,.fbx,373388,5bd878284a554b3391748146f301ba13,ModelImporter:,,Assets/ForestPrototype/Art/CropTreePruning/Sitka_Pole_01/Validation.json
Assets/ForestPrototype/Art/CropTreePruning/Sitka_Pole_01/Sitka_Pole_01_HighPruned_Healed_LOD1.fbx,.fbx,231612,2990028443c648e28ec75d9a84ddae3e,ModelImporter:,,Assets/ForestPrototype/Art/CropTreePruning/Sitka_Pole_01/Validation.json
Assets/ForestPrototype/Art/CropTreePruning/Sitka_Pole_01/Sitka_Pole_01_HighPruned_Healed_LOD2.fbx,.fbx,139596,482567b48b2e4f579aae627e7181db5b,ModelImporter:,,Assets/ForestPrototype/Art/CropTreePruning/Sitka_Pole_01/Validation.json
Assets/ForestPrototype/Art/CropTreePruning/Sitka_Pole_01/Sitka_Pole_01_HighPruned_Recent_LOD0.fbx,.fbx,373468,40dd1ce278e742f9a385f26e62b8a1e7,ModelImporter:,,Assets/ForestPrototype/Art/CropTreePruning/Sitka_Pole_01/Validation.json
Assets/ForestPrototype/Art/CropTreePruning/Sitka_Pole_01/Sitka_Pole_01_HighPruned_Recent_LOD1.fbx,.fbx,231676,60ed9d572a2244ce84103580dd27b121,ModelImporter:,,Assets/ForestPrototype/Art/CropTreePruning/Sitka_Pole_01/Validation.json
Assets/ForestPrototype/Art/CropTreePruning/Sitka_Pole_01/Sitka_Pole_01_HighPruned_Recent_LOD2.fbx,.fbx,139676,79369331521c4fe3bf468807f1d6ed57,ModelImporter:,,Assets/ForestPrototype/Art/CropTreePruning/Sitka_Pole_01/Validation.json
Assets/ForestPrototype/Art/CropTreePruning/Sitka_Pole_01/Sitka_Pole_01_LowPruned_Healed_LOD0.fbx,.fbx,421932,e9f00857d4d940b18f93c705c67f9887,ModelImporter:,,Assets/ForestPrototype/Art/CropTreePruning/Sitka_Pole_01/Validation.json
Assets/ForestPrototype/Art/CropTreePruning/Sitka_Pole_01/Sitka_Pole_01_LowPruned_Healed_LOD1.fbx,.fbx,248828,25ab040b914b45a5aadf14532390e5c8,ModelImporter:,,Assets/ForestPrototype/Art/CropTreePruning/Sitka_Pole_01/Validation.json
Assets/ForestPrototype/Art/CropTreePruning/Sitka_Pole_01/Sitka_Pole_01_LowPruned_Healed_LOD2.fbx,.fbx,127164,65734bd8541643dca1ea82a76cd3344b,ModelImporter:,,Assets/ForestPrototype/Art/CropTreePruning/Sitka_Pole_01/Validation.json
Assets/ForestPrototype/Art/CropTreePruning/Sitka_Pole_01/Sitka_Pole_01_LowPruned_Recent_LOD0.fbx,.fbx,421980,5b47941d6f4a45d7932018ce6854bbc5,ModelImporter:,,Assets/ForestPrototype/Art/CropTreePruning/Sitka_Pole_01/Validation.json
Assets/ForestPrototype/Art/CropTreePruning/Sitka_Pole_01/Sitka_Pole_01_LowPruned_Recent_LOD1.fbx,.fbx,248876,2d2bddff71884e62b478cb51a0cd7500,ModelImporter:,,Assets/ForestPrototype/Art/CropTreePruning/Sitka_Pole_01/Validation.json
Assets/ForestPrototype/Art/CropTreePruning/Sitka_Pole_01/Sitka_Pole_01_LowPruned_Recent_LOD2.fbx,.fbx,127212,509e543aad314fafa09d56b77d622a28,ModelImporter:,,Assets/ForestPrototype/Art/CropTreePruning/Sitka_Pole_01/Validation.json
Assets/ForestPrototype/Art/CropTreePruning/Sitka_Pole_01/Sitka_Pole_01_MediumPruned_Healed_LOD0.fbx,.fbx,395996,68643b289ece49ebbf5d257c77620e99,ModelImporter:,,Assets/ForestPrototype/Art/CropTreePruning/Sitka_Pole_01/Validation.json
Assets/ForestPrototype/Art/CropTreePruning/Sitka_Pole_01/Sitka_Pole_01_MediumPruned_Healed_LOD1.fbx,.fbx,239452,bed959962d594878bf5488c7371b225a,ModelImporter:,,Assets/ForestPrototype/Art/CropTreePruning/Sitka_Pole_01/Validation.json
Assets/ForestPrototype/Art/CropTreePruning/Sitka_Pole_01/Sitka_Pole_01_MediumPruned_Healed_LOD2.fbx,.fbx,132892,4bc29515d7714abda3f72b47df812db5,ModelImporter:,,Assets/ForestPrototype/Art/CropTreePruning/Sitka_Pole_01/Validation.json
Assets/ForestPrototype/Art/CropTreePruning/Sitka_Pole_01/Sitka_Pole_01_MediumPruned_Recent_LOD0.fbx,.fbx,396092,82dfbe47abea496b8d9a91257f3c91e2,ModelImporter:,,Assets/ForestPrototype/Art/CropTreePruning/Sitka_Pole_01/Validation.json
Assets/ForestPrototype/Art/CropTreePruning/Sitka_Pole_01/Sitka_Pole_01_MediumPruned_Recent_LOD1.fbx,.fbx,239532,17e8ec5285314373aa0e8f842ae5d1ee,ModelImporter:,,Assets/ForestPrototype/Art/CropTreePruning/Sitka_Pole_01/Validation.json
Assets/ForestPrototype/Art/CropTreePruning/Sitka_Pole_01/Sitka_Pole_01_MediumPruned_Recent_LOD2.fbx,.fbx,132988,35b06e82c09b4d0eb75e0fcdc25a78e3,ModelImporter:,,Assets/ForestPrototype/Art/CropTreePruning/Sitka_Pole_01/Validation.json
Assets/ForestPrototype/Art/CropTreePruning/Sitka_Pole_01/Sitka_Pole_01_Pruning_Lineup.png,.png,2012224,fcb1e809d1734e878bb6a30271b9de17,TextureImporter:,2048,Assets/ForestPrototype/Art/CropTreePruning/Sitka_Pole_01/Validation.json
Assets/ForestPrototype/Art/CropTreePruning/Sitka_Pole_01/Sitka_Pole_01_Pruning_Lineup_LOD1.png,.png,1983218,030458e7405342bb8249b4ffbe07e52e,TextureImporter:,2048,Assets/ForestPrototype/Art/CropTreePruning/Sitka_Pole_01/Validation.json
Assets/ForestPrototype/Art/CropTreePruning/Sitka_Pole_01/Sitka_Pole_01_Scar_Comparison.png,.png,1748359,dea5f38c82124152b4fe189e7146f2ff,TextureImporter:,2048,Assets/ForestPrototype/Art/CropTreePruning/Sitka_Pole_01/Validation.json
Assets/ForestPrototype/Art/CropTreePruning/Sitka_Pole_01/Sitka_Pole_01_Unpruned_LOD0.fbx,.fbx,445212,3232c1b82d694305b257cd03d2273d8e,ModelImporter:,,Assets/ForestPrototype/Art/CropTreePruning/Sitka_Pole_01/Validation.json
Assets/ForestPrototype/Art/CropTreePruning/Sitka_Pole_01/Sitka_Pole_01_Unpruned_LOD1.fbx,.fbx,249468,0f8d8c824063499da613e0134cdad640,ModelImporter:,,Assets/ForestPrototype/Art/CropTreePruning/Sitka_Pole_01/Validation.json
Assets/ForestPrototype/Art/CropTreePruning/Sitka_Pole_01/Sitka_Pole_01_Unpruned_LOD2.fbx,.fbx,112524,4395c6aa003b4e9a916416d64b7d80e7,ModelImporter:,,Assets/ForestPrototype/Art/CropTreePruning/Sitka_Pole_01/Validation.json
Assets/ForestPrototype/Art/CropTreePruning/Sitka_Young_02/Sitka_Young_02_HighPruned_Healed_LOD0.fbx,.fbx,273724,f3a6a08e644644f0aaec2ee1455c5947,ModelImporter:,,Assets/ForestPrototype/Art/CropTreePruning/Sitka_Young_02/Validation.json
Assets/ForestPrototype/Art/CropTreePruning/Sitka_Young_02/Sitka_Young_02_HighPruned_Healed_LOD1.fbx,.fbx,193580,aad4589c922448d89cea65dd1d6b0766,ModelImporter:,,Assets/ForestPrototype/Art/CropTreePruning/Sitka_Young_02/Validation.json
Assets/ForestPrototype/Art/CropTreePruning/Sitka_Young_02/Sitka_Young_02_HighPruned_Healed_LOD2.fbx,.fbx,129212,ee49fcae7d0d485daa14cb8a717a8d64,ModelImporter:,,Assets/ForestPrototype/Art/CropTreePruning/Sitka_Young_02/Validation.json
Assets/ForestPrototype/Art/CropTreePruning/Sitka_Young_02/Sitka_Young_02_HighPruned_Recent_LOD0.fbx,.fbx,273724,dedcf443af4246f0a93dbb5620a47617,ModelImporter:,,Assets/ForestPrototype/Art/CropTreePruning/Sitka_Young_02/Validation.json
Assets/ForestPrototype/Art/CropTreePruning/Sitka_Young_02/Sitka_Young_02_HighPruned_Recent_LOD1.fbx,.fbx,193596,a9aca207ee76495f9f90cb082fcf603f,ModelImporter:,,Assets/ForestPrototype/Art/CropTreePruning/Sitka_Young_02/Validation.json
Assets/ForestPrototype/Art/CropTreePruning/Sitka_Young_02/Sitka_Young_02_HighPruned_Recent_LOD2.fbx,.fbx,129228,590e9dbf702542f998ded19ffb9796a6,ModelImporter:,,Assets/ForestPrototype/Art/CropTreePruning/Sitka_Young_02/Validation.json
Assets/ForestPrototype/Art/CropTreePruning/Sitka_Young_02/Sitka_Young_02_LowPruned_Healed_LOD0.fbx,.fbx,292156,d045fd5c6c91473b98e659287d09e3e2,ModelImporter:,,Assets/ForestPrototype/Art/CropTreePruning/Sitka_Young_02/Validation.json
Assets/ForestPrototype/Art/CropTreePruning/Sitka_Young_02/Sitka_Young_02_LowPruned_Healed_LOD1.fbx,.fbx,189996,e431ff0b56b847efa8302f97afca11fd,ModelImporter:,,Assets/ForestPrototype/Art/CropTreePruning/Sitka_Young_02/Validation.json
Assets/ForestPrototype/Art/CropTreePruning/Sitka_Young_02/Sitka_Young_02_LowPruned_Healed_LOD2.fbx,.fbx,109164,4cf6da6be62f4a66b669c1f8e2537b66,ModelImporter:,,Assets/ForestPrototype/Art/CropTreePruning/Sitka_Young_02/Validation.json
Assets/ForestPrototype/Art/CropTreePruning/Sitka_Young_02/Sitka_Young_02_LowPruned_Recent_LOD0.fbx,.fbx,292204,8d4609e0b27646e98bf3a385a38c8fd7,ModelImporter:,,Assets/ForestPrototype/Art/CropTreePruning/Sitka_Young_02/Validation.json
Assets/ForestPrototype/Art/CropTreePruning/Sitka_Young_02/Sitka_Young_02_LowPruned_Recent_LOD1.fbx,.fbx,190044,a847f7c5e83a4f5f83f062fc3470cb86,ModelImporter:,,Assets/ForestPrototype/Art/CropTreePruning/Sitka_Young_02/Validation.json
Assets/ForestPrototype/Art/CropTreePruning/Sitka_Young_02/Sitka_Young_02_LowPruned_Recent_LOD2.fbx,.fbx,109228,c14438c2a532494ea3cc2d5a37f5db36,ModelImporter:,,Assets/ForestPrototype/Art/CropTreePruning/Sitka_Young_02/Validation.json
Assets/ForestPrototype/Art/CropTreePruning/Sitka_Young_02/Sitka_Young_02_MediumPruned_Healed_LOD0.fbx,.fbx,282412,22387cd3334b4159b90126aaae0ed037,ModelImporter:,,Assets/ForestPrototype/Art/CropTreePruning/Sitka_Young_02/Validation.json
Assets/ForestPrototype/Art/CropTreePruning/Sitka_Young_02/Sitka_Young_02_MediumPruned_Healed_LOD1.fbx,.fbx,192172,213cdbd1e08d457281d1218589e48e58,ModelImporter:,,Assets/ForestPrototype/Art/CropTreePruning/Sitka_Young_02/Validation.json
Assets/ForestPrototype/Art/CropTreePruning/Sitka_Young_02/Sitka_Young_02_MediumPruned_Healed_LOD2.fbx,.fbx,120092,8188705610fb47ad9530c39a7a1ed615,ModelImporter:,,Assets/ForestPrototype/Art/CropTreePruning/Sitka_Young_02/Validation.json
Assets/ForestPrototype/Art/CropTreePruning/Sitka_Young_02/Sitka_Young_02_MediumPruned_Recent_LOD0.fbx,.fbx,282428,18dea9bca14b44b9a95d4c745eff3993,ModelImporter:,,Assets/ForestPrototype/Art/CropTreePruning/Sitka_Young_02/Validation.json
Assets/ForestPrototype/Art/CropTreePruning/Sitka_Young_02/Sitka_Young_02_MediumPruned_Recent_LOD1.fbx,.fbx,192188,28bd295b659741bcb168843f6c9c144d,ModelImporter:,,Assets/ForestPrototype/Art/CropTreePruning/Sitka_Young_02/Validation.json
Assets/ForestPrototype/Art/CropTreePruning/Sitka_Young_02/Sitka_Young_02_MediumPruned_Recent_LOD2.fbx,.fbx,120108,88360d84f0244bc3b1d716be8a42c244,ModelImporter:,,Assets/ForestPrototype/Art/CropTreePruning/Sitka_Young_02/Validation.json
Assets/ForestPrototype/Art/CropTreePruning/Sitka_Young_02/Sitka_Young_02_Pruning_Lineup.png,.png,1777594,27b26ed51da7429c8041b622b0b3d1db,TextureImporter:,2048,Assets/ForestPrototype/Art/CropTreePruning/Sitka_Young_02/Validation.json
Assets/ForestPrototype/Art/CropTreePruning/Sitka_Young_02/Sitka_Young_02_Scar_Comparison.png,.png,1605270,14c8952edbc248959f897b38e9143c96,TextureImporter:,2048,Assets/ForestPrototype/Art/CropTreePruning/Sitka_Young_02/Validation.json
Assets/ForestPrototype/Art/CropTreePruning/Sitka_Young_02/Sitka_Young_02_Unpruned_LOD0.fbx,.fbx,294124,c7b26188f2e04c66aa639733fa05f5dc,ModelImporter:,,Assets/ForestPrototype/Art/CropTreePruning/Sitka_Young_02/Validation.json
Assets/ForestPrototype/Art/CropTreePruning/Sitka_Young_02/Sitka_Young_02_Unpruned_LOD1.fbx,.fbx,182540,af61530fafa1437684ede204b6bef517,ModelImporter:,,Assets/ForestPrototype/Art/CropTreePruning/Sitka_Young_02/Validation.json
Assets/ForestPrototype/Art/CropTreePruning/Sitka_Young_02/Sitka_Young_02_Unpruned_LOD2.fbx,.fbx,92348,69d1018b3e8d461ca37eeb866d8ff32e,ModelImporter:,,Assets/ForestPrototype/Art/CropTreePruning/Sitka_Young_02/Validation.json
Assets/ForestPrototype/Art/CropTreePruning/Textures/Beech_Bark_Albedo.png,.png,4932143,78d38734edd44a18a8728cb2003c87de,TextureImporter:,2048,
Assets/ForestPrototype/Art/CropTreePruning/Textures/Oak_Bark_Albedo.png,.png,1720121,3a8ec188e07349148e931a2614e60ba5,TextureImporter:,2048,
Assets/ForestPrototype/Art/CropTreePruning/Textures/Pruning_ExposedWood.png,.png,301051,5edf06b2193f46f98ebf1ae5e2ea089d,TextureImporter:,2048,
Assets/ForestPrototype/Art/CropTreePruning/Textures/Pruning_HealedScar.png,.png,273512,53a2989fd853423ebf6c140e91ccaa66,TextureImporter:,2048,
Assets/ForestPrototype/Art/CropTreePruning/Textures/Sitka_Bark_Albedo.png,.png,2124531,f3a94ac7f2ed441bba1aaa3b70f37bba,TextureImporter:,2048,
Assets/ForestPrototype/Art/CropTreePruning/Textures/Sitka_Needles_Albedo.png,.png,2703503,be836893bd30440aaa68d93a77e473ca,TextureImporter:,2048,
Assets/ForestPrototype/Art/CropTreePruning/Textures/Sitka_Pole_Bark_Albedo.png,.png,1453438,188cb176debd47369202dd8800181ad5,TextureImporter:,2048,
Assets/ForestPrototype/Art/ForestryGround/FBX/SS_Brash_Dry_01_LOD0.fbx,.fbx,261068,be8c17a7f5364326b1b93e4466b4dba7,ModelImporter:,,
Assets/ForestPrototype/Art/ForestryGround/FBX/SS_Brash_Dry_01_LOD1.fbx,.fbx,222268,a7a64b0d6aee45a7903d5a93d32ce643,ModelImporter:,,
Assets/ForestPrototype/Art/ForestryGround/FBX/SS_Brash_Dry_01_LOD2.fbx,.fbx,73180,1500be05f2044a3d86e73a4331a4413e,ModelImporter:,,
Assets/ForestPrototype/Art/ForestryGround/FBX/SS_Brash_Dry_02_LOD0.fbx,.fbx,260652,2406882f32c14f0eacca04bc55e152dc,ModelImporter:,,
Assets/ForestPrototype/Art/ForestryGround/FBX/SS_Brash_Dry_02_LOD1.fbx,.fbx,221852,a2828de98b484d5da644f6c4cf814e72,ModelImporter:,,
Assets/ForestPrototype/Art/ForestryGround/FBX/SS_Brash_Dry_02_LOD2.fbx,.fbx,73180,bda1df456d45472c95c3f30d95b48b40,ModelImporter:,,
Assets/ForestPrototype/Art/ForestryGround/FBX/SS_Brash_Green_01_LOD0.fbx,.fbx,298172,d43eed74a45d4478b359e4e07f0998e6,ModelImporter:,,
Assets/ForestPrototype/Art/ForestryGround/FBX/SS_Brash_Green_01_LOD1.fbx,.fbx,189964,69787bcb8c584336b12150e18626ec0b,ModelImporter:,,
Assets/ForestPrototype/Art/ForestryGround/FBX/SS_Brash_Green_01_LOD2.fbx,.fbx,89916,93d9143afed6411684596aed6838be36,ModelImporter:,,
Assets/ForestPrototype/Art/ForestryGround/FBX/SS_Brash_Green_02_LOD0.fbx,.fbx,297820,8130fcf4790d463d98d829a10f95a52d,ModelImporter:,,
Assets/ForestPrototype/Art/ForestryGround/FBX/SS_Brash_Green_02_LOD1.fbx,.fbx,189756,85717dbc0e85404eaba833f292890a4d,ModelImporter:,,
Assets/ForestPrototype/Art/ForestryGround/FBX/SS_Brash_Green_02_LOD2.fbx,.fbx,89996,69b86571fed64759bcde4053b8b30aaf,ModelImporter:,,
Assets/ForestPrototype/Art/ForestryGround/FBX/SS_WindthrowBase_Fresh_01_LOD0.fbx,.fbx,114076,a848358bfd83412da504082f07447bbf,ModelImporter:,,
Assets/ForestPrototype/Art/ForestryGround/FBX/SS_WindthrowBase_Fresh_01_LOD1.fbx,.fbx,79020,bf7957b95ff24447bd4bbfc72d9e7e19,ModelImporter:,,
Assets/ForestPrototype/Art/ForestryGround/FBX/SS_WindthrowBase_Fresh_01_LOD2.fbx,.fbx,52428,f9bbf75d69e344e59ca0ca2c33ea1bea,ModelImporter:,,
Assets/ForestPrototype/Art/ForestryGround/FBX/SS_WindthrowBase_Weathered_01_LOD0.fbx,.fbx,118044,ced8d35f6bfd4c18ae93e5af6a8a8cbc,ModelImporter:,,
Assets/ForestPrototype/Art/ForestryGround/FBX/SS_WindthrowBase_Weathered_01_LOD1.fbx,.fbx,81788,693c08b2ec5a4e61b55210303220cb8f,ModelImporter:,,
Assets/ForestPrototype/Art/ForestryGround/FBX/SS_WindthrowBase_Weathered_01_LOD2.fbx,.fbx,53964,08fd1a62d417443694999ebd5681da69,ModelImporter:,,
Assets/ForestPrototype/Art/ForestryGround/Materials/Forest_RootPlate_Moss.mat,.mat,4041,3e9eb854e87402cccacd4f03413af981,NativeFormatImporter:,,
Assets/ForestPrototype/Art/ForestryGround/Materials/Forest_RootPlate_Soil.mat,.mat,4013,cd4b327b4a7233fd0b589a2520bdfe51,NativeFormatImporter:,,
Assets/ForestPrototype/Art/ForestryGround/Materials/Forest_RootPlate_SoilLighter.mat,.mat,4035,77774f89c97f8fe90b00aa7104ffccf8,NativeFormatImporter:,,
Assets/ForestPrototype/Art/ForestryGround/Materials/Forest_Weathered_RootWood.mat,.mat,4016,dc57ff08a469e0e3f9bb6b22dfee050e,NativeFormatImporter:,,
Assets/ForestPrototype/Art/ForestryGround/Materials/SS_Benchmark_Bark.mat,.mat,4077,f65a68165780cfe46bcabf2a77b563b9,NativeFormatImporter:,,
Assets/ForestPrototype/Art/ForestryGround/Materials/SS_Benchmark_CutWood.mat,.mat,4011,6167834257ebfd4889695a9c6a4aa313,NativeFormatImporter:,,
Assets/ForestPrototype/Art/ForestryGround/Materials/SS_Benchmark_Needles.mat,.mat,4040,83f61eea968b5c5c5b5e9c035af404f3,NativeFormatImporter:,,
Assets/ForestPrototype/Art/ForestryGround/Previews/brash.png,.png,2420480,d0f455f5e7234343b201c0d385aaf925,TextureImporter:,2048,
Assets/ForestPrototype/Art/ForestryGround/Previews/roots.png,.png,2071882,13ea8a1af5c94192b33e1c70bd5bbf6c,TextureImporter:,2048,
Assets/ForestPrototype/Art/ForestryGround/Textures/Forest_RootPlate_Soil_BaseColor.png,.png,3538063,10e6dd8c84a14caeb4dc518577454a21,TextureImporter:,2048,
Assets/ForestPrototype/Art/ForestryGround/Textures/Sitka_Bark_BaseColor_v2.png,.png,3813680,8a39613b5d2c41678ecc98157fd59dfa,TextureImporter:,2048,
Assets/ForestPrototype/Art/ForestryGround/Textures/Sitka_Bark_Normal_v2.png,.png,59505,d6f15cd1a43947d98afd0b8ed2c09019,TextureImporter:,2048,
Assets/ForestPrototype/Art/ForestryGround/Textures/Sitka_Bark_Roughness_v2.png,.png,231,3fbe80c2dbed4d65a69743246187f4ce,TextureImporter:,2048,
Assets/ForestPrototype/Art/ForestryGround/Textures/Sitka_CutWood_BaseColor.png,.png,730195,b8736ad97a5d4071b1fc78a714fff009,TextureImporter:,2048,
Assets/ForestPrototype/Art/ForestryGround/Textures/Sitka_NeedleSprigs_BaseColorAlpha.png,.png,4639024,faaa29d400db49ef916b69c3e8760e99,TextureImporter:,2048,
Assets/ForestPrototype/Art/ForestryGround/Textures/Woodland_DecayedWood_Albedo.png,.png,1353249,fcf72ad7f50f44ad9f6188bb45317dc2,TextureImporter:,2048,
Assets/ForestPrototype/Art/ForestryGround/Textures/Woodland_Moss_Albedo.png,.png,1168136,c8b71236f54547f88346792caba4d4b8,TextureImporter:,2048,
Assets/ForestPrototype/Art/SectionFive/Bilberry_Type_Cover_01/FBX/Bilberry_Type_Cover_01_LOD0.fbx,.fbx,598060,bd3b1bc21d5f09deca7b853571eefe81,ModelImporter:,,
Assets/ForestPrototype/Art/SectionFive/Bilberry_Type_Cover_01/FBX/Bilberry_Type_Cover_01_LOD1.fbx,.fbx,380716,ab9a169ba3df533d7a5d6454ec41eb22,ModelImporter:,,
Assets/ForestPrototype/Art/SectionFive/Bilberry_Type_Cover_01/FBX/Bilberry_Type_Cover_01_LOD2.fbx,.fbx,143516,a5546269986a68ae399ba199a96d0db4,ModelImporter:,,
Assets/ForestPrototype/Art/SectionFive/Bilberry_Type_Cover_01/Materials/Berry_Calyx.mat,.mat,3916,c46e9f93f2aaea883ac14da9c4604497,NativeFormatImporter:,,
Assets/ForestPrototype/Art/SectionFive/Bilberry_Type_Cover_01/Materials/Bilberry_Berries.mat,.mat,3922,b0092fda683221e1390bab4df47df7be,NativeFormatImporter:,,
Assets/ForestPrototype/Art/SectionFive/Bilberry_Type_Cover_01/Materials/Bilberry_Leaves.mat,.mat,4134,b446f0417f6f7b1cea52fa52ba26ca67,NativeFormatImporter:,,
Assets/ForestPrototype/Art/SectionFive/Bilberry_Type_Cover_01/Materials/Bilberry_Stems.mat,.mat,3918,445e0342789492d9d8a163436b476781,NativeFormatImporter:,,
Assets/ForestPrototype/Art/SectionFive/Bilberry_Type_Cover_01/Textures/Bilberry_Leaf_BaseColor.png,.png,344546,faef64c9fbaf6f40cbfaac720da31b28,TextureImporter:,2048,
Assets/ForestPrototype/Art/SectionFive/Bilberry_Type_Cover_01/Textures/Bilberry_Leaf_MetallicSmoothness.png,.png,6489,faf19a9272b393a9392def8e6a21293e,TextureImporter:,2048,
Assets/ForestPrototype/Art/SectionFive/Bilberry_Type_Cover_01/Textures/Bilberry_Leaf_Normal.png,.png,22413,c1d37a28c6ec411d796f26fcfbac61cb,TextureImporter:,2048,
Assets/ForestPrototype/Art/SectionFive/Bilberry_Type_Cover_01/Textures/Bilberry_Leaf_Roughness.png,.png,3158,cff42e702c682f075821ef8a7d677b2a,TextureImporter:,2048,
Assets/ForestPrototype/Art/SectionFive/Deadwood_Fungi_01/FBX/Deadwood_Bracket_Cluster_01_LOD0.fbx,.fbx,101036,995a36358efac99c9a9c63eb3b783962,ModelImporter:,,
Assets/ForestPrototype/Art/SectionFive/Deadwood_Fungi_01/FBX/Deadwood_Bracket_Cluster_01_LOD1.fbx,.fbx,54972,591a2986080ad5443a4582c4accec36f,ModelImporter:,,
Assets/ForestPrototype/Art/SectionFive/Deadwood_Fungi_01/FBX/Deadwood_Bracket_Cluster_01_LOD2.fbx,.fbx,40492,1956f5b0add9fa2a0aa4e2ca3d9b56db,ModelImporter:,,
Assets/ForestPrototype/Art/SectionFive/Deadwood_Fungi_01/FBX/Deadwood_Mushroom_Cluster_01_LOD0.fbx,.fbx,338908,30036ed482539739da218dd446193edd,ModelImporter:,,
Assets/ForestPrototype/Art/SectionFive/Deadwood_Fungi_01/FBX/Deadwood_Mushroom_Cluster_01_LOD1.fbx,.fbx,156652,3f4c9f1a195737bf8a957b67bae8e17b,ModelImporter:,,
Assets/ForestPrototype/Art/SectionFive/Deadwood_Fungi_01/FBX/Deadwood_Mushroom_Cluster_01_LOD2.fbx,.fbx,77916,7ea1fa8de932018bda756a474c4ee873,ModelImporter:,,
Assets/ForestPrototype/Art/SectionFive/Deadwood_Fungi_01/Materials/Bracket_Cap.mat,.mat,4100,6fe3b213c86d21c29807ea9d5e6a9ef1,NativeFormatImporter:,,
Assets/ForestPrototype/Art/SectionFive/Deadwood_Fungi_01/Materials/Bracket_Pores.mat,.mat,4102,475539f444a2e122daa906a91c02b09d,NativeFormatImporter:,,
Assets/ForestPrototype/Art/SectionFive/Deadwood_Fungi_01/Materials/Fungi_Cap.mat,.mat,4098,2ead2cc5adcf8de7ea60c0904acc59f3,NativeFormatImporter:,,
Assets/ForestPrototype/Art/SectionFive/Deadwood_Fungi_01/Materials/Fungi_Underside.mat,.mat,4105,8bcab9832fad5228d899d019d0d4906b,NativeFormatImporter:,,
Assets/ForestPrototype/Art/SectionFive/Deadwood_Fungi_01/Textures/Bracket_Cap_BaseColor.png,.png,489172,c5d816a8a889d1f38a9a9150486be7c3,TextureImporter:,2048,
Assets/ForestPrototype/Art/SectionFive/Deadwood_Fungi_01/Textures/Bracket_Cap_MetallicSmoothness.png,.png,6489,a37d3fab621d9f968936761a62b24686,TextureImporter:,2048,
Assets/ForestPrototype/Art/SectionFive/Deadwood_Fungi_01/Textures/Bracket_Cap_Normal.png,.png,175565,71b6a0c4153fddbe19238317b8a1c483,TextureImporter:,2048,
Assets/ForestPrototype/Art/SectionFive/Deadwood_Fungi_01/Textures/Bracket_Cap_Roughness.png,.png,3158,64c91072c84a2432f86be539d6e7e9bc,TextureImporter:,2048,
Assets/ForestPrototype/Art/SectionFive/Deadwood_Fungi_01/Textures/Bracket_Pores_BaseColor.png,.png,368500,4f82650e6b69606d7baa880bd17cdd88,TextureImporter:,2048,
Assets/ForestPrototype/Art/SectionFive/Deadwood_Fungi_01/Textures/Bracket_Pores_MetallicSmoothness.png,.png,6489,a7f4d99d9d1cccb358f02eecb2cd168a,TextureImporter:,2048,
Assets/ForestPrototype/Art/SectionFive/Deadwood_Fungi_01/Textures/Bracket_Pores_Normal.png,.png,139968,2c0b4bb94686b26c38bc96811eccf4eb,TextureImporter:,2048,
Assets/ForestPrototype/Art/SectionFive/Deadwood_Fungi_01/Textures/Bracket_Pores_Roughness.png,.png,3158,a4943408e6976bd188a93db471f7b3b8,TextureImporter:,2048,
Assets/ForestPrototype/Art/SectionFive/Deadwood_Fungi_01/Textures/Fungi_Cap_BaseColor.png,.png,548836,32e78a111780b7fbc84cda869cdce383,TextureImporter:,2048,
Assets/ForestPrototype/Art/SectionFive/Deadwood_Fungi_01/Textures/Fungi_Cap_MetallicSmoothness.png,.png,6489,b85f53a6c304a6d09b861eb090cbf75c,TextureImporter:,2048,
Assets/ForestPrototype/Art/SectionFive/Deadwood_Fungi_01/Textures/Fungi_Cap_Normal.png,.png,192922,0809320081b571f53a057bf586030176,TextureImporter:,2048,
Assets/ForestPrototype/Art/SectionFive/Deadwood_Fungi_01/Textures/Fungi_Cap_Roughness.png,.png,3158,a9b0bab7c60518e979f305b75e3d52d9,TextureImporter:,2048,
Assets/ForestPrototype/Art/SectionFive/Deadwood_Fungi_01/Textures/Fungi_Underside_BaseColor.png,.png,627265,00ce1feb289c76a2e97e130d6ccb8336,TextureImporter:,2048,
Assets/ForestPrototype/Art/SectionFive/Deadwood_Fungi_01/Textures/Fungi_Underside_MetallicSmoothness.png,.png,6489,d4dc892554537a6489527f91c247f8fb,TextureImporter:,2048,
Assets/ForestPrototype/Art/SectionFive/Deadwood_Fungi_01/Textures/Fungi_Underside_Normal.png,.png,414513,53439eb20112b945eb316e4fa973c003,TextureImporter:,2048,
Assets/ForestPrototype/Art/SectionFive/Deadwood_Fungi_01/Textures/Fungi_Underside_Roughness.png,.png,3158,235e62257cdd83fddba538b10fe026a4,TextureImporter:,2048,
Assets/ForestPrototype/Art/SectionFive/Forest_Floor_Detail/FBX/Beech_LeafLitter_Patch_01_LOD0.fbx,.fbx,61084,59544841b46742927bec22b5c7ea99dc,ModelImporter:,,
Assets/ForestPrototype/Art/SectionFive/Forest_Floor_Detail/FBX/Beech_LeafLitter_Patch_01_LOD1.fbx,.fbx,49036,7b2f70bf2b55b91f08a618cb2e9db6cb,ModelImporter:,,
Assets/ForestPrototype/Art/SectionFive/Forest_Floor_Detail/FBX/Beech_LeafLitter_Patch_01_LOD2.fbx,.fbx,31132,2961d3872eae0235ca95444ef0822060,ModelImporter:,,
Assets/ForestPrototype/Art/SectionFive/Forest_Floor_Detail/FBX/Mixed_LeafLitter_Patch_01_LOD0.fbx,.fbx,61196,bd72b169008b832c2901774030202231,ModelImporter:,,
Assets/ForestPrototype/Art/SectionFive/Forest_Floor_Detail/FBX/Mixed_LeafLitter_Patch_01_LOD1.fbx,.fbx,49116,34ad84c527197bb569beaf7e0bfdbc4e,ModelImporter:,,
Assets/ForestPrototype/Art/SectionFive/Forest_Floor_Detail/FBX/Mixed_LeafLitter_Patch_01_LOD2.fbx,.fbx,31116,8ab9b4ef219b0991da1400922ed2c839,ModelImporter:,,
Assets/ForestPrototype/Art/SectionFive/Forest_Floor_Detail/FBX/Oak_LeafLitter_Patch_01_LOD0.fbx,.fbx,61100,0e278b13ce50c7da7803e56835eff447,ModelImporter:,,
Assets/ForestPrototype/Art/SectionFive/Forest_Floor_Detail/FBX/Oak_LeafLitter_Patch_01_LOD1.fbx,.fbx,48972,84da296831b8c8bcda6472cbc9a8197b,ModelImporter:,,
Assets/ForestPrototype/Art/SectionFive/Forest_Floor_Detail/FBX/Oak_LeafLitter_Patch_01_LOD2.fbx,.fbx,31052,bc98a74a44a510b07a3619d836ddf66b,ModelImporter:,,
Assets/ForestPrototype/Art/SectionFive/Forest_Floor_Detail/FBX/Small_Deadwood_Scatter_01_LOD0.fbx,.fbx,98716,4be2b26cf4f99f7cc845771c44d0b390,ModelImporter:,,
Assets/ForestPrototype/Art/SectionFive/Forest_Floor_Detail/FBX/Small_Deadwood_Scatter_01_LOD1.fbx,.fbx,76332,95cdaf69e2a22fd98acd856eaccb8d73,ModelImporter:,,
Assets/ForestPrototype/Art/SectionFive/Forest_Floor_Detail/FBX/Small_Deadwood_Scatter_01_LOD2.fbx,.fbx,31548,c76b08778f14f2b79a964bb5930b879a,ModelImporter:,,
Assets/ForestPrototype/Art/SectionFive/Forest_Floor_Detail/FBX/Small_Deadwood_Scatter_02_LOD0.fbx,.fbx,98716,c30c93bd22a781ad9afbf122b2a3a8e4,ModelImporter:,,
Assets/ForestPrototype/Art/SectionFive/Forest_Floor_Detail/FBX/Small_Deadwood_Scatter_02_LOD1.fbx,.fbx,76316,6eb27ab5ad387724a8a9e4d9aa0ba028,ModelImporter:,,
Assets/ForestPrototype/Art/SectionFive/Forest_Floor_Detail/FBX/Small_Deadwood_Scatter_02_LOD2.fbx,.fbx,31532,6134090ed85670e1d803277f9614a202,ModelImporter:,,
Assets/ForestPrototype/Art/SectionFive/Forest_Floor_Detail/Materials/Broadleaf_Litter.mat,.mat,4036,2756ebdd2299845d68f0bd8ea8128d64,NativeFormatImporter:,,
Assets/ForestPrototype/Art/SectionFive/Forest_Floor_Detail/Materials/Small_Deadwood.mat,.mat,4008,8ea8ab1716b682c4db704b68dfa16bb6,NativeFormatImporter:,,
Assets/ForestPrototype/Art/SectionFive/Forest_Floor_Detail/Textures/Broadleaf_Litter_BaseColorAlpha_v2.png,.png,1429865,8e4d8703e2603272fa78a13c29b79dcc,TextureImporter:,2048,
Assets/ForestPrototype/Art/SectionFive/Forest_Floor_Detail/Textures/Woodland_DecayedWood_Albedo.png,.png,1353249,57920fa337a4dd508929de21cbe7fe51,TextureImporter:,2048,
Assets/ForestPrototype/Art/SectionFive/Ground_Moss_Flat_01/FBX/Ground_Moss_Patch_01_LOD0.fbx,.fbx,475900,87cc9520d8e07f2c4b879b4f675a3c95,ModelImporter:,,
Assets/ForestPrototype/Art/SectionFive/Ground_Moss_Flat_01/FBX/Ground_Moss_Patch_01_LOD1.fbx,.fbx,122364,a389535977f6ccfe2a2db80d01537249,ModelImporter:,,
Assets/ForestPrototype/Art/SectionFive/Ground_Moss_Flat_01/FBX/Ground_Moss_Patch_01_LOD2.fbx,.fbx,27228,6eb9aedabfee1d121a0374fac2f15620,ModelImporter:,,
Assets/ForestPrototype/Art/SectionFive/Ground_Moss_Flat_01/Materials/Ground_Moss.mat,.mat,4130,137c1f285cd1da85cbaff2ab20da1aad,NativeFormatImporter:,,
Assets/ForestPrototype/Art/SectionFive/Ground_Moss_Flat_01/Textures/Ground_Moss_BaseColorAlpha.png,.png,4127250,9b7525e504f2ad30bb726bf5378d82e9,TextureImporter:,2048,
Assets/ForestPrototype/Art/SectionFive/Ground_Moss_Flat_01/Textures/Ground_Moss_Height_Source.png,.png,1961255,09bbb025ebe397085bc5a1e65caf926b,TextureImporter:,2048,
Assets/ForestPrototype/Art/SectionFive/Ground_Moss_Flat_01/Textures/Ground_Moss_MetallicSmoothness.png,.png,948897,ba001f9b5e55430f2a4437c4bb06575b,TextureImporter:,2048,
Assets/ForestPrototype/Art/SectionFive/Ground_Moss_Flat_01/Textures/Ground_Moss_Normal.png,.png,4551537,6ead0b488ec2976d1903df00d48f39e1,TextureImporter:,2048,
Assets/ForestPrototype/Art/SectionFive/Ground_Moss_Flat_01/Textures/Ground_Moss_Roughness.png,.png,685870,39676fc198707f30e90c16aef8c11bb6,TextureImporter:,2048,
Assets/ForestPrototype/Art/SectionFive/Ground_Moss_Shoots_03/FBX/Ground_Moss_ShootMat_03_LOD0.fbx,.fbx,2191036,1fb1ec25875dc1c1ea1ddb8bf3c2eb39,ModelImporter:,,
Assets/ForestPrototype/Art/SectionFive/Ground_Moss_Shoots_03/FBX/Ground_Moss_ShootMat_03_LOD1.fbx,.fbx,467244,a2cbd81b67800cb418690ad1e9e9d1f7,ModelImporter:,,
Assets/ForestPrototype/Art/SectionFive/Ground_Moss_Shoots_03/FBX/Ground_Moss_ShootMat_03_LOD2.fbx,.fbx,181004,bb11da3a00e3568e39baa61fe8230126,ModelImporter:,,
Assets/ForestPrototype/Art/SectionFive/Ground_Moss_Shoots_03/Materials/Moss_3D_Tuft_Crowns.mat,.mat,4194,185e7a9bf05c9eeac87bb32aaa0bf8da,NativeFormatImporter:,,
Assets/ForestPrototype/Art/SectionFive/Ground_Moss_Shoots_03/Materials/Moss_3D_Tuft_Sprites.mat,.mat,4194,a70b4ce3fd39f0d79b33bffff82435d5,NativeFormatImporter:,,
Assets/ForestPrototype/Art/SectionFive/Ground_Moss_Shoots_03/Materials/Moss_Shoot_DryAccent.mat,.mat,3958,eaa9e805107826ec48e75312bd428f75,NativeFormatImporter:,,
Assets/ForestPrototype/Art/SectionFive/Ground_Moss_Shoots_03/Materials/Moss_Shoot_Leaf.mat,.mat,3952,de49b26eea5bebae5860ae03dba4ef37,NativeFormatImporter:,,
Assets/ForestPrototype/Art/SectionFive/Ground_Moss_Shoots_03/Materials/Moss_Shoot_Stem.mat,.mat,3952,e87c26fbd2b4822dbb246dcab65b190c,NativeFormatImporter:,,
Assets/ForestPrototype/Art/SectionFive/Ground_Moss_Shoots_03/Materials/Moss_Shoot_Tip.mat,.mat,3951,dcc7bc44f3825152e97b02d549794975,NativeFormatImporter:,,
Assets/ForestPrototype/Art/SectionFive/Ground_Moss_Shoots_03/Textures/Moss_Crown_Atlas_BaseColorAlpha.png,.png,1742180,3fcdd6850d4ac9b4e9f9e8c5efcbcd69,TextureImporter:,2048,
Assets/ForestPrototype/Art/SectionFive/Ground_Moss_Shoots_03/Textures/Moss_Crown_Atlas_Normal.png,.png,1566002,2906060aa6ae47e0590f82622e380655,TextureImporter:,2048,
Assets/ForestPrototype/Art/SectionFive/Ground_Moss_Shoots_03/Textures/Moss_Tuft_Atlas_BaseColorAlpha.png,.png,1761582,c2d17a6f82e992f508164ee3daa8acf6,TextureImporter:,2048,
Assets/ForestPrototype/Art/SectionFive/Ground_Moss_Shoots_03/Textures/Moss_Tuft_Atlas_Normal.png,.png,1552766,504ba41aad6a182bbad307faa4554d49,TextureImporter:,2048,
Assets/ForestPrototype/Art/SectionFive/Ground_Moss_Shoots_03/Textures/Moss_Tuft_MetallicSmoothness.png,.png,21239,9413ac06cfcf2cfda8d1371fbe87b37c,TextureImporter:,2048,
Assets/ForestPrototype/Art/SectionFive/Ground_Moss_Shoots_03/Textures/Moss_Tuft_Roughness.png,.png,8534,c395a46f51e77ae368ba157572d71bb4,TextureImporter:,2048,
Assets/ForestPrototype/Art/SectionFive/SS_Bent_Refined_Set/FBX/SS_Defect_Bent_Mature_02_LOD0.fbx,.fbx,2083532,c4c592fd141bba8489b89cac93f7ebbb,ModelImporter:,,
Assets/ForestPrototype/Art/SectionFive/SS_Bent_Refined_Set/FBX/SS_Defect_Bent_Mature_02_LOD1.fbx,.fbx,1083100,e3f90ee2a1204db33bbd7cdb58c38c5f,ModelImporter:,,
Assets/ForestPrototype/Art/SectionFive/SS_Bent_Refined_Set/FBX/SS_Defect_Bent_Mature_02_LOD2.fbx,.fbx,399516,d645bffda5954a44eb80d37c84825a37,ModelImporter:,,
Assets/ForestPrototype/Art/SectionFive/SS_Bent_Refined_Set/FBX/SS_Defect_Bent_PostMature_02_LOD0.fbx,.fbx,2321708,d6248f6716ba0f019bd23af3d65ae156,ModelImporter:,,
Assets/ForestPrototype/Art/SectionFive/SS_Bent_Refined_Set/FBX/SS_Defect_Bent_PostMature_02_LOD1.fbx,.fbx,1206812,9886141d36a7f7440b95792624da232f,ModelImporter:,,
Assets/ForestPrototype/Art/SectionFive/SS_Bent_Refined_Set/FBX/SS_Defect_Bent_PostMature_02_LOD2.fbx,.fbx,442428,da69de821bd5ef797accc7f473023482,ModelImporter:,,
Assets/ForestPrototype/Art/SectionFive/SS_Bent_Refined_Set/FBX/SS_Defect_Bent_Young_02_LOD0.fbx,.fbx,1230316,c638f5c6388492905b0ad90a9ce6ee19,ModelImporter:,,
Assets/ForestPrototype/Art/SectionFive/SS_Bent_Refined_Set/FBX/SS_Defect_Bent_Young_02_LOD1.fbx,.fbx,647804,b7bda310f86e41240b877cf07a7cdbde,ModelImporter:,,
Assets/ForestPrototype/Art/SectionFive/SS_Bent_Refined_Set/FBX/SS_Defect_Bent_Young_02_LOD2.fbx,.fbx,244012,8683b8a38218e4fd980687beeb20bf8e,ModelImporter:,,
Assets/ForestPrototype/Art/SectionFive/SS_Bent_Refined_Set/Materials/SS_Benchmark_Bark.mat,.mat,4079,6900f66e3d2bc05d583b1d908176f82b,NativeFormatImporter:,,
Assets/ForestPrototype/Art/SectionFive/SS_Bent_Refined_Set/Materials/SS_Benchmark_Needles.mat,.mat,4041,29c08419e636871d1bebb842560e64d7,NativeFormatImporter:,,
Assets/ForestPrototype/Art/SectionFive/SS_Bent_Refined_Set/Textures/Sitka_Bark_BaseColor_v2.png,.png,3813680,5c8f1123d0ba927f4a15a48b5b38dd73,TextureImporter:,2048,
Assets/ForestPrototype/Art/SectionFive/SS_Bent_Refined_Set/Textures/Sitka_Bark_MetallicSmoothness_v2.png,.png,202,b5287ba83c12c703991915addc16a410,TextureImporter:,2048,
Assets/ForestPrototype/Art/SectionFive/SS_Bent_Refined_Set/Textures/Sitka_Bark_Normal_v2.png,.png,59505,5ee99d734e3da76ebaf45f0b1b413e2e,TextureImporter:,2048,
Assets/ForestPrototype/Art/SectionFive/SS_Bent_Refined_Set/Textures/Sitka_Bark_Roughness_v2.png,.png,231,eb096391f8583e92f8917733c85cbc9c,TextureImporter:,2048,
Assets/ForestPrototype/Art/SectionFive/SS_Bent_Refined_Set/Textures/Sitka_CutWood_BaseColor.png,.png,730195,b6f05d463813f215883ed1ad26abd6d4,TextureImporter:,2048,
Assets/ForestPrototype/Art/SectionFive/SS_Bent_Refined_Set/Textures/Sitka_NeedleSprigs_BaseColorAlpha.png,.png,4639024,3fa4f018870d489a3a364bc9db46a2cb,TextureImporter:,2048,
Assets/ForestPrototype/Art/SectionFive/SS_Cavity_Refined_Set/FBX/SS_Defect_Cavity_Mature_02_LOD0.fbx,.fbx,2219420,b2f6a8308a38334c2b9c2f23213c5a95,ModelImporter:,,
Assets/ForestPrototype/Art/SectionFive/SS_Cavity_Refined_Set/FBX/SS_Defect_Cavity_Mature_02_LOD1.fbx,.fbx,1160364,a3c06090170e07154be0965f81ef3a28,ModelImporter:,,
Assets/ForestPrototype/Art/SectionFive/SS_Cavity_Refined_Set/FBX/SS_Defect_Cavity_Mature_02_LOD2.fbx,.fbx,434060,aa55dfbbcc9585d6db4ebf0d403953d4,ModelImporter:,,
Assets/ForestPrototype/Art/SectionFive/SS_Cavity_Refined_Set/FBX/SS_Defect_Cavity_PostMature_02_LOD0.fbx,.fbx,2356764,d0fc43c1e736d03bea3a8dcb20aa49d5,ModelImporter:,,
Assets/ForestPrototype/Art/SectionFive/SS_Cavity_Refined_Set/FBX/SS_Defect_Cavity_PostMature_02_LOD1.fbx,.fbx,1234156,a1a4267eb13dcaf3396c4164960b82eb,ModelImporter:,,
Assets/ForestPrototype/Art/SectionFive/SS_Cavity_Refined_Set/FBX/SS_Defect_Cavity_PostMature_02_LOD2.fbx,.fbx,458492,c2f0feb414932821c914642f58c06190,ModelImporter:,,
Assets/ForestPrototype/Art/SectionFive/SS_Cavity_Refined_Set/FBX/SS_Defect_Cavity_Young_02_LOD0.fbx,.fbx,1179260,4e4f3ba32ca88f930806479ff892fb04,ModelImporter:,,
Assets/ForestPrototype/Art/SectionFive/SS_Cavity_Refined_Set/FBX/SS_Defect_Cavity_Young_02_LOD1.fbx,.fbx,625708,8a1ee05e159cd581abed3724aa4793bf,ModelImporter:,,
Assets/ForestPrototype/Art/SectionFive/SS_Cavity_Refined_Set/FBX/SS_Defect_Cavity_Young_02_LOD2.fbx,.fbx,243052,4c9c8a961e2994f9cbd071340ddbbb37,ModelImporter:,,
Assets/ForestPrototype/Art/SectionFive/SS_Cavity_Refined_Set/Materials/SS_Benchmark_Bark.mat,.mat,4078,d92c762f69181e503b526c1c1702fdc5,NativeFormatImporter:,,
Assets/ForestPrototype/Art/SectionFive/SS_Cavity_Refined_Set/Materials/SS_Benchmark_Needles.mat,.mat,4041,342d97eb259c16fd6afe3601b5004ef2,NativeFormatImporter:,,
Assets/ForestPrototype/Art/SectionFive/SS_Cavity_Refined_Set/Materials/SS_Cavity_DecayedWood.mat,.mat,4014,782d5ffd7220366de88e426ba581289f,NativeFormatImporter:,,
Assets/ForestPrototype/Art/SectionFive/SS_Cavity_Refined_Set/Textures/Sitka_Bark_BaseColor_v2.png,.png,3813680,5167e531a0b9ac36b8e9d14c471b7761,TextureImporter:,2048,
Assets/ForestPrototype/Art/SectionFive/SS_Cavity_Refined_Set/Textures/Sitka_Bark_MetallicSmoothness_v2.png,.png,202,1738976ff744c51c9957b99ef858cc24,TextureImporter:,2048,
Assets/ForestPrototype/Art/SectionFive/SS_Cavity_Refined_Set/Textures/Sitka_Bark_Normal_v2.png,.png,59505,ca4e4987d7828cb50abafc96b2bb90f4,TextureImporter:,2048,
Assets/ForestPrototype/Art/SectionFive/SS_Cavity_Refined_Set/Textures/Sitka_Bark_Roughness_v2.png,.png,231,2e78760935ed6fa8680f67e90c0d4ac9,TextureImporter:,2048,
Assets/ForestPrototype/Art/SectionFive/SS_Cavity_Refined_Set/Textures/Sitka_Cavity_DecayedWood_BaseColor.png,.png,1531222,12c00503e38486c05b971b5231f892f9,TextureImporter:,2048,
Assets/ForestPrototype/Art/SectionFive/SS_Cavity_Refined_Set/Textures/Sitka_CutWood_BaseColor.png,.png,730195,3d9a8af20ad3fc16dbc9d1fca13cf9c1,TextureImporter:,2048,
Assets/ForestPrototype/Art/SectionFive/SS_Cavity_Refined_Set/Textures/Sitka_NeedleSprigs_BaseColorAlpha.png,.png,4639024,b6713167436092e68b580fd4fc8159fa,TextureImporter:,2048,
Assets/ForestPrototype/Art/SectionFive/Tree_Variation_Additions/Beech_Sapling_01/Beech_Sapling_01_LOD0.fbx,.fbx,67036,20096f7779586525eba0cf3e652fdcf0,ModelImporter:,,
Assets/ForestPrototype/Art/SectionFive/Tree_Variation_Additions/Beech_Sapling_01/Beech_Sapling_01_LOD1.fbx,.fbx,52508,d25087cc80b54ea209f0c492d6713794,ModelImporter:,,
Assets/ForestPrototype/Art/SectionFive/Tree_Variation_Additions/Beech_Sapling_01/Beech_Sapling_01_LOD2.fbx,.fbx,42524,3022e2545bd0a1d498db564075a0c75d,ModelImporter:,,
Assets/ForestPrototype/Art/SectionFive/Tree_Variation_Additions/Materials/Beech_Bark.mat,.mat,4002,25b3a0173f30a577383233ce91cf9334,NativeFormatImporter:,,
Assets/ForestPrototype/Art/SectionFive/Tree_Variation_Additions/Materials/Beech_Leaves.mat,.mat,3951,7c9327ce158a2ca1bbdb3d1a52e1adb3,NativeFormatImporter:,,
Assets/ForestPrototype/Art/SectionFive/Tree_Variation_Additions/Textures/Beech_Bark_Albedo.png,.png,3790211,9e2e5befc3d0d5217a2b6c82e780b346,TextureImporter:,2048,
Assets/ForestPrototype/Art/SectionFive/Tree_Variation_Additions/Textures/Oak_Bark_Albedo.png,.png,1381439,abc08c532d3d60fcf951e42d01f8a8e6,TextureImporter:,2048,
Assets/ForestPrototype/Art/SectionFive/Tree_Variation_Additions/Textures/Sitka_Bark_Albedo.png,.png,1806279,7a3f25b1c5b2332e8aa3170493fc9ba7,TextureImporter:,2048,
Assets/ForestPrototype/Art/SectionFive/Tree_Variation_Additions/Textures/Sitka_Needles_Albedo.png,.png,2612587,204caf6fa4878ed85a3b1844b0c75f0f,TextureImporter:,2048,
Assets/ForestPrototype/Art/SectionFive/Woodland_Assets/Bracken_Clump_01/Bracken_Clump_01_LOD0.fbx,.fbx,338284,5575d39fb0445e4daa120afb8e682cb6,ModelImporter:,,
Assets/ForestPrototype/Art/SectionFive/Woodland_Assets/Bracken_Clump_01/Bracken_Clump_01_LOD1.fbx,.fbx,142236,a33f65877252d6681b9ee78301dd4f74,ModelImporter:,,
Assets/ForestPrototype/Art/SectionFive/Woodland_Assets/Bracken_Clump_01/Bracken_Clump_01_LOD2.fbx,.fbx,54316,7f934f883d17f5768ab27a8a13f7a594,ModelImporter:,,
Assets/ForestPrototype/Art/SectionFive/Woodland_Assets/Bramble_Clump_01/Bramble_Clump_01_LOD0.fbx,.fbx,211772,d90bc51d9ed68420ca3188c2b5b9ae25,ModelImporter:,,
Assets/ForestPrototype/Art/SectionFive/Woodland_Assets/Bramble_Clump_01/Bramble_Clump_01_LOD1.fbx,.fbx,65036,3c116066fcf10672cbf7b1b47c50d2d4,ModelImporter:,,
Assets/ForestPrototype/Art/SectionFive/Woodland_Assets/Bramble_Clump_01/Bramble_Clump_01_LOD2.fbx,.fbx,33180,8ad83fb1e777a4c34990c3ca9a22a198,ModelImporter:,,
Assets/ForestPrototype/Art/SectionFive/Woodland_Assets/Materials/Bracken_Stem.mat,.mat,3950,2f263634c691e8d61892504a2b9a4e08,NativeFormatImporter:,,
Assets/ForestPrototype/Art/SectionFive/Woodland_Assets/Materials/Bramble_Cane.mat,.mat,3953,a4bf280e5fe7ec70cbf682cedcbc80c1,NativeFormatImporter:,,
Assets/ForestPrototype/Art/SectionFive/Woodland_Assets/Materials/Dark_Interior.mat,.mat,3943,77c0e63666a2977ad91e6228eee26a73,NativeFormatImporter:,,
Assets/ForestPrototype/Art/SectionFive/Woodland_Assets/Materials/Decayed_Wood.mat,.mat,4005,2198ed6c87cf0e82b85b4bde9971bead,NativeFormatImporter:,,
Assets/ForestPrototype/Art/SectionFive/Woodland_Assets/Materials/Fern_Leaf.mat,.mat,4002,33eeb824ebab1d7189f2dfd84338ab10,NativeFormatImporter:,,
Assets/ForestPrototype/Art/SectionFive/Woodland_Assets/Materials/Fresh_Endgrain.mat,.mat,4007,ace5065044e55d03ba56dcbc66e2baef,NativeFormatImporter:,,
Assets/ForestPrototype/Art/SectionFive/Woodland_Assets/Materials/Moss.mat,.mat,3997,84008f6202ad1a841bafef178a7d2271,NativeFormatImporter:,,
Assets/ForestPrototype/Art/SectionFive/Woodland_Assets/Materials/Sitka_Bark.mat,.mat,4003,c1e5e667845e9fba894156a60ff91826,NativeFormatImporter:,,
Assets/ForestPrototype/Art/SectionFive/Woodland_Assets/Moss_Deadwood_Patch_01/Moss_Deadwood_Patch_01_LOD0.fbx,.fbx,93580,306fa250e630aa2d1a980b899ec35c38,ModelImporter:,,
Assets/ForestPrototype/Art/SectionFive/Woodland_Assets/Moss_Deadwood_Patch_01/Moss_Deadwood_Patch_01_LOD1.fbx,.fbx,66764,c785d01d0408e335780f9df41afa155e,ModelImporter:,,
Assets/ForestPrototype/Art/SectionFive/Woodland_Assets/Moss_Deadwood_Patch_01/Moss_Deadwood_Patch_01_LOD2.fbx,.fbx,48188,fc5c42e5bc27fb9f3baf06979de74211,ModelImporter:,,
Assets/ForestPrototype/Art/SectionFive/Woodland_Assets/SS_Log_Decayed_01/SS_Log_Decayed_01_LOD0.fbx,.fbx,61372,3b5f994daacc4f1339dcfc928dde4829,ModelImporter:,,
Assets/ForestPrototype/Art/SectionFive/Woodland_Assets/SS_Log_Decayed_01/SS_Log_Decayed_01_LOD1.fbx,.fbx,42332,656aba9855abdae168d4b5948d3840cf,ModelImporter:,,
Assets/ForestPrototype/Art/SectionFive/Woodland_Assets/SS_Log_Decayed_01/SS_Log_Decayed_01_LOD2.fbx,.fbx,31372,8131948265b754b558e35e8c2ce77201,ModelImporter:,,
Assets/ForestPrototype/Art/SectionFive/Woodland_Assets/SS_Log_Fresh_01/SS_Log_Fresh_01_LOD0.fbx,.fbx,37228,61fe0d90a978440c99bed785b493c5e3,ModelImporter:,,
Assets/ForestPrototype/Art/SectionFive/Woodland_Assets/SS_Log_Fresh_01/SS_Log_Fresh_01_LOD1.fbx,.fbx,30172,9c9ca70bb00f6e45da8f073e963193c3,ModelImporter:,,
Assets/ForestPrototype/Art/SectionFive/Woodland_Assets/SS_Log_Fresh_01/SS_Log_Fresh_01_LOD2.fbx,.fbx,25644,6a1ab6a58446e6938924bbd5d50bde9a,ModelImporter:,,
Assets/ForestPrototype/Art/SectionFive/Woodland_Assets/SS_Stump_01/SS_Stump_01_LOD0.fbx,.fbx,34620,c07c9db62e0499ed48e0bbdb44f84734,ModelImporter:,,
Assets/ForestPrototype/Art/SectionFive/Woodland_Assets/SS_Stump_01/SS_Stump_01_LOD1.fbx,.fbx,30956,181c036e5f31ab2f888e417918b5df07,ModelImporter:,,
Assets/ForestPrototype/Art/SectionFive/Woodland_Assets/SS_Stump_01/SS_Stump_01_LOD2.fbx,.fbx,28492,6d0a1a01c8c36a238b2c6c20270bd789,ModelImporter:,,
Assets/ForestPrototype/Art/SectionFive/Woodland_Assets/ShadeFern_Clump_01/ShadeFern_Clump_01_LOD0.fbx,.fbx,118428,5b6c188f40b635d7990ffb8cec504bc4,ModelImporter:,,
Assets/ForestPrototype/Art/SectionFive/Woodland_Assets/ShadeFern_Clump_01/ShadeFern_Clump_01_LOD1.fbx,.fbx,63516,386d6fab2918b1c50bb851b692963678,ModelImporter:,,
Assets/ForestPrototype/Art/SectionFive/Woodland_Assets/ShadeFern_Clump_01/ShadeFern_Clump_01_LOD2.fbx,.fbx,34748,885fd2b8e62eabb02a2a73ccc60b1805,ModelImporter:,,
Assets/ForestPrototype/Art/SectionFive/Woodland_Assets/Textures/Woodland_DecayedWood_Albedo.png,.png,1353249,d67a73a7a7a71dcc88ed1d06cdc9137e,TextureImporter:,2048,
Assets/ForestPrototype/Art/SectionFive/Woodland_Assets/Textures/Woodland_Endgrain_Albedo.png,.png,1195804,8934af0275fefb766bc507988b6ecc2e,TextureImporter:,2048,
Assets/ForestPrototype/Art/SectionFive/Woodland_Assets/Textures/Woodland_Leaf_Albedo.png,.png,1239142,aff98d011ef05888ba36f1386dca3660,TextureImporter:,2048,
Assets/ForestPrototype/Art/SectionFive/Woodland_Assets/Textures/Woodland_Moss_Albedo.png,.png,1168136,fa4c092db132ac2729014ba0ec80aa11,TextureImporter:,2048,
Assets/ForestPrototype/Art/SectionFive/Woodland_Assets/Textures/Woodland_Sitka_Bark_Albedo.png,.png,1241483,8e30b4541a22ab664a8962cc6951b8d8,TextureImporter:,2048,
Assets/ForestPrototype/Art/SectionFive/Woodland_Forbs_01/FBX/Woodland_Forb_Flowering_01_LOD0.fbx,.fbx,174764,cf574f5ef612b4752914dc06291e0d8c,ModelImporter:,,
Assets/ForestPrototype/Art/SectionFive/Woodland_Forbs_01/FBX/Woodland_Forb_Flowering_01_LOD1.fbx,.fbx,122748,1e63dce8e0e33808d983e4a87348dd5c,ModelImporter:,,
Assets/ForestPrototype/Art/SectionFive/Woodland_Forbs_01/FBX/Woodland_Forb_Flowering_01_LOD2.fbx,.fbx,78924,358d0422b51eaabb3acabd043746e096,ModelImporter:,,
Assets/ForestPrototype/Art/SectionFive/Woodland_Forbs_01/FBX/Woodland_Forb_Rosette_01_LOD0.fbx,.fbx,112204,14ba8ad469b34e1adb321cc3a65f6f62,ModelImporter:,,
Assets/ForestPrototype/Art/SectionFive/Woodland_Forbs_01/FBX/Woodland_Forb_Rosette_01_LOD1.fbx,.fbx,86860,650ac0e2a8614beaaa21b5b9e49f79a0,ModelImporter:,,
Assets/ForestPrototype/Art/SectionFive/Woodland_Forbs_01/FBX/Woodland_Forb_Rosette_01_LOD2.fbx,.fbx,50700,a56e2d14ca8acdf4fbf235c02bafbb9b,ModelImporter:,,
Assets/ForestPrototype/Art/SectionFive/Woodland_Forbs_01/Materials/Forb_Flower_Centre.mat,.mat,3921,1b515d4b4b93902128da621df2d07fd3,NativeFormatImporter:,,
Assets/ForestPrototype/Art/SectionFive/Woodland_Forbs_01/Materials/Forb_Leaves.mat,.mat,4130,b5799c333fa8012dbb1d0060b08206de,NativeFormatImporter:,,
Assets/ForestPrototype/Art/SectionFive/Woodland_Forbs_01/Materials/Forb_Petals.mat,.mat,3912,1279b7f2de2703a56aa026115a2f01c4,NativeFormatImporter:,,
Assets/ForestPrototype/Art/SectionFive/Woodland_Forbs_01/Materials/Forb_Stems.mat,.mat,3911,819c048843d8166239a3e33d543af890,NativeFormatImporter:,,
Assets/ForestPrototype/Art/SectionFive/Woodland_Forbs_01/Textures/Woodland_Forb_Leaf_BaseColor.png,.png,302199,06dab503099a8e602b514aa6f0410b02,TextureImporter:,2048,
Assets/ForestPrototype/Art/SectionFive/Woodland_Forbs_01/Textures/Woodland_Forb_Leaf_MetallicSmoothness.png,.png,6489,4dd8d6dc0c91a8e86a08dc4cc54ed746,TextureImporter:,2048,
Assets/ForestPrototype/Art/SectionFive/Woodland_Forbs_01/Textures/Woodland_Forb_Leaf_Normal.png,.png,22413,a26cfd5c843854b16b8f523ba05b1f83,TextureImporter:,2048,
Assets/ForestPrototype/Art/SectionFive/Woodland_Forbs_01/Textures/Woodland_Forb_Leaf_Roughness.png,.png,3158,8aac42307465c4430bcf438a95558dd1,TextureImporter:,2048,
Assets/ForestPrototype/Art/SectionFive/Woodland_Grass_Rush/FBX/Woodland_Grass_Tuft_01_LOD0.fbx,.fbx,74300,57283a1a5fdb70ad19adda25f15564a7,ModelImporter:,,
Assets/ForestPrototype/Art/SectionFive/Woodland_Grass_Rush/FBX/Woodland_Grass_Tuft_01_LOD1.fbx,.fbx,38092,800cb47c10524402a8c070c183c41a45,ModelImporter:,,
Assets/ForestPrototype/Art/SectionFive/Woodland_Grass_Rush/FBX/Woodland_Grass_Tuft_01_LOD2.fbx,.fbx,23516,42d837dc6a5de1cc3b7fd58ecc6a3c6b,ModelImporter:,,
Assets/ForestPrototype/Art/SectionFive/Woodland_Grass_Rush/FBX/Woodland_Grass_Tuft_02_LOD0.fbx,.fbx,88172,d970887ef2d410dd39fd0ead5c7feb17,ModelImporter:,,
Assets/ForestPrototype/Art/SectionFive/Woodland_Grass_Rush/FBX/Woodland_Grass_Tuft_02_LOD1.fbx,.fbx,42476,082ada6df45e21109beb2ddd91a745b5,ModelImporter:,,
Assets/ForestPrototype/Art/SectionFive/Woodland_Grass_Rush/FBX/Woodland_Grass_Tuft_02_LOD2.fbx,.fbx,24060,15a6650e983d8f6799c879e30edbbe6c,ModelImporter:,,
Assets/ForestPrototype/Art/SectionFive/Woodland_Grass_Rush/FBX/Woodland_Grass_Tuft_03_LOD0.fbx,.fbx,103980,e834cb59b2ea8652b9d1917a5e0b68c3,ModelImporter:,,
Assets/ForestPrototype/Art/SectionFive/Woodland_Grass_Rush/FBX/Woodland_Grass_Tuft_03_LOD1.fbx,.fbx,47116,8c4215b4f72c82b2481f4b44f606cbd4,ModelImporter:,,
Assets/ForestPrototype/Art/SectionFive/Woodland_Grass_Rush/FBX/Woodland_Grass_Tuft_03_LOD2.fbx,.fbx,24588,47a790f80da6f52ee8f94810988359fa,ModelImporter:,,
Assets/ForestPrototype/Art/SectionFive/Woodland_Grass_Rush/FBX/Woodland_Rush_Clump_01_LOD0.fbx,.fbx,242028,5dd2b8b6e93cb927ca854c75de373915,ModelImporter:,,
Assets/ForestPrototype/Art/SectionFive/Woodland_Grass_Rush/FBX/Woodland_Rush_Clump_01_LOD1.fbx,.fbx,74300,f8914436a41af6fc3b3891ab6c38fd07,ModelImporter:,,
Assets/ForestPrototype/Art/SectionFive/Woodland_Grass_Rush/FBX/Woodland_Rush_Clump_01_LOD2.fbx,.fbx,26252,33464133ae6f3c18abff7b7f9339afb7,ModelImporter:,,
Assets/ForestPrototype/Art/SectionFive/Woodland_Grass_Rush/FBX/Woodland_Rush_Clump_02_LOD0.fbx,.fbx,319052,9855f5beeaa95b57d81f7bd395ecb729,ModelImporter:,,
Assets/ForestPrototype/Art/SectionFive/Woodland_Grass_Rush/FBX/Woodland_Rush_Clump_02_LOD1.fbx,.fbx,91644,282399385b8a02a55a10998d9a51cd49,ModelImporter:,,
Assets/ForestPrototype/Art/SectionFive/Woodland_Grass_Rush/FBX/Woodland_Rush_Clump_02_LOD2.fbx,.fbx,28988,2982b9ed4f651a18c89f7219cd7c225e,ModelImporter:,,
Assets/ForestPrototype/Art/SectionFive/Woodland_Grass_Rush/Materials/Woodland_DryBlade.mat,.mat,3954,c23da85e095030cab930e8262d364ba1,NativeFormatImporter:,,
Assets/ForestPrototype/Art/SectionFive/Woodland_Grass_Rush/Materials/Woodland_Grass_Green.mat,.mat,4014,5fa8f36830e19618e8468483190459cc,NativeFormatImporter:,,
Assets/ForestPrototype/Art/SectionFive/Woodland_Grass_Rush/Materials/Woodland_Rush_Green.mat,.mat,3958,6109e458134c313d58a5fc78593b572f,NativeFormatImporter:,,
Assets/ForestPrototype/Art/SectionFive/Woodland_Grass_Rush/Materials/Woodland_Rush_Seed.mat,.mat,3945,28c3f8a7636190dab87b8bf21fa2bb7e,NativeFormatImporter:,,
Assets/ForestPrototype/Art/SectionFive/Woodland_Grass_Rush/Textures/Woodland_Leaf_Albedo.png,.png,1239142,e4a26e3050572d052af0fd6a0074faad,TextureImporter:,2048,
Assets/ForestPrototype/Art/SitkaMatureBenchmark/FBX/Sitka_Mature_Benchmark_01_HighPruned_Healed_LOD0.fbx,.fbx,1940588,ff9946ef0279495f9e23fda57441c6a3,ModelImporter:,,
Assets/ForestPrototype/Art/SitkaMatureBenchmark/FBX/Sitka_Mature_Benchmark_01_HighPruned_Healed_LOD1.fbx,.fbx,1050476,fe5afc29fe7a406798c4bca0888b8d91,ModelImporter:,,
Assets/ForestPrototype/Art/SitkaMatureBenchmark/FBX/Sitka_Mature_Benchmark_01_HighPruned_Healed_LOD2.fbx,.fbx,357052,0c8a40b742f94d90999b1cfe5001e6fb,ModelImporter:,,
Assets/ForestPrototype/Art/SitkaMatureBenchmark/FBX/Sitka_Mature_Benchmark_01_HighPruned_Recent_LOD0.fbx,.fbx,1941340,bfdfbdf9791c44248014baaaf5af3440,ModelImporter:,,
Assets/ForestPrototype/Art/SitkaMatureBenchmark/FBX/Sitka_Mature_Benchmark_01_HighPruned_Recent_LOD1.fbx,.fbx,1051052,ca44aee94554458e85c1bd1acfe5f38c,ModelImporter:,,
Assets/ForestPrototype/Art/SitkaMatureBenchmark/FBX/Sitka_Mature_Benchmark_01_HighPruned_Recent_LOD2.fbx,.fbx,357052,3b52ae0f79ef4daabc5b54d9f6f3887c,ModelImporter:,,
Assets/ForestPrototype/Art/SitkaMatureBenchmark/FBX/Sitka_Mature_Benchmark_01_LowPruned_Healed_LOD0.fbx,.fbx,2157708,da454ea42cf84c569abbb052fa78e1e9,ModelImporter:,,
Assets/ForestPrototype/Art/SitkaMatureBenchmark/FBX/Sitka_Mature_Benchmark_01_LowPruned_Healed_LOD1.fbx,.fbx,1143916,d4ca5a5e4e214ab2a958f4d572c05d45,ModelImporter:,,
Assets/ForestPrototype/Art/SitkaMatureBenchmark/FBX/Sitka_Mature_Benchmark_01_LowPruned_Healed_LOD2.fbx,.fbx,407084,7b9385c4553a4049bfff5e394a61b554,ModelImporter:,,
Assets/ForestPrototype/Art/SitkaMatureBenchmark/FBX/Sitka_Mature_Benchmark_01_LowPruned_Recent_LOD0.fbx,.fbx,2158140,631b248420f54b27a8e00cccc6a55ce1,ModelImporter:,,
Assets/ForestPrototype/Art/SitkaMatureBenchmark/FBX/Sitka_Mature_Benchmark_01_LowPruned_Recent_LOD1.fbx,.fbx,1144172,c95c2e1534ba4b10842bc6dd1d4fc958,ModelImporter:,,
Assets/ForestPrototype/Art/SitkaMatureBenchmark/FBX/Sitka_Mature_Benchmark_01_LowPruned_Recent_LOD2.fbx,.fbx,407084,06cfcc6599b24d559c4e4f2e0c09ac38,ModelImporter:,,
Assets/ForestPrototype/Art/SitkaMatureBenchmark/FBX/Sitka_Mature_Benchmark_01_MediumPruned_Healed_LOD0.fbx,.fbx,2029724,c5d6cc3b2d3f49a887005438eb3df2ab,ModelImporter:,,
Assets/ForestPrototype/Art/SitkaMatureBenchmark/FBX/Sitka_Mature_Benchmark_01_MediumPruned_Healed_LOD1.fbx,.fbx,1089148,5fa6383752f845549517d9359cea2d1c,ModelImporter:,,
Assets/ForestPrototype/Art/SitkaMatureBenchmark/FBX/Sitka_Mature_Benchmark_01_MediumPruned_Healed_LOD2.fbx,.fbx,378012,1dd0a41f3903472da6db012640d8ba51,ModelImporter:,,
Assets/ForestPrototype/Art/SitkaMatureBenchmark/FBX/Sitka_Mature_Benchmark_01_MediumPruned_Recent_LOD0.fbx,.fbx,2030332,d5cd222f84ff4e3a81a49aac977de751,ModelImporter:,,
Assets/ForestPrototype/Art/SitkaMatureBenchmark/FBX/Sitka_Mature_Benchmark_01_MediumPruned_Recent_LOD1.fbx,.fbx,1089580,4cf1f9d078f647e4a00db513aaa96c94,ModelImporter:,,
Assets/ForestPrototype/Art/SitkaMatureBenchmark/FBX/Sitka_Mature_Benchmark_01_MediumPruned_Recent_LOD2.fbx,.fbx,378012,f3342f54f2ba4b55877da8f1ee2ee102,ModelImporter:,,
Assets/ForestPrototype/Art/SitkaMatureBenchmark/FBX/Sitka_Mature_Benchmark_01_Unpruned_LOD0.fbx,.fbx,2256076,5bf72954eb284cc0843a89922ab3e64f,ModelImporter:,,
Assets/ForestPrototype/Art/SitkaMatureBenchmark/FBX/Sitka_Mature_Benchmark_01_Unpruned_LOD1.fbx,.fbx,1170268,4f636108285447f390e8e828236e2e05,ModelImporter:,,
Assets/ForestPrototype/Art/SitkaMatureBenchmark/FBX/Sitka_Mature_Benchmark_01_Unpruned_LOD2.fbx,.fbx,430508,d143f463985e473bb92a7247172939be,ModelImporter:,,
Assets/ForestPrototype/Art/SitkaMatureBenchmark/Materials/SS_Benchmark_Bark.mat,.mat,4078,3f2acad02885a48ce879424b9aba0f35,NativeFormatImporter:,,
Assets/ForestPrototype/Art/SitkaMatureBenchmark/Materials/SS_Benchmark_CutWood.mat,.mat,4012,55d8872982f1dcae4a5eb2706cbf1f6b,NativeFormatImporter:,,
Assets/ForestPrototype/Art/SitkaMatureBenchmark/Materials/SS_Benchmark_Needles.mat,.mat,4040,5c08e94658bba4e91a63fc25e9e415e5,NativeFormatImporter:,,
Assets/ForestPrototype/Art/SitkaMatureBenchmark/Materials/SS_Benchmark_WeatheredScar.mat,.mat,3943,7657e856cfff7beef9a3e79f75c2c505,NativeFormatImporter:,,
Assets/ForestPrototype/Art/SitkaMatureBenchmark/Previews/bark.png,.png,1998851,15dd5b3a969a4ae2a009b9c424549364,TextureImporter:,2048,
Assets/ForestPrototype/Art/SitkaMatureBenchmark/Previews/before_after.png,.png,2921572,298489b40c644f11a7d605c0d10bb227,TextureImporter:,2048,
Assets/ForestPrototype/Art/SitkaMatureBenchmark/Previews/foliage.png,.png,4206430,6f8f2ce6fe04416583d68295aa55a1af,TextureImporter:,2048,
Assets/ForestPrototype/Art/SitkaMatureBenchmark/Previews/lods.png,.png,3582528,4faddb78cb9e44f192c8ca4c03484309,TextureImporter:,2048,
Assets/ForestPrototype/Art/SitkaMatureBenchmark/Previews/scars.png,.png,2693075,825501476b8443559066097fcf6cb65c,TextureImporter:,2048,
Assets/ForestPrototype/Art/SitkaMatureBenchmark/Previews/single.png,.png,1783787,22f571d6cfb5413ab3ebfffd7385bceb,TextureImporter:,2048,
Assets/ForestPrototype/Art/SitkaMatureBenchmark/Previews/states.png,.png,3844347,2dda02c7b5ef4bdba69c5e467febe203,TextureImporter:,2048,
Assets/ForestPrototype/Art/SitkaMatureBenchmark/Textures/Sitka_Bark_BaseColor_v2.png,.png,3813680,ec7a948281034d56b93c308d80d19df3,TextureImporter:,2048,
Assets/ForestPrototype/Art/SitkaMatureBenchmark/Textures/Sitka_Bark_MetallicSmoothness_v2.png,.png,202,30eeb53497f84129ba12e00e8c98f89d,TextureImporter:,2048,
Assets/ForestPrototype/Art/SitkaMatureBenchmark/Textures/Sitka_Bark_Normal_v2.png,.png,59505,42cdaf3c8f004e3bbf6fa3063c000432,TextureImporter:,2048,
Assets/ForestPrototype/Art/SitkaMatureBenchmark/Textures/Sitka_Bark_Roughness_v2.png,.png,231,7b9a21705e114302a27f7ba88c90ad58,TextureImporter:,2048,
Assets/ForestPrototype/Art/SitkaMatureBenchmark/Textures/Sitka_CutWood_BaseColor.png,.png,730195,14526d82583b4190b201ac994f161423,TextureImporter:,2048,
Assets/ForestPrototype/Art/SitkaMatureBenchmark/Textures/Sitka_NeedleSprigs_BaseColorAlpha.png,.png,4639024,8b019c033c0944b4b817f202da8e0ddc,TextureImporter:,2048,
Assets/ForestPrototype/Art/SitkaPlantation02/Materials/SS_Benchmark_Bark.mat,.mat,4078,ab7f568e5ca20272e9140d5c091c8fbd,NativeFormatImporter:,,
Assets/ForestPrototype/Art/SitkaPlantation02/Materials/SS_Benchmark_CutWood.mat,.mat,4011,5be9b9f42591ff5a3b039e6d7d5b0c20,NativeFormatImporter:,,
Assets/ForestPrototype/Art/SitkaPlantation02/Materials/SS_Benchmark_Needles.mat,.mat,4041,a5988541c5ed1edfb8f523f5586b2cab,NativeFormatImporter:,,
Assets/ForestPrototype/Art/SitkaPlantation02/Materials/SS_Benchmark_WeatheredScar.mat,.mat,3946,1dfed955c81d72240804edd721afbae5,NativeFormatImporter:,,
Assets/ForestPrototype/Art/SitkaPlantation02/Textures/Sitka_Bark_BaseColor_v2.png,.png,3813680,3c579c30328f5a141b0462a08bbabbc3,TextureImporter:,2048,
Assets/ForestPrototype/Art/SitkaPlantation02/Textures/Sitka_Bark_Normal_v2.png,.png,59505,6af57f2148904e9f2948a45d306d2742,TextureImporter:,2048,
Assets/ForestPrototype/Art/SitkaPlantation02/Textures/Sitka_CutWood_BaseColor.png,.png,730195,152bf5f667a999339952bc58ec879610,TextureImporter:,2048,
Assets/ForestPrototype/Art/SitkaPlantation02/Textures/Sitka_NeedleSprigs_BaseColorAlpha.png,.png,4639024,88f863392bdf38c669cfeb0b74d4b5af,TextureImporter:,2048,
Assets/ForestPrototype/Art/SitkaRingBarked/FBX/Sitka_RingBarked_01_Dead_LOD0.fbx,.fbx,858556,8aeaa94817004a0f9267ff17c10ebdbe,ModelImporter:,,
Assets/ForestPrototype/Art/SitkaRingBarked/FBX/Sitka_RingBarked_01_Dead_LOD1.fbx,.fbx,210412,368310dd3ecd4e74bf883112a9f05b00,ModelImporter:,,
Assets/ForestPrototype/Art/SitkaRingBarked/FBX/Sitka_RingBarked_01_Dead_LOD2.fbx,.fbx,96012,967c31b4d8124231bfac6e750b1d920f,ModelImporter:,,
Assets/ForestPrototype/Art/SitkaRingBarked/FBX/Sitka_RingBarked_01_Fresh_LOD0.fbx,.fbx,2274156,e24a3351ab7344029a0271b7c4641d9b,ModelImporter:,,
Assets/ForestPrototype/Art/SitkaRingBarked/FBX/Sitka_RingBarked_01_Fresh_LOD1.fbx,.fbx,1182300,2bb1a609f6ca4083a27a261c2637f39c,ModelImporter:,,
Assets/ForestPrototype/Art/SitkaRingBarked/FBX/Sitka_RingBarked_01_Fresh_LOD2.fbx,.fbx,439804,75ac9078139943b380ca0e49d11838e9,ModelImporter:,,
Assets/ForestPrototype/Art/SitkaRingBarked/Materials/SS_Benchmark_Bark.mat,.mat,4077,d61e1e9e4a682d803a268f9d9f8f38bb,NativeFormatImporter:,,
Assets/ForestPrototype/Art/SitkaRingBarked/Materials/SS_Benchmark_Needles.mat,.mat,4040,3c1dd754b08695e5bb5d090f1318e3e4,NativeFormatImporter:,,
Assets/ForestPrototype/Art/SitkaRingBarked/Materials/SS_Ring_DeadBranches.mat,.mat,3938,1359da66a7f93a011a087f3ccd33d2b0,NativeFormatImporter:,,
Assets/ForestPrototype/Art/SitkaRingBarked/Materials/SS_Ring_ExposedWood.mat,.mat,4079,6342b2dcd1447c260abb89e0be642e0f,NativeFormatImporter:,,
Assets/ForestPrototype/Art/SitkaRingBarked/Materials/SS_Ring_WeatheredWood.mat,.mat,3939,1943f00193d224af6b37848c688d9578,NativeFormatImporter:,,
Assets/ForestPrototype/Art/SitkaRingBarked/Previews/closeup.png,.png,2094426,0e7b830121d8445eb862b1a120c02ffb,TextureImporter:,2048,
Assets/ForestPrototype/Art/SitkaRingBarked/Previews/comparison.png,.png,2781402,9b8355ec13af4fb49cfd57ab7b2af32b,TextureImporter:,2048,
Assets/ForestPrototype/Art/SitkaRingBarked/Textures/Sitka_Bark_BaseColor_v2.png,.png,3813680,4e6743dd32ef4aed8c0df7544840c504,TextureImporter:,2048,
Assets/ForestPrototype/Art/SitkaRingBarked/Textures/Sitka_Bark_Normal_v2.png,.png,59505,f9e71211f3dc4c1d9af66eae02297758,TextureImporter:,2048,
Assets/ForestPrototype/Art/SitkaRingBarked/Textures/Sitka_Bark_Roughness_v2.png,.png,231,0a23047b68764b06b6a93a23dc388190,TextureImporter:,2048,
Assets/ForestPrototype/Art/SitkaRingBarked/Textures/Sitka_CutWood_BaseColor.png,.png,730195,d2ca1b6e552946fb91e807b8068627ac,TextureImporter:,2048,
Assets/ForestPrototype/Art/SitkaRingBarked/Textures/Sitka_ExposedWood_BaseColor.png,.png,2529356,3415fa865b39479ea5a99e240b7dafa2,TextureImporter:,2048,
Assets/ForestPrototype/Art/SitkaRingBarked/Textures/Sitka_ExposedWood_Normal.png,.png,59505,c9fd076c3c194fa7a6c039ea99b96b69,TextureImporter:,2048,
Assets/ForestPrototype/Art/SitkaRingBarked/Textures/Sitka_NeedleSprigs_BaseColorAlpha.png,.png,4639024,f9bcd06d27c4450487528356a40e90fb,TextureImporter:,2048,
Assets/ForestPrototype/Art/Trees/Beech_Mature_01/Docs/Beech_Mature_01_Preview.png,.png,1321334,efe566e9d7d8d06e78d7f2280c5a730d,TextureImporter:,2048,Assets/ForestPrototype/Art/Trees/Beech_Mature_01/Docs/README.txt;Assets/ForestPrototype/Art/Trees/Beech_Mature_01/Docs/Validation.json
Assets/ForestPrototype/Art/Trees/Beech_Mature_01/Materials/Beech_Bark.mat,.mat,4004,11aac9d13c5b4b7e492961c0a0cb53d7,NativeFormatImporter:,,
Assets/ForestPrototype/Art/Trees/Beech_Mature_01/Materials/Beech_Leaf_01.mat,.mat,3948,bd716398dbf0f958c8b21dd6ecad3e48,NativeFormatImporter:,,
Assets/ForestPrototype/Art/Trees/Beech_Mature_01/Materials/Beech_Leaf_02.mat,.mat,3944,44812a790fad48224bcd77a2fc7dd06d,NativeFormatImporter:,,
Assets/ForestPrototype/Art/Trees/Beech_Mature_01/Materials/Beech_Leaf_03.mat,.mat,3947,0fa822d1fedc991c1b2e3ce89323de28,NativeFormatImporter:,,
Assets/ForestPrototype/Art/Trees/Beech_Mature_01/Materials/Beech_Leaf_04.mat,.mat,3945,e0b6d6bc48b25c4998fb03864448ed4b,NativeFormatImporter:,,
Assets/ForestPrototype/Art/Trees/Beech_Mature_01/Models/Beech_Mature_01.fbx,.fbx,20158012,f7492a965b3d81cd983f4a02a7902cf2,ModelImporter:,,
Assets/ForestPrototype/Art/Trees/Beech_Mature_01/Textures/Beech_Bark_Albedo.png,.png,3790211,3131bb1d9f55675968f4e2a2b0767881,TextureImporter:,2048,
Assets/ForestPrototype/Art/Trees/Sessile_Oak_Three_Stages/Docs/Sessile_Oak_Mature_01_Preview.png,.png,1544113,c9aeeeb6b4b744c40ba793a3c037e69d,TextureImporter:,2048,Assets/ForestPrototype/Art/Trees/Sessile_Oak_Three_Stages/Docs/README.md;Assets/ForestPrototype/Art/Trees/Sessile_Oak_Three_Stages/Docs/Validation.json
Assets/ForestPrototype/Art/Trees/Sessile_Oak_Three_Stages/Docs/Sessile_Oak_Sapling_01_Preview.png,.png,1195861,7b8d8c5c66d793aabae742b50109871f,TextureImporter:,2048,Assets/ForestPrototype/Art/Trees/Sessile_Oak_Three_Stages/Docs/README.md;Assets/ForestPrototype/Art/Trees/Sessile_Oak_Three_Stages/Docs/Validation.json
Assets/ForestPrototype/Art/Trees/Sessile_Oak_Three_Stages/Docs/Sessile_Oak_Stages_Scale_Preview.png,.png,2306416,8e3e6f27d92754318b18aeb65c4672e5,TextureImporter:,2048,Assets/ForestPrototype/Art/Trees/Sessile_Oak_Three_Stages/Docs/README.md;Assets/ForestPrototype/Art/Trees/Sessile_Oak_Three_Stages/Docs/Validation.json
Assets/ForestPrototype/Art/Trees/Sessile_Oak_Three_Stages/Docs/Sessile_Oak_Young_01_Preview.png,.png,1396400,a452b0b9c2d72e3a9afca3c97a19e59f,TextureImporter:,2048,Assets/ForestPrototype/Art/Trees/Sessile_Oak_Three_Stages/Docs/README.md;Assets/ForestPrototype/Art/Trees/Sessile_Oak_Three_Stages/Docs/Validation.json
Assets/ForestPrototype/Art/Trees/Sessile_Oak_Three_Stages/Materials/Oak_Bark.mat,.mat,4037,e012a7c0fd7819d7ebdbd17b63625f20,NativeFormatImporter:,,
Assets/ForestPrototype/Art/Trees/Sessile_Oak_Three_Stages/Materials/Oak_Leaf_01.mat,.mat,3925,4e5bc3306f173aaffb6ff583e4b4c3f0,NativeFormatImporter:,,
Assets/ForestPrototype/Art/Trees/Sessile_Oak_Three_Stages/Materials/Oak_Leaf_02.mat,.mat,3930,342d426d1d56e11458d34b947b6bde2c,NativeFormatImporter:,,
Assets/ForestPrototype/Art/Trees/Sessile_Oak_Three_Stages/Materials/Oak_Leaf_03.mat,.mat,3931,f1cf3800ea04ab2b7a68b6c1f56b48d2,NativeFormatImporter:,,
Assets/ForestPrototype/Art/Trees/Sessile_Oak_Three_Stages/Materials/Oak_Leaf_04.mat,.mat,3925,0c81fb208d0fe09fabcac8ba0d03e781,NativeFormatImporter:,,
Assets/ForestPrototype/Art/Trees/Sessile_Oak_Three_Stages/Models/Sessile_Oak_Mature_01_LOD0.fbx,.fbx,26434636,24b31d10e677806c99b6070a23c18d71,ModelImporter:,,
Assets/ForestPrototype/Art/Trees/Sessile_Oak_Three_Stages/Models/Sessile_Oak_Mature_01_LOD1.fbx,.fbx,8639948,0ae3b5f92299d6a159116693743a88ee,ModelImporter:,,
Assets/ForestPrototype/Art/Trees/Sessile_Oak_Three_Stages/Models/Sessile_Oak_Mature_01_LOD2.fbx,.fbx,3431548,80e2068afa612bed59c5357d32f4a6c7,ModelImporter:,,
Assets/ForestPrototype/Art/Trees/Sessile_Oak_Three_Stages/Models/Sessile_Oak_Sapling_01_LOD0.fbx,.fbx,3109724,8ce33d5d3bd4a9b91a91466d9974958f,ModelImporter:,,
Assets/ForestPrototype/Art/Trees/Sessile_Oak_Three_Stages/Models/Sessile_Oak_Sapling_01_LOD1.fbx,.fbx,1924860,4230034b4c73e8df58495db092f72893,ModelImporter:,,
Assets/ForestPrototype/Art/Trees/Sessile_Oak_Three_Stages/Models/Sessile_Oak_Sapling_01_LOD2.fbx,.fbx,1557484,e127f9d0e74532183af83f62367c2ac0,ModelImporter:,,
Assets/ForestPrototype/Art/Trees/Sessile_Oak_Three_Stages/Models/Sessile_Oak_Young_01_LOD0.fbx,.fbx,12700284,b6b4b5afaf0704166a5647bd43837f1c,ModelImporter:,,
Assets/ForestPrototype/Art/Trees/Sessile_Oak_Three_Stages/Models/Sessile_Oak_Young_01_LOD1.fbx,.fbx,4809692,27337d1e21842738f86515bf907ef138,ModelImporter:,,
Assets/ForestPrototype/Art/Trees/Sessile_Oak_Three_Stages/Models/Sessile_Oak_Young_01_LOD2.fbx,.fbx,2339084,bb81b0bd019e82ac4b93ebbb566a5e7c,ModelImporter:,,
Assets/ForestPrototype/Art/Trees/Sessile_Oak_Three_Stages/Textures/Oak_Bark_Albedo.png,.png,1381439,5e88e686729874c8ebeea4deae597348,TextureImporter:,2048,
Assets/ForestPrototype/Art/Trees/Sitka_Mature_01/Docs/Sitka_Mature_01_Preview.png,.png,1043539,7d1b1f5fe07ae130ba3b6ff535ef53c4,TextureImporter:,2048,Assets/ForestPrototype/Art/Trees/Sitka_Mature_01/Docs/README.txt;Assets/ForestPrototype/Art/Trees/Sitka_Mature_01/Docs/Validation.json
Assets/ForestPrototype/Art/Trees/Sitka_Mature_01/Materials/Sitka_Bark.mat,.mat,4002,5de2f0c1d3f1caa8bac86a3a7ddbf16a,NativeFormatImporter:,,
Assets/ForestPrototype/Art/Trees/Sitka_Mature_01/Materials/Sitka_Needles.mat,.mat,4031,f9c7686959501d0189639f8c3b7661ac,NativeFormatImporter:,,
Assets/ForestPrototype/Art/Trees/Sitka_Mature_01/Models/Sitka_Mature_01.fbx,.fbx,2115676,25a8b500e3364aea1a5eb7799503f2a0,ModelImporter:,,
Assets/ForestPrototype/Art/Trees/Sitka_Mature_01/Textures/Sitka_Bark_Albedo.png,.png,1806279,f5597e763a4c79c6e9105cacd3f367de,TextureImporter:,2048,
Assets/ForestPrototype/Art/Trees/Sitka_Mature_01/Textures/Sitka_Needles_Albedo.png,.png,2612587,1a20066b21a70046db84d2682100efad,TextureImporter:,2048,
Assets/ForestPrototype/Art/Trees/Sitka_Pole_01/Docs/Sitka_Pole_01_Preview.png,.png,960673,fa890d2540da7a5ceb60cfcf1c78b528,TextureImporter:,2048,Assets/ForestPrototype/Art/Trees/Sitka_Pole_01/Docs/README.txt;Assets/ForestPrototype/Art/Trees/Sitka_Pole_01/Docs/Validation.json
Assets/ForestPrototype/Art/Trees/Sitka_Pole_01/Docs/Sitka_Pole_01_Side.png,.png,487742,5c268945fda2faca2820870b30ef34ee,TextureImporter:,2048,Assets/ForestPrototype/Art/Trees/Sitka_Pole_01/Docs/README.txt;Assets/ForestPrototype/Art/Trees/Sitka_Pole_01/Docs/Validation.json
Assets/ForestPrototype/Art/Trees/Sitka_Pole_01/Materials/Sitka_Pole_Bark.mat,.mat,4007,6eea349ad21fb8cf7aa0133b054672c5,NativeFormatImporter:,,
Assets/ForestPrototype/Art/Trees/Sitka_Pole_01/Models/Sitka_Pole_01_LOD0.fbx,.fbx,445548,fdd5ba0f7ef61a5b8b3cce2bccf41774,ModelImporter:,,
Assets/ForestPrototype/Art/Trees/Sitka_Pole_01/Models/Sitka_Pole_01_LOD1.fbx,.fbx,192060,857ae9deb533ef35f99c9d787c9fb1a4,ModelImporter:,,
Assets/ForestPrototype/Art/Trees/Sitka_Pole_01/Models/Sitka_Pole_01_LOD2.fbx,.fbx,83132,bb337a25f56b160fdbe0fb9bc8d0ffc2,ModelImporter:,,
Assets/ForestPrototype/Art/Trees/Sitka_Pole_01/Textures/Sitka_Needles_Albedo.png,.png,2612587,746391e1754a446a4a11256043a14ed4,TextureImporter:,2048,
Assets/ForestPrototype/Art/Trees/Sitka_Pole_01/Textures/Sitka_Pole_Bark_Albedo.png,.png,1102200,1c6b89a99dfdd7913a6303f8b88a862e,TextureImporter:,2048,
Assets/ForestPrototype/Art/Trees/Sitka_Seedling_01/Docs/Sitka_Seedling_01_Preview.png,.png,788867,77479fea15360a4c5bb01ab0ec97a9d3,TextureImporter:,2048,Assets/ForestPrototype/Art/Trees/Sitka_Seedling_01/Docs/README.txt;Assets/ForestPrototype/Art/Trees/Sitka_Seedling_01/Docs/Validation.json
Assets/ForestPrototype/Art/Trees/Sitka_Seedling_01/Docs/Sitka_Seedling_01_Side.png,.png,554228,6c8e5a85862b8df958ef72c96c0bd927,TextureImporter:,2048,Assets/ForestPrototype/Art/Trees/Sitka_Seedling_01/Docs/README.txt;Assets/ForestPrototype/Art/Trees/Sitka_Seedling_01/Docs/Validation.json
Assets/ForestPrototype/Art/Trees/Sitka_Seedling_01/Materials/Sitka_Seedling_Stem.mat,.mat,4011,d6da7ef2194bf2eada155a641d81062b,NativeFormatImporter:,,
Assets/ForestPrototype/Art/Trees/Sitka_Seedling_01/Models/Sitka_Seedling_01_LOD0.fbx,.fbx,120780,e5bb5472cef8f3b8392a674b92148286,ModelImporter:,,
Assets/ForestPrototype/Art/Trees/Sitka_Seedling_01/Models/Sitka_Seedling_01_LOD1.fbx,.fbx,59708,9389db26d6b3a8515b36be4188940ee3,ModelImporter:,,
Assets/ForestPrototype/Art/Trees/Sitka_Seedling_01/Models/Sitka_Seedling_01_LOD2.fbx,.fbx,31404,d326210b1067704ffb15abbb983ea278,ModelImporter:,,
Assets/ForestPrototype/Art/Trees/Sitka_Seedling_01/Textures/Sitka_Needles_Albedo.png,.png,2612587,adbc7e52ccb025bd1a47fb88379abbf3,TextureImporter:,2048,
Assets/ForestPrototype/Art/Trees/Sitka_Seedling_01/Textures/Sitka_Pole_Bark_Albedo.png,.png,1102200,54c0914216f6e5f6796053c13d4c72ef,TextureImporter:,2048,
Assets/ForestPrototype/Materials/Bark.mat,.mat,3921,c2792981a9803b3aaad9fee7a4f58312,NativeFormatImporter:,,
Assets/ForestPrototype/Materials/Forest Ground.mat,.mat,4026,5e72401a3a1464ac1a7fc44affe7bcda,NativeFormatImporter:,,
Assets/ForestPrototype/Materials/Forest Path.mat,.mat,4016,0d00f70e9a7149759e47fa17d3b91e2a,NativeFormatImporter:,,
Assets/ForestPrototype/Materials/HarvestMark.mat,.mat,1899,422a95d89e8fe93739f4021dab40c487,NativeFormatImporter:,,
Assets/ForestPrototype/Materials/Leaves.mat,.mat,3919,3c6facab6f39491818284287c95af2b6,NativeFormatImporter:,,
Assets/ForestPrototype/Materials/Stone.mat,.mat,3920,a909864b58c29e4dc8c600d107a607e1,NativeFormatImporter:,,
Assets/ForestPrototype/Prefabs/BeechMature01.prefab,.prefab,6452,0a4c1a7964b8600408762c084d938386,PrefabImporter:,,
Assets/ForestPrototype/Prefabs/Forestry/Defects/SS_Defect_CoarseBranch_Mature_01.prefab,.prefab,16181,1988e919f8063466ab489aac039306d4,PrefabImporter:,,
Assets/ForestPrototype/Prefabs/Forestry/Defects/SS_Defect_CoarseBranch_PostMature_01.prefab,.prefab,16241,a6822c0029500a32ab9158cc7b8f7e1b,PrefabImporter:,,
Assets/ForestPrototype/Prefabs/Forestry/Defects/SS_Defect_CoarseBranch_Young_01.prefab,.prefab,16240,cdbcddf49b5c5f57085f57340e4e5c06,PrefabImporter:,,
Assets/ForestPrototype/Prefabs/Forestry/Defects/Sitka_RingBarked_01_Dead.prefab,.prefab,16097,51e55b0ea8bf9c2d6b2572b0bf2f30b1,PrefabImporter:,,
Assets/ForestPrototype/Prefabs/Forestry/Defects/Sitka_RingBarked_01_Fresh.prefab,.prefab,17685,0d819f089df3596acaa12305f7f03d96,PrefabImporter:,,
Assets/ForestPrototype/Prefabs/Forestry/Ground/SS_Brash_Dry_01.prefab,.prefab,11319,9081cee6c75af03e3b0099ed620d986f,PrefabImporter:,,
Assets/ForestPrototype/Prefabs/Forestry/Ground/SS_Brash_Dry_02.prefab,.prefab,11322,07cc6056557a79c53bc4e22eb5614909,PrefabImporter:,,
Assets/ForestPrototype/Prefabs/Forestry/Ground/SS_Brash_Green_01.prefab,.prefab,13663,9bf84ce94ffb2e5a9ac9089fd4f7dcc4,PrefabImporter:,,
Assets/ForestPrototype/Prefabs/Forestry/Ground/SS_Brash_Green_02.prefab,.prefab,13657,213bff35730ad242d96800bdd22d0a94,PrefabImporter:,,
Assets/ForestPrototype/Prefabs/Forestry/Ground/SS_WindthrowBase_Fresh_01.prefab,.prefab,13541,d968b6fbbbb95b922b858249e3e08d25,PrefabImporter:,,
Assets/ForestPrototype/Prefabs/Forestry/Ground/SS_WindthrowBase_Weathered_01.prefab,.prefab,13540,f09b09db09b80c52481b0c368b8792c8,PrefabImporter:,,
Assets/ForestPrototype/Prefabs/Forestry/Plantation02/SS_Plantation_FirstThinning_02.prefab,.prefab,1480,9987a0fe8318f5856be4064ad204d95b,PrefabImporter:,,
Assets/ForestPrototype/Prefabs/Forestry/Plantation02/SS_Plantation_Pole_02.prefab,.prefab,1471,4773a960b654339d9a094b8b2be97f02,PrefabImporter:,,
Assets/ForestPrototype/Prefabs/Forestry/Pruning/Beech_Mature_01/Beech_Mature_01_HighPruned_Healed.prefab,.prefab,19189,385146a060ee3b85087d56cfc38ade17,PrefabImporter:,,
Assets/ForestPrototype/Prefabs/Forestry/Pruning/Beech_Mature_01/Beech_Mature_01_HighPruned_Recent.prefab,.prefab,19166,9f87b99e2c251cbf18d0f5a75361ad54,PrefabImporter:,,
Assets/ForestPrototype/Prefabs/Forestry/Pruning/Beech_Mature_01/Beech_Mature_01_LowPruned_Healed.prefab,.prefab,19171,ab4e1f9d3de07479e916ab77453eb5ca,PrefabImporter:,,
Assets/ForestPrototype/Prefabs/Forestry/Pruning/Beech_Mature_01/Beech_Mature_01_LowPruned_Recent.prefab,.prefab,19178,6d588c7e1d85a6d708b3cbedb0f5f958,PrefabImporter:,,
Assets/ForestPrototype/Prefabs/Forestry/Pruning/Beech_Mature_01/Beech_Mature_01_MediumPruned_Healed.prefab,.prefab,19183,597d7d4968e07a7839de1132e775764f,PrefabImporter:,,
Assets/ForestPrototype/Prefabs/Forestry/Pruning/Beech_Mature_01/Beech_Mature_01_MediumPruned_Recent.prefab,.prefab,19179,88b5d731eb0a6e8f98211257dbf373ea,PrefabImporter:,,
Assets/ForestPrototype/Prefabs/Forestry/Pruning/Beech_Mature_01/Beech_Mature_01_Unpruned.prefab,.prefab,16834,ce78ced66b9de20259488616c899cfe3,PrefabImporter:,,
Assets/ForestPrototype/Prefabs/Forestry/Pruning/Beech_Mature_02/Beech_Mature_02_HighPruned_Healed.prefab,.prefab,16978,76b82d36e1891757fb65fc0f5feb50b9,PrefabImporter:,,
Assets/ForestPrototype/Prefabs/Forestry/Pruning/Beech_Mature_02/Beech_Mature_02_HighPruned_Recent.prefab,.prefab,16983,77c1397b259ef84238273641f8f74930,PrefabImporter:,,
Assets/ForestPrototype/Prefabs/Forestry/Pruning/Beech_Mature_02/Beech_Mature_02_LowPruned_Healed.prefab,.prefab,16990,c1aa639a9f9959767a6c8e141bf982b9,PrefabImporter:,,
Assets/ForestPrototype/Prefabs/Forestry/Pruning/Beech_Mature_02/Beech_Mature_02_LowPruned_Recent.prefab,.prefab,16978,c1e799ae1f90db38ebb75b5534dac45f,PrefabImporter:,,
Assets/ForestPrototype/Prefabs/Forestry/Pruning/Beech_Mature_02/Beech_Mature_02_MediumPruned_Healed.prefab,.prefab,16989,68caa5b39b04b4f1a8cccbe376fbaf4d,PrefabImporter:,,
Assets/ForestPrototype/Prefabs/Forestry/Pruning/Beech_Mature_02/Beech_Mature_02_MediumPruned_Recent.prefab,.prefab,16986,0161329e2562a91f68d13486ef10acd2,PrefabImporter:,,
Assets/ForestPrototype/Prefabs/Forestry/Pruning/Beech_Mature_02/Beech_Mature_02_Unpruned.prefab,.prefab,14631,7d37522d2b732fb2d947cb186c4e1b62,PrefabImporter:,,
Assets/ForestPrototype/Prefabs/Forestry/Pruning/Sessile_Oak_Mature_01/Sessile_Oak_Mature_01_HighPruned_Healed.prefab,.prefab,19196,7cfaa538c15121c6399fdec54367a605,PrefabImporter:,,
Assets/ForestPrototype/Prefabs/Forestry/Pruning/Sessile_Oak_Mature_01/Sessile_Oak_Mature_01_HighPruned_Recent.prefab,.prefab,19201,a25576893acf0747fab91972d6390ce4,PrefabImporter:,,
Assets/ForestPrototype/Prefabs/Forestry/Pruning/Sessile_Oak_Mature_01/Sessile_Oak_Mature_01_LowPruned_Healed.prefab,.prefab,19191,b4b4160bb7255ec7db4532046c32a98e,PrefabImporter:,,
Assets/ForestPrototype/Prefabs/Forestry/Pruning/Sessile_Oak_Mature_01/Sessile_Oak_Mature_01_LowPruned_Recent.prefab,.prefab,19192,946508856c99c89428d5101977107f50,PrefabImporter:,,
Assets/ForestPrototype/Prefabs/Forestry/Pruning/Sessile_Oak_Mature_01/Sessile_Oak_Mature_01_MediumPruned_Healed.prefab,.prefab,19198,46f092c5e15172f569d4f304906e57f2,PrefabImporter:,,
Assets/ForestPrototype/Prefabs/Forestry/Pruning/Sessile_Oak_Mature_01/Sessile_Oak_Mature_01_MediumPruned_Recent.prefab,.prefab,19206,9669687da9a0923cdb17beb8c888e815,PrefabImporter:,,
Assets/ForestPrototype/Prefabs/Forestry/Pruning/Sessile_Oak_Mature_01/Sessile_Oak_Mature_01_Unpruned.prefab,.prefab,16860,93f0c7dbb48da3d80a11f3579f603e65,PrefabImporter:,,
Assets/ForestPrototype/Prefabs/Forestry/Pruning/Sessile_Oak_Mature_02/Sessile_Oak_Mature_02_HighPruned_Healed.prefab,.prefab,16980,2055ad141af7256d997f1192cccc7bfa,PrefabImporter:,,
Assets/ForestPrototype/Prefabs/Forestry/Pruning/Sessile_Oak_Mature_02/Sessile_Oak_Mature_02_HighPruned_Recent.prefab,.prefab,16985,2772ff0fca70503e5b1833139ec1c7df,PrefabImporter:,,
Assets/ForestPrototype/Prefabs/Forestry/Pruning/Sessile_Oak_Mature_02/Sessile_Oak_Mature_02_LowPruned_Healed.prefab,.prefab,16991,fc41a5b8d5b93b00ea9f1c9125b3456c,PrefabImporter:,,
Assets/ForestPrototype/Prefabs/Forestry/Pruning/Sessile_Oak_Mature_02/Sessile_Oak_Mature_02_LowPruned_Recent.prefab,.prefab,16980,765bc69bffe4c2243b2dbc45402d3c38,PrefabImporter:,,
Assets/ForestPrototype/Prefabs/Forestry/Pruning/Sessile_Oak_Mature_02/Sessile_Oak_Mature_02_MediumPruned_Healed.prefab,.prefab,16993,fdb0890d93da7caa38c596f902e3b049,PrefabImporter:,,
Assets/ForestPrototype/Prefabs/Forestry/Pruning/Sessile_Oak_Mature_02/Sessile_Oak_Mature_02_MediumPruned_Recent.prefab,.prefab,16992,48996280a07ec0c51b2adca90b4a4651,PrefabImporter:,,
Assets/ForestPrototype/Prefabs/Forestry/Pruning/Sessile_Oak_Mature_02/Sessile_Oak_Mature_02_Unpruned.prefab,.prefab,14644,c0adeb9d531d6434b8f64423442d21f9,PrefabImporter:,,
Assets/ForestPrototype/Prefabs/Forestry/Pruning/Sessile_Oak_Young_01/Sessile_Oak_Young_01_HighPruned_Healed.prefab,.prefab,19191,5fe58d9548044c0f5968fabad376c084,PrefabImporter:,,
Assets/ForestPrototype/Prefabs/Forestry/Pruning/Sessile_Oak_Young_01/Sessile_Oak_Young_01_HighPruned_Recent.prefab,.prefab,19181,7f9c2c5530cd141c1aa065000034b87d,PrefabImporter:,,
Assets/ForestPrototype/Prefabs/Forestry/Pruning/Sessile_Oak_Young_01/Sessile_Oak_Young_01_LowPruned_Healed.prefab,.prefab,19182,49d17aeddf78c0fdea566f6aebdd5e22,PrefabImporter:,,
Assets/ForestPrototype/Prefabs/Forestry/Pruning/Sessile_Oak_Young_01/Sessile_Oak_Young_01_LowPruned_Recent.prefab,.prefab,19184,6248d71154ced14bca4e90518b6c426d,PrefabImporter:,,
Assets/ForestPrototype/Prefabs/Forestry/Pruning/Sessile_Oak_Young_01/Sessile_Oak_Young_01_MediumPruned_Healed.prefab,.prefab,19189,c9f05efbcb7bd86498ad4454406d83a3,PrefabImporter:,,
Assets/ForestPrototype/Prefabs/Forestry/Pruning/Sessile_Oak_Young_01/Sessile_Oak_Young_01_MediumPruned_Recent.prefab,.prefab,19180,7ca673370f7f76f138f198212eeb0e82,PrefabImporter:,,
Assets/ForestPrototype/Prefabs/Forestry/Pruning/Sessile_Oak_Young_01/Sessile_Oak_Young_01_Unpruned.prefab,.prefab,16832,e927e6bdad1411f649ef142d2d3be20d,PrefabImporter:,,
Assets/ForestPrototype/Prefabs/Forestry/Pruning/Sitka_Mature_01/Sitka_Mature_01_HighPruned_Healed.prefab,.prefab,16974,fba3cb5cc73c61b8fb197190f40aa6f8,PrefabImporter:,,
Assets/ForestPrototype/Prefabs/Forestry/Pruning/Sitka_Mature_01/Sitka_Mature_01_HighPruned_Recent.prefab,.prefab,16975,2b7a1dca41f4748629ce326c1895d415,PrefabImporter:,,
Assets/ForestPrototype/Prefabs/Forestry/Pruning/Sitka_Mature_01/Sitka_Mature_01_LowPruned_Healed.prefab,.prefab,16967,7fdb631da1203d5b093cce11d9d74907,PrefabImporter:,,
Assets/ForestPrototype/Prefabs/Forestry/Pruning/Sitka_Mature_01/Sitka_Mature_01_LowPruned_Recent.prefab,.prefab,16966,74dc629a26c0e47d9838b767efb57212,PrefabImporter:,,
Assets/ForestPrototype/Prefabs/Forestry/Pruning/Sitka_Mature_01/Sitka_Mature_01_MediumPruned_Healed.prefab,.prefab,16969,c66a048f1ac7938dfbe89f9a88abab50,PrefabImporter:,,
Assets/ForestPrototype/Prefabs/Forestry/Pruning/Sitka_Mature_01/Sitka_Mature_01_MediumPruned_Recent.prefab,.prefab,16968,016864cef1a3314d79b0c61394de246e,PrefabImporter:,,
Assets/ForestPrototype/Prefabs/Forestry/Pruning/Sitka_Mature_01/Sitka_Mature_01_Unpruned.prefab,.prefab,14621,b3a74f27d72ef8c089cf2d51b3f67db6,PrefabImporter:,,
Assets/ForestPrototype/Prefabs/Forestry/Pruning/Sitka_Mature_02/Sitka_Mature_02_HighPruned_Healed.prefab,.prefab,18574,343dfd121d27610009618389cbdfdc2a,PrefabImporter:,,
Assets/ForestPrototype/Prefabs/Forestry/Pruning/Sitka_Mature_02/Sitka_Mature_02_HighPruned_Recent.prefab,.prefab,18577,be3204d3f8d532acfbc189f9b31893cf,PrefabImporter:,,
Assets/ForestPrototype/Prefabs/Forestry/Pruning/Sitka_Mature_02/Sitka_Mature_02_LowPruned_Healed.prefab,.prefab,18572,224fa7f37faf1b02fa94dc89f4e68ab3,PrefabImporter:,,
Assets/ForestPrototype/Prefabs/Forestry/Pruning/Sitka_Mature_02/Sitka_Mature_02_LowPruned_Recent.prefab,.prefab,18584,0852aba8478d060978996b90fd359ebf,PrefabImporter:,,
Assets/ForestPrototype/Prefabs/Forestry/Pruning/Sitka_Mature_02/Sitka_Mature_02_MediumPruned_Healed.prefab,.prefab,18574,8211c6e488d0fd23183209bf158923a4,PrefabImporter:,,
Assets/ForestPrototype/Prefabs/Forestry/Pruning/Sitka_Mature_02/Sitka_Mature_02_MediumPruned_Recent.prefab,.prefab,18589,ef473f68459ad7e9d9fe55f96bdd5abb,PrefabImporter:,,
Assets/ForestPrototype/Prefabs/Forestry/Pruning/Sitka_Mature_02/Sitka_Mature_02_Unpruned.prefab,.prefab,16239,a28a0e6d1d30b133c87cfd10e96a3299,PrefabImporter:,,
Assets/ForestPrototype/Prefabs/Forestry/Pruning/Sitka_Mature_03/Sitka_Mature_03_HighPruned_Healed.prefab,.prefab,18572,1c021597f81df5833bf6cef9e6711684,PrefabImporter:,,
Assets/ForestPrototype/Prefabs/Forestry/Pruning/Sitka_Mature_03/Sitka_Mature_03_HighPruned_Recent.prefab,.prefab,18582,f193add30d5409370b6b3f17491bf7dd,PrefabImporter:,,
Assets/ForestPrototype/Prefabs/Forestry/Pruning/Sitka_Mature_03/Sitka_Mature_03_LowPruned_Healed.prefab,.prefab,18573,2192b758419cd38358ed6cfde444fb26,PrefabImporter:,,
Assets/ForestPrototype/Prefabs/Forestry/Pruning/Sitka_Mature_03/Sitka_Mature_03_LowPruned_Recent.prefab,.prefab,18576,d1553c1e55f1d50e5bbc984308946de4,PrefabImporter:,,
Assets/ForestPrototype/Prefabs/Forestry/Pruning/Sitka_Mature_03/Sitka_Mature_03_MediumPruned_Healed.prefab,.prefab,18575,0b818600a02faf4a88a8f4ac989fafe3,PrefabImporter:,,
Assets/ForestPrototype/Prefabs/Forestry/Pruning/Sitka_Mature_03/Sitka_Mature_03_MediumPruned_Recent.prefab,.prefab,18575,1b72614f6c0fd33779b4fc8332993035,PrefabImporter:,,
Assets/ForestPrototype/Prefabs/Forestry/Pruning/Sitka_Mature_03/Sitka_Mature_03_Unpruned.prefab,.prefab,16242,35e2a2515ca15f48e99c9299d7708df2,PrefabImporter:,,
Assets/ForestPrototype/Prefabs/Forestry/Pruning/Sitka_Mature_Benchmark_01/Sitka_Mature_Benchmark_01_HighPruned_Healed.prefab,.prefab,18348,fd55327ee5e70c4bbb0c2e691f32b485,PrefabImporter:,,
Assets/ForestPrototype/Prefabs/Forestry/Pruning/Sitka_Mature_Benchmark_01/Sitka_Mature_Benchmark_01_HighPruned_Recent.prefab,.prefab,18339,936bb7e15fa3ce7a2b21f19c4d149da1,PrefabImporter:,,
Assets/ForestPrototype/Prefabs/Forestry/Pruning/Sitka_Mature_Benchmark_01/Sitka_Mature_Benchmark_01_LowPruned_Healed.prefab,.prefab,18345,0eba69e71b580d80aa7bbcfb83a177d1,PrefabImporter:,,
Assets/ForestPrototype/Prefabs/Forestry/Pruning/Sitka_Mature_Benchmark_01/Sitka_Mature_Benchmark_01_LowPruned_Recent.prefab,.prefab,18334,b2b73f24f1dd66487b6ee403c91787eb,PrefabImporter:,,
Assets/ForestPrototype/Prefabs/Forestry/Pruning/Sitka_Mature_Benchmark_01/Sitka_Mature_Benchmark_01_MediumPruned_Healed.prefab,.prefab,18330,cce5e4985694b022eae63fb3782410bb,PrefabImporter:,,
Assets/ForestPrototype/Prefabs/Forestry/Pruning/Sitka_Mature_Benchmark_01/Sitka_Mature_Benchmark_01_MediumPruned_Recent.prefab,.prefab,18340,5fde75ab160807df996d74e4ca4cdbac,PrefabImporter:,,
Assets/ForestPrototype/Prefabs/Forestry/Pruning/Sitka_Mature_Benchmark_01/Sitka_Mature_Benchmark_01_Unpruned.prefab,.prefab,16226,69a172cf4adc70f1fbcc66e989755893,PrefabImporter:,,
Assets/ForestPrototype/Prefabs/Forestry/Pruning/Sitka_OldLarge_01/Sitka_OldLarge_01_HighPruned_Healed.prefab,.prefab,18555,6a3e9333df664447ea30ebe762aaa199,PrefabImporter:,,
Assets/ForestPrototype/Prefabs/Forestry/Pruning/Sitka_OldLarge_01/Sitka_OldLarge_01_HighPruned_Recent.prefab,.prefab,18540,9c4ec034b431cc36d8bc6510924c8235,PrefabImporter:,,
Assets/ForestPrototype/Prefabs/Forestry/Pruning/Sitka_OldLarge_01/Sitka_OldLarge_01_LowPruned_Healed.prefab,.prefab,18556,fdf74642799d68fa0848cb79f4735abf,PrefabImporter:,,
Assets/ForestPrototype/Prefabs/Forestry/Pruning/Sitka_OldLarge_01/Sitka_OldLarge_01_LowPruned_Recent.prefab,.prefab,18545,45b71ab195d1bd60082af2229aa33a88,PrefabImporter:,,
Assets/ForestPrototype/Prefabs/Forestry/Pruning/Sitka_OldLarge_01/Sitka_OldLarge_01_MediumPruned_Healed.prefab,.prefab,18553,53d4d78b12ffa5ebaa0c523e7a8b55c3,PrefabImporter:,,
Assets/ForestPrototype/Prefabs/Forestry/Pruning/Sitka_OldLarge_01/Sitka_OldLarge_01_MediumPruned_Recent.prefab,.prefab,18566,ee1fb44c9885482239b894e11cfcb922,PrefabImporter:,,
Assets/ForestPrototype/Prefabs/Forestry/Pruning/Sitka_OldLarge_01/Sitka_OldLarge_01_Unpruned.prefab,.prefab,16194,a1409ce4707b3ca7481ce78e2a468de5,PrefabImporter:,,
Assets/ForestPrototype/Prefabs/Forestry/Pruning/Sitka_OldLarge_02/Sitka_OldLarge_02_HighPruned_Healed.prefab,.prefab,18591,8e678e9b6acda05a2b3f8a3417f2f67e,PrefabImporter:,,
Assets/ForestPrototype/Prefabs/Forestry/Pruning/Sitka_OldLarge_02/Sitka_OldLarge_02_HighPruned_Recent.prefab,.prefab,18582,84fcc3af18768220cbb4ef68c9647143,PrefabImporter:,,
Assets/ForestPrototype/Prefabs/Forestry/Pruning/Sitka_OldLarge_02/Sitka_OldLarge_02_LowPruned_Healed.prefab,.prefab,18597,364329067a812e575b44dfb98bac31f3,PrefabImporter:,,
Assets/ForestPrototype/Prefabs/Forestry/Pruning/Sitka_OldLarge_02/Sitka_OldLarge_02_LowPruned_Recent.prefab,.prefab,18578,b2bea6ffe2bcde251af4cead040b9650,PrefabImporter:,,
Assets/ForestPrototype/Prefabs/Forestry/Pruning/Sitka_OldLarge_02/Sitka_OldLarge_02_MediumPruned_Healed.prefab,.prefab,18591,d7aeda02f34b2ecf7b51fbd0834a4f34,PrefabImporter:,,
Assets/ForestPrototype/Prefabs/Forestry/Pruning/Sitka_OldLarge_02/Sitka_OldLarge_02_MediumPruned_Recent.prefab,.prefab,18595,d886f5babfa6fdd4284a6db1c4fa40ff,PrefabImporter:,,
Assets/ForestPrototype/Prefabs/Forestry/Pruning/Sitka_OldLarge_02/Sitka_OldLarge_02_Unpruned.prefab,.prefab,16248,70a2998a2af917565a67ab2f668503c7,PrefabImporter:,,
Assets/ForestPrototype/Prefabs/Forestry/Pruning/Sitka_Pole_01/Sitka_Pole_01_HighPruned_Healed.prefab,.prefab,18529,6a078f0cd40533203ac91d8acee79203,PrefabImporter:,,
Assets/ForestPrototype/Prefabs/Forestry/Pruning/Sitka_Pole_01/Sitka_Pole_01_HighPruned_Recent.prefab,.prefab,18530,817667d690250d5ca96df422f341ae78,PrefabImporter:,,
Assets/ForestPrototype/Prefabs/Forestry/Pruning/Sitka_Pole_01/Sitka_Pole_01_LowPruned_Healed.prefab,.prefab,18507,d8f3ee8714e25c0f496c215401bfa8e0,PrefabImporter:,,
Assets/ForestPrototype/Prefabs/Forestry/Pruning/Sitka_Pole_01/Sitka_Pole_01_LowPruned_Recent.prefab,.prefab,18519,c8be7f391f575e7a3b66cbb5f59be3ca,PrefabImporter:,,
Assets/ForestPrototype/Prefabs/Forestry/Pruning/Sitka_Pole_01/Sitka_Pole_01_MediumPruned_Healed.prefab,.prefab,18541,138c06edac635248bb9e1731f4aab098,PrefabImporter:,,
Assets/ForestPrototype/Prefabs/Forestry/Pruning/Sitka_Pole_01/Sitka_Pole_01_MediumPruned_Recent.prefab,.prefab,18531,564d194ce27c75ccd8a3eba758ba57e1,PrefabImporter:,,
Assets/ForestPrototype/Prefabs/Forestry/Pruning/Sitka_Pole_01/Sitka_Pole_01_Unpruned.prefab,.prefab,16189,6fc4c8b081234c78bb956c7cca208157,PrefabImporter:,,
Assets/ForestPrototype/Prefabs/Forestry/Pruning/Sitka_Young_02/Sitka_Young_02_HighPruned_Healed.prefab,.prefab,18568,82923a1afc4e7dca18981b5e576f75e4,PrefabImporter:,,
Assets/ForestPrototype/Prefabs/Forestry/Pruning/Sitka_Young_02/Sitka_Young_02_HighPruned_Recent.prefab,.prefab,18558,feac2c0b6759b4687a90f8ce27e56b63,PrefabImporter:,,
Assets/ForestPrototype/Prefabs/Forestry/Pruning/Sitka_Young_02/Sitka_Young_02_LowPruned_Healed.prefab,.prefab,18572,1c4d73a61920714f286936aa39f2c487,PrefabImporter:,,
Assets/ForestPrototype/Prefabs/Forestry/Pruning/Sitka_Young_02/Sitka_Young_02_LowPruned_Recent.prefab,.prefab,18560,e03c04a02432e00ff9f0a906af7cea9d,PrefabImporter:,,
Assets/ForestPrototype/Prefabs/Forestry/Pruning/Sitka_Young_02/Sitka_Young_02_MediumPruned_Healed.prefab,.prefab,18575,ec37eb9a7ff6a7e698767ccd5efe2171,PrefabImporter:,,
Assets/ForestPrototype/Prefabs/Forestry/Pruning/Sitka_Young_02/Sitka_Young_02_MediumPruned_Recent.prefab,.prefab,18565,1c60a932032239d47b7d81defa48c659,PrefabImporter:,,
Assets/ForestPrototype/Prefabs/Forestry/Pruning/Sitka_Young_02/Sitka_Young_02_Unpruned.prefab,.prefab,16216,c54cc46c845eb788480bcfd416177fc8,PrefabImporter:,,
Assets/ForestPrototype/Prefabs/Forestry/SectionFive/Beech_LeafLitter_Patch_01.prefab,.prefab,11415,bb5da45f2a0aef1eeb6b0b034939a216,PrefabImporter:,,
Assets/ForestPrototype/Prefabs/Forestry/SectionFive/Beech_Sapling_01.prefab,.prefab,12971,b9f1c527854d7effcb86538d25c9a27b,PrefabImporter:,,
Assets/ForestPrototype/Prefabs/Forestry/SectionFive/Bilberry_Type_Cover_01.prefab,.prefab,13125,4ab4beeb5b0496bd9b2166798fc99965,PrefabImporter:,,
Assets/ForestPrototype/Prefabs/Forestry/SectionFive/Bracken_Clump_01.prefab,.prefab,12117,783f83b735c5acb368cc16fe0ecf6739,PrefabImporter:,,
Assets/ForestPrototype/Prefabs/Forestry/SectionFive/Bramble_Clump_01.prefab,.prefab,12109,5df9c9c228cb65768bee9a7a69c2d722,PrefabImporter:,,
Assets/ForestPrototype/Prefabs/Forestry/SectionFive/Deadwood_Bracket_Cluster_01.prefab,.prefab,12157,923648f6649970482b6cc2422ff64038,PrefabImporter:,,
Assets/ForestPrototype/Prefabs/Forestry/SectionFive/Deadwood_Mushroom_Cluster_01.prefab,.prefab,12163,5f6a396b3e935135087c9b01dde0612e,PrefabImporter:,,
Assets/ForestPrototype/Prefabs/Forestry/SectionFive/Ground_Moss_Patch_01.prefab,.prefab,11354,1386351ae34cd0bb6bc3b3161de174eb,PrefabImporter:,,
Assets/ForestPrototype/Prefabs/Forestry/SectionFive/Ground_Moss_ShootMat_03.prefab,.prefab,14101,8394088696e2bda95bebeea5eb74472c,PrefabImporter:,,
Assets/ForestPrototype/Prefabs/Forestry/SectionFive/Mixed_LeafLitter_Patch_01.prefab,.prefab,11420,bf659e24eeb801b4a9609abcd0cb875b,PrefabImporter:,,
Assets/ForestPrototype/Prefabs/Forestry/SectionFive/Moss_Deadwood_Patch_01.prefab,.prefab,12137,fa480f071ad64d82ebe4cbc22d4db966,PrefabImporter:,,
Assets/ForestPrototype/Prefabs/Forestry/SectionFive/Oak_LeafLitter_Patch_01.prefab,.prefab,11408,72828508f67fde54f9899faa3531d60e,PrefabImporter:,,
Assets/ForestPrototype/Prefabs/Forestry/SectionFive/SS_Defect_Bent_Mature_02.prefab,.prefab,14599,ddb84386c220f8be482dfec50aa7af54,PrefabImporter:,,
Assets/ForestPrototype/Prefabs/Forestry/SectionFive/SS_Defect_Bent_PostMature_02.prefab,.prefab,14609,8f523184ae226b57881463dd8737d46f,PrefabImporter:,,
Assets/ForestPrototype/Prefabs/Forestry/SectionFive/SS_Defect_Bent_Young_02.prefab,.prefab,14595,46a062cac903f8755a29f305b565d8bf,PrefabImporter:,,
Assets/ForestPrototype/Prefabs/Forestry/SectionFive/SS_Defect_Cavity_Mature_02.prefab,.prefab,15341,70f02dd055be75245bbf4e3e72f92dfa,PrefabImporter:,,
Assets/ForestPrototype/Prefabs/Forestry/SectionFive/SS_Defect_Cavity_PostMature_02.prefab,.prefab,15355,d04eed0afd7a318a5bac6b351af08756,PrefabImporter:,,
Assets/ForestPrototype/Prefabs/Forestry/SectionFive/SS_Defect_Cavity_Young_02.prefab,.prefab,15342,0931da2adabd5d130867af5c00e0a42d,PrefabImporter:,,
Assets/ForestPrototype/Prefabs/Forestry/SectionFive/SS_Log_Decayed_01.prefab,.prefab,12858,20ff68d588fa9ecdab57e97a87c71b64,PrefabImporter:,,
Assets/ForestPrototype/Prefabs/Forestry/SectionFive/SS_Log_Fresh_01.prefab,.prefab,12110,b272024976b8b9031ae3ee899ebb25e9,PrefabImporter:,,
Assets/ForestPrototype/Prefabs/Forestry/SectionFive/SS_Stump_01.prefab,.prefab,12092,3c9e69a2182e84cfba39e5e767a51b51,PrefabImporter:,,
Assets/ForestPrototype/Prefabs/Forestry/SectionFive/ShadeFern_Clump_01.prefab,.prefab,12113,e989544babede745782513a761bc986b,PrefabImporter:,,
Assets/ForestPrototype/Prefabs/Forestry/SectionFive/Small_Deadwood_Scatter_01.prefab,.prefab,11415,9fc814e4844416bb9960a96773b4ba93,PrefabImporter:,,
Assets/ForestPrototype/Prefabs/Forestry/SectionFive/Small_Deadwood_Scatter_02.prefab,.prefab,11420,5b41896f2e5505b2eb621f98ad98be5c,PrefabImporter:,,
Assets/ForestPrototype/Prefabs/Forestry/SectionFive/Woodland_Forb_Flowering_01.prefab,.prefab,13628,9604c064de96c27fa811a432fdee94cf,PrefabImporter:,,
Assets/ForestPrototype/Prefabs/Forestry/SectionFive/Woodland_Forb_Rosette_01.prefab,.prefab,12147,b7577855b4c103f959a785d2c24a7006,PrefabImporter:,,
Assets/ForestPrototype/Prefabs/Forestry/SectionFive/Woodland_Grass_Tuft_01.prefab,.prefab,12136,d4d183b043337a24792b3ee7ab053d28,PrefabImporter:,,
Assets/ForestPrototype/Prefabs/Forestry/SectionFive/Woodland_Grass_Tuft_02.prefab,.prefab,12135,75b9054edc1beefdf9fff543dea42d38,PrefabImporter:,,
Assets/ForestPrototype/Prefabs/Forestry/SectionFive/Woodland_Grass_Tuft_03.prefab,.prefab,12138,6c7b2fb89f324fedfbca9452ded137e8,PrefabImporter:,,
Assets/ForestPrototype/Prefabs/Forestry/SectionFive/Woodland_Rush_Clump_01.prefab,.prefab,12624,98274ed5d15bb0046b4d7fcf31088ac4,PrefabImporter:,,
Assets/ForestPrototype/Prefabs/Forestry/SectionFive/Woodland_Rush_Clump_02.prefab,.prefab,12626,a9c3c2d9af8c420eda855a54e33ced25,PrefabImporter:,,
Assets/ForestPrototype/Prefabs/PF_ConiferCanopy.prefab,.prefab,8885,258dc4dafc4802c77926beb95e21e595,PrefabImporter:,,
Assets/ForestPrototype/Prefabs/SessileOakMature01.prefab,.prefab,16764,359ba6891642a8f3bad63276b247fd7c,PrefabImporter:,,
Assets/ForestPrototype/Prefabs/SessileOakSapling01.prefab,.prefab,16759,c4596a7c173caf3abb62f34a81a7c2de,PrefabImporter:,,
Assets/ForestPrototype/Prefabs/SessileOakYoung01.prefab,.prefab,16767,5e36da8824858cb6ea2d0fedd68b45f7,PrefabImporter:,,
Assets/ForestPrototype/Prefabs/SitkaMature01.prefab,.prefab,6878,f5471b288e575e9d3b6e72bd7bd9f3c5,PrefabImporter:,,
Assets/ForestPrototype/Prefabs/SitkaPole01.prefab,.prefab,28665,cdae1a7e37c9229c6a6e96857019476c,PrefabImporter:,,
Assets/ForestPrototype/Prefabs/SitkaSeedling01.prefab,.prefab,25964,95f25f41933759b06b299705cf53339a,PrefabImporter:,,
Assets/ForestPrototype/UI/Resources/ScenarioOneUi.uss,.uss,7346,17906212f6f0d87e8b48eaa5d3fbdded,ScriptedImporter:,,
Assets/ForestPrototype/UI/Resources/ScenarioOneUiTheme.tss,.tss,72,61841afcaf0d8d04d971d7e68b96a6d5,ScriptedImporter:,,
Assets/TutorialInfo/Icons/URP.png,.png,24069,727a75301c3d24613a3ebcec4a24c2c8,TextureImporter:,2048,
Assets/TutorialInfo/StyleSheets/ReadmeEditor.uss,.uss,1124,d2c670ece470f4c4fa6712b8dc28a9bb,ScriptedImporter:,,
Assets/TutorialInfo/StyleSheets/ReadmeEditorDark.uss,.uss,34,1f902e57f049a7f47986618de93f5ee1,ScriptedImporter:,,
Assets/TutorialInfo/StyleSheets/ReadmeEditorLight.uss,.uss,34,69e7ab73923f93149821ac3a88b84856,ScriptedImporter:,,
