run,repeat,year,species,mean_bramble,mean_bracken,natural_remaining,vegetation_loss,light_loss,browse_loss,cumulative_natural_promotions,first_promotion_year,planted_alive,planted_promoted,planted_vegetation_deaths,planted_light_deaths,planted_browse_deaths,clearance_removals_relative,clearance_removed_planted,clearance_count,clearance_cost_cents,planting_count,shelter_count,cash_cents,living_adults,total_basal_area_m2,world_hash
moderate-targeted-clear0,0,1,sitka-spruce,0.07622734,0.07622734,1.75488853,0,0,0,0,-1,0,0,0,0,0,0,0,0,0,12,0,1014083,202,4.153479,
moderate-targeted-clear0,0,1,sessile-oak,0.07622734,0.07622734,0,0,0,0,0,-1,4,0,0,2,0,0,0,0,0,12,0,1014083,202,4.153479,
moderate-targeted-clear0,0,1,beech,0.07622734,0.07622734,0,0,0,0,0,-1,6,0,0,0,0,0,0,0,0,12,0,1014083,202,4.153479,
moderate-targeted-clear0,0,2,sitka-spruce,0.111610495,0.111610495,2.99788523,0.159001559,0.0242045373,0,0,-1,0,0,0,0,0,0,0,0,0,12,0,1014083,202,4.415285,
moderate-targeted-clear0,0,2,sessile-oak,0.111610495,0.111610495,0,0,0,0,0,-1,2,0,0,4,0,0,0,0,0,12,0,1014083,202,4.415285,
moderate-targeted-clear0,0,2,beech,0.111610495,0.111610495,0,0,0,0,0,-1,5,0,0,1,0,0,0,0,0,12,0,1014083,202,4.415285,
moderate-targeted-clear0,0,3,sitka-spruce,0.1383172,0.1383172,6.465016,0.475964546,0.0642006546,0,0,-1,0,0,0,0,0,0,0,0,0,12,0,1014083,202,4.68407249,
moderate-targeted-clear0,0,3,sessile-oak,0.1383172,0.1383172,0,0,0,0,0,-1,2,0,0,4,0,0,0,0,0,12,0,1014083,202,4.68407249,
moderate-targeted-clear0,0,3,beech,0.1383172,0.1383172,0,0,0,0,0,-1,5,0,0,1,0,0,0,0,0,12,0,1014083,202,4.68407249,
moderate-targeted-clear0,0,4,sitka-spruce,0.158703208,0.158703208,8.026973,1.21357775,0.156717882,0,0,-1,0,0,0,0,0,0,0,0,0,12,0,1014083,202,4.959723,
moderate-targeted-clear0,0,4,sessile-oak,0.158703208,0.158703208,0,0,0,0,0,-1,2,0,0,4,0,0,0,0,0,12,0,1014083,202,4.959723,
moderate-targeted-clear0,0,4,beech,0.158703208,0.158703208,0,0,0,0,0,-1,5,0,0,1,0,0,0,0,0,12,0,1014083,202,4.959723,
moderate-targeted-clear0,0,5,sitka-spruce,0.174423128,0.174423128,9.802108,2.11906075,0.257837951,0,0,-1,0,0,0,0,0,0,0,0,0,12,0,1014083,202,5.24211836,
moderate-targeted-clear0,0,5,sessile-oak,0.174423128,0.174423128,0,0,0,0,0,-1,2,0,0,4,0,0,0,0,0,12,0,1014083,202,5.24211836,
moderate-targeted-clear0,0,5,beech,0.174423128,0.174423128,0,0,0,0,0,-1,5,0,0,1,0,0,0,0,0,12,0,1014083,202,5.24211836,
moderate-targeted-clear0,0,6,sitka-spruce,0.186621681,0.186621681,13.9309425,3.16128778,0.3836248,0,0,-1,0,0,0,0,0,0,0,0,0,12,0,1014083,202,5.531142,
moderate-targeted-clear0,0,6,sessile-oak,0.186621681,0.186621681,0,0,0,0,0,-1,2,0,0,4,0,0,0,0,0,12,0,1014083,202,5.531142,
moderate-targeted-clear0,0,6,beech,0.186621681,0.186621681,0,0,0,0,0,-1,4,0,0,2,0,0,0,0,0,12,0,1014083,202,5.531142,
moderate-targeted-clear0,0,7,sitka-spruce,0.196131676,0.196131676,17.9359131,4.64261055,0.5663362,0,0,-1,0,0,0,0,0,0,0,0,0,12,0,1014083,202,5.82667828,
moderate-targeted-clear0,0,7,sessile-oak,0.196131676,0.196131676,0,0,0,0,0,-1,2,0,0,4,0,0,0,0,0,12,0,1014083,202,5.82667828,
moderate-targeted-clear0,0,7,beech,0.196131676,0.196131676,0,0,0,0,0,-1,4,0,0,2,0,0,0,0,0,12,0,1014083,202,5.82667828,
moderate-targeted-clear0,0,8,sitka-spruce,0.203496039,0.203496039,22.39843,6.51460838,0.797127545,0,0,-1,0,0,0,0,0,0,0,0,0,12,0,1014083,202,6.128613,
moderate-targeted-clear0,0,8,sessile-oak,0.203496039,0.203496039,0,0,0,0,0,-1,2,0,0,4,0,0,0,0,0,12,0,1014083,202,6.128613,
moderate-targeted-clear0,0,8,beech,0.203496039,0.203496039,0,0,0,0,0,-1,4,0,0,2,0,0,0,0,0,12,0,1014083,202,6.128613,
moderate-targeted-clear0,0,9,sitka-spruce,0.209159747,0.209159747,24.00491,8.766943,1.06425071,0,0,-1,0,0,0,0,0,0,0,0,0,12,0,1014083,205,6.44427347,
moderate-targeted-clear0,0,9,sessile-oak,0.209159747,0.209159747,0,0,0,0,0,9,0,2,0,4,0,0,0,0,0,12,0,1014083,205,6.44427347,
moderate-targeted-clear0,0,9,beech,0.209159747,0.209159747,0,0,0,0,0,9,3,1,0,2,0,0,0,0,0,12,0,1014083,205,6.44427347,
moderate-targeted-clear0,0,10,sitka-spruce,0.211609051,0.211609051,25.7992516,10.9569607,1.29077578,0,0,-1,0,0,0,0,0,0,0,0,0,12,0,1014083,205,6.75897,07F528FBFB6A5500
moderate-targeted-clear0,0,10,sessile-oak,0.211609051,0.211609051,0,0,0,0,0,9,0,2,0,4,0,0,0,0,0,12,0,1014083,205,6.75897,07F528FBFB6A5500
moderate-targeted-clear0,0,10,beech,0.211609051,0.211609051,0,0,0,0,0,9,3,1,0,2,0,0,0,0,0,12,0,1014083,205,6.75897,07F528FBFB6A5500
moderate-targeted-clear0,0,11,sitka-spruce,0.2136415,0.2136415,27.5306816,12.95026,1.50471425,0,0,-1,0,0,0,0,0,0,0,0,0,12,0,1014083,205,7.079736,
moderate-targeted-clear0,0,11,sessile-oak,0.2136415,0.2136415,0,0,0,0,0,9,0,2,0,4,0,0,0,0,0,12,0,1014083,205,7.079736,
moderate-targeted-clear0,0,11,beech,0.2136415,0.2136415,0,0,0,0,0,9,3,1,0,2,0,0,0,0,0,12,0,1014083,205,7.079736,
moderate-targeted-clear0,0,12,sitka-spruce,0.215168417,0.215168417,30.1075535,14.81318,1.73063338,0,0,-1,0,0,0,0,0,0,0,0,0,12,0,1014083,206,7.408825,
moderate-targeted-clear0,0,12,sessile-oak,0.215168417,0.215168417,0,0,0,0,0,9,0,2,0,4,0,0,0,0,0,12,0,1014083,206,7.408825,
moderate-targeted-clear0,0,12,beech,0.215168417,0.215168417,0,0,0,0,0,9,2,2,0,2,0,0,0,0,0,12,0,1014083,206,7.408825,
moderate-targeted-clear0,0,13,sitka-spruce,0.21587646,0.21587646,31.7656822,16.6784172,1.99533689,0,0,-1,0,0,0,0,0,0,0,0,0,12,0,1014083,206,7.741282,
moderate-targeted-clear0,0,13,sessile-oak,0.21587646,0.21587646,0,0,0,0,0,9,0,2,0,4,0,0,0,0,0,12,0,1014083,206,7.741282,
moderate-targeted-clear0,0,13,beech,0.21587646,0.21587646,0,0,0,0,0,9,2,2,0,2,0,0,0,0,0,12,0,1014083,206,7.741282,
moderate-targeted-clear0,0,14,sitka-spruce,0.216270626,0.216270626,31.5830536,18.3372917,2.29237127,0,2,14,0,0,0,0,0,0,0,0,0,12,0,1014083,209,8.086504,
moderate-targeted-clear0,0,14,sessile-oak,0.216270626,0.216270626,0,0,0,0,0,9,0,2,0,4,0,0,0,0,0,12,0,1014083,209,8.086504,
moderate-targeted-clear0,0,14,beech,0.216270626,0.216270626,0,0,0,0,0,9,1,3,0,2,0,0,0,0,0,12,0,1014083,209,8.086504,
moderate-targeted-clear0,0,15,sitka-spruce,0.214640111,0.214640111,30.9034863,19.78243,2.72861576,0,9,14,0,0,0,0,0,0,0,0,0,12,0,1014083,216,8.447004,
moderate-targeted-clear0,0,15,sessile-oak,0.214640111,0.214640111,0,0,0,0,0,9,0,2,0,4,0,0,0,0,0,12,0,1014083,216,8.447004,
moderate-targeted-clear0,0,15,beech,0.214640111,0.214640111,0,0,0,0,0,9,1,3,0,2,0,0,0,0,0,12,0,1014083,216,8.447004,
moderate-targeted-clear0,0,16,sitka-spruce,0.208030924,0.208030924,31.4978886,21.1132278,3.18979359,0,12,14,0,0,0,0,0,0,0,0,0,12,0,1014083,220,8.807571,
moderate-targeted-clear0,0,16,sessile-oak,0.208030924,0.208030924,0,0,0,0,0,9,0,2,0,4,0,0,0,0,0,12,0,1014083,220,8.807571,
moderate-targeted-clear0,0,16,beech,0.208030924,0.208030924,0,0,0,0,0,9,0,4,0,2,0,0,0,0,0,12,0,1014083,220,8.807571,
moderate-targeted-clear0,0,17,sitka-spruce,0.202403218,0.202403218,32.96823,22.4495449,3.77931118,0,12,14,0,0,0,0,0,0,0,0,0,12,0,1014083,220,9.164538,
moderate-targeted-clear0,0,17,sessile-oak,0.202403218,0.202403218,0,0,0,0,0,9,0,2,0,4,0,0,0,0,0,12,0,1014083,220,9.164538,
moderate-targeted-clear0,0,17,beech,0.202403218,0.202403218,0,0,0,0,0,9,0,4,0,2,0,0,0,0,0,12,0,1014083,220,9.164538,
moderate-targeted-clear0,0,18,sitka-spruce,0.199111059,0.199111059,34.0826035,23.8412018,4.328102,0,12,14,0,0,0,0,0,0,0,0,0,12,0,1014083,219,9.494148,
moderate-targeted-clear0,0,18,sessile-oak,0.199111059,0.199111059,0,0,0,0,0,9,0,2,0,4,0,0,0,0,0,12,0,1014083,219,9.494148,
moderate-targeted-clear0,0,18,beech,0.199111059,0.199111059,0,0,0,0,0,9,0,4,0,2,0,0,0,0,0,12,0,1014083,219,9.494148,
moderate-targeted-clear0,0,19,sitka-spruce,0.19663766,0.19663766,29.7596874,25.1434631,4.8896265,0,19,14,0,0,0,0,0,0,0,0,0,12,0,1014083,226,9.877723,
moderate-targeted-clear0,0,19,sessile-oak,0.19663766,0.19663766,0,0,0,0,0,9,0,2,0,4,0,0,0,0,0,12,0,1014083,226,9.877723,
moderate-targeted-clear0,0,19,beech,0.19663766,0.19663766,0,0,0,0,0,9,0,4,0,2,0,0,0,0,0,12,0,1014083,226,9.877723,
moderate-targeted-clear0,0,20,sitka-spruce,0.190600574,0.190600574,28.5848885,26.2311554,5.41587257,0,23,14,0,0,0,0,0,0,0,0,0,12,0,1014083,229,10.2058048,
moderate-targeted-clear0,0,20,sessile-oak,0.190600574,0.190600574,0,0,0,0,0,9,0,2,0,4,0,0,0,0,0,12,0,1014083,229,10.2058048,
moderate-targeted-clear0,0,20,beech,0.190600574,0.190600574,0,0,0,0,0,9,0,4,0,2,0,0,0,0,0,12,0,1014083,229,10.2058048,
moderate-targeted-clear0,0,21,sitka-spruce,0.1838345,0.1838345,31.02003,27.273201,6.179834,0,24,14,0,0,0,0,0,0,0,0,0,12,0,1014083,230,10.5877275,
moderate-targeted-clear0,0,21,sessile-oak,0.1838345,0.1838345,0,0,0,0,0,9,0,2,0,4,0,0,0,0,0,12,0,1014083,230,10.5877275,
moderate-targeted-clear0,0,21,beech,0.1838345,0.1838345,0,0,0,0,0,9,0,4,0,2,0,0,0,0,0,12,0,1014083,230,10.5877275,
moderate-targeted-clear0,0,22,sitka-spruce,0.17926769,0.17926769,31.03333,28.5702457,6.91649,0,27,14,0,0,0,0,0,0,0,0,0,12,0,1014083,231,10.90548,
moderate-targeted-clear0,0,22,sessile-oak,0.17926769,0.17926769,0,0,0,0,0,9,0,2,0,4,0,0,0,0,0,12,0,1014083,231,10.90548,
moderate-targeted-clear0,0,22,beech,0.17926769,0.17926769,0,0,0,0,0,9,0,4,0,2,0,0,0,0,0,12,0,1014083,231,10.90548,
moderate-targeted-clear0,0,23,sitka-spruce,0.175581187,0.175581187,31.90817,29.97434,7.737578,0,28,14,0,0,0,0,0,0,0,0,0,12,0,1014083,230,11.19859,
moderate-targeted-clear0,0,23,sessile-oak,0.175581187,0.175581187,0,0,0,0,0,9,0,2,0,4,0,0,0,0,0,12,0,1014083,230,11.19859,
moderate-targeted-clear0,0,23,beech,0.175581187,0.175581187,0,0,0,0,0,9,0,4,0,2,0,0,0,0,0,12,0,1014083,230,11.19859,
moderate-targeted-clear0,0,24,sitka-spruce,0.172537982,0.172537982,31.3294582,31.304924,8.517081,0,32,14,0,0,0,0,0,0,0,0,0,12,0,1014083,231,11.4466476,
moderate-targeted-clear0,0,24,sessile-oak,0.172537982,0.172537982,0,0,0,0,0,9,0,2,0,4,0,0,0,0,0,12,0,1014083,231,11.4466476,
moderate-targeted-clear0,0,24,beech,0.172537982,0.172537982,0,0,0,0,0,9,0,4,0,2,0,0,0,0,0,12,0,1014083,231,11.4466476,
moderate-targeted-clear0,0,25,sitka-spruce,0.168488592,0.168488592,32.76818,32.5442047,9.249206,0,33,14,0,0,0,0,0,0,0,0,0,12,0,1014083,227,11.6766062,687133FFC38B60F7
moderate-targeted-clear0,0,25,sessile-oak,0.168488592,0.168488592,0,0,0,0,0,9,0,2,0,4,0,0,0,0,0,12,0,1014083,227,11.6766062,687133FFC38B60F7
moderate-targeted-clear0,0,25,beech,0.168488592,0.168488592,0,0,0,0,0,9,0,4,0,2,0,0,0,0,0,12,0,1014083,227,11.6766062,687133FFC38B60F7
moderate-targeted-clear0,0,26,sitka-spruce,0.165206715,0.165206715,32.45528,33.7791367,10.152813,0,36,14,0,0,0,0,0,0,0,0,0,12,0,1014083,227,11.93967,
moderate-targeted-clear0,0,26,sessile-oak,0.165206715,0.165206715,0,0,0,0,0,9,0,2,0,4,0,0,0,0,0,12,0,1014083,227,11.93967,
moderate-targeted-clear0,0,26,beech,0.165206715,0.165206715,0,0,0,0,0,9,0,4,0,2,0,0,0,0,0,12,0,1014083,227,11.93967,
moderate-targeted-clear0,0,27,sitka-spruce,0.162509054,0.162509054,32.72525,34.9134674,10.9944487,0,36,14,0,0,0,0,0,0,0,0,0,12,0,1014083,221,12.09064,
moderate-targeted-clear0,0,27,sessile-oak,0.162509054,0.162509054,0,0,0,0,0,9,0,2,0,4,0,0,0,0,0,12,0,1014083,221,12.09064,
moderate-targeted-clear0,0,27,beech,0.162509054,0.162509054,0,0,0,0,0,9,0,4,0,2,0,0,0,0,0,12,0,1014083,221,12.09064,
moderate-targeted-clear0,0,28,sitka-spruce,0.161000311,0.161000311,32.9431076,35.94954,11.7525,0,37,14,0,0,0,0,0,0,0,0,0,12,0,1014083,217,12.3336592,
moderate-targeted-clear0,0,28,sessile-oak,0.161000311,0.161000311,0,0,0,0,0,9,0,2,0,4,0,0,0,0,0,12,0,1014083,217,12.3336592,
moderate-targeted-clear0,0,28,beech,0.161000311,0.161000311,0,0,0,0,0,9,0,4,0,2,0,0,0,0,0,12,0,1014083,217,12.3336592,
moderate-targeted-clear0,0,29,sitka-spruce,0.1617655,0.1617655,32.93384,36.9378471,12.47862,0,40,14,0,0,0,0,0,0,0,0,0,12,0,1014083,210,12.4306946,
moderate-targeted-clear0,0,29,sessile-oak,0.1617655,0.1617655,0,0,0,0,0,9,0,2,0,4,0,0,0,0,0,12,0,1014083,210,12.4306946,
moderate-targeted-clear0,0,29,beech,0.1617655,0.1617655,0,0,0,0,0,9,0,4,0,2,0,0,0,0,0,12,0,1014083,210,12.4306946,
moderate-targeted-clear0,0,30,sitka-spruce,0.159925789,0.159925789,32.78785,37.8649445,13.4355049,0,44,14,0,0,0,0,0,0,0,0,0,12,0,1014083,210,12.6406336,
moderate-targeted-clear0,0,30,sessile-oak,0.159925789,0.159925789,0,0,0,0,0,9,0,2,0,4,0,0,0,0,0,12,0,1014083,210,12.6406336,
moderate-targeted-clear0,0,30,beech,0.159925789,0.159925789,0,0,0,0,0,9,0,4,0,2,0,0,0,0,0,12,0,1014083,210,12.6406336,
moderate-targeted-clear0,0,31,sitka-spruce,0.158449158,0.158449158,33.114006,38.85602,14.780179,0,46,14,0,0,0,0,0,0,0,0,0,12,0,1014083,205,12.7911749,
moderate-targeted-clear0,0,31,sessile-oak,0.158449158,0.158449158,0,0,0,0,0,9,0,2,0,4,0,0,0,0,0,12,0,1014083,205,12.7911749,
moderate-targeted-clear0,0,31,beech,0.158449158,0.158449158,0,0,0,0,0,9,0,4,0,2,0,0,0,0,0,12,0,1014083,205,12.7911749,
moderate-targeted-clear0,0,32,sitka-spruce,0.15832451,0.15832451,33.1995773,39.90514,16.1933575,0,47,14,0,0,0,0,0,0,0,0,0,12,0,1014083,197,13.0229921,
moderate-targeted-clear0,0,32,sessile-oak,0.15832451,0.15832451,0,0,0,0,0,9,0,2,0,4,0,0,0,0,0,12,0,1014083,197,13.0229921,
moderate-targeted-clear0,0,32,beech,0.15832451,0.15832451,0,0,0,0,0,9,0,4,0,2,0,0,0,0,0,12,0,1014083,197,13.0229921,
moderate-targeted-clear0,0,33,sitka-spruce,0.161698133,0.161698133,32.640358,40.9615479,17.39154,0,49,14,0,0,0,0,0,0,0,0,0,12,0,1014083,184,12.7210627,
moderate-targeted-clear0,0,33,sessile-oak,0.161698133,0.161698133,0,0,0,0,0,9,0,2,0,4,0,0,0,0,0,12,0,1014083,184,12.7210627,
moderate-targeted-clear0,0,33,beech,0.161698133,0.161698133,0,0,0,0,0,9,0,4,0,2,0,0,0,0,0,12,0,1014083,184,12.7210627,
moderate-targeted-clear0,0,34,sitka-spruce,0.164444312,0.164444312,33.3319244,42.01149,18.68134,0,49,14,0,0,0,0,0,0,0,0,0,12,0,1014083,174,12.8006172,
moderate-targeted-clear0,0,34,sessile-oak,0.164444312,0.164444312,0,0,0,0,0,9,0,2,0,4,0,0,0,0,0,12,0,1014083,174,12.8006172,
moderate-targeted-clear0,0,34,beech,0.164444312,0.164444312,0,0,0,0,0,9,0,4,0,2,0,0,0,0,0,12,0,1014083,174,12.8006172,
moderate-targeted-clear0,0,35,sitka-spruce,0.168702781,0.168702781,33.5030251,43.13389,19.9626064,0,52,14,0,0,0,0,0,0,0,0,0,12,0,1014083,167,12.9527988,
moderate-targeted-clear0,0,35,sessile-oak,0.168702781,0.168702781,0,0,0,0,0,9,0,2,0,4,0,0,0,0,0,12,0,1014083,167,12.9527988,
moderate-targeted-clear0,0,35,beech,0.168702781,0.168702781,0,0,0,0,0,9,0,4,0,2,0,0,0,0,0,12,0,1014083,167,12.9527988,
moderate-targeted-clear0,0,36,sitka-spruce,0.173347458,0.173347458,32.554924,44.30846,21.1783237,0,55,14,0,0,0,0,0,0,0,0,0,12,0,1014083,162,12.8184366,
moderate-targeted-clear0,0,36,sessile-oak,0.173347458,0.173347458,0,0,0,0,0,9,0,2,0,4,0,0,0,0,0,12,0,1014083,162,12.8184366,
moderate-targeted-clear0,0,36,beech,0.173347458,0.173347458,0,0,0,0,0,9,0,4,0,2,0,0,0,0,0,12,0,1014083,162,12.8184366,
moderate-targeted-clear0,0,37,sitka-spruce,0.176360473,0.176360473,31.3484135,45.52071,22.41127,0,59,14,0,0,0,0,0,0,0,0,0,12,0,1014083,161,12.9530439,
moderate-targeted-clear0,0,37,sessile-oak,0.176360473,0.176360473,0,0,0,0,0,9,0,2,0,4,0,0,0,0,0,12,0,1014083,161,12.9530439,
moderate-targeted-clear0,0,37,beech,0.176360473,0.176360473,0,0,0,0,0,9,0,4,0,2,0,0,0,0,0,12,0,1014083,161,12.9530439,
moderate-targeted-clear0,0,38,sitka-spruce,0.18010217,0.18010217,32.4445534,46.7472343,23.39374,0,60,14,0,0,0,0,0,0,0,0,0,12,0,1014083,151,12.7270184,
moderate-targeted-clear0,0,38,sessile-oak,0.18010217,0.18010217,0,0,0,0,0,9,0,2,0,4,0,0,0,0,0,12,0,1014083,151,12.7270184,
moderate-targeted-clear0,0,38,beech,0.18010217,0.18010217,0,0,0,0,0,9,0,4,0,2,0,0,0,0,0,12,0,1014083,151,12.7270184,
moderate-targeted-clear0,0,39,sitka-spruce,0.186395377,0.186395377,36.4011,48.05868,24.0793324,0,60,14,0,0,0,0,0,0,0,0,0,12,0,1014083,140,12.4011688,
moderate-targeted-clear0,0,39,sessile-oak,0.186395377,0.186395377,0,0,0,0,0,9,0,2,0,4,0,0,0,0,0,12,0,1014083,140,12.4011688,
moderate-targeted-clear0,0,39,beech,0.186395377,0.186395377,0,0,0,0,0,9,0,4,0,2,0,0,0,0,0,12,0,1014083,140,12.4011688,
moderate-targeted-clear0,0,40,sitka-spruce,0.1896028,0.1896028,36.17929,49.58604,24.73983,0,63,14,0,0,0,0,0,0,0,0,0,12,0,1014083,140,12.697504,
moderate-targeted-clear0,0,40,sessile-oak,0.1896028,0.1896028,0,0,0,0,0,9,0,2,0,4,0,0,0,0,0,12,0,1014083,140,12.697504,
moderate-targeted-clear0,0,40,beech,0.1896028,0.1896028,0,0,0,0,0,9,0,4,0,2,0,0,0,0,0,12,0,1014083,140,12.697504,
moderate-targeted-clear0,0,41,sitka-spruce,0.191344127,0.191344127,39.040287,51.099823,25.41581,0,65,14,0,0,0,0,0,0,0,0,0,12,0,1014083,136,12.9371891,
moderate-targeted-clear0,0,41,sessile-oak,0.191344127,0.191344127,0,0,0,0,0,9,0,2,0,4,0,0,0,0,0,12,0,1014083,136,12.9371891,
moderate-targeted-clear0,0,41,beech,0.191344127,0.191344127,0,0,0,0,0,9,0,4,0,2,0,0,0,0,0,12,0,1014083,136,12.9371891,
moderate-targeted-clear0,0,42,sitka-spruce,0.190711543,0.190711543,41.32091,52.7641335,26.0767975,0,66,14,0,0,0,0,0,0,0,0,0,12,0,1014083,134,13.3173771,
moderate-targeted-clear0,0,42,sessile-oak,0.190711543,0.190711543,0,0,0,0,0,9,0,2,0,4,0,0,0,0,0,12,0,1014083,134,13.3173771,
moderate-targeted-clear0,0,42,beech,0.190711543,0.190711543,0,0,0,0,0,9,0,4,0,2,0,0,0,0,0,12,0,1014083,134,13.3173771,
moderate-targeted-clear0,0,43,sitka-spruce,0.193640992,0.193640992,42.71116,54.5146637,26.5954,0,72,14,0,0,0,0,0,0,0,0,0,12,0,1014083,129,12.69627,
moderate-targeted-clear0,0,43,sessile-oak,0.193640992,0.193640992,0,0,0,0,0,9,0,2,0,4,0,0,0,0,0,12,0,1014083,129,12.69627,
moderate-targeted-clear0,0,43,beech,0.193640992,0.193640992,0,0,0,0,0,9,0,4,0,2,0,0,0,0,0,12,0,1014083,129,12.69627,
moderate-targeted-clear0,0,44,sitka-spruce,0.1935462,0.1935462,43.38264,56.2857,27.4301548,0,77,14,0,0,0,0,0,0,0,0,0,12,0,1014083,129,12.9877558,
moderate-targeted-clear0,0,44,sessile-oak,0.1935462,0.1935462,0,0,0,0,0,9,0,2,0,4,0,0,0,0,0,12,0,1014083,129,12.9877558,
moderate-targeted-clear0,0,44,beech,0.1935462,0.1935462,0,0,0,0,0,9,0,4,0,2,0,0,0,0,0,12,0,1014083,129,12.9877558,
moderate-targeted-clear0,0,45,sitka-spruce,0.190987155,0.190987155,43.8947029,57.9724274,28.39787,0,79,14,0,0,0,0,0,0,0,0,0,12,0,1014083,126,13.1322107,
moderate-targeted-clear0,0,45,sessile-oak,0.190987155,0.190987155,0,0,0,0,0,9,0,2,0,4,0,0,0,0,0,12,0,1014083,126,13.1322107,
moderate-targeted-clear0,0,45,beech,0.190987155,0.190987155,0,0,0,0,0,9,0,4,0,2,0,0,0,0,0,12,0,1014083,126,13.1322107,
moderate-targeted-clear0,0,46,sitka-spruce,0.192929134,0.192929134,43.3856277,59.58846,29.3558064,0,82,14,0,0,0,0,0,0,0,0,0,12,0,1014083,120,12.9346666,
moderate-targeted-clear0,0,46,sessile-oak,0.192929134,0.192929134,0,0,0,0,0,9,0,2,0,4,0,0,0,0,0,12,0,1014083,120,12.9346666,
moderate-targeted-clear0,0,46,beech,0.192929134,0.192929134,0,0,0,0,0,9,0,4,0,2,0,0,0,0,0,12,0,1014083,120,12.9346666,
moderate-targeted-clear0,0,47,sitka-spruce,0.19286716,0.19286716,44.87193,61.0136948,30.1731281,0,83,14,0,0,0,0,0,0,0,0,0,12,0,1014083,118,13.2069845,
moderate-targeted-clear0,0,47,sessile-oak,0.19286716,0.19286716,0,0,0,0,0,9,0,2,0,4,0,0,0,0,0,12,0,1014083,118,13.2069845,
moderate-targeted-clear0,0,47,beech,0.19286716,0.19286716,0,0,0,0,0,9,0,4,0,2,0,0,0,0,0,12,0,1014083,118,13.2069845,
moderate-targeted-clear0,0,48,sitka-spruce,0.19456774,0.19456774,42.7825737,62.4348946,30.98717,0,88,14,0,0,0,0,0,0,0,0,0,12,0,1014083,113,12.99825,
moderate-targeted-clear0,0,48,sessile-oak,0.19456774,0.19456774,0,0,0,0,0,9,0,2,0,4,0,0,0,0,0,12,0,1014083,113,12.99825,
moderate-targeted-clear0,0,48,beech,0.19456774,0.19456774,0,0,0,0,0,9,0,4,0,2,0,0,0,0,0,12,0,1014083,113,12.99825,
moderate-targeted-clear0,0,49,sitka-spruce,0.192721754,0.192721754,42.83093,63.73872,32.39885,0,89,14,0,0,0,0,0,0,0,0,0,12,0,1014083,111,13.3560677,
moderate-targeted-clear0,0,49,sessile-oak,0.192721754,0.192721754,0,0,0,0,0,9,0,2,0,4,0,0,0,0,0,12,0,1014083,111,13.3560677,
moderate-targeted-clear0,0,49,beech,0.192721754,0.192721754,0,0,0,0,0,9,0,4,0,2,0,0,0,0,0,12,0,1014083,111,13.3560677,
moderate-targeted-clear0,0,50,sitka-spruce,0.19124268,0.19124268,43.5600433,64.9846344,33.838192,0,91,14,0,0,0,0,0,0,0,0,0,12,0,1014083,110,13.43629,6C10D317A5E9A98A
moderate-targeted-clear0,0,50,sessile-oak,0.19124268,0.19124268,0,0,0,0,0,9,0,2,0,4,0,0,0,0,0,12,0,1014083,110,13.43629,6C10D317A5E9A98A
moderate-targeted-clear0,0,50,beech,0.19124268,0.19124268,0,0,0,0,0,9,0,4,0,2,0,0,0,0,0,12,0,1014083,110,13.43629,6C10D317A5E9A98A
moderate-targeted-clear0,0,51,sitka-spruce,0.190075874,0.190075874,42.3086472,66.28595,35.8572845,0,93,14,0,0,0,0,0,0,0,0,0,12,0,1014083,106,13.2954731,
moderate-targeted-clear0,0,51,sessile-oak,0.190075874,0.190075874,0,0,0,0,0,9,0,2,0,4,0,0,0,0,0,12,0,1014083,106,13.2954731,
moderate-targeted-clear0,0,51,beech,0.190075874,0.190075874,0,0,0,0,0,9,0,4,0,2,0,0,0,0,0,12,0,1014083,106,13.2954731,
moderate-targeted-clear0,0,52,sitka-spruce,0.18875438,0.18875438,40.57306,67.46878,37.5932922,0,98,14,0,0,0,0,0,0,0,0,0,12,0,1014083,106,13.5448608,
moderate-targeted-clear0,0,52,sessile-oak,0.18875438,0.18875438,0,0,0,0,0,9,0,2,0,4,0,0,0,0,0,12,0,1014083,106,13.5448608,
moderate-targeted-clear0,0,52,beech,0.18875438,0.18875438,0.0187102221,0,0,0,0,9,0,4,0,2,0,0,0,0,0,12,0,1014083,106,13.5448608,
moderate-targeted-clear0,0,53,sitka-spruce,0.186374933,0.186374933,39.1842537,68.67083,39.40926,0,102,14,0,0,0,0,0,0,0,0,0,12,0,1014083,105,13.6011114,
moderate-targeted-clear0,0,53,sessile-oak,0.186374933,0.186374933,0,0,0,0,0,9,0,2,0,4,0,0,0,0,0,12,0,1014083,105,13.6011114,
moderate-targeted-clear0,0,53,beech,0.186374933,0.186374933,0.0172312763,0.00147894491,0,0,0,9,0,4,0,2,0,0,0,0,0,12,0,1014083,105,13.6011114,
moderate-targeted-clear0,0,54,sitka-spruce,0.186243564,0.186243564,39.489006,69.91678,40.90383,0,104,14,0,0,0,0,0,0,0,0,0,12,0,1014083,97,13.3466034,
moderate-targeted-clear0,0,54,sessile-oak,0.186243564,0.186243564,0,0,0,0,0,9,0,2,0,4,0,0,0,0,0,12,0,1014083,97,13.3466034,
moderate-targeted-clear0,0,54,beech,0.186243564,0.186243564,0.01601097,0.00269925082,0,0,0,9,0,4,0,2,0,0,0,0,0,12,0,1014083,97,13.3466034,
moderate-targeted-clear0,0,55,sitka-spruce,0.186139166,0.186139166,40.66268,71.1214752,42.1566429,0,108,14,0,0,0,0,0,0,0,0,0,12,0,1014083,97,13.3449726,
moderate-targeted-clear0,0,55,sessile-oak,0.186139166,0.186139166,0,0,0,0,0,9,0,2,0,4,0,0,0,0,0,12,0,1014083,97,13.3449726,
moderate-targeted-clear0,0,55,beech,0.186139166,0.186139166,0.0151103456,0.00359987561,0,0,0,9,0,4,0,2,0,0,0,0,0,12,0,1014083,97,13.3449726,
moderate-targeted-clear0,0,56,sitka-spruce,0.184617579,0.184617579,39.5365448,72.38464,43.6401978,0,111,14,0,0,0,0,0,0,0,0,0,12,0,1014083,97,13.6893234,
moderate-targeted-clear0,0,56,sessile-oak,0.184617579,0.184617579,0,0,0,0,0,9,0,2,0,4,0,0,0,0,0,12,0,1014083,97,13.6893234,
moderate-targeted-clear0,0,56,beech,0.184617579,0.184617579,0.0144856162,0.00422460539,0,0,0,9,0,4,0,2,0,0,0,0,0,12,0,1014083,97,13.6893234,
moderate-targeted-clear0,0,57,sitka-spruce,0.182609722,0.182609722,38.98142,73.6067,44.93957,0,114,14,0,0,0,0,0,0,0,0,0,12,0,1014083,98,13.8739452,
moderate-targeted-clear0,0,57,sessile-oak,0.182609722,0.182609722,0,0,0,0,0,9,0,2,0,4,0,0,0,0,0,12,0,1014083,98,13.8739452,
moderate-targeted-clear0,0,57,beech,0.182609722,0.182609722,0.014089942,0.004620279,0,0,0,9,0,4,0,2,0,0,0,0,0,12,0,1014083,98,13.8739452,
moderate-targeted-clear0,0,58,sitka-spruce,0.182464212,0.182464212,38.49407,74.80774,46.0267258,0,119,14,0,0,0,0,0,0,0,0,0,12,0,1014083,96,13.8798838,
moderate-targeted-clear0,0,58,sessile-oak,0.182464212,0.182464212,0,0,0,0,0,9,0,2,0,4,0,0,0,0,0,12,0,1014083,96,13.8798838,
moderate-targeted-clear0,0,58,beech,0.182464212,0.182464212,0.0138045056,0.00490571558,0,0,0,9,0,4,0,2,0,0,0,0,0,12,0,1014083,96,13.8798838,
moderate-targeted-clear0,0,59,sitka-spruce,0.182209447,0.182209447,38.6987076,76.01192,47.25338,0,122,14,0,0,0,0,0,0,0,0,0,12,0,1014083,93,14.0885353,
moderate-targeted-clear0,0,59,sessile-oak,0.182209447,0.182209447,0,0,0,0,0,9,0,2,0,4,0,0,0,0,0,12,0,1014083,93,14.0885353,
moderate-targeted-clear0,0,59,beech,0.182209447,0.182209447,0.0136068137,0.005103407,0,0,0,9,0,4,0,2,0,0,0,0,0,12,0,1014083,93,14.0885353,
moderate-targeted-clear0,0,60,sitka-spruce,0.185615,0.185615,39.3212547,77.29782,48.1241951,0,124,14,0,0,0,0,0,0,0,0,0,12,0,1014083,82,14.0349178,
moderate-targeted-clear0,0,60,sessile-oak,0.185615,0.185615,0,0,0,0,0,9,0,2,0,4,0,0,0,0,0,12,0,1014083,82,14.0349178,
moderate-targeted-clear0,0,60,beech,0.185615,0.185615,0.0134723661,0.00523785455,0,0,0,9,0,4,0,2,0,0,0,0,0,12,0,1014083,82,14.0349178,
moderate-targeted-clear0,0,61,sitka-spruce,0.187959149,0.187959149,40.58655,78.7249146,48.9518738,0,126,14,0,0,0,0,0,0,0,0,0,12,0,1014083,81,13.9230795,
moderate-targeted-clear0,0,61,sessile-oak,0.187959149,0.187959149,0,0,0,0,0,9,0,2,0,4,0,0,0,0,0,12,0,1014083,81,13.9230795,
moderate-targeted-clear0,0,61,beech,0.187959149,0.187959149,0.0134208091,0.005289411,0,0,0,9,0,4,0,2,0,0,0,0,0,12,0,1014083,81,13.9230795,
moderate-targeted-clear0,0,62,sitka-spruce,0.191191971,0.191191971,42.87673,80.27775,50.1610527,0,126,14,0,0,0,0,0,0,0,0,0,12,0,1014083,75,13.9041395,
moderate-targeted-clear0,0,62,sessile-oak,0.191191971,0.191191971,0,0,0,0,0,9,0,2,0,4,0,0,0,0,0,12,0,1014083,75,13.9041395,
moderate-targeted-clear0,0,62,beech,0.191191971,0.191191971,0.0134075079,0.00530271325,0,0,0,9,0,4,0,2,0,0,0,0,0,12,0,1014083,75,13.9041395,
moderate-targeted-clear0,0,63,sitka-spruce,0.201802656,0.201802656,44.22705,82.01013,51.32818,0,128,14,0,0,0,0,0,0,0,0,0,12,0,1014083,68,12.5500374,
moderate-targeted-clear0,0,63,sessile-oak,0.201802656,0.201802656,0,0,0,0,0,9,0,2,0,4,0,0,0,0,0,12,0,1014083,68,12.5500374,
moderate-targeted-clear0,0,63,beech,0.201802656,0.201802656,0.0134075079,0.00530271325,0,0,0,9,0,4,0,2,0,0,0,0,0,12,0,1014083,68,12.5500374,
moderate-targeted-clear0,0,64,sitka-spruce,0.206885159,0.206885159,43.85695,83.85442,52.70006,0,131,14,0,0,0,0,0,0,0,0,0,12,0,1014083,70,12.8487091,
moderate-targeted-clear0,0,64,sessile-oak,0.206885159,0.206885159,0,0,0,0,0,9,0,2,0,4,0,0,0,0,0,12,0,1014083,70,12.8487091,
moderate-targeted-clear0,0,64,beech,0.206885159,0.206885159,0.0134075079,0.00530271325,0,0,0,9,0,4,0,2,0,0,0,0,0,12,0,1014083,70,12.8487091,
moderate-targeted-clear0,0,65,sitka-spruce,0.209125325,0.209125325,42.010746,85.6263351,53.8802643,0,136,14,0,0,0,0,0,0,0,0,0,12,0,1014083,71,13.1451578,
moderate-targeted-clear0,0,65,sessile-oak,0.209125325,0.209125325,0,0,0,0,0,9,0,2,0,4,0,0,0,0,0,12,0,1014083,71,13.1451578,
moderate-targeted-clear0,0,65,beech,0.209125325,0.209125325,0.0134075079,0.00530271325,0,0,0,9,0,4,0,2,0,0,0,0,0,12,0,1014083,71,13.1451578,
moderate-targeted-clear0,0,66,sitka-spruce,0.210424274,0.210424274,42.9786072,87.3269348,54.7872353,0,140,14,0,0,0,0,0,0,0,0,0,12,0,1014083,70,13.2087488,
moderate-targeted-clear0,0,66,sessile-oak,0.210424274,0.210424274,0,0,0,0,0,9,0,2,0,4,0,0,0,0,0,12,0,1014083,70,13.2087488,
moderate-targeted-clear0,0,66,beech,0.210424274,0.210424274,0.0134075079,0.00530271325,0,0,0,9,0,4,0,2,0,0,0,0,0,12,0,1014083,70,13.2087488,
moderate-targeted-clear0,0,67,sitka-spruce,0.209657758,0.209657758,45.8619461,89.0553741,55.58795,0,143,14,0,0,0,0,0,0,0,0,0,12,0,1014083,69,13.4994974,
moderate-targeted-clear0,0,67,sessile-oak,0.209657758,0.209657758,0,0,0,0,0,9,0,2,0,4,0,0,0,0,0,12,0,1014083,69,13.4994974,
moderate-targeted-clear0,0,67,beech,0.209657758,0.209657758,0.0134075079,0.00530271325,0,0,0,9,0,4,0,2,0,0,0,0,0,12,0,1014083,69,13.4994974,
moderate-targeted-clear0,0,68,sitka-spruce,0.207966641,0.207966641,48.0173,90.9457245,56.64952,0,145,14,0,0,0,0,0,0,0,0,0,12,0,1014083,67,13.7887039,
moderate-targeted-clear0,0,68,sessile-oak,0.207966641,0.207966641,0,0,0,0,0,9,0,2,0,4,0,0,0,0,0,12,0,1014083,67,13.7887039,
moderate-targeted-clear0,0,68,beech,0.207966641,0.207966641,0.0134075079,0.00530271325,0,0,0,9,0,4,0,2,0,0,0,0,0,12,0,1014083,67,13.7887039,
moderate-targeted-clear0,0,69,sitka-spruce,0.20621568,0.20621568,47.8027229,92.82828,57.7465973,0,146,14,0,0,0,0,0,0,0,0,0,12,0,1014083,65,13.9043207,
moderate-targeted-clear0,0,69,sessile-oak,0.20621568,0.20621568,0,0,0,0,0,9,0,2,0,4,0,0,0,0,0,12,0,1014083,65,13.9043207,
moderate-targeted-clear0,0,69,beech,0.20621568,0.20621568,0.0134075079,0.00530271325,0,0,0,9,0,4,0,2,0,0,0,0,0,12,0,1014083,65,13.9043207,
moderate-targeted-clear0,0,70,sitka-spruce,0.204808131,0.204808131,46.8429337,94.50479,58.61901,0,150,14,0,0,0,0,0,0,0,0,0,12,0,1014083,66,13.8066816,
moderate-targeted-clear0,0,70,sessile-oak,0.204808131,0.204808131,0,0,0,0,0,9,0,2,0,4,0,0,0,0,0,12,0,1014083,66,13.8066816,
moderate-targeted-clear0,0,70,beech,0.204808131,0.204808131,0.0134075079,0.00530271325,0,0,0,9,0,4,0,2,0,0,0,0,0,12,0,1014083,66,13.8066816,
moderate-targeted-clear0,0,71,sitka-spruce,0.20322898,0.20322898,45.95734,95.9755859,59.41475,0,154,14,0,0,0,0,0,0,0,0,0,12,0,1014083,65,13.9118786,
moderate-targeted-clear0,0,71,sessile-oak,0.20322898,0.20322898,0,0,0,0,0,9,0,2,0,4,0,0,0,0,0,12,0,1014083,65,13.9118786,
moderate-targeted-clear0,0,71,beech,0.20322898,0.20322898,0.0134075079,0.00530271325,0,0,0,9,0,4,0,2,0,0,0,0,0,12,0,1014083,65,13.9118786,
moderate-targeted-clear0,0,72,sitka-spruce,0.200868368,0.200868368,48.1654778,97.30549,60.1355972,0,157,14,0,0,0,0,0,0,0,0,0,12,0,1014083,66,13.9829979,
moderate-targeted-clear0,0,72,sessile-oak,0.200868368,0.200868368,0,0,0,0,0,9,0,2,0,4,0,0,0,0,0,12,0,1014083,66,13.9829979,
moderate-targeted-clear0,0,72,beech,0.200868368,0.200868368,0.0134075079,0.00530271325,0,0,0,9,0,4,0,2,0,0,0,0,0,12,0,1014083,66,13.9829979,
moderate-targeted-clear0,0,73,sitka-spruce,0.20055297,0.20055297,48.55686,98.66241,60.82687,0,161,14,0,0,0,0,0,0,0,0,0,12,0,1014083,62,13.852684,
moderate-targeted-clear0,0,73,sessile-oak,0.20055297,0.20055297,0,0,0,0,0,9,0,2,0,4,0,0,0,0,0,12,0,1014083,62,13.852684,
moderate-targeted-clear0,0,73,beech,0.20055297,0.20055297,0.0134075079,0.00530271325,0,0,0,9,0,4,0,2,0,0,0,0,0,12,0,1014083,62,13.852684,
moderate-targeted-clear0,0,74,sitka-spruce,0.20056431,0.20056431,49.66519,99.98989,61.4770355,0,168,14,0,0,0,0,0,0,0,0,0,12,0,1014083,64,13.959981,
moderate-targeted-clear0,0,74,sessile-oak,0.20056431,0.20056431,0,0,0,0,0,9,0,2,0,4,0,0,0,0,0,12,0,1014083,64,13.959981,
moderate-targeted-clear0,0,74,beech,0.20056431,0.20056431,0.0134075079,0.00530271325,0,0,0,9,0,4,0,2,0,0,0,0,0,12,0,1014083,64,13.959981,
moderate-targeted-clear0,0,75,sitka-spruce,0.201683462,0.201683462,51.06125,101.434853,62.4216537,0,172,14,0,0,0,0,0,0,0,0,0,12,0,1014083,59,13.7393284,
moderate-targeted-clear0,0,75,sessile-oak,0.201683462,0.201683462,0,0,0,0,0,9,0,2,0,4,0,0,0,0,0,12,0,1014083,59,13.7393284,
moderate-targeted-clear0,0,75,beech,0.201683462,0.201683462,0.0134075079,0.00530271325,0,0,0,9,0,4,0,2,0,0,0,0,0,12,0,1014083,59,13.7393284,
moderate-targeted-clear0,0,76,sitka-spruce,0.2017719,0.2017719,52.7752571,102.993835,63.325058,0,174,14,0,0,0,0,0,0,0,0,0,12,0,1014083,56,13.7696476,
moderate-targeted-clear0,0,76,sessile-oak,0.2017719,0.2017719,0,0,0,0,0,9,0,2,0,4,0,0,0,0,0,12,0,1014083,56,13.7696476,
moderate-targeted-clear0,0,76,beech,0.2017719,0.2017719,0.0134075079,0.00530271325,0,0,0,9,0,4,0,2,0,0,0,0,0,12,0,1014083,56,13.7696476,
moderate-targeted-clear0,0,77,sitka-spruce,0.20183526,0.20183526,52.9167137,104.5877,64.711,0,180,14,0,0,0,0,0,0,0,0,0,12,0,1014083,59,13.8276758,
moderate-targeted-clear0,0,77,sessile-oak,0.20183526,0.20183526,0,0,0,0,0,9,0,2,0,4,0,0,0,0,0,12,0,1014083,59,13.8276758,
moderate-targeted-clear0,0,77,beech,0.20183526,0.20183526,0.0134075079,0.00530271325,0,0,0,9,0,4,0,2,0,0,0,0,0,12,0,1014083,59,13.8276758,
moderate-targeted-clear0,0,78,sitka-spruce,0.201793492,0.201793492,52.65396,106.11924,65.9723,0,183,14,0,0,0,0,0,0,0,0,0,12,0,1014083,55,13.8341856,
moderate-targeted-clear0,0,78,sessile-oak,0.201793492,0.201793492,0,0,0,0,0,9,0,2,0,4,0,0,0,0,0,12,0,1014083,55,13.8341856,
moderate-targeted-clear0,0,78,beech,0.201793492,0.201793492,0.0134075079,0.00530271325,0,0,0,9,0,4,0,2,0,0,0,0,0,12,0,1014083,55,13.8341856,
moderate-targeted-clear0,0,79,sitka-spruce,0.201749325,0.201749325,52.1686974,107.51886,67.03561,0,184,14,0,0,0,0,0,0,0,0,0,12,0,1014083,52,13.8268528,
moderate-targeted-clear0,0,79,sessile-oak,0.201749325,0.201749325,0,0,0,0,0,9,0,2,0,4,0,0,0,0,0,12,0,1014083,52,13.8268528,
moderate-targeted-clear0,0,79,beech,0.201749325,0.201749325,0.0134075079,0.00530271325,0,0,0,9,0,4,0,2,0,0,0,0,0,12,0,1014083,52,13.8268528,
moderate-targeted-clear0,0,80,sitka-spruce,0.200935826,0.200935826,50.1101265,108.817085,67.94932,0,187,14,0,0,0,0,0,0,0,0,0,12,0,1014083,53,13.8256321,
moderate-targeted-clear0,0,80,sessile-oak,0.200935826,0.200935826,0,0,0,0,0,9,0,2,0,4,0,0,0,0,0,12,0,1014083,53,13.8256321,
moderate-targeted-clear0,0,80,beech,0.200935826,0.200935826,0.0134075079,0.00530271325,0,0,0,9,0,4,0,2,0,0,0,0,0,12,0,1014083,53,13.8256321,
moderate-targeted-clear0,0,81,sitka-spruce,0.200770631,0.200770631,48.5325356,110.069046,68.70001,0,192,14,0,0,0,0,0,0,0,0,0,12,0,1014083,54,13.8359613,
moderate-targeted-clear0,0,81,sessile-oak,0.200770631,0.200770631,0,0,0,0,0,9,0,2,0,4,0,0,0,0,0,12,0,1014083,54,13.8359613,
moderate-targeted-clear0,0,81,beech,0.200770631,0.200770631,0.0134075079,0.00530271325,0,0,0,9,0,4,0,2,0,0,0,0,0,12,0,1014083,54,13.8359613,
moderate-targeted-clear0,0,82,sitka-spruce,0.2000963,0.2000963,46.95979,111.194572,69.49343,0,198,14,0,0,0,0,0,0,0,0,0,12,0,1014083,54,13.8089218,
moderate-targeted-clear0,0,82,sessile-oak,0.2000963,0.2000963,0,0,0,0,0,9,0,2,0,4,0,0,0,0,0,12,0,1014083,54,13.8089218,
moderate-targeted-clear0,0,82,beech,0.2000963,0.2000963,0.0134075079,0.00530271325,0,0,0,9,0,4,0,2,0,0,0,0,0,12,0,1014083,54,13.8089218,
moderate-targeted-clear0,0,83,sitka-spruce,0.199853644,0.199853644,44.92237,112.370453,70.38366,0,205,14,0,0,0,0,0,0,0,0,0,12,0,1014083,54,13.7515736,
moderate-targeted-clear0,0,83,sessile-oak,0.199853644,0.199853644,0,0,0,0,0,9,0,2,0,4,0,0,0,0,0,12,0,1014083,54,13.7515736,
moderate-targeted-clear0,0,83,beech,0.199853644,0.199853644,0.0134075079,0.00530271325,0,0,0,9,0,4,0,2,0,0,0,0,0,12,0,1014083,54,13.7515736,
moderate-targeted-clear0,0,84,sitka-spruce,0.200132161,0.200132161,45.45039,113.626083,71.24075,0,206,14,0,0,0,0,0,0,0,0,0,12,0,1014083,47,13.6993074,
moderate-targeted-clear0,0,84,sessile-oak,0.200132161,0.200132161,0,0,0,0,0,9,0,2,0,4,0,0,0,0,0,12,0,1014083,47,13.6993074,
moderate-targeted-clear0,0,84,beech,0.200132161,0.200132161,0.0134075079,0.00530271325,0,0,0,9,0,4,0,2,0,0,0,0,0,12,0,1014083,47,13.6993074,
moderate-targeted-clear0,0,85,sitka-spruce,0.2006626,0.2006626,46.51364,114.893669,72.27874,0,208,14,0,0,0,0,0,0,0,0,0,12,0,1014083,47,13.73371,
moderate-targeted-clear0,0,85,sessile-oak,0.2006626,0.2006626,0,0,0,0,0,9,0,2,0,4,0,0,0,0,0,12,0,1014083,47,13.73371,
moderate-targeted-clear0,0,85,beech,0.2006626,0.2006626,0.0134075079,0.00530271325,0,0,0,9,0,4,0,2,0,0,0,0,0,12,0,1014083,47,13.73371,
moderate-targeted-clear0,0,86,sitka-spruce,0.2022377,0.2022377,48.30274,116.319817,73.2365,0,211,14,0,0,0,0,0,0,0,0,0,12,0,1014083,47,13.6300421,
moderate-targeted-clear0,0,86,sessile-oak,0.2022377,0.2022377,0,0,0,0,0,9,0,2,0,4,0,0,0,0,0,12,0,1014083,47,13.6300421,
moderate-targeted-clear0,0,86,beech,0.2022377,0.2022377,0.0134075079,0.00530271325,0,0,0,9,0,4,0,2,0,0,0,0,0,12,0,1014083,47,13.6300421,
moderate-targeted-clear0,0,87,sitka-spruce,0.203013942,0.203013942,49.725235,117.8975,74.41552,0,216,14,0,0,0,0,0,0,0,0,0,12,0,1014083,48,13.5185852,
moderate-targeted-clear0,0,87,sessile-oak,0.203013942,0.203013942,0,0,0,0,0,9,0,2,0,4,0,0,0,0,0,12,0,1014083,48,13.5185852,
moderate-targeted-clear0,0,87,beech,0.203013942,0.203013942,0.0134075079,0.00530271325,0,0,0,9,0,4,0,2,0,0,0,0,0,12,0,1014083,48,13.5185852,
moderate-targeted-clear0,0,88,sitka-spruce,0.2010104,0.2010104,48.4099236,119.561714,75.4909,0,222,14,0,0,0,0,0,0,0,0,0,12,0,1014083,53,13.7517166,
moderate-targeted-clear0,0,88,sessile-oak,0.2010104,0.2010104,0,0,0,0,0,9,0,2,0,4,0,0,0,0,0,12,0,1014083,53,13.7517166,
moderate-targeted-clear0,0,88,beech,0.2010104,0.2010104,0.0134075079,0.00530271325,0,0,0,9,0,4,0,2,0,0,0,0,0,12,0,1014083,53,13.7517166,
moderate-targeted-clear0,0,89,sitka-spruce,0.2014379,0.2014379,49.9873123,121.114319,76.4892349,0,226,14,0,0,0,0,0,0,0,0,0,12,0,1014083,46,13.6458673,
moderate-targeted-clear0,0,89,sessile-oak,0.2014379,0.2014379,0,0,0,0,0,9,0,2,0,4,0,0,0,0,0,12,0,1014083,46,13.6458673,
moderate-targeted-clear0,0,89,beech,0.2014379,0.2014379,0.0134075079,0.00530271325,0,0,0,9,0,4,0,2,0,0,0,0,0,12,0,1014083,46,13.6458673,
moderate-targeted-clear0,0,90,sitka-spruce,0.203068629,0.203068629,51.3567543,122.750038,77.56875,0,227,14,0,0,0,0,0,0,0,0,0,12,0,1014083,42,13.5304422,
moderate-targeted-clear0,0,90,sessile-oak,0.203068629,0.203068629,0,0,0,0,0,9,0,2,0,4,0,0,0,0,0,12,0,1014083,42,13.5304422,
moderate-targeted-clear0,0,90,beech,0.203068629,0.203068629,0.0134075079,0.00530271325,0,0,0,9,0,4,0,2,0,0,0,0,0,12,0,1014083,42,13.5304422,
moderate-targeted-clear0,0,91,sitka-spruce,0.2031448,0.2031448,51.8800735,124.420532,78.55926,0,229,14,0,0,0,0,0,0,0,0,0,12,0,1014083,43,13.7440577,
moderate-targeted-clear0,0,91,sessile-oak,0.2031448,0.2031448,0,0,0,0,0,9,0,2,0,4,0,0,0,0,0,12,0,1014083,43,13.7440577,
moderate-targeted-clear0,0,91,beech,0.2031448,0.2031448,0.0134075079,0.00530271325,0,0,0,9,0,4,0,2,0,0,0,0,0,12,0,1014083,43,13.7440577,
moderate-targeted-clear0,0,92,sitka-spruce,0.203251481,0.203251481,51.2534637,126.04026,79.52406,0,235,14,0,0,0,0,0,0,0,0,0,12,0,1014083,46,13.6211538,
moderate-targeted-clear0,0,92,sessile-oak,0.203251481,0.203251481,0,0,0,0,0,9,0,2,0,4,0,0,0,0,0,12,0,1014083,46,13.6211538,
moderate-targeted-clear0,0,92,beech,0.203251481,0.203251481,0.0134075079,0.00530271325,0,0,0,9,0,4,0,2,0,0,0,0,0,12,0,1014083,46,13.6211538,
moderate-targeted-clear0,0,93,sitka-spruce,0.201241225,0.201241225,48.7188568,127.564987,80.87315,0,239,14,0,0,0,0,0,0,0,0,0,12,0,1014083,48,13.8335485,
moderate-targeted-clear0,0,93,sessile-oak,0.201241225,0.201241225,0,0,0,0,0,9,0,2,0,4,0,0,0,0,0,12,0,1014083,48,13.8335485,
moderate-targeted-clear0,0,93,beech,0.201241225,0.201241225,0.0134075079,0.00530271325,0,0,0,9,0,4,0,2,0,0,0,0,0,12,0,1014083,48,13.8335485,
moderate-targeted-clear0,0,94,sitka-spruce,0.201654792,0.201654792,46.73858,128.963776,81.68768,0,246,14,0,0,0,0,0,0,0,0,0,12,0,1014083,46,13.7344818,
moderate-targeted-clear0,0,94,sessile-oak,0.201654792,0.201654792,0,0,0,0,0,9,0,2,0,4,0,0,0,0,0,12,0,1014083,46,13.7344818,
moderate-targeted-clear0,0,94,beech,0.201654792,0.201654792,0.0134075079,0.00530271325,0,0,0,9,0,4,0,2,0,0,0,0,0,12,0,1014083,46,13.7344818,
moderate-targeted-clear0,0,95,sitka-spruce,0.203431889,0.203431889,46.311615,130.297592,82.3785858,0,250,14,0,0,0,0,0,0,0,0,0,12,0,1014083,42,13.6158257,
moderate-targeted-clear0,0,95,sessile-oak,0.203431889,0.203431889,0,0,0,0,0,9,0,2,0,4,0,0,0,0,0,12,0,1014083,42,13.6158257,
moderate-targeted-clear0,0,95,beech,0.203431889,0.203431889,0.0134075079,0.00530271325,0,0,0,9,0,4,0,2,0,0,0,0,0,12,0,1014083,42,13.6158257,
moderate-targeted-clear0,0,96,sitka-spruce,0.205529466,0.205529466,49.90665,131.63208,82.97694,0,254,14,0,0,0,0,0,0,0,0,0,12,0,1014083,41,13.4715919,
moderate-targeted-clear0,0,96,sessile-oak,0.205529466,0.205529466,0,0,0,0,0,9,0,2,0,4,0,0,0,0,0,12,0,1014083,41,13.4715919,
moderate-targeted-clear0,0,96,beech,0.205529466,0.205529466,0.0134075079,0.00530271325,0,0,0,9,0,4,0,2,0,0,0,0,0,12,0,1014083,41,13.4715919,
moderate-targeted-clear0,0,97,sitka-spruce,0.20503588,0.20503588,49.7847,133.263428,83.9692459,0,257,14,0,0,0,0,0,0,0,0,0,12,0,1014083,41,13.66418,
moderate-targeted-clear0,0,97,sessile-oak,0.20503588,0.20503588,0,0,0,0,0,9,0,2,0,4,0,0,0,0,0,12,0,1014083,41,13.66418,
moderate-targeted-clear0,0,97,beech,0.20503588,0.20503588,0.0134075079,0.00530271325,0,0,0,9,0,4,0,2,0,0,0,0,0,12,0,1014083,41,13.66418,
moderate-targeted-clear0,0,98,sitka-spruce,0.2057427,0.2057427,49.9726372,134.84758,84.79544,0,259,14,0,0,0,0,0,0,0,0,0,12,0,1014083,38,13.4183741,
moderate-targeted-clear0,0,98,sessile-oak,0.2057427,0.2057427,0,0,0,0,0,9,0,2,0,4,0,0,0,0,0,12,0,1014083,38,13.4183741,
moderate-targeted-clear0,0,98,beech,0.2057427,0.2057427,0.0134075079,0.00530271325,0,0,0,9,0,4,0,2,0,0,0,0,0,12,0,1014083,38,13.4183741,
moderate-targeted-clear0,0,99,sitka-spruce,0.20486179,0.20486179,52.6380844,136.336166,85.72526,0,259,14,0,0,0,0,0,0,0,0,0,12,0,1014083,37,13.6034107,
moderate-targeted-clear0,0,99,sessile-oak,0.20486179,0.20486179,0,0,0,0,0,9,0,2,0,4,0,0,0,0,0,12,0,1014083,37,13.6034107,
moderate-targeted-clear0,0,99,beech,0.20486179,0.20486179,0.0134075079,0.00530271325,0,0,0,9,0,4,0,2,0,0,0,0,0,12,0,1014083,37,13.6034107,
moderate-targeted-clear0,0,100,sitka-spruce,0.205695376,0.205695376,52.229023,137.916962,87.37243,0,262,14,0,0,0,0,0,0,0,0,0,12,0,1014083,38,13.4257383,92B480AAF36D22A3
moderate-targeted-clear0,0,100,sessile-oak,0.205695376,0.205695376,0,0,0,0,0,9,0,2,0,4,0,0,0,0,0,12,0,1014083,38,13.4257383,92B480AAF36D22A3
moderate-targeted-clear0,0,100,beech,0.205695376,0.205695376,0.0134075079,0.00530271325,0,0,0,9,0,4,0,2,0,0,0,0,0,12,0,1014083,38,13.4257383,92B480AAF36D22A3
moderate-targeted-clear1,0,1,sitka-spruce,0.04928641,0.04928641,1.75488853,0,0,0,0,-1,0,0,0,0,0,0,0,8,3600,12,0,1010483,202,4.153479,
moderate-targeted-clear1,0,1,sessile-oak,0.04928641,0.04928641,0,0,0,0,0,-1,4,0,0,2,0,0,0,8,3600,12,0,1010483,202,4.153479,
moderate-targeted-clear1,0,1,beech,0.04928641,0.04928641,0,0,0,0,0,-1,6,0,0,0,0,0,0,8,3600,12,0,1010483,202,4.153479,
moderate-targeted-clear1,0,2,sitka-spruce,0.09275184,0.09275184,3.04380465,0.113082133,0.0242045373,0,0,-1,0,0,0,0,0,0,0,8,3600,12,0,1010483,202,4.415285,
moderate-targeted-clear1,0,2,sessile-oak,0.09275184,0.09275184,0,0,0,0,0,-1,2,0,0,4,0,0,0,8,3600,12,0,1010483,202,4.415285,
moderate-targeted-clear1,0,2,beech,0.09275184,0.09275184,0,0,0,0,0,-1,5,0,0,1,0,0,0,8,3600,12,0,1010483,202,4.415285,
moderate-targeted-clear1,0,3,sitka-spruce,0.125116155,0.125116155,6.5559144,0.385065973,0.0642006546,0,0,-1,0,0,0,0,0,0,0,8,3600,12,0,1010483,202,4.68407249,
moderate-targeted-clear1,0,3,sessile-oak,0.125116155,0.125116155,0,0,0,0,0,-1,2,0,0,4,0,0,0,8,3600,12,0,1010483,202,4.68407249,
moderate-targeted-clear1,0,3,beech,0.125116155,0.125116155,0,0,0,0,0,-1,5,0,0,1,0,0,0,8,3600,12,0,1010483,202,4.68407249,
moderate-targeted-clear1,0,4,sitka-spruce,0.149462476,0.149462476,8.177577,1.06297326,0.156717882,0,0,-1,0,0,0,0,0,0,0,8,3600,12,0,1010483,202,4.959723,
moderate-targeted-clear1,0,4,sessile-oak,0.149462476,0.149462476,0,0,0,0,0,-1,2,0,0,4,0,0,0,8,3600,12,0,1010483,202,4.959723,
moderate-targeted-clear1,0,4,beech,0.149462476,0.149462476,0,0,0,0,0,-1,5,0,0,1,0,0,0,8,3600,12,0,1010483,202,4.959723,
moderate-targeted-clear1,0,5,sitka-spruce,0.167954609,0.167954609,9.98906,1.93210769,0.257837951,0,0,-1,0,0,0,0,0,0,0,8,3600,12,0,1010483,202,5.24211836,
moderate-targeted-clear1,0,5,sessile-oak,0.167954609,0.167954609,0,0,0,0,0,-1,2,0,0,4,0,0,0,8,3600,12,0,1010483,202,5.24211836,
moderate-targeted-clear1,0,5,beech,0.167954609,0.167954609,0,0,0,0,0,-1,5,0,0,1,0,0,0,8,3600,12,0,1010483,202,5.24211836,
moderate-targeted-clear1,0,6,sitka-spruce,0.18209371,0.18209371,14.1401052,2.952125,0.3836248,0,0,-1,0,0,0,0,0,0,0,8,3600,12,0,1010483,202,5.531142,
moderate-targeted-clear1,0,6,sessile-oak,0.18209371,0.18209371,0,0,0,0,0,-1,2,0,0,4,0,0,0,8,3600,12,0,1010483,202,5.531142,
moderate-targeted-clear1,0,6,beech,0.18209371,0.18209371,0,0,0,0,0,-1,4,0,0,2,0,0,0,8,3600,12,0,1010483,202,5.531142,
moderate-targeted-clear1,0,7,sitka-spruce,0.19296211,0.19296211,18.1692657,4.40925646,0.5663362,0,0,-1,0,0,0,0,0,0,0,8,3600,12,0,1010483,202,5.82667828,
moderate-targeted-clear1,0,7,sessile-oak,0.19296211,0.19296211,0,0,0,0,0,-1,2,0,0,4,0,0,0,8,3600,12,0,1010483,202,5.82667828,
moderate-targeted-clear1,0,7,beech,0.19296211,0.19296211,0,0,0,0,0,-1,4,0,0,2,0,0,0,8,3600,12,0,1010483,202,5.82667828,
moderate-targeted-clear1,0,8,sitka-spruce,0.201277331,0.201277331,22.6510468,6.261991,0.797127545,0,0,-1,0,0,0,0,0,0,0,8,3600,12,0,1010483,202,6.128613,
moderate-targeted-clear1,0,8,sessile-oak,0.201277331,0.201277331,0,0,0,0,0,-1,2,0,0,4,0,0,0,8,3600,12,0,1010483,202,6.128613,
moderate-targeted-clear1,0,8,beech,0.201277331,0.201277331,0,0,0,0,0,-1,4,0,0,2,0,0,0,8,3600,12,0,1010483,202,6.128613,
moderate-targeted-clear1,0,9,sitka-spruce,0.207606658,0.207606658,24.2514935,8.49869,1.06425071,0,0,-1,0,0,0,0,0,0,0,8,3600,12,0,1010483,205,6.44427347,
moderate-targeted-clear1,0,9,sessile-oak,0.207606658,0.207606658,0,0,0,0,0,9,0,2,0,4,0,0,0,8,3600,12,0,1010483,205,6.44427347,
moderate-targeted-clear1,0,9,beech,0.207606658,0.207606658,0,0,0,0,0,9,3,1,0,2,0,0,0,8,3600,12,0,1010483,205,6.44427347,
moderate-targeted-clear1,0,10,sitka-spruce,0.210566536,0.210566536,26.0155144,10.6784515,1.29077578,0,0,-1,0,0,0,0,0,0,0,8,3600,12,0,1010483,205,6.75897,EB31FB09AD272BC9
moderate-targeted-clear1,0,10,sessile-oak,0.210566536,0.210566536,0,0,0,0,0,9,0,2,0,4,0,0,0,8,3600,12,0,1010483,205,6.75897,EB31FB09AD272BC9
moderate-targeted-clear1,0,10,beech,0.210566536,0.210566536,0,0,0,0,0,9,3,1,0,2,0,0,0,8,3600,12,0,1010483,205,6.75897,EB31FB09AD272BC9
moderate-targeted-clear1,0,11,sitka-spruce,0.212934941,0.212934941,27.7187176,12.6559744,1.50471425,0,0,-1,0,0,0,0,0,0,0,8,3600,12,0,1010483,205,7.079736,
moderate-targeted-clear1,0,11,sessile-oak,0.212934941,0.212934941,0,0,0,0,0,9,0,2,0,4,0,0,0,8,3600,12,0,1010483,205,7.079736,
moderate-targeted-clear1,0,11,beech,0.212934941,0.212934941,0,0,0,0,0,9,3,1,0,2,0,0,0,8,3600,12,0,1010483,205,7.079736,
moderate-targeted-clear1,0,12,sitka-spruce,0.2146913,0.2146913,30.2210674,14.4954329,1.73063338,0,0,-1,0,0,0,0,0,0,0,8,3600,12,0,1010483,206,7.408825,
moderate-targeted-clear1,0,12,sessile-oak,0.2146913,0.2146913,0,0,0,0,0,9,0,2,0,4,0,0,0,8,3600,12,0,1010483,206,7.408825,
moderate-targeted-clear1,0,12,beech,0.2146913,0.2146913,0,0,0,0,0,9,2,2,0,2,0,0,0,8,3600,12,0,1010483,206,7.408825,
moderate-targeted-clear1,0,13,sitka-spruce,0.21555388,0.21555388,31.7858829,16.2954464,1.99533689,0,0,-1,0,0,0,0,0,0,0,8,3600,12,0,1010483,206,7.741282,
moderate-targeted-clear1,0,13,sessile-oak,0.21555388,0.21555388,0,0,0,0,0,9,0,2,0,4,0,0,0,8,3600,12,0,1010483,206,7.741282,
moderate-targeted-clear1,0,13,beech,0.21555388,0.21555388,0,0,0,0,0,9,2,2,0,2,0,0,0,8,3600,12,0,1010483,206,7.741282,
moderate-targeted-clear1,0,14,sitka-spruce,0.216051087,0.216051087,31.583868,17.8908253,2.29237127,0,2,14,0,0,0,0,0,0,0,8,3600,12,0,1010483,209,8.086513,
moderate-targeted-clear1,0,14,sessile-oak,0.216051087,0.216051087,0,0,0,0,0,9,0,2,0,4,0,0,0,8,3600,12,0,1010483,209,8.086513,
moderate-targeted-clear1,0,14,beech,0.216051087,0.216051087,0,0,0,0,0,9,1,3,0,2,0,0,0,8,3600,12,0,1010483,209,8.086513,
moderate-targeted-clear1,0,15,sitka-spruce,0.214493141,0.214493141,30.7513332,19.2762642,2.72861576,0,9,14,0,0,0,0,0,0,0,8,3600,12,0,1010483,216,8.447088,
moderate-targeted-clear1,0,15,sessile-oak,0.214493141,0.214493141,0,0,0,0,0,9,0,2,0,4,0,0,0,8,3600,12,0,1010483,216,8.447088,
moderate-targeted-clear1,0,15,beech,0.214493141,0.214493141,0,0,0,0,0,9,1,3,0,2,0,0,0,8,3600,12,0,1010483,216,8.447088,
moderate-targeted-clear1,0,16,sitka-spruce,0.207931235,0.207931235,31.4038868,20.56208,3.18979383,0,12,14,0,0,0,0,0,0,0,8,3600,12,0,1010483,220,8.807666,
moderate-targeted-clear1,0,16,sessile-oak,0.207931235,0.207931235,0,0,0,0,0,9,0,2,0,4,0,0,0,8,3600,12,0,1010483,220,8.807666,
moderate-targeted-clear1,0,16,beech,0.207931235,0.207931235,0,0,0,0,0,9,0,4,0,2,0,0,0,8,3600,12,0,1010483,220,8.807666,
moderate-targeted-clear1,0,17,sitka-spruce,0.202328786,0.202328786,32.97334,21.8758221,3.77931166,0,12,14,0,0,0,0,0,0,0,8,3600,12,0,1010483,220,9.164642,
moderate-targeted-clear1,0,17,sessile-oak,0.202328786,0.202328786,0,0,0,0,0,9,0,2,0,4,0,0,0,8,3600,12,0,1010483,220,9.164642,
moderate-targeted-clear1,0,17,beech,0.202328786,0.202328786,0,0,0,0,0,9,0,4,0,2,0,0,0,8,3600,12,0,1010483,220,9.164642,
moderate-targeted-clear1,0,18,sitka-spruce,0.199049979,0.199049979,34.10243,23.26636,4.328103,0,12,14,0,0,0,0,0,0,0,8,3600,12,0,1010483,219,9.494263,
moderate-targeted-clear1,0,18,sessile-oak,0.199049979,0.199049979,0,0,0,0,0,9,0,2,0,4,0,0,0,8,3600,12,0,1010483,219,9.494263,
moderate-targeted-clear1,0,18,beech,0.199049979,0.199049979,0,0,0,0,0,9,0,4,0,2,0,0,0,8,3600,12,0,1010483,219,9.494263,
moderate-targeted-clear1,0,19,sitka-spruce,0.196583033,0.196583033,29.74368,24.57554,4.889629,0,19,14,0,0,0,0,0,0,0,8,3600,12,0,1010483,226,9.877859,
moderate-targeted-clear1,0,19,sessile-oak,0.196583033,0.196583033,0,0,0,0,0,9,0,2,0,4,0,0,0,8,3600,12,0,1010483,226,9.877859,
moderate-targeted-clear1,0,19,beech,0.196583033,0.196583033,0,0,0,0,0,9,0,4,0,2,0,0,0,8,3600,12,0,1010483,226,9.877859,
moderate-targeted-clear1,0,20,sitka-spruce,0.190549046,0.190549046,28.5127316,25.6739216,5.41587639,0,23,14,0,0,0,0,0,0,0,8,3600,12,0,1010483,229,10.2059612,
moderate-targeted-clear1,0,20,sessile-oak,0.190549046,0.190549046,0,0,0,0,0,9,0,2,0,4,0,0,0,8,3600,12,0,1010483,229,10.2059612,
moderate-targeted-clear1,0,20,beech,0.190549046,0.190549046,0,0,0,0,0,9,0,4,0,2,0,0,0,8,3600,12,0,1010483,229,10.2059612,
moderate-targeted-clear1,0,21,sitka-spruce,0.183784589,0.183784589,30.9384212,26.7207088,6.18260527,0,24,14,0,0,0,0,0,0,0,8,3600,12,0,1010483,230,10.5878954,
moderate-targeted-clear1,0,21,sessile-oak,0.183784589,0.183784589,0,0,0,0,0,9,0,2,0,4,0,0,0,8,3600,12,0,1010483,230,10.5878954,
moderate-targeted-clear1,0,21,beech,0.183784589,0.183784589,0,0,0,0,0,9,0,4,0,2,0,0,0,8,3600,12,0,1010483,230,10.5878954,
moderate-targeted-clear1,0,22,sitka-spruce,0.179218248,0.179218248,30.9845619,28.0098572,6.921477,0,27,14,0,0,0,0,0,0,0,8,3600,12,0,1010483,231,10.9056606,
moderate-targeted-clear1,0,22,sessile-oak,0.179218248,0.179218248,0,0,0,0,0,9,0,2,0,4,0,0,0,8,3600,12,0,1010483,231,10.9056606,
moderate-targeted-clear1,0,22,beech,0.179218248,0.179218248,0,0,0,0,0,9,0,4,0,2,0,0,0,8,3600,12,0,1010483,231,10.9056606,
moderate-targeted-clear1,0,23,sitka-spruce,0.175531372,0.175531372,31.91267,29.4221916,7.744341,0,28,14,0,0,0,0,0,0,0,8,3600,12,0,1010483,230,11.1987829,
moderate-targeted-clear1,0,23,sessile-oak,0.175531372,0.175531372,0,0,0,0,0,9,0,2,0,4,0,0,0,8,3600,12,0,1010483,230,11.1987829,
moderate-targeted-clear1,0,23,beech,0.175531372,0.175531372,0,0,0,0,0,9,0,4,0,2,0,0,0,8,3600,12,0,1010483,230,11.1987829,
moderate-targeted-clear1,0,24,sitka-spruce,0.1724873,0.1724873,31.48086,30.7788181,8.525266,0,32,14,0,0,0,0,0,0,0,8,3600,12,0,1010483,231,11.4471474,
moderate-targeted-clear1,0,24,sessile-oak,0.1724873,0.1724873,0,0,0,0,0,9,0,2,0,4,0,0,0,8,3600,12,0,1010483,231,11.4471474,
moderate-targeted-clear1,0,24,beech,0.1724873,0.1724873,0,0,0,0,0,9,0,4,0,2,0,0,0,8,3600,12,0,1010483,231,11.4471474,
moderate-targeted-clear1,0,25,sitka-spruce,0.16837047,0.16837047,32.86433,32.0376968,9.25853,0,33,14,0,0,0,0,0,0,0,8,3600,12,0,1010483,227,11.6771355,822A2AF71598DEB7
moderate-targeted-clear1,0,25,sessile-oak,0.16837047,0.16837047,0,0,0,0,0,9,0,2,0,4,0,0,0,8,3600,12,0,1010483,227,11.6771355,822A2AF71598DEB7
moderate-targeted-clear1,0,25,beech,0.16837047,0.16837047,0,0,0,0,0,9,0,4,0,2,0,0,0,8,3600,12,0,1010483,227,11.6771355,822A2AF71598DEB7
moderate-targeted-clear1,0,26,sitka-spruce,0.165058315,0.165058315,32.4927826,33.2773972,10.1633759,0,36,14,0,0,0,0,0,0,0,8,3600,12,0,1010483,227,11.9402485,
moderate-targeted-clear1,0,26,sessile-oak,0.165058315,0.165058315,0,0,0,0,0,9,0,2,0,4,0,0,0,8,3600,12,0,1010483,227,11.9402485,
moderate-targeted-clear1,0,26,beech,0.165058315,0.165058315,0,0,0,0,0,9,0,4,0,2,0,0,0,8,3600,12,0,1010483,227,11.9402485,
moderate-targeted-clear1,0,27,sitka-spruce,0.16235067,0.16235067,32.7589149,34.4089851,11.0059118,0,36,14,0,0,0,0,0,0,0,8,3600,12,0,1010483,221,12.0912323,
moderate-targeted-clear1,0,27,sessile-oak,0.16235067,0.16235067,0,0,0,0,0,9,0,2,0,4,0,0,0,8,3600,12,0,1010483,221,12.0912323,
moderate-targeted-clear1,0,27,beech,0.16235067,0.16235067,0,0,0,0,0,9,0,4,0,2,0,0,0,8,3600,12,0,1010483,221,12.0912323,
moderate-targeted-clear1,0,28,sitka-spruce,0.160844117,0.160844117,32.97313,35.4248734,11.7646208,0,37,14,0,0,0,0,0,0,0,8,3600,12,0,1010483,217,12.3342829,
moderate-targeted-clear1,0,28,sessile-oak,0.160844117,0.160844117,0,0,0,0,0,9,0,2,0,4,0,0,0,8,3600,12,0,1010483,217,12.3342829,
moderate-targeted-clear1,0,28,beech,0.160844117,0.160844117,0,0,0,0,0,9,0,4,0,2,0,0,0,8,3600,12,0,1010483,217,12.3342829,
moderate-targeted-clear1,0,29,sitka-spruce,0.1616166,0.1616166,32.8451042,36.3929,12.4912357,0,40,14,0,0,0,0,0,0,0,8,3600,12,0,1010483,210,12.4314308,
moderate-targeted-clear1,0,29,sessile-oak,0.1616166,0.1616166,0,0,0,0,0,9,0,2,0,4,0,0,0,8,3600,12,0,1010483,210,12.4314308,
moderate-targeted-clear1,0,29,beech,0.1616166,0.1616166,0,0,0,0,0,9,0,4,0,2,0,0,0,8,3600,12,0,1010483,210,12.4314308,
moderate-targeted-clear1,0,30,sitka-spruce,0.159774274,0.159774274,33.02097,37.31254,13.4484911,0,43,14,0,0,0,0,0,0,0,8,3600,12,0,1010483,209,12.6390533,
moderate-targeted-clear1,0,30,sessile-oak,0.159774274,0.159774274,0,0,0,0,0,9,0,2,0,4,0,0,0,8,3600,12,0,1010483,209,12.6390533,
moderate-targeted-clear1,0,30,beech,0.159774274,0.159774274,0,0,0,0,0,9,0,4,0,2,0,0,0,8,3600,12,0,1010483,209,12.6390533,
moderate-targeted-clear1,0,31,sitka-spruce,0.158305,0.158305,33.39323,38.3021355,14.7933149,0,45,14,0,0,0,0,0,0,0,8,3600,12,0,1010483,204,12.7891588,
moderate-targeted-clear1,0,31,sessile-oak,0.158305,0.158305,0,0,0,0,0,9,0,2,0,4,0,0,0,8,3600,12,0,1010483,204,12.7891588,
moderate-targeted-clear1,0,31,beech,0.158305,0.158305,0,0,0,0,0,9,0,4,0,2,0,0,0,8,3600,12,0,1010483,204,12.7891588,
moderate-targeted-clear1,0,32,sitka-spruce,0.15814729,0.15814729,33.24261,39.3563881,15.9648743,0,47,14,0,0,0,0,0,0,0,8,3600,12,0,1010483,197,13.0226164,
moderate-targeted-clear1,0,32,sessile-oak,0.15814729,0.15814729,0,0,0,0,0,9,0,2,0,4,0,0,0,8,3600,12,0,1010483,197,13.0226164,
moderate-targeted-clear1,0,32,beech,0.15814729,0.15814729,0,0,0,0,0,9,0,4,0,2,0,0,0,8,3600,12,0,1010483,197,13.0226164,
moderate-targeted-clear1,0,33,sitka-spruce,0.161288887,0.161288887,32.876873,40.4177856,16.9618244,0,49,14,0,0,0,0,0,0,0,8,3600,12,0,1010483,185,12.7296352,
moderate-targeted-clear1,0,33,sessile-oak,0.161288887,0.161288887,0,0,0,0,0,9,0,2,0,4,0,0,0,8,3600,12,0,1010483,185,12.7296352,
moderate-targeted-clear1,0,33,beech,0.161288887,0.161288887,0,0,0,0,0,9,0,4,0,2,0,0,0,8,3600,12,0,1010483,185,12.7296352,
moderate-targeted-clear1,0,34,sitka-spruce,0.16422309,0.16422309,33.5501175,41.47239,18.3012142,0,49,14,0,0,0,0,0,0,0,8,3600,12,0,1010483,175,12.8083658,
moderate-targeted-clear1,0,34,sessile-oak,0.16422309,0.16422309,0,0,0,0,0,9,0,2,0,4,0,0,0,8,3600,12,0,1010483,175,12.8083658,
moderate-targeted-clear1,0,34,beech,0.16422309,0.16422309,0,0,0,0,0,9,0,4,0,2,0,0,0,8,3600,12,0,1010483,175,12.8083658,
moderate-targeted-clear1,0,35,sitka-spruce,0.168628678,0.168628678,33.7058563,42.6018448,19.6250153,0,51,14,0,0,0,0,0,0,0,8,3600,12,0,1010483,167,12.9581432,
moderate-targeted-clear1,0,35,sessile-oak,0.168628678,0.168628678,0,0,0,0,0,9,0,2,0,4,0,0,0,8,3600,12,0,1010483,167,12.9581432,
moderate-targeted-clear1,0,35,beech,0.168628678,0.168628678,0,0,0,0,0,9,0,4,0,2,0,0,0,8,3600,12,0,1010483,167,12.9581432,
moderate-targeted-clear1,0,36,sitka-spruce,0.173532918,0.173532918,33.16112,43.7829552,20.9445629,0,54,14,0,0,0,0,0,0,0,8,3600,12,0,1010483,163,12.8262272,
moderate-targeted-clear1,0,36,sessile-oak,0.173532918,0.173532918,0,0,0,0,0,9,0,2,0,4,0,0,0,8,3600,12,0,1010483,163,12.8262272,
moderate-targeted-clear1,0,36,beech,0.173532918,0.173532918,0,0,0,0,0,9,0,4,0,2,0,0,0,8,3600,12,0,1010483,163,12.8262272,
moderate-targeted-clear1,0,37,sitka-spruce,0.176580682,0.176580682,31.8182011,45.0007362,22.20887,0,58,14,0,0,0,0,0,0,0,8,3600,12,0,1010483,162,12.9601355,
moderate-targeted-clear1,0,37,sessile-oak,0.176580682,0.176580682,0,0,0,0,0,9,0,2,0,4,0,0,0,8,3600,12,0,1010483,162,12.9601355,
moderate-targeted-clear1,0,37,beech,0.176580682,0.176580682,0,0,0,0,0,9,0,4,0,2,0,0,0,8,3600,12,0,1010483,162,12.9601355,
moderate-targeted-clear1,0,38,sitka-spruce,0.17864354,0.17864354,32.6683464,46.2138367,23.2049522,0,59,14,0,0,0,0,0,0,0,8,3600,12,0,1010483,152,12.7360878,
moderate-targeted-clear1,0,38,sessile-oak,0.17864354,0.17864354,0,0,0,0,0,9,0,2,0,4,0,0,0,8,3600,12,0,1010483,152,12.7360878,
moderate-targeted-clear1,0,38,beech,0.17864354,0.17864354,0,0,0,0,0,9,0,4,0,2,0,0,0,8,3600,12,0,1010483,152,12.7360878,
moderate-targeted-clear1,0,39,sitka-spruce,0.183697373,0.183697373,36.4733849,47.4823532,23.9037743,0,59,14,0,0,0,0,0,0,0,8,3600,12,0,1010483,141,12.4100027,
moderate-targeted-clear1,0,39,sessile-oak,0.183697373,0.183697373,0,0,0,0,0,9,0,2,0,4,0,0,0,8,3600,12,0,1010483,141,12.4100027,
moderate-targeted-clear1,0,39,beech,0.183697373,0.183697373,0,0,0,0,0,9,0,4,0,2,0,0,0,8,3600,12,0,1010483,141,12.4100027,
moderate-targeted-clear1,0,40,sitka-spruce,0.185831591,0.185831591,35.96967,48.94699,24.87589,0,62,14,0,0,0,0,0,0,0,8,3600,12,0,1010483,142,12.7136345,
moderate-targeted-clear1,0,40,sessile-oak,0.185831591,0.185831591,0,0,0,0,0,9,0,2,0,4,0,0,0,8,3600,12,0,1010483,142,12.7136345,
moderate-targeted-clear1,0,40,beech,0.185831591,0.185831591,0,0,0,0,0,9,0,4,0,2,0,0,0,8,3600,12,0,1010483,142,12.7136345,
moderate-targeted-clear1,0,41,sitka-spruce,0.189293608,0.189293608,39.3790245,50.41662,25.5610867,0,63,14,0,0,0,0,0,0,0,8,3600,12,0,1010483,136,12.9439535,
moderate-targeted-clear1,0,41,sessile-oak,0.189293608,0.189293608,0,0,0,0,0,9,0,2,0,4,0,0,0,8,3600,12,0,1010483,136,12.9439535,
moderate-targeted-clear1,0,41,beech,0.189293608,0.189293608,0,0,0,0,0,9,0,4,0,2,0,0,0,8,3600,12,0,1010483,136,12.9439535,
moderate-targeted-clear1,0,42,sitka-spruce,0.1902467,0.1902467,40.9398346,52.0893021,26.22673,0,65,14,0,0,0,0,0,0,0,8,3600,12,0,1010483,136,13.3262224,
moderate-targeted-clear1,0,42,sessile-oak,0.1902467,0.1902467,0,0,0,0,0,9,0,2,0,4,0,0,0,8,3600,12,0,1010483,136,13.3262224,
moderate-targeted-clear1,0,42,beech,0.1902467,0.1902467,0,0,0,0,0,9,0,4,0,2,0,0,0,8,3600,12,0,1010483,136,13.3262224,
moderate-targeted-clear1,0,43,sitka-spruce,0.195384875,0.195384875,42.3904228,53.8432846,26.7499847,0,71,14,0,0,0,0,0,0,0,8,3600,12,0,1010483,129,12.7949867,
moderate-targeted-clear1,0,43,sessile-oak,0.195384875,0.195384875,0,0,0,0,0,9,0,2,0,4,0,0,0,8,3600,12,0,1010483,129,12.7949867,
moderate-targeted-clear1,0,43,beech,0.195384875,0.195384875,0,0,0,0,0,9,0,4,0,2,0,0,0,8,3600,12,0,1010483,129,12.7949867,
moderate-targeted-clear1,0,44,sitka-spruce,0.196677,0.196677,43.3962364,55.6618843,27.72294,0,76,14,0,0,0,0,0,0,0,8,3600,12,0,1010483,129,13.0865784,
moderate-targeted-clear1,0,44,sessile-oak,0.196677,0.196677,0,0,0,0,0,9,0,2,0,4,0,0,0,8,3600,12,0,1010483,129,13.0865784,
moderate-targeted-clear1,0,44,beech,0.196677,0.196677,0,0,0,0,0,9,0,4,0,2,0,0,0,8,3600,12,0,1010483,129,13.0865784,
moderate-targeted-clear1,0,45,sitka-spruce,0.195857957,0.195857957,44.24061,57.4768143,28.806757,0,77,14,0,0,0,0,0,0,0,8,3600,12,0,1010483,124,13.2256775,
moderate-targeted-clear1,0,45,sessile-oak,0.195857957,0.195857957,0,0,0,0,0,9,0,2,0,4,0,0,0,8,3600,12,0,1010483,124,13.2256775,
moderate-targeted-clear1,0,45,beech,0.195857957,0.195857957,0,0,0,0,0,9,0,4,0,2,0,0,0,8,3600,12,0,1010483,124,13.2256775,
moderate-targeted-clear1,0,46,sitka-spruce,0.198292241,0.198292241,43.4199638,59.18756,29.7109241,0,80,14,0,0,0,0,0,0,0,8,3600,12,0,1010483,117,12.8210344,
moderate-targeted-clear1,0,46,sessile-oak,0.198292241,0.198292241,0,0,0,0,0,9,0,2,0,4,0,0,0,8,3600,12,0,1010483,117,12.8210344,
moderate-targeted-clear1,0,46,beech,0.198292241,0.198292241,0,0,0,0,0,9,0,4,0,2,0,0,0,8,3600,12,0,1010483,117,12.8210344,
moderate-targeted-clear1,0,47,sitka-spruce,0.198263541,0.198263541,43.9084625,60.6635475,30.4868164,0,82,14,0,0,0,0,0,0,0,8,3600,12,0,1010483,117,13.0952759,
moderate-targeted-clear1,0,47,sessile-oak,0.198263541,0.198263541,0,0,0,0,0,9,0,2,0,4,0,0,0,8,3600,12,0,1010483,117,13.0952759,
moderate-targeted-clear1,0,47,beech,0.198263541,0.198263541,0,0,0,0,0,9,0,4,0,2,0,0,0,8,3600,12,0,1010483,117,13.0952759,
moderate-targeted-clear1,0,48,sitka-spruce,0.1990034,0.1990034,42.1152344,62.03112,31.2665253,0,87,14,0,0,0,0,0,0,0,8,3600,12,0,1010483,112,12.8850727,
moderate-targeted-clear1,0,48,sessile-oak,0.1990034,0.1990034,0,0,0,0,0,9,0,2,0,4,0,0,0,8,3600,12,0,1010483,112,12.8850727,
moderate-targeted-clear1,0,48,beech,0.1990034,0.1990034,0,0,0,0,0,9,0,4,0,2,0,0,0,8,3600,12,0,1010483,112,12.8850727,
moderate-targeted-clear1,0,49,sitka-spruce,0.196160719,0.196160719,42.2253761,63.2826157,32.6506653,0,89,14,0,0,0,0,0,0,0,8,3600,12,0,1010483,112,13.2486258,
moderate-targeted-clear1,0,49,sessile-oak,0.196160719,0.196160719,0,0,0,0,0,9,0,2,0,4,0,0,0,8,3600,12,0,1010483,112,13.2486258,
moderate-targeted-clear1,0,49,beech,0.196160719,0.196160719,0,0,0,0,0,9,0,4,0,2,0,0,0,8,3600,12,0,1010483,112,13.2486258,
moderate-targeted-clear1,0,50,sitka-spruce,0.194120437,0.194120437,44.140358,64.5583344,33.89366,0,93,14,0,0,0,0,0,0,0,8,3600,12,0,1010483,111,13.3220463,AB1BE811FF868B36
moderate-targeted-clear1,0,50,sessile-oak,0.194120437,0.194120437,0,0,0,0,0,9,0,2,0,4,0,0,0,8,3600,12,0,1010483,111,13.3220463,AB1BE811FF868B36
moderate-targeted-clear1,0,50,beech,0.194120437,0.194120437,0,0,0,0,0,9,0,4,0,2,0,0,0,8,3600,12,0,1010483,111,13.3220463,AB1BE811FF868B36
moderate-targeted-clear1,0,51,sitka-spruce,0.192851469,0.192851469,42.7091141,65.9441147,35.9297676,0,94,14,0,0,0,0,0,0,0,8,3600,12,0,1010483,103,13.016,
moderate-targeted-clear1,0,51,sessile-oak,0.192851469,0.192851469,0,0,0,0,0,9,0,2,0,4,0,0,0,8,3600,12,0,1010483,103,13.016,
moderate-targeted-clear1,0,51,beech,0.192851469,0.192851469,0,0,0,0,0,9,0,4,0,2,0,0,0,8,3600,12,0,1010483,103,13.016,
moderate-targeted-clear1,0,52,sitka-spruce,0.19025065,0.19025065,40.5552139,67.19813,37.6774063,0,99,14,0,0,0,0,0,0,0,8,3600,12,0,1010483,106,13.3773727,
moderate-targeted-clear1,0,52,sessile-oak,0.19025065,0.19025065,0,0,0,0,0,9,0,2,0,4,0,0,0,8,3600,12,0,1010483,106,13.3773727,
moderate-targeted-clear1,0,52,beech,0.19025065,0.19025065,0.0248180889,0,0,0,0,9,0,4,0,2,0,0,0,8,3600,12,0,1010483,106,13.3773727,
moderate-targeted-clear1,0,53,sitka-spruce,0.187913075,0.187913075,39.16313,68.3809,39.50641,0,102,14,0,0,0,0,0,0,0,8,3600,12,0,1010483,104,13.7148085,
moderate-targeted-clear1,0,53,sessile-oak,0.187913075,0.187913075,0,0,0,0,0,9,0,2,0,4,0,0,0,8,3600,12,0,1010483,104,13.7148085,
moderate-targeted-clear1,0,53,beech,0.187913075,0.187913075,0.0271142535,0.00326679554,0,0,0,9,0,4,0,2,0,0,0,8,3600,12,0,1010483,104,13.7148085,
moderate-targeted-clear1,0,54,sitka-spruce,0.1877885,0.1877885,39.2123528,69.5715256,41.0076637,0,103,14,0,0,0,0,0,0,0,8,3600,12,0,1010483,97,13.5880938,
moderate-targeted-clear1,0,54,sessile-oak,0.1877885,0.1877885,0,0,0,0,0,9,0,2,0,4,0,0,0,8,3600,12,0,1010483,97,13.5880938,
moderate-targeted-clear1,0,54,beech,0.1877885,0.1877885,0.0237298012,0.006651249,0,0,0,9,0,4,0,2,0,0,0,8,3600,12,0,1010483,97,13.5880938,
moderate-targeted-clear1,0,55,sitka-spruce,0.187450081,0.187450081,39.99485,70.75031,42.264225,0,106,14,0,0,0,0,0,0,0,8,3600,12,0,1010483,97,13.5875006,
moderate-targeted-clear1,0,55,sessile-oak,0.187450081,0.187450081,0,0,0,0,0,9,0,2,0,4,0,0,0,8,3600,12,0,1010483,97,13.5875006,
moderate-targeted-clear1,0,55,beech,0.187450081,0.187450081,0.0215845928,0.008796455,0,0,0,9,0,4,0,2,0,0,0,8,3600,12,0,1010483,97,13.5875006,
moderate-targeted-clear1,0,56,sitka-spruce,0.1872395,0.1872395,38.5819,72.00702,43.4507751,0,111,14,0,0,0,0,0,0,0,8,3600,12,0,1010483,98,13.787076,
moderate-targeted-clear1,0,56,sessile-oak,0.1872395,0.1872395,0,0,0,0,0,9,0,2,0,4,0,0,0,8,3600,12,0,1010483,98,13.787076,
moderate-targeted-clear1,0,56,beech,0.1872395,0.1872395,0.020454254,0.009926796,0,0,0,9,0,4,0,2,0,0,0,8,3600,12,0,1010483,98,13.787076,
moderate-targeted-clear1,0,57,sitka-spruce,0.186003149,0.186003149,38.29111,73.22793,44.9965744,0,115,14,0,0,0,0,0,0,0,8,3600,12,0,1010483,98,13.9681063,
moderate-targeted-clear1,0,57,sessile-oak,0.186003149,0.186003149,0,0,0,0,0,9,0,2,0,4,0,0,0,8,3600,12,0,1010483,98,13.9681063,
moderate-targeted-clear1,0,57,beech,0.186003149,0.186003149,0.020124143,0.0102569051,0,0,0,9,0,4,0,2,0,0,0,8,3600,12,0,1010483,98,13.9681063,
moderate-targeted-clear1,0,58,sitka-spruce,0.1854575,0.1854575,39.4522438,74.46143,46.118763,0,119,14,0,0,0,0,0,0,0,8,3600,12,0,1010483,96,13.9754982,
moderate-targeted-clear1,0,58,sessile-oak,0.1854575,0.1854575,0,0,0,0,0,9,0,2,0,4,0,0,0,8,3600,12,0,1010483,96,13.9754982,
moderate-targeted-clear1,0,58,beech,0.1854575,0.1854575,0.0199633855,0.0104176626,0,0,0,9,0,4,0,2,0,0,0,8,3600,12,0,1010483,96,13.9754982,
moderate-targeted-clear1,0,59,sitka-spruce,0.188981742,0.188981742,39.06162,75.8271,47.14202,0,124,14,0,0,0,0,0,0,0,8,3600,12,0,1010483,87,14.0017376,
moderate-targeted-clear1,0,59,sessile-oak,0.188981742,0.188981742,0,0,0,0,0,9,0,2,0,4,0,0,0,8,3600,12,0,1010483,87,14.0017376,
moderate-targeted-clear1,0,59,beech,0.188981742,0.188981742,0.0198356677,0.01054538,0,0,0,9,0,4,0,2,0,0,0,8,3600,12,0,1010483,87,14.0017376,
moderate-targeted-clear1,0,60,sitka-spruce,0.192261741,0.192261741,40.3115959,77.25074,48.0373726,0,125,14,0,0,0,0,0,0,0,8,3600,12,0,1010483,81,14.0296469,
moderate-targeted-clear1,0,60,sessile-oak,0.192261741,0.192261741,0,0,0,0,0,9,0,2,0,4,0,0,0,8,3600,12,0,1010483,81,14.0296469,
moderate-targeted-clear1,0,60,beech,0.192261741,0.192261741,0.0197453965,0.0106356516,0,0,0,9,0,4,0,2,0,0,0,8,3600,12,0,1010483,81,14.0296469,
moderate-targeted-clear1,0,61,sitka-spruce,0.194873467,0.194873467,41.8210144,78.776535,48.88415,0,128,14,0,0,0,0,0,0,0,8,3600,12,0,1010483,81,13.9333982,
moderate-targeted-clear1,0,61,sessile-oak,0.194873467,0.194873467,0,0,0,0,0,9,0,2,0,4,0,0,0,8,3600,12,0,1010483,81,13.9333982,
moderate-targeted-clear1,0,61,beech,0.194873467,0.194873467,0.01969383,0.010687218,0,0,0,9,0,4,0,2,0,0,0,8,3600,12,0,1010483,81,13.9333982,
moderate-targeted-clear1,0,62,sitka-spruce,0.1978437,0.1978437,44.7634659,80.38582,49.97742,0,128,14,0,0,0,0,0,0,0,8,3600,12,0,1010483,76,13.9585285,
moderate-targeted-clear1,0,62,sessile-oak,0.1978437,0.1978437,0,0,0,0,0,9,0,2,0,4,0,0,0,8,3600,12,0,1010483,76,13.9585285,
moderate-targeted-clear1,0,62,beech,0.1978437,0.1978437,0.008658802,0.01069999,0,0,1,9,0,4,0,2,0,0,0,8,3600,12,0,1010483,76,13.9585285,
moderate-targeted-clear1,0,63,sitka-spruce,0.200781375,0.200781375,44.7222977,82.178215,51.1209869,0,131,14,0,0,0,0,0,0,0,8,3600,12,0,1010483,76,13.9632883,
moderate-targeted-clear1,0,63,sessile-oak,0.200781375,0.200781375,0,0,0,0,0,9,0,2,0,4,0,0,0,8,3600,12,0,1010483,76,13.9632883,
moderate-targeted-clear1,0,63,beech,0.200781375,0.200781375,0.008658802,0.01069999,0,0,1,9,0,4,0,2,0,0,0,8,3600,12,0,1010483,76,13.9632883,
moderate-targeted-clear1,0,64,sitka-spruce,0.202132627,0.202132627,44.20364,83.96821,51.99343,0,135,14,0,0,0,0,0,0,0,8,3600,12,0,1010483,76,13.910388,
moderate-targeted-clear1,0,64,sessile-oak,0.202132627,0.202132627,0,0,0,0,0,9,0,2,0,4,0,0,0,8,3600,12,0,1010483,76,13.910388,
moderate-targeted-clear1,0,64,beech,0.202132627,0.202132627,0.008658802,0.01069999,0,0,1,9,0,4,0,2,0,0,0,8,3600,12,0,1010483,76,13.910388,
moderate-targeted-clear1,0,65,sitka-spruce,0.203315124,0.203315124,43.75374,85.63047,52.8437462,0,139,14,0,0,0,0,0,0,0,8,3600,12,0,1010483,73,13.8890171,
moderate-targeted-clear1,0,65,sessile-oak,0.203315124,0.203315124,0,0,0,0,0,9,0,2,0,4,0,0,0,8,3600,12,0,1010483,73,13.8890171,
moderate-targeted-clear1,0,65,beech,0.203315124,0.203315124,0.008658802,0.01069999,0,0,1,9,0,4,0,2,0,0,0,8,3600,12,0,1010483,73,13.8890171,
moderate-targeted-clear1,0,66,sitka-spruce,0.204927579,0.204927579,44.6131439,87.265274,53.8414421,0,144,14,0,0,0,0,0,0,0,8,3600,12,0,1010483,73,13.7926474,
moderate-targeted-clear1,0,66,sessile-oak,0.204927579,0.204927579,0,0,0,0,0,9,0,2,0,4,0,0,0,8,3600,12,0,1010483,73,13.7926474,
moderate-targeted-clear1,0,66,beech,0.204927579,0.204927579,0.008658802,0.01069999,0,0,1,9,0,4,0,2,0,0,0,8,3600,12,0,1010483,73,13.7926474,
moderate-targeted-clear1,0,67,sitka-spruce,0.205645844,0.205645844,47.10697,88.92191,54.9992027,0,145,14,0,0,0,0,0,0,0,8,3600,12,0,1010483,67,13.8726578,
moderate-targeted-clear1,0,67,sessile-oak,0.205645844,0.205645844,0,0,0,0,0,9,0,2,0,4,0,0,0,8,3600,12,0,1010483,67,13.8726578,
moderate-targeted-clear1,0,67,beech,0.205645844,0.205645844,0.008658802,0.01069999,0,0,1,9,0,4,0,2,0,0,0,8,3600,12,0,1010483,67,13.8726578,
moderate-targeted-clear1,0,68,sitka-spruce,0.206024662,0.206024662,47.97148,90.6824,55.9742775,0,150,14,0,0,0,0,0,0,0,8,3600,12,0,1010483,70,13.9655113,
moderate-targeted-clear1,0,68,sessile-oak,0.206024662,0.206024662,0,0,0,0,0,9,0,2,0,4,0,0,0,8,3600,12,0,1010483,70,13.9655113,
moderate-targeted-clear1,0,68,beech,0.206024662,0.206024662,0.008658802,0.01069999,0,0,1,9,0,4,0,2,0,0,0,8,3600,12,0,1010483,70,13.9655113,
moderate-targeted-clear1,0,69,sitka-spruce,0.206274658,0.206274658,48.2689667,92.439415,56.60126,0,153,14,0,0,0,0,0,0,0,8,3600,12,0,1010483,66,13.8358259,
moderate-targeted-clear1,0,69,sessile-oak,0.206274658,0.206274658,0,0,0,0,0,9,0,2,0,4,0,0,0,8,3600,12,0,1010483,66,13.8358259,
moderate-targeted-clear1,0,69,beech,0.206274658,0.206274658,0.008658802,0.01069999,0,0,1,9,0,4,0,2,0,0,0,8,3600,12,0,1010483,66,13.8358259,
moderate-targeted-clear1,0,70,sitka-spruce,0.20630078,0.20630078,48.43842,94.02918,57.806015,0,155,14,0,0,0,0,0,0,0,8,3600,12,0,1010483,63,13.8140364,
moderate-targeted-clear1,0,70,sessile-oak,0.20630078,0.20630078,0,0,0,0,0,9,0,2,0,4,0,0,0,8,3600,12,0,1010483,63,13.8140364,
moderate-targeted-clear1,0,70,beech,0.20630078,0.20630078,0.008658802,0.01069999,0,0,1,9,0,4,0,2,0,0,0,8,3600,12,0,1010483,63,13.8140364,
moderate-targeted-clear1,0,71,sitka-spruce,0.205566481,0.205566481,47.03199,95.46263,59.0674629,0,160,14,0,0,0,0,0,0,0,8,3600,12,0,1010483,65,13.8399038,
moderate-targeted-clear1,0,71,sessile-oak,0.205566481,0.205566481,0,0,0,0,0,9,0,2,0,4,0,0,0,8,3600,12,0,1010483,65,13.8399038,
moderate-targeted-clear1,0,71,beech,0.205566481,0.205566481,0.008658802,0.01069999,0,0,1,9,0,4,0,2,0,0,0,8,3600,12,0,1010483,65,13.8399038,
moderate-targeted-clear1,0,72,sitka-spruce,0.20391427,0.20391427,47.27964,96.78995,60.19536,0,165,14,0,0,0,0,0,0,0,8,3600,12,0,1010483,67,13.9120007,
moderate-targeted-clear1,0,72,sessile-oak,0.20391427,0.20391427,0,0,0,0,0,9,0,2,0,4,0,0,0,8,3600,12,0,1010483,67,13.9120007,
moderate-targeted-clear1,0,72,beech,0.20391427,0.20391427,0.008658802,0.01069999,0,0,1,9,0,4,0,2,0,0,0,8,3600,12,0,1010483,67,13.9120007,
moderate-targeted-clear1,0,73,sitka-spruce,0.2050681,0.2050681,47.99594,98.18437,61.1517372,0,169,14,0,0,0,0,0,0,0,8,3600,12,0,1010483,61,13.7533636,
moderate-targeted-clear1,0,73,sessile-oak,0.2050681,0.2050681,0,0,0,0,0,9,0,2,0,4,0,0,0,8,3600,12,0,1010483,61,13.7533636,
moderate-targeted-clear1,0,73,beech,0.2050681,0.2050681,0.008658802,0.01069999,0,0,1,9,0,4,0,2,0,0,0,8,3600,12,0,1010483,61,13.7533636,
moderate-targeted-clear1,0,74,sitka-spruce,0.206103548,0.206103548,50.2643127,99.65109,62.26704,0,172,14,0,0,0,0,0,0,0,8,3600,12,0,1010483,59,13.8481522,
moderate-targeted-clear1,0,74,sessile-oak,0.206103548,0.206103548,0,0,0,0,0,9,0,2,0,4,0,0,0,8,3600,12,0,1010483,59,13.8481522,
moderate-targeted-clear1,0,74,beech,0.206103548,0.206103548,0.008658802,0.01069999,0,0,1,9,0,4,0,2,0,0,0,8,3600,12,0,1010483,59,13.8481522,
moderate-targeted-clear1,0,75,sitka-spruce,0.2063815,0.2063815,51.8978958,101.206421,63.2965927,0,174,14,0,0,0,0,0,0,0,8,3600,12,0,1010483,57,13.9137859,
moderate-targeted-clear1,0,75,sessile-oak,0.2063815,0.2063815,0,0,0,0,0,9,0,2,0,4,0,0,0,8,3600,12,0,1010483,57,13.9137859,
moderate-targeted-clear1,0,75,beech,0.2063815,0.2063815,0.008658802,0.01069999,0,0,1,9,0,4,0,2,0,0,0,8,3600,12,0,1010483,57,13.9137859,
moderate-targeted-clear1,0,76,sitka-spruce,0.206534356,0.206534356,52.17059,102.765518,64.25744,0,181,14,0,0,0,0,0,0,0,8,3600,12,0,1010483,60,13.696641,
moderate-targeted-clear1,0,76,sessile-oak,0.206534356,0.206534356,0,0,0,0,0,9,0,2,0,4,0,0,0,8,3600,12,0,1010483,60,13.696641,
moderate-targeted-clear1,0,76,beech,0.206534356,0.206534356,0.008658802,0.01069999,0,0,1,9,0,4,0,2,0,0,0,8,3600,12,0,1010483,60,13.696641,
moderate-targeted-clear1,0,77,sitka-spruce,0.205714256,0.205714256,51.9109268,104.254707,65.4110947,0,184,14,0,0,0,0,0,0,0,8,3600,12,0,1010483,55,13.7017126,
moderate-targeted-clear1,0,77,sessile-oak,0.205714256,0.205714256,0,0,0,0,0,9,0,2,0,4,0,0,0,8,3600,12,0,1010483,55,13.7017126,
moderate-targeted-clear1,0,77,beech,0.205714256,0.205714256,0.008658802,0.01069999,0,0,1,9,0,4,0,2,0,0,0,8,3600,12,0,1010483,55,13.7017126,
moderate-targeted-clear1,0,78,sitka-spruce,0.205214113,0.205214113,51.78029,105.667305,66.4575653,0,186,14,0,0,0,0,0,0,0,8,3600,12,0,1010483,53,13.7425728,
moderate-targeted-clear1,0,78,sessile-oak,0.205214113,0.205214113,0,0,0,0,0,9,0,2,0,4,0,0,0,8,3600,12,0,1010483,53,13.7425728,
moderate-targeted-clear1,0,78,beech,0.205214113,0.205214113,0.008658802,0.01069999,0,0,1,9,0,4,0,2,0,0,0,8,3600,12,0,1010483,53,13.7425728,
moderate-targeted-clear1,0,79,sitka-spruce,0.204464763,0.204464763,47.8111725,106.956985,67.5446243,0,191,14,0,0,0,0,0,0,0,8,3600,12,0,1010483,55,13.7228317,
moderate-targeted-clear1,0,79,sessile-oak,0.204464763,0.204464763,0,0,0,0,0,9,0,2,0,4,0,0,0,8,3600,12,0,1010483,55,13.7228317,
moderate-targeted-clear1,0,79,beech,0.204464763,0.204464763,0.008658802,0.01069999,0,0,1,9,0,4,0,2,0,0,0,8,3600,12,0,1010483,55,13.7228317,
moderate-targeted-clear1,0,80,sitka-spruce,0.2045845,0.2045845,48.2924957,108.116425,68.4739761,0,194,14,0,0,0,0,0,0,0,8,3600,12,0,1010483,52,13.663373,
moderate-targeted-clear1,0,80,sessile-oak,0.2045845,0.2045845,0,0,0,0,0,9,0,2,0,4,0,0,0,8,3600,12,0,1010483,52,13.663373,
moderate-targeted-clear1,0,80,beech,0.2045845,0.2045845,0.008658802,0.01069999,0,0,1,9,0,4,0,2,0,0,0,8,3600,12,0,1010483,52,13.663373,
moderate-targeted-clear1,0,81,sitka-spruce,0.2041113,0.2041113,44.88202,109.316017,69.82681,0,199,14,0,0,0,0,0,0,0,8,3600,12,0,1010483,53,13.6439943,
moderate-targeted-clear1,0,81,sessile-oak,0.2041113,0.2041113,0,0,0,0,0,9,0,2,0,4,0,0,0,8,3600,12,0,1010483,53,13.6439943,
moderate-targeted-clear1,0,81,beech,0.2041113,0.2041113,0.008658802,0.01069999,0,0,1,9,0,4,0,2,0,0,0,8,3600,12,0,1010483,53,13.6439943,
moderate-targeted-clear1,0,82,sitka-spruce,0.201882839,0.201882839,45.21963,110.448578,70.98714,0,201,14,0,0,0,0,0,0,0,8,3600,12,0,1010483,52,13.8838892,
moderate-targeted-clear1,0,82,sessile-oak,0.201882839,0.201882839,0,0,0,0,0,9,0,2,0,4,0,0,0,8,3600,12,0,1010483,52,13.8838892,
moderate-targeted-clear1,0,82,beech,0.201882839,0.201882839,0.008658802,0.01069999,0,0,1,9,0,4,0,2,0,0,0,8,3600,12,0,1010483,52,13.8838892,
moderate-targeted-clear1,0,83,sitka-spruce,0.20041573,0.20041573,45.3068466,111.737152,72.0809,0,207,14,0,0,0,0,0,0,0,8,3600,12,0,1010483,53,13.8098307,
moderate-targeted-clear1,0,83,sessile-oak,0.20041573,0.20041573,0,0,0,0,0,9,0,2,0,4,0,0,0,8,3600,12,0,1010483,53,13.8098307,
moderate-targeted-clear1,0,83,beech,0.20041573,0.20041573,0.008658802,0.01069999,0,0,1,9,0,4,0,2,0,0,0,8,3600,12,0,1010483,53,13.8098307,
moderate-targeted-clear1,0,84,sitka-spruce,0.199932277,0.199932277,46.30945,113.122864,73.0569839,0,208,14,0,0,0,0,0,0,0,8,3600,12,0,1010483,47,13.841671,
moderate-targeted-clear1,0,84,sessile-oak,0.199932277,0.199932277,0,0,0,0,0,9,0,2,0,4,0,0,0,8,3600,12,0,1010483,47,13.841671,
moderate-targeted-clear1,0,84,beech,0.199932277,0.199932277,0.008658802,0.01069999,0,0,1,9,0,4,0,2,0,0,0,8,3600,12,0,1010483,47,13.841671,
moderate-targeted-clear1,0,85,sitka-spruce,0.2003684,0.2003684,47.52869,114.488419,73.6898651,0,212,14,0,0,0,0,0,0,0,8,3600,12,0,1010483,49,13.7905817,
moderate-targeted-clear1,0,85,sessile-oak,0.2003684,0.2003684,0,0,0,0,0,9,0,2,0,4,0,0,0,8,3600,12,0,1010483,49,13.7905817,
moderate-targeted-clear1,0,85,beech,0.2003684,0.2003684,0.008658802,0.01069999,0,0,1,9,0,4,0,2,0,0,0,8,3600,12,0,1010483,49,13.7905817,
moderate-targeted-clear1,0,86,sitka-spruce,0.201698169,0.201698169,49.1907272,115.980942,74.3914948,0,217,14,0,0,0,0,0,0,0,8,3600,12,0,1010483,49,13.7033434,
moderate-targeted-clear1,0,86,sessile-oak,0.201698169,0.201698169,0,0,0,0,0,9,0,2,0,4,0,0,0,8,3600,12,0,1010483,49,13.7033434,
moderate-targeted-clear1,0,86,beech,0.201698169,0.201698169,0.008658802,0.01069999,0,0,1,9,0,4,0,2,0,0,0,8,3600,12,0,1010483,49,13.7033434,
moderate-targeted-clear1,0,87,sitka-spruce,0.203022048,0.203022048,51.3119965,117.59726,75.0431442,0,220,14,0,0,0,0,0,0,0,8,3600,12,0,1010483,46,13.6289272,
moderate-targeted-clear1,0,87,sessile-oak,0.203022048,0.203022048,0,0,0,0,0,9,0,2,0,4,0,0,0,8,3600,12,0,1010483,46,13.6289272,
moderate-targeted-clear1,0,87,beech,0.203022048,0.203022048,0.008658802,0.01069999,0,0,1,9,0,4,0,2,0,0,0,8,3600,12,0,1010483,46,13.6289272,
moderate-targeted-clear1,0,88,sitka-spruce,0.204109639,0.204109639,49.150425,119.312782,75.59218,0,228,14,0,0,0,0,0,0,0,8,3600,12,0,1010483,50,13.5537863,
moderate-targeted-clear1,0,88,sessile-oak,0.204109639,0.204109639,0,0,0,0,0,9,0,2,0,4,0,0,0,8,3600,12,0,1010483,50,13.5537863,
moderate-targeted-clear1,0,88,beech,0.204109639,0.204109639,0.008658802,0.01069999,0,0,1,9,0,4,0,2,0,0,0,8,3600,12,0,1010483,50,13.5537863,
moderate-targeted-clear1,0,89,sitka-spruce,0.202555761,0.202555761,52.01157,120.900085,76.07985,0,230,14,0,0,0,0,0,0,0,8,3600,12,0,1010483,48,13.7669449,
moderate-targeted-clear1,0,89,sessile-oak,0.202555761,0.202555761,0,0,0,0,0,9,0,2,0,4,0,0,0,8,3600,12,0,1010483,48,13.7669449,
moderate-targeted-clear1,0,89,beech,0.202555761,0.202555761,0.008658802,0.01069999,0,0,1,9,0,4,0,2,0,0,0,8,3600,12,0,1010483,48,13.7669449,
moderate-targeted-clear1,0,90,sitka-spruce,0.203324571,0.203324571,53.54855,122.556107,76.6052246,0,233,14,0,0,0,0,0,0,0,8,3600,12,0,1010483,44,13.6350193,
moderate-targeted-clear1,0,90,sessile-oak,0.203324571,0.203324571,0,0,0,0,0,9,0,2,0,4,0,0,0,8,3600,12,0,1010483,44,13.6350193,
moderate-targeted-clear1,0,90,beech,0.203324571,0.203324571,0.008658802,0.01069999,0,0,1,9,0,4,0,2,0,0,0,8,3600,12,0,1010483,44,13.6350193,
moderate-targeted-clear1,0,91,sitka-spruce,0.205137536,0.205137536,54.75913,124.277039,77.46318,0,235,14,0,0,0,0,0,0,0,8,3600,12,0,1010483,42,13.5164967,
moderate-targeted-clear1,0,91,sessile-oak,0.205137536,0.205137536,0,0,0,0,0,9,0,2,0,4,0,0,0,8,3600,12,0,1010483,42,13.5164967,
moderate-targeted-clear1,0,91,beech,0.205137536,0.205137536,0.008658802,0.01069999,0,0,1,9,0,4,0,2,0,0,0,8,3600,12,0,1010483,42,13.5164967,
moderate-targeted-clear1,0,92,sitka-spruce,0.205343,0.205343,55.0314026,126.015831,78.25332,0,238,14,0,0,0,0,0,0,0,8,3600,12,0,1010483,43,13.726265,
moderate-targeted-clear1,0,92,sessile-oak,0.205343,0.205343,0,0,0,0,0,9,0,2,0,4,0,0,0,8,3600,12,0,1010483,43,13.726265,
moderate-targeted-clear1,0,92,beech,0.205343,0.205343,0.008658802,0.01069999,0,0,1,9,0,4,0,2,0,0,0,8,3600,12,0,1010483,43,13.726265,
moderate-targeted-clear1,0,93,sitka-spruce,0.207561865,0.207561865,52.4554176,127.762184,78.94789,0,243,14,0,0,0,0,0,0,0,8,3600,12,0,1010483,44,13.63111,
moderate-targeted-clear1,0,93,sessile-oak,0.207561865,0.207561865,0,0,0,0,0,9,0,2,0,4,0,0,0,8,3600,12,0,1010483,44,13.63111,
moderate-targeted-clear1,0,93,beech,0.207561865,0.207561865,0.008658802,0.01069999,0,0,1,9,0,4,0,2,0,0,0,8,3600,12,0,1010483,44,13.63111,
moderate-targeted-clear1,0,94,sitka-spruce,0.209529951,0.209529951,51.06954,129.388153,79.53471,0,247,14,0,0,0,0,0,0,0,8,3600,12,0,1010483,42,13.3810873,
moderate-targeted-clear1,0,94,sessile-oak,0.209529951,0.209529951,0,0,0,0,0,9,0,2,0,4,0,0,0,8,3600,12,0,1010483,42,13.3810873,
moderate-targeted-clear1,0,94,beech,0.209529951,0.209529951,0.008658802,0.01069999,0,0,1,9,0,4,0,2,0,0,0,8,3600,12,0,1010483,42,13.3810873,
moderate-targeted-clear1,0,95,sitka-spruce,0.208816692,0.208816692,49.7842331,130.900269,80.34495,0,252,14,0,0,0,0,0,0,0,8,3600,12,0,1010483,46,13.5886154,
moderate-targeted-clear1,0,95,sessile-oak,0.208816692,0.208816692,0,0,0,0,0,9,0,2,0,4,0,0,0,8,3600,12,0,1010483,46,13.5886154,
moderate-targeted-clear1,0,95,beech,0.208816692,0.208816692,0.008658802,0.01069999,0,0,1,9,0,4,0,2,0,0,0,8,3600,12,0,1010483,46,13.5886154,
moderate-targeted-clear1,0,96,sitka-spruce,0.207165375,0.207165375,52.6764641,132.337692,81.4047241,0,255,14,0,0,0,0,0,0,0,8,3600,12,0,1010483,46,13.7871714,
moderate-targeted-clear1,0,96,sessile-oak,0.207165375,0.207165375,0,0,0,0,0,9,0,2,0,4,0,0,0,8,3600,12,0,1010483,46,13.7871714,
moderate-targeted-clear1,0,96,beech,0.207165375,0.207165375,0.008658802,0.01069999,0,0,1,9,0,4,0,2,0,0,0,8,3600,12,0,1010483,46,13.7871714,
moderate-targeted-clear1,0,97,sitka-spruce,0.208832949,0.208832949,52.283886,133.9882,81.83026,0,258,14,0,0,0,0,0,0,0,8,3600,12,0,1010483,40,13.615634,
moderate-targeted-clear1,0,97,sessile-oak,0.208832949,0.208832949,0,0,0,0,0,9,0,2,0,4,0,0,0,8,3600,12,0,1010483,40,13.615634,
moderate-targeted-clear1,0,97,beech,0.208832949,0.208832949,0.008658802,0.01069999,0,0,1,9,0,4,0,2,0,0,0,8,3600,12,0,1010483,40,13.615634,
moderate-targeted-clear1,0,98,sitka-spruce,0.210920572,0.210920572,53.3061523,135.54512,82.14843,0,260,14,0,0,0,0,0,0,0,8,3600,12,0,1010483,38,13.4448195,
moderate-targeted-clear1,0,98,sessile-oak,0.210920572,0.210920572,0,0,0,0,0,9,0,2,0,4,0,0,0,8,3600,12,0,1010483,38,13.4448195,
moderate-targeted-clear1,0,98,beech,0.210920572,0.210920572,0.008658802,0.01069999,0,0,1,9,0,4,0,2,0,0,0,8,3600,12,0,1010483,38,13.4448195,
moderate-targeted-clear1,0,99,sitka-spruce,0.211071372,0.211071372,55.3226471,137.035736,82.8971939,0,265,14,0,0,0,0,0,0,0,8,3600,12,0,1010483,42,13.6419277,
moderate-targeted-clear1,0,99,sessile-oak,0.211071372,0.211071372,0,0,0,0,0,9,0,2,0,4,0,0,0,8,3600,12,0,1010483,42,13.6419277,
moderate-targeted-clear1,0,99,beech,0.211071372,0.211071372,0.008658802,0.01069999,0,0,1,9,0,4,0,2,0,0,0,8,3600,12,0,1010483,42,13.6419277,
moderate-targeted-clear1,0,100,sitka-spruce,0.212527126,0.212527126,55.9143639,138.696762,83.90611,0,269,14,0,0,0,0,0,0,0,8,3600,12,0,1010483,39,13.4875717,35857999AD9F0FE2
moderate-targeted-clear1,0,100,sessile-oak,0.212527126,0.212527126,0,0,0,0,0,9,0,2,0,4,0,0,0,8,3600,12,0,1010483,39,13.4875717,35857999AD9F0FE2
moderate-targeted-clear1,0,100,beech,0.212527126,0.212527126,0.008658802,0.01069999,0,0,1,9,0,4,0,2,0,0,0,8,3600,12,0,1010483,39,13.4875717,35857999AD9F0FE2
dense-opening-targeted-clear0,0,1,sitka-spruce,0.626634,0.626634,2.83454347,0,0,0,0,-1,0,0,0,0,0,0,0,0,0,12,0,1046391,134,2.81021357,
dense-opening-targeted-clear0,0,1,sessile-oak,0.626634,0.626634,0,0,0,0,0,-1,5,0,0,1,0,0,0,0,0,12,0,1046391,134,2.81021357,
dense-opening-targeted-clear0,0,1,beech,0.626634,0.626634,0,0,0,0,0,-1,6,0,0,0,0,0,0,0,0,12,0,1046391,134,2.81021357,
dense-opening-targeted-clear0,0,2,sitka-spruce,0.4815618,0.4815618,4.38083649,0.605887055,0.01793613,0,0,-1,0,0,0,0,0,0,0,0,0,12,0,1046391,134,3.01699352,
dense-opening-targeted-clear0,0,2,sessile-oak,0.4815618,0.4815618,0,0,0,0,0,-1,5,0,0,1,0,0,0,0,0,12,0,1046391,134,3.01699352,
dense-opening-targeted-clear0,0,2,beech,0.4815618,0.4815618,0,0,0,0,0,-1,6,0,0,0,0,0,0,0,0,12,0,1046391,134,3.01699352,
dense-opening-targeted-clear0,0,3,sitka-spruce,0.406234056,0.406234056,9.607631,1.41962659,0.04566929,0,0,-1,0,0,0,0,0,0,0,0,0,12,0,1046391,134,3.230159,
dense-opening-targeted-clear0,0,3,sessile-oak,0.406234056,0.406234056,0,0,0,0,0,-1,5,0,0,1,0,0,0,0,0,12,0,1046391,134,3.230159,
dense-opening-targeted-clear0,0,3,beech,0.406234056,0.406234056,0,0,0,0,0,-1,6,0,0,0,0,0,0,0,0,12,0,1046391,134,3.230159,
dense-opening-targeted-clear0,0,4,sitka-spruce,0.3684967,0.3684967,11.4919882,3.0675447,0.101650119,0,0,-1,0,0,0,0,0,0,0,0,0,12,0,1046391,134,3.44958282,
dense-opening-targeted-clear0,0,4,sessile-oak,0.3684967,0.3684967,0,0,0,0,0,-1,5,0,0,1,0,0,0,0,0,12,0,1046391,134,3.44958282,
dense-opening-targeted-clear0,0,4,beech,0.3684967,0.3684967,0,0,0,0,0,-1,6,0,0,0,0,0,0,0,0,12,0,1046391,134,3.44958282,
dense-opening-targeted-clear0,0,5,sitka-spruce,0.3504328,0.3504328,13.8239861,4.81260729,0.158732325,0,0,-1,0,0,0,0,0,0,0,0,0,12,0,1046391,134,3.67513943,
dense-opening-targeted-clear0,0,5,sessile-oak,0.3504328,0.3504328,0,0,0,0,0,-1,5,0,0,1,0,0,0,0,0,12,0,1046391,134,3.67513943,
dense-opening-targeted-clear0,0,5,beech,0.3504328,0.3504328,0,0,0,0,0,-1,6,0,0,0,0,0,0,0,0,12,0,1046391,134,3.67513943,
dense-opening-targeted-clear0,0,6,sitka-spruce,0.342428178,0.342428178,20.31698,6.65671,0.22849524,0,0,-1,0,0,0,0,0,0,0,0,0,12,0,1046391,134,3.90670443,
dense-opening-targeted-clear0,0,6,sessile-oak,0.342428178,0.342428178,0,0,0,0,0,-1,5,0,0,1,0,0,0,0,0,12,0,1046391,134,3.90670443,
dense-opening-targeted-clear0,0,6,beech,0.342428178,0.342428178,0,0,0,0,0,-1,5,0,0,1,0,0,0,0,0,12,0,1046391,134,3.90670443,
dense-opening-targeted-clear0,0,7,sitka-spruce,0.339399219,0.339399219,26.57192,9.3052845,0.3397109,0,0,-1,0,0,0,0,0,0,0,0,0,12,0,1046391,134,4.1441555,
dense-opening-targeted-clear0,0,7,sessile-oak,0.339399219,0.339399219,0,0,0,0,0,-1,4,0,0,2,0,0,0,0,0,12,0,1046391,134,4.1441555,
dense-opening-targeted-clear0,0,7,beech,0.339399219,0.339399219,0,0,0,0,0,-1,5,0,0,1,0,0,0,0,0,12,0,1046391,134,4.1441555,
dense-opening-targeted-clear0,0,8,sitka-spruce,0.3387265,0.3387265,33.9730339,12.6451969,0.4883817,0,0,-1,0,0,0,0,0,0,0,0,0,12,0,1046391,134,4.38737059,
dense-opening-targeted-clear0,0,8,sessile-oak,0.3387265,0.3387265,0,0,0,0,0,-1,4,0,0,2,0,0,0,0,0,12,0,1046391,134,4.38737059,
dense-opening-targeted-clear0,0,8,beech,0.3387265,0.3387265,0,0,0,0,0,-1,5,0,0,1,0,0,0,0,0,12,0,1046391,134,4.38737059,
dense-opening-targeted-clear0,0,9,sitka-spruce,0.338980377,0.338980377,35.9150276,16.7183952,0.6799114,0,0,-1,0,0,0,0,0,0,0,0,0,12,0,1046391,141,4.653609,
dense-opening-targeted-clear0,0,9,sessile-oak,0.338980377,0.338980377,0,0,0,0,0,9,1,3,0,2,0,0,0,0,0,12,0,1046391,141,4.653609,
dense-opening-targeted-clear0,0,9,beech,0.338980377,0.338980377,0,0,0,0,0,9,1,4,0,1,0,0,0,0,0,12,0,1046391,141,4.653609,
dense-opening-targeted-clear0,0,10,sitka-spruce,0.3341299,0.3341299,38.5464439,20.5121956,0.8706775,0,0,-1,0,0,0,0,0,0,0,0,0,12,0,1046391,141,4.90837669,221B880671F008C9
dense-opening-targeted-clear0,0,10,sessile-oak,0.3341299,0.3341299,0,0,0,0,0,9,1,3,0,2,0,0,0,0,0,12,0,1046391,141,4.90837669,221B880671F008C9
dense-opening-targeted-clear0,0,10,beech,0.3341299,0.3341299,0,0,0,0,0,9,1,4,0,1,0,0,0,0,0,12,0,1046391,141,4.90837669,221B880671F008C9
dense-opening-targeted-clear0,0,11,sitka-spruce,0.331289828,0.331289828,41.5919952,23.9234638,1.0659523,0,0,-1,0,0,0,0,0,0,0,0,0,12,0,1046391,141,5.16856241,
dense-opening-targeted-clear0,0,11,sessile-oak,0.331289828,0.331289828,0,0,0,0,0,9,1,3,0,2,0,0,0,0,0,12,0,1046391,141,5.16856241,
dense-opening-targeted-clear0,0,11,beech,0.331289828,0.331289828,0,0,0,0,0,9,1,4,0,1,0,0,0,0,0,12,0,1046391,141,5.16856241,
dense-opening-targeted-clear0,0,12,sitka-spruce,0.32931903,0.32931903,48.047184,27.1766243,1.26525009,0,0,-1,0,0,0,0,0,0,0,0,0,12,0,1046391,141,5.434053,
dense-opening-targeted-clear0,0,12,sessile-oak,0.32931903,0.32931903,0,0,0,0,0,9,1,3,0,2,0,0,0,0,0,12,0,1046391,141,5.434053,
dense-opening-targeted-clear0,0,12,beech,0.32931903,0.32931903,0,0,0,0,0,9,1,4,0,1,0,0,0,0,0,12,0,1046391,141,5.434053,
dense-opening-targeted-clear0,0,13,sitka-spruce,0.327583283,0.327583283,52.1912766,30.9668121,1.55376458,0,0,-1,0,0,0,0,0,0,0,0,0,12,0,1046391,142,5.70694542,
dense-opening-targeted-clear0,0,13,sessile-oak,0.327583283,0.327583283,0,0,0,0,0,9,1,3,0,2,0,0,0,0,0,12,0,1046391,142,5.70694542,
dense-opening-targeted-clear0,0,13,beech,0.327583283,0.327583283,0,0,0,0,0,9,0,5,0,1,0,0,0,0,0,12,0,1046391,142,5.70694542,
dense-opening-targeted-clear0,0,14,sitka-spruce,0.325478375,0.325478375,50.86886,34.6874237,1.86320341,0,8,14,0,0,0,0,0,0,0,0,0,12,0,1046391,150,6.0011673,
dense-opening-targeted-clear0,0,14,sessile-oak,0.325478375,0.325478375,0,0,0,0,0,9,1,3,0,2,0,0,0,0,0,12,0,1046391,150,6.0011673,
dense-opening-targeted-clear0,0,14,beech,0.325478375,0.325478375,0,0,0,0,0,9,0,5,0,1,0,0,0,0,0,12,0,1046391,150,6.0011673,
dense-opening-targeted-clear0,0,15,sitka-spruce,0.316201866,0.316201866,51.9223175,37.79567,2.15630651,0,22,14,0,0,0,0,0,0,0,0,0,12,0,1046391,164,6.31685829,
dense-opening-targeted-clear0,0,15,sessile-oak,0.316201866,0.316201866,0,0,0,0,0,9,1,3,0,2,0,0,0,0,0,12,0,1046391,164,6.31685829,
dense-opening-targeted-clear0,0,15,beech,0.316201866,0.316201866,0,0,0,0,0,9,0,5,0,1,0,0,0,0,0,12,0,1046391,164,6.31685829,
dense-opening-targeted-clear0,0,16,sitka-spruce,0.296848565,0.296848565,53.8342743,40.74216,2.475357,0,22,14,0,0,0,0,0,0,0,0,0,12,0,1046391,164,6.60746241,
dense-opening-targeted-clear0,0,16,sessile-oak,0.296848565,0.296848565,0,0,0,0,0,9,1,3,0,2,0,0,0,0,0,12,0,1046391,164,6.60746241,
dense-opening-targeted-clear0,0,16,beech,0.296848565,0.296848565,0,0,0,0,0,9,0,5,0,1,0,0,0,0,0,12,0,1046391,164,6.60746241,
dense-opening-targeted-clear0,0,17,sitka-spruce,0.284585238,0.284585238,55.3489342,43.3201447,2.77414513,0,22,14,0,0,0,0,0,0,0,0,0,12,0,1046391,164,6.90345526,
dense-opening-targeted-clear0,0,17,sessile-oak,0.284585238,0.284585238,0,0,0,0,0,9,1,3,0,2,0,0,0,0,0,12,0,1046391,164,6.90345526,
dense-opening-targeted-clear0,0,17,beech,0.284585238,0.284585238,0,0,0,0,0,9,0,5,0,1,0,0,0,0,0,12,0,1046391,164,6.90345526,
dense-opening-targeted-clear0,0,18,sitka-spruce,0.276158273,0.276158273,55.5444641,45.5605965,3.057684,0,25,14,0,0,0,0,0,0,0,0,0,12,0,1046391,167,7.21185541,
dense-opening-targeted-clear0,0,18,sessile-oak,0.276158273,0.276158273,0,0,0,0,0,9,1,3,0,2,0,0,0,0,0,12,0,1046391,167,7.21185541,
dense-opening-targeted-clear0,0,18,beech,0.276158273,0.276158273,0,0,0,0,0,9,0,5,0,1,0,0,0,0,0,12,0,1046391,167,7.21185541,
dense-opening-targeted-clear0,0,19,sitka-spruce,0.268348426,0.268348426,48.6243744,47.3590851,3.3597424,0,40,14,0,0,0,0,0,0,0,0,0,12,0,1046391,182,7.553013,
dense-opening-targeted-clear0,0,19,sessile-oak,0.268348426,0.268348426,0,0,0,0,0,9,1,3,0,2,0,0,0,0,0,12,0,1046391,182,7.553013,
dense-opening-targeted-clear0,0,19,beech,0.268348426,0.268348426,0,0,0,0,0,9,0,5,0,1,0,0,0,0,0,12,0,1046391,182,7.553013,
dense-opening-targeted-clear0,0,20,sitka-spruce,0.250753343,0.250753343,46.90684,48.74813,3.64534426,0,49,14,0,0,0,0,0,0,0,0,0,12,0,1046391,191,7.88778639,
dense-opening-targeted-clear0,0,20,sessile-oak,0.250753343,0.250753343,0,0,0,0,0,9,1,3,0,2,0,0,0,0,0,12,0,1046391,191,7.88778639,
dense-opening-targeted-clear0,0,20,beech,0.250753343,0.250753343,0,0,0,0,0,9,0,5,0,1,0,0,0,0,0,12,0,1046391,191,7.88778639,
dense-opening-targeted-clear0,0,21,sitka-spruce,0.235771611,0.235771611,52.0695038,50.1426125,4.12145,0,50,14,0,0,0,0,0,0,0,0,0,12,0,1046391,192,8.210001,
dense-opening-targeted-clear0,0,21,sessile-oak,0.235771611,0.235771611,0,0,0,0,0,9,1,3,0,2,0,0,0,0,0,12,0,1046391,192,8.210001,
dense-opening-targeted-clear0,0,21,beech,0.235771611,0.235771611,0,0,0,0,0,9,0,5,0,1,0,0,0,0,0,12,0,1046391,192,8.210001,
dense-opening-targeted-clear0,0,22,sitka-spruce,0.225547269,0.225547269,52.6583328,51.94958,4.87708139,0,56,14,0,0,0,0,0,0,0,0,0,12,0,1046391,198,8.548602,
dense-opening-targeted-clear0,0,22,sessile-oak,0.225547269,0.225547269,0,0,0,0,0,9,1,3,0,2,0,0,0,0,0,12,0,1046391,198,8.548602,
dense-opening-targeted-clear0,0,22,beech,0.225547269,0.225547269,0,0,0,0,0,9,0,5,0,1,0,0,0,0,0,12,0,1046391,198,8.548602,
dense-opening-targeted-clear0,0,23,sitka-spruce,0.216379479,0.216379479,54.44462,53.8114624,5.57585859,0,57,14,0,0,0,0,0,0,0,0,0,12,0,1046391,199,8.88195,
dense-opening-targeted-clear0,0,23,sessile-oak,0.216379479,0.216379479,0,0,0,0,0,9,1,3,0,2,0,0,0,0,0,12,0,1046391,199,8.88195,
dense-opening-targeted-clear0,0,23,beech,0.216379479,0.216379479,0,0,0,0,0,9,0,5,0,1,0,0,0,0,0,12,0,1046391,199,8.88195,
dense-opening-targeted-clear0,0,24,sitka-spruce,0.209336564,0.209336564,52.54104,55.5929756,6.21579647,0,64,14,0,0,0,0,0,0,0,0,0,12,0,1046391,206,9.234781,
dense-opening-targeted-clear0,0,24,sessile-oak,0.209336564,0.209336564,0,0,0,0,0,9,1,3,0,2,0,0,0,0,0,12,0,1046391,206,9.234781,
dense-opening-targeted-clear0,0,24,beech,0.209336564,0.209336564,0,0,0,0,0,9,0,5,0,1,0,0,0,0,0,12,0,1046391,206,9.234781,
dense-opening-targeted-clear0,0,25,sitka-spruce,0.199969023,0.199969023,53.36355,57.18988,6.80693626,0,67,14,0,0,0,0,0,0,0,0,0,12,0,1046391,209,9.583413,444E7E5147B865F8
dense-opening-targeted-clear0,0,25,sessile-oak,0.199969023,0.199969023,0,0,0,0,0,9,1,3,0,2,0,0,0,0,0,12,0,1046391,209,9.583413,444E7E5147B865F8
dense-opening-targeted-clear0,0,25,beech,0.199969023,0.199969023,0,0,0,0,0,9,0,5,0,1,0,0,0,0,0,12,0,1046391,209,9.583413,444E7E5147B865F8
dense-opening-targeted-clear0,0,26,sitka-spruce,0.1915764,0.1915764,54.3835869,58.7570877,7.36421156,0,68,14,0,0,0,0,0,0,0,0,0,12,0,1046391,209,9.927202,
dense-opening-targeted-clear0,0,26,sessile-oak,0.1915764,0.1915764,0,0,0,0,0,9,1,3,0,2,0,0,0,0,0,12,0,1046391,209,9.927202,
dense-opening-targeted-clear0,0,26,beech,0.1915764,0.1915764,0,0,0,0,0,9,0,5,0,1,0,0,0,0,0,12,0,1046391,209,9.927202,
dense-opening-targeted-clear0,0,27,sitka-spruce,0.185186222,0.185186222,53.0981941,60.26283,8.145163,0,71,14,0,0,0,0,0,0,0,0,0,12,0,1046391,211,10.2816057,
dense-opening-targeted-clear0,0,27,sessile-oak,0.185186222,0.185186222,0,0,0,0,0,9,1,3,0,2,0,0,0,0,0,12,0,1046391,211,10.2816057,
dense-opening-targeted-clear0,0,27,beech,0.185186222,0.185186222,0,0,0,0,0,9,0,5,0,1,0,0,0,0,0,12,0,1046391,211,10.2816057,
dense-opening-targeted-clear0,0,28,sitka-spruce,0.1797735,0.1797735,51.14383,61.5978279,9.307137,0,76,14,0,0,0,0,0,0,0,0,0,12,0,1046391,214,10.6422129,
dense-opening-targeted-clear0,0,28,sessile-oak,0.1797735,0.1797735,0,0,0,0,0,9,1,3,0,2,0,0,0,0,0,12,0,1046391,214,10.6422129,
dense-opening-targeted-clear0,0,28,beech,0.1797735,0.1797735,0,0,0,0,0,9,0,5,0,1,0,0,0,0,0,12,0,1046391,214,10.6422129,
dense-opening-targeted-clear0,0,29,sitka-spruce,0.1743521,0.1743521,49.42161,62.82853,10.8402138,0,80,14,0,0,0,0,0,0,0,0,0,12,0,1046391,217,11.0110264,
dense-opening-targeted-clear0,0,29,sessile-oak,0.1743521,0.1743521,0,0,0,0,0,9,0,3,0,3,0,0,0,0,0,12,0,1046391,217,11.0110264,
dense-opening-targeted-clear0,0,29,beech,0.1743521,0.1743521,0,0,0,0,0,9,0,5,0,1,0,0,0,0,0,12,0,1046391,217,11.0110264,
dense-opening-targeted-clear0,0,30,sitka-spruce,0.1690199,0.1690199,48.179142,64.012886,12.8681946,0,83,14,0,0,0,0,0,0,0,0,0,12,0,1046391,217,11.2559824,
dense-opening-targeted-clear0,0,30,sessile-oak,0.1690199,0.1690199,0,0,0,0,0,9,0,3,0,3,0,0,0,0,0,12,0,1046391,217,11.2559824,
dense-opening-targeted-clear0,0,30,beech,0.1690199,0.1690199,0,0,0,0,0,9,0,5,0,1,0,0,0,0,0,12,0,1046391,217,11.2559824,
dense-opening-targeted-clear0,0,31,sitka-spruce,0.163331151,0.163331151,46.97451,65.17328,15.911974,0,84,14,0,0,0,0,0,0,0,0,0,12,0,1046391,217,11.5382748,
dense-opening-targeted-clear0,0,31,sessile-oak,0.163331151,0.163331151,0,0,0,0,0,9,0,3,0,3,0,0,0,0,0,12,0,1046391,217,11.5382748,
dense-opening-targeted-clear0,0,31,beech,0.163331151,0.163331151,0,0,0,0,0,9,0,5,0,1,0,0,0,0,0,12,0,1046391,217,11.5382748,
dense-opening-targeted-clear0,0,32,sitka-spruce,0.1596855,0.1596855,44.9711723,66.33171,18.71745,0,86,14,0,0,0,0,0,0,0,0,0,12,0,1046391,214,11.8082361,
dense-opening-targeted-clear0,0,32,sessile-oak,0.1596855,0.1596855,0,0,0,0,0,9,0,3,0,3,0,0,0,0,0,12,0,1046391,214,11.8082361,
dense-opening-targeted-clear0,0,32,beech,0.1596855,0.1596855,0,0,0,0,0,9,0,5,0,1,0,0,0,0,0,12,0,1046391,214,11.8082361,
dense-opening-targeted-clear0,0,33,sitka-spruce,0.157716215,0.157716215,42.44907,67.44777,21.3208466,0,87,14,0,0,0,0,0,0,0,0,0,12,0,1046391,206,12.0248833,
dense-opening-targeted-clear0,0,33,sessile-oak,0.157716215,0.157716215,0,0,0,0,0,9,0,3,0,3,0,0,0,0,0,12,0,1046391,206,12.0248833,
dense-opening-targeted-clear0,0,33,beech,0.157716215,0.157716215,0,0,0,0,0,9,0,5,0,1,0,0,0,0,0,12,0,1046391,206,12.0248833,
dense-opening-targeted-clear0,0,34,sitka-spruce,0.157406226,0.157406226,40.3731651,68.47537,23.6817741,0,89,14,0,0,0,0,0,0,0,0,0,12,0,1046391,197,12.2035618,
dense-opening-targeted-clear0,0,34,sessile-oak,0.157406226,0.157406226,0,0,0,0,0,9,0,3,0,3,0,0,0,0,0,12,0,1046391,197,12.2035618,
dense-opening-targeted-clear0,0,34,beech,0.157406226,0.157406226,0,0,0,0,0,9,0,5,0,1,0,0,0,0,0,12,0,1046391,197,12.2035618,
dense-opening-targeted-clear0,0,35,sitka-spruce,0.156146631,0.156146631,38.92763,69.4219742,26.1925144,0,89,14,0,0,0,0,0,0,0,0,0,12,0,1046391,193,12.490365,
dense-opening-targeted-clear0,0,35,sessile-oak,0.156146631,0.156146631,0,0,0,0,0,9,0,3,0,3,0,0,0,0,0,12,0,1046391,193,12.490365,
dense-opening-targeted-clear0,0,35,beech,0.156146631,0.156146631,0,0,0,0,0,9,0,5,0,1,0,0,0,0,0,12,0,1046391,193,12.490365,
dense-opening-targeted-clear0,0,36,sitka-spruce,0.160201147,0.160201147,37.0827522,70.3349457,28.01629,0,92,14,0,0,0,0,0,0,0,0,0,12,0,1046391,180,12.3691244,
dense-opening-targeted-clear0,0,36,sessile-oak,0.160201147,0.160201147,0,0,0,0,0,9,0,3,0,3,0,0,0,0,0,12,0,1046391,180,12.3691244,
dense-opening-targeted-clear0,0,36,beech,0.160201147,0.160201147,0,0,0,0,0,9,0,5,0,1,0,0,0,0,0,12,0,1046391,180,12.3691244,
dense-opening-targeted-clear0,0,37,sitka-spruce,0.161567166,0.161567166,35.34326,71.23858,29.8906746,0,95,14,0,0,0,0,0,0,0,0,0,12,0,1046391,180,12.5660324,
dense-opening-targeted-clear0,0,37,sessile-oak,0.161567166,0.161567166,0,0,0,0,0,9,0,3,0,3,0,0,0,0,0,12,0,1046391,180,12.5660324,
dense-opening-targeted-clear0,0,37,beech,0.161567166,0.161567166,0,0,0,0,0,9,0,5,0,1,0,0,0,0,0,12,0,1046391,180,12.5660324,
dense-opening-targeted-clear0,0,38,sitka-spruce,0.163012385,0.163012385,35.1235161,72.13374,31.7075329,0,97,14,0,0,0,0,0,0,0,0,0,12,0,1046391,174,12.5420952,
dense-opening-targeted-clear0,0,38,sessile-oak,0.163012385,0.163012385,0,0,0,0,0,9,0,3,0,3,0,0,0,0,0,12,0,1046391,174,12.5420952,
dense-opening-targeted-clear0,0,38,beech,0.163012385,0.163012385,0,0,0,0,0,9,0,5,0,1,0,0,0,0,0,12,0,1046391,174,12.5420952,
dense-opening-targeted-clear0,0,39,sitka-spruce,0.1648013,0.1648013,36.81071,73.0836639,33.35171,0,99,14,0,0,0,0,0,0,0,0,0,12,0,1046391,170,12.7517166,
dense-opening-targeted-clear0,0,39,sessile-oak,0.1648013,0.1648013,0,0,0,0,0,9,0,3,0,3,0,0,0,0,0,12,0,1046391,170,12.7517166,
dense-opening-targeted-clear0,0,39,beech,0.1648013,0.1648013,0,0,0,0,0,9,0,5,0,1,0,0,0,0,0,12,0,1046391,170,12.7517166,
dense-opening-targeted-clear0,0,40,sitka-spruce,0.165376514,0.165376514,37.197216,74.17832,34.94514,0,99,14,0,0,0,0,0,0,0,0,0,12,0,1046391,167,13.027154,
dense-opening-targeted-clear0,0,40,sessile-oak,0.165376514,0.165376514,0,0,0,0,0,9,0,3,0,3,0,0,0,0,0,12,0,1046391,167,13.027154,
dense-opening-targeted-clear0,0,40,beech,0.165376514,0.165376514,0,0,0,0,0,9,0,5,0,1,0,0,0,0,0,12,0,1046391,167,13.027154,
dense-opening-targeted-clear0,0,41,sitka-spruce,0.166642576,0.166642576,37.66012,75.2887,36.466114,0,100,14,0,0,0,0,0,0,0,0,0,12,0,1046391,157,13.1757717,
dense-opening-targeted-clear0,0,41,sessile-oak,0.166642576,0.166642576,0,0,0,0,0,9,0,3,0,3,0,0,0,0,0,12,0,1046391,157,13.1757717,
dense-opening-targeted-clear0,0,41,beech,0.166642576,0.166642576,0,0,0,0,0,9,0,5,0,1,0,0,0,0,0,12,0,1046391,157,13.1757717,
dense-opening-targeted-clear0,0,42,sitka-spruce,0.16814144,0.16814144,36.8674049,76.46908,38.25698,0,103,14,0,0,0,0,0,0,0,0,0,12,0,1046391,154,13.2502861,
dense-opening-targeted-clear0,0,42,sessile-oak,0.16814144,0.16814144,0,0,0,0,0,9,0,3,0,3,0,0,0,0,0,12,0,1046391,154,13.2502861,
dense-opening-targeted-clear0,0,42,beech,0.16814144,0.16814144,0,0,0,0,0,9,0,5,0,1,0,0,0,0,0,12,0,1046391,154,13.2502861,
dense-opening-targeted-clear0,0,43,sitka-spruce,0.172116414,0.172116414,36.9736824,77.62283,39.8014565,0,105,14,0,0,0,0,0,0,0,0,0,12,0,1046391,144,12.854845,
dense-opening-targeted-clear0,0,43,sessile-oak,0.172116414,0.172116414,0,0,0,0,0,9,0,3,0,3,0,0,0,0,0,12,0,1046391,144,12.854845,
dense-opening-targeted-clear0,0,43,beech,0.172116414,0.172116414,0,0,0,0,0,9,0,5,0,1,0,0,0,0,0,12,0,1046391,144,12.854845,
dense-opening-targeted-clear0,0,44,sitka-spruce,0.176834568,0.176834568,36.06266,78.79932,41.5019646,0,109,14,0,0,0,0,0,0,0,0,0,12,0,1046391,140,12.7265024,
dense-opening-targeted-clear0,0,44,sessile-oak,0.176834568,0.176834568,0,0,0,0,0,9,0,3,0,3,0,0,0,0,0,12,0,1046391,140,12.7265024,
dense-opening-targeted-clear0,0,44,beech,0.176834568,0.176834568,0,0,0,0,0,9,0,5,0,1,0,0,0,0,0,12,0,1046391,140,12.7265024,
dense-opening-targeted-clear0,0,45,sitka-spruce,0.179897964,0.179897964,37.06073,80.07506,42.8630142,0,112,14,0,0,0,0,0,0,0,0,0,12,0,1046391,136,12.9570494,
dense-opening-targeted-clear0,0,45,sessile-oak,0.179897964,0.179897964,0,0,0,0,0,9,0,3,0,3,0,0,0,0,0,12,0,1046391,136,12.9570494,
dense-opening-targeted-clear0,0,45,beech,0.179897964,0.179897964,0,0,0,0,0,9,0,5,0,1,0,0,0,0,0,12,0,1046391,136,12.9570494,
dense-opening-targeted-clear0,0,46,sitka-spruce,0.181361109,0.181361109,37.13148,81.45254,44.2055435,0,117,14,0,0,0,0,0,0,0,0,0,12,0,1046391,137,13.0596609,
dense-opening-targeted-clear0,0,46,sessile-oak,0.181361109,0.181361109,0,0,0,0,0,9,0,3,0,3,0,0,0,0,0,12,0,1046391,137,13.0596609,
dense-opening-targeted-clear0,0,46,beech,0.181361109,0.181361109,0,0,0,0,0,9,0,5,0,1,0,0,0,0,0,12,0,1046391,137,13.0596609,
dense-opening-targeted-clear0,0,47,sitka-spruce,0.181449488,0.181449488,38.1176376,82.79195,45.39701,0,119,14,0,0,0,0,0,0,0,0,0,12,0,1046391,134,13.323945,
dense-opening-targeted-clear0,0,47,sessile-oak,0.181449488,0.181449488,0,0,0,0,0,9,0,3,0,3,0,0,0,0,0,12,0,1046391,134,13.323945,
dense-opening-targeted-clear0,0,47,beech,0.181449488,0.181449488,0,0,0,0,0,9,0,5,0,1,0,0,0,0,0,12,0,1046391,134,13.323945,
dense-opening-targeted-clear0,0,48,sitka-spruce,0.184290767,0.184290767,38.1459732,84.237915,46.47077,0,123,14,0,0,0,0,0,0,0,0,0,12,0,1046391,125,13.2335167,
dense-opening-targeted-clear0,0,48,sessile-oak,0.184290767,0.184290767,0,0,0,0,0,9,0,3,0,3,0,0,0,0,0,12,0,1046391,125,13.2335167,
dense-opening-targeted-clear0,0,48,beech,0.184290767,0.184290767,0,0,0,0,0,9,0,5,0,1,0,0,0,0,0,12,0,1046391,125,13.2335167,
dense-opening-targeted-clear0,0,49,sitka-spruce,0.1840232,0.1840232,38.68984,85.63482,47.6095123,0,124,14,0,0,0,0,0,0,0,0,0,12,0,1046391,121,13.4411812,
dense-opening-targeted-clear0,0,49,sessile-oak,0.1840232,0.1840232,0,0,0,0,0,9,0,3,0,3,0,0,0,0,0,12,0,1046391,121,13.4411812,
dense-opening-targeted-clear0,0,49,beech,0.1840232,0.1840232,0,0,0,0,0,9,0,5,0,1,0,0,0,0,0,12,0,1046391,121,13.4411812,
dense-opening-targeted-clear0,0,50,sitka-spruce,0.183947176,0.183947176,40.1019058,86.96807,48.4213676,0,129,14,0,0,0,0,0,0,0,0,0,12,0,1046391,120,13.4208,D7919800AAF00DF5
dense-opening-targeted-clear0,0,50,sessile-oak,0.183947176,0.183947176,0,0,0,0,0,9,0,3,0,3,0,0,0,0,0,12,0,1046391,120,13.4208,D7919800AAF00DF5
dense-opening-targeted-clear0,0,50,beech,0.183947176,0.183947176,0,0,0,0,0,9,0,5,0,1,0,0,0,0,0,12,0,1046391,120,13.4208,D7919800AAF00DF5
dense-opening-targeted-clear0,0,51,sitka-spruce,0.1864222,0.1864222,39.46812,88.43272,49.3416367,0,135,14,0,0,0,0,0,0,0,0,0,12,0,1046391,115,12.8192177,
dense-opening-targeted-clear0,0,51,sessile-oak,0.1864222,0.1864222,0,0,0,0,0,9,0,3,0,3,0,0,0,0,0,12,0,1046391,115,12.8192177,
dense-opening-targeted-clear0,0,51,beech,0.1864222,0.1864222,0,0,0,0,0,9,0,5,0,1,0,0,0,0,0,12,0,1046391,115,12.8192177,
dense-opening-targeted-clear0,0,52,sitka-spruce,0.18873176,0.18873176,42.00603,89.83978,50.36654,0,137,14,0,0,0,0,0,0,0,0,0,12,0,1046391,109,13.03262,
dense-opening-targeted-clear0,0,52,sessile-oak,0.18873176,0.18873176,0,0,0,0,0,9,0,3,0,3,0,0,0,0,0,12,0,1046391,109,13.03262,
dense-opening-targeted-clear0,0,52,beech,0.18873176,0.18873176,0,0,0,0,0,9,0,5,0,1,0,0,0,0,0,12,0,1046391,109,13.03262,
dense-opening-targeted-clear0,0,53,sitka-spruce,0.190416828,0.190416828,41.6585236,91.36035,51.6941681,0,140,14,0,0,0,0,0,0,0,0,0,12,0,1046391,107,13.0713835,
dense-opening-targeted-clear0,0,53,sessile-oak,0.190416828,0.190416828,0,0,0,0,0,9,0,3,0,3,0,0,0,0,0,12,0,1046391,107,13.0713835,
dense-opening-targeted-clear0,0,53,beech,0.190416828,0.190416828,0,0,0,0,0,9,0,5,0,1,0,0,0,0,0,12,0,1046391,107,13.0713835,
dense-opening-targeted-clear0,0,54,sitka-spruce,0.189762622,0.189762622,40.7571678,92.7943039,52.73945,0,144,14,0,0,0,0,0,0,0,0,0,12,0,1046391,108,13.31296,
dense-opening-targeted-clear0,0,54,sessile-oak,0.189762622,0.189762622,0,0,0,0,0,9,0,3,0,3,0,0,0,0,0,12,0,1046391,108,13.31296,
dense-opening-targeted-clear0,0,54,beech,0.189762622,0.189762622,0,0,0,0,0,9,0,5,0,1,0,0,0,0,0,12,0,1046391,108,13.31296,
dense-opening-targeted-clear0,0,55,sitka-spruce,0.190365121,0.190365121,41.4773865,94.0946045,53.84076,0,148,14,0,0,0,0,0,0,0,0,0,12,0,1046391,101,13.4158,
dense-opening-targeted-clear0,0,55,sessile-oak,0.190365121,0.190365121,0,0,0,0,0,9,0,3,0,3,0,0,0,0,0,12,0,1046391,101,13.4158,
dense-opening-targeted-clear0,0,55,beech,0.190365121,0.190365121,0,0,0,0,0,9,0,5,0,1,0,0,0,0,0,12,0,1046391,101,13.4158,
dense-opening-targeted-clear0,0,56,sitka-spruce,0.190452814,0.190452814,41.1932526,95.4935455,55.24071,0,151,14,0,0,0,0,0,0,0,0,0,12,0,1046391,99,13.7223663,
dense-opening-targeted-clear0,0,56,sessile-oak,0.190452814,0.190452814,0,0,0,0,0,9,0,3,0,3,0,0,0,0,0,12,0,1046391,99,13.7223663,
dense-opening-targeted-clear0,0,56,beech,0.190452814,0.190452814,0,0,0,0,0,9,0,5,0,1,0,0,0,0,0,12,0,1046391,99,13.7223663,
dense-opening-targeted-clear0,0,57,sitka-spruce,0.1893453,0.1893453,40.1125832,96.8175659,56.757618,0,157,14,0,0,0,0,0,0,0,0,0,12,0,1046391,100,13.8502741,
dense-opening-targeted-clear0,0,57,sessile-oak,0.1893453,0.1893453,0,0,0,0,0,9,0,3,0,3,0,0,0,0,0,12,0,1046391,100,13.8502741,
dense-opening-targeted-clear0,0,57,beech,0.1893453,0.1893453,0,0,0,0,0,9,0,5,0,1,0,0,0,0,0,12,0,1046391,100,13.8502741,
dense-opening-targeted-clear0,0,58,sitka-spruce,0.189088,0.189088,40.10565,98.12518,58.2765961,0,160,14,0,0,0,0,0,0,0,0,0,12,0,1046391,93,14.1244135,
dense-opening-targeted-clear0,0,58,sessile-oak,0.189088,0.189088,0,0,0,0,0,9,0,3,0,3,0,0,0,0,0,12,0,1046391,93,14.1244135,
dense-opening-targeted-clear0,0,58,beech,0.189088,0.189088,0,0,0,0,0,9,0,5,0,1,0,0,0,0,0,12,0,1046391,93,14.1244135,
dense-opening-targeted-clear0,0,59,sitka-spruce,0.190870687,0.190870687,41.6275444,99.5578,59.3205948,0,162,14,0,0,0,0,0,0,0,0,0,12,0,1046391,86,13.7715511,
dense-opening-targeted-clear0,0,59,sessile-oak,0.190870687,0.190870687,0,0,0,0,0,9,0,3,0,3,0,0,0,0,0,12,0,1046391,86,13.7715511,
dense-opening-targeted-clear0,0,59,beech,0.190870687,0.190870687,0,0,0,0,0,9,0,5,0,1,0,0,0,0,0,12,0,1046391,86,13.7715511,
dense-opening-targeted-clear0,0,60,sitka-spruce,0.191351011,0.191351011,41.2523,101.0554,60.337822,0,167,14,0,0,0,0,0,0,0,0,0,12,0,1046391,90,14.0627232,
dense-opening-targeted-clear0,0,60,sessile-oak,0.191351011,0.191351011,0,0,0,0,0,9,0,3,0,3,0,0,0,0,0,12,0,1046391,90,14.0627232,
dense-opening-targeted-clear0,0,60,beech,0.191351011,0.191351011,0,0,0,0,0,9,0,5,0,1,0,0,0,0,0,12,0,1046391,90,14.0627232,
dense-opening-targeted-clear0,0,61,sitka-spruce,0.192921624,0.192921624,40.7589645,102.572235,61.81896,0,171,14,0,0,0,0,0,0,0,0,0,12,0,1046391,83,13.9947147,
dense-opening-targeted-clear0,0,61,sessile-oak,0.192921624,0.192921624,0,0,0,0,0,9,0,3,0,3,0,0,0,0,0,12,0,1046391,83,13.9947147,
dense-opening-targeted-clear0,0,61,beech,0.192921624,0.192921624,0,0,0,0,0,9,0,5,0,1,0,0,0,0,0,12,0,1046391,83,13.9947147,
dense-opening-targeted-clear0,0,62,sitka-spruce,0.194580674,0.194580674,42.8025246,104.177338,63.563446,0,172,14,0,0,0,0,0,0,0,0,0,12,0,1046391,78,14.0252409,
dense-opening-targeted-clear0,0,62,sessile-oak,0.194580674,0.194580674,0,0,0,0,0,9,0,3,0,3,0,0,0,0,0,12,0,1046391,78,14.0252409,
dense-opening-targeted-clear0,0,62,beech,0.194580674,0.194580674,0,0,0,0,0,9,0,5,0,1,0,0,0,0,0,12,0,1046391,78,14.0252409,
dense-opening-targeted-clear0,0,63,sitka-spruce,0.199421063,0.199421063,42.76164,105.955109,65.0221939,0,177,14,0,0,0,0,0,0,0,0,0,12,0,1046391,80,14.0144119,
dense-opening-targeted-clear0,0,63,sessile-oak,0.199421063,0.199421063,0,0,0,0,0,9,0,3,0,3,0,0,0,0,0,12,0,1046391,80,14.0144119,
dense-opening-targeted-clear0,0,63,beech,0.199421063,0.199421063,0,0,0,0,0,9,0,5,0,1,0,0,0,0,0,12,0,1046391,80,14.0144119,
dense-opening-targeted-clear0,0,64,sitka-spruce,0.20293963,0.20293963,40.9732,107.726738,66.54338,0,183,14,0,0,0,0,0,0,0,0,0,12,0,1046391,78,13.9908829,
dense-opening-targeted-clear0,0,64,sessile-oak,0.20293963,0.20293963,0,0,0,0,0,9,0,3,0,3,0,0,0,0,0,12,0,1046391,78,13.9908829,
dense-opening-targeted-clear0,0,64,beech,0.20293963,0.20293963,0,0,0,0,0,9,0,5,0,1,0,0,0,0,0,12,0,1046391,78,13.9908829,
dense-opening-targeted-clear0,0,65,sitka-spruce,0.205434069,0.205434069,41.207943,109.4075,67.92878,0,187,14,0,0,0,0,0,0,0,0,0,12,0,1046391,74,13.8972683,
dense-opening-targeted-clear0,0,65,sessile-oak,0.205434069,0.205434069,0,0,0,0,0,9,0,3,0,3,0,0,0,0,0,12,0,1046391,74,13.8972683,
dense-opening-targeted-clear0,0,65,beech,0.205434069,0.205434069,0,0,0,0,0,9,0,5,0,1,0,0,0,0,0,12,0,1046391,74,13.8972683,
dense-opening-targeted-clear0,0,66,sitka-spruce,0.210091949,0.210091949,41.6415138,111.035988,69.0450058,0,190,14,0,0,0,0,0,0,0,0,0,12,0,1046391,72,13.4368448,
dense-opening-targeted-clear0,0,66,sessile-oak,0.210091949,0.210091949,0,0,0,0,0,9,0,3,0,3,0,0,0,0,0,12,0,1046391,72,13.4368448,
dense-opening-targeted-clear0,0,66,beech,0.210091949,0.210091949,0,0,0,0,0,9,0,5,0,1,0,0,0,0,0,12,0,1046391,72,13.4368448,
dense-opening-targeted-clear0,0,67,sitka-spruce,0.21088846,0.21088846,43.2878647,112.576309,70.1521149,0,194,14,0,0,0,0,0,0,0,0,0,12,0,1046391,75,13.7409573,
dense-opening-targeted-clear0,0,67,sessile-oak,0.21088846,0.21088846,0,0,0,0,0,9,0,3,0,3,0,0,0,0,0,12,0,1046391,75,13.7409573,
dense-opening-targeted-clear0,0,67,beech,0.21088846,0.21088846,0,0,0,0,0,9,0,5,0,1,0,0,0,0,0,12,0,1046391,75,13.7409573,
dense-opening-targeted-clear0,0,68,sitka-spruce,0.210630283,0.210630283,44.1048622,114.226517,71.22988,0,195,14,0,0,0,0,0,0,0,0,0,12,0,1046391,71,14.0265522,
dense-opening-targeted-clear0,0,68,sessile-oak,0.210630283,0.210630283,0,0,0,0,0,9,0,3,0,3,0,0,0,0,0,12,0,1046391,71,14.0265522,
dense-opening-targeted-clear0,0,68,beech,0.210630283,0.210630283,0,0,0,0,0,9,0,5,0,1,0,0,0,0,0,12,0,1046391,71,14.0265522,
dense-opening-targeted-clear0,0,69,sitka-spruce,0.212098137,0.212098137,43.5732574,115.887627,72.44519,0,196,14,0,0,0,0,0,0,0,0,0,12,0,1046391,65,13.9575768,
dense-opening-targeted-clear0,0,69,sessile-oak,0.212098137,0.212098137,0,0,0,0,0,9,0,3,0,3,0,0,0,0,0,12,0,1046391,65,13.9575768,
dense-opening-targeted-clear0,0,69,beech,0.212098137,0.212098137,0,0,0,0,0,9,0,5,0,1,0,0,0,0,0,12,0,1046391,65,13.9575768,
dense-opening-targeted-clear0,0,70,sitka-spruce,0.215058967,0.215058967,42.6708336,117.458969,73.23465,0,203,14,0,0,0,0,0,0,0,0,0,12,0,1046391,66,13.1934862,
dense-opening-targeted-clear0,0,70,sessile-oak,0.215058967,0.215058967,0,0,0,0,0,9,0,3,0,3,0,0,0,0,0,12,0,1046391,66,13.1934862,
dense-opening-targeted-clear0,0,70,beech,0.215058967,0.215058967,0,0,0,0,0,9,0,5,0,1,0,0,0,0,0,12,0,1046391,66,13.1934862,
dense-opening-targeted-clear0,0,71,sitka-spruce,0.213280618,0.213280618,43.1946144,118.93161,74.0046844,0,205,14,0,0,0,0,0,0,0,0,0,12,0,1046391,66,13.27146,
dense-opening-targeted-clear0,0,71,sessile-oak,0.213280618,0.213280618,0,0,0,0,0,9,0,3,0,3,0,0,0,0,0,12,0,1046391,66,13.27146,
dense-opening-targeted-clear0,0,71,beech,0.213280618,0.213280618,0,0,0,0,0,9,0,5,0,1,0,0,0,0,0,12,0,1046391,66,13.27146,
dense-opening-targeted-clear0,0,72,sitka-spruce,0.211815536,0.211815536,44.76661,120.356651,75.0431061,0,207,14,0,0,0,0,0,0,0,0,0,12,0,1046391,64,13.5376892,
dense-opening-targeted-clear0,0,72,sessile-oak,0.211815536,0.211815536,0,0,0,0,0,9,0,3,0,3,0,0,0,0,0,12,0,1046391,64,13.5376892,
dense-opening-targeted-clear0,0,72,beech,0.211815536,0.211815536,0,0,0,0,0,9,0,5,0,1,0,0,0,0,0,12,0,1046391,64,13.5376892,
dense-opening-targeted-clear0,0,73,sitka-spruce,0.2094858,0.2094858,43.9604645,121.855476,76.05298,0,213,14,0,0,0,0,0,0,0,0,0,12,0,1046391,68,13.8193913,
dense-opening-targeted-clear0,0,73,sessile-oak,0.2094858,0.2094858,0,0,0,0,0,9,0,3,0,3,0,0,0,0,0,12,0,1046391,68,13.8193913,
dense-opening-targeted-clear0,0,73,beech,0.2094858,0.2094858,0,0,0,0,0,9,0,5,0,1,0,0,0,0,0,12,0,1046391,68,13.8193913,
dense-opening-targeted-clear0,0,74,sitka-spruce,0.2105276,0.2105276,45.80634,123.382957,76.9373,0,214,14,0,0,0,0,0,0,0,0,0,12,0,1046391,57,13.8118153,
dense-opening-targeted-clear0,0,74,sessile-oak,0.2105276,0.2105276,0,0,0,0,0,9,0,3,0,3,0,0,0,0,0,12,0,1046391,57,13.8118153,
dense-opening-targeted-clear0,0,74,beech,0.2105276,0.2105276,0,0,0,0,0,9,0,5,0,1,0,0,0,0,0,12,0,1046391,57,13.8118153,
dense-opening-targeted-clear0,0,75,sitka-spruce,0.213368714,0.213368714,46.69759,125.07444,77.9530945,0,216,14,0,0,0,0,0,0,0,0,0,12,0,1046391,55,13.444953,
dense-opening-targeted-clear0,0,75,sessile-oak,0.213368714,0.213368714,0,0,0,0,0,9,0,3,0,3,0,0,0,0,0,12,0,1046391,55,13.444953,
dense-opening-targeted-clear0,0,75,beech,0.213368714,0.213368714,0,0,0,0,0,9,0,5,0,1,0,0,0,0,0,12,0,1046391,55,13.444953,
dense-opening-targeted-clear0,0,76,sitka-spruce,0.213827655,0.213827655,47.6230736,126.7815,79.05178,0,219,14,0,0,0,0,0,0,0,0,0,12,0,1046391,57,13.707984,
dense-opening-targeted-clear0,0,76,sessile-oak,0.213827655,0.213827655,0,0,0,0,0,9,0,3,0,3,0,0,0,0,0,12,0,1046391,57,13.707984,
dense-opening-targeted-clear0,0,76,beech,0.213827655,0.213827655,0,0,0,0,0,9,0,5,0,1,0,0,0,0,0,12,0,1046391,57,13.707984,
dense-opening-targeted-clear0,0,77,sitka-spruce,0.214712664,0.214712664,48.7716141,128.479462,80.08404,0,221,14,0,0,0,0,0,0,0,0,0,12,0,1046391,54,13.85467,
dense-opening-targeted-clear0,0,77,sessile-oak,0.214712664,0.214712664,0,0,0,0,0,9,0,3,0,3,0,0,0,0,0,12,0,1046391,54,13.85467,
dense-opening-targeted-clear0,0,77,beech,0.214712664,0.214712664,0,0,0,0,0,9,0,5,0,1,0,0,0,0,0,12,0,1046391,54,13.85467,
dense-opening-targeted-clear0,0,78,sitka-spruce,0.214788988,0.214788988,46.2249641,130.222,81.35901,0,226,14,0,0,0,0,0,0,0,0,0,12,0,1046391,56,13.87626,
dense-opening-targeted-clear0,0,78,sessile-oak,0.214788988,0.214788988,0,0,0,0,0,9,0,3,0,3,0,0,0,0,0,12,0,1046391,56,13.87626,
dense-opening-targeted-clear0,0,78,beech,0.214788988,0.214788988,0,0,0,0,0,9,0,5,0,1,0,0,0,0,0,12,0,1046391,56,13.87626,
dense-opening-targeted-clear0,0,79,sitka-spruce,0.214752048,0.214752048,44.409317,131.816772,82.13439,0,232,14,0,0,0,0,0,0,0,0,0,12,0,1046391,56,13.8832521,
dense-opening-targeted-clear0,0,79,sessile-oak,0.214752048,0.214752048,0,0,0,0,0,9,0,3,0,3,0,0,0,0,0,12,0,1046391,56,13.8832521,
dense-opening-targeted-clear0,0,79,beech,0.214752048,0.214752048,0,0,0,0,0,9,0,5,0,1,0,0,0,0,0,12,0,1046391,56,13.8832521,
dense-opening-targeted-clear0,0,80,sitka-spruce,0.214121729,0.214121729,46.7602425,133.374741,83.17364,0,234,14,0,0,0,0,0,0,0,0,0,12,0,1046391,51,13.8323126,
dense-opening-targeted-clear0,0,80,sessile-oak,0.214121729,0.214121729,0,0,0,0,0,9,0,3,0,3,0,0,0,0,0,12,0,1046391,51,13.8323126,
dense-opening-targeted-clear0,0,80,beech,0.214121729,0.214121729,0,0,0,0,0,9,0,5,0,1,0,0,0,0,0,12,0,1046391,51,13.8323126,
dense-opening-targeted-clear0,0,81,sitka-spruce,0.21376805,0.21376805,44.8938751,135.139465,84.9279861,0,240,14,0,0,0,0,0,0,0,0,0,12,0,1046391,54,13.763938,
dense-opening-targeted-clear0,0,81,sessile-oak,0.21376805,0.21376805,0,0,0,0,0,9,0,3,0,3,0,0,0,0,0,12,0,1046391,54,13.763938,
dense-opening-targeted-clear0,0,81,beech,0.21376805,0.21376805,0,0,0,0,0,9,0,5,0,1,0,0,0,0,0,12,0,1046391,54,13.763938,
dense-opening-targeted-clear0,0,82,sitka-spruce,0.214869544,0.214869544,47.4074974,136.819153,86.7925339,0,240,14,0,0,0,0,0,0,0,0,0,12,0,1046391,47,13.7615309,
dense-opening-targeted-clear0,0,82,sessile-oak,0.214869544,0.214869544,0,0,0,0,0,9,0,3,0,3,0,0,0,0,0,12,0,1046391,47,13.7615309,
dense-opening-targeted-clear0,0,82,beech,0.214869544,0.214869544,0,0,0,0,0,9,0,5,0,1,0,0,0,0,0,12,0,1046391,47,13.7615309,
dense-opening-targeted-clear0,0,83,sitka-spruce,0.219509616,0.219509616,48.30339,138.641357,88.13421,0,244,14,0,0,0,0,0,0,0,0,0,12,0,1046391,48,13.1828785,
dense-opening-targeted-clear0,0,83,sessile-oak,0.219509616,0.219509616,0,0,0,0,0,9,0,3,0,3,0,0,0,0,0,12,0,1046391,48,13.1828785,
dense-opening-targeted-clear0,0,83,beech,0.219509616,0.219509616,0,0,0,0,0,9,0,5,0,1,0,0,0,0,0,12,0,1046391,48,13.1828785,
dense-opening-targeted-clear0,0,84,sitka-spruce,0.219424978,0.219424978,47.287,140.462082,89.4084244,0,250,14,0,0,0,0,0,0,0,0,0,12,0,1046391,53,13.4201832,
dense-opening-targeted-clear0,0,84,sessile-oak,0.219424978,0.219424978,0,0,0,0,0,9,0,3,0,3,0,0,0,0,0,12,0,1046391,53,13.4201832,
dense-opening-targeted-clear0,0,84,beech,0.219424978,0.219424978,0,0,0,0,0,9,0,5,0,1,0,0,0,0,0,12,0,1046391,53,13.4201832,
dense-opening-targeted-clear0,0,85,sitka-spruce,0.217590362,0.217590362,47.8806572,142.16304,90.49728,0,255,14,0,0,0,0,0,0,0,0,0,12,0,1046391,53,13.6454163,
dense-opening-targeted-clear0,0,85,sessile-oak,0.217590362,0.217590362,0,0,0,0,0,9,0,3,0,3,0,0,0,0,0,12,0,1046391,53,13.6454163,
dense-opening-targeted-clear0,0,85,beech,0.217590362,0.217590362,0,0,0,0,0,9,0,5,0,1,0,0,0,0,0,12,0,1046391,53,13.6454163,
dense-opening-targeted-clear0,0,86,sitka-spruce,0.21484001,0.21484001,48.7646332,143.981079,91.74524,0,258,14,0,0,0,0,0,0,0,0,0,12,0,1046391,52,13.8684454,
dense-opening-targeted-clear0,0,86,sessile-oak,0.21484001,0.21484001,0,0,0,0,0,9,0,3,0,3,0,0,0,0,0,12,0,1046391,52,13.8684454,
dense-opening-targeted-clear0,0,86,beech,0.21484001,0.21484001,0,0,0,0,0,9,0,5,0,1,0,0,0,0,0,12,0,1046391,52,13.8684454,
dense-opening-targeted-clear0,0,87,sitka-spruce,0.216450989,0.216450989,49.3625069,145.878815,93.02723,0,261,14,0,0,0,0,0,0,0,0,0,12,0,1046391,46,13.73121,
dense-opening-targeted-clear0,0,87,sessile-oak,0.216450989,0.216450989,0,0,0,0,0,9,0,3,0,3,0,0,0,0,0,12,0,1046391,46,13.73121,
dense-opening-targeted-clear0,0,87,beech,0.216450989,0.216450989,0,0,0,0,0,9,0,5,0,1,0,0,0,0,0,12,0,1046391,46,13.73121,
dense-opening-targeted-clear0,0,88,sitka-spruce,0.2170309,0.2170309,47.9053535,147.742081,94.57692,0,265,14,0,0,0,0,0,0,0,0,0,12,0,1046391,46,13.6278124,
dense-opening-targeted-clear0,0,88,sessile-oak,0.2170309,0.2170309,0,0,0,0,0,9,0,3,0,3,0,0,0,0,0,12,0,1046391,46,13.6278124,
dense-opening-targeted-clear0,0,88,beech,0.2170309,0.2170309,0,0,0,0,0,9,0,5,0,1,0,0,0,0,0,12,0,1046391,46,13.6278124,
dense-opening-targeted-clear0,0,89,sitka-spruce,0.217734009,0.217734009,49.6377258,149.444244,95.83063,0,266,14,0,0,0,0,0,0,0,0,0,12,0,1046391,42,13.5096941,
dense-opening-targeted-clear0,0,89,sessile-oak,0.217734009,0.217734009,0,0,0,0,0,9,0,3,0,3,0,0,0,0,0,12,0,1046391,42,13.5096941,
dense-opening-targeted-clear0,0,89,beech,0.217734009,0.217734009,0,0,0,0,0,9,0,5,0,1,0,0,0,0,0,12,0,1046391,42,13.5096941,
dense-opening-targeted-clear0,0,90,sitka-spruce,0.216934547,0.216934547,48.94922,151.166214,97.2154,0,271,14,0,0,0,0,0,0,0,0,0,12,0,1046391,47,13.7321129,
dense-opening-targeted-clear0,0,90,sessile-oak,0.216934547,0.216934547,0,0,0,0,0,9,0,3,0,3,0,0,0,0,0,12,0,1046391,47,13.7321129,
dense-opening-targeted-clear0,0,90,beech,0.216934547,0.216934547,0,0,0,0,0,9,0,5,0,1,0,0,0,0,0,12,0,1046391,47,13.7321129,
dense-opening-targeted-clear0,0,91,sitka-spruce,0.217085242,0.217085242,49.561512,152.801682,98.32667,0,275,14,0,0,0,0,0,0,0,0,0,12,0,1046391,44,13.6527243,
dense-opening-targeted-clear0,0,91,sessile-oak,0.217085242,0.217085242,0,0,0,0,0,9,0,3,0,3,0,0,0,0,0,12,0,1046391,44,13.6527243,
dense-opening-targeted-clear0,0,91,beech,0.217085242,0.217085242,0,0,0,0,0,9,0,5,0,1,0,0,0,0,0,12,0,1046391,44,13.6527243,
dense-opening-targeted-clear0,0,92,sitka-spruce,0.217798635,0.217798635,48.50657,154.383957,99.30425,0,281,14,0,0,0,0,0,0,0,0,0,12,0,1046391,45,13.57027,
dense-opening-targeted-clear0,0,92,sessile-oak,0.217798635,0.217798635,0,0,0,0,0,9,0,3,0,3,0,0,0,0,0,12,0,1046391,45,13.57027,
dense-opening-targeted-clear0,0,92,beech,0.217798635,0.217798635,0,0,0,0,0,9,0,5,0,1,0,0,0,0,0,12,0,1046391,45,13.57027,
dense-opening-targeted-clear0,0,93,sitka-spruce,0.216877773,0.216877773,47.02311,155.982559,100.588936,0,286,14,0,0,0,0,0,0,0,0,0,12,0,1046391,46,13.7740154,
dense-opening-targeted-clear0,0,93,sessile-oak,0.216877773,0.216877773,0,0,0,0,0,9,0,3,0,3,0,0,0,0,0,12,0,1046391,46,13.7740154,
dense-opening-targeted-clear0,0,93,beech,0.216877773,0.216877773,0,0,0,0,0,9,0,5,0,1,0,0,0,0,0,12,0,1046391,46,13.7740154,
dense-opening-targeted-clear0,0,94,sitka-spruce,0.217806518,0.217806518,45.9895363,157.44751,101.585213,0,291,14,0,0,0,0,0,0,0,0,0,12,0,1046391,43,13.6264839,
dense-opening-targeted-clear0,0,94,sessile-oak,0.217806518,0.217806518,0,0,0,0,0,9,0,3,0,3,0,0,0,0,0,12,0,1046391,43,13.6264839,
dense-opening-targeted-clear0,0,94,beech,0.217806518,0.217806518,0,0,0,0,0,9,0,5,0,1,0,0,0,0,0,12,0,1046391,43,13.6264839,
dense-opening-targeted-clear0,0,95,sitka-spruce,0.218538448,0.218538448,46.9242477,158.84462,102.45504,0,293,14,0,0,0,0,0,0,0,0,0,12,0,1046391,39,13.4595652,
dense-opening-targeted-clear0,0,95,sessile-oak,0.218538448,0.218538448,0,0,0,0,0,9,0,3,0,3,0,0,0,0,0,12,0,1046391,39,13.4595652,
dense-opening-targeted-clear0,0,95,beech,0.218538448,0.218538448,0,0,0,0,0,9,0,5,0,1,0,0,0,0,0,12,0,1046391,39,13.4595652,
dense-opening-targeted-clear0,0,96,sitka-spruce,0.217442483,0.217442483,49.5698853,160.19458,103.215279,0,295,14,0,0,0,0,0,0,0,0,0,12,0,1046391,41,13.6562157,
dense-opening-targeted-clear0,0,96,sessile-oak,0.217442483,0.217442483,0,0,0,0,0,9,0,3,0,3,0,0,0,0,0,12,0,1046391,41,13.6562157,
dense-opening-targeted-clear0,0,96,beech,0.217442483,0.217442483,0,0,0,0,0,9,0,5,0,1,0,0,0,0,0,12,0,1046391,41,13.6562157,
dense-opening-targeted-clear0,0,97,sitka-spruce,0.21906352,0.21906352,47.06552,161.7264,103.927689,0,302,14,0,0,0,0,0,0,0,0,0,12,0,1046391,43,13.5051041,
dense-opening-targeted-clear0,0,97,sessile-oak,0.21906352,0.21906352,0,0,0,0,0,9,0,3,0,3,0,0,0,0,0,12,0,1046391,43,13.5051041,
dense-opening-targeted-clear0,0,97,beech,0.21906352,0.21906352,0,0,0,0,0,9,0,5,0,1,0,0,0,0,0,12,0,1046391,43,13.5051041,
dense-opening-targeted-clear0,0,98,sitka-spruce,0.216010079,0.216010079,47.4093781,163.131042,104.552124,0,305,14,0,0,0,0,0,0,0,0,0,12,0,1046391,44,13.6954679,
dense-opening-targeted-clear0,0,98,sessile-oak,0.216010079,0.216010079,0,0,0,0,0,9,0,3,0,3,0,0,0,0,0,12,0,1046391,44,13.6954679,
dense-opening-targeted-clear0,0,98,beech,0.216010079,0.216010079,0,0,0,0,0,9,0,5,0,1,0,0,0,0,0,12,0,1046391,44,13.6954679,
dense-opening-targeted-clear0,0,99,sitka-spruce,0.218441874,0.218441874,49.6165657,164.51004,105.0196,0,309,14,0,0,0,0,0,0,0,0,0,12,0,1046391,39,13.4504652,
dense-opening-targeted-clear0,0,99,sessile-oak,0.218441874,0.218441874,0,0,0,0,0,9,0,3,0,3,0,0,0,0,0,12,0,1046391,39,13.4504652,
dense-opening-targeted-clear0,0,99,beech,0.218441874,0.218441874,0,0,0,0,0,9,0,5,0,1,0,0,0,0,0,12,0,1046391,39,13.4504652,
dense-opening-targeted-clear0,0,100,sitka-spruce,0.218479529,0.218479529,50.9685,166.1829,105.510529,0,315,14,0,0,0,0,0,0,0,0,0,12,0,1046391,43,13.6411343,C88534EBF234E58A
dense-opening-targeted-clear0,0,100,sessile-oak,0.218479529,0.218479529,0,0,0,0,0,9,0,3,0,3,0,0,0,0,0,12,0,1046391,43,13.6411343,C88534EBF234E58A
dense-opening-targeted-clear0,0,100,beech,0.218479529,0.218479529,0,0,0,0,0,9,0,5,0,1,0,0,0,0,0,12,0,1046391,43,13.6411343,C88534EBF234E58A
dense-opening-targeted-clear1,0,1,sitka-spruce,0.52845186,0.52845186,2.83454347,0,0,0,0,-1,0,0,0,0,0,0,0,8,3600,12,0,1042791,134,2.81021357,
dense-opening-targeted-clear1,0,1,sessile-oak,0.52845186,0.52845186,0,0,0,0,0,-1,5,0,0,1,0,0,0,8,3600,12,0,1042791,134,2.81021357,
dense-opening-targeted-clear1,0,1,beech,0.52845186,0.52845186,0,0,0,0,0,-1,6,0,0,0,0,0,0,8,3600,12,0,1042791,134,2.81021357,
dense-opening-targeted-clear1,0,2,sitka-spruce,0.415250331,0.415250331,4.511148,0.4755753,0.01793613,0,0,-1,0,0,0,0,0,0,0,8,3600,12,0,1042791,134,3.01699352,
dense-opening-targeted-clear1,0,2,sessile-oak,0.415250331,0.415250331,0,0,0,0,0,-1,5,0,0,1,0,0,0,8,3600,12,0,1042791,134,3.01699352,
dense-opening-targeted-clear1,0,2,beech,0.415250331,0.415250331,0,0,0,0,0,-1,6,0,0,0,0,0,0,8,3600,12,0,1042791,134,3.01699352,
dense-opening-targeted-clear1,0,3,sitka-spruce,0.360969365,0.360969365,9.851454,1.175803,0.04566929,0,0,-1,0,0,0,0,0,0,0,8,3600,12,0,1042791,134,3.230159,
dense-opening-targeted-clear1,0,3,sessile-oak,0.360969365,0.360969365,0,0,0,0,0,-1,5,0,0,1,0,0,0,8,3600,12,0,1042791,134,3.230159,
dense-opening-targeted-clear1,0,3,beech,0.360969365,0.360969365,0,0,0,0,0,-1,6,0,0,0,0,0,0,8,3600,12,0,1042791,134,3.230159,
dense-opening-targeted-clear1,0,4,sitka-spruce,0.337302864,0.337302864,11.8960476,2.66348553,0.101650119,0,0,-1,0,0,0,0,0,0,0,8,3600,12,0,1042791,134,3.44958282,
dense-opening-targeted-clear1,0,4,sessile-oak,0.337302864,0.337302864,0,0,0,0,0,-1,5,0,0,1,0,0,0,8,3600,12,0,1042791,134,3.44958282,
dense-opening-targeted-clear1,0,4,beech,0.337302864,0.337302864,0,0,0,0,0,-1,6,0,0,0,0,0,0,8,3600,12,0,1042791,134,3.44958282,
dense-opening-targeted-clear1,0,5,sitka-spruce,0.328771323,0.328771323,14.3198509,4.31674242,0.158732325,0,0,-1,0,0,0,0,0,0,0,8,3600,12,0,1042791,134,3.67513943,
dense-opening-targeted-clear1,0,5,sessile-oak,0.328771323,0.328771323,0,0,0,0,0,-1,5,0,0,1,0,0,0,8,3600,12,0,1042791,134,3.67513943,
dense-opening-targeted-clear1,0,5,beech,0.328771323,0.328771323,0,0,0,0,0,-1,6,0,0,0,0,0,0,8,3600,12,0,1042791,134,3.67513943,
dense-opening-targeted-clear1,0,6,sitka-spruce,0.327315927,0.327315927,20.8684959,6.105194,0.22849524,0,0,-1,0,0,0,0,0,0,0,8,3600,12,0,1042791,134,3.90670443,
dense-opening-targeted-clear1,0,6,sessile-oak,0.327315927,0.327315927,0,0,0,0,0,-1,5,0,0,1,0,0,0,8,3600,12,0,1042791,134,3.90670443,
dense-opening-targeted-clear1,0,6,beech,0.327315927,0.327315927,0,0,0,0,0,-1,5,0,0,1,0,0,0,8,3600,12,0,1042791,134,3.90670443,
dense-opening-targeted-clear1,0,7,sitka-spruce,0.328843445,0.328843445,27.1923962,8.684808,0.3397109,0,0,-1,0,0,0,0,0,0,0,8,3600,12,0,1042791,134,4.1441555,
dense-opening-targeted-clear1,0,7,sessile-oak,0.328843445,0.328843445,0,0,0,0,0,-1,4,0,0,2,0,0,0,8,3600,12,0,1042791,134,4.1441555,
dense-opening-targeted-clear1,0,7,beech,0.328843445,0.328843445,0,0,0,0,0,-1,5,0,0,1,0,0,0,8,3600,12,0,1042791,134,4.1441555,
dense-opening-targeted-clear1,0,8,sitka-spruce,0.33134982,0.33134982,34.6056747,11.967207,0.4883817,0,0,-1,0,0,0,0,0,0,0,8,3600,12,0,1042791,134,4.38737059,
dense-opening-targeted-clear1,0,8,sessile-oak,0.33134982,0.33134982,0,0,0,0,0,-1,4,0,0,2,0,0,0,8,3600,12,0,1042791,134,4.38737059,
dense-opening-targeted-clear1,0,8,beech,0.33134982,0.33134982,0,0,0,0,0,-1,5,0,0,1,0,0,0,8,3600,12,0,1042791,134,4.38737059,
dense-opening-targeted-clear1,0,9,sitka-spruce,0.333827525,0.333827525,36.53805,15.9840641,0.6799114,0,0,-1,0,0,0,0,0,0,0,8,3600,12,0,1042791,141,4.653609,
dense-opening-targeted-clear1,0,9,sessile-oak,0.333827525,0.333827525,0,0,0,0,0,9,1,3,0,2,0,0,0,8,3600,12,0,1042791,141,4.653609,
dense-opening-targeted-clear1,0,9,beech,0.333827525,0.333827525,0,0,0,0,0,9,1,4,0,1,0,0,0,8,3600,12,0,1042791,141,4.653609,
dense-opening-targeted-clear1,0,10,sitka-spruce,0.3308916,0.3308916,39.16089,19.764967,0.8706775,0,0,-1,0,0,0,0,0,0,0,8,3600,12,0,1042791,141,4.90837669,2F8A59D5A2B76149
dense-opening-targeted-clear1,0,10,sessile-oak,0.3308916,0.3308916,0,0,0,0,0,9,1,3,0,2,0,0,0,8,3600,12,0,1042791,141,4.90837669,2F8A59D5A2B76149
dense-opening-targeted-clear1,0,10,beech,0.3308916,0.3308916,0,0,0,0,0,9,1,4,0,1,0,0,0,8,3600,12,0,1042791,141,4.90837669,2F8A59D5A2B76149
dense-opening-targeted-clear1,0,11,sitka-spruce,0.329216868,0.329216868,42.169342,23.13004,1.0659523,0,0,-1,0,0,0,0,0,0,0,8,3600,12,0,1042791,141,5.16856241,
dense-opening-targeted-clear1,0,11,sessile-oak,0.329216868,0.329216868,0,0,0,0,0,9,1,3,0,2,0,0,0,8,3600,12,0,1042791,141,5.16856241,
dense-opening-targeted-clear1,0,11,beech,0.329216868,0.329216868,0,0,0,0,0,9,1,4,0,1,0,0,0,8,3600,12,0,1042791,141,5.16856241,
dense-opening-targeted-clear1,0,12,sitka-spruce,0.32796964,0.32796964,48.5084152,26.33948,1.26525009,0,0,-1,0,0,0,0,0,0,0,8,3600,12,0,1042791,141,5.434053,
dense-opening-targeted-clear1,0,12,sessile-oak,0.32796964,0.32796964,0,0,0,0,0,9,1,3,0,2,0,0,0,8,3600,12,0,1042791,141,5.434053,
dense-opening-targeted-clear1,0,12,beech,0.32796964,0.32796964,0,0,0,0,0,9,1,4,0,1,0,0,0,8,3600,12,0,1042791,141,5.434053,
dense-opening-targeted-clear1,0,13,sitka-spruce,0.326699048,0.326699048,52.4483223,30.122139,1.55376458,0,0,-1,0,0,0,0,0,0,0,8,3600,12,0,1042791,142,5.70694542,
dense-opening-targeted-clear1,0,13,sessile-oak,0.326699048,0.326699048,0,0,0,0,0,9,1,3,0,2,0,0,0,8,3600,12,0,1042791,142,5.70694542,
dense-opening-targeted-clear1,0,13,beech,0.326699048,0.326699048,0,0,0,0,0,9,0,5,0,1,0,0,0,8,3600,12,0,1042791,142,5.70694542,
dense-opening-targeted-clear1,0,14,sitka-spruce,0.32490474,0.32490474,50.5890427,33.750515,1.86320341,0,9,14,0,0,0,0,0,0,0,8,3600,12,0,1042791,151,6.00340843,
dense-opening-targeted-clear1,0,14,sessile-oak,0.32490474,0.32490474,0,0,0,0,0,9,1,3,0,2,0,0,0,8,3600,12,0,1042791,151,6.00340843,
dense-opening-targeted-clear1,0,14,beech,0.32490474,0.32490474,0,0,0,0,0,9,0,5,0,1,0,0,0,8,3600,12,0,1042791,151,6.00340843,
dense-opening-targeted-clear1,0,15,sitka-spruce,0.3151779,0.3151779,51.73541,36.7639847,2.15625453,0,22,14,0,0,0,0,0,0,0,8,3600,12,0,1042791,164,6.3167,
dense-opening-targeted-clear1,0,15,sessile-oak,0.3151779,0.3151779,0,0,0,0,0,9,1,3,0,2,0,0,0,8,3600,12,0,1042791,164,6.3167,
dense-opening-targeted-clear1,0,15,beech,0.3151779,0.3151779,0,0,0,0,0,9,0,5,0,1,0,0,0,8,3600,12,0,1042791,164,6.3167,
dense-opening-targeted-clear1,0,16,sitka-spruce,0.296223551,0.296223551,53.79375,39.6355629,2.47734761,0,22,14,0,0,0,0,0,0,0,8,3600,12,0,1042791,164,6.606614,
dense-opening-targeted-clear1,0,16,sessile-oak,0.296223551,0.296223551,0,0,0,0,0,9,1,3,0,2,0,0,0,8,3600,12,0,1042791,164,6.606614,
dense-opening-targeted-clear1,0,16,beech,0.296223551,0.296223551,0,0,0,0,0,9,0,5,0,1,0,0,0,8,3600,12,0,1042791,164,6.606614,
dense-opening-targeted-clear1,0,17,sitka-spruce,0.28424105,0.28424105,55.3345222,42.17185,2.77735877,0,22,14,0,0,0,0,0,0,0,8,3600,12,0,1042791,164,6.90182447,
dense-opening-targeted-clear1,0,17,sessile-oak,0.28424105,0.28424105,0,0,0,0,0,9,1,3,0,2,0,0,0,8,3600,12,0,1042791,164,6.90182447,
dense-opening-targeted-clear1,0,17,beech,0.28424105,0.28424105,0,0,0,0,0,9,0,5,0,1,0,0,0,8,3600,12,0,1042791,164,6.90182447,
dense-opening-targeted-clear1,0,18,sitka-spruce,0.276035547,0.276035547,55.5751839,44.4034958,3.061277,0,25,14,0,0,0,0,0,0,0,8,3600,12,0,1042791,167,7.20934725,
dense-opening-targeted-clear1,0,18,sessile-oak,0.276035547,0.276035547,0,0,0,0,0,9,1,3,0,2,0,0,0,8,3600,12,0,1042791,167,7.20934725,
dense-opening-targeted-clear1,0,18,beech,0.276035547,0.276035547,0,0,0,0,0,9,0,5,0,1,0,0,0,8,3600,12,0,1042791,167,7.20934725,
dense-opening-targeted-clear1,0,19,sitka-spruce,0.268412143,0.268412143,47.69067,46.26141,3.36275363,0,41,14,0,0,0,0,0,0,0,8,3600,12,0,1042791,183,7.55126429,
dense-opening-targeted-clear1,0,19,sessile-oak,0.268412143,0.268412143,0,0,0,0,0,9,1,3,0,2,0,0,0,8,3600,12,0,1042791,183,7.55126429,
dense-opening-targeted-clear1,0,19,beech,0.268412143,0.268412143,0,0,0,0,0,9,0,5,0,1,0,0,0,8,3600,12,0,1042791,183,7.55126429,
dense-opening-targeted-clear1,0,20,sitka-spruce,0.2507605,0.2507605,47.28253,47.6818237,3.647213,0,48,14,0,0,0,0,0,0,0,8,3600,12,0,1042791,190,7.880768,
dense-opening-targeted-clear1,0,20,sessile-oak,0.2507605,0.2507605,0,0,0,0,0,9,1,3,0,2,0,0,0,8,3600,12,0,1042791,190,7.880768,
dense-opening-targeted-clear1,0,20,beech,0.2507605,0.2507605,0,0,0,0,0,9,0,5,0,1,0,0,0,8,3600,12,0,1042791,190,7.880768,
dense-opening-targeted-clear1,0,21,sitka-spruce,0.236297846,0.236297846,51.4435158,49.1160545,4.12290955,0,50,14,0,0,0,0,0,0,0,8,3600,12,0,1042791,192,8.204589,
dense-opening-targeted-clear1,0,21,sessile-oak,0.236297846,0.236297846,0,0,0,0,0,9,1,3,0,2,0,0,0,8,3600,12,0,1042791,192,8.204589,
dense-opening-targeted-clear1,0,21,beech,0.236297846,0.236297846,0,0,0,0,0,9,0,5,0,1,0,0,0,8,3600,12,0,1042791,192,8.204589,
dense-opening-targeted-clear1,0,22,sitka-spruce,0.225900635,0.225900635,52.71188,50.9145432,4.58263874,0,54,14,0,0,0,0,0,0,0,8,3600,12,0,1042791,196,8.537885,
dense-opening-targeted-clear1,0,22,sessile-oak,0.225900635,0.225900635,0,0,0,0,0,9,1,3,0,2,0,0,0,8,3600,12,0,1042791,196,8.537885,
dense-opening-targeted-clear1,0,22,beech,0.225900635,0.225900635,0,0,0,0,0,9,0,5,0,1,0,0,0,8,3600,12,0,1042791,196,8.537885,
dense-opening-targeted-clear1,0,23,sitka-spruce,0.217501819,0.217501819,53.9939156,52.77275,5.332979,0,55,14,0,0,0,0,0,0,0,8,3600,12,0,1042791,197,8.869884,
dense-opening-targeted-clear1,0,23,sessile-oak,0.217501819,0.217501819,0,0,0,0,0,9,1,3,0,2,0,0,0,8,3600,12,0,1042791,197,8.869884,
dense-opening-targeted-clear1,0,23,beech,0.217501819,0.217501819,0,0,0,0,0,9,0,5,0,1,0,0,0,8,3600,12,0,1042791,197,8.869884,
dense-opening-targeted-clear1,0,24,sitka-spruce,0.210663363,0.210663363,52.4751434,54.4849739,6.019349,0,61,14,0,0,0,0,0,0,0,8,3600,12,0,1042791,203,9.218712,
dense-opening-targeted-clear1,0,24,sessile-oak,0.210663363,0.210663363,0,0,0,0,0,9,1,3,0,2,0,0,0,8,3600,12,0,1042791,203,9.218712,
dense-opening-targeted-clear1,0,24,beech,0.210663363,0.210663363,0,0,0,0,0,9,0,5,0,1,0,0,0,8,3600,12,0,1042791,203,9.218712,
dense-opening-targeted-clear1,0,25,sitka-spruce,0.201805428,0.201805428,52.1462135,56.0848236,6.65027332,0,67,14,0,0,0,0,0,0,0,8,3600,12,0,1042791,209,9.573008,9A08DC33AAE536F6
dense-opening-targeted-clear1,0,25,sessile-oak,0.201805428,0.201805428,0,0,0,0,0,9,1,3,0,2,0,0,0,8,3600,12,0,1042791,209,9.573008,9A08DC33AAE536F6
dense-opening-targeted-clear1,0,25,beech,0.201805428,0.201805428,0,0,0,0,0,9,0,5,0,1,0,0,0,8,3600,12,0,1042791,209,9.573008,9A08DC33AAE536F6
dense-opening-targeted-clear1,0,26,sitka-spruce,0.193452984,0.193452984,53.7096863,57.6987457,7.24122572,0,69,14,0,0,0,0,0,0,0,8,3600,12,0,1042791,209,9.915389,
dense-opening-targeted-clear1,0,26,sessile-oak,0.193452984,0.193452984,0,0,0,0,0,9,1,3,0,2,0,0,0,8,3600,12,0,1042791,209,9.915389,
dense-opening-targeted-clear1,0,26,beech,0.193452984,0.193452984,0,0,0,0,0,9,0,5,0,1,0,0,0,8,3600,12,0,1042791,209,9.915389,
dense-opening-targeted-clear1,0,27,sitka-spruce,0.186931759,0.186931759,53.1097374,59.34146,8.086412,0,71,14,0,0,0,0,0,0,0,8,3600,12,0,1042791,210,10.2670975,
dense-opening-targeted-clear1,0,27,sessile-oak,0.186931759,0.186931759,0,0,0,0,0,9,1,3,0,2,0,0,0,8,3600,12,0,1042791,210,10.2670975,
dense-opening-targeted-clear1,0,27,beech,0.186931759,0.186931759,0,0,0,0,0,9,0,5,0,1,0,0,0,8,3600,12,0,1042791,210,10.2670975,
dense-opening-targeted-clear1,0,28,sitka-spruce,0.181762189,0.181762189,51.8489037,60.82156,10.0203047,0,73,14,0,0,0,0,0,0,0,8,3600,12,0,1042791,211,10.6230412,
dense-opening-targeted-clear1,0,28,sessile-oak,0.181762189,0.181762189,0,0,0,0,0,9,1,3,0,2,0,0,0,8,3600,12,0,1042791,211,10.6230412,
dense-opening-targeted-clear1,0,28,beech,0.181762189,0.181762189,0,0,0,0,0,9,0,5,0,1,0,0,0,8,3600,12,0,1042791,211,10.6230412,
dense-opening-targeted-clear1,0,29,sitka-spruce,0.1774048,0.1774048,47.64852,62.1711731,11.8980837,0,81,14,0,0,0,0,0,0,0,8,3600,12,0,1042791,219,11.002388,
dense-opening-targeted-clear1,0,29,sessile-oak,0.1774048,0.1774048,0,0,0,0,0,9,0,3,0,3,0,0,0,8,3600,12,0,1042791,219,11.002388,
dense-opening-targeted-clear1,0,29,beech,0.1774048,0.1774048,0,0,0,0,0,9,0,5,0,1,0,0,0,8,3600,12,0,1042791,219,11.002388,
dense-opening-targeted-clear1,0,30,sitka-spruce,0.171695814,0.171695814,47.02647,63.38801,14.3398237,0,83,14,0,0,0,0,0,0,0,8,3600,12,0,1042791,218,11.2408953,
dense-opening-targeted-clear1,0,30,sessile-oak,0.171695814,0.171695814,0,0,0,0,0,9,0,3,0,3,0,0,0,8,3600,12,0,1042791,218,11.2408953,
dense-opening-targeted-clear1,0,30,beech,0.171695814,0.171695814,0,0,0,0,0,9,0,5,0,1,0,0,0,8,3600,12,0,1042791,218,11.2408953,
dense-opening-targeted-clear1,0,31,sitka-spruce,0.167187184,0.167187184,46.0005,64.6154251,17.1110554,0,84,14,0,0,0,0,0,0,0,8,3600,12,0,1042791,217,11.5174456,
dense-opening-targeted-clear1,0,31,sessile-oak,0.167187184,0.167187184,0,0,0,0,0,9,0,3,0,3,0,0,0,8,3600,12,0,1042791,217,11.5174456,
dense-opening-targeted-clear1,0,31,beech,0.167187184,0.167187184,0,0,0,0,0,9,0,5,0,1,0,0,0,8,3600,12,0,1042791,217,11.5174456,
dense-opening-targeted-clear1,0,32,sitka-spruce,0.1641728,0.1641728,43.6654358,65.80707,20.05434,0,86,14,0,0,0,0,0,0,0,8,3600,12,0,1042791,216,11.7941742,
dense-opening-targeted-clear1,0,32,sessile-oak,0.1641728,0.1641728,0,0,0,0,0,9,0,3,0,3,0,0,0,8,3600,12,0,1042791,216,11.7941742,
dense-opening-targeted-clear1,0,32,beech,0.1641728,0.1641728,0,0,0,0,0,9,0,5,0,1,0,0,0,8,3600,12,0,1042791,216,11.7941742,
dense-opening-targeted-clear1,0,33,sitka-spruce,0.161267519,0.161267519,42.19153,66.9016647,22.5834045,0,86,14,0,0,0,0,0,0,0,8,3600,12,0,1042791,212,12.0443535,
dense-opening-targeted-clear1,0,33,sessile-oak,0.161267519,0.161267519,0,0,0,0,0,9,0,3,0,3,0,0,0,8,3600,12,0,1042791,212,12.0443535,
dense-opening-targeted-clear1,0,33,beech,0.161267519,0.161267519,0,0,0,0,0,9,0,5,0,1,0,0,0,8,3600,12,0,1042791,212,12.0443535,
dense-opening-targeted-clear1,0,34,sitka-spruce,0.1599245,0.1599245,40.95598,67.9113,24.912899,0,86,14,0,0,0,0,0,0,0,8,3600,12,0,1042791,203,12.2224464,
dense-opening-targeted-clear1,0,34,sessile-oak,0.1599245,0.1599245,0,0,0,0,0,9,0,3,0,3,0,0,0,8,3600,12,0,1042791,203,12.2224464,
dense-opening-targeted-clear1,0,34,beech,0.1599245,0.1599245,0,0,0,0,0,9,0,5,0,1,0,0,0,8,3600,12,0,1042791,203,12.2224464,
dense-opening-targeted-clear1,0,35,sitka-spruce,0.158519462,0.158519462,38.5194969,68.84344,27.248867,0,88,14,0,0,0,0,0,0,0,8,3600,12,0,1042791,201,12.5112791,
dense-opening-targeted-clear1,0,35,sessile-oak,0.158519462,0.158519462,0,0,0,0,0,9,0,3,0,3,0,0,0,8,3600,12,0,1042791,201,12.5112791,
dense-opening-targeted-clear1,0,35,beech,0.158519462,0.158519462,0,0,0,0,0,9,0,5,0,1,0,0,0,8,3600,12,0,1042791,201,12.5112791,
dense-opening-targeted-clear1,0,36,sitka-spruce,0.159162223,0.159162223,36.8488579,69.71567,29.3062172,0,90,14,0,0,0,0,0,0,0,8,3600,12,0,1042791,191,12.5048132,
dense-opening-targeted-clear1,0,36,sessile-oak,0.159162223,0.159162223,0,0,0,0,0,9,0,3,0,3,0,0,0,8,3600,12,0,1042791,191,12.5048132,
dense-opening-targeted-clear1,0,36,beech,0.159162223,0.159162223,0,0,0,0,0,9,0,5,0,1,0,0,0,8,3600,12,0,1042791,191,12.5048132,
dense-opening-targeted-clear1,0,37,sitka-spruce,0.159470513,0.159470513,35.8211,70.57792,31.0644722,0,93,14,0,0,0,0,0,0,0,8,3600,12,0,1042791,190,12.790534,
dense-opening-targeted-clear1,0,37,sessile-oak,0.159470513,0.159470513,0,0,0,0,0,9,0,3,0,3,0,0,0,8,3600,12,0,1042791,190,12.790534,
dense-opening-targeted-clear1,0,37,beech,0.159470513,0.159470513,0,0,0,0,0,9,0,5,0,1,0,0,0,8,3600,12,0,1042791,190,12.790534,
dense-opening-targeted-clear1,0,38,sitka-spruce,0.159718946,0.159718946,35.26039,71.4599152,32.64917,0,95,14,0,0,0,0,0,0,0,8,3600,12,0,1042791,186,12.89624,
dense-opening-targeted-clear1,0,38,sessile-oak,0.159718946,0.159718946,0,0,0,0,0,9,0,3,0,3,0,0,0,8,3600,12,0,1042791,186,12.89624,
dense-opening-targeted-clear1,0,38,beech,0.159718946,0.159718946,0,0,0,0,0,9,0,5,0,1,0,0,0,8,3600,12,0,1042791,186,12.89624,
dense-opening-targeted-clear1,0,39,sitka-spruce,0.1611898,0.1611898,35.0511971,72.36118,34.98276,0,96,14,0,0,0,0,0,0,0,8,3600,12,0,1042791,179,13.0901327,
dense-opening-targeted-clear1,0,39,sessile-oak,0.1611898,0.1611898,0,0,0,0,0,9,0,3,0,3,0,0,0,8,3600,12,0,1042791,179,13.0901327,
dense-opening-targeted-clear1,0,39,beech,0.1611898,0.1611898,0,0,0,0,0,9,0,5,0,1,0,0,0,8,3600,12,0,1042791,179,13.0901327,
dense-opening-targeted-clear1,0,40,sitka-spruce,0.164091572,0.164091572,34.3477974,73.3271561,37.0041237,0,99,14,0,0,0,0,0,0,0,8,3600,12,0,1042791,174,13.331934,
dense-opening-targeted-clear1,0,40,sessile-oak,0.164091572,0.164091572,0,0,0,0,0,9,0,3,0,3,0,0,0,8,3600,12,0,1042791,174,13.331934,
dense-opening-targeted-clear1,0,40,beech,0.164091572,0.164091572,0,0,0,0,0,9,0,5,0,1,0,0,0,8,3600,12,0,1042791,174,13.331934,
dense-opening-targeted-clear1,0,41,sitka-spruce,0.169050246,0.169050246,33.00025,74.33551,38.427536,0,104,14,0,0,0,0,0,0,0,8,3600,12,0,1042791,165,13.44939,
dense-opening-targeted-clear1,0,41,sessile-oak,0.169050246,0.169050246,0,0,0,0,0,9,0,3,0,3,0,0,0,8,3600,12,0,1042791,165,13.44939,
dense-opening-targeted-clear1,0,41,beech,0.169050246,0.169050246,0,0,0,0,0,9,0,5,0,1,0,0,0,8,3600,12,0,1042791,165,13.44939,
dense-opening-targeted-clear1,0,42,sitka-spruce,0.172500059,0.172500059,34.535347,75.43243,39.7211037,0,105,14,0,0,0,0,0,0,0,8,3600,12,0,1042791,155,13.4878225,
dense-opening-targeted-clear1,0,42,sessile-oak,0.172500059,0.172500059,0,0,0,0,0,9,0,3,0,3,0,0,0,8,3600,12,0,1042791,155,13.4878225,
dense-opening-targeted-clear1,0,42,beech,0.172500059,0.172500059,0,0,0,0,0,9,0,5,0,1,0,0,0,8,3600,12,0,1042791,155,13.4878225,
dense-opening-targeted-clear1,0,43,sitka-spruce,0.178202927,0.178202927,35.1177826,76.6675339,40.9347839,0,112,14,0,0,0,0,0,0,0,8,3600,12,0,1042791,150,13.1081772,
dense-opening-targeted-clear1,0,43,sessile-oak,0.178202927,0.178202927,0,0,0,0,0,9,0,3,0,3,0,0,0,8,3600,12,0,1042791,150,13.1081772,
dense-opening-targeted-clear1,0,43,beech,0.178202927,0.178202927,0,0,0,0,0,9,0,5,0,1,0,0,0,8,3600,12,0,1042791,150,13.1081772,
dense-opening-targeted-clear1,0,44,sitka-spruce,0.182908162,0.182908162,38.3139877,78.04361,42.03113,0,112,14,0,0,0,0,0,0,0,8,3600,12,0,1042791,137,12.9759722,
dense-opening-targeted-clear1,0,44,sessile-oak,0.182908162,0.182908162,0,0,0,0,0,9,0,3,0,3,0,0,0,8,3600,12,0,1042791,137,12.9759722,
dense-opening-targeted-clear1,0,44,beech,0.182908162,0.182908162,0,0,0,0,0,9,0,5,0,1,0,0,0,8,3600,12,0,1042791,137,12.9759722,
dense-opening-targeted-clear1,0,45,sitka-spruce,0.187354416,0.187354416,38.8107147,79.65779,43.3163757,0,115,14,0,0,0,0,0,0,0,8,3600,12,0,1042791,134,13.2164135,
dense-opening-targeted-clear1,0,45,sessile-oak,0.187354416,0.187354416,0,0,0,0,0,9,0,3,0,3,0,0,0,8,3600,12,0,1042791,134,13.2164135,
dense-opening-targeted-clear1,0,45,beech,0.187354416,0.187354416,0,0,0,0,0,9,0,5,0,1,0,0,0,8,3600,12,0,1042791,134,13.2164135,
dense-opening-targeted-clear1,0,46,sitka-spruce,0.194685623,0.194685623,37.81844,81.40637,44.2673454,0,121,14,0,0,0,0,0,0,0,8,3600,12,0,1042791,131,12.9405117,
dense-opening-targeted-clear1,0,46,sessile-oak,0.194685623,0.194685623,0,0,0,0,0,9,0,3,0,3,0,0,0,8,3600,12,0,1042791,131,12.9405117,
dense-opening-targeted-clear1,0,46,beech,0.194685623,0.194685623,0,0,0,0,0,9,0,5,0,1,0,0,0,8,3600,12,0,1042791,131,12.9405117,
dense-opening-targeted-clear1,0,47,sitka-spruce,0.197650686,0.197650686,39.20878,83.06301,45.1083565,0,127,14,0,0,0,0,0,0,0,8,3600,12,0,1042791,131,13.1960707,
dense-opening-targeted-clear1,0,47,sessile-oak,0.197650686,0.197650686,0,0,0,0,0,9,0,3,0,3,0,0,0,8,3600,12,0,1042791,131,13.1960707,
dense-opening-targeted-clear1,0,47,beech,0.197650686,0.197650686,0,0,0,0,0,9,0,5,0,1,0,0,0,8,3600,12,0,1042791,131,13.1960707,
dense-opening-targeted-clear1,0,48,sitka-spruce,0.200075492,0.200075492,40.0727539,84.77638,45.8251228,0,130,14,0,0,0,0,0,0,0,8,3600,12,0,1042791,125,13.1698141,
dense-opening-targeted-clear1,0,48,sessile-oak,0.200075492,0.200075492,0,0,0,0,0,9,0,3,0,3,0,0,0,8,3600,12,0,1042791,125,13.1698141,
dense-opening-targeted-clear1,0,48,beech,0.200075492,0.200075492,0,0,0,0,0,9,0,5,0,1,0,0,0,8,3600,12,0,1042791,125,13.1698141,
dense-opening-targeted-clear1,0,49,sitka-spruce,0.200788468,0.200788468,40.82889,86.41967,46.5305061,0,137,14,0,0,0,0,0,0,0,8,3600,12,0,1042791,126,13.3996468,
dense-opening-targeted-clear1,0,49,sessile-oak,0.200788468,0.200788468,0,0,0,0,0,9,0,3,0,3,0,0,0,8,3600,12,0,1042791,126,13.3996468,
dense-opening-targeted-clear1,0,49,beech,0.200788468,0.200788468,0,0,0,0,0,9,0,5,0,1,0,0,0,8,3600,12,0,1042791,126,13.3996468,
dense-opening-targeted-clear1,0,50,sitka-spruce,0.200881213,0.200881213,43.65982,87.9903259,47.39939,0,140,14,0,0,0,0,0,0,0,8,3600,12,0,1042791,119,13.33493,8111D4A0FC1920EF
dense-opening-targeted-clear1,0,50,sessile-oak,0.200881213,0.200881213,0,0,0,0,0,9,0,3,0,3,0,0,0,8,3600,12,0,1042791,119,13.33493,8111D4A0FC1920EF
dense-opening-targeted-clear1,0,50,beech,0.200881213,0.200881213,0,0,0,0,0,9,0,5,0,1,0,0,0,8,3600,12,0,1042791,119,13.33493,8111D4A0FC1920EF
dense-opening-targeted-clear1,0,51,sitka-spruce,0.202728748,0.202728748,42.88536,89.73335,48.0853844,0,146,14,0,0,0,0,0,0,0,8,3600,12,0,1042791,115,12.8106108,
dense-opening-targeted-clear1,0,51,sessile-oak,0.202728748,0.202728748,0,0,0,0,0,9,0,3,0,3,0,0,0,8,3600,12,0,1042791,115,12.8106108,
dense-opening-targeted-clear1,0,51,beech,0.202728748,0.202728748,0,0,0,0,0,9,0,5,0,1,0,0,0,8,3600,12,0,1042791,115,12.8106108,
dense-opening-targeted-clear1,0,52,sitka-spruce,0.20321396,0.20321396,44.01861,91.3709,49.04475,0,151,14,0,0,0,0,0,0,0,8,3600,12,0,1042791,113,13.0578375,
dense-opening-targeted-clear1,0,52,sessile-oak,0.20321396,0.20321396,0,0,0,0,0,9,0,3,0,3,0,0,0,8,3600,12,0,1042791,113,13.0578375,
dense-opening-targeted-clear1,0,52,beech,0.20321396,0.20321396,0.0106281769,0,0,0,0,9,0,5,0,1,0,0,0,8,3600,12,0,1042791,113,13.0578375,
dense-opening-targeted-clear1,0,53,sitka-spruce,0.202535853,0.202535853,44.8838234,93.0359039,49.9552841,0,155,14,0,0,0,0,0,0,0,8,3600,12,0,1042791,109,13.2309341,
dense-opening-targeted-clear1,0,53,sessile-oak,0.202535853,0.202535853,0,0,0,0,0,9,0,3,0,3,0,0,0,8,3600,12,0,1042791,109,13.2309341,
dense-opening-targeted-clear1,0,53,beech,0.202535853,0.202535853,0.009977093,0.0006510839,0,0,0,9,0,5,0,1,0,0,0,8,3600,12,0,1042791,109,13.2309341,
dense-opening-targeted-clear1,0,54,sitka-spruce,0.201084256,0.201084256,44.4562,94.65528,50.8690147,0,158,14,0,0,0,0,0,0,0,8,3600,12,0,1042791,107,13.4614086,
dense-opening-targeted-clear1,0,54,sessile-oak,0.201084256,0.201084256,0,0,0,0,0,9,0,3,0,3,0,0,0,8,3600,12,0,1042791,107,13.4614086,
dense-opening-targeted-clear1,0,54,beech,0.201084256,0.201084256,0.009379812,0.0012483648,0,0,0,9,0,5,0,1,0,0,0,8,3600,12,0,1042791,107,13.4614086,
dense-opening-targeted-clear1,0,55,sitka-spruce,0.199395716,0.199395716,44.1354561,96.12619,51.6482773,0,161,14,0,0,0,0,0,0,0,8,3600,12,0,1042791,104,13.6029415,
dense-opening-targeted-clear1,0,55,sessile-oak,0.199395716,0.199395716,0,0,0,0,0,9,0,3,0,3,0,0,0,8,3600,12,0,1042791,104,13.6029415,
dense-opening-targeted-clear1,0,55,beech,0.199395716,0.199395716,0.008891696,0.00173647981,0,0,0,9,0,5,0,1,0,0,0,8,3600,12,0,1042791,104,13.6029415,
dense-opening-targeted-clear1,0,56,sitka-spruce,0.199942023,0.199942023,44.71911,97.57654,52.39346,0,163,14,0,0,0,0,0,0,0,8,3600,12,0,1042791,97,13.8478241,
dense-opening-targeted-clear1,0,56,sessile-oak,0.199942023,0.199942023,0,0,0,0,0,9,0,3,0,3,0,0,0,8,3600,12,0,1042791,97,13.8478241,
dense-opening-targeted-clear1,0,56,beech,0.199942023,0.199942023,0.008503884,0.00212429231,0,0,0,9,0,5,0,1,0,0,0,8,3600,12,0,1042791,97,13.8478241,
dense-opening-targeted-clear1,0,57,sitka-spruce,0.199273422,0.199273422,45.8436,98.98092,53.03294,0,168,14,0,0,0,0,0,0,0,8,3600,12,0,1042791,98,13.92975,
dense-opening-targeted-clear1,0,57,sessile-oak,0.199273422,0.199273422,0,0,0,0,0,9,0,3,0,3,0,0,0,8,3600,12,0,1042791,98,13.92975,
dense-opening-targeted-clear1,0,57,beech,0.199273422,0.199273422,0.00818067,0.00244750548,0,0,0,9,0,5,0,1,0,0,0,8,3600,12,0,1042791,98,13.92975,
dense-opening-targeted-clear1,0,58,sitka-spruce,0.202984333,0.202984333,47.71782,100.467735,53.96347,0,170,14,0,0,0,0,0,0,0,8,3600,12,0,1042791,88,14.11566,
dense-opening-targeted-clear1,0,58,sessile-oak,0.202984333,0.202984333,0,0,0,0,0,9,0,3,0,3,0,0,0,8,3600,12,0,1042791,88,14.11566,
dense-opening-targeted-clear1,0,58,beech,0.202984333,0.202984333,0.007949231,0.00267894519,0,0,0,9,0,5,0,1,0,0,0,8,3600,12,0,1042791,88,14.11566,
dense-opening-targeted-clear1,0,59,sitka-spruce,0.205937013,0.205937013,46.9026527,102.118584,54.8828354,0,176,14,0,0,0,0,0,0,0,8,3600,12,0,1042791,89,13.7328949,
dense-opening-targeted-clear1,0,59,sessile-oak,0.205937013,0.205937013,0,0,0,0,0,9,0,3,0,3,0,0,0,8,3600,12,0,1042791,89,13.7328949,
dense-opening-targeted-clear1,0,59,beech,0.205937013,0.205937013,0.00780902058,0.00281915581,0,0,0,9,0,5,0,1,0,0,0,8,3600,12,0,1042791,89,13.7328949,
dense-opening-targeted-clear1,0,60,sitka-spruce,0.205741122,0.205741122,47.06724,103.732933,55.87404,0,181,14,0,0,0,0,0,0,0,8,3600,12,0,1042791,90,14.0615377,
dense-opening-targeted-clear1,0,60,sessile-oak,0.205741122,0.205741122,0,0,0,0,0,9,0,3,0,3,0,0,0,8,3600,12,0,1042791,90,14.0615377,
dense-opening-targeted-clear1,0,60,beech,0.205741122,0.205741122,0.007752887,0.00287528918,0,0,0,9,0,5,0,1,0,0,0,8,3600,12,0,1042791,90,14.0615377,
dense-opening-targeted-clear1,0,61,sitka-spruce,0.2065946,0.2065946,46.4038162,105.300552,56.7833023,0,188,14,0,0,0,0,0,0,0,8,3600,12,0,1042791,86,14.0976744,
dense-opening-targeted-clear1,0,61,sessile-oak,0.2065946,0.2065946,0,0,0,0,0,9,0,3,0,3,0,0,0,8,3600,12,0,1042791,86,14.0976744,
dense-opening-targeted-clear1,0,61,beech,0.2065946,0.2065946,0.00773831457,0.00288986159,0,0,0,9,0,5,0,1,0,0,0,8,3600,12,0,1042791,86,14.0976744,
dense-opening-targeted-clear1,0,62,sitka-spruce,0.207739383,0.207739383,46.49973,106.81649,58.46828,0,191,14,0,0,0,0,0,0,0,8,3600,12,0,1042791,78,13.9301882,
dense-opening-targeted-clear1,0,62,sessile-oak,0.207739383,0.207739383,0,0,0,0,0,9,0,3,0,3,0,0,0,8,3600,12,0,1042791,78,13.9301882,
dense-opening-targeted-clear1,0,62,beech,0.207739383,0.207739383,0.00773831457,0.00288986159,0,0,0,9,0,5,0,1,0,0,0,8,3600,12,0,1042791,78,13.9301882,
dense-opening-targeted-clear1,0,63,sitka-spruce,0.208224654,0.208224654,46.0209961,108.431419,60.5367546,0,195,14,0,0,0,0,0,0,0,8,3600,12,0,1042791,80,14.0635138,
dense-opening-targeted-clear1,0,63,sessile-oak,0.208224654,0.208224654,0,0,0,0,0,9,0,3,0,3,0,0,0,8,3600,12,0,1042791,80,14.0635138,
dense-opening-targeted-clear1,0,63,beech,0.208224654,0.208224654,0.00773831457,0.00288986159,0,0,0,9,0,5,0,1,0,0,0,8,3600,12,0,1042791,80,14.0635138,
dense-opening-targeted-clear1,0,64,sitka-spruce,0.208986759,0.208986759,45.53313,110.036469,62.3987923,0,197,14,0,0,0,0,0,0,0,8,3600,12,0,1042791,74,14.0486279,
dense-opening-targeted-clear1,0,64,sessile-oak,0.208986759,0.208986759,0,0,0,0,0,9,0,3,0,3,0,0,0,8,3600,12,0,1042791,74,14.0486279,
dense-opening-targeted-clear1,0,64,beech,0.208986759,0.208986759,0.00773831457,0.00288986159,0,0,0,9,0,5,0,1,0,0,0,8,3600,12,0,1042791,74,14.0486279,
dense-opening-targeted-clear1,0,65,sitka-spruce,0.209678337,0.209678337,42.92145,111.594528,63.5237122,0,203,14,0,0,0,0,0,0,0,8,3600,12,0,1042791,75,13.91576,
dense-opening-targeted-clear1,0,65,sessile-oak,0.209678337,0.209678337,0,0,0,0,0,9,0,3,0,3,0,0,0,8,3600,12,0,1042791,75,13.91576,
dense-opening-targeted-clear1,0,65,beech,0.209678337,0.209678337,0.00773831457,0.00288986159,0,0,0,9,0,5,0,1,0,0,0,8,3600,12,0,1042791,75,13.91576,
dense-opening-targeted-clear1,0,66,sitka-spruce,0.209588155,0.209588155,42.6727867,113.110672,64.56929,0,206,14,0,0,0,0,0,0,0,8,3600,12,0,1042791,74,13.7691336,
dense-opening-targeted-clear1,0,66,sessile-oak,0.209588155,0.209588155,0,0,0,0,0,9,0,3,0,3,0,0,0,8,3600,12,0,1042791,74,13.7691336,
dense-opening-targeted-clear1,0,66,beech,0.209588155,0.209588155,0.00773831457,0.00288986159,0,0,0,9,0,5,0,1,0,0,0,8,3600,12,0,1042791,74,13.7691336,
dense-opening-targeted-clear1,0,67,sitka-spruce,0.210303739,0.210303739,44.6646156,114.615547,65.51849,0,212,14,0,0,0,0,0,0,0,8,3600,12,0,1042791,72,13.8712378,
dense-opening-targeted-clear1,0,67,sessile-oak,0.210303739,0.210303739,0,0,0,0,0,9,0,3,0,3,0,0,0,8,3600,12,0,1042791,72,13.8712378,
dense-opening-targeted-clear1,0,67,beech,0.210303739,0.210303739,0.00773831457,0.00288986159,0,0,0,9,0,5,0,1,0,0,0,8,3600,12,0,1042791,72,13.8712378,
dense-opening-targeted-clear1,0,68,sitka-spruce,0.208959982,0.208959982,47.3871,116.322708,66.41979,0,212,14,0,0,0,0,0,0,0,8,3600,12,0,1042791,69,13.9227486,
dense-opening-targeted-clear1,0,68,sessile-oak,0.208959982,0.208959982,0,0,0,0,0,9,0,3,0,3,0,0,0,8,3600,12,0,1042791,69,13.9227486,
dense-opening-targeted-clear1,0,68,beech,0.208959982,0.208959982,0.00773831457,0.00288986159,0,0,0,9,0,5,0,1,0,0,0,8,3600,12,0,1042791,69,13.9227486,
dense-opening-targeted-clear1,0,69,sitka-spruce,0.21099031,0.21099031,47.09001,118.144859,67.376976,0,217,14,0,0,0,0,0,0,0,8,3600,12,0,1042791,68,13.9550686,
dense-opening-targeted-clear1,0,69,sessile-oak,0.21099031,0.21099031,0,0,0,0,0,9,0,3,0,3,0,0,0,8,3600,12,0,1042791,68,13.9550686,
dense-opening-targeted-clear1,0,69,beech,0.21099031,0.21099031,0.00773831457,0.00288986159,0,0,0,9,0,5,0,1,0,0,0,8,3600,12,0,1042791,68,13.9550686,
dense-opening-targeted-clear1,0,70,sitka-spruce,0.212645873,0.212645873,43.42592,119.808578,68.10133,0,224,14,0,0,0,0,0,0,0,8,3600,12,0,1042791,68,13.8288746,
dense-opening-targeted-clear1,0,70,sessile-oak,0.212645873,0.212645873,0,0,0,0,0,9,0,3,0,3,0,0,0,8,3600,12,0,1042791,68,13.8288746,
dense-opening-targeted-clear1,0,70,beech,0.212645873,0.212645873,0.00773831457,0.00288986159,0,0,0,9,0,5,0,1,0,0,0,8,3600,12,0,1042791,68,13.8288746,
dense-opening-targeted-clear1,0,71,sitka-spruce,0.210791335,0.210791335,43.7581177,121.330406,69.0294,0,229,14,0,0,0,0,0,0,0,8,3600,12,0,1042791,70,13.9196777,
dense-opening-targeted-clear1,0,71,sessile-oak,0.210791335,0.210791335,0,0,0,0,0,9,0,3,0,3,0,0,0,8,3600,12,0,1042791,70,13.9196777,
dense-opening-targeted-clear1,0,71,beech,0.210791335,0.210791335,0.00773831457,0.00288986159,0,0,0,9,0,5,0,1,0,0,0,8,3600,12,0,1042791,70,13.9196777,
dense-opening-targeted-clear1,0,72,sitka-spruce,0.2124919,0.2124919,45.3484955,122.831261,70.166275,0,233,14,0,0,0,0,0,0,0,8,3600,12,0,1042791,62,13.7587423,
dense-opening-targeted-clear1,0,72,sessile-oak,0.2124919,0.2124919,0,0,0,0,0,9,0,3,0,3,0,0,0,8,3600,12,0,1042791,62,13.7587423,
dense-opening-targeted-clear1,0,72,beech,0.2124919,0.2124919,0.00773831457,0.00288986159,0,0,0,9,0,5,0,1,0,0,0,8,3600,12,0,1042791,62,13.7587423,
dense-opening-targeted-clear1,0,73,sitka-spruce,0.2138402,0.2138402,47.4412956,124.551727,71.2869949,0,235,14,0,0,0,0,0,0,0,8,3600,12,0,1042791,59,13.7807178,
dense-opening-targeted-clear1,0,73,sessile-oak,0.2138402,0.2138402,0,0,0,0,0,9,0,3,0,3,0,0,0,8,3600,12,0,1042791,59,13.7807178,
dense-opening-targeted-clear1,0,73,beech,0.2138402,0.2138402,0.00773831457,0.00288986159,0,0,0,9,0,5,0,1,0,0,0,8,3600,12,0,1042791,59,13.7807178,
dense-opening-targeted-clear1,0,74,sitka-spruce,0.21456635,0.21456635,48.70505,126.418091,72.5506058,0,239,14,0,0,0,0,0,0,0,8,3600,12,0,1042791,60,13.8358688,
dense-opening-targeted-clear1,0,74,sessile-oak,0.21456635,0.21456635,0,0,0,0,0,9,0,3,0,3,0,0,0,8,3600,12,0,1042791,60,13.8358688,
dense-opening-targeted-clear1,0,74,beech,0.21456635,0.21456635,0.00773831457,0.00288986159,0,0,0,9,0,5,0,1,0,0,0,8,3600,12,0,1042791,60,13.8358688,
dense-opening-targeted-clear1,0,75,sitka-spruce,0.2140174,0.2140174,50.1294632,128.30632,73.736145,0,241,14,0,0,0,0,0,0,0,8,3600,12,0,1042791,57,13.8347731,
dense-opening-targeted-clear1,0,75,sessile-oak,0.2140174,0.2140174,0,0,0,0,0,9,0,3,0,3,0,0,0,8,3600,12,0,1042791,57,13.8347731,
dense-opening-targeted-clear1,0,75,beech,0.2140174,0.2140174,0.00773831457,0.00288986159,0,0,0,9,0,5,0,1,0,0,0,8,3600,12,0,1042791,57,13.8347731,
dense-opening-targeted-clear1,0,76,sitka-spruce,0.213190526,0.213190526,50.72766,130.215408,74.695816,0,242,14,0,0,0,0,0,0,0,8,3600,12,0,1042791,55,13.8915663,
dense-opening-targeted-clear1,0,76,sessile-oak,0.213190526,0.213190526,0,0,0,0,0,9,0,3,0,3,0,0,0,8,3600,12,0,1042791,55,13.8915663,
dense-opening-targeted-clear1,0,76,beech,0.213190526,0.213190526,0.00773831457,0.00288986159,0,0,0,9,0,5,0,1,0,0,0,8,3600,12,0,1042791,55,13.8915663,
dense-opening-targeted-clear1,0,77,sitka-spruce,0.2120389,0.2120389,47.2794456,131.98,75.55561,0,250,14,0,0,0,0,0,0,0,8,3600,12,0,1042791,61,13.8995256,
dense-opening-targeted-clear1,0,77,sessile-oak,0.2120389,0.2120389,0,0,0,0,0,9,0,3,0,3,0,0,0,8,3600,12,0,1042791,61,13.8995256,
dense-opening-targeted-clear1,0,77,beech,0.2120389,0.2120389,0.00773831457,0.00288986159,0,0,0,9,0,5,0,1,0,0,0,8,3600,12,0,1042791,61,13.8995256,
dense-opening-targeted-clear1,0,78,sitka-spruce,0.2118628,0.2118628,46.7449,133.581726,76.32686,0,255,14,0,0,0,0,0,0,0,8,3600,12,0,1042791,56,13.7417,
dense-opening-targeted-clear1,0,78,sessile-oak,0.2118628,0.2118628,0,0,0,0,0,9,0,3,0,3,0,0,0,8,3600,12,0,1042791,56,13.7417,
dense-opening-targeted-clear1,0,78,beech,0.2118628,0.2118628,0.00773831457,0.00288986159,0,0,0,9,0,5,0,1,0,0,0,8,3600,12,0,1042791,56,13.7417,
dense-opening-targeted-clear1,0,79,sitka-spruce,0.211679339,0.211679339,46.0484276,135.088837,77.33337,0,258,14,0,0,0,0,0,0,0,8,3600,12,0,1042791,53,13.6768322,
dense-opening-targeted-clear1,0,79,sessile-oak,0.211679339,0.211679339,0,0,0,0,0,9,0,3,0,3,0,0,0,8,3600,12,0,1042791,53,13.6768322,
dense-opening-targeted-clear1,0,79,beech,0.211679339,0.211679339,0.00773831457,0.00288986159,0,0,0,9,0,5,0,1,0,0,0,8,3600,12,0,1042791,53,13.6768322,
dense-opening-targeted-clear1,0,80,sitka-spruce,0.211405143,0.211405143,47.6011276,136.56926,78.530014,0,262,14,0,0,0,0,0,0,0,8,3600,12,0,1042791,53,13.6938658,
dense-opening-targeted-clear1,0,80,sessile-oak,0.211405143,0.211405143,0,0,0,0,0,9,0,3,0,3,0,0,0,8,3600,12,0,1042791,53,13.6938658,
dense-opening-targeted-clear1,0,80,beech,0.211405143,0.211405143,0.00773831457,0.00288986159,0,0,0,9,0,5,0,1,0,0,0,8,3600,12,0,1042791,53,13.6938658,
dense-opening-targeted-clear1,0,81,sitka-spruce,0.210965365,0.210965365,46.3571739,138.176849,79.7960358,0,266,14,0,0,0,0,0,0,0,8,3600,12,0,1042791,52,13.6602936,
dense-opening-targeted-clear1,0,81,sessile-oak,0.210965365,0.210965365,0,0,0,0,0,9,0,3,0,3,0,0,0,8,3600,12,0,1042791,52,13.6602936,
dense-opening-targeted-clear1,0,81,beech,0.210965365,0.210965365,0.00773831457,0.00288986159,0,0,0,9,0,5,0,1,0,0,0,8,3600,12,0,1042791,52,13.6602936,
dense-opening-targeted-clear1,0,82,sitka-spruce,0.2114541,0.2114541,47.90615,139.73703,80.89177,0,268,14,0,0,0,0,0,0,0,8,3600,12,0,1042791,49,13.7223816,
dense-opening-targeted-clear1,0,82,sessile-oak,0.2114541,0.2114541,0,0,0,0,0,9,0,3,0,3,0,0,0,8,3600,12,0,1042791,49,13.7223816,
dense-opening-targeted-clear1,0,82,beech,0.2114541,0.2114541,0.00773831457,0.00288986159,0,0,0,9,0,5,0,1,0,0,0,8,3600,12,0,1042791,49,13.7223816,
dense-opening-targeted-clear1,0,83,sitka-spruce,0.21192123,0.21192123,49.5614853,141.354385,81.95465,0,270,14,0,0,0,0,0,0,0,8,3600,12,0,1042791,48,13.6341009,
dense-opening-targeted-clear1,0,83,sessile-oak,0.21192123,0.21192123,0,0,0,0,0,9,0,3,0,3,0,0,0,8,3600,12,0,1042791,48,13.6341009,
dense-opening-targeted-clear1,0,83,beech,0.21192123,0.21192123,0.00773831457,0.00288986159,0,0,0,9,0,5,0,1,0,0,0,8,3600,12,0,1042791,48,13.6341009,
dense-opening-targeted-clear1,0,84,sitka-spruce,0.2106002,0.2106002,48.07738,142.98642,83.0132141,0,273,14,0,0,0,0,0,0,0,8,3600,12,0,1042791,51,13.8753834,
dense-opening-targeted-clear1,0,84,sessile-oak,0.2106002,0.2106002,0,0,0,0,0,9,0,3,0,3,0,0,0,8,3600,12,0,1042791,51,13.8753834,
dense-opening-targeted-clear1,0,84,beech,0.2106002,0.2106002,0.00773831457,0.00288986159,0,0,0,9,0,5,0,1,0,0,0,8,3600,12,0,1042791,51,13.8753834,
dense-opening-targeted-clear1,0,85,sitka-spruce,0.2103869,0.2103869,47.467392,144.451538,84.02075,0,279,14,0,0,0,0,0,0,0,8,3600,12,0,1042791,51,13.7965879,
dense-opening-targeted-clear1,0,85,sessile-oak,0.2103869,0.2103869,0,0,0,0,0,9,0,3,0,3,0,0,0,8,3600,12,0,1042791,51,13.7965879,
dense-opening-targeted-clear1,0,85,beech,0.2103869,0.2103869,0.00773831457,0.00288986159,0,0,0,9,0,5,0,1,0,0,0,8,3600,12,0,1042791,51,13.7965879,
dense-opening-targeted-clear1,0,86,sitka-spruce,0.213343456,0.213343456,48.5758743,145.988159,85.25135,0,284,14,0,0,0,0,0,0,0,8,3600,12,0,1042791,48,13.6098785,
dense-opening-targeted-clear1,0,86,sessile-oak,0.213343456,0.213343456,0,0,0,0,0,9,0,3,0,3,0,0,0,8,3600,12,0,1042791,48,13.6098785,
dense-opening-targeted-clear1,0,86,beech,0.213343456,0.213343456,0.00773831457,0.00288986159,0,0,0,9,0,5,0,1,0,0,0,8,3600,12,0,1042791,48,13.6098785,
dense-opening-targeted-clear1,0,87,sitka-spruce,0.213193864,0.213193864,46.9401474,147.648422,86.7949142,0,291,14,0,0,0,0,0,0,0,8,3600,12,0,1042791,53,13.8422022,
dense-opening-targeted-clear1,0,87,sessile-oak,0.213193864,0.213193864,0,0,0,0,0,9,0,3,0,3,0,0,0,8,3600,12,0,1042791,53,13.8422022,
dense-opening-targeted-clear1,0,87,beech,0.213193864,0.213193864,0.00773831457,0.00288986159,0,0,0,9,0,5,0,1,0,0,0,8,3600,12,0,1042791,53,13.8422022,
dense-opening-targeted-clear1,0,88,sitka-spruce,0.2138033,0.2138033,44.8773232,149.312012,88.74298,0,294,14,0,0,0,0,0,0,0,8,3600,12,0,1042791,45,13.725317,
dense-opening-targeted-clear1,0,88,sessile-oak,0.2138033,0.2138033,0,0,0,0,0,9,0,3,0,3,0,0,0,8,3600,12,0,1042791,45,13.725317,
dense-opening-targeted-clear1,0,88,beech,0.2138033,0.2138033,0.00773831457,0.00288986159,0,0,0,9,0,5,0,1,0,0,0,8,3600,12,0,1042791,45,13.725317,
dense-opening-targeted-clear1,0,89,sitka-spruce,0.2149414,0.2149414,46.4677773,150.876846,90.28775,0,296,14,0,0,0,0,0,0,0,8,3600,12,0,1042791,45,13.6331472,
dense-opening-targeted-clear1,0,89,sessile-oak,0.2149414,0.2149414,0,0,0,0,0,9,0,3,0,3,0,0,0,8,3600,12,0,1042791,45,13.6331472,
dense-opening-targeted-clear1,0,89,beech,0.2149414,0.2149414,0.00773831457,0.00288986159,0,0,0,9,0,5,0,1,0,0,0,8,3600,12,0,1042791,45,13.6331472,
dense-opening-targeted-clear1,0,90,sitka-spruce,0.217465565,0.217465565,49.0512352,152.581329,91.4825439,0,298,14,0,0,0,0,0,0,0,8,3600,12,0,1042791,42,13.498086,
dense-opening-targeted-clear1,0,90,sessile-oak,0.217465565,0.217465565,0,0,0,0,0,9,0,3,0,3,0,0,0,8,3600,12,0,1042791,42,13.498086,
dense-opening-targeted-clear1,0,90,beech,0.217465565,0.217465565,0.00773831457,0.00288986159,0,0,0,9,0,5,0,1,0,0,0,8,3600,12,0,1042791,42,13.498086,
dense-opening-targeted-clear1,0,91,sitka-spruce,0.218145326,0.218145326,48.999157,154.429428,92.66422,0,305,14,0,0,0,0,0,0,0,8,3600,12,0,1042791,47,13.7160187,
dense-opening-targeted-clear1,0,91,sessile-oak,0.218145326,0.218145326,0,0,0,0,0,9,0,3,0,3,0,0,0,8,3600,12,0,1042791,47,13.7160187,
dense-opening-targeted-clear1,0,91,beech,0.218145326,0.218145326,0.00773831457,0.00288986159,0,0,0,9,0,5,0,1,0,0,0,8,3600,12,0,1042791,47,13.7160187,
dense-opening-targeted-clear1,0,92,sitka-spruce,0.220017925,0.220017925,49.1990547,156.34523,93.73291,0,309,14,0,0,0,0,0,0,0,8,3600,12,0,1042791,43,13.5787058,
dense-opening-targeted-clear1,0,92,sessile-oak,0.220017925,0.220017925,0,0,0,0,0,9,0,3,0,3,0,0,0,8,3600,12,0,1042791,43,13.5787058,
dense-opening-targeted-clear1,0,92,beech,0.220017925,0.220017925,0.00773831457,0.00288986159,0,0,0,9,0,5,0,1,0,0,0,8,3600,12,0,1042791,43,13.5787058,
dense-opening-targeted-clear1,0,93,sitka-spruce,0.219348371,0.219348371,47.42476,158.290863,95.12692,0,314,14,0,0,0,0,0,0,0,8,3600,12,0,1042791,46,13.7882156,
dense-opening-targeted-clear1,0,93,sessile-oak,0.219348371,0.219348371,0,0,0,0,0,9,0,3,0,3,0,0,0,8,3600,12,0,1042791,46,13.7882156,
dense-opening-targeted-clear1,0,93,beech,0.219348371,0.219348371,0.00773831457,0.00288986159,0,0,0,9,0,5,0,1,0,0,0,8,3600,12,0,1042791,46,13.7882156,
dense-opening-targeted-clear1,0,94,sitka-spruce,0.219979882,0.219979882,47.0098534,160.10408,96.12983,0,319,14,0,0,0,0,0,0,0,8,3600,12,0,1042791,43,13.6323395,
dense-opening-targeted-clear1,0,94,sessile-oak,0.219979882,0.219979882,0,0,0,0,0,9,0,3,0,3,0,0,0,8,3600,12,0,1042791,43,13.6323395,
dense-opening-targeted-clear1,0,94,beech,0.219979882,0.219979882,0.00773831457,0.00288986159,0,0,0,9,0,5,0,1,0,0,0,8,3600,12,0,1042791,43,13.6323395,
dense-opening-targeted-clear1,0,95,sitka-spruce,0.221895233,0.221895233,48.802845,161.831451,96.7694,0,319,14,0,0,0,0,0,0,0,8,3600,12,0,1042791,37,13.4688807,
dense-opening-targeted-clear1,0,95,sessile-oak,0.221895233,0.221895233,0,0,0,0,0,9,0,3,0,3,0,0,0,8,3600,12,0,1042791,37,13.4688807,
dense-opening-targeted-clear1,0,95,beech,0.221895233,0.221895233,0.00773831457,0.00288986159,0,0,0,9,0,5,0,1,0,0,0,8,3600,12,0,1042791,37,13.4688807,
dense-opening-targeted-clear1,0,96,sitka-spruce,0.234043166,0.234043166,53.4631577,163.5679,97.4774551,0,323,14,0,0,0,0,0,0,0,8,3600,12,0,1042791,36,11.866909,
dense-opening-targeted-clear1,0,96,sessile-oak,0.234043166,0.234043166,0,0,0,0,0,9,0,3,0,3,0,0,0,8,3600,12,0,1042791,36,11.866909,
dense-opening-targeted-clear1,0,96,beech,0.234043166,0.234043166,0.00773831457,0.00288986159,0,0,0,9,0,5,0,1,0,0,0,8,3600,12,0,1042791,36,11.866909,
dense-opening-targeted-clear1,0,97,sitka-spruce,0.239439011,0.239439011,53.336834,165.6616,98.15851,0,327,14,0,0,0,0,0,0,0,8,3600,12,0,1042791,39,12.0430288,
dense-opening-targeted-clear1,0,97,sessile-oak,0.239439011,0.239439011,0,0,0,0,0,9,0,3,0,3,0,0,0,8,3600,12,0,1042791,39,12.0430288,
dense-opening-targeted-clear1,0,97,beech,0.239439011,0.239439011,0.00773831457,0.00288986159,0,0,0,9,0,5,0,1,0,0,0,8,3600,12,0,1042791,39,12.0430288,
dense-opening-targeted-clear1,0,98,sitka-spruce,0.241176158,0.241176158,51.9448128,167.587921,98.92248,0,335,14,0,0,0,0,0,0,0,8,3600,12,0,1042791,45,12.2266779,
dense-opening-targeted-clear1,0,98,sessile-oak,0.241176158,0.241176158,0,0,0,0,0,9,0,3,0,3,0,0,0,8,3600,12,0,1042791,45,12.2266779,
dense-opening-targeted-clear1,0,98,beech,0.241176158,0.241176158,0.00773831457,0.00288986159,0,0,0,9,0,5,0,1,0,0,0,8,3600,12,0,1042791,45,12.2266779,
dense-opening-targeted-clear1,0,99,sitka-spruce,0.239356667,0.239356667,54.7848473,169.290756,99.4307556,0,341,14,0,0,0,0,0,0,0,8,3600,12,0,1042791,48,12.4047394,
dense-opening-targeted-clear1,0,99,sessile-oak,0.239356667,0.239356667,0,0,0,0,0,9,0,3,0,3,0,0,0,8,3600,12,0,1042791,48,12.4047394,
dense-opening-targeted-clear1,0,99,beech,0.239356667,0.239356667,0.00773831457,0.00288986159,0,0,0,9,0,5,0,1,0,0,0,8,3600,12,0,1042791,48,12.4047394,
dense-opening-targeted-clear1,0,100,sitka-spruce,0.235647574,0.235647574,55.8136,171.192276,99.9438858,0,344,14,0,0,0,0,0,0,0,8,3600,12,0,1042791,49,12.5785875,EF5919C3D2200F0C
dense-opening-targeted-clear1,0,100,sessile-oak,0.235647574,0.235647574,0,0,0,0,0,9,0,3,0,3,0,0,0,8,3600,12,0,1042791,49,12.5785875,EF5919C3D2200F0C
dense-opening-targeted-clear1,0,100,beech,0.235647574,0.235647574,0.00773831457,0.00288986159,0,0,0,9,0,5,0,1,0,0,0,8,3600,12,0,1042791,49,12.5785875,EF5919C3D2200F0C
zero-competition-targeted-clear0,0,1,sitka-spruce,0,0,1.75488853,0,0,0,0,-1,0,0,0,0,0,0,0,0,0,12,0,1014083,202,4.153479,
zero-competition-targeted-clear0,0,1,sessile-oak,0,0,0,0,0,0,0,-1,4,0,0,2,0,0,0,0,0,12,0,1014083,202,4.153479,
zero-competition-targeted-clear0,0,1,beech,0,0,0,0,0,0,0,-1,6,0,0,0,0,0,0,0,0,12,0,1014083,202,4.153479,
zero-competition-targeted-clear0,0,2,sitka-spruce,0,0,3.15620685,0,0.0248845555,0,0,-1,0,0,0,0,0,0,0,0,0,12,0,1014083,202,4.415285,
zero-competition-targeted-clear0,0,2,sessile-oak,0,0,0,0,0,0,0,-1,2,0,0,4,0,0,0,0,0,12,0,1014083,202,4.415285,
zero-competition-targeted-clear0,0,2,beech,0,0,0,0,0,0,0,-1,5,0,0,1,0,0,0,0,0,12,0,1014083,202,4.415285,
zero-competition-targeted-clear0,0,3,sitka-spruce,0,0,6.93834,0,0.06684083,0,0,-1,0,0,0,0,0,0,0,0,0,12,0,1014083,202,4.68407249,
zero-competition-targeted-clear0,0,3,sessile-oak,0,0,0,0,0,0,0,-1,2,0,0,4,0,0,0,0,0,12,0,1014083,202,4.68407249,
zero-competition-targeted-clear0,0,3,beech,0,0,0,0,0,0,0,-1,5,0,0,1,0,0,0,0,0,12,0,1014083,202,4.68407249,
zero-competition-targeted-clear0,0,4,sitka-spruce,0,0,9.232856,0,0.164413124,0,0,-1,0,0,0,0,0,0,0,0,0,12,0,1014083,202,4.959723,
zero-competition-targeted-clear0,0,4,sessile-oak,0,0,0,0,0,0,0,-1,2,0,0,4,0,0,0,0,0,12,0,1014083,202,4.959723,
zero-competition-targeted-clear0,0,4,beech,0,0,0,0,0,0,0,-1,5,0,0,1,0,0,0,0,0,12,0,1014083,202,4.959723,
zero-competition-targeted-clear0,0,5,sitka-spruce,0,0,11.9054136,0,0.2735933,0,0,-1,0,0,0,0,0,0,0,0,0,12,0,1014083,202,5.24211836,
zero-competition-targeted-clear0,0,5,sessile-oak,0,0,0,0,0,0,0,-1,2,0,0,4,0,0,0,0,0,12,0,1014083,202,5.24211836,
zero-competition-targeted-clear0,0,5,beech,0,0,0,0,0,0,0,-1,5,0,0,1,0,0,0,0,0,12,0,1014083,202,5.24211836,
zero-competition-targeted-clear0,0,6,sitka-spruce,0,0,17.06414,0,0.4117139,0,0,-1,0,0,0,0,0,0,0,0,0,12,0,1014083,202,5.531142,
zero-competition-targeted-clear0,0,6,sessile-oak,0,0,0,0,0,0,0,-1,2,0,0,4,0,0,0,0,0,12,0,1014083,202,5.531142,
zero-competition-targeted-clear0,0,6,beech,0,0,0,0,0,0,0,-1,4,0,0,2,0,0,0,0,0,12,0,1014083,202,5.531142,
zero-competition-targeted-clear0,0,7,sitka-spruce,0,0,22.34552,0,0.6112487,0,0,-1,0,0,0,0,0,0,0,0,0,12,0,1014083,202,5.82667828,
zero-competition-targeted-clear0,0,7,sessile-oak,0,0,0,0,0,0,0,-1,2,0,0,4,0,0,0,0,0,12,0,1014083,202,5.82667828,
zero-competition-targeted-clear0,0,7,beech,0,0,0,0,0,0,0,-1,4,0,0,2,0,0,0,0,0,12,0,1014083,202,5.82667828,
zero-competition-targeted-clear0,0,8,sitka-spruce,0,0,26.7788334,0,0.8652065,0,0,-1,0,0,0,0,0,0,0,0,0,12,0,1014083,202,6.128613,
zero-competition-targeted-clear0,0,8,sessile-oak,0,0,0,0,0,0,0,-1,2,0,0,4,0,0,0,0,0,12,0,1014083,202,6.128613,
zero-competition-targeted-clear0,0,8,beech,0,0,0,0,0,0,0,-1,4,0,0,2,0,0,0,0,0,12,0,1014083,202,6.128613,
zero-competition-targeted-clear0,0,9,sitka-spruce,0,0,28.4373245,0,1.16133094,0,0,-1,0,0,0,0,0,0,0,0,0,12,0,1014083,205,6.44427347,
zero-competition-targeted-clear0,0,9,sessile-oak,0,0,0,0,0,0,0,9,0,2,0,4,0,0,0,0,0,12,0,1014083,205,6.44427347,
zero-competition-targeted-clear0,0,9,beech,0,0,0,0,0,0,0,9,3,1,0,2,0,0,0,0,0,12,0,1014083,205,6.44427347,
zero-competition-targeted-clear0,0,10,sitka-spruce,0,0,29.8670788,0,1.41626191,0,0,-1,0,0,0,0,0,0,0,0,0,12,0,1014083,205,6.75897,3590C579E3F3E012
zero-competition-targeted-clear0,0,10,sessile-oak,0,0,0,0,0,0,0,9,0,2,0,4,0,0,0,0,0,12,0,1014083,205,6.75897,3590C579E3F3E012
zero-competition-targeted-clear0,0,10,beech,0,0,0,0,0,0,0,9,3,1,0,2,0,0,0,0,0,12,0,1014083,205,6.75897,3590C579E3F3E012
zero-competition-targeted-clear0,0,11,sitka-spruce,0,0,31.279007,0,1.65944934,0,0,-1,0,0,0,0,0,0,0,0,0,12,0,1014083,205,7.079736,
zero-competition-targeted-clear0,0,11,sessile-oak,0,0,0,0,0,0,0,9,0,2,0,4,0,0,0,0,0,12,0,1014083,205,7.079736,
zero-competition-targeted-clear0,0,11,beech,0,0,0,0,0,0,0,9,3,1,0,2,0,0,0,0,0,12,0,1014083,205,7.079736,
zero-competition-targeted-clear0,0,12,sitka-spruce,0,0,32.7763939,0,1.91928291,0,0,-1,0,0,0,0,0,0,0,0,0,12,0,1014083,206,7.408825,
zero-competition-targeted-clear0,0,12,sessile-oak,0,0,0,0,0,0,0,9,0,2,0,4,0,0,0,0,0,12,0,1014083,206,7.408825,
zero-competition-targeted-clear0,0,12,beech,0,0,0,0,0,0,0,9,2,2,0,2,0,0,0,0,0,12,0,1014083,206,7.408825,
zero-competition-targeted-clear0,0,13,sitka-spruce,0,0,33.10804,0,2.22350216,0,4,13,0,0,0,0,0,0,0,0,0,12,0,1014083,210,7.750575,
zero-competition-targeted-clear0,0,13,sessile-oak,0,0,0,0,0,0,0,9,0,2,0,4,0,0,0,0,0,12,0,1014083,210,7.750575,
zero-competition-targeted-clear0,0,13,beech,0,0,0,0,0,0,0,9,2,2,0,2,0,0,0,0,0,12,0,1014083,210,7.750575,
zero-competition-targeted-clear0,0,14,sitka-spruce,0,0,33.45303,0,2.67407036,0,9,13,0,0,0,0,0,0,0,0,0,12,0,1014083,216,8.103348,
zero-competition-targeted-clear0,0,14,sessile-oak,0,0,0,0,0,0,0,9,0,2,0,4,0,0,0,0,0,12,0,1014083,216,8.103348,
zero-competition-targeted-clear0,0,14,beech,0,0,0,0,0,0,0,9,1,3,0,2,0,0,0,0,0,12,0,1014083,216,8.103348,
zero-competition-targeted-clear0,0,15,sitka-spruce,0,0,33.6754951,0,3.18429184,0,14,13,0,0,0,0,0,0,0,0,0,12,0,1014083,221,8.461163,
zero-competition-targeted-clear0,0,15,sessile-oak,0,0,0,0,0,0,0,9,0,2,0,4,0,0,0,0,0,12,0,1014083,221,8.461163,
zero-competition-targeted-clear0,0,15,beech,0,0,0,0,0,0,0,9,1,3,0,2,0,0,0,0,0,12,0,1014083,221,8.461163,
zero-competition-targeted-clear0,0,16,sitka-spruce,0,0,32.5770531,0,3.72490549,0,20,13,0,0,0,0,0,0,0,0,0,12,0,1014083,228,8.830526,
zero-competition-targeted-clear0,0,16,sessile-oak,0,0,0,0,0,0,0,9,0,2,0,4,0,0,0,0,0,12,0,1014083,228,8.830526,
zero-competition-targeted-clear0,0,16,beech,0,0,0,0,0,0,0,9,0,4,0,2,0,0,0,0,0,12,0,1014083,228,8.830526,
zero-competition-targeted-clear0,0,17,sitka-spruce,0,0,33.98682,0,4.452823,0,22,13,0,0,0,0,0,0,0,0,0,12,0,1014083,230,9.194097,
zero-competition-targeted-clear0,0,17,sessile-oak,0,0,0,0,0,0,0,9,0,2,0,4,0,0,0,0,0,12,0,1014083,230,9.194097,
zero-competition-targeted-clear0,0,17,beech,0,0,0,0,0,0,0,9,0,4,0,2,0,0,0,0,0,12,0,1014083,230,9.194097,
zero-competition-targeted-clear0,0,18,sitka-spruce,0,0,32.5123,0,5.37398863,0,26,13,0,0,0,0,0,0,0,0,0,12,0,1014083,233,9.535557,
zero-competition-targeted-clear0,0,18,sessile-oak,0,0,0,0,0,0,0,9,0,2,0,4,0,0,0,0,0,12,0,1014083,233,9.535557,
zero-competition-targeted-clear0,0,18,beech,0,0,0,0,0,0,0,9,0,4,0,2,0,0,0,0,0,12,0,1014083,233,9.535557,
zero-competition-targeted-clear0,0,19,sitka-spruce,0,0,29.9435158,0,6.270378,0,31,13,0,0,0,0,0,0,0,0,0,12,0,1014083,238,9.919115,
zero-competition-targeted-clear0,0,19,sessile-oak,0,0,0,0,0,0,0,9,0,2,0,4,0,0,0,0,0,12,0,1014083,238,9.919115,
zero-competition-targeted-clear0,0,19,beech,0,0,0,0,0,0,0,9,0,4,0,2,0,0,0,0,0,12,0,1014083,238,9.919115,
zero-competition-targeted-clear0,0,20,sitka-spruce,0,0,30.10933,0,7.09511662,0,34,13,0,0,0,0,0,0,0,0,0,12,0,1014083,240,10.2482185,
zero-competition-targeted-clear0,0,20,sessile-oak,0,0,0,0,0,0,0,9,0,2,0,4,0,0,0,0,0,12,0,1014083,240,10.2482185,
zero-competition-targeted-clear0,0,20,beech,0,0,0,0,0,0,0,9,0,4,0,2,0,0,0,0,0,12,0,1014083,240,10.2482185,
zero-competition-targeted-clear0,0,21,sitka-spruce,0,0,31.65456,0,7.861313,0,39,13,0,0,0,0,0,0,0,0,0,12,0,1014083,245,10.6429663,
zero-competition-targeted-clear0,0,21,sessile-oak,0,0,0,0,0,0,0,9,0,2,0,4,0,0,0,0,0,12,0,1014083,245,10.6429663,
zero-competition-targeted-clear0,0,21,beech,0,0,0,0,0,0,0,9,0,4,0,2,0,0,0,0,0,12,0,1014083,245,10.6429663,
zero-competition-targeted-clear0,0,22,sitka-spruce,0,0,33.34339,0,8.624822,0,40,13,0,0,0,0,0,0,0,0,0,12,0,1014083,244,10.9607162,
zero-competition-targeted-clear0,0,22,sessile-oak,0,0,0,0,0,0,0,9,0,2,0,4,0,0,0,0,0,12,0,1014083,244,10.9607162,
zero-competition-targeted-clear0,0,22,beech,0,0,0,0,0,0,0,9,0,4,0,2,0,0,0,0,0,12,0,1014083,244,10.9607162,
zero-competition-targeted-clear0,0,23,sitka-spruce,0,0,33.1293335,0,9.9316,0,42,13,0,0,0,0,0,0,0,0,0,12,0,1014083,243,11.2574911,
zero-competition-targeted-clear0,0,23,sessile-oak,0,0,0,0,0,0,0,9,0,2,0,4,0,0,0,0,0,12,0,1014083,243,11.2574911,
zero-competition-targeted-clear0,0,23,beech,0,0,0,0,0,0,0,9,0,4,0,2,0,0,0,0,0,12,0,1014083,243,11.2574911,
zero-competition-targeted-clear0,0,24,sitka-spruce,0,0,32.6161652,0,11.1246758,0,44,13,0,0,0,0,0,0,0,0,0,12,0,1014083,240,11.4986677,
zero-competition-targeted-clear0,0,24,sessile-oak,0,0,0,0,0,0,0,9,0,2,0,4,0,0,0,0,0,12,0,1014083,240,11.4986677,
zero-competition-targeted-clear0,0,24,beech,0,0,0,0,0,0,0,9,0,4,0,2,0,0,0,0,0,12,0,1014083,240,11.4986677,
zero-competition-targeted-clear0,0,25,sitka-spruce,0,0,33.02365,0,12.7130947,0,45,13,0,0,0,0,0,0,0,0,0,12,0,1014083,236,11.7337275,34C557230FE9C554
zero-competition-targeted-clear0,0,25,sessile-oak,0,0,0,0,0,0,0,9,0,2,0,4,0,0,0,0,0,12,0,1014083,236,11.7337275,34C557230FE9C554
zero-competition-targeted-clear0,0,25,beech,0,0,0,0,0,0,0,9,0,4,0,2,0,0,0,0,0,12,0,1014083,236,11.7337275,34C557230FE9C554
zero-competition-targeted-clear0,0,26,sitka-spruce,0,0,32.76936,0,15.0287342,0,47,13,0,0,0,0,0,0,0,0,0,12,0,1014083,234,12.0463047,
zero-competition-targeted-clear0,0,26,sessile-oak,0,0,0,0,0,0,0,9,0,2,0,4,0,0,0,0,0,12,0,1014083,234,12.0463047,
zero-competition-targeted-clear0,0,26,beech,0,0,0,0,0,0,0,9,0,4,0,2,0,0,0,0,0,12,0,1014083,234,12.0463047,
zero-competition-targeted-clear0,0,27,sitka-spruce,0,0,31.8662643,0,17.0825,0,48,13,0,0,0,0,0,0,0,0,0,12,0,1014083,229,12.1236906,
zero-competition-targeted-clear0,0,27,sessile-oak,0,0,0,0,0,0,0,9,0,2,0,4,0,0,0,0,0,12,0,1014083,229,12.1236906,
zero-competition-targeted-clear0,0,27,beech,0,0,0,0,0,0,0,9,0,4,0,2,0,0,0,0,0,12,0,1014083,229,12.1236906,
zero-competition-targeted-clear0,0,28,sitka-spruce,0,0,31.2829571,0,19.13216,0,49,13,0,0,0,0,0,0,0,0,0,12,0,1014083,225,12.3721685,
zero-competition-targeted-clear0,0,28,sessile-oak,0,0,0,0,0,0,0,9,0,2,0,4,0,0,0,0,0,12,0,1014083,225,12.3721685,
zero-competition-targeted-clear0,0,28,beech,0,0,0,0,0,0,0,9,0,4,0,2,0,0,0,0,0,12,0,1014083,225,12.3721685,
zero-competition-targeted-clear0,0,29,sitka-spruce,0,0,31.1636333,0,20.7918453,0,51,13,0,0,0,0,0,0,0,0,0,12,0,1014083,217,12.4622183,
zero-competition-targeted-clear0,0,29,sessile-oak,0,0,0,0,0,0,0,9,0,2,0,4,0,0,0,0,0,12,0,1014083,217,12.4622183,
zero-competition-targeted-clear0,0,29,beech,0,0,0,0,0,0,0,9,0,4,0,2,0,0,0,0,0,12,0,1014083,217,12.4622183,
zero-competition-targeted-clear0,0,30,sitka-spruce,0,0,30.4021912,0,22.685791,0,54,13,0,0,0,0,0,0,0,0,0,12,0,1014083,212,12.6568441,
zero-competition-targeted-clear0,0,30,sessile-oak,0,0,0,0,0,0,0,9,0,2,0,4,0,0,0,0,0,12,0,1014083,212,12.6568441,
zero-competition-targeted-clear0,0,30,beech,0,0,0,0,0,0,0,9,0,4,0,2,0,0,0,0,0,12,0,1014083,212,12.6568441,
zero-competition-targeted-clear0,0,31,sitka-spruce,0,0,30.2460556,0,24.4510727,0,56,13,0,0,0,0,0,0,0,0,0,12,0,1014083,209,12.8200455,
zero-competition-targeted-clear0,0,31,sessile-oak,0,0,0,0,0,0,0,9,0,2,0,4,0,0,0,0,0,12,0,1014083,209,12.8200455,
zero-competition-targeted-clear0,0,31,beech,0,0,0,0,0,0,0,9,0,4,0,2,0,0,0,0,0,12,0,1014083,209,12.8200455,
zero-competition-targeted-clear0,0,32,sitka-spruce,0,0,30.8064232,0,26.1207333,0,57,13,0,0,0,0,0,0,0,0,0,12,0,1014083,200,13.0592747,
zero-competition-targeted-clear0,0,32,sessile-oak,0,0,0,0,0,0,0,9,0,2,0,4,0,0,0,0,0,12,0,1014083,200,13.0592747,
zero-competition-targeted-clear0,0,32,beech,0,0,0,0,0,0,0,9,0,4,0,2,0,0,0,0,0,12,0,1014083,200,13.0592747,
zero-competition-targeted-clear0,0,33,sitka-spruce,0,0,30.816803,0,27.5663376,0,58,13,0,0,0,0,0,0,0,0,0,12,0,1014083,187,12.77034,
zero-competition-targeted-clear0,0,33,sessile-oak,0,0,0,0,0,0,0,9,0,2,0,4,0,0,0,0,0,12,0,1014083,187,12.77034,
zero-competition-targeted-clear0,0,33,beech,0,0,0,0,0,0,0,9,0,4,0,2,0,0,0,0,0,12,0,1014083,187,12.77034,
zero-competition-targeted-clear0,0,34,sitka-spruce,0,0,31.2803726,0,29.0713787,0,59,13,0,0,0,0,0,0,0,0,0,12,0,1014083,179,12.8730612,
zero-competition-targeted-clear0,0,34,sessile-oak,0,0,0,0,0,0,0,9,0,2,0,4,0,0,0,0,0,12,0,1014083,179,12.8730612,
zero-competition-targeted-clear0,0,34,beech,0,0,0,0,0,0,0,9,0,4,0,2,0,0,0,0,0,12,0,1014083,179,12.8730612,
zero-competition-targeted-clear0,0,35,sitka-spruce,0,0,31.5344315,0,30.2397022,0,62,13,0,0,0,0,0,0,0,0,0,12,0,1014083,177,13.0619278,
zero-competition-targeted-clear0,0,35,sessile-oak,0,0,0,0,0,0,0,9,0,2,0,4,0,0,0,0,0,12,0,1014083,177,13.0619278,
zero-competition-targeted-clear0,0,35,beech,0,0,0,0,0,0,0,9,0,4,0,2,0,0,0,0,0,12,0,1014083,177,13.0619278,
zero-competition-targeted-clear0,0,36,sitka-spruce,0,0,33.0408134,0,31.8089218,0,63,13,0,0,0,0,0,0,0,0,0,12,0,1014083,167,12.9148569,
zero-competition-targeted-clear0,0,36,sessile-oak,0,0,0,0,0,0,0,9,0,2,0,4,0,0,0,0,0,12,0,1014083,167,12.9148569,
zero-competition-targeted-clear0,0,36,beech,0,0,0,0,0,0,0,9,0,4,0,2,0,0,0,0,0,12,0,1014083,167,12.9148569,
zero-competition-targeted-clear0,0,37,sitka-spruce,0,0,33.812397,0,33.4612122,0,64,13,0,0,0,0,0,0,0,0,0,12,0,1014083,161,12.946454,
zero-competition-targeted-clear0,0,37,sessile-oak,0,0,0,0,0,0,0,9,0,2,0,4,0,0,0,0,0,12,0,1014083,161,12.946454,
zero-competition-targeted-clear0,0,37,beech,0,0,0,0,0,0,0,9,0,4,0,2,0,0,0,0,0,12,0,1014083,161,12.946454,
zero-competition-targeted-clear0,0,38,sitka-spruce,0,0,34.9615059,0,34.7315865,0,65,13,0,0,0,0,0,0,0,0,0,12,0,1014083,151,12.7017126,
zero-competition-targeted-clear0,0,38,sessile-oak,0,0,0,0,0,0,0,9,0,2,0,4,0,0,0,0,0,12,0,1014083,151,12.7017126,
zero-competition-targeted-clear0,0,38,beech,0,0,0,0,0,0,0,9,0,4,0,2,0,0,0,0,0,12,0,1014083,151,12.7017126,
zero-competition-targeted-clear0,0,39,sitka-spruce,0,0,37.71401,0,35.714325,0,67,13,0,0,0,0,0,0,0,0,0,12,0,1014083,140,12.3699474,
zero-competition-targeted-clear0,0,39,sessile-oak,0,0,0,0,0,0,0,9,0,2,0,4,0,0,0,0,0,12,0,1014083,140,12.3699474,
zero-competition-targeted-clear0,0,39,beech,0,0,0,0,0,0,0,9,0,4,0,2,0,0,0,0,0,12,0,1014083,140,12.3699474,
zero-competition-targeted-clear0,0,40,sitka-spruce,0,0,38.1141,0,36.65955,0,69,13,0,0,0,0,0,0,0,0,0,12,0,1014083,140,12.7594719,
zero-competition-targeted-clear0,0,40,sessile-oak,0,0,0,0,0,0,0,9,0,2,0,4,0,0,0,0,0,12,0,1014083,140,12.7594719,
zero-competition-targeted-clear0,0,40,beech,0,0,0,0,0,0,0,9,0,4,0,2,0,0,0,0,0,12,0,1014083,140,12.7594719,
zero-competition-targeted-clear0,0,41,sitka-spruce,0,0,41.74263,0,37.5185738,0,69,13,0,0,0,0,0,0,0,0,0,12,0,1014083,134,13.0043669,
zero-competition-targeted-clear0,0,41,sessile-oak,0,0,0,0,0,0,0,9,0,2,0,4,0,0,0,0,0,12,0,1014083,134,13.0043669,
zero-competition-targeted-clear0,0,41,beech,0,0,0,0,0,0,0,9,0,4,0,2,0,0,0,0,0,12,0,1014083,134,13.0043669,
zero-competition-targeted-clear0,0,42,sitka-spruce,0,0,43.9371529,0,38.2232475,0,72,13,0,0,0,0,0,0,0,0,0,12,0,1014083,135,13.3044453,
zero-competition-targeted-clear0,0,42,sessile-oak,0,0,0,0,0,0,0,9,0,2,0,4,0,0,0,0,0,12,0,1014083,135,13.3044453,
zero-competition-targeted-clear0,0,42,beech,0,0,0,0,0,0,0,9,0,4,0,2,0,0,0,0,0,12,0,1014083,135,13.3044453,
zero-competition-targeted-clear0,0,43,sitka-spruce,0,0,46.2711678,0,38.846756,0,74,13,0,0,0,0,0,0,0,0,0,12,0,1014083,126,12.8041573,
zero-competition-targeted-clear0,0,43,sessile-oak,0,0,0,0,0,0,0,9,0,2,0,4,0,0,0,0,0,12,0,1014083,126,12.8041573,
zero-competition-targeted-clear0,0,43,beech,0,0,0,0,0,0,0,9,0,4,0,2,0,0,0,0,0,12,0,1014083,126,12.8041573,
zero-competition-targeted-clear0,0,44,sitka-spruce,0,0,44.6606636,0,39.99613,0,82,13,0,0,0,0,0,0,0,0,0,12,0,1014083,131,12.8834009,
zero-competition-targeted-clear0,0,44,sessile-oak,0,0,0,0,0,0,0,9,0,2,0,4,0,0,0,0,0,12,0,1014083,131,12.8834009,
zero-competition-targeted-clear0,0,44,beech,0,0,0,0,0,0,0,9,0,4,0,2,0,0,0,0,0,12,0,1014083,131,12.8834009,
zero-competition-targeted-clear0,0,45,sitka-spruce,0,0,46.33875,0,41.11759,0,85,13,0,0,0,0,0,0,0,0,0,12,0,1014083,128,13.0302553,
zero-competition-targeted-clear0,0,45,sessile-oak,0,0,0,0,0,0,0,9,0,2,0,4,0,0,0,0,0,12,0,1014083,128,13.0302553,
zero-competition-targeted-clear0,0,45,beech,0,0,0,0,0,0,0,9,0,4,0,2,0,0,0,0,0,12,0,1014083,128,13.0302553,
zero-competition-targeted-clear0,0,46,sitka-spruce,0,0,46.5142174,0,42.635273,0,87,13,0,0,0,0,0,0,0,0,0,12,0,1014083,123,13.0179176,
zero-competition-targeted-clear0,0,46,sessile-oak,0,0,0,0,0,0,0,9,0,2,0,4,0,0,0,0,0,12,0,1014083,123,13.0179176,
zero-competition-targeted-clear0,0,46,beech,0,0,0,0,0,0,0,9,0,4,0,2,0,0,0,0,0,12,0,1014083,123,13.0179176,
zero-competition-targeted-clear0,0,47,sitka-spruce,0,0,43.9005928,0,44.00909,0,94,13,0,0,0,0,0,0,0,0,0,12,0,1014083,126,13.2739916,
zero-competition-targeted-clear0,0,47,sessile-oak,0,0,0,0,0,0,0,9,0,2,0,4,0,0,0,0,0,12,0,1014083,126,13.2739916,
zero-competition-targeted-clear0,0,47,beech,0,0,0,0,0,0,0,9,0,4,0,2,0,0,0,0,0,12,0,1014083,126,13.2739916,
zero-competition-targeted-clear0,0,48,sitka-spruce,0,0,45.0687866,0,45.08335,0,97,13,0,0,0,0,0,0,0,0,0,12,0,1014083,118,13.3903828,
zero-competition-targeted-clear0,0,48,sessile-oak,0,0,0,0,0,0,0,9,0,2,0,4,0,0,0,0,0,12,0,1014083,118,13.3903828,
zero-competition-targeted-clear0,0,48,beech,0,0,0,0,0,0,0,9,0,4,0,2,0,0,0,0,0,12,0,1014083,118,13.3903828,
zero-competition-targeted-clear0,0,49,sitka-spruce,0,0,45.160202,0,46.5051765,0,102,13,0,0,0,0,0,0,0,0,0,12,0,1014083,118,13.7222376,
zero-competition-targeted-clear0,0,49,sessile-oak,0,0,0,0,0,0,0,9,0,2,0,4,0,0,0,0,0,12,0,1014083,118,13.7222376,
zero-competition-targeted-clear0,0,49,beech,0,0,0,0,0,0,0,9,0,4,0,2,0,0,0,0,0,12,0,1014083,118,13.7222376,
zero-competition-targeted-clear0,0,50,sitka-spruce,0,0,45.06404,0,48.3583374,0,105,13,0,0,0,0,0,0,0,0,0,12,0,1014083,114,13.8016281,59E05C99D1787A68
zero-competition-targeted-clear0,0,50,sessile-oak,0,0,0,0,0,0,0,9,0,2,0,4,0,0,0,0,0,12,0,1014083,114,13.8016281,59E05C99D1787A68
zero-competition-targeted-clear0,0,50,beech,0,0,0,0,0,0,0,9,0,4,0,2,0,0,0,0,0,12,0,1014083,114,13.8016281,59E05C99D1787A68
zero-competition-targeted-clear0,0,51,sitka-spruce,0,0,44.30975,0,51.0111847,0,107,13,0,0,0,0,0,0,0,0,0,12,0,1014083,104,13.2922153,
zero-competition-targeted-clear0,0,51,sessile-oak,0,0,0,0,0,0,0,9,0,2,0,4,0,0,0,0,0,12,0,1014083,104,13.2922153,
zero-competition-targeted-clear0,0,51,beech,0,0,0,0,0,0,0,9,0,4,0,2,0,0,0,0,0,12,0,1014083,104,13.2922153,
zero-competition-targeted-clear0,0,52,sitka-spruce,0,0,43.399025,0,53.09867,0,112,13,0,0,0,0,0,0,0,0,0,12,0,1014083,106,13.5155659,
zero-competition-targeted-clear0,0,52,sessile-oak,0,0,0,0,0,0,0,9,0,2,0,4,0,0,0,0,0,12,0,1014083,106,13.5155659,
zero-competition-targeted-clear0,0,52,beech,0,0,0,0,0,0,0,9,0,4,0,2,0,0,0,0,0,12,0,1014083,106,13.5155659,
zero-competition-targeted-clear0,0,53,sitka-spruce,0,0,43.7249336,0,54.9782562,0,115,13,0,0,0,0,0,0,0,0,0,12,0,1014083,106,13.5571518,
zero-competition-targeted-clear0,0,53,sessile-oak,0,0,0,0,0,0,0,9,0,2,0,4,0,0,0,0,0,12,0,1014083,106,13.5571518,
zero-competition-targeted-clear0,0,53,beech,0,0,0,0,0,0,0,9,0,4,0,2,0,0,0,0,0,12,0,1014083,106,13.5571518,
zero-competition-targeted-clear0,0,54,sitka-spruce,0,0,44.20538,0,56.86677,0,118,13,0,0,0,0,0,0,0,0,0,12,0,1014083,98,13.3036089,
zero-competition-targeted-clear0,0,54,sessile-oak,0,0,0,0,0,0,0,9,0,2,0,4,0,0,0,0,0,12,0,1014083,98,13.3036089,
zero-competition-targeted-clear0,0,54,beech,0,0,0,0,0,0,0,9,0,4,0,2,0,0,0,0,0,12,0,1014083,98,13.3036089,
zero-competition-targeted-clear0,0,55,sitka-spruce,0,0,44.7997856,0,58.5968475,0,124,13,0,0,0,0,0,0,0,0,0,12,0,1014083,97,13.361002,
zero-competition-targeted-clear0,0,55,sessile-oak,0,0,0,0,0,0,0,9,0,2,0,4,0,0,0,0,0,12,0,1014083,97,13.361002,
zero-competition-targeted-clear0,0,55,beech,0,0,0,0,0,0,0,9,0,4,0,2,0,0,0,0,0,12,0,1014083,97,13.361002,
zero-competition-targeted-clear0,0,56,sitka-spruce,0,0,41.92208,0,60.1598778,0,129,13,0,0,0,0,0,0,0,0,0,12,0,1014083,97,13.6755857,
zero-competition-targeted-clear0,0,56,sessile-oak,0,0,0,0,0,0,0,9,0,2,0,4,0,0,0,0,0,12,0,1014083,97,13.6755857,
zero-competition-targeted-clear0,0,56,beech,0,0,0,0,0,0,0,9,0,4,0,2,0,0,0,0,0,12,0,1014083,97,13.6755857,
zero-competition-targeted-clear0,0,57,sitka-spruce,0,0,41.7737541,0,61.94291,0,132,13,0,0,0,0,0,0,0,0,0,12,0,1014083,95,13.855669,
zero-competition-targeted-clear0,0,57,sessile-oak,0,0,0,0,0,0,0,9,0,2,0,4,0,0,0,0,0,12,0,1014083,95,13.855669,
zero-competition-targeted-clear0,0,57,beech,0,0,0,0,0,0,0,9,0,4,0,2,0,0,0,0,0,12,0,1014083,95,13.855669,
zero-competition-targeted-clear0,0,58,sitka-spruce,0,0,41.8681068,0,63.49285,0,135,13,0,0,0,0,0,0,0,0,0,12,0,1014083,93,13.8810549,
zero-competition-targeted-clear0,0,58,sessile-oak,0,0,0,0,0,0,0,9,0,2,0,4,0,0,0,0,0,12,0,1014083,93,13.8810549,
zero-competition-targeted-clear0,0,58,beech,0,0,0,0,0,0,0,9,0,4,0,2,0,0,0,0,0,12,0,1014083,93,13.8810549,
zero-competition-targeted-clear0,0,59,sitka-spruce,0,0,41.3339653,0,64.95859,0,138,13,0,0,0,0,0,0,0,0,0,12,0,1014083,91,14.0930319,
zero-competition-targeted-clear0,0,59,sessile-oak,0,0,0,0,0,0,0,9,0,2,0,4,0,0,0,0,0,12,0,1014083,91,14.0930319,
zero-competition-targeted-clear0,0,59,beech,0,0,0,0,0,0,0,9,0,4,0,2,0,0,0,0,0,12,0,1014083,91,14.0930319,
zero-competition-targeted-clear0,0,60,sitka-spruce,0,0,42.712204,0,66.53101,0,140,13,0,0,0,0,0,0,0,0,0,12,0,1014083,84,13.9885941,
zero-competition-targeted-clear0,0,60,sessile-oak,0,0,0,0,0,0,0,9,0,2,0,4,0,0,0,0,0,12,0,1014083,84,13.9885941,
zero-competition-targeted-clear0,0,60,beech,0,0,0,0,0,0,0,9,0,4,0,2,0,0,0,0,0,12,0,1014083,84,13.9885941,
zero-competition-targeted-clear0,0,61,sitka-spruce,0,0,42.4131241,0,67.98778,0,144,13,0,0,0,0,0,0,0,0,0,12,0,1014083,85,13.8882208,
zero-competition-targeted-clear0,0,61,sessile-oak,0,0,0,0,0,0,0,9,0,2,0,4,0,0,0,0,0,12,0,1014083,85,13.8882208,
zero-competition-targeted-clear0,0,61,beech,0,0,0,0,0,0,0,9,0,4,0,2,0,0,0,0,0,12,0,1014083,85,13.8882208,
zero-competition-targeted-clear0,0,62,sitka-spruce,0,0,42.4407539,0,69.34194,0,148,13,0,0,0,0,0,0,0,0,0,12,0,1014083,85,14.0838356,
zero-competition-targeted-clear0,0,62,sessile-oak,0,0,0,0,0,0,0,9,0,2,0,4,0,0,0,0,0,12,0,1014083,85,14.0838356,
zero-competition-targeted-clear0,0,62,beech,0,0,0,0,0,0,0,9,0,4,0,2,0,0,0,0,0,12,0,1014083,85,14.0838356,
zero-competition-targeted-clear0,0,63,sitka-spruce,0,0,43.9292679,0,70.56965,0,153,13,0,0,0,0,0,0,0,0,0,12,0,1014083,80,14.0336142,
zero-competition-targeted-clear0,0,63,sessile-oak,0,0,0,0,0,0,0,9,0,2,0,4,0,0,0,0,0,12,0,1014083,80,14.0336142,
zero-competition-targeted-clear0,0,63,beech,0,0,0,0,0,0,0,9,0,4,0,2,0,0,0,0,0,12,0,1014083,80,14.0336142,
zero-competition-targeted-clear0,0,64,sitka-spruce,0,0,44.5362625,0,71.62411,0,157,13,0,0,0,0,0,0,0,0,0,12,0,1014083,77,14.0020742,
zero-competition-targeted-clear0,0,64,sessile-oak,0,0,0,0,0,0,0,9,0,2,0,4,0,0,0,0,0,12,0,1014083,77,14.0020742,
zero-competition-targeted-clear0,0,64,beech,0,0,0,0,0,0,0,9,0,4,0,2,0,0,0,0,0,12,0,1014083,77,14.0020742,
zero-competition-targeted-clear0,0,65,sitka-spruce,0,0,44.041008,0,72.87721,0,162,13,0,0,0,0,0,0,0,0,0,12,0,1014083,76,13.9919128,
zero-competition-targeted-clear0,0,65,sessile-oak,0,0,0,0,0,0,0,9,0,2,0,4,0,0,0,0,0,12,0,1014083,76,13.9919128,
zero-competition-targeted-clear0,0,65,beech,0,0,0,0,0,0,0,9,0,4,0,2,0,0,0,0,0,12,0,1014083,76,13.9919128,
zero-competition-targeted-clear0,0,66,sitka-spruce,0,0,43.5941429,0,74.17873,0,166,13,0,0,0,0,0,0,0,0,0,12,0,1014083,75,13.9059973,
zero-competition-targeted-clear0,0,66,sessile-oak,0,0,0,0,0,0,0,9,0,2,0,4,0,0,0,0,0,12,0,1014083,75,13.9059973,
zero-competition-targeted-clear0,0,66,beech,0,0,0,0,0,0,0,9,0,4,0,2,0,0,0,0,0,12,0,1014083,75,13.9059973,
zero-competition-targeted-clear0,0,67,sitka-spruce,0,0,45.4408722,0,75.2643356,0,170,13,0,0,0,0,0,0,0,0,0,12,0,1014083,71,13.8427048,
zero-competition-targeted-clear0,0,67,sessile-oak,0,0,0,0,0,0,0,9,0,2,0,4,0,0,0,0,0,12,0,1014083,71,13.8427048,
zero-competition-targeted-clear0,0,67,beech,0,0,0,0,0,0,0,9,0,4,0,2,0,0,0,0,0,12,0,1014083,71,13.8427048,
zero-competition-targeted-clear0,0,68,sitka-spruce,0,0,47.5254936,0,76.30663,0,174,13,0,0,0,0,0,0,0,0,0,12,0,1014083,70,13.9456291,
zero-competition-targeted-clear0,0,68,sessile-oak,0,0,0,0,0,0,0,9,0,2,0,4,0,0,0,0,0,12,0,1014083,70,13.9456291,
zero-competition-targeted-clear0,0,68,beech,0,0,0,0,0,0,0,9,0,4,0,2,0,0,0,0,0,12,0,1014083,70,13.9456291,
zero-competition-targeted-clear0,0,69,sitka-spruce,0,0,48.52945,0,77.29809,0,178,13,0,0,0,0,0,0,0,0,0,12,0,1014083,69,13.9933319,
zero-competition-targeted-clear0,0,69,sessile-oak,0,0,0,0,0,0,0,9,0,2,0,4,0,0,0,0,0,12,0,1014083,69,13.9933319,
zero-competition-targeted-clear0,0,69,beech,0,0,0,0,0,0,0,9,0,4,0,2,0,0,0,0,0,12,0,1014083,69,13.9933319,
zero-competition-targeted-clear0,0,70,sitka-spruce,0,0,49.0455437,0,78.45153,0,179,13,0,0,0,0,0,0,0,0,0,12,0,1014083,63,13.8441715,
zero-competition-targeted-clear0,0,70,sessile-oak,0,0,0,0,0,0,0,9,0,2,0,4,0,0,0,0,0,12,0,1014083,63,13.8441715,
zero-competition-targeted-clear0,0,70,beech,0,0,0,0,0,0,0,9,0,4,0,2,0,0,0,0,0,12,0,1014083,63,13.8441715,
zero-competition-targeted-clear0,0,71,sitka-spruce,0,0,49.0732536,0,79.73682,0,182,13,0,0,0,0,0,0,0,0,0,12,0,1014083,64,13.9329538,
zero-competition-targeted-clear0,0,71,sessile-oak,0,0,0,0,0,0,0,9,0,2,0,4,0,0,0,0,0,12,0,1014083,64,13.9329538,
zero-competition-targeted-clear0,0,71,beech,0,0,0,0,0,0,0,9,0,4,0,2,0,0,0,0,0,12,0,1014083,64,13.9329538,
zero-competition-targeted-clear0,0,72,sitka-spruce,0,0,47.8869,0,80.95933,0,189,13,0,0,0,0,0,0,0,0,0,12,0,1014083,66,13.8249245,
zero-competition-targeted-clear0,0,72,sessile-oak,0,0,0,0,0,0,0,9,0,2,0,4,0,0,0,0,0,12,0,1014083,66,13.8249245,
zero-competition-targeted-clear0,0,72,beech,0,0,0,0,0,0,0,9,0,4,0,2,0,0,0,0,0,12,0,1014083,66,13.8249245,
zero-competition-targeted-clear0,0,73,sitka-spruce,0,0,49.41913,0,82.05408,0,193,13,0,0,0,0,0,0,0,0,0,12,0,1014083,62,13.9288616,
zero-competition-targeted-clear0,0,73,sessile-oak,0,0,0,0,0,0,0,9,0,2,0,4,0,0,0,0,0,12,0,1014083,62,13.9288616,
zero-competition-targeted-clear0,0,73,beech,0,0,0,0,0,0,0,9,0,4,0,2,0,0,0,0,0,12,0,1014083,62,13.9288616,
zero-competition-targeted-clear0,0,74,sitka-spruce,0,0,48.71378,0,83.69106,0,199,13,0,0,0,0,0,0,0,0,0,12,0,1014083,62,13.717577,
zero-competition-targeted-clear0,0,74,sessile-oak,0,0,0,0,0,0,0,9,0,2,0,4,0,0,0,0,0,12,0,1014083,62,13.717577,
zero-competition-targeted-clear0,0,74,beech,0,0,0,0,0,0,0,9,0,4,0,2,0,0,0,0,0,12,0,1014083,62,13.717577,
zero-competition-targeted-clear0,0,75,sitka-spruce,0,0,50.2469254,0,85.09325,0,201,13,0,0,0,0,0,0,0,0,0,12,0,1014083,57,13.7140942,
zero-competition-targeted-clear0,0,75,sessile-oak,0,0,0,0,0,0,0,9,0,2,0,4,0,0,0,0,0,12,0,1014083,57,13.7140942,
zero-competition-targeted-clear0,0,75,beech,0,0,0,0,0,0,0,9,0,4,0,2,0,0,0,0,0,12,0,1014083,57,13.7140942,
zero-competition-targeted-clear0,0,76,sitka-spruce,0,0,50.237072,0,86.5968552,0,207,13,0,0,0,0,0,0,0,0,0,12,0,1014083,60,13.7533293,
zero-competition-targeted-clear0,0,76,sessile-oak,0,0,0,0,0,0,0,9,0,2,0,4,0,0,0,0,0,12,0,1014083,60,13.7533293,
zero-competition-targeted-clear0,0,76,beech,0,0,0,0,0,0,0,9,0,4,0,2,0,0,0,0,0,12,0,1014083,60,13.7533293,
zero-competition-targeted-clear0,0,77,sitka-spruce,0,0,49.6391945,0,87.79522,0,211,13,0,0,0,0,0,0,0,0,0,12,0,1014083,57,13.7699108,
zero-competition-targeted-clear0,0,77,sessile-oak,0,0,0,0,0,0,0,9,0,2,0,4,0,0,0,0,0,12,0,1014083,57,13.7699108,
zero-competition-targeted-clear0,0,77,beech,0,0,0,0,0,0,0,9,0,4,0,2,0,0,0,0,0,12,0,1014083,57,13.7699108,
zero-competition-targeted-clear0,0,78,sitka-spruce,0,0,49.0157928,0,89.04483,0,215,13,0,0,0,0,0,0,0,0,0,12,0,1014083,56,13.774003,
zero-competition-targeted-clear0,0,78,sessile-oak,0,0,0,0,0,0,0,9,0,2,0,4,0,0,0,0,0,12,0,1014083,56,13.774003,
zero-competition-targeted-clear0,0,78,beech,0,0,0,0,0,0,0,9,0,4,0,2,0,0,0,0,0,12,0,1014083,56,13.774003,
zero-competition-targeted-clear0,0,79,sitka-spruce,0,0,46.0102463,0,90.1769257,0,220,13,0,0,0,0,0,0,0,0,0,12,0,1014083,56,13.8784552,
zero-competition-targeted-clear0,0,79,sessile-oak,0,0,0,0,0,0,0,9,0,2,0,4,0,0,0,0,0,12,0,1014083,56,13.8784552,
zero-competition-targeted-clear0,0,79,beech,0,0,0,0,0,0,0,9,0,4,0,2,0,0,0,0,0,12,0,1014083,56,13.8784552,
zero-competition-targeted-clear0,0,80,sitka-spruce,0,0,47.61408,0,91.4273453,0,224,13,0,0,0,0,0,0,0,0,0,12,0,1014083,54,13.8640423,
zero-competition-targeted-clear0,0,80,sessile-oak,0,0,0,0,0,0,0,9,0,2,0,4,0,0,0,0,0,12,0,1014083,54,13.8640423,
zero-competition-targeted-clear0,0,80,beech,0,0,0,0,0,0,0,9,0,4,0,2,0,0,0,0,0,12,0,1014083,54,13.8640423,
zero-competition-targeted-clear0,0,81,sitka-spruce,0,0,45.6832657,0,92.50637,0,230,13,0,0,0,0,0,0,0,0,0,12,0,1014083,55,13.8313465,
zero-competition-targeted-clear0,0,81,sessile-oak,0,0,0,0,0,0,0,9,0,2,0,4,0,0,0,0,0,12,0,1014083,55,13.8313465,
zero-competition-targeted-clear0,0,81,beech,0,0,0,0,0,0,0,9,0,4,0,2,0,0,0,0,0,12,0,1014083,55,13.8313465,
zero-competition-targeted-clear0,0,82,sitka-spruce,0,0,49.5158348,0,93.45067,0,233,13,0,0,0,0,0,0,0,0,0,12,0,1014083,51,13.8046551,
zero-competition-targeted-clear0,0,82,sessile-oak,0,0,0,0,0,0,0,9,0,2,0,4,0,0,0,0,0,12,0,1014083,51,13.8046551,
zero-competition-targeted-clear0,0,82,beech,0,0,0,0,0,0,0,9,0,4,0,2,0,0,0,0,0,12,0,1014083,51,13.8046551,
zero-competition-targeted-clear0,0,83,sitka-spruce,0,0,51.3471375,0,94.41923,0,236,13,0,0,0,0,0,0,0,0,0,12,0,1014083,49,13.6136093,
zero-competition-targeted-clear0,0,83,sessile-oak,0,0,0,0,0,0,0,9,0,2,0,4,0,0,0,0,0,12,0,1014083,49,13.6136093,
zero-competition-targeted-clear0,0,83,beech,0,0,0,0,0,0,0,9,0,4,0,2,0,0,0,0,0,12,0,1014083,49,13.6136093,
zero-competition-targeted-clear0,0,84,sitka-spruce,0,0,50.55474,0,95.34711,0,241,13,0,0,0,0,0,0,0,0,0,12,0,1014083,54,13.8610859,
zero-competition-targeted-clear0,0,84,sessile-oak,0,0,0,0,0,0,0,9,0,2,0,4,0,0,0,0,0,12,0,1014083,54,13.8610859,
zero-competition-targeted-clear0,0,84,beech,0,0,0,0,0,0,0,9,0,4,0,2,0,0,0,0,0,12,0,1014083,54,13.8610859,
zero-competition-targeted-clear0,0,85,sitka-spruce,0,0,52.4406776,0,96.5641251,0,244,13,0,0,0,0,0,0,0,0,0,12,0,1014083,48,13.7618084,
zero-competition-targeted-clear0,0,85,sessile-oak,0,0,0,0,0,0,0,9,0,2,0,4,0,0,0,0,0,12,0,1014083,48,13.7618084,
zero-competition-targeted-clear0,0,85,beech,0,0,0,0,0,0,0,9,0,4,0,2,0,0,0,0,0,12,0,1014083,48,13.7618084,
zero-competition-targeted-clear0,0,86,sitka-spruce,0,0,54.8045425,0,97.62895,0,246,13,0,0,0,0,0,0,0,0,0,12,0,1014083,46,13.7022743,
zero-competition-targeted-clear0,0,86,sessile-oak,0,0,0,0,0,0,0,9,0,2,0,4,0,0,0,0,0,12,0,1014083,46,13.7022743,
zero-competition-targeted-clear0,0,86,beech,0,0,0,0,0,0,0,9,0,4,0,2,0,0,0,0,0,12,0,1014083,46,13.7022743,
zero-competition-targeted-clear0,0,87,sitka-spruce,0,0,54.5072861,0,98.4981155,0,251,13,0,0,0,0,0,0,0,0,0,12,0,1014083,48,13.6326036,
zero-competition-targeted-clear0,0,87,sessile-oak,0,0,0,0,0,0,0,9,0,2,0,4,0,0,0,0,0,12,0,1014083,48,13.6326036,
zero-competition-targeted-clear0,0,87,beech,0,0,0,0,0,0,0,9,0,4,0,2,0,0,0,0,0,12,0,1014083,48,13.6326036,
zero-competition-targeted-clear0,0,88,sitka-spruce,0,0,53.589653,0,100.134308,0,256,13,0,0,0,0,0,0,0,0,0,12,0,1014083,51,13.8627663,
zero-competition-targeted-clear0,0,88,sessile-oak,0,0,0,0,0,0,0,9,0,2,0,4,0,0,0,0,0,12,0,1014083,51,13.8627663,
zero-competition-targeted-clear0,0,88,beech,0,0,0,0,0,0,0,9,0,4,0,2,0,0,0,0,0,12,0,1014083,51,13.8627663,
zero-competition-targeted-clear0,0,89,sitka-spruce,0,0,54.438446,0,101.167343,0,261,13,0,0,0,0,0,0,0,0,0,12,0,1014083,47,13.7794428,
zero-competition-targeted-clear0,0,89,sessile-oak,0,0,0,0,0,0,0,9,0,2,0,4,0,0,0,0,0,12,0,1014083,47,13.7794428,
zero-competition-targeted-clear0,0,89,beech,0,0,0,0,0,0,0,9,0,4,0,2,0,0,0,0,0,12,0,1014083,47,13.7794428,
zero-competition-targeted-clear0,0,90,sitka-spruce,0,0,54.7128372,0,102.139748,0,265,13,0,0,0,0,0,0,0,0,0,12,0,1014083,45,13.7325544,
zero-competition-targeted-clear0,0,90,sessile-oak,0,0,0,0,0,0,0,9,0,2,0,4,0,0,0,0,0,12,0,1014083,45,13.7325544,
zero-competition-targeted-clear0,0,90,beech,0,0,0,0,0,0,0,9,0,4,0,2,0,0,0,0,0,12,0,1014083,45,13.7325544,
zero-competition-targeted-clear0,0,91,sitka-spruce,0,0,56.95466,0,103.071014,0,269,13,0,0,0,0,0,0,0,0,0,12,0,1014083,44,13.6503162,
zero-competition-targeted-clear0,0,91,sessile-oak,0,0,0,0,0,0,0,9,0,2,0,4,0,0,0,0,0,12,0,1014083,44,13.6503162,
zero-competition-targeted-clear0,0,91,beech,0,0,0,0,0,0,0,9,0,4,0,2,0,0,0,0,0,12,0,1014083,44,13.6503162,
zero-competition-targeted-clear0,0,92,sitka-spruce,0,0,57.7574654,0,103.8688,0,274,13,0,0,0,0,0,0,0,0,0,12,0,1014083,44,13.51926,
zero-competition-targeted-clear0,0,92,sessile-oak,0,0,0,0,0,0,0,9,0,2,0,4,0,0,0,0,0,12,0,1014083,44,13.51926,
zero-competition-targeted-clear0,0,92,beech,0,0,0,0,0,0,0,9,0,4,0,2,0,0,0,0,0,12,0,1014083,44,13.51926,
zero-competition-targeted-clear0,0,93,sitka-spruce,0,0,55.2061768,0,105.0711,0,279,13,0,0,0,0,0,0,0,0,0,12,0,1014083,48,13.7327261,
zero-competition-targeted-clear0,0,93,sessile-oak,0,0,0,0,0,0,0,9,0,2,0,4,0,0,0,0,0,12,0,1014083,48,13.7327261,
zero-competition-targeted-clear0,0,93,beech,0,0,0,0,0,0,0,9,0,4,0,2,0,0,0,0,0,12,0,1014083,48,13.7327261,
zero-competition-targeted-clear0,0,94,sitka-spruce,0,0,54.8840179,0,106.298492,0,282,13,0,0,0,0,0,0,0,0,0,12,0,1014083,41,13.5061541,
zero-competition-targeted-clear0,0,94,sessile-oak,0,0,0,0,0,0,0,9,0,2,0,4,0,0,0,0,0,12,0,1014083,41,13.5061541,
zero-competition-targeted-clear0,0,94,beech,0,0,0,0,0,0,0,9,0,4,0,2,0,0,0,0,0,12,0,1014083,41,13.5061541,
zero-competition-targeted-clear0,0,95,sitka-spruce,0,0,53.9354324,0,107.361595,0,286,13,0,0,0,0,0,0,0,0,0,12,0,1014083,43,13.7091961,
zero-competition-targeted-clear0,0,95,sessile-oak,0,0,0,0,0,0,0,9,0,2,0,4,0,0,0,0,0,12,0,1014083,43,13.7091961,
zero-competition-targeted-clear0,0,95,beech,0,0,0,0,0,0,0,9,0,4,0,2,0,0,0,0,0,12,0,1014083,43,13.7091961,
zero-competition-targeted-clear0,0,96,sitka-spruce,0,0,55.58277,0,108.281731,0,292,13,0,0,0,0,0,0,0,0,0,12,0,1014083,43,13.6471739,
zero-competition-targeted-clear0,0,96,sessile-oak,0,0,0,0,0,0,0,9,0,2,0,4,0,0,0,0,0,12,0,1014083,43,13.6471739,
zero-competition-targeted-clear0,0,96,beech,0,0,0,0,0,0,0,9,0,4,0,2,0,0,0,0,0,12,0,1014083,43,13.6471739,
zero-competition-targeted-clear0,0,97,sitka-spruce,0,0,55.41429,0,109.379189,0,296,13,0,0,0,0,0,0,0,0,0,12,0,1014083,40,13.4814539,
zero-competition-targeted-clear0,0,97,sessile-oak,0,0,0,0,0,0,0,9,0,2,0,4,0,0,0,0,0,12,0,1014083,40,13.4814539,
zero-competition-targeted-clear0,0,97,beech,0,0,0,0,0,0,0,9,0,4,0,2,0,0,0,0,0,12,0,1014083,40,13.4814539,
zero-competition-targeted-clear0,0,98,sitka-spruce,0,0,55.80554,0,110.981194,0,299,13,0,0,0,0,0,0,0,0,0,12,0,1014083,40,13.669713,
zero-competition-targeted-clear0,0,98,sessile-oak,0,0,0,0,0,0,0,9,0,2,0,4,0,0,0,0,0,12,0,1014083,40,13.669713,
zero-competition-targeted-clear0,0,98,beech,0,0,0,0,0,0,0,9,0,4,0,2,0,0,0,0,0,12,0,1014083,40,13.669713,
zero-competition-targeted-clear0,0,99,sitka-spruce,0,0,58.51332,0,112.553719,0,302,13,0,0,0,0,0,0,0,0,0,12,0,1014083,38,13.4643812,
zero-competition-targeted-clear0,0,99,sessile-oak,0,0,0,0,0,0,0,9,0,2,0,4,0,0,0,0,0,12,0,1014083,38,13.4643812,
zero-competition-targeted-clear0,0,99,beech,0,0,0,0,0,0,0,9,0,4,0,2,0,0,0,0,0,12,0,1014083,38,13.4643812,
zero-competition-targeted-clear0,0,100,sitka-spruce,0,0,59.2899933,0,114.359978,0,306,13,0,0,0,0,0,0,0,0,0,12,0,1014083,41,13.6542149,9225740B5A4C5631
zero-competition-targeted-clear0,0,100,sessile-oak,0,0,0,0,0,0,0,9,0,2,0,4,0,0,0,0,0,12,0,1014083,41,13.6542149,9225740B5A4C5631
zero-competition-targeted-clear0,0,100,beech,0,0,0,0,0,0,0,9,0,4,0,2,0,0,0,0,0,12,0,1014083,41,13.6542149,9225740B5A4C5631
zero-competition-targeted-clear1,0,1,sitka-spruce,0,0,1.75488853,0,0,0,0,-1,0,0,0,0,0,0,0,7,3150,12,0,1010933,202,4.153479,
zero-competition-targeted-clear1,0,1,sessile-oak,0,0,0,0,0,0,0,-1,4,0,0,2,0,0,0,7,3150,12,0,1010933,202,4.153479,
zero-competition-targeted-clear1,0,1,beech,0,0,0,0,0,0,0,-1,6,0,0,0,0,0,0,7,3150,12,0,1010933,202,4.153479,
zero-competition-targeted-clear1,0,2,sitka-spruce,0,0,3.15620685,0,0.0248845555,0,0,-1,0,0,0,0,0,0,0,7,3150,12,0,1010933,202,4.415285,
zero-competition-targeted-clear1,0,2,sessile-oak,0,0,0,0,0,0,0,-1,2,0,0,4,0,0,0,7,3150,12,0,1010933,202,4.415285,
zero-competition-targeted-clear1,0,2,beech,0,0,0,0,0,0,0,-1,5,0,0,1,0,0,0,7,3150,12,0,1010933,202,4.415285,
zero-competition-targeted-clear1,0,3,sitka-spruce,0,0,6.93834,0,0.06684083,0,0,-1,0,0,0,0,0,0,0,7,3150,12,0,1010933,202,4.68407249,
zero-competition-targeted-clear1,0,3,sessile-oak,0,0,0,0,0,0,0,-1,2,0,0,4,0,0,0,7,3150,12,0,1010933,202,4.68407249,
zero-competition-targeted-clear1,0,3,beech,0,0,0,0,0,0,0,-1,5,0,0,1,0,0,0,7,3150,12,0,1010933,202,4.68407249,
zero-competition-targeted-clear1,0,4,sitka-spruce,0,0,9.232856,0,0.164413124,0,0,-1,0,0,0,0,0,0,0,7,3150,12,0,1010933,202,4.959723,
zero-competition-targeted-clear1,0,4,sessile-oak,0,0,0,0,0,0,0,-1,2,0,0,4,0,0,0,7,3150,12,0,1010933,202,4.959723,
zero-competition-targeted-clear1,0,4,beech,0,0,0,0,0,0,0,-1,5,0,0,1,0,0,0,7,3150,12,0,1010933,202,4.959723,
zero-competition-targeted-clear1,0,5,sitka-spruce,0,0,11.9054136,0,0.2735933,0,0,-1,0,0,0,0,0,0,0,7,3150,12,0,1010933,202,5.24211836,
zero-competition-targeted-clear1,0,5,sessile-oak,0,0,0,0,0,0,0,-1,2,0,0,4,0,0,0,7,3150,12,0,1010933,202,5.24211836,
zero-competition-targeted-clear1,0,5,beech,0,0,0,0,0,0,0,-1,5,0,0,1,0,0,0,7,3150,12,0,1010933,202,5.24211836,
zero-competition-targeted-clear1,0,6,sitka-spruce,0,0,17.06414,0,0.4117139,0,0,-1,0,0,0,0,0,0,0,7,3150,12,0,1010933,202,5.531142,
zero-competition-targeted-clear1,0,6,sessile-oak,0,0,0,0,0,0,0,-1,2,0,0,4,0,0,0,7,3150,12,0,1010933,202,5.531142,
zero-competition-targeted-clear1,0,6,beech,0,0,0,0,0,0,0,-1,4,0,0,2,0,0,0,7,3150,12,0,1010933,202,5.531142,
zero-competition-targeted-clear1,0,7,sitka-spruce,0,0,22.34552,0,0.6112487,0,0,-1,0,0,0,0,0,0,0,7,3150,12,0,1010933,202,5.82667828,
zero-competition-targeted-clear1,0,7,sessile-oak,0,0,0,0,0,0,0,-1,2,0,0,4,0,0,0,7,3150,12,0,1010933,202,5.82667828,
zero-competition-targeted-clear1,0,7,beech,0,0,0,0,0,0,0,-1,4,0,0,2,0,0,0,7,3150,12,0,1010933,202,5.82667828,
zero-competition-targeted-clear1,0,8,sitka-spruce,0,0,26.7788334,0,0.8652065,0,0,-1,0,0,0,0,0,0,0,7,3150,12,0,1010933,202,6.128613,
zero-competition-targeted-clear1,0,8,sessile-oak,0,0,0,0,0,0,0,-1,2,0,0,4,0,0,0,7,3150,12,0,1010933,202,6.128613,
zero-competition-targeted-clear1,0,8,beech,0,0,0,0,0,0,0,-1,4,0,0,2,0,0,0,7,3150,12,0,1010933,202,6.128613,
zero-competition-targeted-clear1,0,9,sitka-spruce,0,0,28.4373245,0,1.16133094,0,0,-1,0,0,0,0,0,0,0,7,3150,12,0,1010933,205,6.44427347,
zero-competition-targeted-clear1,0,9,sessile-oak,0,0,0,0,0,0,0,9,0,2,0,4,0,0,0,7,3150,12,0,1010933,205,6.44427347,
zero-competition-targeted-clear1,0,9,beech,0,0,0,0,0,0,0,9,3,1,0,2,0,0,0,7,3150,12,0,1010933,205,6.44427347,
zero-competition-targeted-clear1,0,10,sitka-spruce,0,0,29.8670788,0,1.41626191,0,0,-1,0,0,0,0,0,0,0,7,3150,12,0,1010933,205,6.75897,C8948CAF8E3D378C
zero-competition-targeted-clear1,0,10,sessile-oak,0,0,0,0,0,0,0,9,0,2,0,4,0,0,0,7,3150,12,0,1010933,205,6.75897,C8948CAF8E3D378C
zero-competition-targeted-clear1,0,10,beech,0,0,0,0,0,0,0,9,3,1,0,2,0,0,0,7,3150,12,0,1010933,205,6.75897,C8948CAF8E3D378C
zero-competition-targeted-clear1,0,11,sitka-spruce,0,0,31.279007,0,1.65944934,0,0,-1,0,0,0,0,0,0,0,7,3150,12,0,1010933,205,7.079736,
zero-competition-targeted-clear1,0,11,sessile-oak,0,0,0,0,0,0,0,9,0,2,0,4,0,0,0,7,3150,12,0,1010933,205,7.079736,
zero-competition-targeted-clear1,0,11,beech,0,0,0,0,0,0,0,9,3,1,0,2,0,0,0,7,3150,12,0,1010933,205,7.079736,
zero-competition-targeted-clear1,0,12,sitka-spruce,0,0,32.7763939,0,1.91928291,0,0,-1,0,0,0,0,0,0,0,7,3150,12,0,1010933,206,7.408825,
zero-competition-targeted-clear1,0,12,sessile-oak,0,0,0,0,0,0,0,9,0,2,0,4,0,0,0,7,3150,12,0,1010933,206,7.408825,
zero-competition-targeted-clear1,0,12,beech,0,0,0,0,0,0,0,9,2,2,0,2,0,0,0,7,3150,12,0,1010933,206,7.408825,
zero-competition-targeted-clear1,0,13,sitka-spruce,0,0,33.10804,0,2.22350216,0,4,13,0,0,0,0,0,0,0,7,3150,12,0,1010933,210,7.750575,
zero-competition-targeted-clear1,0,13,sessile-oak,0,0,0,0,0,0,0,9,0,2,0,4,0,0,0,7,3150,12,0,1010933,210,7.750575,
zero-competition-targeted-clear1,0,13,beech,0,0,0,0,0,0,0,9,2,2,0,2,0,0,0,7,3150,12,0,1010933,210,7.750575,
zero-competition-targeted-clear1,0,14,sitka-spruce,0,0,33.45303,0,2.67407036,0,9,13,0,0,0,0,0,0,0,7,3150,12,0,1010933,216,8.103348,
zero-competition-targeted-clear1,0,14,sessile-oak,0,0,0,0,0,0,0,9,0,2,0,4,0,0,0,7,3150,12,0,1010933,216,8.103348,
zero-competition-targeted-clear1,0,14,beech,0,0,0,0,0,0,0,9,1,3,0,2,0,0,0,7,3150,12,0,1010933,216,8.103348,
zero-competition-targeted-clear1,0,15,sitka-spruce,0,0,33.6754951,0,3.18429184,0,14,13,0,0,0,0,0,0,0,7,3150,12,0,1010933,221,8.461163,
zero-competition-targeted-clear1,0,15,sessile-oak,0,0,0,0,0,0,0,9,0,2,0,4,0,0,0,7,3150,12,0,1010933,221,8.461163,
zero-competition-targeted-clear1,0,15,beech,0,0,0,0,0,0,0,9,1,3,0,2,0,0,0,7,3150,12,0,1010933,221,8.461163,
zero-competition-targeted-clear1,0,16,sitka-spruce,0,0,32.5770531,0,3.72490549,0,20,13,0,0,0,0,0,0,0,7,3150,12,0,1010933,228,8.830526,
zero-competition-targeted-clear1,0,16,sessile-oak,0,0,0,0,0,0,0,9,0,2,0,4,0,0,0,7,3150,12,0,1010933,228,8.830526,
zero-competition-targeted-clear1,0,16,beech,0,0,0,0,0,0,0,9,0,4,0,2,0,0,0,7,3150,12,0,1010933,228,8.830526,
zero-competition-targeted-clear1,0,17,sitka-spruce,0,0,33.98682,0,4.452823,0,22,13,0,0,0,0,0,0,0,7,3150,12,0,1010933,230,9.194097,
zero-competition-targeted-clear1,0,17,sessile-oak,0,0,0,0,0,0,0,9,0,2,0,4,0,0,0,7,3150,12,0,1010933,230,9.194097,
zero-competition-targeted-clear1,0,17,beech,0,0,0,0,0,0,0,9,0,4,0,2,0,0,0,7,3150,12,0,1010933,230,9.194097,
zero-competition-targeted-clear1,0,18,sitka-spruce,0,0,32.5123,0,5.37398863,0,26,13,0,0,0,0,0,0,0,7,3150,12,0,1010933,233,9.535557,
zero-competition-targeted-clear1,0,18,sessile-oak,0,0,0,0,0,0,0,9,0,2,0,4,0,0,0,7,3150,12,0,1010933,233,9.535557,
zero-competition-targeted-clear1,0,18,beech,0,0,0,0,0,0,0,9,0,4,0,2,0,0,0,7,3150,12,0,1010933,233,9.535557,
zero-competition-targeted-clear1,0,19,sitka-spruce,0,0,29.9435158,0,6.270378,0,31,13,0,0,0,0,0,0,0,7,3150,12,0,1010933,238,9.919115,
zero-competition-targeted-clear1,0,19,sessile-oak,0,0,0,0,0,0,0,9,0,2,0,4,0,0,0,7,3150,12,0,1010933,238,9.919115,
zero-competition-targeted-clear1,0,19,beech,0,0,0,0,0,0,0,9,0,4,0,2,0,0,0,7,3150,12,0,1010933,238,9.919115,
zero-competition-targeted-clear1,0,20,sitka-spruce,0,0,30.10933,0,7.09511662,0,34,13,0,0,0,0,0,0,0,7,3150,12,0,1010933,240,10.2482185,
zero-competition-targeted-clear1,0,20,sessile-oak,0,0,0,0,0,0,0,9,0,2,0,4,0,0,0,7,3150,12,0,1010933,240,10.2482185,
zero-competition-targeted-clear1,0,20,beech,0,0,0,0,0,0,0,9,0,4,0,2,0,0,0,7,3150,12,0,1010933,240,10.2482185,
zero-competition-targeted-clear1,0,21,sitka-spruce,0,0,31.65456,0,7.861313,0,39,13,0,0,0,0,0,0,0,7,3150,12,0,1010933,245,10.6429663,
zero-competition-targeted-clear1,0,21,sessile-oak,0,0,0,0,0,0,0,9,0,2,0,4,0,0,0,7,3150,12,0,1010933,245,10.6429663,
zero-competition-targeted-clear1,0,21,beech,0,0,0,0,0,0,0,9,0,4,0,2,0,0,0,7,3150,12,0,1010933,245,10.6429663,
zero-competition-targeted-clear1,0,22,sitka-spruce,0,0,33.34339,0,8.624822,0,40,13,0,0,0,0,0,0,0,7,3150,12,0,1010933,244,10.9607162,
zero-competition-targeted-clear1,0,22,sessile-oak,0,0,0,0,0,0,0,9,0,2,0,4,0,0,0,7,3150,12,0,1010933,244,10.9607162,
zero-competition-targeted-clear1,0,22,beech,0,0,0,0,0,0,0,9,0,4,0,2,0,0,0,7,3150,12,0,1010933,244,10.9607162,
zero-competition-targeted-clear1,0,23,sitka-spruce,0,0,33.1293335,0,9.9316,0,42,13,0,0,0,0,0,0,0,7,3150,12,0,1010933,243,11.2574911,
zero-competition-targeted-clear1,0,23,sessile-oak,0,0,0,0,0,0,0,9,0,2,0,4,0,0,0,7,3150,12,0,1010933,243,11.2574911,
zero-competition-targeted-clear1,0,23,beech,0,0,0,0,0,0,0,9,0,4,0,2,0,0,0,7,3150,12,0,1010933,243,11.2574911,
zero-competition-targeted-clear1,0,24,sitka-spruce,0,0,32.6161652,0,11.1246758,0,44,13,0,0,0,0,0,0,0,7,3150,12,0,1010933,240,11.4986677,
zero-competition-targeted-clear1,0,24,sessile-oak,0,0,0,0,0,0,0,9,0,2,0,4,0,0,0,7,3150,12,0,1010933,240,11.4986677,
zero-competition-targeted-clear1,0,24,beech,0,0,0,0,0,0,0,9,0,4,0,2,0,0,0,7,3150,12,0,1010933,240,11.4986677,
zero-competition-targeted-clear1,0,25,sitka-spruce,0,0,33.02365,0,12.7130947,0,45,13,0,0,0,0,0,0,0,7,3150,12,0,1010933,236,11.7337275,58CD9346B0D64533
zero-competition-targeted-clear1,0,25,sessile-oak,0,0,0,0,0,0,0,9,0,2,0,4,0,0,0,7,3150,12,0,1010933,236,11.7337275,58CD9346B0D64533
zero-competition-targeted-clear1,0,25,beech,0,0,0,0,0,0,0,9,0,4,0,2,0,0,0,7,3150,12,0,1010933,236,11.7337275,58CD9346B0D64533
zero-competition-targeted-clear1,0,26,sitka-spruce,0,0,32.76936,0,15.0287342,0,47,13,0,0,0,0,0,0,0,7,3150,12,0,1010933,234,12.0463047,
zero-competition-targeted-clear1,0,26,sessile-oak,0,0,0,0,0,0,0,9,0,2,0,4,0,0,0,7,3150,12,0,1010933,234,12.0463047,
zero-competition-targeted-clear1,0,26,beech,0,0,0,0,0,0,0,9,0,4,0,2,0,0,0,7,3150,12,0,1010933,234,12.0463047,
zero-competition-targeted-clear1,0,27,sitka-spruce,0,0,31.8662643,0,17.0825,0,48,13,0,0,0,0,0,0,0,7,3150,12,0,1010933,229,12.1236906,
zero-competition-targeted-clear1,0,27,sessile-oak,0,0,0,0,0,0,0,9,0,2,0,4,0,0,0,7,3150,12,0,1010933,229,12.1236906,
zero-competition-targeted-clear1,0,27,beech,0,0,0,0,0,0,0,9,0,4,0,2,0,0,0,7,3150,12,0,1010933,229,12.1236906,
zero-competition-targeted-clear1,0,28,sitka-spruce,0,0,31.2829571,0,19.13216,0,49,13,0,0,0,0,0,0,0,7,3150,12,0,1010933,225,12.3721685,
zero-competition-targeted-clear1,0,28,sessile-oak,0,0,0,0,0,0,0,9,0,2,0,4,0,0,0,7,3150,12,0,1010933,225,12.3721685,
zero-competition-targeted-clear1,0,28,beech,0,0,0,0,0,0,0,9,0,4,0,2,0,0,0,7,3150,12,0,1010933,225,12.3721685,
zero-competition-targeted-clear1,0,29,sitka-spruce,0,0,31.1636333,0,20.7918453,0,51,13,0,0,0,0,0,0,0,7,3150,12,0,1010933,217,12.4622183,
zero-competition-targeted-clear1,0,29,sessile-oak,0,0,0,0,0,0,0,9,0,2,0,4,0,0,0,7,3150,12,0,1010933,217,12.4622183,
zero-competition-targeted-clear1,0,29,beech,0,0,0,0,0,0,0,9,0,4,0,2,0,0,0,7,3150,12,0,1010933,217,12.4622183,
zero-competition-targeted-clear1,0,30,sitka-spruce,0,0,30.4021912,0,22.685791,0,54,13,0,0,0,0,0,0,0,7,3150,12,0,1010933,212,12.6568441,
zero-competition-targeted-clear1,0,30,sessile-oak,0,0,0,0,0,0,0,9,0,2,0,4,0,0,0,7,3150,12,0,1010933,212,12.6568441,
zero-competition-targeted-clear1,0,30,beech,0,0,0,0,0,0,0,9,0,4,0,2,0,0,0,7,3150,12,0,1010933,212,12.6568441,
zero-competition-targeted-clear1,0,31,sitka-spruce,0,0,30.2460556,0,24.4510727,0,56,13,0,0,0,0,0,0,0,7,3150,12,0,1010933,209,12.8200455,
zero-competition-targeted-clear1,0,31,sessile-oak,0,0,0,0,0,0,0,9,0,2,0,4,0,0,0,7,3150,12,0,1010933,209,12.8200455,
zero-competition-targeted-clear1,0,31,beech,0,0,0,0,0,0,0,9,0,4,0,2,0,0,0,7,3150,12,0,1010933,209,12.8200455,
zero-competition-targeted-clear1,0,32,sitka-spruce,0,0,30.8064232,0,26.1207333,0,57,13,0,0,0,0,0,0,0,7,3150,12,0,1010933,200,13.0592747,
zero-competition-targeted-clear1,0,32,sessile-oak,0,0,0,0,0,0,0,9,0,2,0,4,0,0,0,7,3150,12,0,1010933,200,13.0592747,
zero-competition-targeted-clear1,0,32,beech,0,0,0,0,0,0,0,9,0,4,0,2,0,0,0,7,3150,12,0,1010933,200,13.0592747,
zero-competition-targeted-clear1,0,33,sitka-spruce,0,0,30.816803,0,27.5663376,0,58,13,0,0,0,0,0,0,0,7,3150,12,0,1010933,187,12.77034,
zero-competition-targeted-clear1,0,33,sessile-oak,0,0,0,0,0,0,0,9,0,2,0,4,0,0,0,7,3150,12,0,1010933,187,12.77034,
zero-competition-targeted-clear1,0,33,beech,0,0,0,0,0,0,0,9,0,4,0,2,0,0,0,7,3150,12,0,1010933,187,12.77034,
zero-competition-targeted-clear1,0,34,sitka-spruce,0,0,31.2803726,0,29.0713787,0,59,13,0,0,0,0,0,0,0,7,3150,12,0,1010933,179,12.8730612,
zero-competition-targeted-clear1,0,34,sessile-oak,0,0,0,0,0,0,0,9,0,2,0,4,0,0,0,7,3150,12,0,1010933,179,12.8730612,
zero-competition-targeted-clear1,0,34,beech,0,0,0,0,0,0,0,9,0,4,0,2,0,0,0,7,3150,12,0,1010933,179,12.8730612,
zero-competition-targeted-clear1,0,35,sitka-spruce,0,0,31.5344315,0,30.2397022,0,62,13,0,0,0,0,0,0,0,7,3150,12,0,1010933,177,13.0619278,
zero-competition-targeted-clear1,0,35,sessile-oak,0,0,0,0,0,0,0,9,0,2,0,4,0,0,0,7,3150,12,0,1010933,177,13.0619278,
zero-competition-targeted-clear1,0,35,beech,0,0,0,0,0,0,0,9,0,4,0,2,0,0,0,7,3150,12,0,1010933,177,13.0619278,
zero-competition-targeted-clear1,0,36,sitka-spruce,0,0,33.0408134,0,31.8089218,0,63,13,0,0,0,0,0,0,0,7,3150,12,0,1010933,167,12.9148569,
zero-competition-targeted-clear1,0,36,sessile-oak,0,0,0,0,0,0,0,9,0,2,0,4,0,0,0,7,3150,12,0,1010933,167,12.9148569,
zero-competition-targeted-clear1,0,36,beech,0,0,0,0,0,0,0,9,0,4,0,2,0,0,0,7,3150,12,0,1010933,167,12.9148569,
zero-competition-targeted-clear1,0,37,sitka-spruce,0,0,33.812397,0,33.4612122,0,64,13,0,0,0,0,0,0,0,7,3150,12,0,1010933,161,12.946454,
zero-competition-targeted-clear1,0,37,sessile-oak,0,0,0,0,0,0,0,9,0,2,0,4,0,0,0,7,3150,12,0,1010933,161,12.946454,
zero-competition-targeted-clear1,0,37,beech,0,0,0,0,0,0,0,9,0,4,0,2,0,0,0,7,3150,12,0,1010933,161,12.946454,
zero-competition-targeted-clear1,0,38,sitka-spruce,0,0,34.9615059,0,34.7315865,0,65,13,0,0,0,0,0,0,0,7,3150,12,0,1010933,151,12.7017126,
zero-competition-targeted-clear1,0,38,sessile-oak,0,0,0,0,0,0,0,9,0,2,0,4,0,0,0,7,3150,12,0,1010933,151,12.7017126,
zero-competition-targeted-clear1,0,38,beech,0,0,0,0,0,0,0,9,0,4,0,2,0,0,0,7,3150,12,0,1010933,151,12.7017126,
zero-competition-targeted-clear1,0,39,sitka-spruce,0,0,37.71401,0,35.714325,0,67,13,0,0,0,0,0,0,0,7,3150,12,0,1010933,140,12.3699474,
zero-competition-targeted-clear1,0,39,sessile-oak,0,0,0,0,0,0,0,9,0,2,0,4,0,0,0,7,3150,12,0,1010933,140,12.3699474,
zero-competition-targeted-clear1,0,39,beech,0,0,0,0,0,0,0,9,0,4,0,2,0,0,0,7,3150,12,0,1010933,140,12.3699474,
zero-competition-targeted-clear1,0,40,sitka-spruce,0,0,38.1141,0,36.65955,0,69,13,0,0,0,0,0,0,0,7,3150,12,0,1010933,140,12.7594719,
zero-competition-targeted-clear1,0,40,sessile-oak,0,0,0,0,0,0,0,9,0,2,0,4,0,0,0,7,3150,12,0,1010933,140,12.7594719,
zero-competition-targeted-clear1,0,40,beech,0,0,0,0,0,0,0,9,0,4,0,2,0,0,0,7,3150,12,0,1010933,140,12.7594719,
zero-competition-targeted-clear1,0,41,sitka-spruce,0,0,41.74263,0,37.5185738,0,69,13,0,0,0,0,0,0,0,7,3150,12,0,1010933,134,13.0043669,
zero-competition-targeted-clear1,0,41,sessile-oak,0,0,0,0,0,0,0,9,0,2,0,4,0,0,0,7,3150,12,0,1010933,134,13.0043669,
zero-competition-targeted-clear1,0,41,beech,0,0,0,0,0,0,0,9,0,4,0,2,0,0,0,7,3150,12,0,1010933,134,13.0043669,
zero-competition-targeted-clear1,0,42,sitka-spruce,0,0,43.9371529,0,38.2232475,0,72,13,0,0,0,0,0,0,0,7,3150,12,0,1010933,135,13.3044453,
zero-competition-targeted-clear1,0,42,sessile-oak,0,0,0,0,0,0,0,9,0,2,0,4,0,0,0,7,3150,12,0,1010933,135,13.3044453,
zero-competition-targeted-clear1,0,42,beech,0,0,0,0,0,0,0,9,0,4,0,2,0,0,0,7,3150,12,0,1010933,135,13.3044453,
zero-competition-targeted-clear1,0,43,sitka-spruce,0,0,46.2711678,0,38.846756,0,74,13,0,0,0,0,0,0,0,7,3150,12,0,1010933,126,12.8041573,
zero-competition-targeted-clear1,0,43,sessile-oak,0,0,0,0,0,0,0,9,0,2,0,4,0,0,0,7,3150,12,0,1010933,126,12.8041573,
zero-competition-targeted-clear1,0,43,beech,0,0,0,0,0,0,0,9,0,4,0,2,0,0,0,7,3150,12,0,1010933,126,12.8041573,
zero-competition-targeted-clear1,0,44,sitka-spruce,0,0,44.6606636,0,39.99613,0,82,13,0,0,0,0,0,0,0,7,3150,12,0,1010933,131,12.8834009,
zero-competition-targeted-clear1,0,44,sessile-oak,0,0,0,0,0,0,0,9,0,2,0,4,0,0,0,7,3150,12,0,1010933,131,12.8834009,
zero-competition-targeted-clear1,0,44,beech,0,0,0,0,0,0,0,9,0,4,0,2,0,0,0,7,3150,12,0,1010933,131,12.8834009,
zero-competition-targeted-clear1,0,45,sitka-spruce,0,0,46.33875,0,41.11759,0,85,13,0,0,0,0,0,0,0,7,3150,12,0,1010933,128,13.0302553,
zero-competition-targeted-clear1,0,45,sessile-oak,0,0,0,0,0,0,0,9,0,2,0,4,0,0,0,7,3150,12,0,1010933,128,13.0302553,
zero-competition-targeted-clear1,0,45,beech,0,0,0,0,0,0,0,9,0,4,0,2,0,0,0,7,3150,12,0,1010933,128,13.0302553,
zero-competition-targeted-clear1,0,46,sitka-spruce,0,0,46.5142174,0,42.635273,0,87,13,0,0,0,0,0,0,0,7,3150,12,0,1010933,123,13.0179176,
zero-competition-targeted-clear1,0,46,sessile-oak,0,0,0,0,0,0,0,9,0,2,0,4,0,0,0,7,3150,12,0,1010933,123,13.0179176,
zero-competition-targeted-clear1,0,46,beech,0,0,0,0,0,0,0,9,0,4,0,2,0,0,0,7,3150,12,0,1010933,123,13.0179176,
zero-competition-targeted-clear1,0,47,sitka-spruce,0,0,43.9005928,0,44.00909,0,94,13,0,0,0,0,0,0,0,7,3150,12,0,1010933,126,13.2739916,
zero-competition-targeted-clear1,0,47,sessile-oak,0,0,0,0,0,0,0,9,0,2,0,4,0,0,0,7,3150,12,0,1010933,126,13.2739916,
zero-competition-targeted-clear1,0,47,beech,0,0,0,0,0,0,0,9,0,4,0,2,0,0,0,7,3150,12,0,1010933,126,13.2739916,
zero-competition-targeted-clear1,0,48,sitka-spruce,0,0,45.0687866,0,45.08335,0,97,13,0,0,0,0,0,0,0,7,3150,12,0,1010933,118,13.3903828,
zero-competition-targeted-clear1,0,48,sessile-oak,0,0,0,0,0,0,0,9,0,2,0,4,0,0,0,7,3150,12,0,1010933,118,13.3903828,
zero-competition-targeted-clear1,0,48,beech,0,0,0,0,0,0,0,9,0,4,0,2,0,0,0,7,3150,12,0,1010933,118,13.3903828,
zero-competition-targeted-clear1,0,49,sitka-spruce,0,0,45.160202,0,46.5051765,0,102,13,0,0,0,0,0,0,0,7,3150,12,0,1010933,118,13.7222376,
zero-competition-targeted-clear1,0,49,sessile-oak,0,0,0,0,0,0,0,9,0,2,0,4,0,0,0,7,3150,12,0,1010933,118,13.7222376,
zero-competition-targeted-clear1,0,49,beech,0,0,0,0,0,0,0,9,0,4,0,2,0,0,0,7,3150,12,0,1010933,118,13.7222376,
zero-competition-targeted-clear1,0,50,sitka-spruce,0,0,45.06404,0,48.3583374,0,105,13,0,0,0,0,0,0,0,7,3150,12,0,1010933,114,13.8016281,F19BCCF4C7E08BA1
zero-competition-targeted-clear1,0,50,sessile-oak,0,0,0,0,0,0,0,9,0,2,0,4,0,0,0,7,3150,12,0,1010933,114,13.8016281,F19BCCF4C7E08BA1
zero-competition-targeted-clear1,0,50,beech,0,0,0,0,0,0,0,9,0,4,0,2,0,0,0,7,3150,12,0,1010933,114,13.8016281,F19BCCF4C7E08BA1
zero-competition-targeted-clear1,0,51,sitka-spruce,0,0,44.30975,0,51.0111847,0,107,13,0,0,0,0,0,0,0,7,3150,12,0,1010933,104,13.2922153,
zero-competition-targeted-clear1,0,51,sessile-oak,0,0,0,0,0,0,0,9,0,2,0,4,0,0,0,7,3150,12,0,1010933,104,13.2922153,
zero-competition-targeted-clear1,0,51,beech,0,0,0,0,0,0,0,9,0,4,0,2,0,0,0,7,3150,12,0,1010933,104,13.2922153,
zero-competition-targeted-clear1,0,52,sitka-spruce,0,0,43.399025,0,53.09867,0,112,13,0,0,0,0,0,0,0,7,3150,12,0,1010933,106,13.5155659,
zero-competition-targeted-clear1,0,52,sessile-oak,0,0,0,0,0,0,0,9,0,2,0,4,0,0,0,7,3150,12,0,1010933,106,13.5155659,
zero-competition-targeted-clear1,0,52,beech,0,0,0,0,0,0,0,9,0,4,0,2,0,0,0,7,3150,12,0,1010933,106,13.5155659,
zero-competition-targeted-clear1,0,53,sitka-spruce,0,0,43.7249336,0,54.9782562,0,115,13,0,0,0,0,0,0,0,7,3150,12,0,1010933,106,13.5571518,
zero-competition-targeted-clear1,0,53,sessile-oak,0,0,0,0,0,0,0,9,0,2,0,4,0,0,0,7,3150,12,0,1010933,106,13.5571518,
zero-competition-targeted-clear1,0,53,beech,0,0,0,0,0,0,0,9,0,4,0,2,0,0,0,7,3150,12,0,1010933,106,13.5571518,
zero-competition-targeted-clear1,0,54,sitka-spruce,0,0,44.20538,0,56.86677,0,118,13,0,0,0,0,0,0,0,7,3150,12,0,1010933,98,13.3036089,
zero-competition-targeted-clear1,0,54,sessile-oak,0,0,0,0,0,0,0,9,0,2,0,4,0,0,0,7,3150,12,0,1010933,98,13.3036089,
zero-competition-targeted-clear1,0,54,beech,0,0,0,0,0,0,0,9,0,4,0,2,0,0,0,7,3150,12,0,1010933,98,13.3036089,
zero-competition-targeted-clear1,0,55,sitka-spruce,0,0,44.7997856,0,58.5968475,0,124,13,0,0,0,0,0,0,0,7,3150,12,0,1010933,97,13.361002,
zero-competition-targeted-clear1,0,55,sessile-oak,0,0,0,0,0,0,0,9,0,2,0,4,0,0,0,7,3150,12,0,1010933,97,13.361002,
zero-competition-targeted-clear1,0,55,beech,0,0,0,0,0,0,0,9,0,4,0,2,0,0,0,7,3150,12,0,1010933,97,13.361002,
zero-competition-targeted-clear1,0,56,sitka-spruce,0,0,41.92208,0,60.1598778,0,129,13,0,0,0,0,0,0,0,7,3150,12,0,1010933,97,13.6755857,
zero-competition-targeted-clear1,0,56,sessile-oak,0,0,0,0,0,0,0,9,0,2,0,4,0,0,0,7,3150,12,0,1010933,97,13.6755857,
zero-competition-targeted-clear1,0,56,beech,0,0,0,0,0,0,0,9,0,4,0,2,0,0,0,7,3150,12,0,1010933,97,13.6755857,
zero-competition-targeted-clear1,0,57,sitka-spruce,0,0,41.7737541,0,61.94291,0,132,13,0,0,0,0,0,0,0,7,3150,12,0,1010933,95,13.855669,
zero-competition-targeted-clear1,0,57,sessile-oak,0,0,0,0,0,0,0,9,0,2,0,4,0,0,0,7,3150,12,0,1010933,95,13.855669,
zero-competition-targeted-clear1,0,57,beech,0,0,0,0,0,0,0,9,0,4,0,2,0,0,0,7,3150,12,0,1010933,95,13.855669,
zero-competition-targeted-clear1,0,58,sitka-spruce,0,0,41.8681068,0,63.49285,0,135,13,0,0,0,0,0,0,0,7,3150,12,0,1010933,93,13.8810549,
zero-competition-targeted-clear1,0,58,sessile-oak,0,0,0,0,0,0,0,9,0,2,0,4,0,0,0,7,3150,12,0,1010933,93,13.8810549,
zero-competition-targeted-clear1,0,58,beech,0,0,0,0,0,0,0,9,0,4,0,2,0,0,0,7,3150,12,0,1010933,93,13.8810549,
zero-competition-targeted-clear1,0,59,sitka-spruce,0,0,41.3339653,0,64.95859,0,138,13,0,0,0,0,0,0,0,7,3150,12,0,1010933,91,14.0930319,
zero-competition-targeted-clear1,0,59,sessile-oak,0,0,0,0,0,0,0,9,0,2,0,4,0,0,0,7,3150,12,0,1010933,91,14.0930319,
zero-competition-targeted-clear1,0,59,beech,0,0,0,0,0,0,0,9,0,4,0,2,0,0,0,7,3150,12,0,1010933,91,14.0930319,
zero-competition-targeted-clear1,0,60,sitka-spruce,0,0,42.712204,0,66.53101,0,140,13,0,0,0,0,0,0,0,7,3150,12,0,1010933,84,13.9885941,
zero-competition-targeted-clear1,0,60,sessile-oak,0,0,0,0,0,0,0,9,0,2,0,4,0,0,0,7,3150,12,0,1010933,84,13.9885941,
zero-competition-targeted-clear1,0,60,beech,0,0,0,0,0,0,0,9,0,4,0,2,0,0,0,7,3150,12,0,1010933,84,13.9885941,
zero-competition-targeted-clear1,0,61,sitka-spruce,0,0,42.4131241,0,67.98778,0,144,13,0,0,0,0,0,0,0,7,3150,12,0,1010933,85,13.8882208,
zero-competition-targeted-clear1,0,61,sessile-oak,0,0,0,0,0,0,0,9,0,2,0,4,0,0,0,7,3150,12,0,1010933,85,13.8882208,
zero-competition-targeted-clear1,0,61,beech,0,0,0,0,0,0,0,9,0,4,0,2,0,0,0,7,3150,12,0,1010933,85,13.8882208,
zero-competition-targeted-clear1,0,62,sitka-spruce,0,0,42.4407539,0,69.34194,0,148,13,0,0,0,0,0,0,0,7,3150,12,0,1010933,85,14.0838356,
zero-competition-targeted-clear1,0,62,sessile-oak,0,0,0,0,0,0,0,9,0,2,0,4,0,0,0,7,3150,12,0,1010933,85,14.0838356,
zero-competition-targeted-clear1,0,62,beech,0,0,0,0,0,0,0,9,0,4,0,2,0,0,0,7,3150,12,0,1010933,85,14.0838356,
zero-competition-targeted-clear1,0,63,sitka-spruce,0,0,43.9292679,0,70.56965,0,153,13,0,0,0,0,0,0,0,7,3150,12,0,1010933,80,14.0336142,
zero-competition-targeted-clear1,0,63,sessile-oak,0,0,0,0,0,0,0,9,0,2,0,4,0,0,0,7,3150,12,0,1010933,80,14.0336142,
zero-competition-targeted-clear1,0,63,beech,0,0,0,0,0,0,0,9,0,4,0,2,0,0,0,7,3150,12,0,1010933,80,14.0336142,
zero-competition-targeted-clear1,0,64,sitka-spruce,0,0,44.5362625,0,71.62411,0,157,13,0,0,0,0,0,0,0,7,3150,12,0,1010933,77,14.0020742,
zero-competition-targeted-clear1,0,64,sessile-oak,0,0,0,0,0,0,0,9,0,2,0,4,0,0,0,7,3150,12,0,1010933,77,14.0020742,
zero-competition-targeted-clear1,0,64,beech,0,0,0,0,0,0,0,9,0,4,0,2,0,0,0,7,3150,12,0,1010933,77,14.0020742,
zero-competition-targeted-clear1,0,65,sitka-spruce,0,0,44.041008,0,72.87721,0,162,13,0,0,0,0,0,0,0,7,3150,12,0,1010933,76,13.9919128,
zero-competition-targeted-clear1,0,65,sessile-oak,0,0,0,0,0,0,0,9,0,2,0,4,0,0,0,7,3150,12,0,1010933,76,13.9919128,
zero-competition-targeted-clear1,0,65,beech,0,0,0,0,0,0,0,9,0,4,0,2,0,0,0,7,3150,12,0,1010933,76,13.9919128,
zero-competition-targeted-clear1,0,66,sitka-spruce,0,0,43.5941429,0,74.17873,0,166,13,0,0,0,0,0,0,0,7,3150,12,0,1010933,75,13.9059973,
zero-competition-targeted-clear1,0,66,sessile-oak,0,0,0,0,0,0,0,9,0,2,0,4,0,0,0,7,3150,12,0,1010933,75,13.9059973,
zero-competition-targeted-clear1,0,66,beech,0,0,0,0,0,0,0,9,0,4,0,2,0,0,0,7,3150,12,0,1010933,75,13.9059973,
zero-competition-targeted-clear1,0,67,sitka-spruce,0,0,45.4408722,0,75.2643356,0,170,13,0,0,0,0,0,0,0,7,3150,12,0,1010933,71,13.8427048,
zero-competition-targeted-clear1,0,67,sessile-oak,0,0,0,0,0,0,0,9,0,2,0,4,0,0,0,7,3150,12,0,1010933,71,13.8427048,
zero-competition-targeted-clear1,0,67,beech,0,0,0,0,0,0,0,9,0,4,0,2,0,0,0,7,3150,12,0,1010933,71,13.8427048,
zero-competition-targeted-clear1,0,68,sitka-spruce,0,0,47.5254936,0,76.30663,0,174,13,0,0,0,0,0,0,0,7,3150,12,0,1010933,70,13.9456291,
zero-competition-targeted-clear1,0,68,sessile-oak,0,0,0,0,0,0,0,9,0,2,0,4,0,0,0,7,3150,12,0,1010933,70,13.9456291,
zero-competition-targeted-clear1,0,68,beech,0,0,0,0,0,0,0,9,0,4,0,2,0,0,0,7,3150,12,0,1010933,70,13.9456291,
zero-competition-targeted-clear1,0,69,sitka-spruce,0,0,48.52945,0,77.29809,0,178,13,0,0,0,0,0,0,0,7,3150,12,0,1010933,69,13.9933319,
zero-competition-targeted-clear1,0,69,sessile-oak,0,0,0,0,0,0,0,9,0,2,0,4,0,0,0,7,3150,12,0,1010933,69,13.9933319,
zero-competition-targeted-clear1,0,69,beech,0,0,0,0,0,0,0,9,0,4,0,2,0,0,0,7,3150,12,0,1010933,69,13.9933319,
zero-competition-targeted-clear1,0,70,sitka-spruce,0,0,49.0455437,0,78.45153,0,179,13,0,0,0,0,0,0,0,7,3150,12,0,1010933,63,13.8441715,
zero-competition-targeted-clear1,0,70,sessile-oak,0,0,0,0,0,0,0,9,0,2,0,4,0,0,0,7,3150,12,0,1010933,63,13.8441715,
zero-competition-targeted-clear1,0,70,beech,0,0,0,0,0,0,0,9,0,4,0,2,0,0,0,7,3150,12,0,1010933,63,13.8441715,
zero-competition-targeted-clear1,0,71,sitka-spruce,0,0,49.0732536,0,79.73682,0,182,13,0,0,0,0,0,0,0,7,3150,12,0,1010933,64,13.9329538,
zero-competition-targeted-clear1,0,71,sessile-oak,0,0,0,0,0,0,0,9,0,2,0,4,0,0,0,7,3150,12,0,1010933,64,13.9329538,
zero-competition-targeted-clear1,0,71,beech,0,0,0,0,0,0,0,9,0,4,0,2,0,0,0,7,3150,12,0,1010933,64,13.9329538,
zero-competition-targeted-clear1,0,72,sitka-spruce,0,0,47.8869,0,80.95933,0,189,13,0,0,0,0,0,0,0,7,3150,12,0,1010933,66,13.8249245,
zero-competition-targeted-clear1,0,72,sessile-oak,0,0,0,0,0,0,0,9,0,2,0,4,0,0,0,7,3150,12,0,1010933,66,13.8249245,
zero-competition-targeted-clear1,0,72,beech,0,0,0,0,0,0,0,9,0,4,0,2,0,0,0,7,3150,12,0,1010933,66,13.8249245,
zero-competition-targeted-clear1,0,73,sitka-spruce,0,0,49.41913,0,82.05408,0,193,13,0,0,0,0,0,0,0,7,3150,12,0,1010933,62,13.9288616,
zero-competition-targeted-clear1,0,73,sessile-oak,0,0,0,0,0,0,0,9,0,2,0,4,0,0,0,7,3150,12,0,1010933,62,13.9288616,
zero-competition-targeted-clear1,0,73,beech,0,0,0,0,0,0,0,9,0,4,0,2,0,0,0,7,3150,12,0,1010933,62,13.9288616,
zero-competition-targeted-clear1,0,74,sitka-spruce,0,0,48.71378,0,83.69106,0,199,13,0,0,0,0,0,0,0,7,3150,12,0,1010933,62,13.717577,
zero-competition-targeted-clear1,0,74,sessile-oak,0,0,0,0,0,0,0,9,0,2,0,4,0,0,0,7,3150,12,0,1010933,62,13.717577,
zero-competition-targeted-clear1,0,74,beech,0,0,0,0,0,0,0,9,0,4,0,2,0,0,0,7,3150,12,0,1010933,62,13.717577,
zero-competition-targeted-clear1,0,75,sitka-spruce,0,0,50.2469254,0,85.09325,0,201,13,0,0,0,0,0,0,0,7,3150,12,0,1010933,57,13.7140942,
zero-competition-targeted-clear1,0,75,sessile-oak,0,0,0,0,0,0,0,9,0,2,0,4,0,0,0,7,3150,12,0,1010933,57,13.7140942,
zero-competition-targeted-clear1,0,75,beech,0,0,0,0,0,0,0,9,0,4,0,2,0,0,0,7,3150,12,0,1010933,57,13.7140942,
zero-competition-targeted-clear1,0,76,sitka-spruce,0,0,50.237072,0,86.5968552,0,207,13,0,0,0,0,0,0,0,7,3150,12,0,1010933,60,13.7533293,
zero-competition-targeted-clear1,0,76,sessile-oak,0,0,0,0,0,0,0,9,0,2,0,4,0,0,0,7,3150,12,0,1010933,60,13.7533293,
zero-competition-targeted-clear1,0,76,beech,0,0,0,0,0,0,0,9,0,4,0,2,0,0,0,7,3150,12,0,1010933,60,13.7533293,
zero-competition-targeted-clear1,0,77,sitka-spruce,0,0,49.6391945,0,87.79522,0,211,13,0,0,0,0,0,0,0,7,3150,12,0,1010933,57,13.7699108,
zero-competition-targeted-clear1,0,77,sessile-oak,0,0,0,0,0,0,0,9,0,2,0,4,0,0,0,7,3150,12,0,1010933,57,13.7699108,
zero-competition-targeted-clear1,0,77,beech,0,0,0,0,0,0,0,9,0,4,0,2,0,0,0,7,3150,12,0,1010933,57,13.7699108,
zero-competition-targeted-clear1,0,78,sitka-spruce,0,0,49.0157928,0,89.04483,0,215,13,0,0,0,0,0,0,0,7,3150,12,0,1010933,56,13.774003,
zero-competition-targeted-clear1,0,78,sessile-oak,0,0,0,0,0,0,0,9,0,2,0,4,0,0,0,7,3150,12,0,1010933,56,13.774003,
zero-competition-targeted-clear1,0,78,beech,0,0,0,0,0,0,0,9,0,4,0,2,0,0,0,7,3150,12,0,1010933,56,13.774003,
zero-competition-targeted-clear1,0,79,sitka-spruce,0,0,46.0102463,0,90.1769257,0,220,13,0,0,0,0,0,0,0,7,3150,12,0,1010933,56,13.8784552,
zero-competition-targeted-clear1,0,79,sessile-oak,0,0,0,0,0,0,0,9,0,2,0,4,0,0,0,7,3150,12,0,1010933,56,13.8784552,
zero-competition-targeted-clear1,0,79,beech,0,0,0,0,0,0,0,9,0,4,0,2,0,0,0,7,3150,12,0,1010933,56,13.8784552,
zero-competition-targeted-clear1,0,80,sitka-spruce,0,0,47.61408,0,91.4273453,0,224,13,0,0,0,0,0,0,0,7,3150,12,0,1010933,54,13.8640423,
zero-competition-targeted-clear1,0,80,sessile-oak,0,0,0,0,0,0,0,9,0,2,0,4,0,0,0,7,3150,12,0,1010933,54,13.8640423,
zero-competition-targeted-clear1,0,80,beech,0,0,0,0,0,0,0,9,0,4,0,2,0,0,0,7,3150,12,0,1010933,54,13.8640423,
zero-competition-targeted-clear1,0,81,sitka-spruce,0,0,45.6832657,0,92.50637,0,230,13,0,0,0,0,0,0,0,7,3150,12,0,1010933,55,13.8313465,
zero-competition-targeted-clear1,0,81,sessile-oak,0,0,0,0,0,0,0,9,0,2,0,4,0,0,0,7,3150,12,0,1010933,55,13.8313465,
zero-competition-targeted-clear1,0,81,beech,0,0,0,0,0,0,0,9,0,4,0,2,0,0,0,7,3150,12,0,1010933,55,13.8313465,
zero-competition-targeted-clear1,0,82,sitka-spruce,0,0,49.5158348,0,93.45067,0,233,13,0,0,0,0,0,0,0,7,3150,12,0,1010933,51,13.8046551,
zero-competition-targeted-clear1,0,82,sessile-oak,0,0,0,0,0,0,0,9,0,2,0,4,0,0,0,7,3150,12,0,1010933,51,13.8046551,
zero-competition-targeted-clear1,0,82,beech,0,0,0,0,0,0,0,9,0,4,0,2,0,0,0,7,3150,12,0,1010933,51,13.8046551,
zero-competition-targeted-clear1,0,83,sitka-spruce,0,0,51.3471375,0,94.41923,0,236,13,0,0,0,0,0,0,0,7,3150,12,0,1010933,49,13.6136093,
zero-competition-targeted-clear1,0,83,sessile-oak,0,0,0,0,0,0,0,9,0,2,0,4,0,0,0,7,3150,12,0,1010933,49,13.6136093,
zero-competition-targeted-clear1,0,83,beech,0,0,0,0,0,0,0,9,0,4,0,2,0,0,0,7,3150,12,0,1010933,49,13.6136093,
zero-competition-targeted-clear1,0,84,sitka-spruce,0,0,50.55474,0,95.34711,0,241,13,0,0,0,0,0,0,0,7,3150,12,0,1010933,54,13.8610859,
zero-competition-targeted-clear1,0,84,sessile-oak,0,0,0,0,0,0,0,9,0,2,0,4,0,0,0,7,3150,12,0,1010933,54,13.8610859,
zero-competition-targeted-clear1,0,84,beech,0,0,0,0,0,0,0,9,0,4,0,2,0,0,0,7,3150,12,0,1010933,54,13.8610859,
zero-competition-targeted-clear1,0,85,sitka-spruce,0,0,52.4406776,0,96.5641251,0,244,13,0,0,0,0,0,0,0,7,3150,12,0,1010933,48,13.7618084,
zero-competition-targeted-clear1,0,85,sessile-oak,0,0,0,0,0,0,0,9,0,2,0,4,0,0,0,7,3150,12,0,1010933,48,13.7618084,
zero-competition-targeted-clear1,0,85,beech,0,0,0,0,0,0,0,9,0,4,0,2,0,0,0,7,3150,12,0,1010933,48,13.7618084,
zero-competition-targeted-clear1,0,86,sitka-spruce,0,0,54.8045425,0,97.62895,0,246,13,0,0,0,0,0,0,0,7,3150,12,0,1010933,46,13.7022743,
zero-competition-targeted-clear1,0,86,sessile-oak,0,0,0,0,0,0,0,9,0,2,0,4,0,0,0,7,3150,12,0,1010933,46,13.7022743,
zero-competition-targeted-clear1,0,86,beech,0,0,0,0,0,0,0,9,0,4,0,2,0,0,0,7,3150,12,0,1010933,46,13.7022743,
zero-competition-targeted-clear1,0,87,sitka-spruce,0,0,54.5072861,0,98.4981155,0,251,13,0,0,0,0,0,0,0,7,3150,12,0,1010933,48,13.6326036,
zero-competition-targeted-clear1,0,87,sessile-oak,0,0,0,0,0,0,0,9,0,2,0,4,0,0,0,7,3150,12,0,1010933,48,13.6326036,
zero-competition-targeted-clear1,0,87,beech,0,0,0,0,0,0,0,9,0,4,0,2,0,0,0,7,3150,12,0,1010933,48,13.6326036,
zero-competition-targeted-clear1,0,88,sitka-spruce,0,0,53.589653,0,100.134308,0,256,13,0,0,0,0,0,0,0,7,3150,12,0,1010933,51,13.8627663,
zero-competition-targeted-clear1,0,88,sessile-oak,0,0,0,0,0,0,0,9,0,2,0,4,0,0,0,7,3150,12,0,1010933,51,13.8627663,
zero-competition-targeted-clear1,0,88,beech,0,0,0,0,0,0,0,9,0,4,0,2,0,0,0,7,3150,12,0,1010933,51,13.8627663,
zero-competition-targeted-clear1,0,89,sitka-spruce,0,0,54.438446,0,101.167343,0,261,13,0,0,0,0,0,0,0,7,3150,12,0,1010933,47,13.7794428,
zero-competition-targeted-clear1,0,89,sessile-oak,0,0,0,0,0,0,0,9,0,2,0,4,0,0,0,7,3150,12,0,1010933,47,13.7794428,
zero-competition-targeted-clear1,0,89,beech,0,0,0,0,0,0,0,9,0,4,0,2,0,0,0,7,3150,12,0,1010933,47,13.7794428,
zero-competition-targeted-clear1,0,90,sitka-spruce,0,0,54.7128372,0,102.139748,0,265,13,0,0,0,0,0,0,0,7,3150,12,0,1010933,45,13.7325544,
zero-competition-targeted-clear1,0,90,sessile-oak,0,0,0,0,0,0,0,9,0,2,0,4,0,0,0,7,3150,12,0,1010933,45,13.7325544,
zero-competition-targeted-clear1,0,90,beech,0,0,0,0,0,0,0,9,0,4,0,2,0,0,0,7,3150,12,0,1010933,45,13.7325544,
zero-competition-targeted-clear1,0,91,sitka-spruce,0,0,56.95466,0,103.071014,0,269,13,0,0,0,0,0,0,0,7,3150,12,0,1010933,44,13.6503162,
zero-competition-targeted-clear1,0,91,sessile-oak,0,0,0,0,0,0,0,9,0,2,0,4,0,0,0,7,3150,12,0,1010933,44,13.6503162,
zero-competition-targeted-clear1,0,91,beech,0,0,0,0,0,0,0,9,0,4,0,2,0,0,0,7,3150,12,0,1010933,44,13.6503162,
zero-competition-targeted-clear1,0,92,sitka-spruce,0,0,57.7574654,0,103.8688,0,274,13,0,0,0,0,0,0,0,7,3150,12,0,1010933,44,13.51926,
zero-competition-targeted-clear1,0,92,sessile-oak,0,0,0,0,0,0,0,9,0,2,0,4,0,0,0,7,3150,12,0,1010933,44,13.51926,
zero-competition-targeted-clear1,0,92,beech,0,0,0,0,0,0,0,9,0,4,0,2,0,0,0,7,3150,12,0,1010933,44,13.51926,
zero-competition-targeted-clear1,0,93,sitka-spruce,0,0,55.2061768,0,105.0711,0,279,13,0,0,0,0,0,0,0,7,3150,12,0,1010933,48,13.7327261,
zero-competition-targeted-clear1,0,93,sessile-oak,0,0,0,0,0,0,0,9,0,2,0,4,0,0,0,7,3150,12,0,1010933,48,13.7327261,
zero-competition-targeted-clear1,0,93,beech,0,0,0,0,0,0,0,9,0,4,0,2,0,0,0,7,3150,12,0,1010933,48,13.7327261,
zero-competition-targeted-clear1,0,94,sitka-spruce,0,0,54.8840179,0,106.298492,0,282,13,0,0,0,0,0,0,0,7,3150,12,0,1010933,41,13.5061541,
zero-competition-targeted-clear1,0,94,sessile-oak,0,0,0,0,0,0,0,9,0,2,0,4,0,0,0,7,3150,12,0,1010933,41,13.5061541,
zero-competition-targeted-clear1,0,94,beech,0,0,0,0,0,0,0,9,0,4,0,2,0,0,0,7,3150,12,0,1010933,41,13.5061541,
zero-competition-targeted-clear1,0,95,sitka-spruce,0,0,53.9354324,0,107.361595,0,286,13,0,0,0,0,0,0,0,7,3150,12,0,1010933,43,13.7091961,
zero-competition-targeted-clear1,0,95,sessile-oak,0,0,0,0,0,0,0,9,0,2,0,4,0,0,0,7,3150,12,0,1010933,43,13.7091961,
zero-competition-targeted-clear1,0,95,beech,0,0,0,0,0,0,0,9,0,4,0,2,0,0,0,7,3150,12,0,1010933,43,13.7091961,
zero-competition-targeted-clear1,0,96,sitka-spruce,0,0,55.58277,0,108.281731,0,292,13,0,0,0,0,0,0,0,7,3150,12,0,1010933,43,13.6471739,
zero-competition-targeted-clear1,0,96,sessile-oak,0,0,0,0,0,0,0,9,0,2,0,4,0,0,0,7,3150,12,0,1010933,43,13.6471739,
zero-competition-targeted-clear1,0,96,beech,0,0,0,0,0,0,0,9,0,4,0,2,0,0,0,7,3150,12,0,1010933,43,13.6471739,
zero-competition-targeted-clear1,0,97,sitka-spruce,0,0,55.41429,0,109.379189,0,296,13,0,0,0,0,0,0,0,7,3150,12,0,1010933,40,13.4814539,
zero-competition-targeted-clear1,0,97,sessile-oak,0,0,0,0,0,0,0,9,0,2,0,4,0,0,0,7,3150,12,0,1010933,40,13.4814539,
zero-competition-targeted-clear1,0,97,beech,0,0,0,0,0,0,0,9,0,4,0,2,0,0,0,7,3150,12,0,1010933,40,13.4814539,
zero-competition-targeted-clear1,0,98,sitka-spruce,0,0,55.80554,0,110.981194,0,299,13,0,0,0,0,0,0,0,7,3150,12,0,1010933,40,13.669713,
zero-competition-targeted-clear1,0,98,sessile-oak,0,0,0,0,0,0,0,9,0,2,0,4,0,0,0,7,3150,12,0,1010933,40,13.669713,
zero-competition-targeted-clear1,0,98,beech,0,0,0,0,0,0,0,9,0,4,0,2,0,0,0,7,3150,12,0,1010933,40,13.669713,
zero-competition-targeted-clear1,0,99,sitka-spruce,0,0,58.51332,0,112.553719,0,302,13,0,0,0,0,0,0,0,7,3150,12,0,1010933,38,13.4643812,
zero-competition-targeted-clear1,0,99,sessile-oak,0,0,0,0,0,0,0,9,0,2,0,4,0,0,0,7,3150,12,0,1010933,38,13.4643812,
zero-competition-targeted-clear1,0,99,beech,0,0,0,0,0,0,0,9,0,4,0,2,0,0,0,7,3150,12,0,1010933,38,13.4643812,
zero-competition-targeted-clear1,0,100,sitka-spruce,0,0,59.2899933,0,114.359978,0,306,13,0,0,0,0,0,0,0,7,3150,12,0,1010933,41,13.6542149,56A5B6598E4AD314
zero-competition-targeted-clear1,0,100,sessile-oak,0,0,0,0,0,0,0,9,0,2,0,4,0,0,0,7,3150,12,0,1010933,41,13.6542149,56A5B6598E4AD314
zero-competition-targeted-clear1,0,100,beech,0,0,0,0,0,0,0,9,0,4,0,2,0,0,0,7,3150,12,0,1010933,41,13.6542149,56A5B6598E4AD314
