run,repeat,year,species,seed_arrival,requested,accepted,rejected,light_loss,browse_loss,exported,exact_recruits,remaining,ferns,grasses,shrubs,living_adults,deadwood_records,annual_ms,clearance_cells
thin0_browse0_clear0,0,1,sitka-spruce,407.40866088867188,0.9964715838432312,0.9964715838432312,0,0,0,0,0,0.996471643447876,0.032020263373851776,0.019343031570315361,0.015662945806980133,336,0,170.856,0
thin0_browse0_clear0,0,2,sitka-spruce,298.69729614257813,0.84992539882659912,0.84992539882659912,0,0.020647039636969566,0,0,0,1.8257498741149902,0.032773625105619431,0.020547013729810715,0.01736907847225666,336,0,166.48950000000002,0
thin0_browse0_clear0,0,3,sitka-spruce,1034.5086669921875,2.0362234115600586,2.0362234115600586,0,0.029339807108044624,0,0,0,3.8326330184936523,0.034548833966255188,0.022158915176987648,0.019163740798830986,336,0,142.7363,0
thin0_browse0_clear0,0,4,sitka-spruce,513.56103515625,1.4668514728546143,1.4668514728546143,0,0.061919093132019043,0,0,0,5.2375655174255371,0.03703797236084938,0.023863760754466057,0.02092461846768856,336,0,136.3039,0
thin0_browse0_clear0,0,5,sitka-spruce,602.173828125,1.7505034208297729,1.7505034208297729,0,0.080849930644035339,0,0,0,6.907219409942627,0.039880145341157913,0.025548921898007393,0.022653216496109962,336,0,134.79500000000002,0
thin0_browse0_clear0,0,6,sitka-spruce,1707.435302734375,2.9273824691772461,2.7914383411407471,0.1359441876411438,0.071099534630775452,0,0,0,9.6275577545166016,0.042901918292045593,0.027250340208411217,0.024310246109962463,336,0,140.9062,0
thin0_browse0_clear0,0,7,sitka-spruce,1896.47412109375,3.12493634223938,1.6260514259338379,1.4988852739334106,0.087016411125659943,0,0,0,11.166591644287109,0.046094488352537155,0.028875036165118217,0.025823900476098061,336,0,141.3607,0
thin0_browse0_clear0,0,8,sitka-spruce,3116.54638671875,3.4132413864135742,1.331570029258728,2.0816712379455566,0.12187305837869644,0,0,0,12.376289367675781,0.049145616590976715,0.030361076816916466,0.027185771614313126,336,0,129.3611,0
thin0_browse0_clear0,0,9,sitka-spruce,902.0435791015625,2.6112582683563232,1.0531500577926636,1.5581082105636597,0.16093169152736664,0,0,0,13.26850700378418,0.051527321338653564,0.031670417636632919,0.02850385382771492,336,0,129.6098,0
thin0_browse0_clear0,0,10,sitka-spruce,967.5926513671875,2.8092741966247559,1.049519419670105,1.7597548961639404,0.17573222517967224,0,0,0,14.142294883728027,0.053506117314100266,0.032783165574073792,0.029692891985177994,334,2,155.7915,0
thin0_browse0_clear0,0,11,sitka-spruce,937.0325927734375,2.8185620307922363,0.76476967334747314,2.0537919998168945,0.1548934131860733,0,0,0,14.752170562744141,0.055077768862247467,0.033666756004095078,0.030673176050186157,331,5,151.8496,0
thin0_browse0_clear0,0,12,sitka-spruce,2281.168701171875,3.6869397163391113,0.96710836887359619,2.7198309898376465,0.17240701615810394,0,0,0,15.546872138977051,0.056457366794347763,0.0343363881111145,0.0314347930252552,328,8,140.7106,0
thin0_browse0_clear0,0,13,sitka-spruce,2200.8408203125,3.7484848499298096,0.87241852283477783,2.8760664463043213,0.28083169460296631,0,0.87622463703155518,3,15.262234687805176,0.057232953608036041,0.034945026040077209,0.031982246786355972,324,15,141.66500000000002,0
thin0_browse0_clear0,0,14,sitka-spruce,858.79046630859375,2.819427490234375,1.4655239582061768,1.3539034128189087,0.3274790346622467,0,0.62874084711074829,2,15.771538734436035,0.061035450547933578,0.031317710876464844,0.028092946857213974,319,22,139.8698,0
thin0_browse0_clear0,0,15,sitka-spruce,3130.7763671875,3.8818721771240234,1.7060954570770264,2.175776481628418,0.34142142534255981,0,1.9867663383483887,4,15.149446487426758,0.063514918088912964,0.029066635295748711,0.024896493181586266,313,32,134.2741,0
thin0_browse0_clear0,0,16,sitka-spruce,809.88140869140625,2.8466181755065918,1.911463737487793,0.93515431880950928,0.40241259336471558,0,0.59294182062149048,1,16.065555572509766,0.070840194821357727,0.023215264081954956,0.018700649961829185,303,43,134.6065,0
thin0_browse0_clear0,0,17,sitka-spruce,778.10980224609375,3.247319221496582,2.4040415287017822,0.8432774543762207,0.37530282139778137,0,0.26871630549430847,1,17.825576782226563,0.081236861646175385,0.019358908757567406,0.013394028879702091,288,59,118.1389,0
thin0_browse0_clear0,0,18,sitka-spruce,1933.453857421875,4.4703783988952637,2.11392879486084,2.3564491271972656,0.34756633639335632,0,3.1395821571350098,5,16.452358245849609,0.093930132687091827,0.015556292608380318,0.0097528416663408279,288,64,110.364,0
thin0_browse0_clear0,0,19,sitka-spruce,766.95849609375,3.0880584716796875,2.2209992408752441,0.86705917119979858,0.41285523772239685,0,0.14201650023460388,1,18.118484497070313,0.1036006286740303,0.011314596980810165,0.0060779177583754063,282,71,106.1755,0
thin0_browse0_clear0,0,20,sitka-spruce,760.25860595703125,3.2170274257659912,2.5111837387084961,0.70584368705749512,0.42179727554321289,0,0,0,20.20787239074707,0.1123780831694603,0.0087663643062114716,0.003966023214161396,273,80,98.007100000000008,0
thin0_browse0_clear0,0,21,sitka-spruce,1888.1396484375,4.5752048492431641,2.8263962268829346,1.7488092184066772,0.41766926646232605,0,0.58867871761322021,1,22.027919769287109,0.11962714046239853,0.0081387553364038467,0.0029854346066713333,265,89,92.6037,0
thin0_browse0_clear0,0,22,sitka-spruce,2815.55126953125,4.75257682800293,2.4331445693969727,2.3194315433502197,0.83326137065887451,0,0,0,23.627803802490234,0.12245522439479828,0.009184790775179863,0.0037323124706745148,256,98,87.6812,0
thin0_browse0_clear0,0,23,sitka-spruce,1889.2867431640625,4.4823746681213379,1.9849631786346436,2.4974117279052734,0.91942876577377319,0,0.52291387319564819,1,24.17042350769043,0.1243402287364006,0.0096931969746947289,0.0039332127198576927,253,102,84.3401,0
thin0_browse0_clear0,0,24,sitka-spruce,1837.6802978515625,4.856137752532959,2.3157417774200439,2.5403962135314941,0.86735594272613525,0,0.23675358295440674,1,25.382055282592773,0.1294369101524353,0.010017573833465576,0.0039077415131032467,241,115,87.5129,0
thin0_browse0_clear0,0,25,sitka-spruce,2738.304931640625,5.2012434005737305,2.6527440547943115,2.54849910736084,1.1834683418273926,0,0.19130200147628784,1,26.6600284576416,0.13767029345035553,0.0097975060343742371,0.0037088259123265743,234,123,76.0663,0
thin0_browse0_clear0,0,26,sitka-spruce,1813.728515625,4.9919052124023438,2.4241619110107422,2.567744255065918,1.0572494268417358,0,0.3123210072517395,1,27.714620590209961,0.14390760660171509,0.0091498345136642456,0.0033270970452576876,227,131,72.1945,0
thin0_browse0_clear0,0,27,sitka-spruce,714.550048828125,3.8637702465057373,1.9865608215332031,1.8772091865539551,1.0364383459091187,0,0.64102017879486084,2,28.023723602294922,0.15216471254825592,0.0083268191665411,0.002927741501480341,218,142,72.443,0
thin0_browse0_clear0,0,28,sitka-spruce,1752.28125,5.6361212730407715,2.960057258605957,2.6760632991790771,0.88927268981933594,0,1.2216248512268066,2,28.872882843017578,0.16093635559082031,0.007398105226457119,0.0024666192475706339,208,154,73.2702,0
thin0_browse0_clear0,0,29,sitka-spruce,1755.679931640625,5.98357629776001,3.6313076019287109,2.3522672653198242,0.8497353196144104,0,1.2295446395874023,2,30.424911499023438,0.16975104808807373,0.0066615259274840355,0.0015084295300766826,202,162,75.952,0
thin0_browse0_clear0,0,30,sitka-spruce,2621.98583984375,6.3095541000366211,3.9730062484741211,2.3365471363067627,1.0717527866363525,0,0,0,33.326164245605469,0.17847321927547455,0.0051732715219259262,0.00082963623572140932,193,171,59.4189,0
thin0_browse0_clear0,0,31,sitka-spruce,2613.889404296875,6.6072320938110352,3.221625804901123,3.3856072425842285,0.98098218441009521,0,0.53576886653900146,1,35.031040191650391,0.18395215272903442,0.0061678360216319561,0.0019080260535702109,187,178,59.033100000000005,0
thin0_browse0_clear0,0,32,sitka-spruce,1723.145263671875,6.9712209701538086,3.7704861164093018,3.2007350921630859,1.3231682777404785,0,1.3036626577377319,4,36.1746940612793,0.19438700377941132,0.0076630902476608753,0.0024186908267438412,180,189,59.618900000000004,0
thin0_browse0_clear0,0,33,sitka-spruce,676.18341064453125,4.7730326652526855,2.473900318145752,2.2991328239440918,1.3502165079116821,0,1.7655643224716187,5,35.532814025878906,0.19840444624423981,0.00961017794907093,0.0039075254462659359,174,200,61.0133,0
thin0_browse0_clear0,0,34,sitka-spruce,687.562255859375,4.6832504272460938,2.7855322360992432,1.8977181911468506,1.1784794330596924,0,0.831447422504425,3,36.308422088623047,0.20305868983268738,0.00974714383482933,0.004416103009134531,171,206,55.7113,0
thin0_browse0_clear0,0,35,sitka-spruce,687.7698974609375,4.5694828033447266,2.6583817005157471,1.9111013412475586,1.3838984966278076,0,1.025615930557251,3,36.557289123535156,0.20418637990951538,0.0088085979223251343,0.0036112039815634489,168,212,56.3395,0
thin0_browse0_clear0,0,36,sitka-spruce,698.45758056640625,4.6319594383239746,2.4313027858734131,2.2006568908691406,1.152436375617981,0,0.14201644062995911,1,37.694137573242188,0.20419991016387939,0.0081332046538591385,0.0036257386673241854,164,217,53.673500000000004,0
thin0_browse0_clear0,0,37,sitka-spruce,697.62872314453125,4.7590079307556152,2.431102991104126,2.3279054164886475,1.3603793382644653,0,3.0615520477294922,4,35.70330810546875,0.20351815223693848,0.0097026089206337929,0.0040861926972866058,160,225,56.324000000000005,0
thin0_browse0_clear0,0,38,sitka-spruce,676.3118896484375,4.9300665855407715,2.3662004470825195,2.5638644695281982,1.0475454330444336,0,1.0824670791625977,3,35.939495086669922,0.20435550808906555,0.011917364783585072,0.0052753593772649765,151,237,53.2314,0
thin0_browse0_clear0,0,39,sitka-spruce,1662.1322021484375,7.51806640625,3.7784936428070068,3.7395734786987305,0.96755045652389526,0,1.3057916164398193,3,37.444648742675781,0.20426841080188751,0.015780000016093254,0.0077901273034513,146,245,51.5544,0
thin0_browse0_clear0,0,40,sitka-spruce,675.10894775390625,5.1435346603393555,2.534369945526123,2.6091651916503906,1.0910651683807373,0,0.21516260504722595,2,38.67279052734375,0.20150341093540192,0.01910477876663208,0.010371783748269081,142,251,46.6948,0
thin0_browse0_clear0,0,41,sitka-spruce,1686.989013671875,7.06657075881958,3.3728592395782471,3.6937112808227539,1.1956018209457397,0,1.4464564323425293,4,39.403591156005859,0.20302078127861023,0.019325334578752518,0.011449528858065605,141,256,45.746700000000004,0
thin0_browse0_clear0,0,42,sitka-spruce,1682.2266845703125,6.894660472869873,3.1753578186035156,3.7193012237548828,1.0164948701858521,0,0.25821071863174438,2,41.304241180419922,0.20200380682945251,0.0203313659876585,0.013173678889870644,135,264,43.899,0
thin0_browse0_clear0,0,43,sitka-spruce,1693.502197265625,7.0088849067687988,2.6875936985015869,4.3212909698486328,0.84808462858200073,0,1.2740354537963867,4,41.869716644287109,0.20425793528556824,0.02044612355530262,0.013983592391014099,132,271,44.3885,0
thin0_browse0_clear0,0,44,sitka-spruce,1642.1239013671875,7.3989863395690918,2.5471634864807129,4.8518233299255371,1.4374617338180542,0,2.0587155818939209,6,40.920703887939453,0.2077377587556839,0.021728383377194405,0.01701405830681324,130,279,46.812400000000004,0
thin0_browse0_clear0,0,45,sitka-spruce,1680.484130859375,7.2020778656005859,3.368405818939209,3.8336715698242188,1.3440433740615845,0,0.51268792152404785,2,42.432376861572266,0.20802031457424164,0.022739749401807785,0.018380826339125633,125,286,45.6586,0
thin0_browse0_clear0,0,46,sitka-spruce,662.01812744140625,5.3403754234313965,2.3559625148773193,2.9844131469726563,1.5379997491836548,0,0.21544270217418671,1,43.034896850585938,0.21015828847885132,0.024117212742567062,0.020188743248581886,121,291,37.8887,0
thin0_browse0_clear0,0,47,sitka-spruce,1658.482421875,7.381007194519043,2.5803766250610352,4.8006291389465332,1.3616268634796143,0,0.83730298280715942,5,43.416343688964844,0.21127839386463165,0.02336677722632885,0.018975568935275078,123,294,43.974900000000005,0
thin0_browse0_clear0,0,48,sitka-spruce,645.2916259765625,5.3700900077819824,2.1329617500305176,3.2371280193328857,1.2817811965942383,0,2.4278464317321777,6,41.839679718017578,0.21803702414035797,0.021604340523481369,0.016265904530882835,118,305,47.1984,0
thin0_browse0_clear0,0,49,sitka-spruce,649.40802001953125,5.1563801765441895,2.0936386585235596,3.0627424716949463,1.4639074802398682,0,1.4517459869384766,3,41.017662048339844,0.22091351449489594,0.020340703427791595,0.016701290383934975,112,314,41.552600000000005,0
thin0_browse0_clear0,0,50,sitka-spruce,2446.061767578125,7.5658135414123535,3.4511408805847168,4.1146721839904785,1.286934494972229,0,3.1581249237060547,5,40.023746490478516,0.21939940750598907,0.021116608753800392,0.017831198871135712,111,320,44.2519,0
thin0_browse0_clear0,0,51,sitka-spruce,645.29937744140625,5.1943988800048828,2.57507061958313,2.6193289756774902,1.4980974197387695,0,2.5265040397644043,5,38.574214935302734,0.22172242403030396,0.022584334015846252,0.01920173317193985,108,328,41.461800000000004,0
thin0_browse0_clear0,0,52,sitka-spruce,2467.723388671875,7.5761260986328125,3.8736324310302734,3.70249342918396,1.4397052526474,0,0.88612580299377441,4,40.122013092041016,0.21881559491157532,0.023577474057674408,0.019996890798211098,107,333,38.681200000000004,0
thin0_browse0_clear0,0,53,sitka-spruce,1684.8262939453125,7.0140600204467773,3.8306400775909424,3.183419942855835,1.979013204574585,0,1.3364850282669067,4,40.637157440185547,0.21492955088615417,0.023859072476625443,0.020127501338720322,106,338,38.3913,0
thin0_browse0_clear0,0,54,sitka-spruce,663.460693359375,4.9829230308532715,2.6843082904815674,2.2986149787902832,1.5681501626968384,0,1.6159365177154541,6,40.137378692626953,0.21559518575668335,0.023778993636369705,0.019891045987606049,102,348,42.4786,0
thin0_browse0_clear0,0,55,sitka-spruce,1654.554443359375,6.8744182586669922,4.1284360885620117,2.7459816932678223,1.3940757513046265,0,0.072935119271278381,1,42.798801422119141,0.21344633400440216,0.022940590977668762,0.019000913947820663,99,352,31.7618,0
thin0_browse0_clear0,0,56,sitka-spruce,648.0296630859375,5.2847309112548828,2.7027513980865479,2.5819809436798096,1.490382194519043,0,1.5855975151062012,2,42.425575256347656,0.22164204716682434,0.022677658125758171,0.018388383090496063,92,361,34.2166,0
thin0_browse0_clear0,0,57,sitka-spruce,1599.654541015625,7.5893774032592773,3.1177170276641846,4.4716596603393555,1.3395277261734009,0,3.1177659034729004,8,41.08599853515625,0.22455324232578278,0.023424897342920303,0.018099620938301086,95,366,40.1189,0
thin0_browse0_clear0,0,58,sitka-spruce,2385.473388671875,8.2516870498657227,4.2555184364318848,3.9961693286895752,1.2392687797546387,0,0.360902339220047,3,43.7413444519043,0.22999781370162964,0.02357405424118042,0.017299475148320198,88,376,34.122,0
thin0_browse0_clear0,0,59,sitka-spruce,1569.939453125,7.868250846862793,3.4763548374176025,4.3918967247009277,1.3986915349960327,0,0.54307353496551514,3,45.275936126708984,0.23842060565948486,0.023260803893208504,0.01608303003013134,85,382,31.5831,0
thin0_browse0_clear0,0,60,sitka-spruce,1550.992431640625,7.4810290336608887,2.8754582405090332,4.6055712699890137,1.5298080444335938,0,0.90701413154602051,2,45.714572906494141,0.2439454048871994,0.020259063690900803,0.013554517179727554,83,386,29.633000000000003,0
thin0_browse0_clear0,0,61,sitka-spruce,2344.37548828125,7.9146161079406738,3.3424375057220459,4.5721793174743652,1.4972271919250488,0,2.1905176639556885,2,45.369266510009766,0.24312745034694672,0.019632944837212563,0.012506322003901005,80,391,29.695800000000002,0
thin0_browse0_clear0,0,62,sitka-spruce,1554.4141845703125,7.421837329864502,2.8740799427032471,4.5477590560913086,1.4315978288650513,0,1.8452522754669189,5,44.966495513916016,0.24022094905376434,0.019372951239347458,0.012154333293437958,81,395,32.0204,0
thin0_browse0_clear0,0,63,sitka-spruce,1544.245361328125,7.371798038482666,3.2302122116088867,4.1415853500366211,1.5844384431838989,0,1.9864494800567627,3,44.625820159912109,0.2376580685377121,0.018963130190968513,0.011918683536350727,77,402,31.4116,0
thin0_browse0_clear0,0,64,sitka-spruce,611.96539306640625,5.2086653709411621,2.451204776763916,2.7574613094329834,1.4933971166610718,0,0.99444913864135742,2,44.589176177978516,0.24063588678836823,0.018072500824928284,0.011200731620192528,74,407,30.2514,0
thin0_browse0_clear0,0,65,sitka-spruce,596.3751220703125,5.5264439582824707,2.8828208446502686,2.643622875213623,1.448194146156311,0,1.86017644405365,6,44.163627624511719,0.25259792804718018,0.016884202137589455,0.010166696272790432,75,412,34.821600000000004,0
thin0_browse0_clear0,0,66,sitka-spruce,596.576416015625,5.4933376312255859,2.9094300270080566,2.5839064121246338,1.300239086151123,0,1.5355253219604492,4,44.2372932434082,0.26051440834999084,0.015569854527711868,0.0089703835546970367,74,417,34.3292,0
thin0_browse0_clear0,0,67,sitka-spruce,1488.37451171875,8.15794849395752,4.4656825065612793,3.6922664642333984,1.1763958930969238,0,1.6879342794418335,4,45.838645935058594,0.26734089851379395,0.014488471671938896,0.0080801500007510185,71,424,32.387,0
thin0_browse0_clear0,0,68,sitka-spruce,1461.1695556640625,8.31734561920166,4.509920597076416,3.8074238300323486,0.86630809307098389,0,0.75867193937301636,5,48.723587036132813,0.2767198383808136,0.013433711603283882,0.007128699216991663,70,430,30.4086,0
thin0_browse0_clear0,0,69,sitka-spruce,584.383544921875,5.4338169097900391,2.7234444618225098,2.7103729248046875,0.8179289698600769,0,2.0791714191436768,4,48.549930572509766,0.28192666172981262,0.012416229583323002,0.0060950140468776226,68,436,31.3948,0
thin0_browse0_clear0,0,70,sitka-spruce,574.42230224609375,5.4052305221557617,2.9242355823516846,2.4809944629669189,0.94880276918411255,0,0.974164605140686,5,49.551197052001953,0.28827708959579468,0.011392807587981224,0.0049853799864649773,67,442,30.6934,0
thin0_browse0_clear0,0,71,sitka-spruce,571.217041015625,5.2493429183959961,2.9014196395874023,2.3479230403900146,1.0944288969039917,0,1.3636707067489624,6,49.9945182800293,0.29131904244422913,0.010354584082961082,0.0038205161690711975,67,448,33.4108,0
thin0_browse0_clear0,0,72,sitka-spruce,1386.24169921875,8.2335968017578125,4.2531876564025879,3.980410099029541,0.990848183631897,0,2.0769224166870117,6,51.179935455322266,0.29984620213508606,0.0093637034296989441,0.0027800702955573797,65,456,33.2121,0
thin0_browse0_clear0,0,73,sitka-spruce,1375.76611328125,7.9952149391174316,4.2418665885925293,3.7533488273620605,1.406097412109375,0,0.86126738786697388,2,53.154438018798828,0.304301381111145,0.0083293914794921875,0.0020118923857808113,60,463,27.258100000000002,0
thin0_browse0_clear0,0,74,sitka-spruce,2034.0235595703125,8.5533523559570313,4.0881209373474121,4.4652314186096191,1.7162384986877441,0,2.3234274387359619,6,53.2028923034668,0.306469202041626,0.0073020998388528824,0.0014380252687260509,63,466,30.6334,0
thin0_browse0_clear0,0,75,sitka-spruce,1331.785400390625,7.867830753326416,4.6084957122802734,3.259335994720459,1.7658826112747192,0,2.0258879661560059,5,54.019615173339844,0.31001850962638855,0.0063360841013491154,0.00099626241717487574,61,473,30.3854,0
thin0_browse0_clear0,0,76,sitka-spruce,1283.1929931640625,8.2101297378540039,4.3563814163208008,3.8537476062774658,1.4926912784576416,0,2.3290634155273438,5,54.554244995117188,0.31951728463172913,0.0053875972516834736,0.00063192931702360511,59,480,29.998900000000003,0
thin0_browse0_clear0,0,77,sitka-spruce,1264.5072021484375,8.15149211883545,4.2549114227294922,3.896580696105957,1.3325393199920654,0,2.1508593559265137,5,55.325756072998047,0.32643207907676697,0.0044290465302765369,0.00034756114473566413,58,486,30.2697,0
thin0_browse0_clear0,0,78,sitka-spruce,497.2108154296875,5.1448826789855957,2.7223079204559326,2.4225752353668213,1.3855998516082764,0,1.7164866924285889,5,54.945980072021484,0.3309725821018219,0.00415275152772665,0.0001911586441565305,57,492,30.928600000000003,0
thin0_browse0_clear0,0,79,sitka-spruce,490.37847900390625,4.9861092567443848,2.860558032989502,2.1255514621734619,1.5184975862503052,0,2.7281901836395264,5,53.559848785400391,0.33206194639205933,0.0037881471216678619,0.00010513725283090025,56,498,29.4754,0
thin0_browse0_clear0,0,80,sitka-spruce,1200.5718994140625,8.060612678527832,4.3745017051696777,3.6861100196838379,1.1590003967285156,0,1.5639446973800659,3,55.211406707763672,0.33376181125640869,0.0035771364346146584,5.7825491239782423E-05,53,504,26.2023,0
thin0_browse0_clear0,0,81,sitka-spruce,483.35989379882813,4.8070535659790039,2.5892114639282227,2.2178423404693604,1.0884568691253662,0,1.4629955291748047,4,55.249164581298828,0.33038994669914246,0.0026399258058518171,3.1804022000869736E-05,56,505,26.5688,0
thin0_browse0_clear0,0,82,sitka-spruce,1726.8524169921875,9.0693178176879883,4.69177770614624,4.3775405883789063,1.3377528190612793,0,1.6447920799255371,4,56.958396911621094,0.32963630557060242,0.0044039348140358925,0.0016058147884905338,52,513,28.5254,0
thin0_browse0_clear0,0,83,sitka-spruce,1128.220458984375,8.1356039047241211,4.1103367805480957,4.0252666473388672,1.0450590848922729,0,0.1413966566324234,2,59.882278442382813,0.32912540435791016,0.0059135411866009235,0.0025198338553309441,49,518,24.2828,0
thin0_browse0_clear0,0,84,sitka-spruce,442.93194580078125,4.9371538162231445,1.8666460514068604,3.0705077648162842,0.873424768447876,0,1.7281185388565063,3,59.147380828857422,0.33093932271003723,0.0065453872084617615,0.0029905757401138544,49,521,23.1778,0
thin0_browse0_clear0,0,85,sitka-spruce,1107.609375,7.7097597122192383,2.9694244861602783,4.7403359413146973,1.0206760168075562,0,1.0357902050018311,3,60.060340881347656,0.3297756016254425,0.0066050877794623375,0.0031682092230767012,51,522,25.489900000000002,0
thin0_browse0_clear0,0,86,sitka-spruce,1077.083984375,8.0090427398681641,3.4956429004669189,4.5134000778198242,1.1449141502380371,0,2.1773428916931152,4,60.233726501464844,0.33454510569572449,0.0064381803385913372,0.0031491632107645273,49,528,27.582,0
thin0_browse0_clear0,0,87,sitka-spruce,1046.3526611328125,8.2537078857421875,3.8223822116851807,4.4313263893127441,1.1669343709945679,0,0.4904538094997406,3,62.398719787597656,0.3444792628288269,0.0061740558594465256,0.0029613308142870665,47,533,24.2928,0
thin0_browse0_clear0,0,88,sitka-spruce,407.0570068359375,4.973057746887207,2.2792031764984131,2.6938550472259521,1.1142383813858032,0,1.2657525539398193,4,62.297931671142578,0.35326457023620605,0.0062657198868691921,0.0026366384699940681,47,537,25.405900000000003,0
thin0_browse0_clear0,0,89,sitka-spruce,994.571044921875,8.39022159576416,3.6837158203125,4.706505298614502,0.81902682781219482,0,2.1771085262298584,5,62.985515594482422,0.36124306917190552,0.00593534717336297,0.0022171163000166416,47,542,28.423000000000002,0
thin0_browse0_clear0,0,90,sitka-spruce,973.40966796875,8.2180976867675781,3.7593727111816406,4.4587259292602539,0.7509421706199646,0,1.6621655225753784,7,64.331779479980469,0.36720567941665649,0.0053695943206548691,0.0017696992726996541,48,548,31.503700000000002,0
thin0_browse0_clear0,0,91,sitka-spruce,999.19757080078125,7.7282605171203613,3.3392150402069092,4.3890447616577148,1.2600367069244385,0,2.4156367778778076,4,63.995319366455078,0.3627987802028656,0.0032543884590268135,0.00097333465237170458,51,549,26.948600000000003,0
thin0_browse0_clear0,0,92,sitka-spruce,955.38629150390625,7.9042773246765137,3.5796768665313721,4.3246006965637207,0.94674956798553467,0,2.7106711864471436,6,63.917575836181641,0.36655953526496887,0.0030006768647581339,0.00070341624086722732,46,560,32.8569,0
thin0_browse0_clear0,0,93,sitka-spruce,384.93438720703125,4.4390525817871094,2.1569688320159912,2.28208327293396,1.0978412628173828,0,1.077584981918335,5,63.899120330810547,0.36550238728523254,0.00173496815841645,0.00038687893538735807,47,564,27.346400000000003,0
thin0_browse0_clear0,0,94,sitka-spruce,375.06231689453125,4.3959178924560547,2.1206328868865967,2.2752838134765625,0.925314724445343,0,1.3053802251815796,5,63.789058685302734,0.36620667576789856,0.0017657664138823748,0.00021278343047015369,44,572,31.941300000000002,0
thin0_browse0_clear0,0,95,sitka-spruce,364.48202514648438,4.4483990669250488,2.5714471340179443,1.8769527673721313,0.70292842388153076,0,3.1487951278686523,6,62.508781433105469,0.36069566011428833,0.0053397947922348976,0.0026268595829606056,44,578,29.041900000000002,0
thin0_browse0_clear0,0,96,sitka-spruce,1409.139404296875,8.530766487121582,4.3102965354919434,4.2204689979553223,0.61510133743286133,0,1.4444975852966309,4,64.759475708007813,0.35015693306922913,0.0075407321564853191,0.0041767992079257965,47,579,26.4392,0
thin0_browse0_clear0,0,97,sitka-spruce,355.58853149414063,4.3262467384338379,1.8083510398864746,2.5178954601287842,0.56973332166671753,0,4.1917047500610352,10,61.806392669677734,0.34950160980224609,0.0095080453902482986,0.0051913964562118053,47,589,37.5788,0
thin0_browse0_clear0,0,98,sitka-spruce,346.52340698242188,4.2745060920715332,2.5589799880981445,1.71552574634552,1.135607123374939,0,1.8583701848983765,4,61.371395111083984,0.35209283232688904,0.010461769066751003,0.0057242331095039845,40,600,28.85,0
thin0_browse0_clear0,0,99,sitka-spruce,1308.887451171875,8.6370811462402344,5.0165634155273438,3.6205182075500488,1.2051126956939697,0,0.94077515602111816,5,64.242073059082031,0.35199347138404846,0.0103065837174654,0.005977995228022337,42,603,26.0091,0
thin0_browse0_clear0,0,100,sitka-spruce,839.4859619140625,7.7083945274353027,4.2093801498413086,3.4990148544311523,1.5419937372207642,0,1.8271704912185669,5,65.082283020019531,0.35586833953857422,0.010420464910566807,0.006019223015755415,40,610,27.291,0
thin0_browse0_clear0,1,1,sitka-spruce,407.40866088867188,0.9964715838432312,0.9964715838432312,0,0,0,0,0,0.996471643447876,0.032020263373851776,0.019343031570315361,0.015662945806980133,336,0,164.54510000000002,0
thin0_browse0_clear0,1,2,sitka-spruce,298.69729614257813,0.84992539882659912,0.84992539882659912,0,0.020647039636969566,0,0,0,1.8257498741149902,0.032773625105619431,0.020547013729810715,0.01736907847225666,336,0,159.632,0
thin0_browse0_clear0,1,3,sitka-spruce,1034.5086669921875,2.0362234115600586,2.0362234115600586,0,0.029339807108044624,0,0,0,3.8326330184936523,0.034548833966255188,0.022158915176987648,0.019163740798830986,336,0,151.2089,0
thin0_browse0_clear0,1,4,sitka-spruce,513.56103515625,1.4668514728546143,1.4668514728546143,0,0.061919093132019043,0,0,0,5.2375655174255371,0.03703797236084938,0.023863760754466057,0.02092461846768856,336,0,159.87550000000002,0
thin0_browse0_clear0,1,5,sitka-spruce,602.173828125,1.7505034208297729,1.7505034208297729,0,0.080849930644035339,0,0,0,6.907219409942627,0.039880145341157913,0.025548921898007393,0.022653216496109962,336,0,143.27530000000002,0
thin0_browse0_clear0,1,6,sitka-spruce,1707.435302734375,2.9273824691772461,2.7914383411407471,0.1359441876411438,0.071099534630775452,0,0,0,9.6275577545166016,0.042901918292045593,0.027250340208411217,0.024310246109962463,336,0,139.8933,0
thin0_browse0_clear0,1,7,sitka-spruce,1896.47412109375,3.12493634223938,1.6260514259338379,1.4988852739334106,0.087016411125659943,0,0,0,11.166591644287109,0.046094488352537155,0.028875036165118217,0.025823900476098061,336,0,136.088,0
thin0_browse0_clear0,1,8,sitka-spruce,3116.54638671875,3.4132413864135742,1.331570029258728,2.0816712379455566,0.12187305837869644,0,0,0,12.376289367675781,0.049145616590976715,0.030361076816916466,0.027185771614313126,336,0,135.029,0
thin0_browse0_clear0,1,9,sitka-spruce,902.0435791015625,2.6112582683563232,1.0531500577926636,1.5581082105636597,0.16093169152736664,0,0,0,13.26850700378418,0.051527321338653564,0.031670417636632919,0.02850385382771492,336,0,150.5885,0
thin0_browse0_clear0,1,10,sitka-spruce,967.5926513671875,2.8092741966247559,1.049519419670105,1.7597548961639404,0.17573222517967224,0,0,0,14.142294883728027,0.053506117314100266,0.032783165574073792,0.029692891985177994,334,2,156.60590000000002,0
thin0_browse0_clear0,1,11,sitka-spruce,937.0325927734375,2.8185620307922363,0.76476967334747314,2.0537919998168945,0.1548934131860733,0,0,0,14.752170562744141,0.055077768862247467,0.033666756004095078,0.030673176050186157,331,5,146.1592,0
thin0_browse0_clear0,1,12,sitka-spruce,2281.168701171875,3.6869397163391113,0.96710836887359619,2.7198309898376465,0.17240701615810394,0,0,0,15.546872138977051,0.056457366794347763,0.0343363881111145,0.0314347930252552,328,8,144.0889,0
thin0_browse0_clear0,1,13,sitka-spruce,2200.8408203125,3.7484848499298096,0.87241852283477783,2.8760664463043213,0.28083169460296631,0,0.87622463703155518,3,15.262234687805176,0.057232953608036041,0.034945026040077209,0.031982246786355972,324,15,143.0569,0
thin0_browse0_clear0,1,14,sitka-spruce,858.79046630859375,2.819427490234375,1.4655239582061768,1.3539034128189087,0.3274790346622467,0,0.62874084711074829,2,15.771538734436035,0.061035450547933578,0.031317710876464844,0.028092946857213974,319,22,139.53910000000002,0
thin0_browse0_clear0,1,15,sitka-spruce,3130.7763671875,3.8818721771240234,1.7060954570770264,2.175776481628418,0.34142142534255981,0,1.9867663383483887,4,15.149446487426758,0.063514918088912964,0.029066635295748711,0.024896493181586266,313,32,135.28220000000002,0
thin0_browse0_clear0,1,16,sitka-spruce,809.88140869140625,2.8466181755065918,1.911463737487793,0.93515431880950928,0.40241259336471558,0,0.59294182062149048,1,16.065555572509766,0.070840194821357727,0.023215264081954956,0.018700649961829185,303,43,137.37030000000001,0
thin0_browse0_clear0,1,17,sitka-spruce,778.10980224609375,3.247319221496582,2.4040415287017822,0.8432774543762207,0.37530282139778137,0,0.26871630549430847,1,17.825576782226563,0.081236861646175385,0.019358908757567406,0.013394028879702091,288,59,118.62230000000001,0
thin0_browse0_clear0,1,18,sitka-spruce,1933.453857421875,4.4703783988952637,2.11392879486084,2.3564491271972656,0.34756633639335632,0,3.1395821571350098,5,16.452358245849609,0.093930132687091827,0.015556292608380318,0.0097528416663408279,288,64,115.16810000000001,0
thin0_browse0_clear0,1,19,sitka-spruce,766.95849609375,3.0880584716796875,2.2209992408752441,0.86705917119979858,0.41285523772239685,0,0.14201650023460388,1,18.118484497070313,0.1036006286740303,0.011314596980810165,0.0060779177583754063,282,71,106.7838,0
thin0_browse0_clear0,1,20,sitka-spruce,760.25860595703125,3.2170274257659912,2.5111837387084961,0.70584368705749512,0.42179727554321289,0,0,0,20.20787239074707,0.1123780831694603,0.0087663643062114716,0.003966023214161396,273,80,99.272100000000009,0
thin0_browse0_clear0,1,21,sitka-spruce,1888.1396484375,4.5752048492431641,2.8263962268829346,1.7488092184066772,0.41766926646232605,0,0.58867871761322021,1,22.027919769287109,0.11962714046239853,0.0081387553364038467,0.0029854346066713333,265,89,95.813,0
thin0_browse0_clear0,1,22,sitka-spruce,2815.55126953125,4.75257682800293,2.4331445693969727,2.3194315433502197,0.83326137065887451,0,0,0,23.627803802490234,0.12245522439479828,0.009184790775179863,0.0037323124706745148,256,98,87.7069,0
thin0_browse0_clear0,1,23,sitka-spruce,1889.2867431640625,4.4823746681213379,1.9849631786346436,2.4974117279052734,0.91942876577377319,0,0.52291387319564819,1,24.17042350769043,0.1243402287364006,0.0096931969746947289,0.0039332127198576927,253,102,84.1986,0
thin0_browse0_clear0,1,24,sitka-spruce,1837.6802978515625,4.856137752532959,2.3157417774200439,2.5403962135314941,0.86735594272613525,0,0.23675358295440674,1,25.382055282592773,0.1294369101524353,0.010017573833465576,0.0039077415131032467,241,115,81.0988,0
thin0_browse0_clear0,1,25,sitka-spruce,2738.304931640625,5.2012434005737305,2.6527440547943115,2.54849910736084,1.1834683418273926,0,0.19130200147628784,1,26.6600284576416,0.13767029345035553,0.0097975060343742371,0.0037088259123265743,234,123,75.9409,0
thin0_browse0_clear0,1,26,sitka-spruce,1813.728515625,4.9919052124023438,2.4241619110107422,2.567744255065918,1.0572494268417358,0,0.3123210072517395,1,27.714620590209961,0.14390760660171509,0.0091498345136642456,0.0033270970452576876,227,131,72.6427,0
thin0_browse0_clear0,1,27,sitka-spruce,714.550048828125,3.8637702465057373,1.9865608215332031,1.8772091865539551,1.0364383459091187,0,0.64102017879486084,2,28.023723602294922,0.15216471254825592,0.0083268191665411,0.002927741501480341,218,142,72.2394,0
thin0_browse0_clear0,1,28,sitka-spruce,1752.28125,5.6361212730407715,2.960057258605957,2.6760632991790771,0.88927268981933594,0,1.2216248512268066,2,28.872882843017578,0.16093635559082031,0.007398105226457119,0.0024666192475706339,208,154,74.4559,0
thin0_browse0_clear0,1,29,sitka-spruce,1755.679931640625,5.98357629776001,3.6313076019287109,2.3522672653198242,0.8497353196144104,0,1.2295446395874023,2,30.424911499023438,0.16975104808807373,0.0066615259274840355,0.0015084295300766826,202,162,79.6969,0
thin0_browse0_clear0,1,30,sitka-spruce,2621.98583984375,6.3095541000366211,3.9730062484741211,2.3365471363067627,1.0717527866363525,0,0,0,33.326164245605469,0.17847321927547455,0.0051732715219259262,0.00082963623572140932,193,171,61.141400000000004,0
thin0_browse0_clear0,1,31,sitka-spruce,2613.889404296875,6.6072320938110352,3.221625804901123,3.3856072425842285,0.98098218441009521,0,0.53576886653900146,1,35.031040191650391,0.18395215272903442,0.0061678360216319561,0.0019080260535702109,187,178,65.5336,0
thin0_browse0_clear0,1,32,sitka-spruce,1723.145263671875,6.9712209701538086,3.7704861164093018,3.2007350921630859,1.3231682777404785,0,1.3036626577377319,4,36.1746940612793,0.19438700377941132,0.0076630902476608753,0.0024186908267438412,180,189,67.0471,0
thin0_browse0_clear0,1,33,sitka-spruce,676.18341064453125,4.7730326652526855,2.473900318145752,2.2991328239440918,1.3502165079116821,0,1.7655643224716187,5,35.532814025878906,0.19840444624423981,0.00961017794907093,0.0039075254462659359,174,200,65.99130000000001,0
thin0_browse0_clear0,1,34,sitka-spruce,687.562255859375,4.6832504272460938,2.7855322360992432,1.8977181911468506,1.1784794330596924,0,0.831447422504425,3,36.308422088623047,0.20305868983268738,0.00974714383482933,0.004416103009134531,171,206,56.222100000000005,0
thin0_browse0_clear0,1,35,sitka-spruce,687.7698974609375,4.5694828033447266,2.6583817005157471,1.9111013412475586,1.3838984966278076,0,1.025615930557251,3,36.557289123535156,0.20418637990951538,0.0088085979223251343,0.0036112039815634489,168,212,55.444500000000005,0
thin0_browse0_clear0,1,36,sitka-spruce,698.45758056640625,4.6319594383239746,2.4313027858734131,2.2006568908691406,1.152436375617981,0,0.14201644062995911,1,37.694137573242188,0.20419991016387939,0.0081332046538591385,0.0036257386673241854,164,217,51.7451,0
thin0_browse0_clear0,1,37,sitka-spruce,697.62872314453125,4.7590079307556152,2.431102991104126,2.3279054164886475,1.3603793382644653,0,3.0615520477294922,4,35.70330810546875,0.20351815223693848,0.0097026089206337929,0.0040861926972866058,160,225,55.682100000000005,0
thin0_browse0_clear0,1,38,sitka-spruce,676.3118896484375,4.9300665855407715,2.3662004470825195,2.5638644695281982,1.0475454330444336,0,1.0824670791625977,3,35.939495086669922,0.20435550808906555,0.011917364783585072,0.0052753593772649765,151,237,50.0953,0
thin0_browse0_clear0,1,39,sitka-spruce,1662.1322021484375,7.51806640625,3.7784936428070068,3.7395734786987305,0.96755045652389526,0,1.3057916164398193,3,37.444648742675781,0.20426841080188751,0.015780000016093254,0.0077901273034513,146,245,52.1891,0
thin0_browse0_clear0,1,40,sitka-spruce,675.10894775390625,5.1435346603393555,2.534369945526123,2.6091651916503906,1.0910651683807373,0,0.21516260504722595,2,38.67279052734375,0.20150341093540192,0.01910477876663208,0.010371783748269081,142,251,48.1458,0
thin0_browse0_clear0,1,41,sitka-spruce,1686.989013671875,7.06657075881958,3.3728592395782471,3.6937112808227539,1.1956018209457397,0,1.4464564323425293,4,39.403591156005859,0.20302078127861023,0.019325334578752518,0.011449528858065605,141,256,46.8004,0
thin0_browse0_clear0,1,42,sitka-spruce,1682.2266845703125,6.894660472869873,3.1753578186035156,3.7193012237548828,1.0164948701858521,0,0.25821071863174438,2,41.304241180419922,0.20200380682945251,0.0203313659876585,0.013173678889870644,135,264,44.0094,0
thin0_browse0_clear0,1,43,sitka-spruce,1693.502197265625,7.0088849067687988,2.6875936985015869,4.3212909698486328,0.84808462858200073,0,1.2740354537963867,4,41.869716644287109,0.20425793528556824,0.02044612355530262,0.013983592391014099,132,271,44.755700000000004,0
thin0_browse0_clear0,1,44,sitka-spruce,1642.1239013671875,7.3989863395690918,2.5471634864807129,4.8518233299255371,1.4374617338180542,0,2.0587155818939209,6,40.920703887939453,0.2077377587556839,0.021728383377194405,0.01701405830681324,130,279,49.9086,0
thin0_browse0_clear0,1,45,sitka-spruce,1680.484130859375,7.2020778656005859,3.368405818939209,3.8336715698242188,1.3440433740615845,0,0.51268792152404785,2,42.432376861572266,0.20802031457424164,0.022739749401807785,0.018380826339125633,125,286,42.3791,0
thin0_browse0_clear0,1,46,sitka-spruce,662.01812744140625,5.3403754234313965,2.3559625148773193,2.9844131469726563,1.5379997491836548,0,0.21544270217418671,1,43.034896850585938,0.21015828847885132,0.024117212742567062,0.020188743248581886,121,291,36.9945,0
thin0_browse0_clear0,1,47,sitka-spruce,1658.482421875,7.381007194519043,2.5803766250610352,4.8006291389465332,1.3616268634796143,0,0.83730298280715942,5,43.416343688964844,0.21127839386463165,0.02336677722632885,0.018975568935275078,123,294,44.389,0
thin0_browse0_clear0,1,48,sitka-spruce,645.2916259765625,5.3700900077819824,2.1329617500305176,3.2371280193328857,1.2817811965942383,0,2.4278464317321777,6,41.839679718017578,0.21803702414035797,0.021604340523481369,0.016265904530882835,118,305,46.0223,0
thin0_browse0_clear0,1,49,sitka-spruce,649.40802001953125,5.1563801765441895,2.0936386585235596,3.0627424716949463,1.4639074802398682,0,1.4517459869384766,3,41.017662048339844,0.22091351449489594,0.020340703427791595,0.016701290383934975,112,314,42.32,0
thin0_browse0_clear0,1,50,sitka-spruce,2446.061767578125,7.5658135414123535,3.4511408805847168,4.1146721839904785,1.286934494972229,0,3.1581249237060547,5,40.023746490478516,0.21939940750598907,0.021116608753800392,0.017831198871135712,111,320,44.234100000000005,0
thin0_browse0_clear0,1,51,sitka-spruce,645.29937744140625,5.1943988800048828,2.57507061958313,2.6193289756774902,1.4980974197387695,0,2.5265040397644043,5,38.574214935302734,0.22172242403030396,0.022584334015846252,0.01920173317193985,108,328,43.9498,0
thin0_browse0_clear0,1,52,sitka-spruce,2467.723388671875,7.5761260986328125,3.8736324310302734,3.70249342918396,1.4397052526474,0,0.88612580299377441,4,40.122013092041016,0.21881559491157532,0.023577474057674408,0.019996890798211098,107,333,41.0397,0
thin0_browse0_clear0,1,53,sitka-spruce,1684.8262939453125,7.0140600204467773,3.8306400775909424,3.183419942855835,1.979013204574585,0,1.3364850282669067,4,40.637157440185547,0.21492955088615417,0.023859072476625443,0.020127501338720322,106,338,40.993500000000004,0
thin0_browse0_clear0,1,54,sitka-spruce,663.460693359375,4.9829230308532715,2.6843082904815674,2.2986149787902832,1.5681501626968384,0,1.6159365177154541,6,40.137378692626953,0.21559518575668335,0.023778993636369705,0.019891045987606049,102,348,44.633300000000006,0
thin0_browse0_clear0,1,55,sitka-spruce,1654.554443359375,6.8744182586669922,4.1284360885620117,2.7459816932678223,1.3940757513046265,0,0.072935119271278381,1,42.798801422119141,0.21344633400440216,0.022940590977668762,0.019000913947820663,99,352,32.865300000000005,0
thin0_browse0_clear0,1,56,sitka-spruce,648.0296630859375,5.2847309112548828,2.7027513980865479,2.5819809436798096,1.490382194519043,0,1.5855975151062012,2,42.425575256347656,0.22164204716682434,0.022677658125758171,0.018388383090496063,92,361,34.3532,0
thin0_browse0_clear0,1,57,sitka-spruce,1599.654541015625,7.5893774032592773,3.1177170276641846,4.4716596603393555,1.3395277261734009,0,3.1177659034729004,8,41.08599853515625,0.22455324232578278,0.023424897342920303,0.018099620938301086,95,366,40.063,0
thin0_browse0_clear0,1,58,sitka-spruce,2385.473388671875,8.2516870498657227,4.2555184364318848,3.9961693286895752,1.2392687797546387,0,0.360902339220047,3,43.7413444519043,0.22999781370162964,0.02357405424118042,0.017299475148320198,88,376,34.7458,0
thin0_browse0_clear0,1,59,sitka-spruce,1569.939453125,7.868250846862793,3.4763548374176025,4.3918967247009277,1.3986915349960327,0,0.54307353496551514,3,45.275936126708984,0.23842060565948486,0.023260803893208504,0.01608303003013134,85,382,32.051500000000004,0
thin0_browse0_clear0,1,60,sitka-spruce,1550.992431640625,7.4810290336608887,2.8754582405090332,4.6055712699890137,1.5298080444335938,0,0.90701413154602051,2,45.714572906494141,0.2439454048871994,0.020259063690900803,0.013554517179727554,83,386,29.974300000000003,0
thin0_browse0_clear0,1,61,sitka-spruce,2344.37548828125,7.9146161079406738,3.3424375057220459,4.5721793174743652,1.4972271919250488,0,2.1905176639556885,2,45.369266510009766,0.24312745034694672,0.019632944837212563,0.012506322003901005,80,391,30.652900000000002,0
thin0_browse0_clear0,1,62,sitka-spruce,1554.4141845703125,7.421837329864502,2.8740799427032471,4.5477590560913086,1.4315978288650513,0,1.8452522754669189,5,44.966495513916016,0.24022094905376434,0.019372951239347458,0.012154333293437958,81,395,33.0982,0
thin0_browse0_clear0,1,63,sitka-spruce,1544.245361328125,7.371798038482666,3.2302122116088867,4.1415853500366211,1.5844384431838989,0,1.9864494800567627,3,44.625820159912109,0.2376580685377121,0.018963130190968513,0.011918683536350727,77,402,31.6731,0
thin0_browse0_clear0,1,64,sitka-spruce,611.96539306640625,5.2086653709411621,2.451204776763916,2.7574613094329834,1.4933971166610718,0,0.99444913864135742,2,44.589176177978516,0.24063588678836823,0.018072500824928284,0.011200731620192528,74,407,28.328500000000002,0
thin0_browse0_clear0,1,65,sitka-spruce,596.3751220703125,5.5264439582824707,2.8828208446502686,2.643622875213623,1.448194146156311,0,1.86017644405365,6,44.163627624511719,0.25259792804718018,0.016884202137589455,0.010166696272790432,75,412,35.5236,0
thin0_browse0_clear0,1,66,sitka-spruce,596.576416015625,5.4933376312255859,2.9094300270080566,2.5839064121246338,1.300239086151123,0,1.5355253219604492,4,44.2372932434082,0.26051440834999084,0.015569854527711868,0.0089703835546970367,74,417,31.111900000000002,0
thin0_browse0_clear0,1,67,sitka-spruce,1488.37451171875,8.15794849395752,4.4656825065612793,3.6922664642333984,1.1763958930969238,0,1.6879342794418335,4,45.838645935058594,0.26734089851379395,0.014488471671938896,0.0080801500007510185,71,424,33.5985,0
thin0_browse0_clear0,1,68,sitka-spruce,1461.1695556640625,8.31734561920166,4.509920597076416,3.8074238300323486,0.86630809307098389,0,0.75867193937301636,5,48.723587036132813,0.2767198383808136,0.013433711603283882,0.007128699216991663,70,430,31.7554,0
thin0_browse0_clear0,1,69,sitka-spruce,584.383544921875,5.4338169097900391,2.7234444618225098,2.7103729248046875,0.8179289698600769,0,2.0791714191436768,4,48.549930572509766,0.28192666172981262,0.012416229583323002,0.0060950140468776226,68,436,29.9734,0
thin0_browse0_clear0,1,70,sitka-spruce,574.42230224609375,5.4052305221557617,2.9242355823516846,2.4809944629669189,0.94880276918411255,0,0.974164605140686,5,49.551197052001953,0.28827708959579468,0.011392807587981224,0.0049853799864649773,67,442,31.8973,0
thin0_browse0_clear0,1,71,sitka-spruce,571.217041015625,5.2493429183959961,2.9014196395874023,2.3479230403900146,1.0944288969039917,0,1.3636707067489624,6,49.9945182800293,0.29131904244422913,0.010354584082961082,0.0038205161690711975,67,448,33.1495,0
thin0_browse0_clear0,1,72,sitka-spruce,1386.24169921875,8.2335968017578125,4.2531876564025879,3.980410099029541,0.990848183631897,0,2.0769224166870117,6,51.179935455322266,0.29984620213508606,0.0093637034296989441,0.0027800702955573797,65,456,34.475300000000004,0
thin0_browse0_clear0,1,73,sitka-spruce,1375.76611328125,7.9952149391174316,4.2418665885925293,3.7533488273620605,1.406097412109375,0,0.86126738786697388,2,53.154438018798828,0.304301381111145,0.0083293914794921875,0.0020118923857808113,60,463,27.951900000000002,0
thin0_browse0_clear0,1,74,sitka-spruce,2034.0235595703125,8.5533523559570313,4.0881209373474121,4.4652314186096191,1.7162384986877441,0,2.3234274387359619,6,53.2028923034668,0.306469202041626,0.0073020998388528824,0.0014380252687260509,63,466,31.217100000000002,0
thin0_browse0_clear0,1,75,sitka-spruce,1331.785400390625,7.867830753326416,4.6084957122802734,3.259335994720459,1.7658826112747192,0,2.0258879661560059,5,54.019615173339844,0.31001850962638855,0.0063360841013491154,0.00099626241717487574,61,473,31.291500000000003,0
thin0_browse0_clear0,1,76,sitka-spruce,1283.1929931640625,8.2101297378540039,4.3563814163208008,3.8537476062774658,1.4926912784576416,0,2.3290634155273438,5,54.554244995117188,0.31951728463172913,0.0053875972516834736,0.00063192931702360511,59,480,32.9683,0
thin0_browse0_clear0,1,77,sitka-spruce,1264.5072021484375,8.15149211883545,4.2549114227294922,3.896580696105957,1.3325393199920654,0,2.1508593559265137,5,55.325756072998047,0.32643207907676697,0.0044290465302765369,0.00034756114473566413,58,486,30.288400000000003,0
thin0_browse0_clear0,1,78,sitka-spruce,497.2108154296875,5.1448826789855957,2.7223079204559326,2.4225752353668213,1.3855998516082764,0,1.7164866924285889,5,54.945980072021484,0.3309725821018219,0.00415275152772665,0.0001911586441565305,57,492,31.8001,0
thin0_browse0_clear0,1,79,sitka-spruce,490.37847900390625,4.9861092567443848,2.860558032989502,2.1255514621734619,1.5184975862503052,0,2.7281901836395264,5,53.559848785400391,0.33206194639205933,0.0037881471216678619,0.00010513725283090025,56,498,31.683100000000003,0
thin0_browse0_clear0,1,80,sitka-spruce,1200.5718994140625,8.060612678527832,4.3745017051696777,3.6861100196838379,1.1590003967285156,0,1.5639446973800659,3,55.211406707763672,0.33376181125640869,0.0035771364346146584,5.7825491239782423E-05,53,504,26.661900000000003,0
thin0_browse0_clear0,1,81,sitka-spruce,483.35989379882813,4.8070535659790039,2.5892114639282227,2.2178423404693604,1.0884568691253662,0,1.4629955291748047,4,55.249164581298828,0.33038994669914246,0.0026399258058518171,3.1804022000869736E-05,56,505,27.5267,0
thin0_browse0_clear0,1,82,sitka-spruce,1726.8524169921875,9.0693178176879883,4.69177770614624,4.3775405883789063,1.3377528190612793,0,1.6447920799255371,4,56.958396911621094,0.32963630557060242,0.0044039348140358925,0.0016058147884905338,52,513,28.497,0
thin0_browse0_clear0,1,83,sitka-spruce,1128.220458984375,8.1356039047241211,4.1103367805480957,4.0252666473388672,1.0450590848922729,0,0.1413966566324234,2,59.882278442382813,0.32912540435791016,0.0059135411866009235,0.0025198338553309441,49,518,24.1411,0
thin0_browse0_clear0,1,84,sitka-spruce,442.93194580078125,4.9371538162231445,1.8666460514068604,3.0705077648162842,0.873424768447876,0,1.7281185388565063,3,59.147380828857422,0.33093932271003723,0.0065453872084617615,0.0029905757401138544,49,521,23.9497,0
thin0_browse0_clear0,1,85,sitka-spruce,1107.609375,7.7097597122192383,2.9694244861602783,4.7403359413146973,1.0206760168075562,0,1.0357902050018311,3,60.060340881347656,0.3297756016254425,0.0066050877794623375,0.0031682092230767012,51,522,23.272100000000002,0
thin0_browse0_clear0,1,86,sitka-spruce,1077.083984375,8.0090427398681641,3.4956429004669189,4.5134000778198242,1.1449141502380371,0,2.1773428916931152,4,60.233726501464844,0.33454510569572449,0.0064381803385913372,0.0031491632107645273,49,528,27.109,0
thin0_browse0_clear0,1,87,sitka-spruce,1046.3526611328125,8.2537078857421875,3.8223822116851807,4.4313263893127441,1.1669343709945679,0,0.4904538094997406,3,62.398719787597656,0.3444792628288269,0.0061740558594465256,0.0029613308142870665,47,533,25.0377,0
thin0_browse0_clear0,1,88,sitka-spruce,407.0570068359375,4.973057746887207,2.2792031764984131,2.6938550472259521,1.1142383813858032,0,1.2657525539398193,4,62.297931671142578,0.35326457023620605,0.0062657198868691921,0.0026366384699940681,47,537,25.381800000000002,0
thin0_browse0_clear0,1,89,sitka-spruce,994.571044921875,8.39022159576416,3.6837158203125,4.706505298614502,0.81902682781219482,0,2.1771085262298584,5,62.985515594482422,0.36124306917190552,0.00593534717336297,0.0022171163000166416,47,542,29.302300000000002,0
thin0_browse0_clear0,1,90,sitka-spruce,973.40966796875,8.2180976867675781,3.7593727111816406,4.4587259292602539,0.7509421706199646,0,1.6621655225753784,7,64.331779479980469,0.36720567941665649,0.0053695943206548691,0.0017696992726996541,48,548,30.4172,0
thin0_browse0_clear0,1,91,sitka-spruce,999.19757080078125,7.7282605171203613,3.3392150402069092,4.3890447616577148,1.2600367069244385,0,2.4156367778778076,4,63.995319366455078,0.3627987802028656,0.0032543884590268135,0.00097333465237170458,51,549,27.4373,0
thin0_browse0_clear0,1,92,sitka-spruce,955.38629150390625,7.9042773246765137,3.5796768665313721,4.3246006965637207,0.94674956798553467,0,2.7106711864471436,6,63.917575836181641,0.36655953526496887,0.0030006768647581339,0.00070341624086722732,46,560,32.7202,0
thin0_browse0_clear0,1,93,sitka-spruce,384.93438720703125,4.4390525817871094,2.1569688320159912,2.28208327293396,1.0978412628173828,0,1.077584981918335,5,63.899120330810547,0.36550238728523254,0.00173496815841645,0.00038687893538735807,47,564,28.1582,0
thin0_browse0_clear0,1,94,sitka-spruce,375.06231689453125,4.3959178924560547,2.1206328868865967,2.2752838134765625,0.925314724445343,0,1.3053802251815796,5,63.789058685302734,0.36620667576789856,0.0017657664138823748,0.00021278343047015369,44,572,28.903100000000002,0
thin0_browse0_clear0,1,95,sitka-spruce,364.48202514648438,4.4483990669250488,2.5714471340179443,1.8769527673721313,0.70292842388153076,0,3.1487951278686523,6,62.508781433105469,0.36069566011428833,0.0053397947922348976,0.0026268595829606056,44,578,28.8551,0
thin0_browse0_clear0,1,96,sitka-spruce,1409.139404296875,8.530766487121582,4.3102965354919434,4.2204689979553223,0.61510133743286133,0,1.4444975852966309,4,64.759475708007813,0.35015693306922913,0.0075407321564853191,0.0041767992079257965,47,579,25.3853,0
thin0_browse0_clear0,1,97,sitka-spruce,355.58853149414063,4.3262467384338379,1.8083510398864746,2.5178954601287842,0.56973332166671753,0,4.1917047500610352,10,61.806392669677734,0.34950160980224609,0.0095080453902482986,0.0051913964562118053,47,589,38.710100000000004,0
thin0_browse0_clear0,1,98,sitka-spruce,346.52340698242188,4.2745060920715332,2.5589799880981445,1.71552574634552,1.135607123374939,0,1.8583701848983765,4,61.371395111083984,0.35209283232688904,0.010461769066751003,0.0057242331095039845,40,600,28.093500000000002,0
thin0_browse0_clear0,1,99,sitka-spruce,1308.887451171875,8.6370811462402344,5.0165634155273438,3.6205182075500488,1.2051126956939697,0,0.94077515602111816,5,64.242073059082031,0.35199347138404846,0.0103065837174654,0.005977995228022337,42,603,26.9022,0
thin0_browse0_clear0,1,100,sitka-spruce,839.4859619140625,7.7083945274353027,4.2093801498413086,3.4990148544311523,1.5419937372207642,0,1.8271704912185669,5,65.082283020019531,0.35586833953857422,0.010420464910566807,0.006019223015755415,40,610,27.2572,0
thin0_browse0.800000011920929_clear0,0,1,sitka-spruce,407.40866088867188,0.9964715838432312,0.9964715838432312,0,0,0,0,0,0.996471643447876,0.032020263373851776,0.019343031570315361,0.015662945806980133,336,0,159.2555,0
thin0_browse0.800000011920929_clear0,0,2,sitka-spruce,298.69729614257813,0.84992539882659912,0.84992539882659912,0,0.020647039636969566,0.0046839406713843346,0,0,1.8210660219192505,0.032773625105619431,0.020547013729810715,0.01736907847225666,336,0,157.61260000000001,0
thin0_browse0.800000011920929_clear0,0,3,sitka-spruce,1034.5086669921875,2.0362234115600586,2.0362234115600586,0,0.029278097674250603,0.00860055536031723,0,0,3.8194103240966797,0.034548833966255188,0.022158915176987648,0.019163740798830986,336,0,148.9024,0
thin0_browse0.800000011920929_clear0,0,4,sitka-spruce,513.56103515625,1.4668514728546143,1.4668514728546143,0,0.061789460480213165,0.016134941950440407,0,0,5.2083373069763184,0.03703797236084938,0.023863760754466057,0.02092461846768856,336,0,154.1368,0
thin0_browse0.800000011920929_clear0,0,5,sitka-spruce,602.173828125,1.7505034208297729,1.7505034208297729,0,0.080508962273597717,0.019177248701453209,0,0,6.85915470123291,0.039880145341157913,0.025548921898007393,0.022653216496109962,336,0,137.8124,0
thin0_browse0.800000011920929_clear0,0,6,sitka-spruce,1707.435302734375,2.9273824691772461,2.8037979602813721,0.1235845685005188,0.070731461048126221,0.021362809464335442,0,0,9.5708580017089844,0.042901918292045593,0.027250340208411217,0.024310246109962463,336,0,141.37220000000002,0
thin0_browse0.800000011920929_clear0,0,7,sitka-spruce,1896.47412109375,3.12493634223938,1.6804518699645996,1.444485068321228,0.086608529090881348,0.025806907564401627,0,0,11.138894081115723,0.046094488352537155,0.028875036165118217,0.025823900476098061,336,0,137.2722,0
thin0_browse0.800000011920929_clear0,0,8,sitka-spruce,3116.54638671875,3.4132413864135742,1.3469860553741455,2.0662553310394287,0.12121417373418808,0.030547212809324265,0,0,12.334118843078613,0.049145616590976715,0.030361076816916466,0.027185771614313126,336,0,137.6706,0
thin0_browse0.800000011920929_clear0,0,9,sitka-spruce,902.0435791015625,2.6112582683563232,1.0571273565292358,1.554131031036377,0.15993915498256683,0.023193249478936195,0,0,13.208113670349121,0.051527321338653564,0.031670417636632919,0.02850385382771492,336,0,159.1492,0
thin0_browse0.800000011920929_clear0,0,10,sitka-spruce,967.5926513671875,2.8092741966247559,1.0871075391769409,1.7221670150756836,0.17432402074337006,0.021962385624647141,0,0,14.0989351272583,0.053506117314100266,0.032783165574073792,0.029692891985177994,334,2,160.67770000000002,0
thin0_browse0.800000011920929_clear0,0,11,sitka-spruce,937.0325927734375,2.8185620307922363,0.771424412727356,2.0471372604370117,0.15351898968219757,0.021370243281126022,0,0,14.695469856262207,0.055077768862247467,0.033666756004095078,0.030673176050186157,331,5,148.3582,0
thin0_browse0.800000011920929_clear0,0,12,sitka-spruce,2281.168701171875,3.6869397163391113,0.99371320009231567,2.6932260990142822,0.1707179844379425,0.020569343119859695,0,0,15.497896194458008,0.056457366794347763,0.0343363881111145,0.0314347930252552,328,8,146.5205,0
thin0_browse0.800000011920929_clear0,0,13,sitka-spruce,2200.8408203125,3.7484848499298096,0.87779182195663452,2.8706929683685303,0.27796539664268494,0.0199973676353693,0.557316780090332,2,15.520407676696777,0.057232953608036041,0.034945026040077209,0.031982246786355972,323,15,145.1062,0
thin0_browse0.800000011920929_clear0,0,14,sitka-spruce,858.845458984375,2.8197121620178223,1.1872290372848511,1.6324834823608398,0.32411929965019226,0.01942787878215313,0.92944467067718506,3,15.43464469909668,0.06106112152338028,0.031307287514209747,0.028000099584460258,320,21,139.61790000000002,0
thin0_browse0.800000011920929_clear0,0,15,sitka-spruce,3130.840087890625,3.8530919551849365,1.9878761768341064,1.8652167320251465,0.33758202195167542,0.020659655332565308,0.458035409450531,1,16.606243133544922,0.06579272449016571,0.0252087265253067,0.019967351108789444,312,30,130.9901,0
thin0_browse0.800000011920929_clear0,0,16,sitka-spruce,809.9139404296875,2.895127534866333,1.1173540353775024,1.7777737379074097,0.39820230007171631,0.025588937103748322,2.0930852890014648,4,15.206721305847168,0.071974910795688629,0.020728595554828644,0.01521255262196064,305,41,139.29840000000002,0
thin0_browse0.800000011920929_clear0,0,17,sitka-spruce,778.00738525390625,3.0014557838439941,2.4082260131835938,0.593230128288269,0.370919406414032,0.026338648051023483,0,0,17.217689514160156,0.086194626986980438,0.012814342975616455,0.0083669042214751244,291,55,117.5776,0
thin0_browse0.800000011920929_clear0,0,18,sitka-spruce,1932.7100830078125,4.2923827171325684,2.7146356105804443,1.5777472257614136,0.34349432587623596,0.029965616762638092,2.80234956741333,4,16.756515502929688,0.098083473742008209,0.010298732668161392,0.0062284870073199272,289,61,116.0532,0
thin0_browse0.800000011920929_clear0,0,19,sitka-spruce,769.57281494140625,2.9141786098480225,2.0632154941558838,0.85096323490142822,0.40852454304695129,0.035432733595371246,0.63704848289489746,1,17.738723754882813,0.10683184117078781,0.0066949673928320408,0.0034256679937243462,284,67,107.0104,0
thin0_browse0.800000011920929_clear0,0,20,sitka-spruce,762.53460693359375,3.10050630569458,2.2568051815032959,0.84370160102844238,0.41599458456039429,0.039998836815357208,0.15218077600002289,1,19.387355804443359,0.11409258842468262,0.005078374408185482,0.001884117373265326,275,77,109.06240000000001,0
thin0_browse0.800000011920929_clear0,0,21,sitka-spruce,1900.056640625,4.203369140625,2.976517915725708,1.226851224899292,0.41100257635116577,0.042541094124317169,0.57972246408462524,1,21.330606460571289,0.11876925826072693,0.0051984847523272038,0.0015981340548023582,269,84,95.928300000000007,0
thin0_browse0.800000011920929_clear0,0,22,sitka-spruce,2832.28759765625,4.3385334014892578,2.3907918930053711,1.947740912437439,0.9784666895866394,0.0473468042910099,0,0,22.695585250854492,0.12134315073490143,0.0051465197466313839,0.0014138625701889396,261,92,88.78370000000001,0
thin0_browse0.800000011920929_clear0,0,23,sitka-spruce,1899.611083984375,4.1428952217102051,2.1434586048126221,1.9994372129440308,1.0500085353851318,0.0454644113779068,0.5154840350151062,1,23.228086471557617,0.1204492524266243,0.0065766377374529839,0.0026221219450235367,257,97,86.648800000000008,0
thin0_browse0.800000011920929_clear0,0,24,sitka-spruce,1847.936767578125,4.524383544921875,2.3587017059326172,2.1656825542449951,1.2896753549575806,0.045487526804208755,0,0,24.251625061035156,0.12480722367763519,0.0074324808083474636,0.0032479772344231606,243,111,82.19380000000001,0
thin0_browse0.800000011920929_clear0,0,25,sitka-spruce,2752.315673828125,5.0033783912658691,2.6973443031311035,2.3060343265533447,1.1951216459274292,0.044493071734905243,0.43562239408493042,2,25.273733139038086,0.13147906959056854,0.0077595347538590431,0.003421425586566329,236,120,77.9073,0
thin0_browse0.800000011920929_clear0,0,26,sitka-spruce,1810.673583984375,4.8772854804992676,2.5896618366241455,2.2876245975494385,1.0495909452438354,0.046247173100709915,0,0,26.767555236816406,0.136780247092247,0.00838594138622284,0.0033503819722682238,226,130,74.547,0
thin0_browse0.800000011920929_clear0,0,27,sitka-spruce,713.125244140625,3.7551896572113037,1.7752944231033325,1.9798948764801025,0.98638254404067993,0.051791984587907791,0.55931651592254639,2,26.94536018371582,0.14487791061401367,0.0085322000086307526,0.0030873413197696209,219,139,72.5973,0
thin0_browse0.800000011920929_clear0,0,28,sitka-spruce,1737.870361328125,5.7154273986816406,3.2269430160522461,2.4884843826293945,0.81996417045593262,0.050854600965976715,0.64104682207107544,2,28.660436630249023,0.15626814961433411,0.0082812914624810219,0.0027556999120861292,207,153,74.4872,0
thin0_browse0.800000011920929_clear0,0,29,sitka-spruce,1738.75048828125,6.0400428771972656,3.2135698795318604,2.8264729976654053,0.785933256149292,0.05568348616361618,1.2000058889389038,2,29.83238410949707,0.16536816954612732,0.00854293629527092,0.0024571919348090887,200,162,74.2038,0
thin0_browse0.800000011920929_clear0,0,30,sitka-spruce,2597.72216796875,6.2820777893066406,3.8798549175262451,2.4022212028503418,0.94366723299026489,0.061468567699193954,0.50804460048675537,1,32.199058532714844,0.17534239590168,0.0062076319009065628,0.001351455575786531,193,170,61.088,0
thin0_browse0.800000011920929_clear0,0,31,sitka-spruce,2601.406494140625,6.2932295799255371,3.6355977058410645,2.6576330661773682,0.83289629220962524,0.0704246535897255,1.0135316848754883,2,33.917804718017578,0.18371705710887909,0.0051198182627558708,0.00074330059578642249,188,177,60.756600000000006,0
thin0_browse0.800000011920929_clear0,0,32,sitka-spruce,1717.6689453125,6.6955304145812988,4.1518235206604,2.5437076091766357,1.0917965173721313,0.072877012193202972,1.3506201505661011,3,35.5543327331543,0.1935199499130249,0.0060509508475661278,0.00080094003351405263,180,188,59.6877,0
thin0_browse0.800000011920929_clear0,0,33,sitka-spruce,679.54864501953125,4.4752130508422852,2.9214003086090088,1.5538123846054077,1.1387287378311157,0.076276428997516632,0.56272178888320923,2,36.698005676269531,0.19761449098587036,0.00610017217695713,0.001804206520318985,174,196,56.351400000000005,0
thin0_browse0.800000011920929_clear0,0,34,sitka-spruce,687.34454345703125,4.3301548957824707,2.4117581844329834,1.9183963537216187,1.1505906581878662,0.074046328663825989,0.79577738046646118,1,37.089351654052734,0.200130432844162,0.0061095738783478737,0.0023036566562950611,170,201,50.488600000000005,0
thin0_browse0.800000011920929_clear0,0,35,sitka-spruce,684.98675537109375,4.3420305252075195,2.4698965549468994,1.8721343278884888,1.7524174451828003,0.066121295094490051,0.098908498883247375,3,37.641799926757813,0.19979630410671234,0.0076559572480618954,0.0034987777471542358,166,208,57.274,0
thin0_browse0.800000011920929_clear0,0,36,sitka-spruce,690.25238037109375,4.5230941772460938,2.3027839660644531,2.2203109264373779,1.6923669576644897,0.062943018972873688,0.99506586790084839,3,37.194206237792969,0.19861701130867004,0.0089956177398562431,0.004349712748080492,165,212,52.969,0
thin0_browse0.800000011920929_clear0,0,37,sitka-spruce,688.59417724609375,4.6391534805297852,2.284698486328125,2.354454517364502,1.5831513404846191,0.053317490965127945,1.118215799331665,2,36.724220275878906,0.19815264642238617,0.011695018969476223,0.00564213190227747,157,222,52.965,0
thin0_browse0.800000011920929_clear0,0,38,sitka-spruce,664.950439453125,4.9381928443908691,2.5558698177337646,2.3823230266571045,1.3057906627655029,0.051065228879451752,1.4487727880477905,3,36.474464416503906,0.20231790840625763,0.014373634941875935,0.0070586195215582848,149,233,49.3273,0
thin0_browse0.800000011920929_clear0,0,39,sitka-spruce,1639.195556640625,7.1503434181213379,3.0159029960632324,4.1344404220581055,1.2299896478652954,0.051287494599819183,1.1150602102279663,2,37.094028472900391,0.20102319121360779,0.017769871279597282,0.0089325234293937683,144,240,48.3915,0
thin0_browse0.800000011920929_clear0,0,40,sitka-spruce,670.81341552734375,4.86294412612915,2.1591849327087402,2.7037584781646729,1.17391836643219,0.048187028616666794,1.2925571203231812,4,36.738552093505859,0.1994900107383728,0.018570860847830772,0.0093057798221707344,146,242,55.444500000000005,0
thin0_browse0.800000011920929_clear0,0,41,sitka-spruce,1701.011962890625,6.7821269035339355,3.6600568294525146,3.1220705509185791,0.99397855997085571,0.046340301632881165,0.080869518220424652,1,39.277420043945313,0.19661875069141388,0.0176218431442976,0.0085655180737376213,143,246,44.211400000000005,0
thin0_browse0.800000011920929_clear0,0,42,sitka-spruce,1698.158447265625,6.8714027404785156,2.9012222290039063,3.9701809883117676,1.0270639657974243,0.053776606917381287,0.86758112907409668,2,40.230220794677734,0.19590364396572113,0.017455698922276497,0.00861775316298008,139,252,45.0844,0
thin0_browse0.800000011920929_clear0,0,43,sitka-spruce,1697.105712890625,7.0296926498413086,2.2842586040496826,4.7454338073730469,0.96590727567672729,0.057835791260004044,1.2071893215179443,7,40.283546447753906,0.19713582098484039,0.018333125859498978,0.0080962050706148148,137,261,53.1238,0
thin0_browse0.800000011920929_clear0,0,44,sitka-spruce,1660.039794921875,7.1700539588928223,3.1686897277832031,4.0013647079467773,1.2255842685699463,0.054200690239667892,0.43828955292701721,4,41.734161376953125,0.19958324730396271,0.018804660066962242,0.010343811474740505,132,270,48.268100000000004,0
thin0_browse0.800000011920929_clear0,0,45,sitka-spruce,1681.8126220703125,7.1386213302612305,2.4746158123016357,4.66400671005249,1.4556796550750732,0.053203374147415161,1.4881032705307007,4,41.2117919921875,0.19762589037418365,0.020144842565059662,0.011467179283499718,131,275,45.235800000000005,0
thin0_browse0.800000011920929_clear0,0,46,sitka-spruce,674.78717041015625,5.0897054672241211,1.7221240997314453,3.3675811290740967,1.5866467952728271,0.0532226637005806,3.1192703247070313,7,38.174774169921875,0.19543056190013885,0.021099051460623741,0.013339974917471409,135,278,49.1008,0
thin0_browse0.800000011920929_clear0,0,47,sitka-spruce,1683.4429931640625,6.8055086135864258,3.4614002704620361,3.3441085815429688,1.1993826627731323,0.051525741815567017,0.023386184126138687,2,40.361881256103516,0.19438207149505615,0.0189192071557045,0.011547870934009552,131,284,44.4125,0
thin0_browse0.800000011920929_clear0,0,48,sitka-spruce,652.2923583984375,5.1927375793457031,2.1337730884552,3.0589652061462402,1.6842877864837646,0.052043940871953964,1.5326836109161377,3,39.226638793945313,0.2031080424785614,0.017849110066890717,0.010783957317471504,121,297,43.800000000000004,0
thin0_browse0.800000011920929_clear0,0,49,sitka-spruce,657.4864501953125,5.1436734199523926,2.1270720958709717,3.0166001319885254,1.7999386787414551,0.047192119061946869,4.08430290222168,9,35.422279357910156,0.20868754386901855,0.016259729862213135,0.011143089272081852,121,306,51.217600000000004,0
thin0_browse0.800000011920929_clear0,0,50,sitka-spruce,2485.823974609375,7.5772161483764648,4.4235758781433105,3.153639554977417,1.5604445934295654,0.045650258660316467,0,0,38.239761352539063,0.20617216825485229,0.018922688439488411,0.013774329796433449,112,315,39.9114,0
thin0_browse0.800000011920929_clear0,0,51,sitka-spruce,649.25982666015625,5.1800565719604492,2.8407280445098877,2.3393285274505615,1.3995940685272217,0.05202145129442215,2.0786063671112061,6,37.550266265869141,0.208185613155365,0.020944733172655106,0.01567491702735424,110,323,43.8198,0
thin0_browse0.800000011920929_clear0,0,52,sitka-spruce,2489.76708984375,7.3422369956970215,3.20453143119812,4.1377058029174805,1.3772950172424316,0.0539405420422554,2.6790692806243896,5,36.644493103027344,0.20770396292209625,0.020176341757178307,0.015621352009475231,113,325,41.1435,0
thin0_browse0.800000011920929_clear0,0,53,sitka-spruce,1663.12890625,7.1267123222351074,3.336378812789917,3.7903323173522949,1.3095282316207886,0.057285387068986893,1.5321764945983887,5,37.081882476806641,0.20799903571605682,0.021651512011885643,0.017024794593453407,105,338,44.138400000000004,0
thin0_browse0.800000011920929_clear0,0,54,sitka-spruce,655.6671142578125,5.1892199516296387,2.5959572792053223,2.5932621955871582,1.2078506946563721,0.05114319920539856,0.95153439044952393,3,37.467311859130859,0.20835623145103455,0.025054872035980225,0.020873354747891426,99,347,36.667100000000005,0
thin0_browse0.800000011920929_clear0,0,55,sitka-spruce,1598.00439453125,7.3672714233398438,3.5476434230804443,3.8196303844451904,1.0009545087814331,0.050782497972249985,0.032493352890014648,1,39.93072509765625,0.2121257483959198,0.026933163404464722,0.0232146754860878,94,353,30.999000000000002,0
thin0_browse0.800000011920929_clear0,0,56,sitka-spruce,629.4376220703125,5.2812714576721191,2.5334033966064453,2.7478673458099365,0.902283787727356,0.057854503393173218,1.5993063449859619,5,39.904682159423828,0.21973121166229248,0.027797359973192215,0.024270003661513329,95,357,38.2573,0
thin0_browse0.800000011920929_clear0,0,57,sitka-spruce,1601.1019287109375,7.2790975570678711,3.7176856994628906,3.5614135265350342,1.1439603567123413,0.057738661766052246,2.3558063507080078,5,40.064865112304688,0.22135424613952637,0.027990465983748436,0.024293186143040657,97,360,37.437000000000005,0
thin0_browse0.800000011920929_clear0,0,58,sitka-spruce,2364.880615234375,8.356532096862793,4.0645995140075684,4.2919321060180664,1.0394967794418335,0.063611261546611786,1.8692405223846436,5,41.157112121582031,0.2292151004076004,0.027780894190073013,0.023840727284550667,90,372,39.921600000000005,0
thin0_browse0.800000011920929_clear0,0,59,sitka-spruce,1576.511962890625,7.7041516304016113,3.6631441116333008,4.0410070419311523,1.0034941434860229,0.066396132111549377,0.76310360431671143,3,42.987262725830078,0.23317740857601166,0.027311483398079872,0.02292163111269474,86,379,33.319,0
thin0_browse0.800000011920929_clear0,0,60,sitka-spruce,1558.2117919921875,7.4697041511535645,3.81715989112854,3.6525440216064453,1.6570500135421753,0.071957483887672424,0.755738377571106,2,44.319675445556641,0.23261678218841553,0.026547746732831,0.021672086790204048,83,384,30.997400000000003,0
thin0_browse0.800000011920929_clear0,0,61,sitka-spruce,2354.0390625,7.873591423034668,3.2251224517822266,4.6484684944152832,1.6187626123428345,0.076303303241729736,0.87631672620773315,2,44.973415374755859,0.23159030079841614,0.025391571223735809,0.020273877307772636,81,388,30.4254,0
thin0_browse0.800000011920929_clear0,0,62,sitka-spruce,1537.6151123046875,7.451019287109375,2.7958993911743164,4.655118465423584,1.7563985586166382,0.07395721971988678,1.4345299005508423,4,44.504432678222656,0.23223909735679626,0.024811228737235069,0.019703280180692673,80,393,31.660300000000003,0
thin0_browse0.800000011920929_clear0,0,63,sitka-spruce,1541.955810546875,7.380643367767334,3.1075541973114014,4.27308988571167,1.7303938865661621,0.065702334046363831,2.7439920902252197,4,43.071895599365234,0.23216864466667175,0.02379930205643177,0.018539192155003548,79,398,32.101600000000005,0
thin0_browse0.800000011920929_clear0,0,64,sitka-spruce,611.50567626953125,5.04410457611084,2.7899296283721924,2.2541747093200684,1.8294163942337036,0.062165394425392151,1.5662174224853516,6,42.404029846191406,0.22960986196994781,0.022972485050559044,0.017084041610360146,79,404,36.0191,0
thin0_browse0.800000011920929_clear0,0,65,sitka-spruce,598.10015869140625,5.2367110252380371,3.1702349185943604,2.0664761066436768,1.6465020179748535,0.064141295850276947,0.704525351524353,2,43.159091949462891,0.231556236743927,0.02266097255051136,0.015545148402452469,72,413,29.7782,0
thin0_browse0.800000011920929_clear0,0,66,sitka-spruce,575.11224365234375,5.3781013488769531,3.0313091278076172,2.3467919826507568,1.6943639516830444,0.069157272577285767,1.9392303228378296,6,42.487651824951172,0.24044567346572876,0.021938091143965721,0.013940035365521908,72,419,33.521,0
thin0_browse0.800000011920929_clear0,0,67,sitka-spruce,1465.1021728515625,7.4501614570617676,4.312798023223877,3.137364387512207,1.5487338304519653,0.068266905844211578,3.1035776138305664,8,42.079872131347656,0.24015612900257111,0.019549243152141571,0.011386124417185783,79,420,37.222,0
thin0_browse0.800000011920929_clear0,0,68,sitka-spruce,1487.7471923828125,7.2512383460998535,4.659632682800293,2.591606616973877,1.4909989833831787,0.072484858334064484,1.9751782417297363,4,43.200839996337891,0.24283811450004578,0.015493429265916348,0.0078138494864106178,78,425,35.9662,0
thin0_browse0.800000011920929_clear0,0,69,sitka-spruce,579.547119140625,5.161529541015625,3.0314953327178955,2.1300358772277832,1.3735369443893433,0.081261321902275085,0.23585101962089539,1,44.54168701171875,0.24727103114128113,0.014929227530956268,0.0077600814402103424,65,439,30.576400000000003,0
thin0_browse0.800000011920929_clear0,0,70,sitka-spruce,577.39898681640625,5.0145454406738281,2.98126482963562,2.033280611038208,1.3847783803939819,0.079900860786437988,1.0972205400466919,6,44.961051940917969,0.25198221206665039,0.013276242651045322,0.0073480843566358089,70,440,32.2796,0
thin0_browse0.800000011920929_clear0,0,71,sitka-spruce,565.98394775390625,5.1988673210144043,2.9812724590301514,2.2175946235656738,1.0297338962554932,0.0703945904970169,0.065695345401763916,2,46.7765007019043,0.258201539516449,0.012266626581549644,0.0067560565657913685,63,449,29.0283,0
thin0_browse0.800000011920929_clear0,0,72,sitka-spruce,1411.1678466796875,7.8141875267028809,3.6154024600982666,4.1987848281860352,1.4016101360321045,0.065801426768302917,0.72420305013656616,4,48.200290679931641,0.25623753666877747,0.013136099092662334,0.00670761289075017,65,451,28.0465,0
thin0_browse0.800000011920929_clear0,0,73,sitka-spruce,1402.003662109375,7.7057290077209473,3.1515111923217773,4.5542173385620117,1.5670239925384521,0.0669897049665451,0.55181503295898438,3,49.165969848632813,0.255596399307251,0.012878064066171646,0.006118040531873703,65,454,27.5194,0
thin0_browse0.800000011920929_clear0,0,74,sitka-spruce,2017.0814208984375,8.5260334014892578,3.5256459712982178,5.0003876686096191,1.31669282913208,0.066803067922592163,2.5219497680664063,7,48.786170959472656,0.26068821549415588,0.013195591978728771,0.0053667100146412849,64,462,35.3012,0
thin0_browse0.800000011920929_clear0,0,75,sitka-spruce,1331.3094482421875,7.8079051971435547,3.5768382549285889,4.2310676574707031,1.4125727415084839,0.070311121642589569,2.6825854778289795,4,48.197540283203125,0.26650217175483704,0.012944911606609821,0.0046749315224587917,60,470,30.8872,0
thin0_browse0.800000011920929_clear0,0,76,sitka-spruce,1310.5247802734375,7.8085517883300781,3.8920667171478271,3.9164869785308838,1.7686640024185181,0.074265033006668091,0.05500335618853569,1,50.191673278808594,0.27264091372489929,0.012269539758563042,0.0040195118635892868,56,475,23.9938,0
thin0_browse0.800000011920929_clear0,0,77,sitka-spruce,1294.9971923828125,7.6184101104736328,3.6076557636260986,4.0107526779174805,1.7520837783813477,0.079569928348064423,3.040372371673584,6,48.927303314208984,0.2763984203338623,0.01116496603935957,0.0034474977292120457,60,477,28.815800000000003,0
thin0_browse0.800000011920929_clear0,0,78,sitka-spruce,507.68087768554688,4.9463624954223633,2.6212491989135742,2.32511305809021,1.5055497884750366,0.08209642767906189,2.7698757648468018,7,47.1910285949707,0.28224724531173706,0.0097436420619487762,0.002921511884778738,60,484,35.0976,0
thin0_browse0.800000011920929_clear0,0,79,sitka-spruce,488.1468505859375,5.0879526138305664,3.1699814796447754,1.9179718494415283,1.2894405126571655,0.079980209469795227,0.879902720451355,4,48.111686706542969,0.292239248752594,0.0083952005952596664,0.0024039959535002708,55,493,30.904200000000003,0
thin0_browse0.800000011920929_clear0,0,80,sitka-spruce,1198.0986328125,7.9874787330627441,5.4806113243103027,2.506866455078125,1.1372735500335693,0.07332976907491684,2.264009952545166,5,50.117683410644531,0.29954105615615845,0.0076496172696352005,0.0018719293875619769,55,498,28.954900000000002,0
thin0_browse0.800000011920929_clear0,0,81,sitka-spruce,467.87387084960938,4.9470868110656738,3.2698812484741211,1.6772050857543945,1.091416597366333,0.07920876145362854,1.6476590633392334,5,50.569282531738281,0.30570653080940247,0.007756674662232399,0.0025123900268226862,54,504,29.7836,0
thin0_browse0.800000011920929_clear0,0,82,sitka-spruce,1724.096435546875,8.7605409622192383,5.0447225570678711,3.7158167362213135,1.2103381156921387,0.0782289132475853,0.9113001823425293,2,53.414138793945313,0.310730904340744,0.0074185570701956749,0.0027850717306137085,50,510,24.6525,0
thin0_browse0.800000011920929_clear0,0,83,sitka-spruce,1124.5770263671875,8.075312614440918,4.2865386009216309,3.7887744903564453,1.0887532234191895,0.086110077798366547,3.1731569766998291,6,53.352653503417969,0.31202402710914612,0.0091495038941502571,0.0038712446112185717,53,513,28.2407,0
thin0_browse0.800000011920929_clear0,0,84,sitka-spruce,439.77890014648438,4.999474048614502,2.8505790233612061,2.1488943099975586,0.998146653175354,0.085547611117362976,0.76393032073974609,3,54.355609893798828,0.31705054640769958,0.00978690106421709,0.0041807675734162331,49,520,27.645400000000002,0
thin0_browse0.800000011920929_clear0,0,85,sitka-spruce,1075.277099609375,8.2060098648071289,4.5924544334411621,3.6135547161102295,1.5438549518585205,0.079871237277984619,1.4776536226272583,4,55.846683502197266,0.32366484403610229,0.0097814686596393585,0.0040475507266819477,49,524,25.816100000000002,0
thin0_browse0.800000011920929_clear0,0,86,sitka-spruce,1075.277099609375,7.80369234085083,4.197265625,3.6064257621765137,1.409686803817749,0.0813121497631073,1.1593700647354126,5,57.393581390380859,0.32709318399429321,0.0087830154225230217,0.0036294118035584688,52,526,27.774,0
thin0_browse0.800000011920929_clear0,0,87,sitka-spruce,1057.55419921875,7.7009286880493164,3.6534976959228516,4.04742956161499,1.0844025611877441,0.081792473793029785,0.96172529458999634,3,58.919158935546875,0.32477319240570068,0.0084077920764684677,0.0030126601923257113,47,534,26.3702,0
thin0_browse0.800000011920929_clear0,0,88,sitka-spruce,413.4862060546875,4.5890994071960449,1.899550199508667,2.689549446105957,0.99927824735641479,0.077921532094478607,0.98936367034912109,3,58.752143859863281,0.32391700148582458,0.00818924605846405,0.0022839945740997791,46,538,23.8309,0
thin0_browse0.800000011920929_clear0,0,89,sitka-spruce,1005.0054931640625,7.8060245513916016,2.7659096717834473,5.0401153564453125,1.5882670879364014,0.067298397421836853,0.70377641916275024,4,59.158714294433594,0.32659989595413208,0.0074974773451685905,0.0015489490469917655,46,542,25.128700000000002,0
thin0_browse0.800000011920929_clear0,0,90,sitka-spruce,1013.6607666015625,7.5005989074707031,2.2681517601013184,5.2324461936950684,1.4533751010894775,0.061857637017965317,0.8515092134475708,4,59.060123443603516,0.32629764080047607,0.0065895519219338894,0.00097479054238647223,47,545,26.433500000000002,0
thin0_browse0.800000011920929_clear0,0,91,sitka-spruce,981.54693603515625,7.6725368499755859,2.3555207252502441,5.3170170783996582,1.191917896270752,0.055871166288852692,0.5085299015045166,2,59.659324645996094,0.32772359251976013,0.0065779276192188263,0.00093253277009353042,43,551,22.941200000000002,0
thin0_browse0.800000011920929_clear0,0,92,sitka-spruce,960.3853759765625,7.5165214538574219,2.5272433757781982,4.9892783164978027,1.0622286796569824,0.054811477661132813,1.2469326257705688,5,59.822597503662109,0.33033260703086853,0.0061577232554554939,0.00087693083332851529,45,554,26.3508,0
thin0_browse0.800000011920929_clear0,0,93,sitka-spruce,390.20309448242188,4.21329927444458,1.7435300350189209,2.4697701930999756,1.0011488199234009,0.058667637407779694,2.0625941753387451,4,58.4437141418457,0.32668778300285339,0.0055070756934583187,0.00048231196706183255,48,555,26.093,0
thin0_browse0.800000011920929_clear0,0,94,sitka-spruce,372.43722534179688,4.3168563842773438,1.9705337285995483,2.3463230133056641,1.2734631299972534,0.057033486664295197,2.0236561298370361,7,57.060096740722656,0.33089578151702881,0.0050809946842491627,0.0004672167997341603,46,564,33.5437,0
thin0_browse0.800000011920929_clear0,0,95,sitka-spruce,379.07183837890625,4.0490860939025879,2.2498848438262939,1.7992019653320313,1.2967442274093628,0.055502835661172867,1.2360590696334839,7,56.721675872802734,0.32935798168182373,0.0038933351170271635,0.00038561195833608508,52,565,31.826400000000003,0
thin0_browse0.800000011920929_clear0,0,96,sitka-spruce,1366.2078857421875,8.5283327102661133,4.6438355445861816,3.8844959735870361,0.87861734628677368,0.055912338197231293,2.58782696723938,7,57.843154907226563,0.33355480432510376,0.00400009099394083,0.00025698632816784084,45,579,35.706900000000005,0
thin0_browse0.800000011920929_clear0,0,97,sitka-spruce,356.46951293945313,4.18892240524292,2.4734697341918945,1.7154529094696045,0.92587107419967651,0.065069697797298431,2.1710500717163086,5,57.154632568359375,0.33886474370956421,0.00412939116358757,0.00014134249067865312,42,587,29.2585,0
thin0_browse0.800000011920929_clear0,0,98,sitka-spruce,359.882568359375,4.0137252807617188,2.3818972110748291,1.6318285465240479,1.1105053424835205,0.064922317862510681,4.03093147277832,5,54.330169677734375,0.34044161438941956,0.0036990933585911989,7.7738375694025308E-05,45,589,26.5535,0
thin0_browse0.800000011920929_clear0,0,99,sitka-spruce,1297.768310546875,8.72574234008789,5.6731424331665039,3.0525972843170166,0.84155333042144775,0.063969112932682037,4.8313398361206055,8,54.266448974609375,0.34524315595626831,0.0044025052338838577,0.00010516280599404126,44,598,34.517900000000004,0
thin0_browse0.800000011920929_clear0,0,100,sitka-spruce,873.92132568359375,7.2747769355773926,5.2181320190429688,2.0566449165344238,0.818899393081665,0.074890680611133575,1.2196295261383057,4,57.371162414550781,0.34619694948196411,0.0045207496732473373,5.7839544751914218E-05,41,605,27.7009,0
thin0_browse0.800000011920929_clear0,1,1,sitka-spruce,407.40866088867188,0.9964715838432312,0.9964715838432312,0,0,0,0,0,0.996471643447876,0.032020263373851776,0.019343031570315361,0.015662945806980133,336,0,160.10160000000002,0
thin0_browse0.800000011920929_clear0,1,2,sitka-spruce,298.69729614257813,0.84992539882659912,0.84992539882659912,0,0.020647039636969566,0.0046839406713843346,0,0,1.8210660219192505,0.032773625105619431,0.020547013729810715,0.01736907847225666,336,0,157.1329,0
thin0_browse0.800000011920929_clear0,1,3,sitka-spruce,1034.5086669921875,2.0362234115600586,2.0362234115600586,0,0.029278097674250603,0.00860055536031723,0,0,3.8194103240966797,0.034548833966255188,0.022158915176987648,0.019163740798830986,336,0,146.74120000000002,0
thin0_browse0.800000011920929_clear0,1,4,sitka-spruce,513.56103515625,1.4668514728546143,1.4668514728546143,0,0.061789460480213165,0.016134941950440407,0,0,5.2083373069763184,0.03703797236084938,0.023863760754466057,0.02092461846768856,336,0,153.56990000000002,0
thin0_browse0.800000011920929_clear0,1,5,sitka-spruce,602.173828125,1.7505034208297729,1.7505034208297729,0,0.080508962273597717,0.019177248701453209,0,0,6.85915470123291,0.039880145341157913,0.025548921898007393,0.022653216496109962,336,0,138.13330000000002,0
thin0_browse0.800000011920929_clear0,1,6,sitka-spruce,1707.435302734375,2.9273824691772461,2.8037979602813721,0.1235845685005188,0.070731461048126221,0.021362809464335442,0,0,9.5708580017089844,0.042901918292045593,0.027250340208411217,0.024310246109962463,336,0,141.83950000000002,0
thin0_browse0.800000011920929_clear0,1,7,sitka-spruce,1896.47412109375,3.12493634223938,1.6804518699645996,1.444485068321228,0.086608529090881348,0.025806907564401627,0,0,11.138894081115723,0.046094488352537155,0.028875036165118217,0.025823900476098061,336,0,137.4738,0
thin0_browse0.800000011920929_clear0,1,8,sitka-spruce,3116.54638671875,3.4132413864135742,1.3469860553741455,2.0662553310394287,0.12121417373418808,0.030547212809324265,0,0,12.334118843078613,0.049145616590976715,0.030361076816916466,0.027185771614313126,336,0,135.6482,0
thin0_browse0.800000011920929_clear0,1,9,sitka-spruce,902.0435791015625,2.6112582683563232,1.0571273565292358,1.554131031036377,0.15993915498256683,0.023193249478936195,0,0,13.208113670349121,0.051527321338653564,0.031670417636632919,0.02850385382771492,336,0,151.8968,0
thin0_browse0.800000011920929_clear0,1,10,sitka-spruce,967.5926513671875,2.8092741966247559,1.0871075391769409,1.7221670150756836,0.17432402074337006,0.021962385624647141,0,0,14.0989351272583,0.053506117314100266,0.032783165574073792,0.029692891985177994,334,2,157.8315,0
thin0_browse0.800000011920929_clear0,1,11,sitka-spruce,937.0325927734375,2.8185620307922363,0.771424412727356,2.0471372604370117,0.15351898968219757,0.021370243281126022,0,0,14.695469856262207,0.055077768862247467,0.033666756004095078,0.030673176050186157,331,5,150.0918,0
thin0_browse0.800000011920929_clear0,1,12,sitka-spruce,2281.168701171875,3.6869397163391113,0.99371320009231567,2.6932260990142822,0.1707179844379425,0.020569343119859695,0,0,15.497896194458008,0.056457366794347763,0.0343363881111145,0.0314347930252552,328,8,145.4702,0
thin0_browse0.800000011920929_clear0,1,13,sitka-spruce,2200.8408203125,3.7484848499298096,0.87779182195663452,2.8706929683685303,0.27796539664268494,0.0199973676353693,0.557316780090332,2,15.520407676696777,0.057232953608036041,0.034945026040077209,0.031982246786355972,323,15,146.11100000000002,0
thin0_browse0.800000011920929_clear0,1,14,sitka-spruce,858.845458984375,2.8197121620178223,1.1872290372848511,1.6324834823608398,0.32411929965019226,0.01942787878215313,0.92944467067718506,3,15.43464469909668,0.06106112152338028,0.031307287514209747,0.028000099584460258,320,21,141.55880000000002,0
thin0_browse0.800000011920929_clear0,1,15,sitka-spruce,3130.840087890625,3.8530919551849365,1.9878761768341064,1.8652167320251465,0.33758202195167542,0.020659655332565308,0.458035409450531,1,16.606243133544922,0.06579272449016571,0.0252087265253067,0.019967351108789444,312,30,132.6893,0
thin0_browse0.800000011920929_clear0,1,16,sitka-spruce,809.9139404296875,2.895127534866333,1.1173540353775024,1.7777737379074097,0.39820230007171631,0.025588937103748322,2.0930852890014648,4,15.206721305847168,0.071974910795688629,0.020728595554828644,0.01521255262196064,305,41,142.7929,0
thin0_browse0.800000011920929_clear0,1,17,sitka-spruce,778.00738525390625,3.0014557838439941,2.4082260131835938,0.593230128288269,0.370919406414032,0.026338648051023483,0,0,17.217689514160156,0.086194626986980438,0.012814342975616455,0.0083669042214751244,291,55,117.88340000000001,0
thin0_browse0.800000011920929_clear0,1,18,sitka-spruce,1932.7100830078125,4.2923827171325684,2.7146356105804443,1.5777472257614136,0.34349432587623596,0.029965616762638092,2.80234956741333,4,16.756515502929688,0.098083473742008209,0.010298732668161392,0.0062284870073199272,289,61,117.736,0
thin0_browse0.800000011920929_clear0,1,19,sitka-spruce,769.57281494140625,2.9141786098480225,2.0632154941558838,0.85096323490142822,0.40852454304695129,0.035432733595371246,0.63704848289489746,1,17.738723754882813,0.10683184117078781,0.0066949673928320408,0.0034256679937243462,284,67,109.2232,0
thin0_browse0.800000011920929_clear0,1,20,sitka-spruce,762.53460693359375,3.10050630569458,2.2568051815032959,0.84370160102844238,0.41599458456039429,0.039998836815357208,0.15218077600002289,1,19.387355804443359,0.11409258842468262,0.005078374408185482,0.001884117373265326,275,77,105.2197,0
thin0_browse0.800000011920929_clear0,1,21,sitka-spruce,1900.056640625,4.203369140625,2.976517915725708,1.226851224899292,0.41100257635116577,0.042541094124317169,0.57972246408462524,1,21.330606460571289,0.11876925826072693,0.0051984847523272038,0.0015981340548023582,269,84,96.0447,0
thin0_browse0.800000011920929_clear0,1,22,sitka-spruce,2832.28759765625,4.3385334014892578,2.3907918930053711,1.947740912437439,0.9784666895866394,0.0473468042910099,0,0,22.695585250854492,0.12134315073490143,0.0051465197466313839,0.0014138625701889396,261,92,89.9393,0
thin0_browse0.800000011920929_clear0,1,23,sitka-spruce,1899.611083984375,4.1428952217102051,2.1434586048126221,1.9994372129440308,1.0500085353851318,0.0454644113779068,0.5154840350151062,1,23.228086471557617,0.1204492524266243,0.0065766377374529839,0.0026221219450235367,257,97,86.5592,0
thin0_browse0.800000011920929_clear0,1,24,sitka-spruce,1847.936767578125,4.524383544921875,2.3587017059326172,2.1656825542449951,1.2896753549575806,0.045487526804208755,0,0,24.251625061035156,0.12480722367763519,0.0074324808083474636,0.0032479772344231606,243,111,80.9025,0
thin0_browse0.800000011920929_clear0,1,25,sitka-spruce,2752.315673828125,5.0033783912658691,2.6973443031311035,2.3060343265533447,1.1951216459274292,0.044493071734905243,0.43562239408493042,2,25.273733139038086,0.13147906959056854,0.0077595347538590431,0.003421425586566329,236,120,78.3755,0
thin0_browse0.800000011920929_clear0,1,26,sitka-spruce,1810.673583984375,4.8772854804992676,2.5896618366241455,2.2876245975494385,1.0495909452438354,0.046247173100709915,0,0,26.767555236816406,0.136780247092247,0.00838594138622284,0.0033503819722682238,226,130,73.6558,0
thin0_browse0.800000011920929_clear0,1,27,sitka-spruce,713.125244140625,3.7551896572113037,1.7752944231033325,1.9798948764801025,0.98638254404067993,0.051791984587907791,0.55931651592254639,2,26.94536018371582,0.14487791061401367,0.0085322000086307526,0.0030873413197696209,219,139,72.0635,0
thin0_browse0.800000011920929_clear0,1,28,sitka-spruce,1737.870361328125,5.7154273986816406,3.2269430160522461,2.4884843826293945,0.81996417045593262,0.050854600965976715,0.64104682207107544,2,28.660436630249023,0.15626814961433411,0.0082812914624810219,0.0027556999120861292,207,153,73.8758,0
thin0_browse0.800000011920929_clear0,1,29,sitka-spruce,1738.75048828125,6.0400428771972656,3.2135698795318604,2.8264729976654053,0.785933256149292,0.05568348616361618,1.2000058889389038,2,29.83238410949707,0.16536816954612732,0.00854293629527092,0.0024571919348090887,200,162,76.1234,0
thin0_browse0.800000011920929_clear0,1,30,sitka-spruce,2597.72216796875,6.2820777893066406,3.8798549175262451,2.4022212028503418,0.94366723299026489,0.061468567699193954,0.50804460048675537,1,32.199058532714844,0.17534239590168,0.0062076319009065628,0.001351455575786531,193,170,62.124500000000005,0
thin0_browse0.800000011920929_clear0,1,31,sitka-spruce,2601.406494140625,6.2932295799255371,3.6355977058410645,2.6576330661773682,0.83289629220962524,0.0704246535897255,1.0135316848754883,2,33.917804718017578,0.18371705710887909,0.0051198182627558708,0.00074330059578642249,188,177,62.46,0
thin0_browse0.800000011920929_clear0,1,32,sitka-spruce,1717.6689453125,6.6955304145812988,4.1518235206604,2.5437076091766357,1.0917965173721313,0.072877012193202972,1.3506201505661011,3,35.5543327331543,0.1935199499130249,0.0060509508475661278,0.00080094003351405263,180,188,61.0546,0
thin0_browse0.800000011920929_clear0,1,33,sitka-spruce,679.54864501953125,4.4752130508422852,2.9214003086090088,1.5538123846054077,1.1387287378311157,0.076276428997516632,0.56272178888320923,2,36.698005676269531,0.19761449098587036,0.00610017217695713,0.001804206520318985,174,196,56.7269,0
thin0_browse0.800000011920929_clear0,1,34,sitka-spruce,687.34454345703125,4.3301548957824707,2.4117581844329834,1.9183963537216187,1.1505906581878662,0.074046328663825989,0.79577738046646118,1,37.089351654052734,0.200130432844162,0.0061095738783478737,0.0023036566562950611,170,201,52.9743,0
thin0_browse0.800000011920929_clear0,1,35,sitka-spruce,684.98675537109375,4.3420305252075195,2.4698965549468994,1.8721343278884888,1.7524174451828003,0.066121295094490051,0.098908498883247375,3,37.641799926757813,0.19979630410671234,0.0076559572480618954,0.0034987777471542358,166,208,55.499700000000004,0
thin0_browse0.800000011920929_clear0,1,36,sitka-spruce,690.25238037109375,4.5230941772460938,2.3027839660644531,2.2203109264373779,1.6923669576644897,0.062943018972873688,0.99506586790084839,3,37.194206237792969,0.19861701130867004,0.0089956177398562431,0.004349712748080492,165,212,53.223400000000005,0
thin0_browse0.800000011920929_clear0,1,37,sitka-spruce,688.59417724609375,4.6391534805297852,2.284698486328125,2.354454517364502,1.5831513404846191,0.053317490965127945,1.118215799331665,2,36.724220275878906,0.19815264642238617,0.011695018969476223,0.00564213190227747,157,222,53.0281,0
thin0_browse0.800000011920929_clear0,1,38,sitka-spruce,664.950439453125,4.9381928443908691,2.5558698177337646,2.3823230266571045,1.3057906627655029,0.051065228879451752,1.4487727880477905,3,36.474464416503906,0.20231790840625763,0.014373634941875935,0.0070586195215582848,149,233,52.196400000000004,0
thin0_browse0.800000011920929_clear0,1,39,sitka-spruce,1639.195556640625,7.1503434181213379,3.0159029960632324,4.1344404220581055,1.2299896478652954,0.051287494599819183,1.1150602102279663,2,37.094028472900391,0.20102319121360779,0.017769871279597282,0.0089325234293937683,144,240,48.5655,0
thin0_browse0.800000011920929_clear0,1,40,sitka-spruce,670.81341552734375,4.86294412612915,2.1591849327087402,2.7037584781646729,1.17391836643219,0.048187028616666794,1.2925571203231812,4,36.738552093505859,0.1994900107383728,0.018570860847830772,0.0093057798221707344,146,242,52.8806,0
thin0_browse0.800000011920929_clear0,1,41,sitka-spruce,1701.011962890625,6.7821269035339355,3.6600568294525146,3.1220705509185791,0.99397855997085571,0.046340301632881165,0.080869518220424652,1,39.277420043945313,0.19661875069141388,0.0176218431442976,0.0085655180737376213,143,246,44.3253,0
thin0_browse0.800000011920929_clear0,1,42,sitka-spruce,1698.158447265625,6.8714027404785156,2.9012222290039063,3.9701809883117676,1.0270639657974243,0.053776606917381287,0.86758112907409668,2,40.230220794677734,0.19590364396572113,0.017455698922276497,0.00861775316298008,139,252,45.1786,0
thin0_browse0.800000011920929_clear0,1,43,sitka-spruce,1697.105712890625,7.0296926498413086,2.2842586040496826,4.7454338073730469,0.96590727567672729,0.057835791260004044,1.2071893215179443,7,40.283546447753906,0.19713582098484039,0.018333125859498978,0.0080962050706148148,137,261,51.9386,0
thin0_browse0.800000011920929_clear0,1,44,sitka-spruce,1660.039794921875,7.1700539588928223,3.1686897277832031,4.0013647079467773,1.2255842685699463,0.054200690239667892,0.43828955292701721,4,41.734161376953125,0.19958324730396271,0.018804660066962242,0.010343811474740505,132,270,46.667300000000004,0
thin0_browse0.800000011920929_clear0,1,45,sitka-spruce,1681.8126220703125,7.1386213302612305,2.4746158123016357,4.66400671005249,1.4556796550750732,0.053203374147415161,1.4881032705307007,4,41.2117919921875,0.19762589037418365,0.020144842565059662,0.011467179283499718,131,275,46.0432,0
thin0_browse0.800000011920929_clear0,1,46,sitka-spruce,674.78717041015625,5.0897054672241211,1.7221240997314453,3.3675811290740967,1.5866467952728271,0.0532226637005806,3.1192703247070313,7,38.174774169921875,0.19543056190013885,0.021099051460623741,0.013339974917471409,135,278,50.209,0
thin0_browse0.800000011920929_clear0,1,47,sitka-spruce,1683.4429931640625,6.8055086135864258,3.4614002704620361,3.3441085815429688,1.1993826627731323,0.051525741815567017,0.023386184126138687,2,40.361881256103516,0.19438207149505615,0.0189192071557045,0.011547870934009552,131,284,44.798300000000005,0
thin0_browse0.800000011920929_clear0,1,48,sitka-spruce,652.2923583984375,5.1927375793457031,2.1337730884552,3.0589652061462402,1.6842877864837646,0.052043940871953964,1.5326836109161377,3,39.226638793945313,0.2031080424785614,0.017849110066890717,0.010783957317471504,121,297,44.1396,0
thin0_browse0.800000011920929_clear0,1,49,sitka-spruce,657.4864501953125,5.1436734199523926,2.1270720958709717,3.0166001319885254,1.7999386787414551,0.047192119061946869,4.08430290222168,9,35.422279357910156,0.20868754386901855,0.016259729862213135,0.011143089272081852,121,306,50.8388,0
thin0_browse0.800000011920929_clear0,1,50,sitka-spruce,2485.823974609375,7.5772161483764648,4.4235758781433105,3.153639554977417,1.5604445934295654,0.045650258660316467,0,0,38.239761352539063,0.20617216825485229,0.018922688439488411,0.013774329796433449,112,315,40.7027,0
thin0_browse0.800000011920929_clear0,1,51,sitka-spruce,649.25982666015625,5.1800565719604492,2.8407280445098877,2.3393285274505615,1.3995940685272217,0.05202145129442215,2.0786063671112061,6,37.550266265869141,0.208185613155365,0.020944733172655106,0.01567491702735424,110,323,44.5039,0
thin0_browse0.800000011920929_clear0,1,52,sitka-spruce,2489.76708984375,7.3422369956970215,3.20453143119812,4.1377058029174805,1.3772950172424316,0.0539405420422554,2.6790692806243896,5,36.644493103027344,0.20770396292209625,0.020176341757178307,0.015621352009475231,113,325,41.9639,0
thin0_browse0.800000011920929_clear0,1,53,sitka-spruce,1663.12890625,7.1267123222351074,3.336378812789917,3.7903323173522949,1.3095282316207886,0.057285387068986893,1.5321764945983887,5,37.081882476806641,0.20799903571605682,0.021651512011885643,0.017024794593453407,105,338,43.587900000000005,0
thin0_browse0.800000011920929_clear0,1,54,sitka-spruce,655.6671142578125,5.1892199516296387,2.5959572792053223,2.5932621955871582,1.2078506946563721,0.05114319920539856,0.95153439044952393,3,37.467311859130859,0.20835623145103455,0.025054872035980225,0.020873354747891426,99,347,38.0462,0
thin0_browse0.800000011920929_clear0,1,55,sitka-spruce,1598.00439453125,7.3672714233398438,3.5476434230804443,3.8196303844451904,1.0009545087814331,0.050782497972249985,0.032493352890014648,1,39.93072509765625,0.2121257483959198,0.026933163404464722,0.0232146754860878,94,353,31.067500000000003,0
thin0_browse0.800000011920929_clear0,1,56,sitka-spruce,629.4376220703125,5.2812714576721191,2.5334033966064453,2.7478673458099365,0.902283787727356,0.057854503393173218,1.5993063449859619,5,39.904682159423828,0.21973121166229248,0.027797359973192215,0.024270003661513329,95,357,35.991800000000005,0
thin0_browse0.800000011920929_clear0,1,57,sitka-spruce,1601.1019287109375,7.2790975570678711,3.7176856994628906,3.5614135265350342,1.1439603567123413,0.057738661766052246,2.3558063507080078,5,40.064865112304688,0.22135424613952637,0.027990465983748436,0.024293186143040657,97,360,36.868900000000004,0
thin0_browse0.800000011920929_clear0,1,58,sitka-spruce,2364.880615234375,8.356532096862793,4.0645995140075684,4.2919321060180664,1.0394967794418335,0.063611261546611786,1.8692405223846436,5,41.157112121582031,0.2292151004076004,0.027780894190073013,0.023840727284550667,90,372,39.205200000000005,0
thin0_browse0.800000011920929_clear0,1,59,sitka-spruce,1576.511962890625,7.7041516304016113,3.6631441116333008,4.0410070419311523,1.0034941434860229,0.066396132111549377,0.76310360431671143,3,42.987262725830078,0.23317740857601166,0.027311483398079872,0.02292163111269474,86,379,32.728300000000004,0
thin0_browse0.800000011920929_clear0,1,60,sitka-spruce,1558.2117919921875,7.4697041511535645,3.81715989112854,3.6525440216064453,1.6570500135421753,0.071957483887672424,0.755738377571106,2,44.319675445556641,0.23261678218841553,0.026547746732831,0.021672086790204048,83,384,29.253700000000002,0
thin0_browse0.800000011920929_clear0,1,61,sitka-spruce,2354.0390625,7.873591423034668,3.2251224517822266,4.6484684944152832,1.6187626123428345,0.076303303241729736,0.87631672620773315,2,44.973415374755859,0.23159030079841614,0.025391571223735809,0.020273877307772636,81,388,29.791500000000003,0
thin0_browse0.800000011920929_clear0,1,62,sitka-spruce,1537.6151123046875,7.451019287109375,2.7958993911743164,4.655118465423584,1.7563985586166382,0.07395721971988678,1.4345299005508423,4,44.504432678222656,0.23223909735679626,0.024811228737235069,0.019703280180692673,80,393,35.2588,0
thin0_browse0.800000011920929_clear0,1,63,sitka-spruce,1541.955810546875,7.380643367767334,3.1075541973114014,4.27308988571167,1.7303938865661621,0.065702334046363831,2.7439920902252197,4,43.071895599365234,0.23216864466667175,0.02379930205643177,0.018539192155003548,79,398,33.537,0
thin0_browse0.800000011920929_clear0,1,64,sitka-spruce,611.50567626953125,5.04410457611084,2.7899296283721924,2.2541747093200684,1.8294163942337036,0.062165394425392151,1.5662174224853516,6,42.404029846191406,0.22960986196994781,0.022972485050559044,0.017084041610360146,79,404,35.1822,0
thin0_browse0.800000011920929_clear0,1,65,sitka-spruce,598.10015869140625,5.2367110252380371,3.1702349185943604,2.0664761066436768,1.6465020179748535,0.064141295850276947,0.704525351524353,2,43.159091949462891,0.231556236743927,0.02266097255051136,0.015545148402452469,72,413,31.5504,0
thin0_browse0.800000011920929_clear0,1,66,sitka-spruce,575.11224365234375,5.3781013488769531,3.0313091278076172,2.3467919826507568,1.6943639516830444,0.069157272577285767,1.9392303228378296,6,42.487651824951172,0.24044567346572876,0.021938091143965721,0.013940035365521908,72,419,33.7355,0
thin0_browse0.800000011920929_clear0,1,67,sitka-spruce,1465.1021728515625,7.4501614570617676,4.312798023223877,3.137364387512207,1.5487338304519653,0.068266905844211578,3.1035776138305664,8,42.079872131347656,0.24015612900257111,0.019549243152141571,0.011386124417185783,79,420,37.684000000000005,0
thin0_browse0.800000011920929_clear0,1,68,sitka-spruce,1487.7471923828125,7.2512383460998535,4.659632682800293,2.591606616973877,1.4909989833831787,0.072484858334064484,1.9751782417297363,4,43.200839996337891,0.24283811450004578,0.015493429265916348,0.0078138494864106178,78,425,35.4927,0
thin0_browse0.800000011920929_clear0,1,69,sitka-spruce,579.547119140625,5.161529541015625,3.0314953327178955,2.1300358772277832,1.3735369443893433,0.081261321902275085,0.23585101962089539,1,44.54168701171875,0.24727103114128113,0.014929227530956268,0.0077600814402103424,65,439,31.1656,0
thin0_browse0.800000011920929_clear0,1,70,sitka-spruce,577.39898681640625,5.0145454406738281,2.98126482963562,2.033280611038208,1.3847783803939819,0.079900860786437988,1.0972205400466919,6,44.961051940917969,0.25198221206665039,0.013276242651045322,0.0073480843566358089,70,440,30.806,0
thin0_browse0.800000011920929_clear0,1,71,sitka-spruce,565.98394775390625,5.1988673210144043,2.9812724590301514,2.2175946235656738,1.0297338962554932,0.0703945904970169,0.065695345401763916,2,46.7765007019043,0.258201539516449,0.012266626581549644,0.0067560565657913685,63,449,29.2574,0
thin0_browse0.800000011920929_clear0,1,72,sitka-spruce,1411.1678466796875,7.8141875267028809,3.6154024600982666,4.1987848281860352,1.4016101360321045,0.065801426768302917,0.72420305013656616,4,48.200290679931641,0.25623753666877747,0.013136099092662334,0.00670761289075017,65,451,29.180100000000003,0
thin0_browse0.800000011920929_clear0,1,73,sitka-spruce,1402.003662109375,7.7057290077209473,3.1515111923217773,4.5542173385620117,1.5670239925384521,0.0669897049665451,0.55181503295898438,3,49.165969848632813,0.255596399307251,0.012878064066171646,0.006118040531873703,65,454,27.712200000000003,0
thin0_browse0.800000011920929_clear0,1,74,sitka-spruce,2017.0814208984375,8.5260334014892578,3.5256459712982178,5.0003876686096191,1.31669282913208,0.066803067922592163,2.5219497680664063,7,48.786170959472656,0.26068821549415588,0.013195591978728771,0.0053667100146412849,64,462,35.9396,0
thin0_browse0.800000011920929_clear0,1,75,sitka-spruce,1331.3094482421875,7.8079051971435547,3.5768382549285889,4.2310676574707031,1.4125727415084839,0.070311121642589569,2.6825854778289795,4,48.197540283203125,0.26650217175483704,0.012944911606609821,0.0046749315224587917,60,470,30.9771,0
thin0_browse0.800000011920929_clear0,1,76,sitka-spruce,1310.5247802734375,7.8085517883300781,3.8920667171478271,3.9164869785308838,1.7686640024185181,0.074265033006668091,0.05500335618853569,1,50.191673278808594,0.27264091372489929,0.012269539758563042,0.0040195118635892868,56,475,23.1078,0
thin0_browse0.800000011920929_clear0,1,77,sitka-spruce,1294.9971923828125,7.6184101104736328,3.6076557636260986,4.0107526779174805,1.7520837783813477,0.079569928348064423,3.040372371673584,6,48.927303314208984,0.2763984203338623,0.01116496603935957,0.0034474977292120457,60,477,29.4681,0
thin0_browse0.800000011920929_clear0,1,78,sitka-spruce,507.68087768554688,4.9463624954223633,2.6212491989135742,2.32511305809021,1.5055497884750366,0.08209642767906189,2.7698757648468018,7,47.1910285949707,0.28224724531173706,0.0097436420619487762,0.002921511884778738,60,484,35.337700000000005,0
thin0_browse0.800000011920929_clear0,1,79,sitka-spruce,488.1468505859375,5.0879526138305664,3.1699814796447754,1.9179718494415283,1.2894405126571655,0.079980209469795227,0.879902720451355,4,48.111686706542969,0.292239248752594,0.0083952005952596664,0.0024039959535002708,55,493,29.468200000000003,0
thin0_browse0.800000011920929_clear0,1,80,sitka-spruce,1198.0986328125,7.9874787330627441,5.4806113243103027,2.506866455078125,1.1372735500335693,0.07332976907491684,2.264009952545166,5,50.117683410644531,0.29954105615615845,0.0076496172696352005,0.0018719293875619769,55,498,28.9064,0
thin0_browse0.800000011920929_clear0,1,81,sitka-spruce,467.87387084960938,4.9470868110656738,3.2698812484741211,1.6772050857543945,1.091416597366333,0.07920876145362854,1.6476590633392334,5,50.569282531738281,0.30570653080940247,0.007756674662232399,0.0025123900268226862,54,504,30.486800000000002,0
thin0_browse0.800000011920929_clear0,1,82,sitka-spruce,1724.096435546875,8.7605409622192383,5.0447225570678711,3.7158167362213135,1.2103381156921387,0.0782289132475853,0.9113001823425293,2,53.414138793945313,0.310730904340744,0.0074185570701956749,0.0027850717306137085,50,510,25.287100000000002,0
thin0_browse0.800000011920929_clear0,1,83,sitka-spruce,1124.5770263671875,8.075312614440918,4.2865386009216309,3.7887744903564453,1.0887532234191895,0.086110077798366547,3.1731569766998291,6,53.352653503417969,0.31202402710914612,0.0091495038941502571,0.0038712446112185717,53,513,29.6351,0
thin0_browse0.800000011920929_clear0,1,84,sitka-spruce,439.77890014648438,4.999474048614502,2.8505790233612061,2.1488943099975586,0.998146653175354,0.085547611117362976,0.76393032073974609,3,54.355609893798828,0.31705054640769958,0.00978690106421709,0.0041807675734162331,49,520,26.4141,0
thin0_browse0.800000011920929_clear0,1,85,sitka-spruce,1075.277099609375,8.2060098648071289,4.5924544334411621,3.6135547161102295,1.5438549518585205,0.079871237277984619,1.4776536226272583,4,55.846683502197266,0.32366484403610229,0.0097814686596393585,0.0040475507266819477,49,524,26.4385,0
thin0_browse0.800000011920929_clear0,1,86,sitka-spruce,1075.277099609375,7.80369234085083,4.197265625,3.6064257621765137,1.409686803817749,0.0813121497631073,1.1593700647354126,5,57.393581390380859,0.32709318399429321,0.0087830154225230217,0.0036294118035584688,52,526,29.006800000000002,0
thin0_browse0.800000011920929_clear0,1,87,sitka-spruce,1057.55419921875,7.7009286880493164,3.6534976959228516,4.04742956161499,1.0844025611877441,0.081792473793029785,0.96172529458999634,3,58.919158935546875,0.32477319240570068,0.0084077920764684677,0.0030126601923257113,47,534,26.3383,0
thin0_browse0.800000011920929_clear0,1,88,sitka-spruce,413.4862060546875,4.5890994071960449,1.899550199508667,2.689549446105957,0.99927824735641479,0.077921532094478607,0.98936367034912109,3,58.752143859863281,0.32391700148582458,0.00818924605846405,0.0022839945740997791,46,538,27.771700000000003,0
thin0_browse0.800000011920929_clear0,1,89,sitka-spruce,1005.0054931640625,7.8060245513916016,2.7659096717834473,5.0401153564453125,1.5882670879364014,0.067298397421836853,0.70377641916275024,4,59.158714294433594,0.32659989595413208,0.0074974773451685905,0.0015489490469917655,46,542,26.4133,0
thin0_browse0.800000011920929_clear0,1,90,sitka-spruce,1013.6607666015625,7.5005989074707031,2.2681517601013184,5.2324461936950684,1.4533751010894775,0.061857637017965317,0.8515092134475708,4,59.060123443603516,0.32629764080047607,0.0065895519219338894,0.00097479054238647223,47,545,25.5868,0
thin0_browse0.800000011920929_clear0,1,91,sitka-spruce,981.54693603515625,7.6725368499755859,2.3555207252502441,5.3170170783996582,1.191917896270752,0.055871166288852692,0.5085299015045166,2,59.659324645996094,0.32772359251976013,0.0065779276192188263,0.00093253277009353042,43,551,24.9833,0
thin0_browse0.800000011920929_clear0,1,92,sitka-spruce,960.3853759765625,7.5165214538574219,2.5272433757781982,4.9892783164978027,1.0622286796569824,0.054811477661132813,1.2469326257705688,5,59.822597503662109,0.33033260703086853,0.0061577232554554939,0.00087693083332851529,45,554,25.5045,0
thin0_browse0.800000011920929_clear0,1,93,sitka-spruce,390.20309448242188,4.21329927444458,1.7435300350189209,2.4697701930999756,1.0011488199234009,0.058667637407779694,2.0625941753387451,4,58.4437141418457,0.32668778300285339,0.0055070756934583187,0.00048231196706183255,48,555,25.415100000000002,0
thin0_browse0.800000011920929_clear0,1,94,sitka-spruce,372.43722534179688,4.3168563842773438,1.9705337285995483,2.3463230133056641,1.2734631299972534,0.057033486664295197,2.0236561298370361,7,57.060096740722656,0.33089578151702881,0.0050809946842491627,0.0004672167997341603,46,564,32.6281,0
thin0_browse0.800000011920929_clear0,1,95,sitka-spruce,379.07183837890625,4.0490860939025879,2.2498848438262939,1.7992019653320313,1.2967442274093628,0.055502835661172867,1.2360590696334839,7,56.721675872802734,0.32935798168182373,0.0038933351170271635,0.00038561195833608508,52,565,32.0494,0
thin0_browse0.800000011920929_clear0,1,96,sitka-spruce,1366.2078857421875,8.5283327102661133,4.6438355445861816,3.8844959735870361,0.87861734628677368,0.055912338197231293,2.58782696723938,7,57.843154907226563,0.33355480432510376,0.00400009099394083,0.00025698632816784084,45,579,35.4144,0
thin0_browse0.800000011920929_clear0,1,97,sitka-spruce,356.46951293945313,4.18892240524292,2.4734697341918945,1.7154529094696045,0.92587107419967651,0.065069697797298431,2.1710500717163086,5,57.154632568359375,0.33886474370956421,0.00412939116358757,0.00014134249067865312,42,587,28.3806,0
thin0_browse0.800000011920929_clear0,1,98,sitka-spruce,359.882568359375,4.0137252807617188,2.3818972110748291,1.6318285465240479,1.1105053424835205,0.064922317862510681,4.03093147277832,5,54.330169677734375,0.34044161438941956,0.0036990933585911989,7.7738375694025308E-05,45,589,27.0608,0
thin0_browse0.800000011920929_clear0,1,99,sitka-spruce,1297.768310546875,8.72574234008789,5.6731424331665039,3.0525972843170166,0.84155333042144775,0.063969112932682037,4.8313398361206055,8,54.266448974609375,0.34524315595626831,0.0044025052338838577,0.00010516280599404126,44,598,35.7973,0
thin0_browse0.800000011920929_clear0,1,100,sitka-spruce,873.92132568359375,7.2747769355773926,5.2181320190429688,2.0566449165344238,0.818899393081665,0.074890680611133575,1.2196295261383057,4,57.371162414550781,0.34619694948196411,0.0045207496732473373,5.7839544751914218E-05,41,605,27.0941,0
thin0.20000000298023224_browse0_clear0,0,1,sitka-spruce,337.46432495117188,1.4534131288528442,1.4534131288528442,0,0,0,0,0,1.4534131288528442,0.063514061272144318,0.029624603688716888,0.026000687852501869,269,0,139.3323,0
thin0.20000000298023224_browse0_clear0,0,2,sitka-spruce,249.77053833007813,1.2423139810562134,1.2423139810562134,0,0.014799258671700954,0,0,0,2.6809279918670654,0.066018372774124146,0.031588021665811539,0.027487708255648613,269,0,134.35930000000002,0
thin0.20000000298023224_browse0_clear0,0,3,sitka-spruce,873.46343994140625,3.0977671146392822,3.0977671146392822,0,0.0186568982899189,0,0,0,5.760037899017334,0.0685511901974678,0.034100499004125595,0.029066272079944611,269,0,137.3064,0
thin0.20000000298023224_browse0_clear0,0,4,sitka-spruce,437.85162353515625,2.1689314842224121,2.1689314842224121,0,0.055061664432287216,0,0,0,7.8739075660705566,0.071240335702896118,0.037017636001110077,0.030747996643185616,269,0,115.411,0
thin0.20000000298023224_browse0_clear0,0,5,sitka-spruce,518.3712158203125,2.5792243480682373,2.5792243480682373,0,0.057558685541152954,0,0,0,10.395573616027832,0.074024192988872528,0.040083743631839752,0.032466784119606018,269,0,109.4749,0
thin0.20000000298023224_browse0_clear0,0,6,sitka-spruce,1483.7021484375,4.4111723899841309,4.4111723899841309,0,0.0619494803249836,0,0,0,14.744795799255371,0.077202022075653076,0.04301530122756958,0.034379098564386368,269,0,107.0082,0
thin0.20000000298023224_browse0_clear0,0,7,sitka-spruce,1662.9501953125,4.68838357925415,3.5035464763641357,1.184837818145752,0.10700201988220215,0,0,0,18.141340255737305,0.080141536891460419,0.0457073375582695,0.036458913236856461,269,0,106.36410000000001,0
thin0.20000000298023224_browse0_clear0,0,8,sitka-spruce,2756.377197265625,5.1574478149414063,2.2390141487121582,2.9184329509735107,0.15071116387844086,0,0,0,20.229642868041992,0.082175731658935547,0.0480661578476429,0.038673572242259979,269,0,108.1328,0
thin0.20000000298023224_browse0_clear0,0,9,sitka-spruce,804.259521484375,3.8053486347198486,1.4123165607452393,2.3930323123931885,0.19721081852912903,0,0,0,21.44474983215332,0.083746202290058136,0.050048384815454483,0.040770057588815689,269,0,107.9462,0
thin0.20000000298023224_browse0_clear0,0,10,sitka-spruce,873.79339599609375,4.0365915298461914,1.3272185325622559,2.7093727588653564,0.21489281952381134,0,0,0,22.557075500488281,0.085012637078762054,0.051666323095560074,0.04265277087688446,269,0,108.4675,0
thin0.20000000298023224_browse0_clear0,0,11,sitka-spruce,856.04583740234375,4.0572586059570313,1.0108481645584106,3.046410083770752,0.23435308039188385,0,0,0,23.33357048034668,0.086065344512462616,0.052935287356376648,0.044274315237998962,268,1,118.47500000000001,0
thin0.20000000298023224_browse0_clear0,0,12,sitka-spruce,2104.989501953125,5.4085636138916016,1.1821454763412476,4.2264180183410645,0.25162661075592041,0,0,0,24.264089584350586,0.086919404566288,0.053899355232715607,0.045614305883646011,267,2,114.3615,0
thin0.20000000298023224_browse0_clear0,0,13,sitka-spruce,2061.549072265625,5.4711661338806152,1.2097542285919189,4.2614121437072754,0.29680165648460388,0,1.1136375665664673,4,24.063404083251953,0.087340161204338074,0.054666738957166672,0.046650052070617676,268,5,118.7907,0
thin0.20000000298023224_browse0_clear0,0,14,sitka-spruce,814.1605224609375,4.0585856437683105,1.7828859090805054,2.2756986618041992,0.33769148588180542,0,1.389390230178833,4,24.119209289550781,0.091358393430709839,0.049532059580087662,0.041418977081775665,270,7,117.5099,0
thin0.20000000298023224_browse0_clear0,0,15,sitka-spruce,3002.9111328125,5.587773323059082,2.3045625686645508,3.2832112312316895,0.34349119663238525,0,2.2764015197753906,5,23.803878784179688,0.09764011949300766,0.041183289140462875,0.031443376094102859,271,11,115.09570000000001,0
thin0.20000000298023224_browse0_clear0,0,16,sitka-spruce,789.9111328125,3.970691442489624,2.2442338466644287,1.7264577150344849,0.33077159523963928,0,0.97960913181304932,2,24.737730026245117,0.10840731114149094,0.031800128519535065,0.022616354748606682,268,16,109.47370000000001,0
thin0.20000000298023224_browse0_clear0,0,17,sitka-spruce,759.17425537109375,4.2409195899963379,2.5028915405273438,1.7380282878875732,0.32078054547309875,0,0.71346819400787354,1,26.20637321472168,0.12161391228437424,0.024632878601551056,0.014744378626346588,257,28,117.27690000000001,0
thin0.20000000298023224_browse0_clear0,0,18,sitka-spruce,1906.8955078125,5.6340675354003906,2.1233112812042236,3.5107557773590088,0.33476048707962036,0,4.4290943145751953,7,23.565830230712891,0.1307961493730545,0.020118189975619316,0.011006133630871773,262,30,104.6683,0
thin0.20000000298023224_browse0_clear0,0,19,sitka-spruce,755.63909912109375,3.8074133396148682,2.6875216960906982,1.119891881942749,0.37990257143974304,0,1.8006041049957275,3,24.072845458984375,0.14035852253437042,0.014350674115121365,0.00659357663244009,259,36,99.1957,0
thin0.20000000298023224_browse0_clear0,0,20,sitka-spruce,750.209716796875,3.6411640644073486,2.5730648040771484,1.0680992603302002,0.3864128589630127,0,0.14156422019004822,1,26.11793327331543,0.14312711358070374,0.01132363174110651,0.00413102051243186,253,43,93.663800000000009,0
thin0.20000000298023224_browse0_clear0,0,21,sitka-spruce,1855.569091796875,5.3100986480712891,3.1954445838928223,2.1146533489227295,0.611961305141449,0,1.1951553821563721,3,27.506259918212891,0.1454177051782608,0.011151031590998173,0.0037583846133202314,246,53,87.3199,0
thin0.20000000298023224_browse0_clear0,0,22,sitka-spruce,2770.443603515625,5.4228825569152832,2.5650293827056885,2.8578536510467529,0.81326252222061157,0,0.67059457302093506,1,28.587432861328125,0.14801269769668579,0.010708660818636417,0.0032965440768748522,239,61,81.0329,0
thin0.20000000298023224_browse0_clear0,0,23,sitka-spruce,1856.95458984375,5.08741569519043,2.15877103805542,2.9286446571350098,0.82323384284973145,0,0.99195683002471924,2,28.931011199951172,0.14807060360908508,0.011003721505403519,0.0038348722737282515,237,65,78.412100000000009,0
thin0.20000000298023224_browse0_clear0,0,24,sitka-spruce,1801.8157958984375,5.5903959274291992,2.41648530960083,3.1739087104797363,0.76882690191268921,0,0.13537314534187317,1,30.44329833984375,0.15166005492210388,0.01250353641808033,0.0058604823425412178,222,81,74.5018,0
thin0.20000000298023224_browse0_clear0,0,25,sitka-spruce,2701.29931640625,6.067349910736084,2.1238746643066406,3.9434747695922852,0.75332921743392944,0,0.66315114498138428,2,31.150691986083984,0.15424908697605133,0.014473035931587219,0.0070184622891247272,216,89,71.2988,0
thin0.20000000298023224_browse0_clear0,0,26,sitka-spruce,1789.08984375,5.7375445365905762,2.1724050045013428,3.5651400089263916,0.68766367435455322,0,0.28316643834114075,1,32.352268218994141,0.15778760612010956,0.015392187982797623,0.0074488511309027672,210,96,66.0106,0
thin0.20000000298023224_browse0_clear0,0,27,sitka-spruce,696.70526123046875,4.3512907028198242,1.7216309309005737,2.6296589374542236,0.66631472110748291,0,0.7506069540977478,2,32.656974792480469,0.16465061902999878,0.015446014702320099,0.0073029850609600544,200,108,65.2949,0
thin0.20000000298023224_browse0_clear0,0,28,sitka-spruce,1732.6806640625,6.1932497024536133,2.7301299571990967,3.4631187915802,0.75673264265060425,0,0.85931777954101563,2,33.77105712890625,0.17127606272697449,0.014564076438546181,0.0066186892800033092,194,116,61.8911,0
thin0.20000000298023224_browse0_clear0,0,29,sitka-spruce,1731.79638671875,7.0639915466308594,3.4056961536407471,3.6582956314086914,0.96184009313583374,0,0.8164374828338623,1,35.398475646972656,0.18207186460494995,0.013921341858804226,0.0056092622689902782,186,125,60.8791,0
thin0.20000000298023224_browse0_clear0,0,30,sitka-spruce,2580.981201171875,7.2534866333007813,2.9327142238616943,4.3207736015319824,0.99897551536560059,0,0.8915107250213623,2,36.440700531005859,0.18634307384490967,0.014912974089384079,0.00659906305372715,179,134,66.408200000000008,0
thin0.20000000298023224_browse0_clear0,0,31,sitka-spruce,2585.78271484375,7.5504827499389648,3.2554457187652588,4.2950382232666016,1.1620680093765259,0,1.7392914295196533,6,36.7947883605957,0.18684189021587372,0.019366959109902382,0.010706177912652493,177,142,64.463400000000007,0
thin0.20000000298023224_browse0_clear0,0,32,sitka-spruce,1746.4686279296875,7.2779445648193359,4.2453413009643555,3.032604455947876,1.1792184114456177,0,1.2880706787109375,5,38.572841644287109,0.19285042583942413,0.020108385011553764,0.011516621336340904,176,148,59.2896,0
thin0.20000000298023224_browse0_clear0,0,33,sitka-spruce,682.58428955078125,5.01522970199585,2.5449867248535156,2.4702425003051758,1.0956795215606689,0,1.2457165718078613,3,38.776432037353516,0.19736312329769135,0.0191402155905962,0.010848850011825562,169,158,56.2198,0
thin0.20000000298023224_browse0_clear0,0,34,sitka-spruce,689.023681640625,4.9246611595153809,2.6172282695770264,2.3074331283569336,1.1264392137527466,0,2.2025370597839355,4,38.064682006835938,0.20161956548690796,0.017794413492083549,0.0097291525453329086,167,164,54.8093,0
thin0.20000000298023224_browse0_clear0,0,35,sitka-spruce,677.7269287109375,5.11707067489624,2.9315140247344971,2.1855571269989014,1.2486796379089355,0,1.7918055057525635,3,37.955711364746094,0.20000727474689484,0.017393128946423531,0.0077806427143514156,160,174,54.2442,0
thin0.20000000298023224_browse0_clear0,0,36,sitka-spruce,689.46307373046875,5.061795711517334,2.4885289669036865,2.57326602935791,1.2359000444412231,0,0.60760986804962158,2,38.600730895996094,0.19862772524356842,0.016600986942648888,0.0071312831714749336,157,179,51.2474,0
thin0.20000000298023224_browse0_clear0,0,37,sitka-spruce,693.923583984375,5.1222448348999023,2.22744083404541,2.8948044776916504,1.4277877807617188,0,1.8018282651901245,6,37.598556518554688,0.19890238344669342,0.016747560352087021,0.0064271772280335426,156,186,55.3962,0
thin0.20000000298023224_browse0_clear0,0,38,sitka-spruce,675.408935546875,5.3841047286987305,2.8776946067810059,2.5064105987548828,1.2454566955566406,0,1.0844874382019043,2,38.146305084228516,0.20620164275169373,0.014382627792656422,0.0048830714076757431,146,198,50.0452,0
thin0.20000000298023224_browse0_clear0,0,39,sitka-spruce,1667.650634765625,8.0728368759155273,3.8060414791107178,4.2667946815490723,1.0487222671508789,0,1.2325475215911865,4,39.671077728271484,0.20702618360519409,0.017051069065928459,0.0072558107785880566,140,208,51.513000000000005,0
thin0.20000000298023224_browse0_clear0,0,40,sitka-spruce,676.24566650390625,5.61268949508667,2.500065803527832,3.1126241683959961,0.99426364898681641,0,1.786454439163208,3,39.390426635742188,0.21073850989341736,0.017920510843396187,0.0081828897818923,140,211,56.5214,0
thin0.20000000298023224_browse0_clear0,0,41,sitka-spruce,1725.4716796875,7.5653247833251953,3.0609283447265625,4.5043964385986328,1.3941890001296997,0,1.3162643909454346,3,39.740901947021484,0.20906230807304382,0.019632866606116295,0.010646004229784012,137,217,48.7058,0
thin0.20000000298023224_browse0_clear0,0,42,sitka-spruce,1705.8441162109375,7.5351557731628418,2.8968286514282227,4.6383275985717773,1.0453264713287354,0,1.8701024055480957,4,39.7223014831543,0.20934535562992096,0.020113080739974976,0.01279817521572113,132,226,47.439800000000005,0
thin0.20000000298023224_browse0_clear0,0,43,sitka-spruce,1667.5804443359375,7.780728816986084,2.9177663326263428,4.8629617691040039,1.2698156833648682,0,0.66171997785568237,4,40.708530426025391,0.20199352502822876,0.025479037314653397,0.016975004225969315,126,236,44.853500000000004,0
thin0.20000000298023224_browse0_clear0,0,44,sitka-spruce,1665.0396728515625,8.0274467468261719,2.6223702430725098,5.40507698059082,1.0150221586227417,0,1.1510007381439209,5,41.164878845214844,0.20008684694766998,0.028880111873149872,0.01994694210588932,126,241,45.4137,0
thin0.20000000298023224_browse0_clear0,0,45,sitka-spruce,1694.2056884765625,7.7473068237304688,3.0861873626708984,4.6611185073852539,0.97019153833389282,0,2.138282299041748,5,41.142593383789063,0.20097742974758148,0.028420815244317055,0.020416192710399628,126,246,46.630700000000004,0
thin0.20000000298023224_browse0_clear0,0,46,sitka-spruce,678.6031494140625,5.4759001731872559,2.3877062797546387,3.0881938934326172,0.900948703289032,0,1.7232909202575684,7,40.906059265136719,0.1964544802904129,0.029602900147438049,0.023135870695114136,127,252,50.2884,0
thin0.20000000298023224_browse0_clear0,0,47,sitka-spruce,1697.990478515625,7.2865886688232422,3.4098434448242188,3.8767457008361816,0.81885826587677,0,2.1970806121826172,4,41.299961090087891,0.1951935887336731,0.031268328428268433,0.025773961097002029,125,258,47.2742,0
thin0.20000000298023224_browse0_clear0,0,48,sitka-spruce,669.38604736328125,5.4260597229003906,2.2338783740997314,3.1921813488006592,0.78403472900390625,0,2.1235878467559814,5,40.626216888427734,0.20014894008636475,0.030735194683074951,0.025297360494732857,120,268,47.2045,0
thin0.20000000298023224_browse0_clear0,0,49,sitka-spruce,659.95428466796875,5.9526348114013672,2.76007342338562,3.1925621032714844,0.94915229082107544,0,2.0271408557891846,7,40.409996032714844,0.20677280426025391,0.032877828925848007,0.02646864578127861,110,285,53.8658,0
thin0.20000000298023224_browse0_clear0,0,50,sitka-spruce,2466.467041015625,8.7639760971069336,4.8488378524780273,3.9151401519775391,1.3260015249252319,0,4.5816202163696289,7,39.351211547851563,0.21559099853038788,0.030572151765227318,0.023199524730443954,112,290,56.0516,0
thin0.20000000298023224_browse0_clear0,0,51,sitka-spruce,649.42535400390625,5.7563600540161133,3.427952766418457,2.3284077644348145,1.1290682554244995,0,2.1646270751953125,6,39.485469818115234,0.22626355290412903,0.027056382969021797,0.018874626606702805,111,297,46.334900000000005,0
thin0.20000000298023224_browse0_clear0,0,52,sitka-spruce,2427.455322265625,9.11468505859375,5.044379711151123,4.0703063011169434,1.3015890121459961,0,1.4510979652404785,3,41.777164459228516,0.23217962682247162,0.028803532943129539,0.019959999248385429,97,314,42.1111,0
thin0.20000000298023224_browse0_clear0,0,53,sitka-spruce,1599.204345703125,8.6297378540039063,4.8010568618774414,3.8286809921264648,1.2979395389556885,0,0.39783608913421631,3,44.8824462890625,0.23828324675559998,0.029931025579571724,0.020632755011320114,94,320,34.6642,0
thin0.20000000298023224_browse0_clear0,0,54,sitka-spruce,635.796875,5.8339719772338867,2.61541485786438,3.2185568809509277,1.0608187913894653,0,2.5322775840759277,6,43.904762268066406,0.24543970823287964,0.028427526354789734,0.018951196223497391,96,324,39.6239,0
thin0.20000000298023224_browse0_clear0,0,55,sitka-spruce,1538.646728515625,8.5765571594238281,4.323021411895752,4.2535367012023926,0.9114689826965332,0,0.53270089626312256,3,46.783615112304688,0.24743026494979858,0.028666384518146515,0.019657902419567108,92,331,36.0886,0
thin0.20000000298023224_browse0_clear0,0,56,sitka-spruce,626.68048095703125,5.5787515640258789,2.4037864208221436,3.1749653816223145,1.0358295440673828,0,0.21459230780601501,1,47.936981201171875,0.24850858747959137,0.026201214641332626,0.018347673118114471,91,333,32.652,0
thin0.20000000298023224_browse0_clear0,0,57,sitka-spruce,1548.5379638671875,8.9755716323852539,3.0718183517456055,5.9037551879882813,0.82753902673721313,0,0.33064171671867371,1,49.850616455078125,0.25675180554389954,0.02661416307091713,0.017495365813374519,82,343,32.217,0
thin0.20000000298023224_browse0_clear0,0,58,sitka-spruce,2259.96337890625,9.40475082397461,2.9337615966796875,6.4709887504577637,1.0196945667266846,0,0.93268972635269165,3,50.831993103027344,0.26225942373275757,0.025894718244671822,0.016664065420627594,80,348,31.853800000000003,0
thin0.20000000298023224_browse0_clear0,0,59,sitka-spruce,1535.8338623046875,8.3747100830078125,2.4416360855102539,5.9330730438232422,1.0930923223495483,0,2.9745173454284668,7,49.206020355224609,0.26489394903182983,0.023252146318554878,0.015836752951145172,86,349,39.6873,0
thin0.20000000298023224_browse0_clear0,0,60,sitka-spruce,1529.12890625,8.39033031463623,2.8687524795532227,5.52157735824585,1.0050779581069946,0,1.6662216186523438,4,49.403472900390625,0.26706382632255554,0.021553482860326767,0.015133646316826344,79,360,37.7761,0
thin0.20000000298023224_browse0_clear0,0,61,sitka-spruce,2273.551025390625,8.8546218872070313,3.4016425609588623,5.4529800415039063,1.0426534414291382,0,1.8888504505157471,3,49.873611450195313,0.26877683401107788,0.019612366333603859,0.014577475376427174,76,366,33.5203,0
thin0.20000000298023224_browse0_clear0,0,62,sitka-spruce,1515.5660400390625,8.2147674560546875,2.9903228282928467,5.2244458198547363,1.3160361051559448,0,2.2449238300323486,8,49.302974700927734,0.27065110206604004,0.017983285710215569,0.014120024628937244,80,370,38.9429,0
thin0.20000000298023224_browse0_clear0,0,63,sitka-spruce,1503.0091552734375,8.1195850372314453,3.9287469387054443,4.1908397674560547,1.3996964693069458,0,3.5895986557006836,10,48.242427825927734,0.27271074056625366,0.016589021310210228,0.013731392100453377,80,380,43.3444,0
thin0.20000000298023224_browse0_clear0,0,64,sitka-spruce,593.75079345703125,5.468909740447998,2.9310402870178223,2.5378711223602295,1.6104879379272461,0,1.8088985681533813,8,47.754081726074219,0.27288606762886047,0.015799291431903839,0.013395906426012516,76,392,43.4269,0
thin0.20000000298023224_browse0_clear0,0,65,sitka-spruce,596.07904052734375,5.319786548614502,3.0254120826721191,2.2943737506866455,1.6635222434997559,0,1.3435670137405396,3,47.772403717041016,0.27236604690551758,0.014915555715560913,0.013077777810394764,70,401,33.1415,0
thin0.20000000298023224_browse0_clear0,0,66,sitka-spruce,587.3355712890625,5.3794436454772949,3.1710410118103027,2.2084026336669922,1.3715980052947998,0,1.5819194316864014,2,47.989925384521484,0.2730676531791687,0.014519808813929558,0.01271660253405571,67,406,28.0458,0
thin0.20000000298023224_browse0_clear0,0,67,sitka-spruce,1464.6982421875,7.7881307601928711,3.5555312633514404,4.232600212097168,1.1744710206985474,0,1.3118829727172852,3,49.059104919433594,0.2732464075088501,0.014124595560133457,0.012286444194614887,67,409,27.8111,0
thin0.20000000298023224_browse0_clear0,0,68,sitka-spruce,1443.70654296875,7.9609179496765137,3.3036210536956787,4.6572976112365723,1.1450629234313965,0,2.5504019260406494,4,48.667259216308594,0.27776879072189331,0.013893201947212219,0.011942715384066105,66,414,31.2083,0
thin0.20000000298023224_browse0_clear0,0,69,sitka-spruce,573.29156494140625,5.2679662704467773,2.5413820743560791,2.7265822887420654,1.0273382663726807,0,1.5702426433563232,4,48.611061096191406,0.28223711252212524,0.013585310429334641,0.01145749818533659,65,419,32.1995,0
thin0.20000000298023224_browse0_clear0,0,70,sitka-spruce,557.87078857421875,5.3390679359436035,2.8144631385803223,2.5246050357818604,0.93700432777404785,0,1.7771663665771484,6,48.711353302001953,0.28944918513298035,0.013212191872298717,0.010804335586726665,65,425,34.5617,0
thin0.20000000298023224_browse0_clear0,0,71,sitka-spruce,554.2464599609375,5.2116527557373047,3.2247669696807861,1.9868865013122559,0.96359896659851074,0,1.8298711776733398,3,49.142650604248047,0.29307630658149719,0.01277235709130764,0.010259111411869526,61,432,30.750500000000002,0
thin0.20000000298023224_browse0_clear0,0,72,sitka-spruce,1368.1756591796875,7.8929553031921387,4.5581684112548828,3.3347876071929932,0.81969428062438965,0,2.682687520980835,5,50.198436737060547,0.28934416174888611,0.013461751863360405,0.010030905716121197,64,434,31.0895,0
thin0.20000000298023224_browse0_clear0,0,73,sitka-spruce,1324.48291015625,8.3103342056274414,3.8846986293792725,4.4256362915039063,1.151331901550293,0,0.399819552898407,3,52.531982421875,0.29626509547233582,0.013552320189774036,0.0096801174804568291,58,443,30.131400000000003,0
thin0.20000000298023224_browse0_clear0,0,74,sitka-spruce,1949.82421875,9.1449766159057617,4.0986509323120117,5.04632568359375,1.515231728553772,0,2.0355737209320068,5,53.079830169677734,0.30051219463348389,0.013777008280158043,0.0092011215165257454,59,447,30.3118,0
thin0.20000000298023224_browse0_clear0,0,75,sitka-spruce,1279.3602294921875,8.2124452590942383,3.6993293762207031,4.513115406036377,1.6063807010650635,0,1.7017226219177246,5,53.471054077148438,0.30385151505470276,0.013525025919079781,0.0086386390030384064,58,453,33.2113,0
thin0.20000000298023224_browse0_clear0,0,76,sitka-spruce,1249.3480224609375,8.3654594421386719,4.0169644355773926,4.3484954833984375,1.4806616306304932,0,1.5251204967498779,3,54.48223876953125,0.3059539794921875,0.013648113235831261,0.008078460581600666,55,459,27.576600000000003,0
thin0.20000000298023224_browse0_clear0,0,77,sitka-spruce,1221.51416015625,8.3250951766967773,3.2490434646606445,5.0760502815246582,1.3982537984848022,0,2.235997200012207,5,54.097030639648438,0.30886343121528625,0.013188761658966541,0.0073906881734728813,56,463,29.9933,0
thin0.20000000298023224_browse0_clear0,0,78,sitka-spruce,478.603759765625,5.1711816787719727,2.5504071712493896,2.6207740306854248,1.3305885791778564,0,0.20913541316986084,1,55.107711791992188,0.30970519781112671,0.013753022067248821,0.0078341709449887276,51,469,24.4663,0
thin0.20000000298023224_browse0_clear0,0,79,sitka-spruce,470.39321899414063,5.0634217262268066,2.4704043865203857,2.5930190086364746,1.0951591730117798,0,1.738213062286377,8,54.744743347167969,0.31202581524848938,0.013714294880628586,0.0078120366670191288,57,471,33.2017,0
thin0.20000000298023224_browse0_clear0,0,80,sitka-spruce,1145.1920166015625,8.2214937210083,3.3150923252105713,4.9064021110534668,1.2826619148254395,0,2.1395719051361084,4,54.637603759765625,0.31664937734603882,0.013292253017425537,0.0075182789005339146,52,480,31.2329,0
thin0.20000000298023224_browse0_clear0,0,81,sitka-spruce,447.09243774414063,5.1424403190612793,2.1796443462371826,2.9627962112426758,1.1408894062042236,0,3.364548921585083,7,52.311809539794922,0.32297003269195557,0.012647693976759911,0.0070786694996058941,54,485,35.6477,0
thin0.20000000298023224_browse0_clear0,0,82,sitka-spruce,1647.4068603515625,9.3320703506469727,5.1215252876281738,4.2105445861816406,1.0948150157928467,0,2.35514760017395,6,53.983375549316406,0.32828617095947266,0.011845179833471775,0.0065489611588418484,52,493,33.745000000000005,0
thin0.20000000298023224_browse0_clear0,0,83,sitka-spruce,1071.820556640625,8.4155721664428711,4.4844717979431152,3.9310986995697021,1.1634739637374878,0,1.7687176465988159,6,55.5356559753418,0.33296233415603638,0.012094425968825817,0.0064402311109006405,51,500,32.7852,0
thin0.20000000298023224_browse0_clear0,0,84,sitka-spruce,419.19284057617188,5.07903528213501,3.106684684753418,1.9723507165908813,1.0733624696731567,0,6.0002517700195313,12,51.5687255859375,0.33655160665512085,0.0124213807284832,0.0059779016301035881,56,507,42.9727,0
thin0.20000000298023224_browse0_clear0,0,85,sitka-spruce,1078.5858154296875,7.6049261093139648,4.5711264610290527,3.033799409866333,1.0473378896713257,0,0.027971219271421432,2,55.064540863037109,0.33107873797416687,0.0096594737842679024,0.0044514928013086319,56,509,27.991500000000002,0
thin0.20000000298023224_browse0_clear0,0,86,sitka-spruce,1026.244384765625,8.2711811065673828,4.4743185043334961,3.796860933303833,0.88569474220275879,0,1.4717458486557007,4,57.181419372558594,0.33578011393547058,0.0099234115332365036,0.0040614074096083641,47,522,33.095400000000005,0
thin0.20000000298023224_browse0_clear0,0,87,sitka-spruce,998.29058837890625,8.34623908996582,3.4864957332611084,4.8597421646118164,0.78070622682571411,0,1.3547084331512451,5,58.532501220703125,0.34316042065620422,0.0096209486946463585,0.0035165189765393734,47,527,30.363300000000002,0
thin0.20000000298023224_browse0_clear0,0,88,sitka-spruce,390.85171508789063,4.7864961624145508,1.968255877494812,2.818239688873291,0.68720698356628418,0,2.8913402557373047,6,56.922210693359375,0.34880813956260681,0.0090168099850416183,0.0028737701941281557,47,533,31.779700000000002,0
thin0.20000000298023224_browse0_clear0,0,89,sitka-spruce,978.67669677734375,7.6312112808227539,3.651322603225708,3.979888916015625,0.61947304010391235,0,1.9594877958297729,5,57.994571685791016,0.34799852967262268,0.0065763816237449646,0.0015805736184120178,50,535,28.6306,0
thin0.20000000298023224_browse0_clear0,0,90,sitka-spruce,959.40631103515625,7.6937322616577148,4.4436545372009277,3.2500789165496826,0.59996908903121948,0,1.1682828664779663,5,60.669975280761719,0.34806916117668152,0.00635994179174304,0.0011257780715823174,45,545,31.6259,0
thin0.20000000298023224_browse0_clear0,0,91,sitka-spruce,974.9970703125,7.2102260589599609,3.9708359241485596,3.2393889427185059,1.1855785846710205,0,2.3155169486999512,5,61.139713287353516,0.34296754002571106,0.0045539727434515953,0.00061917793937027454,49,546,28.9832,0
thin0.20000000298023224_browse0_clear0,0,92,sitka-spruce,933.4111328125,7.6948256492614746,3.6102504730224609,4.0845756530761719,0.761801540851593,0,2.077284574508667,6,61.9108772277832,0.34426343441009521,0.005473501980304718,0.00062590627931058407,45,556,34.4059,0
thin0.20000000298023224_browse0_clear0,0,93,sitka-spruce,364.30224609375,4.4058403968811035,2.1904435157775879,2.2153973579406738,0.9697563648223877,0,2.2313961982727051,10,60.900169372558594,0.34793362021446228,0.0057595386169850826,0.00057946320157498121,48,563,37.4061,0
thin0.20000000298023224_browse0_clear0,0,94,sitka-spruce,377.96307373046875,4.2172527313232422,2.3347568511962891,1.8824957609176636,0.83475977182388306,0,2.7051761150360107,6,59.694988250732422,0.34383326768875122,0.0054392288438975811,0.00046979368198662996,51,566,43.9579,0
thin0.20000000298023224_browse0_clear0,0,95,sitka-spruce,356.18695068359375,4.2834787368774414,2.6423723697662354,1.6411067247390747,0.72847789525985718,0,0.62593370676040649,2,60.982952117919922,0.34773576259613037,0.0054820370860397816,0.00029335363069549203,39,580,29.8942,0
thin0.20000000298023224_browse0_clear0,0,96,sitka-spruce,1336.9019775390625,8.498784065246582,4.5979080200195313,3.900876522064209,0.63953232765197754,0,1.3133299350738525,7,63.627994537353516,0.34777367115020752,0.0050685880705714226,0.00016134449106175452,45,581,29.622700000000002,0
thin0.20000000298023224_browse0_clear0,0,97,sitka-spruce,345.50164794921875,4.3560504913330078,2.3651175498962402,1.990933895111084,0.59820687770843506,0,2.6169226169586182,7,62.777984619140625,0.35686635971069336,0.0044688060879707336,8.873947081156075E-05,43,590,36.4351,0
thin0.20000000298023224_browse0_clear0,0,98,sitka-spruce,348.71124267578125,4.0905375480651855,2.4475038051605225,1.6430331468582153,1.1574891805648804,0,3.3507840633392334,7,60.717212677001953,0.36092975735664368,0.0026820660568773746,4.8806708946358413E-05,48,592,34.1515,0
thin0.20000000298023224_browse0_clear0,0,99,sitka-spruce,1250.36962890625,9.33499526977539,5.5967082977294922,3.7382831573486328,0.8702959418296814,0,0.39690130949020386,2,65.046722412109375,0.36569556593894958,0.003944858442991972,0.00033869186881929636,37,605,28.687700000000003,0
thin0.20000000298023224_browse0_clear0,0,100,sitka-spruce,833.5799560546875,7.6777548789978027,3.7895174026489258,3.8882372379302979,0.98701947927474976,0,0.92017936706542969,3,66.929046630859375,0.36801382899284363,0.0044400030747056007,0.00043136964086443186,39,606,23.6736,0
thin0.20000000298023224_browse0_clear0,1,1,sitka-spruce,337.46432495117188,1.4534131288528442,1.4534131288528442,0,0,0,0,0,1.4534131288528442,0.063514061272144318,0.029624603688716888,0.026000687852501869,269,0,144.1354,0
thin0.20000000298023224_browse0_clear0,1,2,sitka-spruce,249.77053833007813,1.2423139810562134,1.2423139810562134,0,0.014799258671700954,0,0,0,2.6809279918670654,0.066018372774124146,0.031588021665811539,0.027487708255648613,269,0,134.7545,0
thin0.20000000298023224_browse0_clear0,1,3,sitka-spruce,873.46343994140625,3.0977671146392822,3.0977671146392822,0,0.0186568982899189,0,0,0,5.760037899017334,0.0685511901974678,0.034100499004125595,0.029066272079944611,269,0,134.2344,0
thin0.20000000298023224_browse0_clear0,1,4,sitka-spruce,437.85162353515625,2.1689314842224121,2.1689314842224121,0,0.055061664432287216,0,0,0,7.8739075660705566,0.071240335702896118,0.037017636001110077,0.030747996643185616,269,0,114.6795,0
thin0.20000000298023224_browse0_clear0,1,5,sitka-spruce,518.3712158203125,2.5792243480682373,2.5792243480682373,0,0.057558685541152954,0,0,0,10.395573616027832,0.074024192988872528,0.040083743631839752,0.032466784119606018,269,0,109.51740000000001,0
thin0.20000000298023224_browse0_clear0,1,6,sitka-spruce,1483.7021484375,4.4111723899841309,4.4111723899841309,0,0.0619494803249836,0,0,0,14.744795799255371,0.077202022075653076,0.04301530122756958,0.034379098564386368,269,0,108.6949,0
thin0.20000000298023224_browse0_clear0,1,7,sitka-spruce,1662.9501953125,4.68838357925415,3.5035464763641357,1.184837818145752,0.10700201988220215,0,0,0,18.141340255737305,0.080141536891460419,0.0457073375582695,0.036458913236856461,269,0,104.8751,0
thin0.20000000298023224_browse0_clear0,1,8,sitka-spruce,2756.377197265625,5.1574478149414063,2.2390141487121582,2.9184329509735107,0.15071116387844086,0,0,0,20.229642868041992,0.082175731658935547,0.0480661578476429,0.038673572242259979,269,0,106.7534,0
thin0.20000000298023224_browse0_clear0,1,9,sitka-spruce,804.259521484375,3.8053486347198486,1.4123165607452393,2.3930323123931885,0.19721081852912903,0,0,0,21.44474983215332,0.083746202290058136,0.050048384815454483,0.040770057588815689,269,0,108.6126,0
thin0.20000000298023224_browse0_clear0,1,10,sitka-spruce,873.79339599609375,4.0365915298461914,1.3272185325622559,2.7093727588653564,0.21489281952381134,0,0,0,22.557075500488281,0.085012637078762054,0.051666323095560074,0.04265277087688446,269,0,105.1177,0
thin0.20000000298023224_browse0_clear0,1,11,sitka-spruce,856.04583740234375,4.0572586059570313,1.0108481645584106,3.046410083770752,0.23435308039188385,0,0,0,23.33357048034668,0.086065344512462616,0.052935287356376648,0.044274315237998962,268,1,117.864,0
thin0.20000000298023224_browse0_clear0,1,12,sitka-spruce,2104.989501953125,5.4085636138916016,1.1821454763412476,4.2264180183410645,0.25162661075592041,0,0,0,24.264089584350586,0.086919404566288,0.053899355232715607,0.045614305883646011,267,2,113.62960000000001,0
thin0.20000000298023224_browse0_clear0,1,13,sitka-spruce,2061.549072265625,5.4711661338806152,1.2097542285919189,4.2614121437072754,0.29680165648460388,0,1.1136375665664673,4,24.063404083251953,0.087340161204338074,0.054666738957166672,0.046650052070617676,268,5,116.7487,0
thin0.20000000298023224_browse0_clear0,1,14,sitka-spruce,814.1605224609375,4.0585856437683105,1.7828859090805054,2.2756986618041992,0.33769148588180542,0,1.389390230178833,4,24.119209289550781,0.091358393430709839,0.049532059580087662,0.041418977081775665,270,7,116.5539,0
thin0.20000000298023224_browse0_clear0,1,15,sitka-spruce,3002.9111328125,5.587773323059082,2.3045625686645508,3.2832112312316895,0.34349119663238525,0,2.2764015197753906,5,23.803878784179688,0.09764011949300766,0.041183289140462875,0.031443376094102859,271,11,112.83930000000001,0
thin0.20000000298023224_browse0_clear0,1,16,sitka-spruce,789.9111328125,3.970691442489624,2.2442338466644287,1.7264577150344849,0.33077159523963928,0,0.97960913181304932,2,24.737730026245117,0.10840731114149094,0.031800128519535065,0.022616354748606682,268,16,107.56830000000001,0
thin0.20000000298023224_browse0_clear0,1,17,sitka-spruce,759.17425537109375,4.2409195899963379,2.5028915405273438,1.7380282878875732,0.32078054547309875,0,0.71346819400787354,1,26.20637321472168,0.12161391228437424,0.024632878601551056,0.014744378626346588,257,28,114.8118,0
thin0.20000000298023224_browse0_clear0,1,18,sitka-spruce,1906.8955078125,5.6340675354003906,2.1233112812042236,3.5107557773590088,0.33476048707962036,0,4.4290943145751953,7,23.565830230712891,0.1307961493730545,0.020118189975619316,0.011006133630871773,262,30,102.57140000000001,0
thin0.20000000298023224_browse0_clear0,1,19,sitka-spruce,755.63909912109375,3.8074133396148682,2.6875216960906982,1.119891881942749,0.37990257143974304,0,1.8006041049957275,3,24.072845458984375,0.14035852253437042,0.014350674115121365,0.00659357663244009,259,36,98.2337,0
thin0.20000000298023224_browse0_clear0,1,20,sitka-spruce,750.209716796875,3.6411640644073486,2.5730648040771484,1.0680992603302002,0.3864128589630127,0,0.14156422019004822,1,26.11793327331543,0.14312711358070374,0.01132363174110651,0.00413102051243186,253,43,91.3822,0
thin0.20000000298023224_browse0_clear0,1,21,sitka-spruce,1855.569091796875,5.3100986480712891,3.1954445838928223,2.1146533489227295,0.611961305141449,0,1.1951553821563721,3,27.506259918212891,0.1454177051782608,0.011151031590998173,0.0037583846133202314,246,53,89.9086,0
thin0.20000000298023224_browse0_clear0,1,22,sitka-spruce,2770.443603515625,5.4228825569152832,2.5650293827056885,2.8578536510467529,0.81326252222061157,0,0.67059457302093506,1,28.587432861328125,0.14801269769668579,0.010708660818636417,0.0032965440768748522,239,61,82.5661,0
thin0.20000000298023224_browse0_clear0,1,23,sitka-spruce,1856.95458984375,5.08741569519043,2.15877103805542,2.9286446571350098,0.82323384284973145,0,0.99195683002471924,2,28.931011199951172,0.14807060360908508,0.011003721505403519,0.0038348722737282515,237,65,78.770800000000008,0
thin0.20000000298023224_browse0_clear0,1,24,sitka-spruce,1801.8157958984375,5.5903959274291992,2.41648530960083,3.1739087104797363,0.76882690191268921,0,0.13537314534187317,1,30.44329833984375,0.15166005492210388,0.01250353641808033,0.0058604823425412178,222,81,76.396300000000011,0
thin0.20000000298023224_browse0_clear0,1,25,sitka-spruce,2701.29931640625,6.067349910736084,2.1238746643066406,3.9434747695922852,0.75332921743392944,0,0.66315114498138428,2,31.150691986083984,0.15424908697605133,0.014473035931587219,0.0070184622891247272,216,89,68.5956,0
thin0.20000000298023224_browse0_clear0,1,26,sitka-spruce,1789.08984375,5.7375445365905762,2.1724050045013428,3.5651400089263916,0.68766367435455322,0,0.28316643834114075,1,32.352268218994141,0.15778760612010956,0.015392187982797623,0.0074488511309027672,210,96,65.2694,0
thin0.20000000298023224_browse0_clear0,1,27,sitka-spruce,696.70526123046875,4.3512907028198242,1.7216309309005737,2.6296589374542236,0.66631472110748291,0,0.7506069540977478,2,32.656974792480469,0.16465061902999878,0.015446014702320099,0.0073029850609600544,200,108,65.2439,0
thin0.20000000298023224_browse0_clear0,1,28,sitka-spruce,1732.6806640625,6.1932497024536133,2.7301299571990967,3.4631187915802,0.75673264265060425,0,0.85931777954101563,2,33.77105712890625,0.17127606272697449,0.014564076438546181,0.0066186892800033092,194,116,61.597500000000004,0
thin0.20000000298023224_browse0_clear0,1,29,sitka-spruce,1731.79638671875,7.0639915466308594,3.4056961536407471,3.6582956314086914,0.96184009313583374,0,0.8164374828338623,1,35.398475646972656,0.18207186460494995,0.013921341858804226,0.0056092622689902782,186,125,67.6498,0
thin0.20000000298023224_browse0_clear0,1,30,sitka-spruce,2580.981201171875,7.2534866333007813,2.9327142238616943,4.3207736015319824,0.99897551536560059,0,0.8915107250213623,2,36.440700531005859,0.18634307384490967,0.014912974089384079,0.00659906305372715,179,134,63.015600000000006,0
thin0.20000000298023224_browse0_clear0,1,31,sitka-spruce,2585.78271484375,7.5504827499389648,3.2554457187652588,4.2950382232666016,1.1620680093765259,0,1.7392914295196533,6,36.7947883605957,0.18684189021587372,0.019366959109902382,0.010706177912652493,177,142,61.4671,0
thin0.20000000298023224_browse0_clear0,1,32,sitka-spruce,1746.4686279296875,7.2779445648193359,4.2453413009643555,3.032604455947876,1.1792184114456177,0,1.2880706787109375,5,38.572841644287109,0.19285042583942413,0.020108385011553764,0.011516621336340904,176,148,58.0771,0
thin0.20000000298023224_browse0_clear0,1,33,sitka-spruce,682.58428955078125,5.01522970199585,2.5449867248535156,2.4702425003051758,1.0956795215606689,0,1.2457165718078613,3,38.776432037353516,0.19736312329769135,0.0191402155905962,0.010848850011825562,169,158,55.762100000000004,0
thin0.20000000298023224_browse0_clear0,1,34,sitka-spruce,689.023681640625,4.9246611595153809,2.6172282695770264,2.3074331283569336,1.1264392137527466,0,2.2025370597839355,4,38.064682006835938,0.20161956548690796,0.017794413492083549,0.0097291525453329086,167,164,56.558,0
thin0.20000000298023224_browse0_clear0,1,35,sitka-spruce,677.7269287109375,5.11707067489624,2.9315140247344971,2.1855571269989014,1.2486796379089355,0,1.7918055057525635,3,37.955711364746094,0.20000727474689484,0.017393128946423531,0.0077806427143514156,160,174,55.6629,0
thin0.20000000298023224_browse0_clear0,1,36,sitka-spruce,689.46307373046875,5.061795711517334,2.4885289669036865,2.57326602935791,1.2359000444412231,0,0.60760986804962158,2,38.600730895996094,0.19862772524356842,0.016600986942648888,0.0071312831714749336,157,179,49.9973,0
thin0.20000000298023224_browse0_clear0,1,37,sitka-spruce,693.923583984375,5.1222448348999023,2.22744083404541,2.8948044776916504,1.4277877807617188,0,1.8018282651901245,6,37.598556518554688,0.19890238344669342,0.016747560352087021,0.0064271772280335426,156,186,56.113800000000005,0
thin0.20000000298023224_browse0_clear0,1,38,sitka-spruce,675.408935546875,5.3841047286987305,2.8776946067810059,2.5064105987548828,1.2454566955566406,0,1.0844874382019043,2,38.146305084228516,0.20620164275169373,0.014382627792656422,0.0048830714076757431,146,198,49.7194,0
thin0.20000000298023224_browse0_clear0,1,39,sitka-spruce,1667.650634765625,8.0728368759155273,3.8060414791107178,4.2667946815490723,1.0487222671508789,0,1.2325475215911865,4,39.671077728271484,0.20702618360519409,0.017051069065928459,0.0072558107785880566,140,208,52.8804,0
thin0.20000000298023224_browse0_clear0,1,40,sitka-spruce,676.24566650390625,5.61268949508667,2.500065803527832,3.1126241683959961,0.99426364898681641,0,1.786454439163208,3,39.390426635742188,0.21073850989341736,0.017920510843396187,0.0081828897818923,140,211,55.7271,0
thin0.20000000298023224_browse0_clear0,1,41,sitka-spruce,1725.4716796875,7.5653247833251953,3.0609283447265625,4.5043964385986328,1.3941890001296997,0,1.3162643909454346,3,39.740901947021484,0.20906230807304382,0.019632866606116295,0.010646004229784012,137,217,47.6079,0
thin0.20000000298023224_browse0_clear0,1,42,sitka-spruce,1705.8441162109375,7.5351557731628418,2.8968286514282227,4.6383275985717773,1.0453264713287354,0,1.8701024055480957,4,39.7223014831543,0.20934535562992096,0.020113080739974976,0.01279817521572113,132,226,48.0534,0
thin0.20000000298023224_browse0_clear0,1,43,sitka-spruce,1667.5804443359375,7.780728816986084,2.9177663326263428,4.8629617691040039,1.2698156833648682,0,0.66171997785568237,4,40.708530426025391,0.20199352502822876,0.025479037314653397,0.016975004225969315,126,236,46.708800000000004,0
thin0.20000000298023224_browse0_clear0,1,44,sitka-spruce,1665.0396728515625,8.0274467468261719,2.6223702430725098,5.40507698059082,1.0150221586227417,0,1.1510007381439209,5,41.164878845214844,0.20008684694766998,0.028880111873149872,0.01994694210588932,126,241,48.3171,0
thin0.20000000298023224_browse0_clear0,1,45,sitka-spruce,1694.2056884765625,7.7473068237304688,3.0861873626708984,4.6611185073852539,0.97019153833389282,0,2.138282299041748,5,41.142593383789063,0.20097742974758148,0.028420815244317055,0.020416192710399628,126,246,49.8251,0
thin0.20000000298023224_browse0_clear0,1,46,sitka-spruce,678.6031494140625,5.4759001731872559,2.3877062797546387,3.0881938934326172,0.900948703289032,0,1.7232909202575684,7,40.906059265136719,0.1964544802904129,0.029602900147438049,0.023135870695114136,127,252,49.4821,0
thin0.20000000298023224_browse0_clear0,1,47,sitka-spruce,1697.990478515625,7.2865886688232422,3.4098434448242188,3.8767457008361816,0.81885826587677,0,2.1970806121826172,4,41.299961090087891,0.1951935887336731,0.031268328428268433,0.025773961097002029,125,258,47.3263,0
thin0.20000000298023224_browse0_clear0,1,48,sitka-spruce,669.38604736328125,5.4260597229003906,2.2338783740997314,3.1921813488006592,0.78403472900390625,0,2.1235878467559814,5,40.626216888427734,0.20014894008636475,0.030735194683074951,0.025297360494732857,120,268,49.4711,0
thin0.20000000298023224_browse0_clear0,1,49,sitka-spruce,659.95428466796875,5.9526348114013672,2.76007342338562,3.1925621032714844,0.94915229082107544,0,2.0271408557891846,7,40.409996032714844,0.20677280426025391,0.032877828925848007,0.02646864578127861,110,285,53.575300000000006,0
thin0.20000000298023224_browse0_clear0,1,50,sitka-spruce,2466.467041015625,8.7639760971069336,4.8488378524780273,3.9151401519775391,1.3260015249252319,0,4.5816202163696289,7,39.351211547851563,0.21559099853038788,0.030572151765227318,0.023199524730443954,112,290,56.607600000000005,0
thin0.20000000298023224_browse0_clear0,1,51,sitka-spruce,649.42535400390625,5.7563600540161133,3.427952766418457,2.3284077644348145,1.1290682554244995,0,2.1646270751953125,6,39.485469818115234,0.22626355290412903,0.027056382969021797,0.018874626606702805,111,297,48.2464,0
thin0.20000000298023224_browse0_clear0,1,52,sitka-spruce,2427.455322265625,9.11468505859375,5.044379711151123,4.0703063011169434,1.3015890121459961,0,1.4510979652404785,3,41.777164459228516,0.23217962682247162,0.028803532943129539,0.019959999248385429,97,314,44.843,0
thin0.20000000298023224_browse0_clear0,1,53,sitka-spruce,1599.204345703125,8.6297378540039063,4.8010568618774414,3.8286809921264648,1.2979395389556885,0,0.39783608913421631,3,44.8824462890625,0.23828324675559998,0.029931025579571724,0.020632755011320114,94,320,37.5238,0
thin0.20000000298023224_browse0_clear0,1,54,sitka-spruce,635.796875,5.8339719772338867,2.61541485786438,3.2185568809509277,1.0608187913894653,0,2.5322775840759277,6,43.904762268066406,0.24543970823287964,0.028427526354789734,0.018951196223497391,96,324,40.485600000000005,0
thin0.20000000298023224_browse0_clear0,1,55,sitka-spruce,1538.646728515625,8.5765571594238281,4.323021411895752,4.2535367012023926,0.9114689826965332,0,0.53270089626312256,3,46.783615112304688,0.24743026494979858,0.028666384518146515,0.019657902419567108,92,331,37.1832,0
thin0.20000000298023224_browse0_clear0,1,56,sitka-spruce,626.68048095703125,5.5787515640258789,2.4037864208221436,3.1749653816223145,1.0358295440673828,0,0.21459230780601501,1,47.936981201171875,0.24850858747959137,0.026201214641332626,0.018347673118114471,91,333,33.021100000000004,0
thin0.20000000298023224_browse0_clear0,1,57,sitka-spruce,1548.5379638671875,8.9755716323852539,3.0718183517456055,5.9037551879882813,0.82753902673721313,0,0.33064171671867371,1,49.850616455078125,0.25675180554389954,0.02661416307091713,0.017495365813374519,82,343,32.6886,0
thin0.20000000298023224_browse0_clear0,1,58,sitka-spruce,2259.96337890625,9.40475082397461,2.9337615966796875,6.4709887504577637,1.0196945667266846,0,0.93268972635269165,3,50.831993103027344,0.26225942373275757,0.025894718244671822,0.016664065420627594,80,348,30.647100000000002,0
thin0.20000000298023224_browse0_clear0,1,59,sitka-spruce,1535.8338623046875,8.3747100830078125,2.4416360855102539,5.9330730438232422,1.0930923223495483,0,2.9745173454284668,7,49.206020355224609,0.26489394903182983,0.023252146318554878,0.015836752951145172,86,349,37.5798,0
thin0.20000000298023224_browse0_clear0,1,60,sitka-spruce,1529.12890625,8.39033031463623,2.8687524795532227,5.52157735824585,1.0050779581069946,0,1.6662216186523438,4,49.403472900390625,0.26706382632255554,0.021553482860326767,0.015133646316826344,79,360,36.022800000000004,0
thin0.20000000298023224_browse0_clear0,1,61,sitka-spruce,2273.551025390625,8.8546218872070313,3.4016425609588623,5.4529800415039063,1.0426534414291382,0,1.8888504505157471,3,49.873611450195313,0.26877683401107788,0.019612366333603859,0.014577475376427174,76,366,33.8776,0
thin0.20000000298023224_browse0_clear0,1,62,sitka-spruce,1515.5660400390625,8.2147674560546875,2.9903228282928467,5.2244458198547363,1.3160361051559448,0,2.2449238300323486,8,49.302974700927734,0.27065110206604004,0.017983285710215569,0.014120024628937244,80,370,43.775600000000004,0
thin0.20000000298023224_browse0_clear0,1,63,sitka-spruce,1503.0091552734375,8.1195850372314453,3.9287469387054443,4.1908397674560547,1.3996964693069458,0,3.5895986557006836,10,48.242427825927734,0.27271074056625366,0.016589021310210228,0.013731392100453377,80,380,48.7498,0
thin0.20000000298023224_browse0_clear0,1,64,sitka-spruce,593.75079345703125,5.468909740447998,2.9310402870178223,2.5378711223602295,1.6104879379272461,0,1.8088985681533813,8,47.754081726074219,0.27288606762886047,0.015799291431903839,0.013395906426012516,76,392,55.6576,0
thin0.20000000298023224_browse0_clear0,1,65,sitka-spruce,596.07904052734375,5.319786548614502,3.0254120826721191,2.2943737506866455,1.6635222434997559,0,1.3435670137405396,3,47.772403717041016,0.27236604690551758,0.014915555715560913,0.013077777810394764,70,401,49.084900000000005,0
thin0.20000000298023224_browse0_clear0,1,66,sitka-spruce,587.3355712890625,5.3794436454772949,3.1710410118103027,2.2084026336669922,1.3715980052947998,0,1.5819194316864014,2,47.989925384521484,0.2730676531791687,0.014519808813929558,0.01271660253405571,67,406,41.1071,0
thin0.20000000298023224_browse0_clear0,1,67,sitka-spruce,1464.6982421875,7.7881307601928711,3.5555312633514404,4.232600212097168,1.1744710206985474,0,1.3118829727172852,3,49.059104919433594,0.2732464075088501,0.014124595560133457,0.012286444194614887,67,409,48.626400000000004,0
thin0.20000000298023224_browse0_clear0,1,68,sitka-spruce,1443.70654296875,7.9609179496765137,3.3036210536956787,4.6572976112365723,1.1450629234313965,0,2.5504019260406494,4,48.667259216308594,0.27776879072189331,0.013893201947212219,0.011942715384066105,66,414,44.789100000000005,0
thin0.20000000298023224_browse0_clear0,1,69,sitka-spruce,573.29156494140625,5.2679662704467773,2.5413820743560791,2.7265822887420654,1.0273382663726807,0,1.5702426433563232,4,48.611061096191406,0.28223711252212524,0.013585310429334641,0.01145749818533659,65,419,47.0814,0
thin0.20000000298023224_browse0_clear0,1,70,sitka-spruce,557.87078857421875,5.3390679359436035,2.8144631385803223,2.5246050357818604,0.93700432777404785,0,1.7771663665771484,6,48.711353302001953,0.28944918513298035,0.013212191872298717,0.010804335586726665,65,425,51.231,0
thin0.20000000298023224_browse0_clear0,1,71,sitka-spruce,554.2464599609375,5.2116527557373047,3.2247669696807861,1.9868865013122559,0.96359896659851074,0,1.8298711776733398,3,49.142650604248047,0.29307630658149719,0.01277235709130764,0.010259111411869526,61,432,32.2963,0
thin0.20000000298023224_browse0_clear0,1,72,sitka-spruce,1368.1756591796875,7.8929553031921387,4.5581684112548828,3.3347876071929932,0.81969428062438965,0,2.682687520980835,5,50.198436737060547,0.28934416174888611,0.013461751863360405,0.010030905716121197,64,434,36.4682,0
thin0.20000000298023224_browse0_clear0,1,73,sitka-spruce,1324.48291015625,8.3103342056274414,3.8846986293792725,4.4256362915039063,1.151331901550293,0,0.399819552898407,3,52.531982421875,0.29626509547233582,0.013552320189774036,0.0096801174804568291,58,443,31.945600000000002,0
thin0.20000000298023224_browse0_clear0,1,74,sitka-spruce,1949.82421875,9.1449766159057617,4.0986509323120117,5.04632568359375,1.515231728553772,0,2.0355737209320068,5,53.079830169677734,0.30051219463348389,0.013777008280158043,0.0092011215165257454,59,447,33.3035,0
thin0.20000000298023224_browse0_clear0,1,75,sitka-spruce,1279.3602294921875,8.2124452590942383,3.6993293762207031,4.513115406036377,1.6063807010650635,0,1.7017226219177246,5,53.471054077148438,0.30385151505470276,0.013525025919079781,0.0086386390030384064,58,453,34.5277,0
thin0.20000000298023224_browse0_clear0,1,76,sitka-spruce,1249.3480224609375,8.3654594421386719,4.0169644355773926,4.3484954833984375,1.4806616306304932,0,1.5251204967498779,3,54.48223876953125,0.3059539794921875,0.013648113235831261,0.008078460581600666,55,459,29.5852,0
thin0.20000000298023224_browse0_clear0,1,77,sitka-spruce,1221.51416015625,8.3250951766967773,3.2490434646606445,5.0760502815246582,1.3982537984848022,0,2.235997200012207,5,54.097030639648438,0.30886343121528625,0.013188761658966541,0.0073906881734728813,56,463,31.5685,0
thin0.20000000298023224_browse0_clear0,1,78,sitka-spruce,478.603759765625,5.1711816787719727,2.5504071712493896,2.6207740306854248,1.3305885791778564,0,0.20913541316986084,1,55.107711791992188,0.30970519781112671,0.013753022067248821,0.0078341709449887276,51,469,26.855900000000002,0
thin0.20000000298023224_browse0_clear0,1,79,sitka-spruce,470.39321899414063,5.0634217262268066,2.4704043865203857,2.5930190086364746,1.0951591730117798,0,1.738213062286377,8,54.744743347167969,0.31202581524848938,0.013714294880628586,0.0078120366670191288,57,471,35.0736,0
thin0.20000000298023224_browse0_clear0,1,80,sitka-spruce,1145.1920166015625,8.2214937210083,3.3150923252105713,4.9064021110534668,1.2826619148254395,0,2.1395719051361084,4,54.637603759765625,0.31664937734603882,0.013292253017425537,0.0075182789005339146,52,480,33.3635,0
thin0.20000000298023224_browse0_clear0,1,81,sitka-spruce,447.09243774414063,5.1424403190612793,2.1796443462371826,2.9627962112426758,1.1408894062042236,0,3.364548921585083,7,52.311809539794922,0.32297003269195557,0.012647693976759911,0.0070786694996058941,54,485,38.413900000000005,0
thin0.20000000298023224_browse0_clear0,1,82,sitka-spruce,1647.4068603515625,9.3320703506469727,5.1215252876281738,4.2105445861816406,1.0948150157928467,0,2.35514760017395,6,53.983375549316406,0.32828617095947266,0.011845179833471775,0.0065489611588418484,52,493,38.8686,0
thin0.20000000298023224_browse0_clear0,1,83,sitka-spruce,1071.820556640625,8.4155721664428711,4.4844717979431152,3.9310986995697021,1.1634739637374878,0,1.7687176465988159,6,55.5356559753418,0.33296233415603638,0.012094425968825817,0.0064402311109006405,51,500,35.1963,0
thin0.20000000298023224_browse0_clear0,1,84,sitka-spruce,419.19284057617188,5.07903528213501,3.106684684753418,1.9723507165908813,1.0733624696731567,0,6.0002517700195313,12,51.5687255859375,0.33655160665512085,0.0124213807284832,0.0059779016301035881,56,507,46.868,0
thin0.20000000298023224_browse0_clear0,1,85,sitka-spruce,1078.5858154296875,7.6049261093139648,4.5711264610290527,3.033799409866333,1.0473378896713257,0,0.027971219271421432,2,55.064540863037109,0.33107873797416687,0.0096594737842679024,0.0044514928013086319,56,509,29.875400000000003,0
thin0.20000000298023224_browse0_clear0,1,86,sitka-spruce,1026.244384765625,8.2711811065673828,4.4743185043334961,3.796860933303833,0.88569474220275879,0,1.4717458486557007,4,57.181419372558594,0.33578011393547058,0.0099234115332365036,0.0040614074096083641,47,522,34.1839,0
thin0.20000000298023224_browse0_clear0,1,87,sitka-spruce,998.29058837890625,8.34623908996582,3.4864957332611084,4.8597421646118164,0.78070622682571411,0,1.3547084331512451,5,58.532501220703125,0.34316042065620422,0.0096209486946463585,0.0035165189765393734,47,527,32.9047,0
thin0.20000000298023224_browse0_clear0,1,88,sitka-spruce,390.85171508789063,4.7864961624145508,1.968255877494812,2.818239688873291,0.68720698356628418,0,2.8913402557373047,6,56.922210693359375,0.34880813956260681,0.0090168099850416183,0.0028737701941281557,47,533,33.4627,0
thin0.20000000298023224_browse0_clear0,1,89,sitka-spruce,978.67669677734375,7.6312112808227539,3.651322603225708,3.979888916015625,0.61947304010391235,0,1.9594877958297729,5,57.994571685791016,0.34799852967262268,0.0065763816237449646,0.0015805736184120178,50,535,32.0216,0
thin0.20000000298023224_browse0_clear0,1,90,sitka-spruce,959.40631103515625,7.6937322616577148,4.4436545372009277,3.2500789165496826,0.59996908903121948,0,1.1682828664779663,5,60.669975280761719,0.34806916117668152,0.00635994179174304,0.0011257780715823174,45,545,34.4185,0
thin0.20000000298023224_browse0_clear0,1,91,sitka-spruce,974.9970703125,7.2102260589599609,3.9708359241485596,3.2393889427185059,1.1855785846710205,0,2.3155169486999512,5,61.139713287353516,0.34296754002571106,0.0045539727434515953,0.00061917793937027454,49,546,32.7443,0
thin0.20000000298023224_browse0_clear0,1,92,sitka-spruce,933.4111328125,7.6948256492614746,3.6102504730224609,4.0845756530761719,0.761801540851593,0,2.077284574508667,6,61.9108772277832,0.34426343441009521,0.005473501980304718,0.00062590627931058407,45,556,37.0952,0
thin0.20000000298023224_browse0_clear0,1,93,sitka-spruce,364.30224609375,4.4058403968811035,2.1904435157775879,2.2153973579406738,0.9697563648223877,0,2.2313961982727051,10,60.900169372558594,0.34793362021446228,0.0057595386169850826,0.00057946320157498121,48,563,41.0447,0
thin0.20000000298023224_browse0_clear0,1,94,sitka-spruce,377.96307373046875,4.2172527313232422,2.3347568511962891,1.8824957609176636,0.83475977182388306,0,2.7051761150360107,6,59.694988250732422,0.34383326768875122,0.0054392288438975811,0.00046979368198662996,51,566,36.3862,0
thin0.20000000298023224_browse0_clear0,1,95,sitka-spruce,356.18695068359375,4.2834787368774414,2.6423723697662354,1.6411067247390747,0.72847789525985718,0,0.62593370676040649,2,60.982952117919922,0.34773576259613037,0.0054820370860397816,0.00029335363069549203,39,580,31.794700000000002,0
thin0.20000000298023224_browse0_clear0,1,96,sitka-spruce,1336.9019775390625,8.498784065246582,4.5979080200195313,3.900876522064209,0.63953232765197754,0,1.3133299350738525,7,63.627994537353516,0.34777367115020752,0.0050685880705714226,0.00016134449106175452,45,581,33.543,0
thin0.20000000298023224_browse0_clear0,1,97,sitka-spruce,345.50164794921875,4.3560504913330078,2.3651175498962402,1.990933895111084,0.59820687770843506,0,2.6169226169586182,7,62.777984619140625,0.35686635971069336,0.0044688060879707336,8.873947081156075E-05,43,590,36.4485,0
thin0.20000000298023224_browse0_clear0,1,98,sitka-spruce,348.71124267578125,4.0905375480651855,2.4475038051605225,1.6430331468582153,1.1574891805648804,0,3.3507840633392334,7,60.717212677001953,0.36092975735664368,0.0026820660568773746,4.8806708946358413E-05,48,592,34.9805,0
thin0.20000000298023224_browse0_clear0,1,99,sitka-spruce,1250.36962890625,9.33499526977539,5.5967082977294922,3.7382831573486328,0.8702959418296814,0,0.39690130949020386,2,65.046722412109375,0.36569556593894958,0.003944858442991972,0.00033869186881929636,37,605,30.3428,0
thin0.20000000298023224_browse0_clear0,1,100,sitka-spruce,833.5799560546875,7.6777548789978027,3.7895174026489258,3.8882372379302979,0.98701947927474976,0,0.92017936706542969,3,66.929046630859375,0.36801382899284363,0.0044400030747056007,0.00043136964086443186,39,606,25.480500000000003,0
thin0.20000000298023224_browse0.800000011920929_clear0,0,1,sitka-spruce,337.46432495117188,1.4534131288528442,1.4534131288528442,0,0,0,0,0,1.4534131288528442,0.063514061272144318,0.029624603688716888,0.026000687852501869,269,0,141.9942,0
thin0.20000000298023224_browse0.800000011920929_clear0,0,2,sitka-spruce,249.77053833007813,1.2423139810562134,1.2423139810562134,0,0.014799258671700954,0.0069053554907441139,0,0,2.6740226745605469,0.066018372774124146,0.031588021665811539,0.027487708255648613,269,0,141.9403,0
thin0.20000000298023224_browse0.800000011920929_clear0,0,3,sitka-spruce,873.46343994140625,3.0977671146392822,3.0977671146392822,0,0.018613371998071671,0.012745950371026993,0,0,5.7404303550720215,0.0685511901974678,0.034100499004125595,0.029066272079944611,269,0,138.7494,0
thin0.20000000298023224_browse0.800000011920929_clear0,0,4,sitka-spruce,437.85162353515625,2.1689314842224121,2.1689314842224121,0,0.0549553781747818,0.024777540937066078,0,0,7.8296284675598145,0.071240335702896118,0.037017636001110077,0.030747996643185616,269,0,117.9008,0
thin0.20000000298023224_browse0.800000011920929_clear0,0,5,sitka-spruce,518.3712158203125,2.5792243480682373,2.5792243480682373,0,0.057335328310728073,0.029525730758905411,0,0,10.321991920471191,0.074024192988872528,0.040083743631839752,0.032466784119606018,269,0,111.7347,0
thin0.20000000298023224_browse0.800000011920929_clear0,0,6,sitka-spruce,1483.7021484375,4.4111723899841309,4.4111723899841309,0,0.061644412577152252,0.032896224409341812,0,0,14.638623237609863,0.077202022075653076,0.04301530122756958,0.034379098564386368,269,0,110.6847,0
thin0.20000000298023224_browse0.800000011920929_clear0,0,7,sitka-spruce,1662.9501953125,4.68838357925415,3.5772078037261963,1.1111767292022705,0.10652126371860504,0.04035482183098793,0,0,18.068954467773438,0.080141536891460419,0.0457073375582695,0.036458913236856461,269,0,116.6427,0
thin0.20000000298023224_browse0.800000011920929_clear0,0,8,sitka-spruce,2756.377197265625,5.1574478149414063,2.288245677947998,2.8692021369934082,0.14991752803325653,0.052050255239009857,0,0,20.155233383178711,0.082175731658935547,0.0480661578476429,0.038673572242259979,269,0,119.6653,0
thin0.20000000298023224_browse0.800000011920929_clear0,0,9,sitka-spruce,804.259521484375,3.8053486347198486,1.4400768280029297,2.365272045135498,0.19600021839141846,0.040887091308832169,0,0,21.358423233032227,0.083746202290058136,0.050048384815454483,0.040770057588815689,269,0,116.14240000000001,0
thin0.20000000298023224_browse0.800000011920929_clear0,0,10,sitka-spruce,873.79339599609375,4.0365915298461914,1.3503564596176147,2.6862349510192871,0.21317170560359955,0.03331548348069191,0,0,22.462291717529297,0.085012637078762054,0.051666323095560074,0.04265277087688446,269,0,107.8343,0
thin0.20000000298023224_browse0.800000011920929_clear0,0,11,sitka-spruce,856.04583740234375,4.0572586059570313,1.0559473037719727,3.0013108253479004,0.23215757310390472,0.029400534927845,0,0,23.256681442260742,0.086065344512462616,0.052935287356376648,0.044274315237998962,268,1,116.3373,0
thin0.20000000298023224_browse0.800000011920929_clear0,0,12,sitka-spruce,2104.989501953125,5.4085636138916016,1.1898107528686523,4.2187533378601074,0.24897874891757965,0.0259062759578228,0,0,24.171606063842773,0.086919404566288,0.053899355232715607,0.045614305883646011,267,2,115.4865,0
thin0.20000000298023224_browse0.800000011920929_clear0,0,13,sitka-spruce,2061.549072265625,5.4711661338806152,1.2140470743179321,4.2571196556091309,0.29372727870941162,0.024440471082925797,0.75797820091247559,3,24.309507369995117,0.087340161204338074,0.054666738957166672,0.046650052070617676,267,5,119.41770000000001,0
thin0.20000000298023224_browse0.800000011920929_clear0,0,14,sitka-spruce,814.22003173828125,4.04796028137207,1.5067164897918701,2.5412445068359375,0.33410438895225525,0.023170031607151031,1.1117628812789917,4,24.347187042236328,0.091152586042881012,0.050383016467094421,0.043248042464256287,269,7,116.2428,0
thin0.20000000298023224_browse0.800000011920929_clear0,0,15,sitka-spruce,3003.358154296875,5.6437268257141113,2.2311453819274902,3.4125804901123047,0.33939018845558167,0.025221286341547966,1.8764458894729614,4,24.3372745513916,0.09654843807220459,0.042917720973491669,0.033322658389806747,269,11,113.5445,0
thin0.20000000298023224_browse0.800000011920929_clear0,0,16,sitka-spruce,790.09112548828125,4.0437312126159668,1.856194019317627,2.1875369548797607,0.32695597410202026,0.031752772629261017,1.9471611976623535,4,23.887599945068359,0.10558436065912247,0.034828338772058487,0.02541792020201683,269,15,111.51570000000001,0
thin0.20000000298023224_browse0.800000011920929_clear0,0,17,sitka-spruce,759.249755859375,4.18179988861084,2.8466730117797852,1.3351271152496338,0.3166099488735199,0.035285960882902145,0.71821922063827515,1,25.664157867431641,0.11947096139192581,0.025764787569642067,0.016272885724902153,258,27,114.8897,0
thin0.20000000298023224_browse0.800000011920929_clear0,0,18,sitka-spruce,1906.8726806640625,5.4759025573730469,2.4529461860656738,3.022956371307373,0.33005505800247192,0.039532974362373352,2.30300235748291,3,25.444513320922852,0.12852287292480469,0.020277248695492744,0.012343359179794788,259,29,98.9239,0
thin0.20000000298023224_browse0.800000011920929_clear0,0,19,sitka-spruce,755.75732421875,3.8962271213531494,1.9625319242477417,1.933695912361145,0.37469619512557983,0.04128965362906456,3.1852118968963623,6,23.805845260620117,0.13588488101959229,0.016071368008852005,0.010038233362138271,259,35,101.49470000000001,0
thin0.20000000298023224_browse0.800000011920929_clear0,0,20,sitka-spruce,750.26422119140625,3.7929215431213379,2.89847731590271,0.89444422721862793,0.38094282150268555,0.039543978869915009,0.72614008188247681,1,25.557695388793945,0.14366094768047333,0.010872239246964455,0.0060803624801337719,250,45,92.062400000000011,0
thin0.20000000298023224_browse0.800000011920929_clear0,0,21,sitka-spruce,1856.0751953125,5.1602921485900879,3.2552559375762939,1.9050368070602417,0.59960103034973145,0.04453684389591217,1.3463374376296997,4,26.822475433349609,0.14843504130840302,0.0082563962787389755,0.0039903898723423481,246,53,92.3854,0
thin0.20000000298023224_browse0.800000011920929_clear0,0,22,sitka-spruce,2771.787841796875,5.17604398727417,2.9848957061767578,2.1911485195159912,0.60785770416259766,0.050347384065389633,0.661592960357666,1,28.487573623657227,0.14823447167873383,0.0075338678434491158,0.0026613264344632626,238,62,81.6209,0
thin0.20000000298023224_browse0.800000011920929_clear0,0,23,sitka-spruce,1858.3765869140625,4.8497767448425293,2.1364734172821045,2.7133030891418457,0.65146744251251221,0.051824800670146942,0.52960336208343506,1,29.391151428222656,0.14832304418087006,0.0071008414961397648,0.0017627275083214045,235,66,77.0069,0
thin0.20000000298023224_browse0.800000011920929_clear0,0,24,sitka-spruce,1821.14306640625,5.4241914749145508,2.3999896049499512,3.0242009162902832,0.61749804019927979,0.045993007719516754,0.51880168914794922,2,30.608850479125977,0.15297110378742218,0.0081571638584136963,0.0026949758175760508,223,80,75.2741,0
thin0.20000000298023224_browse0.800000011920929_clear0,0,25,sitka-spruce,2728.82275390625,5.8958258628845215,2.24269962310791,3.6531274318695068,0.85049527883529663,0.044446304440498352,0.010915258899331093,1,31.94569206237793,0.15975134074687958,0.009500507265329361,0.0032995576038956642,217,87,67.6671,0
thin0.20000000298023224_browse0.800000011920929_clear0,0,26,sitka-spruce,1806.4249267578125,5.7448925971984863,1.9189420938491821,3.825951099395752,0.78484660387039185,0.045209269970655441,1.0524135828018188,2,31.98216438293457,0.16636718809604645,0.010099731385707855,0.0035082169342786074,211,95,68.034100000000009,0
thin0.20000000298023224_browse0.800000011920929_clear0,0,27,sitka-spruce,703.21954345703125,4.3310556411743164,1.8110404014587402,2.5200152397155762,0.7488933801651001,0.044799111783504486,0.1946016401052475,1,32.804912567138672,0.17587605118751526,0.0094846738502383232,0.0034266358707100153,200,107,64.31450000000001,0
thin0.20000000298023224_browse0.800000011920929_clear0,0,28,sitka-spruce,1714.514892578125,6.2771463394165039,2.7413830757141113,3.5357632637023926,1.1215728521347046,0.042164843529462814,0.6667180061340332,2,33.715839385986328,0.18465596437454224,0.0087597295641899109,0.003035274799913168,191,118,61.499500000000005,0
thin0.20000000298023224_browse0.800000011920929_clear0,0,29,sitka-spruce,1713.9482421875,6.97341251373291,3.6453471183776855,3.3280658721923828,0.972628116607666,0.045562159270048141,0.57327800989151,1,35.769718170166016,0.19281677901744843,0.009280751459300518,0.0026263848412781954,182,128,66.0824,0
thin0.20000000298023224_browse0.800000011920929_clear0,0,30,sitka-spruce,2554.71728515625,7.1895942687988281,2.9892020225524902,4.2003922462463379,0.9470590353012085,0.051215160638093948,1.7267742156982422,4,36.033870697021484,0.19577012956142426,0.010656474158167839,0.0051989909261465073,179,135,66.4246,0
thin0.20000000298023224_browse0.800000011920929_clear0,0,31,sitka-spruce,2577.86083984375,7.051363468170166,3.6863548755645752,3.3650095462799072,1.1146247386932373,0.055669441819190979,0.1875993013381958,1,38.362331390380859,0.19614706933498383,0.013449292629957199,0.0083334203809499741,174,141,53.4624,0
thin0.20000000298023224_browse0.800000011920929_clear0,0,32,sitka-spruce,1734.1016845703125,7.0492596626281738,2.8757965564727783,4.173464298248291,0.78640872240066528,0.059247653931379318,1.001076340675354,3,39.391395568847656,0.19905075430870056,0.016954023391008377,0.011416005901992321,170,148,55.6419,0
thin0.20000000298023224_browse0.800000011920929_clear0,0,33,sitka-spruce,681.2469482421875,5.1076273918151855,2.2212228775024414,2.8864049911499023,0.73449403047561646,0.058929868042469025,1.2308083772659302,3,39.588386535644531,0.20068587362766266,0.019714802503585815,0.012696366757154465,163,158,53.6693,0
thin0.20000000298023224_browse0.800000011920929_clear0,0,34,sitka-spruce,692.3072509765625,4.9681096076965332,1.9954923391342163,2.972618579864502,1.2442642450332642,0.055824905633926392,2.9290719032287598,5,37.354717254638672,0.20037531852722168,0.020852042362093925,0.013030014932155609,164,162,54.2877,0
thin0.20000000298023224_browse0.800000011920929_clear0,0,35,sitka-spruce,680.30126953125,4.83222770690918,2.7692787647247314,2.0629496574401855,1.2106941938400269,0.052431851625442505,0.986449122428894,3,37.874420166015625,0.1983034759759903,0.021780762821435928,0.014230475760996342,156,173,52.84,0
thin0.20000000298023224_browse0.800000011920929_clear0,0,36,sitka-spruce,684.4459228515625,4.9958286285400391,2.709956169128418,2.2858738899230957,1.3108721971511841,0.055119574069976807,0.75340533256530762,2,38.464981079101563,0.1922743171453476,0.024403896182775497,0.015088707208633423,153,178,47.583200000000005,0
thin0.20000000298023224_browse0.800000011920929_clear0,0,37,sitka-spruce,680.883056640625,5.2515048980712891,2.464047908782959,2.78745698928833,1.1856905221939087,0.052793852984905243,1.2263505458831787,2,38.464195251464844,0.19038809835910797,0.027172911912202835,0.016424380242824554,146,187,48.0798,0
thin0.20000000298023224_browse0.800000011920929_clear0,0,38,sitka-spruce,647.9073486328125,5.66759729385376,2.6576850414276123,3.0099117755889893,1.14424729347229,0.048976916819810867,1.15238618850708,4,38.776268005371094,0.19645661115646362,0.02866966649889946,0.016213640570640564,138,199,48.2652,0
thin0.20000000298023224_browse0.800000011920929_clear0,0,39,sitka-spruce,1613.6781005859375,8.1909189224243164,3.5609803199768066,4.6299381256103516,0.95008367300033569,0.044751312583684921,2.467289924621582,6,38.8751220703125,0.20342898368835449,0.029693717136979103,0.017499292269349098,136,207,51.3507,0
thin0.20000000298023224_browse0.800000011920929_clear0,0,40,sitka-spruce,665.934814453125,5.4665226936340332,2.9325244426727295,2.5339984893798828,0.93891853094100952,0.051479436457157135,2.599555492401123,8,38.217693328857422,0.20573198795318604,0.028021400794386864,0.017018642276525497,140,211,65.1593,0
thin0.20000000298023224_browse0.800000011920929_clear0,0,41,sitka-spruce,1723.198486328125,7.1187758445739746,3.8285939693450928,3.2901825904846191,1.0517175197601318,0.053075835108757019,1.5348902940750122,3,39.4066047668457,0.20313549041748047,0.025186184793710709,0.016101401299238205,140,214,47.6291,0
thin0.20000000298023224_browse0.800000011920929_clear0,0,42,sitka-spruce,1711.3896484375,7.1084823608398438,3.0635600090026855,4.0449223518371582,1.2876006364822388,0.055996719747781754,1.411730170249939,3,39.714836120605469,0.20073030889034271,0.02492859773337841,0.016826681792736053,134,223,47.652100000000004,0
thin0.20000000298023224_browse0.800000011920929_clear0,0,43,sitka-spruce,1674.63671875,7.4082174301147461,3.5654282569885254,3.8427896499633789,0.73298263549804688,0.059533152729272842,2.025256872177124,5,40.462490081787109,0.1946215033531189,0.028950540348887444,0.020711608231067657,129,233,48.1974,0
thin0.20000000298023224_browse0.800000011920929_clear0,0,44,sitka-spruce,1631.851806640625,8.1064567565917969,3.8656113147735596,4.2408442497253418,0.72367805242538452,0.061393070966005325,1.0055673122406006,5,42.5374641418457,0.19366350769996643,0.033370751887559891,0.023673973977565765,123,244,48.0005,0
thin0.20000000298023224_browse0.800000011920929_clear0,0,45,sitka-spruce,1655.5699462890625,7.8818392753601074,2.7771430015563965,5.1046977043151855,0.81242638826370239,0.063814476132392883,0.63634020090103149,3,43.802028656005859,0.19204892218112946,0.035766188055276871,0.025588080286979675,119,251,43.1578,0
thin0.20000000298023224_browse0.800000011920929_clear0,0,46,sitka-spruce,666.7762451171875,5.507929801940918,1.9910613298416138,3.5168693065643311,0.778703510761261,0.064119994640350342,2.1236641407012939,6,42.82659912109375,0.18547272682189941,0.041522443294525146,0.032136201858520508,119,257,44.3412,0
thin0.20000000298023224_browse0.800000011920929_clear0,0,47,sitka-spruce,1655.5050048828125,7.7278289794921875,2.9362692832946777,4.7915611267089844,1.0211849212646484,0.059036348015069962,1.7871472835540771,5,42.895500183105469,0.18227672576904297,0.0438799113035202,0.034440137445926666,118,263,45.321000000000005,0
thin0.20000000298023224_browse0.800000011920929_clear0,0,48,sitka-spruce,656.20062255859375,5.4421100616455078,2.06019926071167,3.3819103240966797,1.2187244892120361,0.055101580917835236,2.7210452556610107,7,40.960830688476563,0.18265755474567413,0.044374711811542511,0.036004986613988876,114,274,48.8965,0
thin0.20000000298023224_browse0.800000011920929_clear0,0,49,sitka-spruce,667.10003662109375,5.2761359214782715,2.9343056678771973,2.3418290615081787,1.5785510540008545,0.05041707307100296,0.29163205623626709,1,41.974533081054688,0.18928106129169464,0.034649841487407684,0.026069179177284241,112,277,37.7808,0
thin0.20000000298023224_browse0.800000011920929_clear0,0,50,sitka-spruce,2474.31298828125,7.9697465896606445,3.4938962459564209,4.47584867477417,1.1899827718734741,0.050242971628904343,2.0469024181365967,4,42.181301116943359,0.19514943659305573,0.031918112188577652,0.024176526814699173,110,283,46.735400000000006,0
thin0.20000000298023224_browse0.800000011920929_clear0,0,51,sitka-spruce,648.63775634765625,5.41791296005249,2.5283310413360596,2.8895814418792725,1.3764464855194092,0.052132926881313324,2.0743706226348877,4,41.206684112548828,0.20800361037254333,0.026445420458912849,0.018227212131023407,108,289,41.616,0
thin0.20000000298023224_browse0.800000011920929_clear0,0,52,sitka-spruce,2443.60302734375,8.4951820373535156,3.0669112205505371,5.4282708168029785,1.2114142179489136,0.05139923095703125,2.4928286075592041,3,40.517951965332031,0.20774328708648682,0.0310262031853199,0.022143568843603134,98,302,40.7551,0
thin0.20000000298023224_browse0.800000011920929_clear0,0,53,sitka-spruce,1606.5494384765625,8.3976058959960938,3.2315528392791748,5.166053295135498,1.1196621656417847,0.051090266555547714,2.5741288661956787,8,40.004623413085938,0.21449200809001923,0.034572474658489227,0.025587426498532295,100,308,42.5295,0
thin0.20000000298023224_browse0.800000011920929_clear0,0,54,sitka-spruce,645.90924072265625,5.6862058639526367,2.99196720123291,2.6942379474639893,1.8083952665328979,0.050509527325630188,1.8022842407226563,4,39.335403442382813,0.22036467492580414,0.03481651097536087,0.026349443942308426,97,315,39.002700000000004,0
thin0.20000000298023224_browse0.800000011920929_clear0,0,55,sitka-spruce,1588.6346435546875,8.2832870483398438,4.61220645904541,3.6710805892944336,1.0434365272521973,0.051567986607551575,0.38905254006385803,1,42.463554382324219,0.2267765998840332,0.036162298172712326,0.027755901217460632,88,325,32.8801,0
thin0.20000000298023224_browse0.800000011920929_clear0,0,56,sitka-spruce,615.8465576171875,5.9001717567443848,2.5309772491455078,3.3691959381103516,0.84017884731292725,0.059617422521114349,1.7437678575515747,7,42.3509635925293,0.23337525129318237,0.036701612174510956,0.028405416756868362,91,329,39.2774,0
thin0.20000000298023224_browse0.800000011920929_clear0,0,57,sitka-spruce,1555.9532470703125,8.4884128570556641,4.494621753692627,3.9937925338745117,0.95283859968185425,0.0617704764008522,0.46316206455230713,3,45.367816925048828,0.23443856835365295,0.037630397826433182,0.028650244697928429,85,338,36.3905,0
thin0.20000000298023224_browse0.800000011920929_clear0,0,58,sitka-spruce,2331.915771484375,9.1636734008789063,3.9935269355773926,5.1701459884643555,1.1675863265991211,0.06866755336523056,0.82492929697036743,2,47.3001594543457,0.23396912217140198,0.036519929766654968,0.025295013561844826,85,340,30.117900000000002,0
thin0.20000000298023224_browse0.800000011920929_clear0,0,59,sitka-spruce,1539.294921875,8.6013917922973633,3.1481728553771973,5.45321798324585,1.0695036649703979,0.075007103383541107,1.4114956855773926,5,47.892326354980469,0.2359117716550827,0.036415733397006989,0.025347016751766205,83,347,38.4803,0
thin0.20000000298023224_browse0.800000011920929_clear0,0,60,sitka-spruce,1535.5880126953125,8.4172344207763672,3.3204054832458496,5.0968294143676758,1.0024956464767456,0.072533339262008667,3.5290031433105469,6,46.608699798583984,0.23709653317928314,0.035252492874860764,0.024876480922102928,82,354,42.0649,0
thin0.20000000298023224_browse0.800000011920929_clear0,0,61,sitka-spruce,2291.40087890625,9.0192050933837891,3.8777978420257568,5.14140510559082,1.1084456443786621,0.071296758949756622,2.2222776412963867,6,47.084480285644531,0.24018681049346924,0.033250633627176285,0.024084040895104408,80,362,37.5743,0
thin0.20000000298023224_browse0.800000011920929_clear0,0,62,sitka-spruce,1510.0428466796875,8.490391731262207,4.4292635917663574,4.06112813949585,1.0583373308181763,0.0731230229139328,3.5572307109832764,8,46.825050354003906,0.2454640120267868,0.031202392652630806,0.023131648078560829,80,370,43.61,0
thin0.20000000298023224_browse0.800000011920929_clear0,0,63,sitka-spruce,1505.4100341796875,8.3970727920532227,4.7490315437316895,3.6480429172515869,1.0733797550201416,0.075800634920597076,0.41676196455955505,1,50.008140563964844,0.250237375497818,0.029286252334713936,0.021946268156170845,71,380,32.929300000000005,0
thin0.20000000298023224_browse0.800000011920929_clear0,0,64,sitka-spruce,593.77667236328125,5.6430668830871582,2.6133143901824951,3.029752254486084,1.1496201753616333,0.084575392305850983,4.5666847229003906,8,46.820575714111328,0.25440502166748047,0.028194759041070938,0.020571641623973846,76,383,39.5129,0
thin0.20000000298023224_browse0.800000011920929_clear0,0,65,sitka-spruce,592.80926513671875,5.5261154174804688,2.7884724140167236,2.7376434803009033,1.0694572925567627,0.0775420069694519,1.4549863338470459,3,47.007061004638672,0.25789618492126465,0.026818230748176575,0.019059579819440842,70,392,34.6708,0
thin0.20000000298023224_browse0.800000011920929_clear0,0,66,sitka-spruce,585.49664306640625,5.5025949478149414,2.7428202629089355,2.7597734928131104,0.97478139400482178,0.065527357161045074,0.83016026020050049,4,47.879413604736328,0.26252910494804382,0.024966757744550705,0.017174994572997093,69,397,32.3617,0
thin0.20000000298023224_browse0.800000011920929_clear0,0,67,sitka-spruce,1461.4945068359375,8.1197671890258789,4.2344450950622559,3.8853225708007813,1.0074326992034912,0.05811396986246109,3.2014625072479248,6,47.846847534179688,0.26687484979629517,0.022914335131645203,0.015194898471236229,70,402,35.7934,0
thin0.20000000298023224_browse0.800000011920929_clear0,0,68,sitka-spruce,1432.4774169921875,8.22021198272705,3.820713996887207,4.3994970321655273,1.6667765378952026,0.062825232744216919,0.41259968280792236,3,49.525360107421875,0.26980191469192505,0.021315807476639748,0.013256139121949673,65,410,31.935000000000002,0
thin0.20000000298023224_browse0.800000011920929_clear0,0,69,sitka-spruce,569.71746826171875,5.4492793083190918,2.1050105094909668,3.3442685604095459,1.5263177156448364,0.066402293741703033,1.9856162071228027,5,48.052036285400391,0.27426868677139282,0.019531130790710449,0.011323870159685612,66,414,32.283300000000004,0
thin0.20000000298023224_browse0.800000011920929_clear0,0,70,sitka-spruce,553.52227783203125,5.5627198219299316,2.6328282356262207,2.9298906326293945,1.2653419971466064,0.061162125319242477,1.6366517543792725,4,47.721710205078125,0.2819749116897583,0.017727477476000786,0.0094894347712397575,63,421,31.678800000000003,0
thin0.20000000298023224_browse0.800000011920929_clear0,0,71,sitka-spruce,548.928466796875,5.4335489273071289,2.3664586544036865,3.0670905113220215,1.2130041122436523,0.057969406247138977,0.55910384654998779,2,48.258090972900391,0.2844410240650177,0.01603592187166214,0.0079221539199352264,60,426,30.3243,0
thin0.20000000298023224_browse0.800000011920929_clear0,0,72,sitka-spruce,1351.36474609375,8.3544216156005859,3.3981108665466309,4.9563107490539551,1.1545087099075317,0.053945884108543396,1.9109458923339844,5,48.536800384521484,0.28327220678329468,0.015753725543618202,0.0067034494131803513,62,429,29.837100000000003,0
thin0.20000000298023224_browse0.800000011920929_clear0,0,73,sitka-spruce,1327.603271484375,8.4271736145019531,3.8864760398864746,4.5406980514526367,1.0844426155090332,0.056942276656627655,1.2181755304336548,4,50.063716888427734,0.28613802790641785,0.014996724203228951,0.0054971412755548954,60,435,30.644000000000002,0
thin0.20000000298023224_browse0.800000011920929_clear0,0,74,sitka-spruce,1933.564208984375,9.09725284576416,3.5327496528625488,5.5645027160644531,1.0257878303527832,0.063913099467754364,2.7857306003570557,7,49.721035003662109,0.29132997989654541,0.013944925740361214,0.00454874848946929,61,441,35.0113,0
thin0.20000000298023224_browse0.800000011920929_clear0,0,75,sitka-spruce,1262.0107421875,8.2551393508911133,4.0594315528869629,4.1957082748413086,1.5206902027130127,0.067590236663818359,0.70935511589050293,3,51.482830047607422,0.29582735896110535,0.01253906823694706,0.0037461768370121717,56,449,30.259900000000002,0
thin0.20000000298023224_browse0.800000011920929_clear0,0,76,sitka-spruce,1240.3565673828125,8.2645683288574219,3.4389522075653076,4.8256158828735352,1.3365634679794312,0.0686812624335289,1.8104487657546997,5,51.706089019775391,0.30082595348358154,0.011399815790355206,0.0029229763895273209,57,453,29.7728,0
thin0.20000000298023224_browse0.800000011920929_clear0,0,77,sitka-spruce,1220.9376220703125,7.99786901473999,3.794870138168335,4.2029991149902344,1.2967524528503418,0.072130858898162842,1.0752236843109131,5,53.056850433349609,0.3034551739692688,0.0100696487352252,0.0022886479273438454,56,459,32.2395,0
thin0.20000000298023224_browse0.800000011920929_clear0,0,78,sitka-spruce,477.72500610351563,5.0102272033691406,2.4691867828369141,2.5410416126251221,1.503294825553894,0.075704365968704224,2.2374515533447266,4,51.709587097167969,0.30779430270195007,0.00867616105824709,0.0017799610504880548,54,465,29.5223,0
thin0.20000000298023224_browse0.800000011920929_clear0,0,79,sitka-spruce,468.72390747070313,5.0484399795532227,2.61171293258667,2.4367272853851318,1.4783996343612671,0.071683973073959351,2.0251884460449219,4,50.746028900146484,0.31303885579109192,0.0073142950423061848,0.0013390640961006284,53,470,29.549000000000003,0
thin0.20000000298023224_browse0.800000011920929_clear0,0,80,sitka-spruce,1151.631103515625,8.0290307998657227,4.2858800888061523,3.743152379989624,1.4043394327163696,0.0677143782377243,3.5615286827087402,5,49.998325347900391,0.31820052862167358,0.0060337241739034653,0.00090164260473102331,53,475,29.6961,0
thin0.20000000298023224_browse0.800000011920929_clear0,0,81,sitka-spruce,449.323974609375,4.90971040725708,3.0676498413085938,1.8420606851577759,1.1219601631164551,0.069259002804756165,0.97704511880874634,3,50.897712707519531,0.32288962602615356,0.005938513670116663,0.0016110121505334973,50,481,28.146,0
thin0.20000000298023224_browse0.800000011920929_clear0,0,82,sitka-spruce,1652.2593994140625,8.88608455657959,4.8555264472961426,4.0305562019348145,0.934703528881073,0.068524666130542755,2.3259520530700684,6,52.424057006835938,0.32700291275978088,0.0056334882974624634,0.0019287909381091595,52,485,31.6717,0
thin0.20000000298023224_browse0.800000011920929_clear0,0,83,sitka-spruce,1084.133544921875,7.6782612800598145,4.1149406433105469,3.5633211135864258,0.91788649559021,0.077612124383449554,1.5917682647705078,5,53.951732635498047,0.32669523358345032,0.00524127995595336,0.0019992496818304062,50,492,31.566300000000002,0
thin0.20000000298023224_browse0.800000011920929_clear0,0,84,sitka-spruce,437.42904663085938,4.4094533920288086,2.3956916332244873,2.0137619972229004,1.0794477462768555,0.07793128490447998,2.2455828189849854,4,52.944461822509766,0.32088395953178406,0.0046971649862825871,0.001843595877289772,52,494,27.547600000000003,0
thin0.20000000298023224_browse0.800000011920929_clear0,0,85,sitka-spruce,1059.484619140625,7.6221327781677246,4.5872821807861328,3.0348498821258545,1.1332075595855713,0.070495903491973877,0.11112544685602188,1,56.216915130615234,0.3228093683719635,0.0041751186363399029,0.0015462497249245644,45,502,25.1474,0
thin0.20000000298023224_browse0.800000011920929_clear0,0,86,sitka-spruce,1034.1021728515625,7.8877019882202148,3.2837033271789551,4.60399866104126,1.06501305103302,0.0708647221326828,4.2978014945983887,7,54.066936492919922,0.32535150647163391,0.0045339264906942844,0.0011906832223758101,50,504,30.7286,0
thin0.20000000298023224_browse0.800000011920929_clear0,0,87,sitka-spruce,1006.3526000976563,8.0821714401245117,4.0454754829406738,4.0366950035095215,1.0321781635284424,0.069222547113895416,0.71696394681930542,3,56.294048309326172,0.32660731673240662,0.0055432822555303574,0.0012358459644019604,45,512,27.009800000000002,0
thin0.20000000298023224_browse0.800000011920929_clear0,0,88,sitka-spruce,408.62567138671875,4.5591754913330078,2.3384926319122314,2.2206830978393555,0.98767733573913574,0.076447032392025,2.2780325412750244,6,55.290386199951172,0.32509872317314148,0.0048034940846264362,0.0010245486628264189,51,512,26.9642,0
thin0.20000000298023224_browse0.800000011920929_clear0,0,89,sitka-spruce,984.29638671875,7.8033089637756348,4.3058056831359863,3.4975020885467529,0.86819636821746826,0.071168892085552216,2.004826545715332,4,56.652000427246094,0.32776165008544922,0.0050956490449607372,0.000825489463750273,45,522,32.3534,0
thin0.20000000298023224_browse0.800000011920929_clear0,0,90,sitka-spruce,960.4224853515625,7.7508029937744141,4.4398207664489746,3.3109829425811768,0.82036095857620239,0.0734381303191185,2.4260354042053223,7,57.7719841003418,0.32677018642425537,0.0071924817748367786,0.0023718923330307007,47,527,33.2264,0
thin0.20000000298023224_browse0.800000011920929_clear0,0,91,sitka-spruce,937.73974609375,7.7283868789672852,4.2446975708007813,3.48368763923645,1.0654370784759521,0.072810284793376923,0.59348416328430176,3,60.284950256347656,0.32842937111854553,0.0083092311397194862,0.0032949668820947409,42,535,27.317800000000002,0
thin0.20000000298023224_browse0.800000011920929_clear0,0,92,sitka-spruce,951.0482177734375,7.4771203994750977,3.6479222774505615,3.8291988372802734,1.6018141508102417,0.0774344801902771,1.8904106616973877,5,60.363212585449219,0.32688477635383606,0.0087539171800017357,0.0039196154102683067,46,536,27.302500000000002,0
thin0.20000000298023224_browse0.800000011920929_clear0,0,93,sitka-spruce,366.22174072265625,4.2908992767333984,1.7600057125091553,2.5308928489685059,1.1367340087890625,0.073299318552017212,2.6589410305023193,6,58.254245758056641,0.3286624550819397,0.0088450564071536064,0.0042995847761631012,44,544,31.986600000000003,0
thin0.20000000298023224_browse0.800000011920929_clear0,0,94,sitka-spruce,366.97201538085938,4.1057515144348145,1.7952049970626831,2.3105463981628418,1.0045586824417114,0.06511843204498291,1.4795637130737305,2,57.500209808349609,0.32689729332923889,0.0086730159819126129,0.0044720149599015713,42,548,24.5258,0
thin0.20000000298023224_browse0.800000011920929_clear0,0,95,sitka-spruce,354.15200805664063,4.3797111511230469,2.17648983001709,2.2032215595245361,0.85719406604766846,0.056965615600347519,1.6386879682540894,5,57.123851776123047,0.32929423451423645,0.0094733256846666336,0.0046784020960330963,42,553,29.8732,0
thin0.20000000298023224_browse0.800000011920929_clear0,0,96,sitka-spruce,1297.302978515625,9.1065597534179688,4.8248605728149414,4.2817001342773438,0.80536162853240967,0.054439075291156769,1.1191885471343994,5,59.969722747802734,0.33597603440284729,0.009711582213640213,0.0046493266709148884,41,559,28.771900000000002,0
thin0.20000000298023224_browse0.800000011920929_clear0,0,97,sitka-spruce,349.71939086914063,4.1453514099121094,2.0630173683166504,2.0823342800140381,0.7895960807800293,0.060316231101751328,1.5072504281997681,4,59.675575256347656,0.33296862244606018,0.0095668761059641838,0.0044459206983447075,44,560,27.1185,0
thin0.20000000298023224_browse0.800000011920929_clear0,0,98,sitka-spruce,334.31036376953125,4.4009857177734375,2.2691454887390137,2.1318399906158447,1.322656512260437,0.058604210615158081,0.35160180926322937,2,60.211860656738281,0.34161046147346497,0.010241108946502209,0.00456524221226573,37,569,26.557100000000002,0
thin0.20000000298023224_browse0.800000011920929_clear0,0,99,sitka-spruce,1264.8074951171875,8.9147672653198242,4.2605891227722168,4.6541767120361328,1.1327650547027588,0.054145369678735733,2.4035096168518066,5,60.882030487060547,0.34411418437957764,0.010365955531597137,0.0044603962451219559,41,570,27.241300000000003,0
thin0.20000000298023224_browse0.800000011920929_clear0,0,100,sitka-spruce,811.2596435546875,7.8617954254150391,3.871302604675293,3.9904935359954834,0.8482515811920166,0.06046733632683754,0.81072741746902466,4,63.033885955810547,0.35403627157211304,0.010231979191303253,0.0042112404480576515,38,577,28.5043,0
thin0.20000000298023224_browse0.800000011920929_clear0,1,1,sitka-spruce,337.46432495117188,1.4534131288528442,1.4534131288528442,0,0,0,0,0,1.4534131288528442,0.063514061272144318,0.029624603688716888,0.026000687852501869,269,0,138.1633,0
thin0.20000000298023224_browse0.800000011920929_clear0,1,2,sitka-spruce,249.77053833007813,1.2423139810562134,1.2423139810562134,0,0.014799258671700954,0.0069053554907441139,0,0,2.6740226745605469,0.066018372774124146,0.031588021665811539,0.027487708255648613,269,0,135.5909,0
thin0.20000000298023224_browse0.800000011920929_clear0,1,3,sitka-spruce,873.46343994140625,3.0977671146392822,3.0977671146392822,0,0.018613371998071671,0.012745950371026993,0,0,5.7404303550720215,0.0685511901974678,0.034100499004125595,0.029066272079944611,269,0,136.50400000000002,0
thin0.20000000298023224_browse0.800000011920929_clear0,1,4,sitka-spruce,437.85162353515625,2.1689314842224121,2.1689314842224121,0,0.0549553781747818,0.024777540937066078,0,0,7.8296284675598145,0.071240335702896118,0.037017636001110077,0.030747996643185616,269,0,114.1896,0
thin0.20000000298023224_browse0.800000011920929_clear0,1,5,sitka-spruce,518.3712158203125,2.5792243480682373,2.5792243480682373,0,0.057335328310728073,0.029525730758905411,0,0,10.321991920471191,0.074024192988872528,0.040083743631839752,0.032466784119606018,269,0,108.08760000000001,0
thin0.20000000298023224_browse0.800000011920929_clear0,1,6,sitka-spruce,1483.7021484375,4.4111723899841309,4.4111723899841309,0,0.061644412577152252,0.032896224409341812,0,0,14.638623237609863,0.077202022075653076,0.04301530122756958,0.034379098564386368,269,0,107.1362,0
thin0.20000000298023224_browse0.800000011920929_clear0,1,7,sitka-spruce,1662.9501953125,4.68838357925415,3.5772078037261963,1.1111767292022705,0.10652126371860504,0.04035482183098793,0,0,18.068954467773438,0.080141536891460419,0.0457073375582695,0.036458913236856461,269,0,105.79520000000001,0
thin0.20000000298023224_browse0.800000011920929_clear0,1,8,sitka-spruce,2756.377197265625,5.1574478149414063,2.288245677947998,2.8692021369934082,0.14991752803325653,0.052050255239009857,0,0,20.155233383178711,0.082175731658935547,0.0480661578476429,0.038673572242259979,269,0,107.3387,0
thin0.20000000298023224_browse0.800000011920929_clear0,1,9,sitka-spruce,804.259521484375,3.8053486347198486,1.4400768280029297,2.365272045135498,0.19600021839141846,0.040887091308832169,0,0,21.358423233032227,0.083746202290058136,0.050048384815454483,0.040770057588815689,269,0,106.23270000000001,0
thin0.20000000298023224_browse0.800000011920929_clear0,1,10,sitka-spruce,873.79339599609375,4.0365915298461914,1.3503564596176147,2.6862349510192871,0.21317170560359955,0.03331548348069191,0,0,22.462291717529297,0.085012637078762054,0.051666323095560074,0.04265277087688446,269,0,107.22380000000001,0
thin0.20000000298023224_browse0.800000011920929_clear0,1,11,sitka-spruce,856.04583740234375,4.0572586059570313,1.0559473037719727,3.0013108253479004,0.23215757310390472,0.029400534927845,0,0,23.256681442260742,0.086065344512462616,0.052935287356376648,0.044274315237998962,268,1,118.39710000000001,0
thin0.20000000298023224_browse0.800000011920929_clear0,1,12,sitka-spruce,2104.989501953125,5.4085636138916016,1.1898107528686523,4.2187533378601074,0.24897874891757965,0.0259062759578228,0,0,24.171606063842773,0.086919404566288,0.053899355232715607,0.045614305883646011,267,2,115.6085,0
thin0.20000000298023224_browse0.800000011920929_clear0,1,13,sitka-spruce,2061.549072265625,5.4711661338806152,1.2140470743179321,4.2571196556091309,0.29372727870941162,0.024440471082925797,0.75797820091247559,3,24.309507369995117,0.087340161204338074,0.054666738957166672,0.046650052070617676,267,5,114.9499,0
thin0.20000000298023224_browse0.800000011920929_clear0,1,14,sitka-spruce,814.22003173828125,4.04796028137207,1.5067164897918701,2.5412445068359375,0.33410438895225525,0.023170031607151031,1.1117628812789917,4,24.347187042236328,0.091152586042881012,0.050383016467094421,0.043248042464256287,269,7,115.50110000000001,0
thin0.20000000298023224_browse0.800000011920929_clear0,1,15,sitka-spruce,3003.358154296875,5.6437268257141113,2.2311453819274902,3.4125804901123047,0.33939018845558167,0.025221286341547966,1.8764458894729614,4,24.3372745513916,0.09654843807220459,0.042917720973491669,0.033322658389806747,269,11,113.32950000000001,0
thin0.20000000298023224_browse0.800000011920929_clear0,1,16,sitka-spruce,790.09112548828125,4.0437312126159668,1.856194019317627,2.1875369548797607,0.32695597410202026,0.031752772629261017,1.9471611976623535,4,23.887599945068359,0.10558436065912247,0.034828338772058487,0.02541792020201683,269,15,111.5793,0
thin0.20000000298023224_browse0.800000011920929_clear0,1,17,sitka-spruce,759.249755859375,4.18179988861084,2.8466730117797852,1.3351271152496338,0.3166099488735199,0.035285960882902145,0.71821922063827515,1,25.664157867431641,0.11947096139192581,0.025764787569642067,0.016272885724902153,258,27,113.2501,0
thin0.20000000298023224_browse0.800000011920929_clear0,1,18,sitka-spruce,1906.8726806640625,5.4759025573730469,2.4529461860656738,3.022956371307373,0.33005505800247192,0.039532974362373352,2.30300235748291,3,25.444513320922852,0.12852287292480469,0.020277248695492744,0.012343359179794788,259,29,99.738700000000009,0
thin0.20000000298023224_browse0.800000011920929_clear0,1,19,sitka-spruce,755.75732421875,3.8962271213531494,1.9625319242477417,1.933695912361145,0.37469619512557983,0.04128965362906456,3.1852118968963623,6,23.805845260620117,0.13588488101959229,0.016071368008852005,0.010038233362138271,259,35,103.1478,0
thin0.20000000298023224_browse0.800000011920929_clear0,1,20,sitka-spruce,750.26422119140625,3.7929215431213379,2.89847731590271,0.89444422721862793,0.38094282150268555,0.039543978869915009,0.72614008188247681,1,25.557695388793945,0.14366094768047333,0.010872239246964455,0.0060803624801337719,250,45,91.124800000000008,0
thin0.20000000298023224_browse0.800000011920929_clear0,1,21,sitka-spruce,1856.0751953125,5.1602921485900879,3.2552559375762939,1.9050368070602417,0.59960103034973145,0.04453684389591217,1.3463374376296997,4,26.822475433349609,0.14843504130840302,0.0082563962787389755,0.0039903898723423481,246,53,88.042700000000011,0
thin0.20000000298023224_browse0.800000011920929_clear0,1,22,sitka-spruce,2771.787841796875,5.17604398727417,2.9848957061767578,2.1911485195159912,0.60785770416259766,0.050347384065389633,0.661592960357666,1,28.487573623657227,0.14823447167873383,0.0075338678434491158,0.0026613264344632626,238,62,80.6196,0
thin0.20000000298023224_browse0.800000011920929_clear0,1,23,sitka-spruce,1858.3765869140625,4.8497767448425293,2.1364734172821045,2.7133030891418457,0.65146744251251221,0.051824800670146942,0.52960336208343506,1,29.391151428222656,0.14832304418087006,0.0071008414961397648,0.0017627275083214045,235,66,76.7985,0
thin0.20000000298023224_browse0.800000011920929_clear0,1,24,sitka-spruce,1821.14306640625,5.4241914749145508,2.3999896049499512,3.0242009162902832,0.61749804019927979,0.045993007719516754,0.51880168914794922,2,30.608850479125977,0.15297110378742218,0.0081571638584136963,0.0026949758175760508,223,80,74.0109,0
thin0.20000000298023224_browse0.800000011920929_clear0,1,25,sitka-spruce,2728.82275390625,5.8958258628845215,2.24269962310791,3.6531274318695068,0.85049527883529663,0.044446304440498352,0.010915258899331093,1,31.94569206237793,0.15975134074687958,0.009500507265329361,0.0032995576038956642,217,87,68.43780000000001,0
thin0.20000000298023224_browse0.800000011920929_clear0,1,26,sitka-spruce,1806.4249267578125,5.7448925971984863,1.9189420938491821,3.825951099395752,0.78484660387039185,0.045209269970655441,1.0524135828018188,2,31.98216438293457,0.16636718809604645,0.010099731385707855,0.0035082169342786074,211,95,67.795200000000008,0
thin0.20000000298023224_browse0.800000011920929_clear0,1,27,sitka-spruce,703.21954345703125,4.3310556411743164,1.8110404014587402,2.5200152397155762,0.7488933801651001,0.044799111783504486,0.1946016401052475,1,32.804912567138672,0.17587605118751526,0.0094846738502383232,0.0034266358707100153,200,107,64.365000000000009,0
thin0.20000000298023224_browse0.800000011920929_clear0,1,28,sitka-spruce,1714.514892578125,6.2771463394165039,2.7413830757141113,3.5357632637023926,1.1215728521347046,0.042164843529462814,0.6667180061340332,2,33.715839385986328,0.18465596437454224,0.0087597295641899109,0.003035274799913168,191,118,61.620200000000004,0
thin0.20000000298023224_browse0.800000011920929_clear0,1,29,sitka-spruce,1713.9482421875,6.97341251373291,3.6453471183776855,3.3280658721923828,0.972628116607666,0.045562159270048141,0.57327800989151,1,35.769718170166016,0.19281677901744843,0.009280751459300518,0.0026263848412781954,182,128,63.1957,0
thin0.20000000298023224_browse0.800000011920929_clear0,1,30,sitka-spruce,2554.71728515625,7.1895942687988281,2.9892020225524902,4.2003922462463379,0.9470590353012085,0.051215160638093948,1.7267742156982422,4,36.033870697021484,0.19577012956142426,0.010656474158167839,0.0051989909261465073,179,135,67.4484,0
thin0.20000000298023224_browse0.800000011920929_clear0,1,31,sitka-spruce,2577.86083984375,7.051363468170166,3.6863548755645752,3.3650095462799072,1.1146247386932373,0.055669441819190979,0.1875993013381958,1,38.362331390380859,0.19614706933498383,0.013449292629957199,0.0083334203809499741,174,141,54.519800000000004,0
thin0.20000000298023224_browse0.800000011920929_clear0,1,32,sitka-spruce,1734.1016845703125,7.0492596626281738,2.8757965564727783,4.173464298248291,0.78640872240066528,0.059247653931379318,1.001076340675354,3,39.391395568847656,0.19905075430870056,0.016954023391008377,0.011416005901992321,170,148,55.077400000000004,0
thin0.20000000298023224_browse0.800000011920929_clear0,1,33,sitka-spruce,681.2469482421875,5.1076273918151855,2.2212228775024414,2.8864049911499023,0.73449403047561646,0.058929868042469025,1.2308083772659302,3,39.588386535644531,0.20068587362766266,0.019714802503585815,0.012696366757154465,163,158,52.6039,0
thin0.20000000298023224_browse0.800000011920929_clear0,1,34,sitka-spruce,692.3072509765625,4.9681096076965332,1.9954923391342163,2.972618579864502,1.2442642450332642,0.055824905633926392,2.9290719032287598,5,37.354717254638672,0.20037531852722168,0.020852042362093925,0.013030014932155609,164,162,55.390800000000006,0
thin0.20000000298023224_browse0.800000011920929_clear0,1,35,sitka-spruce,680.30126953125,4.83222770690918,2.7692787647247314,2.0629496574401855,1.2106941938400269,0.052431851625442505,0.986449122428894,3,37.874420166015625,0.1983034759759903,0.021780762821435928,0.014230475760996342,156,173,52.477900000000005,0
thin0.20000000298023224_browse0.800000011920929_clear0,1,36,sitka-spruce,684.4459228515625,4.9958286285400391,2.709956169128418,2.2858738899230957,1.3108721971511841,0.055119574069976807,0.75340533256530762,2,38.464981079101563,0.1922743171453476,0.024403896182775497,0.015088707208633423,153,178,47.9211,0
thin0.20000000298023224_browse0.800000011920929_clear0,1,37,sitka-spruce,680.883056640625,5.2515048980712891,2.464047908782959,2.78745698928833,1.1856905221939087,0.052793852984905243,1.2263505458831787,2,38.464195251464844,0.19038809835910797,0.027172911912202835,0.016424380242824554,146,187,49.0219,0
thin0.20000000298023224_browse0.800000011920929_clear0,1,38,sitka-spruce,647.9073486328125,5.66759729385376,2.6576850414276123,3.0099117755889893,1.14424729347229,0.048976916819810867,1.15238618850708,4,38.776268005371094,0.19645661115646362,0.02866966649889946,0.016213640570640564,138,199,48.3067,0
thin0.20000000298023224_browse0.800000011920929_clear0,1,39,sitka-spruce,1613.6781005859375,8.1909189224243164,3.5609803199768066,4.6299381256103516,0.95008367300033569,0.044751312583684921,2.467289924621582,6,38.8751220703125,0.20342898368835449,0.029693717136979103,0.017499292269349098,136,207,52.0628,0
thin0.20000000298023224_browse0.800000011920929_clear0,1,40,sitka-spruce,665.934814453125,5.4665226936340332,2.9325244426727295,2.5339984893798828,0.93891853094100952,0.051479436457157135,2.599555492401123,8,38.217693328857422,0.20573198795318604,0.028021400794386864,0.017018642276525497,140,211,66.5193,0
thin0.20000000298023224_browse0.800000011920929_clear0,1,41,sitka-spruce,1723.198486328125,7.1187758445739746,3.8285939693450928,3.2901825904846191,1.0517175197601318,0.053075835108757019,1.5348902940750122,3,39.4066047668457,0.20313549041748047,0.025186184793710709,0.016101401299238205,140,214,46.9516,0
thin0.20000000298023224_browse0.800000011920929_clear0,1,42,sitka-spruce,1711.3896484375,7.1084823608398438,3.0635600090026855,4.0449223518371582,1.2876006364822388,0.055996719747781754,1.411730170249939,3,39.714836120605469,0.20073030889034271,0.02492859773337841,0.016826681792736053,134,223,46.8134,0
thin0.20000000298023224_browse0.800000011920929_clear0,1,43,sitka-spruce,1674.63671875,7.4082174301147461,3.5654282569885254,3.8427896499633789,0.73298263549804688,0.059533152729272842,2.025256872177124,5,40.462490081787109,0.1946215033531189,0.028950540348887444,0.020711608231067657,129,233,48.4604,0
thin0.20000000298023224_browse0.800000011920929_clear0,1,44,sitka-spruce,1631.851806640625,8.1064567565917969,3.8656113147735596,4.2408442497253418,0.72367805242538452,0.061393070966005325,1.0055673122406006,5,42.5374641418457,0.19366350769996643,0.033370751887559891,0.023673973977565765,123,244,46.6526,0
thin0.20000000298023224_browse0.800000011920929_clear0,1,45,sitka-spruce,1655.5699462890625,7.8818392753601074,2.7771430015563965,5.1046977043151855,0.81242638826370239,0.063814476132392883,0.63634020090103149,3,43.802028656005859,0.19204892218112946,0.035766188055276871,0.025588080286979675,119,251,41.583200000000005,0
thin0.20000000298023224_browse0.800000011920929_clear0,1,46,sitka-spruce,666.7762451171875,5.507929801940918,1.9910613298416138,3.5168693065643311,0.778703510761261,0.064119994640350342,2.1236641407012939,6,42.82659912109375,0.18547272682189941,0.041522443294525146,0.032136201858520508,119,257,45.1133,0
thin0.20000000298023224_browse0.800000011920929_clear0,1,47,sitka-spruce,1655.5050048828125,7.7278289794921875,2.9362692832946777,4.7915611267089844,1.0211849212646484,0.059036348015069962,1.7871472835540771,5,42.895500183105469,0.18227672576904297,0.0438799113035202,0.034440137445926666,118,263,45.3477,0
thin0.20000000298023224_browse0.800000011920929_clear0,1,48,sitka-spruce,656.20062255859375,5.4421100616455078,2.06019926071167,3.3819103240966797,1.2187244892120361,0.055101580917835236,2.7210452556610107,7,40.960830688476563,0.18265755474567413,0.044374711811542511,0.036004986613988876,114,274,48.3679,0
thin0.20000000298023224_browse0.800000011920929_clear0,1,49,sitka-spruce,667.10003662109375,5.2761359214782715,2.9343056678771973,2.3418290615081787,1.5785510540008545,0.05041707307100296,0.29163205623626709,1,41.974533081054688,0.18928106129169464,0.034649841487407684,0.026069179177284241,112,277,37.245400000000004,0
thin0.20000000298023224_browse0.800000011920929_clear0,1,50,sitka-spruce,2474.31298828125,7.9697465896606445,3.4938962459564209,4.47584867477417,1.1899827718734741,0.050242971628904343,2.0469024181365967,4,42.181301116943359,0.19514943659305573,0.031918112188577652,0.024176526814699173,110,283,49.2626,0
thin0.20000000298023224_browse0.800000011920929_clear0,1,51,sitka-spruce,648.63775634765625,5.41791296005249,2.5283310413360596,2.8895814418792725,1.3764464855194092,0.052132926881313324,2.0743706226348877,4,41.206684112548828,0.20800361037254333,0.026445420458912849,0.018227212131023407,108,289,41.946000000000005,0
thin0.20000000298023224_browse0.800000011920929_clear0,1,52,sitka-spruce,2443.60302734375,8.4951820373535156,3.0669112205505371,5.4282708168029785,1.2114142179489136,0.05139923095703125,2.4928286075592041,3,40.517951965332031,0.20774328708648682,0.0310262031853199,0.022143568843603134,98,302,41.208000000000006,0
thin0.20000000298023224_browse0.800000011920929_clear0,1,53,sitka-spruce,1606.5494384765625,8.3976058959960938,3.2315528392791748,5.166053295135498,1.1196621656417847,0.051090266555547714,2.5741288661956787,8,40.004623413085938,0.21449200809001923,0.034572474658489227,0.025587426498532295,100,308,42.0709,0
thin0.20000000298023224_browse0.800000011920929_clear0,1,54,sitka-spruce,645.90924072265625,5.6862058639526367,2.99196720123291,2.6942379474639893,1.8083952665328979,0.050509527325630188,1.8022842407226563,4,39.335403442382813,0.22036467492580414,0.03481651097536087,0.026349443942308426,97,315,38.8056,0
thin0.20000000298023224_browse0.800000011920929_clear0,1,55,sitka-spruce,1588.6346435546875,8.2832870483398438,4.61220645904541,3.6710805892944336,1.0434365272521973,0.051567986607551575,0.38905254006385803,1,42.463554382324219,0.2267765998840332,0.036162298172712326,0.027755901217460632,88,325,32.626000000000005,0
thin0.20000000298023224_browse0.800000011920929_clear0,1,56,sitka-spruce,615.8465576171875,5.9001717567443848,2.5309772491455078,3.3691959381103516,0.84017884731292725,0.059617422521114349,1.7437678575515747,7,42.3509635925293,0.23337525129318237,0.036701612174510956,0.028405416756868362,91,329,38.5142,0
thin0.20000000298023224_browse0.800000011920929_clear0,1,57,sitka-spruce,1555.9532470703125,8.4884128570556641,4.494621753692627,3.9937925338745117,0.95283859968185425,0.0617704764008522,0.46316206455230713,3,45.367816925048828,0.23443856835365295,0.037630397826433182,0.028650244697928429,85,338,34.9902,0
thin0.20000000298023224_browse0.800000011920929_clear0,1,58,sitka-spruce,2331.915771484375,9.1636734008789063,3.9935269355773926,5.1701459884643555,1.1675863265991211,0.06866755336523056,0.82492929697036743,2,47.3001594543457,0.23396912217140198,0.036519929766654968,0.025295013561844826,85,340,30.4477,0
thin0.20000000298023224_browse0.800000011920929_clear0,1,59,sitka-spruce,1539.294921875,8.6013917922973633,3.1481728553771973,5.45321798324585,1.0695036649703979,0.075007103383541107,1.4114956855773926,5,47.892326354980469,0.2359117716550827,0.036415733397006989,0.025347016751766205,83,347,35.5855,0
thin0.20000000298023224_browse0.800000011920929_clear0,1,60,sitka-spruce,1535.5880126953125,8.4172344207763672,3.3204054832458496,5.0968294143676758,1.0024956464767456,0.072533339262008667,3.5290031433105469,6,46.608699798583984,0.23709653317928314,0.035252492874860764,0.024876480922102928,82,354,45.6407,0
thin0.20000000298023224_browse0.800000011920929_clear0,1,61,sitka-spruce,2291.40087890625,9.0192050933837891,3.8777978420257568,5.14140510559082,1.1084456443786621,0.071296758949756622,2.2222776412963867,6,47.084480285644531,0.24018681049346924,0.033250633627176285,0.024084040895104408,80,362,37.3953,0
thin0.20000000298023224_browse0.800000011920929_clear0,1,62,sitka-spruce,1510.0428466796875,8.490391731262207,4.4292635917663574,4.06112813949585,1.0583373308181763,0.0731230229139328,3.5572307109832764,8,46.825050354003906,0.2454640120267868,0.031202392652630806,0.023131648078560829,80,370,41.7685,0
thin0.20000000298023224_browse0.800000011920929_clear0,1,63,sitka-spruce,1505.4100341796875,8.3970727920532227,4.7490315437316895,3.6480429172515869,1.0733797550201416,0.075800634920597076,0.41676196455955505,1,50.008140563964844,0.250237375497818,0.029286252334713936,0.021946268156170845,71,380,30.9978,0
thin0.20000000298023224_browse0.800000011920929_clear0,1,64,sitka-spruce,593.77667236328125,5.6430668830871582,2.6133143901824951,3.029752254486084,1.1496201753616333,0.084575392305850983,4.5666847229003906,8,46.820575714111328,0.25440502166748047,0.028194759041070938,0.020571641623973846,76,383,36.8252,0
thin0.20000000298023224_browse0.800000011920929_clear0,1,65,sitka-spruce,592.80926513671875,5.5261154174804688,2.7884724140167236,2.7376434803009033,1.0694572925567627,0.0775420069694519,1.4549863338470459,3,47.007061004638672,0.25789618492126465,0.026818230748176575,0.019059579819440842,70,392,32.2231,0
thin0.20000000298023224_browse0.800000011920929_clear0,1,66,sitka-spruce,585.49664306640625,5.5025949478149414,2.7428202629089355,2.7597734928131104,0.97478139400482178,0.065527357161045074,0.83016026020050049,4,47.879413604736328,0.26252910494804382,0.024966757744550705,0.017174994572997093,69,397,31.3929,0
thin0.20000000298023224_browse0.800000011920929_clear0,1,67,sitka-spruce,1461.4945068359375,8.1197671890258789,4.2344450950622559,3.8853225708007813,1.0074326992034912,0.05811396986246109,3.2014625072479248,6,47.846847534179688,0.26687484979629517,0.022914335131645203,0.015194898471236229,70,402,35.7462,0
thin0.20000000298023224_browse0.800000011920929_clear0,1,68,sitka-spruce,1432.4774169921875,8.22021198272705,3.820713996887207,4.3994970321655273,1.6667765378952026,0.062825232744216919,0.41259968280792236,3,49.525360107421875,0.26980191469192505,0.021315807476639748,0.013256139121949673,65,410,30.8728,0
thin0.20000000298023224_browse0.800000011920929_clear0,1,69,sitka-spruce,569.71746826171875,5.4492793083190918,2.1050105094909668,3.3442685604095459,1.5263177156448364,0.066402293741703033,1.9856162071228027,5,48.052036285400391,0.27426868677139282,0.019531130790710449,0.011323870159685612,66,414,34.3609,0
thin0.20000000298023224_browse0.800000011920929_clear0,1,70,sitka-spruce,553.52227783203125,5.5627198219299316,2.6328282356262207,2.9298906326293945,1.2653419971466064,0.061162125319242477,1.6366517543792725,4,47.721710205078125,0.2819749116897583,0.017727477476000786,0.0094894347712397575,63,421,31.8766,0
thin0.20000000298023224_browse0.800000011920929_clear0,1,71,sitka-spruce,548.928466796875,5.4335489273071289,2.3664586544036865,3.0670905113220215,1.2130041122436523,0.057969406247138977,0.55910384654998779,2,48.258090972900391,0.2844410240650177,0.01603592187166214,0.0079221539199352264,60,426,27.249100000000002,0
thin0.20000000298023224_browse0.800000011920929_clear0,1,72,sitka-spruce,1351.36474609375,8.3544216156005859,3.3981108665466309,4.9563107490539551,1.1545087099075317,0.053945884108543396,1.9109458923339844,5,48.536800384521484,0.28327220678329468,0.015753725543618202,0.0067034494131803513,62,429,31.3778,0
thin0.20000000298023224_browse0.800000011920929_clear0,1,73,sitka-spruce,1327.603271484375,8.4271736145019531,3.8864760398864746,4.5406980514526367,1.0844426155090332,0.056942276656627655,1.2181755304336548,4,50.063716888427734,0.28613802790641785,0.014996724203228951,0.0054971412755548954,60,435,32.7428,0
thin0.20000000298023224_browse0.800000011920929_clear0,1,74,sitka-spruce,1933.564208984375,9.09725284576416,3.5327496528625488,5.5645027160644531,1.0257878303527832,0.063913099467754364,2.7857306003570557,7,49.721035003662109,0.29132997989654541,0.013944925740361214,0.00454874848946929,61,441,36.033,0
thin0.20000000298023224_browse0.800000011920929_clear0,1,75,sitka-spruce,1262.0107421875,8.2551393508911133,4.0594315528869629,4.1957082748413086,1.5206902027130127,0.067590236663818359,0.70935511589050293,3,51.482830047607422,0.29582735896110535,0.01253906823694706,0.0037461768370121717,56,449,31.995600000000003,0
thin0.20000000298023224_browse0.800000011920929_clear0,1,76,sitka-spruce,1240.3565673828125,8.2645683288574219,3.4389522075653076,4.8256158828735352,1.3365634679794312,0.0686812624335289,1.8104487657546997,5,51.706089019775391,0.30082595348358154,0.011399815790355206,0.0029229763895273209,57,453,33.5323,0
thin0.20000000298023224_browse0.800000011920929_clear0,1,77,sitka-spruce,1220.9376220703125,7.99786901473999,3.794870138168335,4.2029991149902344,1.2967524528503418,0.072130858898162842,1.0752236843109131,5,53.056850433349609,0.3034551739692688,0.0100696487352252,0.0022886479273438454,56,459,36.6654,0
thin0.20000000298023224_browse0.800000011920929_clear0,1,78,sitka-spruce,477.72500610351563,5.0102272033691406,2.4691867828369141,2.5410416126251221,1.503294825553894,0.075704365968704224,2.2374515533447266,4,51.709587097167969,0.30779430270195007,0.00867616105824709,0.0017799610504880548,54,465,34.9225,0
thin0.20000000298023224_browse0.800000011920929_clear0,1,79,sitka-spruce,468.72390747070313,5.0484399795532227,2.61171293258667,2.4367272853851318,1.4783996343612671,0.071683973073959351,2.0251884460449219,4,50.746028900146484,0.31303885579109192,0.0073142950423061848,0.0013390640961006284,53,470,32.079,0
thin0.20000000298023224_browse0.800000011920929_clear0,1,80,sitka-spruce,1151.631103515625,8.0290307998657227,4.2858800888061523,3.743152379989624,1.4043394327163696,0.0677143782377243,3.5615286827087402,5,49.998325347900391,0.31820052862167358,0.0060337241739034653,0.00090164260473102331,53,475,36.5875,0
thin0.20000000298023224_browse0.800000011920929_clear0,1,81,sitka-spruce,449.323974609375,4.90971040725708,3.0676498413085938,1.8420606851577759,1.1219601631164551,0.069259002804756165,0.97704511880874634,3,50.897712707519531,0.32288962602615356,0.005938513670116663,0.0016110121505334973,50,481,28.271600000000003,0
thin0.20000000298023224_browse0.800000011920929_clear0,1,82,sitka-spruce,1652.2593994140625,8.88608455657959,4.8555264472961426,4.0305562019348145,0.934703528881073,0.068524666130542755,2.3259520530700684,6,52.424057006835938,0.32700291275978088,0.0056334882974624634,0.0019287909381091595,52,485,31.454,0
thin0.20000000298023224_browse0.800000011920929_clear0,1,83,sitka-spruce,1084.133544921875,7.6782612800598145,4.1149406433105469,3.5633211135864258,0.91788649559021,0.077612124383449554,1.5917682647705078,5,53.951732635498047,0.32669523358345032,0.00524127995595336,0.0019992496818304062,50,492,30.4039,0
thin0.20000000298023224_browse0.800000011920929_clear0,1,84,sitka-spruce,437.42904663085938,4.4094533920288086,2.3956916332244873,2.0137619972229004,1.0794477462768555,0.07793128490447998,2.2455828189849854,4,52.944461822509766,0.32088395953178406,0.0046971649862825871,0.001843595877289772,52,494,27.3764,0
thin0.20000000298023224_browse0.800000011920929_clear0,1,85,sitka-spruce,1059.484619140625,7.6221327781677246,4.5872821807861328,3.0348498821258545,1.1332075595855713,0.070495903491973877,0.11112544685602188,1,56.216915130615234,0.3228093683719635,0.0041751186363399029,0.0015462497249245644,45,502,24.4286,0
thin0.20000000298023224_browse0.800000011920929_clear0,1,86,sitka-spruce,1034.1021728515625,7.8877019882202148,3.2837033271789551,4.60399866104126,1.06501305103302,0.0708647221326828,4.2978014945983887,7,54.066936492919922,0.32535150647163391,0.0045339264906942844,0.0011906832223758101,50,504,31.8518,0
thin0.20000000298023224_browse0.800000011920929_clear0,1,87,sitka-spruce,1006.3526000976563,8.0821714401245117,4.0454754829406738,4.0366950035095215,1.0321781635284424,0.069222547113895416,0.71696394681930542,3,56.294048309326172,0.32660731673240662,0.0055432822555303574,0.0012358459644019604,45,512,27.2256,0
thin0.20000000298023224_browse0.800000011920929_clear0,1,88,sitka-spruce,408.62567138671875,4.5591754913330078,2.3384926319122314,2.2206830978393555,0.98767733573913574,0.076447032392025,2.2780325412750244,6,55.290386199951172,0.32509872317314148,0.0048034940846264362,0.0010245486628264189,51,512,25.0196,0
thin0.20000000298023224_browse0.800000011920929_clear0,1,89,sitka-spruce,984.29638671875,7.8033089637756348,4.3058056831359863,3.4975020885467529,0.86819636821746826,0.071168892085552216,2.004826545715332,4,56.652000427246094,0.32776165008544922,0.0050956490449607372,0.000825489463750273,45,522,30.503700000000002,0
thin0.20000000298023224_browse0.800000011920929_clear0,1,90,sitka-spruce,960.4224853515625,7.7508029937744141,4.4398207664489746,3.3109829425811768,0.82036095857620239,0.0734381303191185,2.4260354042053223,7,57.7719841003418,0.32677018642425537,0.0071924817748367786,0.0023718923330307007,47,527,32.7945,0
thin0.20000000298023224_browse0.800000011920929_clear0,1,91,sitka-spruce,937.73974609375,7.7283868789672852,4.2446975708007813,3.48368763923645,1.0654370784759521,0.072810284793376923,0.59348416328430176,3,60.284950256347656,0.32842937111854553,0.0083092311397194862,0.0032949668820947409,42,535,27.274700000000003,0
thin0.20000000298023224_browse0.800000011920929_clear0,1,92,sitka-spruce,951.0482177734375,7.4771203994750977,3.6479222774505615,3.8291988372802734,1.6018141508102417,0.0774344801902771,1.8904106616973877,5,60.363212585449219,0.32688477635383606,0.0087539171800017357,0.0039196154102683067,46,536,29.0923,0
thin0.20000000298023224_browse0.800000011920929_clear0,1,93,sitka-spruce,366.22174072265625,4.2908992767333984,1.7600057125091553,2.5308928489685059,1.1367340087890625,0.073299318552017212,2.6589410305023193,6,58.254245758056641,0.3286624550819397,0.0088450564071536064,0.0042995847761631012,44,544,32.6882,0
thin0.20000000298023224_browse0.800000011920929_clear0,1,94,sitka-spruce,366.97201538085938,4.1057515144348145,1.7952049970626831,2.3105463981628418,1.0045586824417114,0.06511843204498291,1.4795637130737305,2,57.500209808349609,0.32689729332923889,0.0086730159819126129,0.0044720149599015713,42,548,23.8307,0
thin0.20000000298023224_browse0.800000011920929_clear0,1,95,sitka-spruce,354.15200805664063,4.3797111511230469,2.17648983001709,2.2032215595245361,0.85719406604766846,0.056965615600347519,1.6386879682540894,5,57.123851776123047,0.32929423451423645,0.0094733256846666336,0.0046784020960330963,42,553,28.959600000000002,0
thin0.20000000298023224_browse0.800000011920929_clear0,1,96,sitka-spruce,1297.302978515625,9.1065597534179688,4.8248605728149414,4.2817001342773438,0.80536162853240967,0.054439075291156769,1.1191885471343994,5,59.969722747802734,0.33597603440284729,0.009711582213640213,0.0046493266709148884,41,559,30.9556,0
thin0.20000000298023224_browse0.800000011920929_clear0,1,97,sitka-spruce,349.71939086914063,4.1453514099121094,2.0630173683166504,2.0823342800140381,0.7895960807800293,0.060316231101751328,1.5072504281997681,4,59.675575256347656,0.33296862244606018,0.0095668761059641838,0.0044459206983447075,44,560,25.939600000000002,0
thin0.20000000298023224_browse0.800000011920929_clear0,1,98,sitka-spruce,334.31036376953125,4.4009857177734375,2.2691454887390137,2.1318399906158447,1.322656512260437,0.058604210615158081,0.35160180926322937,2,60.211860656738281,0.34161046147346497,0.010241108946502209,0.00456524221226573,37,569,26.873800000000003,0
thin0.20000000298023224_browse0.800000011920929_clear0,1,99,sitka-spruce,1264.8074951171875,8.9147672653198242,4.2605891227722168,4.6541767120361328,1.1327650547027588,0.054145369678735733,2.4035096168518066,5,60.882030487060547,0.34411418437957764,0.010365955531597137,0.0044603962451219559,41,570,26.284000000000002,0
thin0.20000000298023224_browse0.800000011920929_clear0,1,100,sitka-spruce,811.2596435546875,7.8617954254150391,3.871302604675293,3.9904935359954834,0.8482515811920166,0.06046733632683754,0.81072741746902466,4,63.033885955810547,0.35403627157211304,0.010231979191303253,0.0042112404480576515,38,577,27.1031,0
thin0.40000000596046448_browse0_clear0,0,1,sitka-spruce,260.42938232421875,1.9072985649108887,1.9072985649108887,0,0,0,0,0,1.9072984457015991,0.083157375454902649,0.065906189382076263,0.042402662336826324,202,0,111.75630000000001,0
thin0.40000000596046448_browse0_clear0,0,2,sitka-spruce,194.89288330078125,1.5313607454299927,1.5313607454299927,0,0.027437150478363037,0,0,0,3.411221981048584,0.083201758563518524,0.0678061693906784,0.044127289205789566,202,0,93.8934,0
thin0.40000000596046448_browse0_clear0,0,3,sitka-spruce,689.147216796875,3.9998676776885986,3.9998676776885986,0,0.034455768764019012,0,0,0,7.3766336441040039,0.084197625517845154,0.069923140108585358,0.046392977237701416,202,0,91.3845,0
thin0.40000000596046448_browse0_clear0,0,4,sitka-spruce,349.26296997070313,2.5752522945404053,2.5752522945404053,0,0.091585323214530945,0,0,0,9.86030101776123,0.085692055523395538,0.072016999125480652,0.04885486513376236,202,0,89.4878,0
thin0.40000000596046448_browse0_clear0,0,5,sitka-spruce,417.92758178710938,2.9762272834777832,2.9762272834777832,0,0.10363911837339401,0,0,0,12.732889175415039,0.08730662614107132,0.0742221251130104,0.051381200551986694,202,0,93.4239,0
thin0.40000000596046448_browse0_clear0,0,6,sitka-spruce,1208.531494140625,5.4190292358398438,5.4190292358398438,0,0.11835190653800964,0,0,0,18.033565521240234,0.089370608329772949,0.076144315302371979,0.053912002593278885,202,0,82.353500000000011,0
thin0.40000000596046448_browse0_clear0,0,7,sitka-spruce,1367.7579345703125,5.7477526664733887,5.356290340423584,0.39146298170089722,0.19378890097141266,0,0,0,23.196067810058594,0.092112191021442413,0.077894158661365509,0.056331660598516464,202,0,81.0703,0
thin0.40000000596046448_browse0_clear0,0,8,sitka-spruce,2287.81201171875,6.5072298049926758,3.2605693340301514,3.2466599941253662,0.2165076732635498,0,0,0,26.240129470825195,0.095251694321632385,0.079330876469612122,0.0585533082485199,202,0,82.0643,0
thin0.40000000596046448_browse0_clear0,0,9,sitka-spruce,673.19354248046875,4.42152738571167,1.7074027061462402,2.7141246795654297,0.25234496593475342,0,0,0,27.695188522338867,0.0982399582862854,0.080342240631580353,0.060580283403396606,202,0,79.8122,0
thin0.40000000596046448_browse0_clear0,0,10,sitka-spruce,737.080078125,4.7569136619567871,1.4557068347930908,3.3012068271636963,0.2674051821231842,0,0,0,28.883489608764648,0.10105643421411514,0.080991894006729126,0.0623333565890789,202,0,78.321,0
thin0.40000000596046448_browse0_clear0,0,11,sitka-spruce,729.30303955078125,4.8217549324035645,1.4343748092651367,3.3873810768127441,0.28746581077575684,0,0,0,30.030397415161133,0.10371708124876022,0.081300400197505951,0.063728794455528259,202,0,73.4501,0
thin0.40000000596046448_browse0_clear0,0,12,sitka-spruce,1810.4583740234375,6.7993412017822266,1.5076113939285278,5.2917299270629883,0.30532607436180115,0,0,0,31.232683181762695,0.10619529336690903,0.081333555281162262,0.064837314188480377,202,0,69.244,0
thin0.40000000596046448_browse0_clear0,0,13,sitka-spruce,1803.28662109375,6.8891830444335938,1.268684983253479,5.6204977035522461,0.35168763995170593,0,1.6818163394927979,7,30.467863082885742,0.10843437910079956,0.081140533089637756,0.0656585618853569,209,0,77.266500000000008,0
thin0.40000000596046448_browse0_clear0,0,14,sitka-spruce,719.9912109375,4.8619136810302734,2.5203864574432373,2.3415279388427734,0.39139428734779358,0,0.903179407119751,4,31.693675994873047,0.11740328371524811,0.069845616817474365,0.055051647126674652,213,0,72.103400000000008,0
thin0.40000000596046448_browse0_clear0,0,15,sitka-spruce,2700.5302734375,7.1357035636901855,2.2986223697662354,4.8370804786682129,0.39188116788864136,0,3.273456335067749,8,30.326961517333984,0.12658718228340149,0.058610651642084122,0.04147479310631752,221,0,77.46220000000001,0
thin0.40000000596046448_browse0_clear0,0,16,sitka-spruce,721.3062744140625,4.6194000244140625,2.6303625106811523,1.9890375137329102,0.55820530652999878,0,1.6376166343688965,4,30.761501312255859,0.13832765817642212,0.04683975875377655,0.031570542603731155,225,0,71.884,0
thin0.40000000596046448_browse0_clear0,0,17,sitka-spruce,717.27178955078125,4.71741247177124,3.5014927387237549,1.2159198522567749,0.50472825765609741,0,0,0,33.758266448974609,0.15232850611209869,0.035752724856138229,0.021478913724422455,223,2,81.8961,0
thin0.40000000596046448_browse0_clear0,0,18,sitka-spruce,1801.9571533203125,6.62883186340332,2.4475617408752441,4.1812701225280762,0.48596826195716858,0,4.9370546340942383,7,30.782804489135742,0.15965504944324493,0.03315289318561554,0.01933559775352478,227,5,100.52470000000001,0
thin0.40000000596046448_browse0_clear0,0,19,sitka-spruce,711.99786376953125,4.4136271476745605,2.6841063499450684,1.72952139377594,0.50480103492736816,0,2.954681396484375,4,30.007427215576172,0.17171327769756317,0.021569715812802315,0.010657600127160549,227,9,83.6032,0
thin0.40000000596046448_browse0_clear0,0,20,sitka-spruce,704.60784912109375,4.1399469375610352,2.96086049079895,1.1790862083435059,0.48885676264762878,0,1.7700830698013306,6,30.709348678588867,0.17528742551803589,0.015055484138429165,0.0058616804890334606,228,14,81.4869,0
thin0.40000000596046448_browse0_clear0,0,21,sitka-spruce,1750.4814453125,5.352637767791748,3.9678897857666016,1.3847488164901733,0.47859108448028564,0,0.9445921778678894,2,33.254055023193359,0.17387311160564423,0.010960285551846027,0.0032239241991192102,226,18,86.6761,0
thin0.40000000596046448_browse0_clear0,0,22,sitka-spruce,2623.88037109375,5.9870147705078125,2.9202752113342285,3.0667402744293213,0.50193232297897339,0,1.2799303531646729,3,34.3924674987793,0.17442110180854797,0.0087208589538931847,0.0023710669483989477,222,25,74.872,0
thin0.40000000596046448_browse0_clear0,0,23,sitka-spruce,1766.6175537109375,5.3748025894165039,2.3112192153930664,3.0635836124420166,0.53665465116500854,0,0,0,36.167030334472656,0.17542192339897156,0.0068038827739655972,0.0013040868798270822,221,26,68.0952,0
thin0.40000000596046448_browse0_clear0,0,24,sitka-spruce,1770.4464111328125,5.5329446792602539,1.9127788543701172,3.620166540145874,0.93665260076522827,0,0.49989575147628784,1,36.643260955810547,0.17416375875473022,0.0078084659762680531,0.0024793187621980906,216,32,69.8122,0
thin0.40000000596046448_browse0_clear0,0,25,sitka-spruce,2656.30078125,5.926760196685791,1.9434113502502441,3.9833488464355469,0.85505563020706177,0,0.39816150069236755,1,37.333454132080078,0.17583945393562317,0.009443214163184166,0.005166318267583847,208,41,68.5237,0
thin0.40000000596046448_browse0_clear0,0,26,sitka-spruce,1755.5457763671875,6.3009700775146484,2.0087893009185791,4.2921819686889648,0.95914542675018311,0,1.0704715251922607,1,37.312625885009766,0.18125127255916595,0.011469659395515919,0.0080700423568487167,198,52,63.7319,0
thin0.40000000596046448_browse0_clear0,0,27,sitka-spruce,679.0592041015625,4.7569422721862793,1.7205917835235596,3.0363509654998779,0.75872433185577393,0,1.2575559616088867,5,37.016941070556641,0.18727551400661469,0.01493388507515192,0.011686142534017563,192,63,65.3519,0
thin0.40000000596046448_browse0_clear0,0,28,sitka-spruce,1688.6177978515625,6.3251791000366211,3.1620278358459473,3.1631522178649902,0.95137971639633179,0,0.4402620792388916,2,38.787326812744141,0.19305288791656494,0.014372603036463261,0.012021276168525219,188,69,62.25,0
thin0.40000000596046448_browse0_clear0,0,29,sitka-spruce,1674.936279296875,6.6637411117553711,2.7681803703308105,3.8955605030059814,0.68071317672729492,0,0.26908484101295471,1,40.605705261230469,0.18775862455368042,0.019661681726574898,0.016403691843152046,176,82,63.711400000000005,0
thin0.40000000596046448_browse0_clear0,0,30,sitka-spruce,2490.43408203125,7.3996500968933105,2.258770227432251,5.1408782005310059,0.683690071105957,0,2.2503750324249268,6,39.930412292480469,0.18759191036224365,0.022700771689414978,0.01771329902112484,173,91,73.6229,0
thin0.40000000596046448_browse0_clear0,0,31,sitka-spruce,2516.08935546875,7.4092516899108887,2.9488332271575928,4.460418701171875,0.88896667957305908,0,2.5181031227111816,4,39.472175598144531,0.18345826864242554,0.025362495332956314,0.019672311842441559,170,98,61.4215,0
thin0.40000000596046448_browse0_clear0,0,32,sitka-spruce,1712.1572265625,7.0343971252441406,3.0511093139648438,3.9832887649536133,0.86039739847183228,0,0.91803920269012451,2,40.744846343994141,0.18145741522312164,0.027649911120533943,0.020159626379609108,166,104,54.694900000000004,0
thin0.40000000596046448_browse0_clear0,0,33,sitka-spruce,668.0357666015625,5.2794132232666016,2.2547142505645752,3.0246977806091309,0.822666585445404,0,1.2685921192169189,3,40.908302307128906,0.18321585655212402,0.028701195493340492,0.018921149894595146,160,113,56.125400000000006,0
thin0.40000000596046448_browse0_clear0,0,34,sitka-spruce,664.5706787109375,5.5327234268188477,2.5379905700683594,2.994732141494751,0.84564489126205444,0,2.2230114936828613,5,40.377635955810547,0.19238579273223877,0.029532970860600471,0.020220668986439705,156,122,57.901900000000005,0
thin0.40000000596046448_browse0_clear0,0,35,sitka-spruce,660.277099609375,5.4992284774780273,2.7874057292938232,2.7118232250213623,1.0142545700073242,0,1.4625614881515503,6,40.688228607177734,0.19864583015441895,0.0290373507887125,0.019725734367966652,153,131,57.7785,0
thin0.40000000596046448_browse0_clear0,0,36,sitka-spruce,658.09619140625,5.6493935585021973,2.7866864204406738,2.8627076148986816,0.71384114027023315,0,3.0073957443237305,7,39.753677368164063,0.20230728387832642,0.031639434397220612,0.022336052730679512,149,142,59.8186,0
thin0.40000000596046448_browse0_clear0,0,37,sitka-spruce,669.76141357421875,5.7323870658874512,3.1509811878204346,2.5814056396484375,0.64058518409729,0,1.9623740911483765,6,40.301700592041016,0.20316107571125031,0.034242328256368637,0.025796148926019669,146,151,59.0381,0
thin0.40000000596046448_browse0_clear0,0,38,sitka-spruce,668.94415283203125,5.6285390853881836,2.749755859375,2.8787837028503418,1.0032625198364258,0,0.55959510803222656,2,41.488597869873047,0.20212461054325104,0.036231938749551773,0.028299910947680473,140,159,49.3759,0
thin0.40000000596046448_browse0_clear0,0,39,sitka-spruce,1642.925048828125,8.5125293731689453,3.4049739837646484,5.10755729675293,0.52542626857757568,0,1.8897488117218018,4,42.478397369384766,0.20031972229480743,0.0380902960896492,0.029465058818459511,134,169,56.2385,0
thin0.40000000596046448_browse0_clear0,0,40,sitka-spruce,667.14007568359375,5.889676570892334,2.2878315448760986,3.60184645652771,0.65524226427078247,0,3.0239534378051758,5,41.087032318115234,0.19913798570632935,0.041531354188919067,0.032603774219751358,134,174,58.6306,0
thin0.40000000596046448_browse0_clear0,0,41,sitka-spruce,1671.2421875,8.2024831771850586,3.8348207473754883,4.3676619529724121,0.617483913898468,0,1.2829806804656982,5,43.021389007568359,0.19540481269359589,0.043345320969820023,0.033404923975467682,132,181,50.0523,0
thin0.40000000596046448_browse0_clear0,0,42,sitka-spruce,1661.257568359375,8.12135124206543,3.40678071975708,4.7145709991455078,0.57938569784164429,0,1.2978094816207886,4,44.550975799560547,0.19079343974590302,0.044506058096885681,0.033204130828380585,128,189,49.256,0
thin0.40000000596046448_browse0_clear0,0,43,sitka-spruce,1642.2982177734375,8.4248104095458984,2.1968514919281006,6.2279577255249023,0.67712128162384033,0,0.707645058631897,5,45.363059997558594,0.18841922283172607,0.047766584903001785,0.035729102790355682,123,199,50.3648,0
thin0.40000000596046448_browse0_clear0,0,44,sitka-spruce,1633.7628173828125,8.3886318206787109,2.5707182884216309,5.8179140090942383,0.54868102073669434,0,2.5874216556549072,6,44.797676086425781,0.18949659168720245,0.049354266375303268,0.038597263395786285,120,208,51.136700000000005,0
thin0.40000000596046448_browse0_clear0,0,45,sitka-spruce,1639.7369384765625,8.3142528533935547,3.6640956401824951,4.6501574516296387,1.2407956123352051,0,3.5853843688964844,9,43.635589599609375,0.19393488764762878,0.04572044312953949,0.033778421580791473,123,214,55.098400000000005,0
thin0.40000000596046448_browse0_clear0,0,46,sitka-spruce,656.91082763671875,5.8174910545349121,2.9693779945373535,2.8481142520904541,1.6949715614318848,0,2.4649293422698975,6,42.445068359375,0.192006453871727,0.049970425665378571,0.039484724402427673,112,231,51.9883,0
thin0.40000000596046448_browse0_clear0,0,47,sitka-spruce,1610.017578125,8.2087182998657227,4.1570329666137695,4.0516853332519531,1.3767522573471069,0,2.5261456966400146,6,42.699203491210938,0.18606288731098175,0.055045641958713531,0.044836089015007019,109,240,46.6366,0
thin0.40000000596046448_browse0_clear0,0,48,sitka-spruce,638.84552001953125,5.7265887260437012,2.864621639251709,2.861968994140625,1.4800751209259033,0,2.9192163944244385,6,41.164531707763672,0.18377617001533508,0.057850226759910583,0.047580026090145111,106,249,46.243300000000005,0
thin0.40000000596046448_browse0_clear0,0,49,sitka-spruce,652.07611083984375,5.711578369140625,3.1200292110443115,2.5915489196777344,1.9474540948867798,0,2.4106349945068359,5,39.926471710205078,0.18267002701759338,0.058706391602754593,0.047234680503606796,106,254,46.243100000000005,0
thin0.40000000596046448_browse0_clear0,0,50,sitka-spruce,2410.541259765625,9.0070095062255859,5.8163261413574219,3.1906828880310059,1.5184818506240845,0,1.4699546098709106,4,42.754360198974609,0.18838861584663391,0.059004779905080795,0.047165624797344208,98,266,53.6495,0
thin0.40000000596046448_browse0_clear0,0,51,sitka-spruce,620.55767822265625,5.8908791542053223,2.9210312366485596,2.9698481559753418,1.3637183904647827,0,1.3263864517211914,3,42.985286712646484,0.19858480989933014,0.057164311408996582,0.044902388006448746,93,274,37.8634,0
thin0.40000000596046448_browse0_clear0,0,52,sitka-spruce,2371.4150390625,8.9361085891723633,4.1496081352233887,4.7864999771118164,1.3826332092285156,0,1.9893510341644287,5,43.762908935546875,0.20461702346801758,0.053335677832365036,0.040711589157581329,96,276,39.203500000000005,0
thin0.40000000596046448_browse0_clear0,0,53,sitka-spruce,1593.2149658203125,8.5127010345458984,3.7055733203887939,4.80712890625,1.2642138004302979,0,2.8557884693145752,5,43.348480224609375,0.20932705700397491,0.052543967962265015,0.0397118404507637,92,285,44.749700000000004,0
thin0.40000000596046448_browse0_clear0,0,54,sitka-spruce,623.9140625,6.0047688484191895,3.16339111328125,2.8413784503936768,1.0801147222518921,0,1.1774016618728638,4,44.254356384277344,0.21642366051673889,0.052590806037187576,0.040473714470863342,88,293,40.9776,0
thin0.40000000596046448_browse0_clear0,0,55,sitka-spruce,1542.497802734375,8.5596170425415039,3.9879889488220215,4.571627140045166,0.85189485549926758,0,1.175862193107605,2,46.2145881652832,0.21967250108718872,0.0499374121427536,0.037026900798082352,87,296,33.4268,0
thin0.40000000596046448_browse0_clear0,0,56,sitka-spruce,617.9888916015625,5.8722934722900391,2.2905721664428711,3.581721305847168,0.95025491714477539,0,0.4471881091594696,1,47.107719421386719,0.22220765054225922,0.0488356277346611,0.036310866475105286,81,303,31.947300000000002,0
thin0.40000000596046448_browse0_clear0,0,57,sitka-spruce,1520.1058349609375,8.6108779907226563,3.2247278690338135,5.3861498832702637,0.995813250541687,0,3.9785256385803223,7,45.358108520507813,0.2240002453327179,0.047298837453126907,0.034688800573349,84,307,39.0249,0
thin0.40000000596046448_browse0_clear0,0,58,sitka-spruce,2286.04638671875,9.0701074600219727,4.4874405860900879,4.582667350769043,0.97552001476287842,0,1.6671688556671143,4,47.202857971191406,0.22551038861274719,0.0451316200196743,0.033256202936172485,80,315,39.3253,0
thin0.40000000596046448_browse0_clear0,0,59,sitka-spruce,1515.80224609375,8.4780073165893555,3.7987048625946045,4.6793007850646973,1.2342770099639893,0,1.6386905908584595,4,48.128597259521484,0.22912459075450897,0.042659666389226913,0.031489625573158264,78,321,35.3515,0
thin0.40000000596046448_browse0_clear0,0,60,sitka-spruce,1502.1436767578125,8.7071323394775391,3.2790195941925049,5.42811393737793,1.0914307832717896,0,1.0690674781799316,3,49.247116088867188,0.23203258216381073,0.041902370750904083,0.030576197430491447,75,327,33.3985,0
thin0.40000000596046448_browse0_clear0,0,61,sitka-spruce,2226.67333984375,9.4360580444335938,3.121110200881958,6.3149499893188477,0.80956679582595825,0,3.5434975624084473,6,48.015163421630859,0.23547494411468506,0.041124790906906128,0.028953231871128082,76,332,38.1404,0
thin0.40000000596046448_browse0_clear0,0,62,sitka-spruce,1485.7042236328125,8.6665048599243164,4.0201048851013184,4.6464004516601563,1.2395085096359253,0,2.4167943000793457,4,48.378963470458984,0.23717010021209717,0.039737433195114136,0.026922358199954033,73,339,35.921800000000005,0
thin0.40000000596046448_browse0_clear0,0,63,sitka-spruce,1474.9306640625,8.5070171356201172,4.5612306594848633,3.945784330368042,1.5730437040328979,0,1.0697231292724609,3,50.297428131103516,0.23898211121559143,0.0378904715180397,0.02460954338312149,70,345,33.036100000000005,0
thin0.40000000596046448_browse0_clear0,0,64,sitka-spruce,580.24542236328125,5.8748588562011719,2.4254636764526367,3.4493963718414307,1.3329100608825684,0,2.1894354820251465,4,49.200546264648438,0.24595189094543457,0.035837110131978989,0.0222204327583313,69,350,33.8495,0
thin0.40000000596046448_browse0_clear0,0,65,sitka-spruce,577.81231689453125,5.8136200904846191,2.5811283588409424,3.2324914932250977,1.187809944152832,0,0.64700239896774292,5,49.946861267089844,0.25050169229507446,0.034124482423067093,0.020332064479589462,69,355,36.0229,0
thin0.40000000596046448_browse0_clear0,0,66,sitka-spruce,567.06170654296875,5.7526388168334961,2.3406567573547363,3.4119813442230225,0.91201704740524292,0,0.15723413228988647,3,51.218269348144531,0.25690078735351563,0.031954403966665268,0.018250500783324242,65,362,32.2898,0
thin0.40000000596046448_browse0_clear0,0,67,sitka-spruce,1404.2974853515625,8.5849819183349609,2.6778099536895752,5.9071717262268066,0.80807119607925415,0,1.461592435836792,7,51.626415252685547,0.26272323727607727,0.029546668753027916,0.016193648800253868,68,366,36.520900000000005,0
thin0.40000000596046448_browse0_clear0,0,68,sitka-spruce,1364.346923828125,8.7119541168212891,3.3322446346282959,5.3797082901000977,0.975060760974884,0,1.0972902774810791,4,52.886306762695313,0.26971423625946045,0.027401600033044815,0.014377301558852196,63,375,33.6175,0
thin0.40000000596046448_browse0_clear0,0,69,sitka-spruce,542.2816162109375,5.7125768661499023,1.6347389221191406,4.0778379440307617,0.91486102342605591,0,0.71756476163864136,4,52.888622283935547,0.27365189790725708,0.026133274659514427,0.013036224059760571,62,380,30.882900000000003,0
thin0.40000000596046448_browse0_clear0,0,70,sitka-spruce,535.42535400390625,5.75297212600708,1.8827143907546997,3.8702590465545654,1.2757322788238525,0,2.463167667388916,8,51.032436370849609,0.28007501363754272,0.02401421032845974,0.011367429047822952,65,385,37.992200000000004,0
thin0.40000000596046448_browse0_clear0,0,71,sitka-spruce,528.0509033203125,5.6853542327880859,2.7463071346282959,2.9390473365783691,1.0659945011138916,0,3.6119785308837891,6,49.10076904296875,0.28575849533081055,0.022120632231235504,0.0098597481846809387,62,394,37.0569,0
thin0.40000000596046448_browse0_clear0,0,72,sitka-spruce,1281.822265625,8.7651567459106445,4.0559382438659668,4.7092199325561523,0.87499004602432251,0,1.3706964254379272,3,50.9110221862793,0.28788039088249207,0.021516457200050354,0.00884993001818657,57,402,31.2253,0
thin0.40000000596046448_browse0_clear0,0,73,sitka-spruce,1263.9710693359375,8.4596538543701172,3.59041690826416,4.8692350387573242,1.0963205099105835,0,2.2757914066314697,7,51.129325866699219,0.28932058811187744,0.020175864920020103,0.0072716139256954193,60,406,34.7379,0
thin0.40000000596046448_browse0_clear0,0,74,sitka-spruce,1854.9508056640625,9.30391788482666,4.1755509376525879,5.1283679008483887,1.2531251907348633,0,4.0303387641906738,9,50.021411895751953,0.28740820288658142,0.02071431465446949,0.0075456583872437477,61,414,40.5658,0
thin0.40000000596046448_browse0_clear0,0,75,sitka-spruce,1213.18603515625,8.3079681396484375,5.1128535270690918,3.1951141357421875,1.4064033031463623,0,1.1645258665084839,5,52.563339233398438,0.28452888131141663,0.022926550358533859,0.010403754189610481,56,424,35.7509,0
thin0.40000000596046448_browse0_clear0,0,76,sitka-spruce,1184.9149169921875,8.3704261779785156,4.0944333076477051,4.275993824005127,1.4427361488342285,0,1.4477493762969971,4,53.767284393310547,0.28556501865386963,0.024771753698587418,0.012883077375590801,54,430,30.5197,0
thin0.40000000596046448_browse0_clear0,0,77,sitka-spruce,1164.3153076171875,8.3173379898071289,3.4272332191467285,4.8901047706604,1.50780189037323,0,4.5789089202880859,5,51.107807159423828,0.28832519054412842,0.025175450369715691,0.01365495752543211,54,435,32.4468,0
thin0.40000000596046448_browse0_clear0,0,78,sitka-spruce,453.50473022460938,5.3180694580078125,2.5516963005065918,2.7663726806640625,1.4303613901138306,0,3.4587357044219971,6,48.770404815673828,0.29115751385688782,0.025817457586526871,0.014014178887009621,54,441,34.6909,0
thin0.40000000596046448_browse0_clear0,0,79,sitka-spruce,443.315673828125,5.2496452331542969,2.7981679439544678,2.4514777660369873,1.2498459815979004,0,3.2136185169219971,6,47.105110168457031,0.28885698318481445,0.026726046577095985,0.013611378148198128,53,448,33.3339,0
thin0.40000000596046448_browse0_clear0,0,80,sitka-spruce,1090.8072509765625,8.3796825408935547,5.3020296096801758,3.0776526927948,1.0909818410873413,0,2.8666341304779053,7,48.44952392578125,0.28945660591125488,0.025968978181481361,0.012373659759759903,53,455,38.0779,0
thin0.40000000596046448_browse0_clear0,0,81,sitka-spruce,439.42779541015625,4.8943791389465332,3.1504933834075928,1.7438851594924927,1.0358059406280518,0,2.0960595607757568,4,48.4681510925293,0.29195180535316467,0.02046886645257473,0.0077315084636211395,53,459,31.7432,0
thin0.40000000596046448_browse0_clear0,0,82,sitka-spruce,1604.7847900390625,9.1986570358276367,6.1152811050415039,3.0833768844604492,1.0924443006515503,0,1.7989658117294312,5,51.692020416259766,0.29480406641960144,0.019359111785888672,0.0069126971065998077,50,467,32.8928,0
thin0.40000000596046448_browse0_clear0,0,83,sitka-spruce,1046.1676025390625,8.20541763305664,4.80417537689209,3.4012410640716553,1.1973637342453003,0,1.2715647220611572,4,54.027267456054688,0.30062040686607361,0.017745964229106903,0.0060281571932137012,48,473,31.1718,0
thin0.40000000596046448_browse0_clear0,0,84,sitka-spruce,409.49078369140625,4.8119869232177734,3.00649356842041,1.8054931163787842,1.3815405368804932,0,0.35993063449859619,1,55.292289733886719,0.30606907606124878,0.016065508127212524,0.005307905375957489,44,478,24.6553,0
thin0.40000000596046448_browse0_clear0,0,85,sitka-spruce,1023.7269287109375,7.7279720306396484,3.787172794342041,3.9408001899719238,1.1977876424789429,0,1.4828916788101196,3,56.398784637451172,0.30952027440071106,0.011744806542992592,0.002919347956776619,47,478,20.6747,0
thin0.40000000596046448_browse0_clear0,0,86,sitka-spruce,1004.82666015625,7.7297849655151367,3.129744291305542,4.6000409126281738,1.5291881561279297,0,0.80871677398681641,2,57.190624237060547,0.31094273924827576,0.010861369781196117,0.0029799726326018572,44,483,25.2361,0
thin0.40000000596046448_browse0_clear0,0,87,sitka-spruce,978.8438720703125,7.9763484001159668,2.8735504150390625,5.1027998924255371,1.1557728052139282,0,3.6207914352416992,7,55.2876091003418,0.31803056597709656,0.0097567439079284668,0.0028840068262070417,48,486,31.396800000000002,0
thin0.40000000596046448_browse0_clear0,0,88,sitka-spruce,396.15902709960938,4.477231502532959,1.9243543148040771,2.5528769493103027,1.1047377586364746,0,3.2769672870635986,8,52.830257415771484,0.319311261177063,0.0082285264506936073,0.0025992146693170071,53,489,36.689,0
thin0.40000000596046448_browse0_clear0,0,89,sitka-spruce,950.44378662109375,7.9877681732177734,5.1956191062927246,2.7921485900878906,0.95865470170974731,0,1.7498308420181274,8,55.3173942565918,0.32127216458320618,0.00896153412759304,0.0029173155780881643,48,502,40.7306,0
thin0.40000000596046448_browse0_clear0,0,90,sitka-spruce,967.41156005859375,7.5538873672485352,4.78655481338501,2.7673318386077881,1.0377320051193237,0,0.50163930654525757,2,58.5645751953125,0.31944048404693604,0.0080423895269632339,0.0028879879973828793,47,505,27.334600000000002,0
thin0.40000000596046448_browse0_clear0,0,91,sitka-spruce,921.15142822265625,8.1431074142456055,3.6573195457458496,4.4857869148254395,0.71162986755371094,0,0.60254907608032227,3,60.907718658447266,0.326375275850296,0.0089512262493371964,0.0026812844444066286,42,513,28.2818,0
thin0.40000000596046448_browse0_clear0,0,92,sitka-spruce,899.01177978515625,8.1509552001953125,2.8043129444122314,5.346642017364502,0.689073920249939,0,0.74619543552398682,3,62.276760101318359,0.33273887634277344,0.00930698961019516,0.0022864388301968575,41,517,26.469,0
thin0.40000000596046448_browse0_clear0,0,93,sitka-spruce,352.39599609375,4.5678906440734863,1.3947354555130005,3.1731545925140381,0.78899794816970825,0,3.2161383628845215,6,59.666362762451172,0.33806291222572327,0.0091371107846498489,0.0017849544528871775,43,521,30.3183,0
thin0.40000000596046448_browse0_clear0,0,94,sitka-spruce,352.39599609375,4.4197654724121094,1.8392224311828613,2.58054256439209,0.83836615085601807,0,2.5690898895263672,4,58.098129272460938,0.33974477648735046,0.0086319055408239365,0.0013104187091812491,42,526,27.6157,0
thin0.40000000596046448_browse0_clear0,0,95,sitka-spruce,342.72384643554688,4.5025782585144043,2.40665340423584,2.09592342376709,0.91408973932266235,0,1.2942739725112915,5,58.296417236328125,0.34684732556343079,0.0078557897359132767,0.00093668332556262612,41,532,29.2906,0
thin0.40000000596046448_browse0_clear0,0,96,sitka-spruce,1296.6002197265625,8.9483222961425781,3.9635293483734131,4.9847922325134277,0.79065495729446411,0,2.2521111965179443,6,59.217182159423828,0.34911158680915833,0.0066530415788292885,0.0006259906804189086,45,534,31.2115,0
thin0.40000000596046448_browse0_clear0,0,97,sitka-spruce,332.43841552734375,4.4355297088623047,2.2755320072174072,2.1599979400634766,0.4914078414440155,0,0.50771045684814453,3,60.493595123291016,0.35595041513442993,0.0058941175229847431,0.0003608627594076097,38,544,29.191200000000002,0
thin0.40000000596046448_browse0_clear0,0,98,sitka-spruce,324.58349609375,4.3801894187927246,2.1689004898071289,2.2112894058227539,0.40228360891342163,0,2.6418437957763672,9,59.618366241455078,0.363194078207016,0.0053777890279889107,0.00019847451767418534,43,548,34.423500000000004,0
thin0.40000000596046448_browse0_clear0,0,99,sitka-spruce,1234.1341552734375,8.727534294128418,4.5331315994262695,4.1944026947021484,0.56248360872268677,0,2.6977884769439697,6,60.891227722167969,0.36065664887428284,0.0044188364408910275,0.00010916098835878074,47,550,33.458200000000005,0
thin0.40000000596046448_browse0_clear0,0,100,sitka-spruce,819.87628173828125,7.0344967842102051,3.1289715766906738,3.9055259227752686,0.38623917102813721,0,0.6507103443145752,3,62.983249664306641,0.3553987443447113,0.0035169832408428192,6.0038542869733647E-05,46,554,29.4293,0
thin0.40000000596046448_browse0_clear0,1,1,sitka-spruce,260.42938232421875,1.9072985649108887,1.9072985649108887,0,0,0,0,0,1.9072984457015991,0.083157375454902649,0.065906189382076263,0.042402662336826324,202,0,109.9358,0
thin0.40000000596046448_browse0_clear0,1,2,sitka-spruce,194.89288330078125,1.5313607454299927,1.5313607454299927,0,0.027437150478363037,0,0,0,3.411221981048584,0.083201758563518524,0.0678061693906784,0.044127289205789566,202,0,92.586700000000008,0
thin0.40000000596046448_browse0_clear0,1,3,sitka-spruce,689.147216796875,3.9998676776885986,3.9998676776885986,0,0.034455768764019012,0,0,0,7.3766336441040039,0.084197625517845154,0.069923140108585358,0.046392977237701416,202,0,99.9889,0
thin0.40000000596046448_browse0_clear0,1,4,sitka-spruce,349.26296997070313,2.5752522945404053,2.5752522945404053,0,0.091585323214530945,0,0,0,9.86030101776123,0.085692055523395538,0.072016999125480652,0.04885486513376236,202,0,83.51100000000001,0
thin0.40000000596046448_browse0_clear0,1,5,sitka-spruce,417.92758178710938,2.9762272834777832,2.9762272834777832,0,0.10363911837339401,0,0,0,12.732889175415039,0.08730662614107132,0.0742221251130104,0.051381200551986694,202,0,83.198900000000009,0
thin0.40000000596046448_browse0_clear0,1,6,sitka-spruce,1208.531494140625,5.4190292358398438,5.4190292358398438,0,0.11835190653800964,0,0,0,18.033565521240234,0.089370608329772949,0.076144315302371979,0.053912002593278885,202,0,82.6191,0
thin0.40000000596046448_browse0_clear0,1,7,sitka-spruce,1367.7579345703125,5.7477526664733887,5.356290340423584,0.39146298170089722,0.19378890097141266,0,0,0,23.196067810058594,0.092112191021442413,0.077894158661365509,0.056331660598516464,202,0,80.29140000000001,0
thin0.40000000596046448_browse0_clear0,1,8,sitka-spruce,2287.81201171875,6.5072298049926758,3.2605693340301514,3.2466599941253662,0.2165076732635498,0,0,0,26.240129470825195,0.095251694321632385,0.079330876469612122,0.0585533082485199,202,0,84.1949,0
thin0.40000000596046448_browse0_clear0,1,9,sitka-spruce,673.19354248046875,4.42152738571167,1.7074027061462402,2.7141246795654297,0.25234496593475342,0,0,0,27.695188522338867,0.0982399582862854,0.080342240631580353,0.060580283403396606,202,0,82.2295,0
thin0.40000000596046448_browse0_clear0,1,10,sitka-spruce,737.080078125,4.7569136619567871,1.4557068347930908,3.3012068271636963,0.2674051821231842,0,0,0,28.883489608764648,0.10105643421411514,0.080991894006729126,0.0623333565890789,202,0,80.595,0
thin0.40000000596046448_browse0_clear0,1,11,sitka-spruce,729.30303955078125,4.8217549324035645,1.4343748092651367,3.3873810768127441,0.28746581077575684,0,0,0,30.030397415161133,0.10371708124876022,0.081300400197505951,0.063728794455528259,202,0,73.23360000000001,0
thin0.40000000596046448_browse0_clear0,1,12,sitka-spruce,1810.4583740234375,6.7993412017822266,1.5076113939285278,5.2917299270629883,0.30532607436180115,0,0,0,31.232683181762695,0.10619529336690903,0.081333555281162262,0.064837314188480377,202,0,70.30980000000001,0
thin0.40000000596046448_browse0_clear0,1,13,sitka-spruce,1803.28662109375,6.8891830444335938,1.268684983253479,5.6204977035522461,0.35168763995170593,0,1.6818163394927979,7,30.467863082885742,0.10843437910079956,0.081140533089637756,0.0656585618853569,209,0,77.533200000000008,0
thin0.40000000596046448_browse0_clear0,1,14,sitka-spruce,719.9912109375,4.8619136810302734,2.5203864574432373,2.3415279388427734,0.39139428734779358,0,0.903179407119751,4,31.693675994873047,0.11740328371524811,0.069845616817474365,0.055051647126674652,213,0,72.360300000000009,0
thin0.40000000596046448_browse0_clear0,1,15,sitka-spruce,2700.5302734375,7.1357035636901855,2.2986223697662354,4.8370804786682129,0.39188116788864136,0,3.273456335067749,8,30.326961517333984,0.12658718228340149,0.058610651642084122,0.04147479310631752,221,0,78.9218,0
thin0.40000000596046448_browse0_clear0,1,16,sitka-spruce,721.3062744140625,4.6194000244140625,2.6303625106811523,1.9890375137329102,0.55820530652999878,0,1.6376166343688965,4,30.761501312255859,0.13832765817642212,0.04683975875377655,0.031570542603731155,225,0,72.3387,0
thin0.40000000596046448_browse0_clear0,1,17,sitka-spruce,717.27178955078125,4.71741247177124,3.5014927387237549,1.2159198522567749,0.50472825765609741,0,0,0,33.758266448974609,0.15232850611209869,0.035752724856138229,0.021478913724422455,223,2,81.861100000000008,0
thin0.40000000596046448_browse0_clear0,1,18,sitka-spruce,1801.9571533203125,6.62883186340332,2.4475617408752441,4.1812701225280762,0.48596826195716858,0,4.9370546340942383,7,30.782804489135742,0.15965504944324493,0.03315289318561554,0.01933559775352478,227,5,97.315400000000011,0
thin0.40000000596046448_browse0_clear0,1,19,sitka-spruce,711.99786376953125,4.4136271476745605,2.6841063499450684,1.72952139377594,0.50480103492736816,0,2.954681396484375,4,30.007427215576172,0.17171327769756317,0.021569715812802315,0.010657600127160549,227,9,83.9186,0
thin0.40000000596046448_browse0_clear0,1,20,sitka-spruce,704.60784912109375,4.1399469375610352,2.96086049079895,1.1790862083435059,0.48885676264762878,0,1.7700830698013306,6,30.709348678588867,0.17528742551803589,0.015055484138429165,0.0058616804890334606,228,14,83.0608,0
thin0.40000000596046448_browse0_clear0,1,21,sitka-spruce,1750.4814453125,5.352637767791748,3.9678897857666016,1.3847488164901733,0.47859108448028564,0,0.9445921778678894,2,33.254055023193359,0.17387311160564423,0.010960285551846027,0.0032239241991192102,226,18,75.6523,0
thin0.40000000596046448_browse0_clear0,1,22,sitka-spruce,2623.88037109375,5.9870147705078125,2.9202752113342285,3.0667402744293213,0.50193232297897339,0,1.2799303531646729,3,34.3924674987793,0.17442110180854797,0.0087208589538931847,0.0023710669483989477,222,25,74.77170000000001,0
thin0.40000000596046448_browse0_clear0,1,23,sitka-spruce,1766.6175537109375,5.3748025894165039,2.3112192153930664,3.0635836124420166,0.53665465116500854,0,0,0,36.167030334472656,0.17542192339897156,0.0068038827739655972,0.0013040868798270822,221,26,68.7539,0
thin0.40000000596046448_browse0_clear0,1,24,sitka-spruce,1770.4464111328125,5.5329446792602539,1.9127788543701172,3.620166540145874,0.93665260076522827,0,0.49989575147628784,1,36.643260955810547,0.17416375875473022,0.0078084659762680531,0.0024793187621980906,216,32,69.4748,0
thin0.40000000596046448_browse0_clear0,1,25,sitka-spruce,2656.30078125,5.926760196685791,1.9434113502502441,3.9833488464355469,0.85505563020706177,0,0.39816150069236755,1,37.333454132080078,0.17583945393562317,0.009443214163184166,0.005166318267583847,208,41,67.79910000000001,0
thin0.40000000596046448_browse0_clear0,1,26,sitka-spruce,1755.5457763671875,6.3009700775146484,2.0087893009185791,4.2921819686889648,0.95914542675018311,0,1.0704715251922607,1,37.312625885009766,0.18125127255916595,0.011469659395515919,0.0080700423568487167,198,52,64.2835,0
thin0.40000000596046448_browse0_clear0,1,27,sitka-spruce,679.0592041015625,4.7569422721862793,1.7205917835235596,3.0363509654998779,0.75872433185577393,0,1.2575559616088867,5,37.016941070556641,0.18727551400661469,0.01493388507515192,0.011686142534017563,192,63,67.0562,0
thin0.40000000596046448_browse0_clear0,1,28,sitka-spruce,1688.6177978515625,6.3251791000366211,3.1620278358459473,3.1631522178649902,0.95137971639633179,0,0.4402620792388916,2,38.787326812744141,0.19305288791656494,0.014372603036463261,0.012021276168525219,188,69,61.019000000000005,0
thin0.40000000596046448_browse0_clear0,1,29,sitka-spruce,1674.936279296875,6.6637411117553711,2.7681803703308105,3.8955605030059814,0.68071317672729492,0,0.26908484101295471,1,40.605705261230469,0.18775862455368042,0.019661681726574898,0.016403691843152046,176,82,63.312900000000006,0
thin0.40000000596046448_browse0_clear0,1,30,sitka-spruce,2490.43408203125,7.3996500968933105,2.258770227432251,5.1408782005310059,0.683690071105957,0,2.2503750324249268,6,39.930412292480469,0.18759191036224365,0.022700771689414978,0.01771329902112484,173,91,72.0937,0
thin0.40000000596046448_browse0_clear0,1,31,sitka-spruce,2516.08935546875,7.4092516899108887,2.9488332271575928,4.460418701171875,0.88896667957305908,0,2.5181031227111816,4,39.472175598144531,0.18345826864242554,0.025362495332956314,0.019672311842441559,170,98,59.4716,0
thin0.40000000596046448_browse0_clear0,1,32,sitka-spruce,1712.1572265625,7.0343971252441406,3.0511093139648438,3.9832887649536133,0.86039739847183228,0,0.91803920269012451,2,40.744846343994141,0.18145741522312164,0.027649911120533943,0.020159626379609108,166,104,57.2453,0
thin0.40000000596046448_browse0_clear0,1,33,sitka-spruce,668.0357666015625,5.2794132232666016,2.2547142505645752,3.0246977806091309,0.822666585445404,0,1.2685921192169189,3,40.908302307128906,0.18321585655212402,0.028701195493340492,0.018921149894595146,160,113,54.1843,0
thin0.40000000596046448_browse0_clear0,1,34,sitka-spruce,664.5706787109375,5.5327234268188477,2.5379905700683594,2.994732141494751,0.84564489126205444,0,2.2230114936828613,5,40.377635955810547,0.19238579273223877,0.029532970860600471,0.020220668986439705,156,122,56.0191,0
thin0.40000000596046448_browse0_clear0,1,35,sitka-spruce,660.277099609375,5.4992284774780273,2.7874057292938232,2.7118232250213623,1.0142545700073242,0,1.4625614881515503,6,40.688228607177734,0.19864583015441895,0.0290373507887125,0.019725734367966652,153,131,58.066700000000004,0
thin0.40000000596046448_browse0_clear0,1,36,sitka-spruce,658.09619140625,5.6493935585021973,2.7866864204406738,2.8627076148986816,0.71384114027023315,0,3.0073957443237305,7,39.753677368164063,0.20230728387832642,0.031639434397220612,0.022336052730679512,149,142,59.7364,0
thin0.40000000596046448_browse0_clear0,1,37,sitka-spruce,669.76141357421875,5.7323870658874512,3.1509811878204346,2.5814056396484375,0.64058518409729,0,1.9623740911483765,6,40.301700592041016,0.20316107571125031,0.034242328256368637,0.025796148926019669,146,151,57.777800000000006,0
thin0.40000000596046448_browse0_clear0,1,38,sitka-spruce,668.94415283203125,5.6285390853881836,2.749755859375,2.8787837028503418,1.0032625198364258,0,0.55959510803222656,2,41.488597869873047,0.20212461054325104,0.036231938749551773,0.028299910947680473,140,159,48.4628,0
thin0.40000000596046448_browse0_clear0,1,39,sitka-spruce,1642.925048828125,8.5125293731689453,3.4049739837646484,5.10755729675293,0.52542626857757568,0,1.8897488117218018,4,42.478397369384766,0.20031972229480743,0.0380902960896492,0.029465058818459511,134,169,59.230900000000005,0
thin0.40000000596046448_browse0_clear0,1,40,sitka-spruce,667.14007568359375,5.889676570892334,2.2878315448760986,3.60184645652771,0.65524226427078247,0,3.0239534378051758,5,41.087032318115234,0.19913798570632935,0.041531354188919067,0.032603774219751358,134,174,56.8545,0
thin0.40000000596046448_browse0_clear0,1,41,sitka-spruce,1671.2421875,8.2024831771850586,3.8348207473754883,4.3676619529724121,0.617483913898468,0,1.2829806804656982,5,43.021389007568359,0.19540481269359589,0.043345320969820023,0.033404923975467682,132,181,50.4836,0
thin0.40000000596046448_browse0_clear0,1,42,sitka-spruce,1661.257568359375,8.12135124206543,3.40678071975708,4.7145709991455078,0.57938569784164429,0,1.2978094816207886,4,44.550975799560547,0.19079343974590302,0.044506058096885681,0.033204130828380585,128,189,47.406200000000005,0
thin0.40000000596046448_browse0_clear0,1,43,sitka-spruce,1642.2982177734375,8.4248104095458984,2.1968514919281006,6.2279577255249023,0.67712128162384033,0,0.707645058631897,5,45.363059997558594,0.18841922283172607,0.047766584903001785,0.035729102790355682,123,199,48.089400000000005,0
thin0.40000000596046448_browse0_clear0,1,44,sitka-spruce,1633.7628173828125,8.3886318206787109,2.5707182884216309,5.8179140090942383,0.54868102073669434,0,2.5874216556549072,6,44.797676086425781,0.18949659168720245,0.049354266375303268,0.038597263395786285,120,208,48.941700000000004,0
thin0.40000000596046448_browse0_clear0,1,45,sitka-spruce,1639.7369384765625,8.3142528533935547,3.6640956401824951,4.6501574516296387,1.2407956123352051,0,3.5853843688964844,9,43.635589599609375,0.19393488764762878,0.04572044312953949,0.033778421580791473,123,214,54.500800000000005,0
thin0.40000000596046448_browse0_clear0,1,46,sitka-spruce,656.91082763671875,5.8174910545349121,2.9693779945373535,2.8481142520904541,1.6949715614318848,0,2.4649293422698975,6,42.445068359375,0.192006453871727,0.049970425665378571,0.039484724402427673,112,231,51.058,0
thin0.40000000596046448_browse0_clear0,1,47,sitka-spruce,1610.017578125,8.2087182998657227,4.1570329666137695,4.0516853332519531,1.3767522573471069,0,2.5261456966400146,6,42.699203491210938,0.18606288731098175,0.055045641958713531,0.044836089015007019,109,240,47.635400000000004,0
thin0.40000000596046448_browse0_clear0,1,48,sitka-spruce,638.84552001953125,5.7265887260437012,2.864621639251709,2.861968994140625,1.4800751209259033,0,2.9192163944244385,6,41.164531707763672,0.18377617001533508,0.057850226759910583,0.047580026090145111,106,249,45.3022,0
thin0.40000000596046448_browse0_clear0,1,49,sitka-spruce,652.07611083984375,5.711578369140625,3.1200292110443115,2.5915489196777344,1.9474540948867798,0,2.4106349945068359,5,39.926471710205078,0.18267002701759338,0.058706391602754593,0.047234680503606796,106,254,47.1772,0
thin0.40000000596046448_browse0_clear0,1,50,sitka-spruce,2410.541259765625,9.0070095062255859,5.8163261413574219,3.1906828880310059,1.5184818506240845,0,1.4699546098709106,4,42.754360198974609,0.18838861584663391,0.059004779905080795,0.047165624797344208,98,266,57.2963,0
thin0.40000000596046448_browse0_clear0,1,51,sitka-spruce,620.55767822265625,5.8908791542053223,2.9210312366485596,2.9698481559753418,1.3637183904647827,0,1.3263864517211914,3,42.985286712646484,0.19858480989933014,0.057164311408996582,0.044902388006448746,93,274,38.203700000000005,0
thin0.40000000596046448_browse0_clear0,1,52,sitka-spruce,2371.4150390625,8.9361085891723633,4.1496081352233887,4.7864999771118164,1.3826332092285156,0,1.9893510341644287,5,43.762908935546875,0.20461702346801758,0.053335677832365036,0.040711589157581329,96,276,40.1558,0
thin0.40000000596046448_browse0_clear0,1,53,sitka-spruce,1593.2149658203125,8.5127010345458984,3.7055733203887939,4.80712890625,1.2642138004302979,0,2.8557884693145752,5,43.348480224609375,0.20932705700397491,0.052543967962265015,0.0397118404507637,92,285,42.7389,0
thin0.40000000596046448_browse0_clear0,1,54,sitka-spruce,623.9140625,6.0047688484191895,3.16339111328125,2.8413784503936768,1.0801147222518921,0,1.1774016618728638,4,44.254356384277344,0.21642366051673889,0.052590806037187576,0.040473714470863342,88,293,38.336400000000005,0
thin0.40000000596046448_browse0_clear0,1,55,sitka-spruce,1542.497802734375,8.5596170425415039,3.9879889488220215,4.571627140045166,0.85189485549926758,0,1.175862193107605,2,46.2145881652832,0.21967250108718872,0.0499374121427536,0.037026900798082352,87,296,33.358000000000004,0
thin0.40000000596046448_browse0_clear0,1,56,sitka-spruce,617.9888916015625,5.8722934722900391,2.2905721664428711,3.581721305847168,0.95025491714477539,0,0.4471881091594696,1,47.107719421386719,0.22220765054225922,0.0488356277346611,0.036310866475105286,81,303,32.2737,0
thin0.40000000596046448_browse0_clear0,1,57,sitka-spruce,1520.1058349609375,8.6108779907226563,3.2247278690338135,5.3861498832702637,0.995813250541687,0,3.9785256385803223,7,45.358108520507813,0.2240002453327179,0.047298837453126907,0.034688800573349,84,307,39.403,0
thin0.40000000596046448_browse0_clear0,1,58,sitka-spruce,2286.04638671875,9.0701074600219727,4.4874405860900879,4.582667350769043,0.97552001476287842,0,1.6671688556671143,4,47.202857971191406,0.22551038861274719,0.0451316200196743,0.033256202936172485,80,315,36.7914,0
thin0.40000000596046448_browse0_clear0,1,59,sitka-spruce,1515.80224609375,8.4780073165893555,3.7987048625946045,4.6793007850646973,1.2342770099639893,0,1.6386905908584595,4,48.128597259521484,0.22912459075450897,0.042659666389226913,0.031489625573158264,78,321,36.0407,0
thin0.40000000596046448_browse0_clear0,1,60,sitka-spruce,1502.1436767578125,8.7071323394775391,3.2790195941925049,5.42811393737793,1.0914307832717896,0,1.0690674781799316,3,49.247116088867188,0.23203258216381073,0.041902370750904083,0.030576197430491447,75,327,33.435500000000005,0
thin0.40000000596046448_browse0_clear0,1,61,sitka-spruce,2226.67333984375,9.4360580444335938,3.121110200881958,6.3149499893188477,0.80956679582595825,0,3.5434975624084473,6,48.015163421630859,0.23547494411468506,0.041124790906906128,0.028953231871128082,76,332,38.4452,0
thin0.40000000596046448_browse0_clear0,1,62,sitka-spruce,1485.7042236328125,8.6665048599243164,4.0201048851013184,4.6464004516601563,1.2395085096359253,0,2.4167943000793457,4,48.378963470458984,0.23717010021209717,0.039737433195114136,0.026922358199954033,73,339,35.3328,0
thin0.40000000596046448_browse0_clear0,1,63,sitka-spruce,1474.9306640625,8.5070171356201172,4.5612306594848633,3.945784330368042,1.5730437040328979,0,1.0697231292724609,3,50.297428131103516,0.23898211121559143,0.0378904715180397,0.02460954338312149,70,345,40.921600000000005,0
thin0.40000000596046448_browse0_clear0,1,64,sitka-spruce,580.24542236328125,5.8748588562011719,2.4254636764526367,3.4493963718414307,1.3329100608825684,0,2.1894354820251465,4,49.200546264648438,0.24595189094543457,0.035837110131978989,0.0222204327583313,69,350,34.7489,0
thin0.40000000596046448_browse0_clear0,1,65,sitka-spruce,577.81231689453125,5.8136200904846191,2.5811283588409424,3.2324914932250977,1.187809944152832,0,0.64700239896774292,5,49.946861267089844,0.25050169229507446,0.034124482423067093,0.020332064479589462,69,355,34.8624,0
thin0.40000000596046448_browse0_clear0,1,66,sitka-spruce,567.06170654296875,5.7526388168334961,2.3406567573547363,3.4119813442230225,0.91201704740524292,0,0.15723413228988647,3,51.218269348144531,0.25690078735351563,0.031954403966665268,0.018250500783324242,65,362,32.3677,0
thin0.40000000596046448_browse0_clear0,1,67,sitka-spruce,1404.2974853515625,8.5849819183349609,2.6778099536895752,5.9071717262268066,0.80807119607925415,0,1.461592435836792,7,51.626415252685547,0.26272323727607727,0.029546668753027916,0.016193648800253868,68,366,36.5869,0
thin0.40000000596046448_browse0_clear0,1,68,sitka-spruce,1364.346923828125,8.7119541168212891,3.3322446346282959,5.3797082901000977,0.975060760974884,0,1.0972902774810791,4,52.886306762695313,0.26971423625946045,0.027401600033044815,0.014377301558852196,63,375,34.9311,0
thin0.40000000596046448_browse0_clear0,1,69,sitka-spruce,542.2816162109375,5.7125768661499023,1.6347389221191406,4.0778379440307617,0.91486102342605591,0,0.71756476163864136,4,52.888622283935547,0.27365189790725708,0.026133274659514427,0.013036224059760571,62,380,32.503,0
thin0.40000000596046448_browse0_clear0,1,70,sitka-spruce,535.42535400390625,5.75297212600708,1.8827143907546997,3.8702590465545654,1.2757322788238525,0,2.463167667388916,8,51.032436370849609,0.28007501363754272,0.02401421032845974,0.011367429047822952,65,385,37.8341,0
thin0.40000000596046448_browse0_clear0,1,71,sitka-spruce,528.0509033203125,5.6853542327880859,2.7463071346282959,2.9390473365783691,1.0659945011138916,0,3.6119785308837891,6,49.10076904296875,0.28575849533081055,0.022120632231235504,0.0098597481846809387,62,394,38.476600000000005,0
thin0.40000000596046448_browse0_clear0,1,72,sitka-spruce,1281.822265625,8.7651567459106445,4.0559382438659668,4.7092199325561523,0.87499004602432251,0,1.3706964254379272,3,50.9110221862793,0.28788039088249207,0.021516457200050354,0.00884993001818657,57,402,30.9204,0
thin0.40000000596046448_browse0_clear0,1,73,sitka-spruce,1263.9710693359375,8.4596538543701172,3.59041690826416,4.8692350387573242,1.0963205099105835,0,2.2757914066314697,7,51.129325866699219,0.28932058811187744,0.020175864920020103,0.0072716139256954193,60,406,36.7768,0
thin0.40000000596046448_browse0_clear0,1,74,sitka-spruce,1854.9508056640625,9.30391788482666,4.1755509376525879,5.1283679008483887,1.2531251907348633,0,4.0303387641906738,9,50.021411895751953,0.28740820288658142,0.02071431465446949,0.0075456583872437477,61,414,41.2132,0
thin0.40000000596046448_browse0_clear0,1,75,sitka-spruce,1213.18603515625,8.3079681396484375,5.1128535270690918,3.1951141357421875,1.4064033031463623,0,1.1645258665084839,5,52.563339233398438,0.28452888131141663,0.022926550358533859,0.010403754189610481,56,424,35.1034,0
thin0.40000000596046448_browse0_clear0,1,76,sitka-spruce,1184.9149169921875,8.3704261779785156,4.0944333076477051,4.275993824005127,1.4427361488342285,0,1.4477493762969971,4,53.767284393310547,0.28556501865386963,0.024771753698587418,0.012883077375590801,54,430,31.7281,0
thin0.40000000596046448_browse0_clear0,1,77,sitka-spruce,1164.3153076171875,8.3173379898071289,3.4272332191467285,4.8901047706604,1.50780189037323,0,4.5789089202880859,5,51.107807159423828,0.28832519054412842,0.025175450369715691,0.01365495752543211,54,435,31.6141,0
thin0.40000000596046448_browse0_clear0,1,78,sitka-spruce,453.50473022460938,5.3180694580078125,2.5516963005065918,2.7663726806640625,1.4303613901138306,0,3.4587357044219971,6,48.770404815673828,0.29115751385688782,0.025817457586526871,0.014014178887009621,54,441,33.833800000000004,0
thin0.40000000596046448_browse0_clear0,1,79,sitka-spruce,443.315673828125,5.2496452331542969,2.7981679439544678,2.4514777660369873,1.2498459815979004,0,3.2136185169219971,6,47.105110168457031,0.28885698318481445,0.026726046577095985,0.013611378148198128,53,448,35.0306,0
thin0.40000000596046448_browse0_clear0,1,80,sitka-spruce,1090.8072509765625,8.3796825408935547,5.3020296096801758,3.0776526927948,1.0909818410873413,0,2.8666341304779053,7,48.44952392578125,0.28945660591125488,0.025968978181481361,0.012373659759759903,53,455,38.898700000000005,0
thin0.40000000596046448_browse0_clear0,1,81,sitka-spruce,439.42779541015625,4.8943791389465332,3.1504933834075928,1.7438851594924927,1.0358059406280518,0,2.0960595607757568,4,48.4681510925293,0.29195180535316467,0.02046886645257473,0.0077315084636211395,53,459,31.5176,0
thin0.40000000596046448_browse0_clear0,1,82,sitka-spruce,1604.7847900390625,9.1986570358276367,6.1152811050415039,3.0833768844604492,1.0924443006515503,0,1.7989658117294312,5,51.692020416259766,0.29480406641960144,0.019359111785888672,0.0069126971065998077,50,467,34.1392,0
thin0.40000000596046448_browse0_clear0,1,83,sitka-spruce,1046.1676025390625,8.20541763305664,4.80417537689209,3.4012410640716553,1.1973637342453003,0,1.2715647220611572,4,54.027267456054688,0.30062040686607361,0.017745964229106903,0.0060281571932137012,48,473,30.460800000000003,0
thin0.40000000596046448_browse0_clear0,1,84,sitka-spruce,409.49078369140625,4.8119869232177734,3.00649356842041,1.8054931163787842,1.3815405368804932,0,0.35993063449859619,1,55.292289733886719,0.30606907606124878,0.016065508127212524,0.005307905375957489,44,478,24.2665,0
thin0.40000000596046448_browse0_clear0,1,85,sitka-spruce,1023.7269287109375,7.7279720306396484,3.787172794342041,3.9408001899719238,1.1977876424789429,0,1.4828916788101196,3,56.398784637451172,0.30952027440071106,0.011744806542992592,0.002919347956776619,47,478,19.9861,0
thin0.40000000596046448_browse0_clear0,1,86,sitka-spruce,1004.82666015625,7.7297849655151367,3.129744291305542,4.6000409126281738,1.5291881561279297,0,0.80871677398681641,2,57.190624237060547,0.31094273924827576,0.010861369781196117,0.0029799726326018572,44,483,26.6814,0
thin0.40000000596046448_browse0_clear0,1,87,sitka-spruce,978.8438720703125,7.9763484001159668,2.8735504150390625,5.1027998924255371,1.1557728052139282,0,3.6207914352416992,7,55.2876091003418,0.31803056597709656,0.0097567439079284668,0.0028840068262070417,48,486,34.3281,0
thin0.40000000596046448_browse0_clear0,1,88,sitka-spruce,396.15902709960938,4.477231502532959,1.9243543148040771,2.5528769493103027,1.1047377586364746,0,3.2769672870635986,8,52.830257415771484,0.319311261177063,0.0082285264506936073,0.0025992146693170071,53,489,38.226,0
thin0.40000000596046448_browse0_clear0,1,89,sitka-spruce,950.44378662109375,7.9877681732177734,5.1956191062927246,2.7921485900878906,0.95865470170974731,0,1.7498308420181274,8,55.3173942565918,0.32127216458320618,0.00896153412759304,0.0029173155780881643,48,502,39.3842,0
thin0.40000000596046448_browse0_clear0,1,90,sitka-spruce,967.41156005859375,7.5538873672485352,4.78655481338501,2.7673318386077881,1.0377320051193237,0,0.50163930654525757,2,58.5645751953125,0.31944048404693604,0.0080423895269632339,0.0028879879973828793,47,505,26.4586,0
thin0.40000000596046448_browse0_clear0,1,91,sitka-spruce,921.15142822265625,8.1431074142456055,3.6573195457458496,4.4857869148254395,0.71162986755371094,0,0.60254907608032227,3,60.907718658447266,0.326375275850296,0.0089512262493371964,0.0026812844444066286,42,513,30.228900000000003,0
thin0.40000000596046448_browse0_clear0,1,92,sitka-spruce,899.01177978515625,8.1509552001953125,2.8043129444122314,5.346642017364502,0.689073920249939,0,0.74619543552398682,3,62.276760101318359,0.33273887634277344,0.00930698961019516,0.0022864388301968575,41,517,25.4842,0
thin0.40000000596046448_browse0_clear0,1,93,sitka-spruce,352.39599609375,4.5678906440734863,1.3947354555130005,3.1731545925140381,0.78899794816970825,0,3.2161383628845215,6,59.666362762451172,0.33806291222572327,0.0091371107846498489,0.0017849544528871775,43,521,31.6702,0
thin0.40000000596046448_browse0_clear0,1,94,sitka-spruce,352.39599609375,4.4197654724121094,1.8392224311828613,2.58054256439209,0.83836615085601807,0,2.5690898895263672,4,58.098129272460938,0.33974477648735046,0.0086319055408239365,0.0013104187091812491,42,526,29.102400000000003,0
thin0.40000000596046448_browse0_clear0,1,95,sitka-spruce,342.72384643554688,4.5025782585144043,2.40665340423584,2.09592342376709,0.91408973932266235,0,1.2942739725112915,5,58.296417236328125,0.34684732556343079,0.0078557897359132767,0.00093668332556262612,41,532,30.189400000000003,0
thin0.40000000596046448_browse0_clear0,1,96,sitka-spruce,1296.6002197265625,8.9483222961425781,3.9635293483734131,4.9847922325134277,0.79065495729446411,0,2.2521111965179443,6,59.217182159423828,0.34911158680915833,0.0066530415788292885,0.0006259906804189086,45,534,30.8382,0
thin0.40000000596046448_browse0_clear0,1,97,sitka-spruce,332.43841552734375,4.4355297088623047,2.2755320072174072,2.1599979400634766,0.4914078414440155,0,0.50771045684814453,3,60.493595123291016,0.35595041513442993,0.0058941175229847431,0.0003608627594076097,38,544,28.764300000000002,0
thin0.40000000596046448_browse0_clear0,1,98,sitka-spruce,324.58349609375,4.3801894187927246,2.1689004898071289,2.2112894058227539,0.40228360891342163,0,2.6418437957763672,9,59.618366241455078,0.363194078207016,0.0053777890279889107,0.00019847451767418534,43,548,35.659,0
thin0.40000000596046448_browse0_clear0,1,99,sitka-spruce,1234.1341552734375,8.727534294128418,4.5331315994262695,4.1944026947021484,0.56248360872268677,0,2.6977884769439697,6,60.891227722167969,0.36065664887428284,0.0044188364408910275,0.00010916098835878074,47,550,32.677800000000005,0
thin0.40000000596046448_browse0_clear0,1,100,sitka-spruce,819.87628173828125,7.0344967842102051,3.1289715766906738,3.9055259227752686,0.38623917102813721,0,0.6507103443145752,3,62.983249664306641,0.3553987443447113,0.0035169832408428192,6.0038542869733647E-05,46,554,29.3092,0
thin0.40000000596046448_browse0_clear1,0,1,sitka-spruce,260.42938232421875,1.9072985649108887,1.9072985649108887,0,0,0,0,0,1.9072984457015991,0.054002363234758377,0.00040856498526409268,0,202,0,108.18260000000001,9
thin0.40000000596046448_browse0_clear1,0,2,sitka-spruce,194.89288330078125,1.5313607454299927,1.5313607454299927,0,0.027437150478363037,0,0,0,3.411221981048584,0.064012236893177032,0.022244762629270554,0.01444542407989502,202,0,94.1455,0
thin0.40000000596046448_browse0_clear1,0,3,sitka-spruce,689.147216796875,3.9998676776885986,3.9998676776885986,0,0.034455768764019012,0,0,0,7.3766336441040039,0.07188783586025238,0.038348890841007233,0.025615673512220383,202,0,98.02000000000001,0
thin0.40000000596046448_browse0_clear1,0,4,sitka-spruce,349.26296997070313,2.5752522945404053,2.5752522945404053,0,0.091585323214530945,0,0,0,9.86030101776123,0.078006714582443237,0.050223283469676971,0.034312121570110321,202,0,79.738700000000009,0
thin0.40000000596046448_browse0_clear1,0,5,sitka-spruce,417.92758178710938,2.9762272834777832,2.9762272834777832,0,0.10363911837339401,0,0,0,12.732889175415039,0.082665286958217621,0.059246115386486053,0.041222047060728073,202,0,80.812400000000011,0
thin0.40000000596046448_browse0_clear1,0,6,sitka-spruce,1208.531494140625,5.4190292358398438,5.4190292358398438,0,0.11835190653800964,0,0,0,18.033565521240234,0.086679540574550629,0.065965563058853149,0.046811908483505249,202,0,79.8187,0
thin0.40000000596046448_browse0_clear1,0,7,sitka-spruce,1367.7579345703125,5.7477526664733887,5.356290340423584,0.39146298170089722,0.19378890097141266,0,0,0,23.196067810058594,0.090543113648891449,0.071090139448642731,0.051361590623855591,202,0,79.8113,0
thin0.40000000596046448_browse0_clear1,0,8,sitka-spruce,2287.81201171875,6.5072298049926758,3.2605693340301514,3.2466599941253662,0.2165076732635498,0,0,0,26.240129470825195,0.094305582344532013,0.0748780220746994,0.055074259638786316,202,0,79.1104,0
thin0.40000000596046448_browse0_clear1,0,9,sitka-spruce,673.19354248046875,4.42152738571167,1.7074027061462402,2.7141246795654297,0.25234496593475342,0,0,0,27.695188522338867,0.0976518839597702,0.077503368258476257,0.0581449493765831,202,0,79.6153,0
thin0.40000000596046448_browse0_clear1,0,10,sitka-spruce,737.080078125,4.7569136619567871,1.4557068347930908,3.3012068271636963,0.2674051821231842,0,0,0,28.883489608764648,0.10068123042583466,0.079220794141292572,0.060643527656793594,202,0,77.816200000000009,0
thin0.40000000596046448_browse0_clear1,0,11,sitka-spruce,729.30303955078125,4.8217549324035645,1.4343748092651367,3.3873810768127441,0.28746581077575684,0,0,0,30.030397415161133,0.10347448289394379,0.080199316143989563,0.062560714781284332,202,0,72.671500000000009,0
thin0.40000000596046448_browse0_clear1,0,12,sitka-spruce,1810.4583740234375,6.7993412017822266,1.5076113939285278,5.2917299270629883,0.30532607436180115,0,0,0,31.232683181762695,0.10603423416614532,0.0806390792131424,0.064027786254882813,202,0,72.2172,0
thin0.40000000596046448_browse0_clear1,0,13,sitka-spruce,1803.28662109375,6.8891830444335938,1.268684983253479,5.6204977035522461,0.35168763995170593,0,1.6818163394927979,7,30.467863082885742,0.10832197964191437,0.080696351826190948,0.065096370875835419,209,0,79.3886,0
thin0.40000000596046448_browse0_clear1,0,14,sitka-spruce,719.9912109375,4.8619136810302734,2.5203864574432373,2.3415279388427734,0.39139428734779358,0,0.903179407119751,4,31.693675994873047,0.11732460558414459,0.0695623904466629,0.05467972531914711,213,0,72.2497,0
thin0.40000000596046448_browse0_clear1,0,15,sitka-spruce,2700.5302734375,7.1357035636901855,2.2986223697662354,4.8370804786682129,0.39188116788864136,0,3.273456335067749,8,30.326961517333984,0.12653210759162903,0.058454874902963638,0.041270237416028976,221,0,77.6927,0
thin0.40000000596046448_browse0_clear1,0,16,sitka-spruce,721.3062744140625,4.6194000244140625,2.6303625106811523,1.9890375137329102,0.55820530652999878,0,1.6376166343688965,4,30.761501312255859,0.13828910887241364,0.046754084527492523,0.031458035111427307,225,0,72.4648,0
thin0.40000000596046448_browse0_clear1,0,17,sitka-spruce,717.27178955078125,4.71741247177124,3.5014927387237549,1.2159198522567749,0.50472825765609741,0,0,0,33.758266448974609,0.1523015946149826,0.0357045903801918,0.021415337920188904,223,2,81.3807,0
thin0.40000000596046448_browse0_clear1,0,18,sitka-spruce,1801.9571533203125,6.62883186340332,2.4475617408752441,4.1812701225280762,0.48596826195716858,0,4.9370546340942383,7,30.782804489135742,0.1596362441778183,0.033122669905424118,0.01929742842912674,227,5,99.4467,0
thin0.40000000596046448_browse0_clear1,0,19,sitka-spruce,711.99786376953125,4.4136271476745605,2.6841063499450684,1.72952139377594,0.50480103492736816,0,2.954681396484375,4,30.007427215576172,0.17170126736164093,0.021553093567490578,0.010636607185006142,227,9,84.4346,0
thin0.40000000596046448_browse0_clear1,0,20,sitka-spruce,704.60784912109375,4.1399469375610352,2.96086049079895,1.1790862083435059,0.48885676264762878,0,1.7700830698013306,6,30.709348678588867,0.17528042197227478,0.015046242624521255,0.0058501344174146652,228,14,84.3529,0
thin0.40000000596046448_browse0_clear1,0,21,sitka-spruce,1750.4814453125,5.352637767791748,3.9678897857666016,1.3847488164901733,0.47859108448028564,0,0.9445921778678894,2,33.254055023193359,0.17386907339096069,0.010955093428492546,0.0032175739761441946,226,18,76.815,0
thin0.40000000596046448_browse0_clear1,0,22,sitka-spruce,2623.88037109375,5.9870147705078125,2.9202752113342285,3.0667402744293213,0.50193232297897339,0,1.2799303531646729,3,34.3924674987793,0.17441874742507935,0.0087180035188794136,0.002367574255913496,222,25,75.7726,0
thin0.40000000596046448_browse0_clear1,0,23,sitka-spruce,1766.6175537109375,5.3748025894165039,2.3112192153930664,3.0635836124420166,0.53665465116500854,0,0,0,36.167030334472656,0.17542053759098053,0.0068023120984435081,0.0013021659106016159,221,26,70.5661,0
thin0.40000000596046448_browse0_clear1,0,24,sitka-spruce,1770.4464111328125,5.5329446792602539,1.9127788543701172,3.620166540145874,0.93665260076522827,0,0.49989575147628784,1,36.643260955810547,0.17416289448738098,0.0078075788915157318,0.0024781913962215185,216,32,68.554600000000008,0
thin0.40000000596046448_browse0_clear1,0,25,sitka-spruce,2656.30078125,5.926760196685791,1.9434113502502441,3.9833488464355469,0.85505563020706177,0,0.39816150069236755,1,37.333454132080078,0.17583896219730377,0.009442710317671299,0.0051656486466526985,208,41,70.22290000000001,0
thin0.40000000596046448_browse0_clear1,0,26,sitka-spruce,1755.5457763671875,6.3009700775146484,2.0087893009185791,4.2921819686889648,0.95914542675018311,0,1.0704715251922607,1,37.312625885009766,0.18125095963478088,0.011469370685517788,0.0080696390941739082,198,52,65.166800000000009,0
thin0.40000000596046448_browse0_clear1,0,27,sitka-spruce,679.0592041015625,4.7569422721862793,1.7205917835235596,3.0363509654998779,0.75872433185577393,0,1.2575559616088867,5,37.016941070556641,0.18727532029151917,0.014933718368411064,0.011685896664857864,192,63,67.0836,0
thin0.40000000596046448_browse0_clear1,0,28,sitka-spruce,1688.6177978515625,6.3251791000366211,3.1620278358459473,3.1631522178649902,0.95137971639633179,0,0.4402620792388916,2,38.787326812744141,0.19305276870727539,0.014372505247592926,0.012021123431622982,188,69,61.7868,0
thin0.40000000596046448_browse0_clear1,0,29,sitka-spruce,1674.936279296875,6.6637411117553711,2.7681803703308105,3.8955605030059814,0.68071317672729492,0,0.26908484101295471,1,40.605705261230469,0.18775856494903564,0.019661620259284973,0.016403593122959137,176,82,63.211800000000004,0
thin0.40000000596046448_browse0_clear1,0,30,sitka-spruce,2490.43408203125,7.3996500968933105,2.258770227432251,5.1408782005310059,0.683690071105957,0,2.2503750324249268,6,39.930412292480469,0.18759188055992126,0.022700732573866844,0.017713235691189766,173,91,73.1962,0
thin0.40000000596046448_browse0_clear1,0,31,sitka-spruce,2516.08935546875,7.4092516899108887,2.9488332271575928,4.460418701171875,0.88896667957305908,0,2.5181031227111816,4,39.472175598144531,0.18345823884010315,0.025362469255924225,0.019672270864248276,170,98,59.2338,0
thin0.40000000596046448_browse0_clear1,0,32,sitka-spruce,1712.1572265625,7.0343971252441406,3.0511093139648438,3.9832887649536133,0.86039739847183228,0,0.91803920269012451,2,40.744846343994141,0.18145738542079926,0.0276498943567276,0.020159600302577019,166,104,62.3812,0
thin0.40000000596046448_browse0_clear1,0,33,sitka-spruce,668.0357666015625,5.2794132232666016,2.2547142505645752,3.0246977806091309,0.822666585445404,0,1.2685921192169189,3,40.908302307128906,0.18321584165096283,0.028701188042759895,0.018921134993433952,160,113,55.7515,0
thin0.40000000596046448_browse0_clear1,0,34,sitka-spruce,664.5706787109375,5.5327234268188477,2.5379905700683594,2.994732141494751,0.84564489126205444,0,2.2230114936828613,5,40.377635955810547,0.19238577783107758,0.029532965272665024,0.02022065781056881,156,122,58.4112,0
thin0.40000000596046448_browse0_clear1,0,35,sitka-spruce,660.277099609375,5.4992284774780273,2.7874057292938232,2.7118232250213623,1.0142545700073242,0,1.4625614881515503,6,40.688228607177734,0.19864581525325775,0.029037347063422203,0.019725726917386055,153,131,57.7914,0
thin0.40000000596046448_browse0_clear1,0,36,sitka-spruce,658.09619140625,5.6493935585021973,2.7866864204406738,2.8627076148986816,0.71384114027023315,0,3.0073957443237305,7,39.753677368164063,0.20230728387832642,0.031639430671930313,0.022336049005389214,149,142,58.967200000000005,0
thin0.40000000596046448_browse0_clear1,0,37,sitka-spruce,669.76141357421875,5.7323870658874512,3.1509811878204346,2.5814056396484375,0.64058518409729,0,1.9623740911483765,6,40.301700592041016,0.20316107571125031,0.034242328256368637,0.02579614520072937,146,151,57.5283,0
thin0.40000000596046448_browse0_clear1,0,38,sitka-spruce,668.94415283203125,5.6285390853881836,2.749755859375,2.8787837028503418,1.0032625198364258,0,0.55959510803222656,2,41.488597869873047,0.20212461054325104,0.036231935024261475,0.028299909085035324,140,159,51.0886,0
thin0.40000000596046448_browse0_clear1,0,39,sitka-spruce,1642.925048828125,8.5125293731689453,3.4049739837646484,5.10755729675293,0.52542626857757568,0,1.8897488117218018,4,42.478397369384766,0.20031972229480743,0.0380902960896492,0.029465056955814362,134,169,53.3594,0
thin0.40000000596046448_browse0_clear1,0,40,sitka-spruce,667.14007568359375,5.889676570892334,2.2878315448760986,3.60184645652771,0.65524226427078247,0,3.0239534378051758,5,41.087032318115234,0.19913798570632935,0.041531354188919067,0.032603774219751358,134,174,59.6516,0
thin0.40000000596046448_browse0_clear1,0,41,sitka-spruce,1671.2421875,8.2024831771850586,3.8348207473754883,4.3676619529724121,0.617483913898468,0,1.2829806804656982,5,43.021389007568359,0.19540481269359589,0.043345320969820023,0.033404923975467682,132,181,50.6816,0
thin0.40000000596046448_browse0_clear1,0,42,sitka-spruce,1661.257568359375,8.12135124206543,3.40678071975708,4.7145709991455078,0.57938569784164429,0,1.2978094816207886,4,44.550975799560547,0.19079343974590302,0.044506058096885681,0.033204130828380585,128,189,47.7834,0
thin0.40000000596046448_browse0_clear1,0,43,sitka-spruce,1642.2982177734375,8.4248104095458984,2.1968514919281006,6.2279577255249023,0.67712128162384033,0,0.707645058631897,5,45.363059997558594,0.18841922283172607,0.047766584903001785,0.035729102790355682,123,199,48.8733,0
thin0.40000000596046448_browse0_clear1,0,44,sitka-spruce,1633.7628173828125,8.3886318206787109,2.5707182884216309,5.8179140090942383,0.54868102073669434,0,2.5874216556549072,6,44.797676086425781,0.18949659168720245,0.049354266375303268,0.038597263395786285,120,208,50.4692,0
thin0.40000000596046448_browse0_clear1,0,45,sitka-spruce,1639.7369384765625,8.3142528533935547,3.6640956401824951,4.6501574516296387,1.2407956123352051,0,3.5853843688964844,9,43.635589599609375,0.19393488764762878,0.04572044312953949,0.033778421580791473,123,214,55.948800000000006,0
thin0.40000000596046448_browse0_clear1,0,46,sitka-spruce,656.91082763671875,5.8174910545349121,2.9693779945373535,2.8481142520904541,1.6949715614318848,0,2.4649293422698975,6,42.445068359375,0.192006453871727,0.049970425665378571,0.039484724402427673,112,231,51.263200000000005,0
thin0.40000000596046448_browse0_clear1,0,47,sitka-spruce,1610.017578125,8.2087182998657227,4.1570329666137695,4.0516853332519531,1.3767522573471069,0,2.5261456966400146,6,42.699203491210938,0.18606288731098175,0.055045641958713531,0.044836089015007019,109,240,47.1129,0
thin0.40000000596046448_browse0_clear1,0,48,sitka-spruce,638.84552001953125,5.7265887260437012,2.864621639251709,2.861968994140625,1.4800751209259033,0,2.9192163944244385,6,41.164531707763672,0.18377617001533508,0.057850226759910583,0.047580026090145111,106,249,47.0596,0
thin0.40000000596046448_browse0_clear1,0,49,sitka-spruce,652.07611083984375,5.711578369140625,3.1200292110443115,2.5915489196777344,1.9474540948867798,0,2.4106349945068359,5,39.926471710205078,0.18267002701759338,0.058706391602754593,0.047234680503606796,106,254,47.3288,0
thin0.40000000596046448_browse0_clear1,0,50,sitka-spruce,2410.541259765625,9.0070095062255859,5.8163261413574219,3.1906828880310059,1.5184818506240845,0,1.4699546098709106,4,42.754360198974609,0.18838861584663391,0.059004779905080795,0.047165624797344208,98,266,54.2896,0
thin0.40000000596046448_browse0_clear1,0,51,sitka-spruce,620.55767822265625,5.8908791542053223,2.9210312366485596,2.9698481559753418,1.3637183904647827,0,1.3263864517211914,3,42.985286712646484,0.19858480989933014,0.057164311408996582,0.044902388006448746,93,274,38.507600000000004,0
thin0.40000000596046448_browse0_clear1,0,52,sitka-spruce,2371.4150390625,8.9361085891723633,4.1496081352233887,4.7864999771118164,1.3826332092285156,0,1.9893510341644287,5,43.762908935546875,0.20461702346801758,0.053335677832365036,0.040711589157581329,96,276,39.7882,0
thin0.40000000596046448_browse0_clear1,0,53,sitka-spruce,1593.2149658203125,8.5127010345458984,3.7055733203887939,4.80712890625,1.2642138004302979,0,2.8557884693145752,5,43.348480224609375,0.20932705700397491,0.052543967962265015,0.0397118404507637,92,285,43.211600000000004,0
thin0.40000000596046448_browse0_clear1,0,54,sitka-spruce,623.9140625,6.0047688484191895,3.16339111328125,2.8413784503936768,1.0801147222518921,0,1.1774016618728638,4,44.254356384277344,0.21642366051673889,0.052590806037187576,0.040473714470863342,88,293,39.330400000000004,0
thin0.40000000596046448_browse0_clear1,0,55,sitka-spruce,1542.497802734375,8.5596170425415039,3.9879889488220215,4.571627140045166,0.85189485549926758,0,1.175862193107605,2,46.2145881652832,0.21967250108718872,0.0499374121427536,0.037026900798082352,87,296,34.0586,0
thin0.40000000596046448_browse0_clear1,0,56,sitka-spruce,617.9888916015625,5.8722934722900391,2.2905721664428711,3.581721305847168,0.95025491714477539,0,0.4471881091594696,1,47.107719421386719,0.22220765054225922,0.0488356277346611,0.036310866475105286,81,303,31.300600000000003,0
thin0.40000000596046448_browse0_clear1,0,57,sitka-spruce,1520.1058349609375,8.6108779907226563,3.2247278690338135,5.3861498832702637,0.995813250541687,0,3.9785256385803223,7,45.358108520507813,0.2240002453327179,0.047298837453126907,0.034688800573349,84,307,37.8772,0
thin0.40000000596046448_browse0_clear1,0,58,sitka-spruce,2286.04638671875,9.0701074600219727,4.4874405860900879,4.582667350769043,0.97552001476287842,0,1.6671688556671143,4,47.202857971191406,0.22551038861274719,0.0451316200196743,0.033256202936172485,80,315,36.6398,0
thin0.40000000596046448_browse0_clear1,0,59,sitka-spruce,1515.80224609375,8.4780073165893555,3.7987048625946045,4.6793007850646973,1.2342770099639893,0,1.6386905908584595,4,48.128597259521484,0.22912459075450897,0.042659666389226913,0.031489625573158264,78,321,34.9476,0
thin0.40000000596046448_browse0_clear1,0,60,sitka-spruce,1502.1436767578125,8.7071323394775391,3.2790195941925049,5.42811393737793,1.0914307832717896,0,1.0690674781799316,3,49.247116088867188,0.23203258216381073,0.041902370750904083,0.030576197430491447,75,327,34.371,0
thin0.40000000596046448_browse0_clear1,0,61,sitka-spruce,2226.67333984375,9.4360580444335938,3.121110200881958,6.3149499893188477,0.80956679582595825,0,3.5434975624084473,6,48.015163421630859,0.23547494411468506,0.041124790906906128,0.028953231871128082,76,332,37.8386,0
thin0.40000000596046448_browse0_clear1,0,62,sitka-spruce,1485.7042236328125,8.6665048599243164,4.0201048851013184,4.6464004516601563,1.2395085096359253,0,2.4167943000793457,4,48.378963470458984,0.23717010021209717,0.039737433195114136,0.026922358199954033,73,339,35.040600000000005,0
thin0.40000000596046448_browse0_clear1,0,63,sitka-spruce,1474.9306640625,8.5070171356201172,4.5612306594848633,3.945784330368042,1.5730437040328979,0,1.0697231292724609,3,50.297428131103516,0.23898211121559143,0.0378904715180397,0.02460954338312149,70,345,33.469100000000005,0
thin0.40000000596046448_browse0_clear1,0,64,sitka-spruce,580.24542236328125,5.8748588562011719,2.4254636764526367,3.4493963718414307,1.3329100608825684,0,2.1894354820251465,4,49.200546264648438,0.24595189094543457,0.035837110131978989,0.0222204327583313,69,350,33.0933,0
thin0.40000000596046448_browse0_clear1,0,65,sitka-spruce,577.81231689453125,5.8136200904846191,2.5811283588409424,3.2324914932250977,1.187809944152832,0,0.64700239896774292,5,49.946861267089844,0.25050169229507446,0.034124482423067093,0.020332064479589462,69,355,36.1511,0
thin0.40000000596046448_browse0_clear1,0,66,sitka-spruce,567.06170654296875,5.7526388168334961,2.3406567573547363,3.4119813442230225,0.91201704740524292,0,0.15723413228988647,3,51.218269348144531,0.25690078735351563,0.031954403966665268,0.018250500783324242,65,362,32.2751,0
thin0.40000000596046448_browse0_clear1,0,67,sitka-spruce,1404.2974853515625,8.5849819183349609,2.6778099536895752,5.9071717262268066,0.80807119607925415,0,1.461592435836792,7,51.626415252685547,0.26272323727607727,0.029546668753027916,0.016193648800253868,68,366,35.7372,0
thin0.40000000596046448_browse0_clear1,0,68,sitka-spruce,1364.346923828125,8.7119541168212891,3.3322446346282959,5.3797082901000977,0.975060760974884,0,1.0972902774810791,4,52.886306762695313,0.26971423625946045,0.027401600033044815,0.014377301558852196,63,375,34.4411,0
thin0.40000000596046448_browse0_clear1,0,69,sitka-spruce,542.2816162109375,5.7125768661499023,1.6347389221191406,4.0778379440307617,0.91486102342605591,0,0.71756476163864136,4,52.888622283935547,0.27365189790725708,0.026133274659514427,0.013036224059760571,62,380,31.1418,0
thin0.40000000596046448_browse0_clear1,0,70,sitka-spruce,535.42535400390625,5.75297212600708,1.8827143907546997,3.8702590465545654,1.2757322788238525,0,2.463167667388916,8,51.032436370849609,0.28007501363754272,0.02401421032845974,0.011367429047822952,65,385,37.309200000000004,0
thin0.40000000596046448_browse0_clear1,0,71,sitka-spruce,528.0509033203125,5.6853542327880859,2.7463071346282959,2.9390473365783691,1.0659945011138916,0,3.6119785308837891,6,49.10076904296875,0.28575849533081055,0.022120632231235504,0.0098597481846809387,62,394,36.5925,0
thin0.40000000596046448_browse0_clear1,0,72,sitka-spruce,1281.822265625,8.7651567459106445,4.0559382438659668,4.7092199325561523,0.87499004602432251,0,1.3706964254379272,3,50.9110221862793,0.28788039088249207,0.021516457200050354,0.00884993001818657,57,402,32.3171,0
thin0.40000000596046448_browse0_clear1,0,73,sitka-spruce,1263.9710693359375,8.4596538543701172,3.59041690826416,4.8692350387573242,1.0963205099105835,0,2.2757914066314697,7,51.129325866699219,0.28932058811187744,0.020175864920020103,0.0072716139256954193,60,406,35.0142,0
thin0.40000000596046448_browse0_clear1,0,74,sitka-spruce,1854.9508056640625,9.30391788482666,4.1755509376525879,5.1283679008483887,1.2531251907348633,0,4.0303387641906738,9,50.021411895751953,0.28740820288658142,0.02071431465446949,0.0075456583872437477,61,414,39.977900000000005,0
thin0.40000000596046448_browse0_clear1,0,75,sitka-spruce,1213.18603515625,8.3079681396484375,5.1128535270690918,3.1951141357421875,1.4064033031463623,0,1.1645258665084839,5,52.563339233398438,0.28452888131141663,0.022926550358533859,0.010403754189610481,56,424,34.0916,0
thin0.40000000596046448_browse0_clear1,0,76,sitka-spruce,1184.9149169921875,8.3704261779785156,4.0944333076477051,4.275993824005127,1.4427361488342285,0,1.4477493762969971,4,53.767284393310547,0.28556501865386963,0.024771753698587418,0.012883077375590801,54,430,31.619100000000003,0
thin0.40000000596046448_browse0_clear1,0,77,sitka-spruce,1164.3153076171875,8.3173379898071289,3.4272332191467285,4.8901047706604,1.50780189037323,0,4.5789089202880859,5,51.107807159423828,0.28832519054412842,0.025175450369715691,0.01365495752543211,54,435,32.7742,0
thin0.40000000596046448_browse0_clear1,0,78,sitka-spruce,453.50473022460938,5.3180694580078125,2.5516963005065918,2.7663726806640625,1.4303613901138306,0,3.4587357044219971,6,48.770404815673828,0.29115751385688782,0.025817457586526871,0.014014178887009621,54,441,34.4428,0
thin0.40000000596046448_browse0_clear1,0,79,sitka-spruce,443.315673828125,5.2496452331542969,2.7981679439544678,2.4514777660369873,1.2498459815979004,0,3.2136185169219971,6,47.105110168457031,0.28885698318481445,0.026726046577095985,0.013611378148198128,53,448,33.4891,0
thin0.40000000596046448_browse0_clear1,0,80,sitka-spruce,1090.8072509765625,8.3796825408935547,5.3020296096801758,3.0776526927948,1.0909818410873413,0,2.8666341304779053,7,48.44952392578125,0.28945660591125488,0.025968978181481361,0.012373659759759903,53,455,38.2479,0
thin0.40000000596046448_browse0_clear1,0,81,sitka-spruce,439.42779541015625,4.8943791389465332,3.1504933834075928,1.7438851594924927,1.0358059406280518,0,2.0960595607757568,4,48.4681510925293,0.29195180535316467,0.02046886645257473,0.0077315084636211395,53,459,31.2067,0
thin0.40000000596046448_browse0_clear1,0,82,sitka-spruce,1604.7847900390625,9.1986570358276367,6.1152811050415039,3.0833768844604492,1.0924443006515503,0,1.7989658117294312,5,51.692020416259766,0.29480406641960144,0.019359111785888672,0.0069126971065998077,50,467,33.586600000000004,0
thin0.40000000596046448_browse0_clear1,0,83,sitka-spruce,1046.1676025390625,8.20541763305664,4.80417537689209,3.4012410640716553,1.1973637342453003,0,1.2715647220611572,4,54.027267456054688,0.30062040686607361,0.017745964229106903,0.0060281571932137012,48,473,30.649800000000003,0
thin0.40000000596046448_browse0_clear1,0,84,sitka-spruce,409.49078369140625,4.8119869232177734,3.00649356842041,1.8054931163787842,1.3815405368804932,0,0.35993063449859619,1,55.292289733886719,0.30606907606124878,0.016065508127212524,0.005307905375957489,44,478,23.015700000000002,0
thin0.40000000596046448_browse0_clear1,0,85,sitka-spruce,1023.7269287109375,7.7279720306396484,3.787172794342041,3.9408001899719238,1.1977876424789429,0,1.4828916788101196,3,56.398784637451172,0.30952027440071106,0.011744806542992592,0.002919347956776619,47,478,21.137,0
thin0.40000000596046448_browse0_clear1,0,86,sitka-spruce,1004.82666015625,7.7297849655151367,3.129744291305542,4.6000409126281738,1.5291881561279297,0,0.80871677398681641,2,57.190624237060547,0.31094273924827576,0.010861369781196117,0.0029799726326018572,44,483,25.0469,0
thin0.40000000596046448_browse0_clear1,0,87,sitka-spruce,978.8438720703125,7.9763484001159668,2.8735504150390625,5.1027998924255371,1.1557728052139282,0,3.6207914352416992,7,55.2876091003418,0.31803056597709656,0.0097567439079284668,0.0028840068262070417,48,486,32.2207,0
thin0.40000000596046448_browse0_clear1,0,88,sitka-spruce,396.15902709960938,4.477231502532959,1.9243543148040771,2.5528769493103027,1.1047377586364746,0,3.2769672870635986,8,52.830257415771484,0.319311261177063,0.0082285264506936073,0.0025992146693170071,53,489,41.0043,0
thin0.40000000596046448_browse0_clear1,0,89,sitka-spruce,950.44378662109375,7.9877681732177734,5.1956191062927246,2.7921485900878906,0.95865470170974731,0,1.7498308420181274,8,55.3173942565918,0.32127216458320618,0.00896153412759304,0.0029173155780881643,48,502,43.8136,0
thin0.40000000596046448_browse0_clear1,0,90,sitka-spruce,967.41156005859375,7.5538873672485352,4.78655481338501,2.7673318386077881,1.0377320051193237,0,0.50163930654525757,2,58.5645751953125,0.31944048404693604,0.0080423895269632339,0.0028879879973828793,47,505,27.3031,0
thin0.40000000596046448_browse0_clear1,0,91,sitka-spruce,921.15142822265625,8.1431074142456055,3.6573195457458496,4.4857869148254395,0.71162986755371094,0,0.60254907608032227,3,60.907718658447266,0.326375275850296,0.0089512262493371964,0.0026812844444066286,42,513,29.3521,0
thin0.40000000596046448_browse0_clear1,0,92,sitka-spruce,899.01177978515625,8.1509552001953125,2.8043129444122314,5.346642017364502,0.689073920249939,0,0.74619543552398682,3,62.276760101318359,0.33273887634277344,0.00930698961019516,0.0022864388301968575,41,517,25.4902,0
thin0.40000000596046448_browse0_clear1,0,93,sitka-spruce,352.39599609375,4.5678906440734863,1.3947354555130005,3.1731545925140381,0.78899794816970825,0,3.2161383628845215,6,59.666362762451172,0.33806291222572327,0.0091371107846498489,0.0017849544528871775,43,521,31.471700000000002,0
thin0.40000000596046448_browse0_clear1,0,94,sitka-spruce,352.39599609375,4.4197654724121094,1.8392224311828613,2.58054256439209,0.83836615085601807,0,2.5690898895263672,4,58.098129272460938,0.33974477648735046,0.0086319055408239365,0.0013104187091812491,42,526,28.5245,0
thin0.40000000596046448_browse0_clear1,0,95,sitka-spruce,342.72384643554688,4.5025782585144043,2.40665340423584,2.09592342376709,0.91408973932266235,0,1.2942739725112915,5,58.296417236328125,0.34684732556343079,0.0078557897359132767,0.00093668332556262612,41,532,30.2936,0
thin0.40000000596046448_browse0_clear1,0,96,sitka-spruce,1296.6002197265625,8.9483222961425781,3.9635293483734131,4.9847922325134277,0.79065495729446411,0,2.2521111965179443,6,59.217182159423828,0.34911158680915833,0.0066530415788292885,0.0006259906804189086,45,534,30.8384,0
thin0.40000000596046448_browse0_clear1,0,97,sitka-spruce,332.43841552734375,4.4355297088623047,2.2755320072174072,2.1599979400634766,0.4914078414440155,0,0.50771045684814453,3,60.493595123291016,0.35595041513442993,0.0058941175229847431,0.0003608627594076097,38,544,29.3854,0
thin0.40000000596046448_browse0_clear1,0,98,sitka-spruce,324.58349609375,4.3801894187927246,2.1689004898071289,2.2112894058227539,0.40228360891342163,0,2.6418437957763672,9,59.618366241455078,0.363194078207016,0.0053777890279889107,0.00019847451767418534,43,548,35.315400000000004,0
thin0.40000000596046448_browse0_clear1,0,99,sitka-spruce,1234.1341552734375,8.727534294128418,4.5331315994262695,4.1944026947021484,0.56248360872268677,0,2.6977884769439697,6,60.891227722167969,0.36065664887428284,0.0044188364408910275,0.00010916098835878074,47,550,34.151,0
thin0.40000000596046448_browse0_clear1,0,100,sitka-spruce,819.87628173828125,7.0344967842102051,3.1289715766906738,3.9055259227752686,0.38623917102813721,0,0.6507103443145752,3,62.983249664306641,0.3553987443447113,0.0035169832408428192,6.0038542869733647E-05,46,554,29.8335,0
thin0.40000000596046448_browse0_clear1,1,1,sitka-spruce,260.42938232421875,1.9072985649108887,1.9072985649108887,0,0,0,0,0,1.9072984457015991,0.054002363234758377,0.00040856498526409268,0,202,0,107.0861,9
thin0.40000000596046448_browse0_clear1,1,2,sitka-spruce,194.89288330078125,1.5313607454299927,1.5313607454299927,0,0.027437150478363037,0,0,0,3.411221981048584,0.064012236893177032,0.022244762629270554,0.01444542407989502,202,0,92.7448,0
thin0.40000000596046448_browse0_clear1,1,3,sitka-spruce,689.147216796875,3.9998676776885986,3.9998676776885986,0,0.034455768764019012,0,0,0,7.3766336441040039,0.07188783586025238,0.038348890841007233,0.025615673512220383,202,0,87.094400000000007,0
thin0.40000000596046448_browse0_clear1,1,4,sitka-spruce,349.26296997070313,2.5752522945404053,2.5752522945404053,0,0.091585323214530945,0,0,0,9.86030101776123,0.078006714582443237,0.050223283469676971,0.034312121570110321,202,0,91.099600000000009,0
thin0.40000000596046448_browse0_clear1,1,5,sitka-spruce,417.92758178710938,2.9762272834777832,2.9762272834777832,0,0.10363911837339401,0,0,0,12.732889175415039,0.082665286958217621,0.059246115386486053,0.041222047060728073,202,0,81.1774,0
thin0.40000000596046448_browse0_clear1,1,6,sitka-spruce,1208.531494140625,5.4190292358398438,5.4190292358398438,0,0.11835190653800964,0,0,0,18.033565521240234,0.086679540574550629,0.065965563058853149,0.046811908483505249,202,0,80.1316,0
thin0.40000000596046448_browse0_clear1,1,7,sitka-spruce,1367.7579345703125,5.7477526664733887,5.356290340423584,0.39146298170089722,0.19378890097141266,0,0,0,23.196067810058594,0.090543113648891449,0.071090139448642731,0.051361590623855591,202,0,80.4311,0
thin0.40000000596046448_browse0_clear1,1,8,sitka-spruce,2287.81201171875,6.5072298049926758,3.2605693340301514,3.2466599941253662,0.2165076732635498,0,0,0,26.240129470825195,0.094305582344532013,0.0748780220746994,0.055074259638786316,202,0,79.8588,0
thin0.40000000596046448_browse0_clear1,1,9,sitka-spruce,673.19354248046875,4.42152738571167,1.7074027061462402,2.7141246795654297,0.25234496593475342,0,0,0,27.695188522338867,0.0976518839597702,0.077503368258476257,0.0581449493765831,202,0,79.865000000000009,0
thin0.40000000596046448_browse0_clear1,1,10,sitka-spruce,737.080078125,4.7569136619567871,1.4557068347930908,3.3012068271636963,0.2674051821231842,0,0,0,28.883489608764648,0.10068123042583466,0.079220794141292572,0.060643527656793594,202,0,78.4751,0
thin0.40000000596046448_browse0_clear1,1,11,sitka-spruce,729.30303955078125,4.8217549324035645,1.4343748092651367,3.3873810768127441,0.28746581077575684,0,0,0,30.030397415161133,0.10347448289394379,0.080199316143989563,0.062560714781284332,202,0,71.9629,0
thin0.40000000596046448_browse0_clear1,1,12,sitka-spruce,1810.4583740234375,6.7993412017822266,1.5076113939285278,5.2917299270629883,0.30532607436180115,0,0,0,31.232683181762695,0.10603423416614532,0.0806390792131424,0.064027786254882813,202,0,70.229300000000009,0
thin0.40000000596046448_browse0_clear1,1,13,sitka-spruce,1803.28662109375,6.8891830444335938,1.268684983253479,5.6204977035522461,0.35168763995170593,0,1.6818163394927979,7,30.467863082885742,0.10832197964191437,0.080696351826190948,0.065096370875835419,209,0,77.115400000000008,0
thin0.40000000596046448_browse0_clear1,1,14,sitka-spruce,719.9912109375,4.8619136810302734,2.5203864574432373,2.3415279388427734,0.39139428734779358,0,0.903179407119751,4,31.693675994873047,0.11732460558414459,0.0695623904466629,0.05467972531914711,213,0,72.7131,0
thin0.40000000596046448_browse0_clear1,1,15,sitka-spruce,2700.5302734375,7.1357035636901855,2.2986223697662354,4.8370804786682129,0.39188116788864136,0,3.273456335067749,8,30.326961517333984,0.12653210759162903,0.058454874902963638,0.041270237416028976,221,0,77.492,0
thin0.40000000596046448_browse0_clear1,1,16,sitka-spruce,721.3062744140625,4.6194000244140625,2.6303625106811523,1.9890375137329102,0.55820530652999878,0,1.6376166343688965,4,30.761501312255859,0.13828910887241364,0.046754084527492523,0.031458035111427307,225,0,70.56880000000001,0
thin0.40000000596046448_browse0_clear1,1,17,sitka-spruce,717.27178955078125,4.71741247177124,3.5014927387237549,1.2159198522567749,0.50472825765609741,0,0,0,33.758266448974609,0.1523015946149826,0.0357045903801918,0.021415337920188904,223,2,82.3287,0
thin0.40000000596046448_browse0_clear1,1,18,sitka-spruce,1801.9571533203125,6.62883186340332,2.4475617408752441,4.1812701225280762,0.48596826195716858,0,4.9370546340942383,7,30.782804489135742,0.1596362441778183,0.033122669905424118,0.01929742842912674,227,5,96.1794,0
thin0.40000000596046448_browse0_clear1,1,19,sitka-spruce,711.99786376953125,4.4136271476745605,2.6841063499450684,1.72952139377594,0.50480103492736816,0,2.954681396484375,4,30.007427215576172,0.17170126736164093,0.021553093567490578,0.010636607185006142,227,9,84.3173,0
thin0.40000000596046448_browse0_clear1,1,20,sitka-spruce,704.60784912109375,4.1399469375610352,2.96086049079895,1.1790862083435059,0.48885676264762878,0,1.7700830698013306,6,30.709348678588867,0.17528042197227478,0.015046242624521255,0.0058501344174146652,228,14,81.595300000000009,0
thin0.40000000596046448_browse0_clear1,1,21,sitka-spruce,1750.4814453125,5.352637767791748,3.9678897857666016,1.3847488164901733,0.47859108448028564,0,0.9445921778678894,2,33.254055023193359,0.17386907339096069,0.010955093428492546,0.0032175739761441946,226,18,74.40740000000001,0
thin0.40000000596046448_browse0_clear1,1,22,sitka-spruce,2623.88037109375,5.9870147705078125,2.9202752113342285,3.0667402744293213,0.50193232297897339,0,1.2799303531646729,3,34.3924674987793,0.17441874742507935,0.0087180035188794136,0.002367574255913496,222,25,74.7804,0
thin0.40000000596046448_browse0_clear1,1,23,sitka-spruce,1766.6175537109375,5.3748025894165039,2.3112192153930664,3.0635836124420166,0.53665465116500854,0,0,0,36.167030334472656,0.17542053759098053,0.0068023120984435081,0.0013021659106016159,221,26,67.72760000000001,0
thin0.40000000596046448_browse0_clear1,1,24,sitka-spruce,1770.4464111328125,5.5329446792602539,1.9127788543701172,3.620166540145874,0.93665260076522827,0,0.49989575147628784,1,36.643260955810547,0.17416289448738098,0.0078075788915157318,0.0024781913962215185,216,32,68.1132,0
thin0.40000000596046448_browse0_clear1,1,25,sitka-spruce,2656.30078125,5.926760196685791,1.9434113502502441,3.9833488464355469,0.85505563020706177,0,0.39816150069236755,1,37.333454132080078,0.17583896219730377,0.009442710317671299,0.0051656486466526985,208,41,66.6824,0
thin0.40000000596046448_browse0_clear1,1,26,sitka-spruce,1755.5457763671875,6.3009700775146484,2.0087893009185791,4.2921819686889648,0.95914542675018311,0,1.0704715251922607,1,37.312625885009766,0.18125095963478088,0.011469370685517788,0.0080696390941739082,198,52,64.0517,0
thin0.40000000596046448_browse0_clear1,1,27,sitka-spruce,679.0592041015625,4.7569422721862793,1.7205917835235596,3.0363509654998779,0.75872433185577393,0,1.2575559616088867,5,37.016941070556641,0.18727532029151917,0.014933718368411064,0.011685896664857864,192,63,66.31880000000001,0
thin0.40000000596046448_browse0_clear1,1,28,sitka-spruce,1688.6177978515625,6.3251791000366211,3.1620278358459473,3.1631522178649902,0.95137971639633179,0,0.4402620792388916,2,38.787326812744141,0.19305276870727539,0.014372505247592926,0.012021123431622982,188,69,60.8132,0
thin0.40000000596046448_browse0_clear1,1,29,sitka-spruce,1674.936279296875,6.6637411117553711,2.7681803703308105,3.8955605030059814,0.68071317672729492,0,0.26908484101295471,1,40.605705261230469,0.18775856494903564,0.019661620259284973,0.016403593122959137,176,82,62.9269,0
thin0.40000000596046448_browse0_clear1,1,30,sitka-spruce,2490.43408203125,7.3996500968933105,2.258770227432251,5.1408782005310059,0.683690071105957,0,2.2503750324249268,6,39.930412292480469,0.18759188055992126,0.022700732573866844,0.017713235691189766,173,91,73.4315,0
thin0.40000000596046448_browse0_clear1,1,31,sitka-spruce,2516.08935546875,7.4092516899108887,2.9488332271575928,4.460418701171875,0.88896667957305908,0,2.5181031227111816,4,39.472175598144531,0.18345823884010315,0.025362469255924225,0.019672270864248276,170,98,59.3093,0
thin0.40000000596046448_browse0_clear1,1,32,sitka-spruce,1712.1572265625,7.0343971252441406,3.0511093139648438,3.9832887649536133,0.86039739847183228,0,0.91803920269012451,2,40.744846343994141,0.18145738542079926,0.0276498943567276,0.020159600302577019,166,104,56.7834,0
thin0.40000000596046448_browse0_clear1,1,33,sitka-spruce,668.0357666015625,5.2794132232666016,2.2547142505645752,3.0246977806091309,0.822666585445404,0,1.2685921192169189,3,40.908302307128906,0.18321584165096283,0.028701188042759895,0.018921134993433952,160,113,57.091,0
thin0.40000000596046448_browse0_clear1,1,34,sitka-spruce,664.5706787109375,5.5327234268188477,2.5379905700683594,2.994732141494751,0.84564489126205444,0,2.2230114936828613,5,40.377635955810547,0.19238577783107758,0.029532965272665024,0.02022065781056881,156,122,57.697,0
thin0.40000000596046448_browse0_clear1,1,35,sitka-spruce,660.277099609375,5.4992284774780273,2.7874057292938232,2.7118232250213623,1.0142545700073242,0,1.4625614881515503,6,40.688228607177734,0.19864581525325775,0.029037347063422203,0.019725726917386055,153,131,56.7817,0
thin0.40000000596046448_browse0_clear1,1,36,sitka-spruce,658.09619140625,5.6493935585021973,2.7866864204406738,2.8627076148986816,0.71384114027023315,0,3.0073957443237305,7,39.753677368164063,0.20230728387832642,0.031639430671930313,0.022336049005389214,149,142,59.584,0
thin0.40000000596046448_browse0_clear1,1,37,sitka-spruce,669.76141357421875,5.7323870658874512,3.1509811878204346,2.5814056396484375,0.64058518409729,0,1.9623740911483765,6,40.301700592041016,0.20316107571125031,0.034242328256368637,0.02579614520072937,146,151,58.229000000000006,0
thin0.40000000596046448_browse0_clear1,1,38,sitka-spruce,668.94415283203125,5.6285390853881836,2.749755859375,2.8787837028503418,1.0032625198364258,0,0.55959510803222656,2,41.488597869873047,0.20212461054325104,0.036231935024261475,0.028299909085035324,140,159,49.9388,0
thin0.40000000596046448_browse0_clear1,1,39,sitka-spruce,1642.925048828125,8.5125293731689453,3.4049739837646484,5.10755729675293,0.52542626857757568,0,1.8897488117218018,4,42.478397369384766,0.20031972229480743,0.0380902960896492,0.029465056955814362,134,169,54.776,0
thin0.40000000596046448_browse0_clear1,1,40,sitka-spruce,667.14007568359375,5.889676570892334,2.2878315448760986,3.60184645652771,0.65524226427078247,0,3.0239534378051758,5,41.087032318115234,0.19913798570632935,0.041531354188919067,0.032603774219751358,134,174,61.711200000000005,0
thin0.40000000596046448_browse0_clear1,1,41,sitka-spruce,1671.2421875,8.2024831771850586,3.8348207473754883,4.3676619529724121,0.617483913898468,0,1.2829806804656982,5,43.021389007568359,0.19540481269359589,0.043345320969820023,0.033404923975467682,132,181,53.3434,0
thin0.40000000596046448_browse0_clear1,1,42,sitka-spruce,1661.257568359375,8.12135124206543,3.40678071975708,4.7145709991455078,0.57938569784164429,0,1.2978094816207886,4,44.550975799560547,0.19079343974590302,0.044506058096885681,0.033204130828380585,128,189,48.7485,0
thin0.40000000596046448_browse0_clear1,1,43,sitka-spruce,1642.2982177734375,8.4248104095458984,2.1968514919281006,6.2279577255249023,0.67712128162384033,0,0.707645058631897,5,45.363059997558594,0.18841922283172607,0.047766584903001785,0.035729102790355682,123,199,50.0088,0
thin0.40000000596046448_browse0_clear1,1,44,sitka-spruce,1633.7628173828125,8.3886318206787109,2.5707182884216309,5.8179140090942383,0.54868102073669434,0,2.5874216556549072,6,44.797676086425781,0.18949659168720245,0.049354266375303268,0.038597263395786285,120,208,49.5257,0
thin0.40000000596046448_browse0_clear1,1,45,sitka-spruce,1639.7369384765625,8.3142528533935547,3.6640956401824951,4.6501574516296387,1.2407956123352051,0,3.5853843688964844,9,43.635589599609375,0.19393488764762878,0.04572044312953949,0.033778421580791473,123,214,54.700300000000006,0
thin0.40000000596046448_browse0_clear1,1,46,sitka-spruce,656.91082763671875,5.8174910545349121,2.9693779945373535,2.8481142520904541,1.6949715614318848,0,2.4649293422698975,6,42.445068359375,0.192006453871727,0.049970425665378571,0.039484724402427673,112,231,55.7916,0
thin0.40000000596046448_browse0_clear1,1,47,sitka-spruce,1610.017578125,8.2087182998657227,4.1570329666137695,4.0516853332519531,1.3767522573471069,0,2.5261456966400146,6,42.699203491210938,0.18606288731098175,0.055045641958713531,0.044836089015007019,109,240,53.1939,0
thin0.40000000596046448_browse0_clear1,1,48,sitka-spruce,638.84552001953125,5.7265887260437012,2.864621639251709,2.861968994140625,1.4800751209259033,0,2.9192163944244385,6,41.164531707763672,0.18377617001533508,0.057850226759910583,0.047580026090145111,106,249,51.6841,0
thin0.40000000596046448_browse0_clear1,1,49,sitka-spruce,652.07611083984375,5.711578369140625,3.1200292110443115,2.5915489196777344,1.9474540948867798,0,2.4106349945068359,5,39.926471710205078,0.18267002701759338,0.058706391602754593,0.047234680503606796,106,254,64.8596,0
thin0.40000000596046448_browse0_clear1,1,50,sitka-spruce,2410.541259765625,9.0070095062255859,5.8163261413574219,3.1906828880310059,1.5184818506240845,0,1.4699546098709106,4,42.754360198974609,0.18838861584663391,0.059004779905080795,0.047165624797344208,98,266,56.924800000000005,0
thin0.40000000596046448_browse0_clear1,1,51,sitka-spruce,620.55767822265625,5.8908791542053223,2.9210312366485596,2.9698481559753418,1.3637183904647827,0,1.3263864517211914,3,42.985286712646484,0.19858480989933014,0.057164311408996582,0.044902388006448746,93,274,38.7259,0
thin0.40000000596046448_browse0_clear1,1,52,sitka-spruce,2371.4150390625,8.9361085891723633,4.1496081352233887,4.7864999771118164,1.3826332092285156,0,1.9893510341644287,5,43.762908935546875,0.20461702346801758,0.053335677832365036,0.040711589157581329,96,276,39.205600000000004,0
thin0.40000000596046448_browse0_clear1,1,53,sitka-spruce,1593.2149658203125,8.5127010345458984,3.7055733203887939,4.80712890625,1.2642138004302979,0,2.8557884693145752,5,43.348480224609375,0.20932705700397491,0.052543967962265015,0.0397118404507637,92,285,41.3825,0
thin0.40000000596046448_browse0_clear1,1,54,sitka-spruce,623.9140625,6.0047688484191895,3.16339111328125,2.8413784503936768,1.0801147222518921,0,1.1774016618728638,4,44.254356384277344,0.21642366051673889,0.052590806037187576,0.040473714470863342,88,293,42.5564,0
thin0.40000000596046448_browse0_clear1,1,55,sitka-spruce,1542.497802734375,8.5596170425415039,3.9879889488220215,4.571627140045166,0.85189485549926758,0,1.175862193107605,2,46.2145881652832,0.21967250108718872,0.0499374121427536,0.037026900798082352,87,296,32.885400000000004,0
thin0.40000000596046448_browse0_clear1,1,56,sitka-spruce,617.9888916015625,5.8722934722900391,2.2905721664428711,3.581721305847168,0.95025491714477539,0,0.4471881091594696,1,47.107719421386719,0.22220765054225922,0.0488356277346611,0.036310866475105286,81,303,32.8149,0
thin0.40000000596046448_browse0_clear1,1,57,sitka-spruce,1520.1058349609375,8.6108779907226563,3.2247278690338135,5.3861498832702637,0.995813250541687,0,3.9785256385803223,7,45.358108520507813,0.2240002453327179,0.047298837453126907,0.034688800573349,84,307,39.1257,0
thin0.40000000596046448_browse0_clear1,1,58,sitka-spruce,2286.04638671875,9.0701074600219727,4.4874405860900879,4.582667350769043,0.97552001476287842,0,1.6671688556671143,4,47.202857971191406,0.22551038861274719,0.0451316200196743,0.033256202936172485,80,315,38.2138,0
thin0.40000000596046448_browse0_clear1,1,59,sitka-spruce,1515.80224609375,8.4780073165893555,3.7987048625946045,4.6793007850646973,1.2342770099639893,0,1.6386905908584595,4,48.128597259521484,0.22912459075450897,0.042659666389226913,0.031489625573158264,78,321,36.395,0
thin0.40000000596046448_browse0_clear1,1,60,sitka-spruce,1502.1436767578125,8.7071323394775391,3.2790195941925049,5.42811393737793,1.0914307832717896,0,1.0690674781799316,3,49.247116088867188,0.23203258216381073,0.041902370750904083,0.030576197430491447,75,327,33.3571,0
thin0.40000000596046448_browse0_clear1,1,61,sitka-spruce,2226.67333984375,9.4360580444335938,3.121110200881958,6.3149499893188477,0.80956679582595825,0,3.5434975624084473,6,48.015163421630859,0.23547494411468506,0.041124790906906128,0.028953231871128082,76,332,37.992000000000004,0
thin0.40000000596046448_browse0_clear1,1,62,sitka-spruce,1485.7042236328125,8.6665048599243164,4.0201048851013184,4.6464004516601563,1.2395085096359253,0,2.4167943000793457,4,48.378963470458984,0.23717010021209717,0.039737433195114136,0.026922358199954033,73,339,36.1922,0
thin0.40000000596046448_browse0_clear1,1,63,sitka-spruce,1474.9306640625,8.5070171356201172,4.5612306594848633,3.945784330368042,1.5730437040328979,0,1.0697231292724609,3,50.297428131103516,0.23898211121559143,0.0378904715180397,0.02460954338312149,70,345,33.2537,0
thin0.40000000596046448_browse0_clear1,1,64,sitka-spruce,580.24542236328125,5.8748588562011719,2.4254636764526367,3.4493963718414307,1.3329100608825684,0,2.1894354820251465,4,49.200546264648438,0.24595189094543457,0.035837110131978989,0.0222204327583313,69,350,32.1228,0
thin0.40000000596046448_browse0_clear1,1,65,sitka-spruce,577.81231689453125,5.8136200904846191,2.5811283588409424,3.2324914932250977,1.187809944152832,0,0.64700239896774292,5,49.946861267089844,0.25050169229507446,0.034124482423067093,0.020332064479589462,69,355,36.147400000000005,0
thin0.40000000596046448_browse0_clear1,1,66,sitka-spruce,567.06170654296875,5.7526388168334961,2.3406567573547363,3.4119813442230225,0.91201704740524292,0,0.15723413228988647,3,51.218269348144531,0.25690078735351563,0.031954403966665268,0.018250500783324242,65,362,31.3125,0
thin0.40000000596046448_browse0_clear1,1,67,sitka-spruce,1404.2974853515625,8.5849819183349609,2.6778099536895752,5.9071717262268066,0.80807119607925415,0,1.461592435836792,7,51.626415252685547,0.26272323727607727,0.029546668753027916,0.016193648800253868,68,366,36.792100000000005,0
thin0.40000000596046448_browse0_clear1,1,68,sitka-spruce,1364.346923828125,8.7119541168212891,3.3322446346282959,5.3797082901000977,0.975060760974884,0,1.0972902774810791,4,52.886306762695313,0.26971423625946045,0.027401600033044815,0.014377301558852196,63,375,34.7123,0
thin0.40000000596046448_browse0_clear1,1,69,sitka-spruce,542.2816162109375,5.7125768661499023,1.6347389221191406,4.0778379440307617,0.91486102342605591,0,0.71756476163864136,4,52.888622283935547,0.27365189790725708,0.026133274659514427,0.013036224059760571,62,380,31.8092,0
thin0.40000000596046448_browse0_clear1,1,70,sitka-spruce,535.42535400390625,5.75297212600708,1.8827143907546997,3.8702590465545654,1.2757322788238525,0,2.463167667388916,8,51.032436370849609,0.28007501363754272,0.02401421032845974,0.011367429047822952,65,385,39.2121,0
thin0.40000000596046448_browse0_clear1,1,71,sitka-spruce,528.0509033203125,5.6853542327880859,2.7463071346282959,2.9390473365783691,1.0659945011138916,0,3.6119785308837891,6,49.10076904296875,0.28575849533081055,0.022120632231235504,0.0098597481846809387,62,394,37.100300000000004,0
thin0.40000000596046448_browse0_clear1,1,72,sitka-spruce,1281.822265625,8.7651567459106445,4.0559382438659668,4.7092199325561523,0.87499004602432251,0,1.3706964254379272,3,50.9110221862793,0.28788039088249207,0.021516457200050354,0.00884993001818657,57,402,31.6688,0
thin0.40000000596046448_browse0_clear1,1,73,sitka-spruce,1263.9710693359375,8.4596538543701172,3.59041690826416,4.8692350387573242,1.0963205099105835,0,2.2757914066314697,7,51.129325866699219,0.28932058811187744,0.020175864920020103,0.0072716139256954193,60,406,34.1471,0
thin0.40000000596046448_browse0_clear1,1,74,sitka-spruce,1854.9508056640625,9.30391788482666,4.1755509376525879,5.1283679008483887,1.2531251907348633,0,4.0303387641906738,9,50.021411895751953,0.28740820288658142,0.02071431465446949,0.0075456583872437477,61,414,40.2582,0
thin0.40000000596046448_browse0_clear1,1,75,sitka-spruce,1213.18603515625,8.3079681396484375,5.1128535270690918,3.1951141357421875,1.4064033031463623,0,1.1645258665084839,5,52.563339233398438,0.28452888131141663,0.022926550358533859,0.010403754189610481,56,424,34.7406,0
thin0.40000000596046448_browse0_clear1,1,76,sitka-spruce,1184.9149169921875,8.3704261779785156,4.0944333076477051,4.275993824005127,1.4427361488342285,0,1.4477493762969971,4,53.767284393310547,0.28556501865386963,0.024771753698587418,0.012883077375590801,54,430,31.649900000000002,0
thin0.40000000596046448_browse0_clear1,1,77,sitka-spruce,1164.3153076171875,8.3173379898071289,3.4272332191467285,4.8901047706604,1.50780189037323,0,4.5789089202880859,5,51.107807159423828,0.28832519054412842,0.025175450369715691,0.01365495752543211,54,435,32.5709,0
thin0.40000000596046448_browse0_clear1,1,78,sitka-spruce,453.50473022460938,5.3180694580078125,2.5516963005065918,2.7663726806640625,1.4303613901138306,0,3.4587357044219971,6,48.770404815673828,0.29115751385688782,0.025817457586526871,0.014014178887009621,54,441,35.1496,0
thin0.40000000596046448_browse0_clear1,1,79,sitka-spruce,443.315673828125,5.2496452331542969,2.7981679439544678,2.4514777660369873,1.2498459815979004,0,3.2136185169219971,6,47.105110168457031,0.28885698318481445,0.026726046577095985,0.013611378148198128,53,448,33.8268,0
thin0.40000000596046448_browse0_clear1,1,80,sitka-spruce,1090.8072509765625,8.3796825408935547,5.3020296096801758,3.0776526927948,1.0909818410873413,0,2.8666341304779053,7,48.44952392578125,0.28945660591125488,0.025968978181481361,0.012373659759759903,53,455,38.3464,0
thin0.40000000596046448_browse0_clear1,1,81,sitka-spruce,439.42779541015625,4.8943791389465332,3.1504933834075928,1.7438851594924927,1.0358059406280518,0,2.0960595607757568,4,48.4681510925293,0.29195180535316467,0.02046886645257473,0.0077315084636211395,53,459,31.5625,0
thin0.40000000596046448_browse0_clear1,1,82,sitka-spruce,1604.7847900390625,9.1986570358276367,6.1152811050415039,3.0833768844604492,1.0924443006515503,0,1.7989658117294312,5,51.692020416259766,0.29480406641960144,0.019359111785888672,0.0069126971065998077,50,467,33.6301,0
thin0.40000000596046448_browse0_clear1,1,83,sitka-spruce,1046.1676025390625,8.20541763305664,4.80417537689209,3.4012410640716553,1.1973637342453003,0,1.2715647220611572,4,54.027267456054688,0.30062040686607361,0.017745964229106903,0.0060281571932137012,48,473,29.6188,0
thin0.40000000596046448_browse0_clear1,1,84,sitka-spruce,409.49078369140625,4.8119869232177734,3.00649356842041,1.8054931163787842,1.3815405368804932,0,0.35993063449859619,1,55.292289733886719,0.30606907606124878,0.016065508127212524,0.005307905375957489,44,478,23.5056,0
thin0.40000000596046448_browse0_clear1,1,85,sitka-spruce,1023.7269287109375,7.7279720306396484,3.787172794342041,3.9408001899719238,1.1977876424789429,0,1.4828916788101196,3,56.398784637451172,0.30952027440071106,0.011744806542992592,0.002919347956776619,47,478,21.3568,0
thin0.40000000596046448_browse0_clear1,1,86,sitka-spruce,1004.82666015625,7.7297849655151367,3.129744291305542,4.6000409126281738,1.5291881561279297,0,0.80871677398681641,2,57.190624237060547,0.31094273924827576,0.010861369781196117,0.0029799726326018572,44,483,26.5819,0
thin0.40000000596046448_browse0_clear1,1,87,sitka-spruce,978.8438720703125,7.9763484001159668,2.8735504150390625,5.1027998924255371,1.1557728052139282,0,3.6207914352416992,7,55.2876091003418,0.31803056597709656,0.0097567439079284668,0.0028840068262070417,48,486,34.0126,0
thin0.40000000596046448_browse0_clear1,1,88,sitka-spruce,396.15902709960938,4.477231502532959,1.9243543148040771,2.5528769493103027,1.1047377586364746,0,3.2769672870635986,8,52.830257415771484,0.319311261177063,0.0082285264506936073,0.0025992146693170071,53,489,36.076,0
thin0.40000000596046448_browse0_clear1,1,89,sitka-spruce,950.44378662109375,7.9877681732177734,5.1956191062927246,2.7921485900878906,0.95865470170974731,0,1.7498308420181274,8,55.3173942565918,0.32127216458320618,0.00896153412759304,0.0029173155780881643,48,502,40.372800000000005,0
thin0.40000000596046448_browse0_clear1,1,90,sitka-spruce,967.41156005859375,7.5538873672485352,4.78655481338501,2.7673318386077881,1.0377320051193237,0,0.50163930654525757,2,58.5645751953125,0.31944048404693604,0.0080423895269632339,0.0028879879973828793,47,505,27.549300000000002,0
thin0.40000000596046448_browse0_clear1,1,91,sitka-spruce,921.15142822265625,8.1431074142456055,3.6573195457458496,4.4857869148254395,0.71162986755371094,0,0.60254907608032227,3,60.907718658447266,0.326375275850296,0.0089512262493371964,0.0026812844444066286,42,513,29.163600000000002,0
thin0.40000000596046448_browse0_clear1,1,92,sitka-spruce,899.01177978515625,8.1509552001953125,2.8043129444122314,5.346642017364502,0.689073920249939,0,0.74619543552398682,3,62.276760101318359,0.33273887634277344,0.00930698961019516,0.0022864388301968575,41,517,25.291700000000002,0
thin0.40000000596046448_browse0_clear1,1,93,sitka-spruce,352.39599609375,4.5678906440734863,1.3947354555130005,3.1731545925140381,0.78899794816970825,0,3.2161383628845215,6,59.666362762451172,0.33806291222572327,0.0091371107846498489,0.0017849544528871775,43,521,29.6658,0
thin0.40000000596046448_browse0_clear1,1,94,sitka-spruce,352.39599609375,4.4197654724121094,1.8392224311828613,2.58054256439209,0.83836615085601807,0,2.5690898895263672,4,58.098129272460938,0.33974477648735046,0.0086319055408239365,0.0013104187091812491,42,526,28.2287,0
thin0.40000000596046448_browse0_clear1,1,95,sitka-spruce,342.72384643554688,4.5025782585144043,2.40665340423584,2.09592342376709,0.91408973932266235,0,1.2942739725112915,5,58.296417236328125,0.34684732556343079,0.0078557897359132767,0.00093668332556262612,41,532,29.4905,0
thin0.40000000596046448_browse0_clear1,1,96,sitka-spruce,1296.6002197265625,8.9483222961425781,3.9635293483734131,4.9847922325134277,0.79065495729446411,0,2.2521111965179443,6,59.217182159423828,0.34911158680915833,0.0066530415788292885,0.0006259906804189086,45,534,32.08,0
thin0.40000000596046448_browse0_clear1,1,97,sitka-spruce,332.43841552734375,4.4355297088623047,2.2755320072174072,2.1599979400634766,0.4914078414440155,0,0.50771045684814453,3,60.493595123291016,0.35595041513442993,0.0058941175229847431,0.0003608627594076097,38,544,27.8534,0
thin0.40000000596046448_browse0_clear1,1,98,sitka-spruce,324.58349609375,4.3801894187927246,2.1689004898071289,2.2112894058227539,0.40228360891342163,0,2.6418437957763672,9,59.618366241455078,0.363194078207016,0.0053777890279889107,0.00019847451767418534,43,548,35.6066,0
thin0.40000000596046448_browse0_clear1,1,99,sitka-spruce,1234.1341552734375,8.727534294128418,4.5331315994262695,4.1944026947021484,0.56248360872268677,0,2.6977884769439697,6,60.891227722167969,0.36065664887428284,0.0044188364408910275,0.00010916098835878074,47,550,32.3504,0
thin0.40000000596046448_browse0_clear1,1,100,sitka-spruce,819.87628173828125,7.0344967842102051,3.1289715766906738,3.9055259227752686,0.38623917102813721,0,0.6507103443145752,3,62.983249664306641,0.3553987443447113,0.0035169832408428192,6.0038542869733647E-05,46,554,29.6704,0
thin0.40000000596046448_browse0_clear5,0,1,sitka-spruce,260.42938232421875,1.9072985649108887,1.9072985649108887,0,0,0,0,0,1.9072984457015991,0.054002363234758377,0.00040856498526409268,0,202,0,111.1799,9
thin0.40000000596046448_browse0_clear5,0,2,sitka-spruce,194.89288330078125,1.5313607454299927,1.5313607454299927,0,0.027437150478363037,0,0,0,3.411221981048584,0.064012236893177032,0.022244762629270554,0.01444542407989502,202,0,94.983100000000007,0
thin0.40000000596046448_browse0_clear5,0,3,sitka-spruce,689.147216796875,3.9998676776885986,3.9998676776885986,0,0.034455768764019012,0,0,0,7.3766336441040039,0.07188783586025238,0.038348890841007233,0.025615673512220383,202,0,102.8399,0
thin0.40000000596046448_browse0_clear5,0,4,sitka-spruce,349.26296997070313,2.5752522945404053,2.5752522945404053,0,0.091585323214530945,0,0,0,9.86030101776123,0.078006714582443237,0.050223283469676971,0.034312121570110321,202,0,84.6012,0
thin0.40000000596046448_browse0_clear5,0,5,sitka-spruce,417.92758178710938,2.9762272834777832,2.9762272834777832,0,0.10363911837339401,0,0,0,5.60764741897583,0.059780273586511612,0,0,202,0,81.75200000000001,11
thin0.40000000596046448_browse0_clear5,0,6,sitka-spruce,1208.531494140625,5.4190292358398438,5.4190292358398438,0,0.11835190653800964,0,0,0,10.9083251953125,0.071269482374191284,0.02449328638613224,0.017956476658582687,202,0,82.66510000000001,0
thin0.40000000596046448_browse0_clear5,0,7,sitka-spruce,1367.7579345703125,5.7477526664733887,5.7477526664733887,0,0.19378890097141266,0,0,0,16.462289810180664,0.080250844359397888,0.04205954447388649,0.031162790954113007,202,0,82.1483,0
thin0.40000000596046448_browse0_clear5,0,8,sitka-spruce,2287.81201171875,6.5072298049926758,6.5072298049926758,0,0.2165076732635498,0,0,0,22.753011703491211,0.087467551231384277,0.054556608200073242,0.040935099124908447,202,0,82.592,0
thin0.40000000596046448_browse0_clear5,0,9,sitka-spruce,673.19354248046875,4.42152738571167,4.0787758827209473,0.34275162220001221,0.25234496593475342,0,0,0,26.579442977905273,0.093128077685832977,0.063287787139415741,0.048247534781694412,202,0,82.479,0
thin0.40000000596046448_browse0_clear5,0,10,sitka-spruce,737.080078125,4.7569136619567871,4.5596232414245605,0.19729034602642059,0.2674051821231842,0,0,0,13.987404823303223,0.076219968497753143,0,0,202,0,79.362000000000009,12
thin0.40000000596046448_browse0_clear5,0,11,sitka-spruce,729.30303955078125,4.8217549324035645,4.5657105445861816,0.25604403018951416,0.28746581077575684,0,0,0,18.265651702880859,0.0865548700094223,0.024876035749912262,0.02015366218984127,202,0,71.8224,0
thin0.40000000596046448_browse0_clear5,0,12,sitka-spruce,1810.4583740234375,6.7993412017822266,5.9114570617675781,0.88788366317749023,0.30532607436180115,0,0,0,23.871782302856445,0.094321414828300476,0.042102564126253128,0.034425608813762665,202,0,69.3809,0
thin0.40000000596046448_browse0_clear5,0,13,sitka-spruce,1803.28662109375,6.8891830444335938,5.7250461578369141,1.1641373634338379,0.35168763995170593,0,0,0,29.245140075683594,0.10021280497312546,0.053939338773489,0.044486381113529205,202,0,65.2911,0
thin0.40000000596046448_browse0_clear5,0,14,sitka-spruce,720.3515625,4.9911813735961914,3.5266797542572021,1.4645006656646729,0.39139428734779358,0,0,0,32.380424499511719,0.10472230613231659,0.06197347491979599,0.051501188427209854,202,0,63.3292,0
thin0.40000000596046448_browse0_clear5,0,15,sitka-spruce,2703.75048828125,7.3642725944519043,6.1302909851074219,1.2339823246002197,0.39263761043548584,0,0,0,20.402009963989258,0.086588256061077118,0,0,202,0,59.037600000000005,12
thin0.40000000596046448_browse0_clear5,0,16,sitka-spruce,723.0107421875,5.0623974800109863,4.2078647613525391,0.85453325510025024,0.55960088968276978,0,0,0,24.050273895263672,0.095638066530227661,0.02364029735326767,0.020052656531333923,202,0,56.176300000000005,0
thin0.40000000596046448_browse0_clear5,0,17,sitka-spruce,713.39990234375,5.3026528358459473,4.4580402374267578,0.84461236000061035,0.50634533166885376,0,0,0,28.001970291137695,0.1036103218793869,0.040674980729818344,0.033929258584976196,199,3,71.1233,0
thin0.40000000596046448_browse0_clear5,0,18,sitka-spruce,1795.855712890625,7.4187545776367188,6.2447900772094727,1.1739637851715088,0.4869445264339447,0,0.13944196701049805,1,33.6203727722168,0.10935217887163162,0.052170556038618088,0.043191049247980118,200,3,52.100100000000005,0
thin0.40000000596046448_browse0_clear5,0,19,sitka-spruce,710.84552001953125,5.3044042587280273,3.1988720893859863,2.1055319309234619,0.50716167688369751,0,0,0,36.312084197998047,0.11375032365322113,0.059750687330961227,0.049196884036064148,196,7,66.9483,0
thin0.40000000596046448_browse0_clear5,0,20,sitka-spruce,704.84765625,5.2841148376464844,4.3367624282836914,0.94735270738601685,0.49212545156478882,0,0.76757770776748657,3,20.286785125732422,0.085637949407100677,0,0,195,11,75.3818,13
thin0.40000000596046448_browse0_clear5,0,21,sitka-spruce,1753.98046875,7.1553196907043457,6.591801643371582,0.563517689704895,0.482327401638031,0,0,0,26.396257400512695,0.092911310493946075,0.023727240040898323,0.019697623327374458,192,14,57.6353,0
thin0.40000000596046448_browse0_clear5,0,22,sitka-spruce,2629.479248046875,7.6503825187683105,6.76950216293335,0.88087964057922363,0.50570392608642578,0,0,0,32.660057067871094,0.10069550573825836,0.039734389632940292,0.032947294414043427,189,17,54.0957,0
thin0.40000000596046448_browse0_clear5,0,23,sitka-spruce,1770.625732421875,7.2010307312011719,5.914729118347168,1.2863010168075562,0.53941655158996582,0,0.4800410270690918,1,37.555328369140625,0.10605324804782867,0.050309371203184128,0.041590556502342224,189,18,53.8224,0
thin0.40000000596046448_browse0_clear5,0,24,sitka-spruce,1765.522705078125,7.2083301544189453,1.743559718132019,5.4647717475891113,0.7800406813621521,0,0.60793572664260864,1,37.910911560058594,0.11042968183755875,0.0570952482521534,0.047124855220317841,185,23,54.578900000000004,0
thin0.40000000596046448_browse0_clear5,0,25,sitka-spruce,2643.387939453125,7.8522772789001465,7.0020794868469238,0.85019773244857788,0.7146027684211731,0,0.49989575147628784,1,24.1984920501709,0.083580382168293,0,0,181,28,53.136,13
thin0.40000000596046448_browse0_clear5,0,26,sitka-spruce,1737.300048828125,7.701998233795166,6.5858182907104492,1.1161808967590332,0.99322354793548584,0,0.39816150069236755,1,29.392925262451172,0.10133302956819534,0.02193417027592659,0.018453314900398254,175,35,51.294700000000006,0
thin0.40000000596046448_browse0_clear5,0,27,sitka-spruce,664.41448974609375,5.8368678092956543,5.1488046646118164,0.688063383102417,0.5439610481262207,0,1.1709308624267578,3,32.826839447021484,0.12181125581264496,0.036706637591123581,0.030646588653326035,165,48,53.0549,0
thin0.40000000596046448_browse0_clear5,0,28,sitka-spruce,1650.6441650390625,8.22402286529541,7.3563838005065918,0.86763882637023926,0.52680480480194092,0,0.43096932768821716,1,39.225448608398438,0.13560867309570313,0.046082176268100739,0.03916521742939949,160,54,47.388000000000005,0
thin0.40000000596046448_browse0_clear5,0,29,sitka-spruce,1622.866943359375,8.5461339950561523,3.563762903213501,4.9823708534240723,0.51636046171188354,0,0.31292715668678284,1,41.959922790527344,0.14435116946697235,0.054239608347415924,0.045886494219303131,153,62,47.3564,0
thin0.40000000596046448_browse0_clear5,0,30,sitka-spruce,2425.8310546875,9.0121946334838867,7.814544677734375,1.1976487636566162,1.1242321729660034,0,0,0,26.463163375854492,0.10027482360601425,0,0,147,68,43.0552,15
thin0.40000000596046448_browse0_clear5,0,31,sitka-spruce,2439.564453125,9.1494131088256836,7.3289046287536621,1.8205094337463379,1.0645227432250977,0,0.35217121243476868,1,32.375373840332031,0.1196218803524971,0.020617969334125519,0.015735289081931114,145,71,43.2399,0
thin0.40000000596046448_browse0_clear5,0,32,sitka-spruce,1663.457275390625,8.4433794021606445,6.8917174339294434,1.5516632795333862,1.0315264463424683,0,0,0,38.235565185546875,0.1324426680803299,0.033722143620252609,0.025785211473703384,144,72,42.244800000000005,0
thin0.40000000596046448_browse0_clear5,0,33,sitka-spruce,648.2935791015625,6.0525650978088379,4.8371429443359375,1.2154219150543213,1.0810221433639526,0,0.1073271632194519,1,41.884357452392578,0.13914859294891357,0.045743245631456375,0.035744093358516693,137,80,42.7078,0
thin0.40000000596046448_browse0_clear5,0,34,sitka-spruce,635.90667724609375,6.2772231101989746,2.5025336742401123,3.7746894359588623,0.77720409631729126,0,0.011240690946578979,1,43.598445892333984,0.14954705536365509,0.053656652569770813,0.04202435165643692,131,87,42.1698,0
thin0.40000000596046448_browse0_clear5,0,35,sitka-spruce,605.379150390625,6.4233050346374512,5.4915876388549805,0.93171781301498413,0.6644635796546936,0,0.31948482990264893,1,25.646551132202148,0.11001081764698029,8.1976992078125477E-05,0,121,98,39.377,15
thin0.40000000596046448_browse0_clear5,0,36,sitka-spruce,603.80450439453125,6.4795265197753906,5.2856998443603516,1.1938256025314331,0.76448720693588257,0,0.731210470199585,1,29.436552047729492,0.13672971725463867,0.022847326472401619,0.01868632435798645,118,102,36.3158,0
thin0.40000000596046448_browse0_clear5,0,37,sitka-spruce,617.84771728515625,6.3650336265563965,5.0770530700683594,1.2879812717437744,0.7089846134185791,0,0.83008736371994019,2,32.974533081054688,0.15401016175746918,0.038251649588346481,0.031625546514987946,119,103,36.630500000000005,0
thin0.40000000596046448_browse0_clear5,0,38,sitka-spruce,617.88616943359375,6.4677438735961914,5.3478264808654785,1.1199170351028442,0.661521315574646,0,0.10189008712768555,1,37.5589485168457,0.16716864705085754,0.048895932734012604,0.039807397872209549,116,107,36.2581,0
thin0.40000000596046448_browse0_clear5,0,39,sitka-spruce,1545.399169921875,9.5642175674438477,7.9390559196472168,1.6251612901687622,0.690720796585083,0,0.569355309009552,1,44.2379264831543,0.17449569702148438,0.057608760893344879,0.046495690941810608,113,111,35.1776,0
thin0.40000000596046448_browse0_clear5,0,40,sitka-spruce,624.318359375,6.4602518081665039,5.860966682434082,0.599285364151001,0.69446736574172974,0,0,0,27.872467041015625,0.13063117861747742,0.00010298593406332657,0,110,114,32.6342,15
thin0.40000000596046448_browse0_clear5,0,41,sitka-spruce,1555.38916015625,9.2869300842285156,7.9699368476867676,1.3169933557510376,0.64649456739425659,0,0.56688272953033447,2,34.6290283203125,0.14892750978469849,0.0213992390781641,0.016460085287690163,109,117,33.3925,0
thin0.40000000596046448_browse0_clear5,0,42,sitka-spruce,1547.271484375,9.1877565383911133,7.4088897705078125,1.7788679599761963,0.65288937091827393,0,0.90213745832443237,2,40.482891082763672,0.16136416792869568,0.03703819215297699,0.029369117692112923,106,122,36.0004,0
thin0.40000000596046448_browse0_clear5,0,43,sitka-spruce,1508.913330078125,9.3036088943481445,7.3434958457946777,1.9601123332977295,1.0822576284408569,0,0,0,46.7441291809082,0.17046399414539337,0.0480656735599041,0.038555432111024857,100,128,30.816100000000002,0
thin0.40000000596046448_browse0_clear5,0,44,sitka-spruce,1519.3734130859375,9.4828586578369141,3.6974024772644043,5.785456657409668,0.77697902917861938,0,0,0,49.664554595947266,0.18140554428100586,0.054713018238544464,0.043620660901069641,97,131,29.8047,0
thin0.40000000596046448_browse0_clear5,0,45,sitka-spruce,1513.0992431640625,9.3599176406860352,6.6097917556762695,2.7501235008239746,1.2327017784118652,0,0.4701506495475769,1,36.571495056152344,0.16135229170322418,0.00013967309496365488,0,95,134,29.976000000000003,12
thin0.40000000596046448_browse0_clear5,0,46,sitka-spruce,613.90606689453125,6.295562744140625,4.2361311912536621,2.0594315528869629,1.0374600887298584,0,0,0,39.770164489746094,0.17657911777496338,0.019180959090590477,0.014193339273333549,94,135,28.1749,0
thin0.40000000596046448_browse0_clear5,0,47,sitka-spruce,1480.7174072265625,9.6501789093017578,6.1634106636047363,3.4867708683013916,0.89640617370605469,0,1.6812803745269775,3,43.355888366699219,0.18799476325511932,0.034986235201358795,0.025512626394629478,91,141,31.270000000000003,0
thin0.40000000596046448_browse0_clear5,0,48,sitka-spruce,588.2587890625,6.5531072616577148,4.4915952682495117,2.0615105628967285,1.3885469436645508,0,1.4387804269790649,3,45.020156860351563,0.19592106342315674,0.04493878036737442,0.031491547822952271,89,146,33.1176,0
thin0.40000000596046448_browse0_clear5,0,49,sitka-spruce,602.6605224609375,6.4964189529418945,4.0866074562072754,2.4098122119903564,1.3430782556533813,0,0.59180653095245361,1,47.171878814697266,0.20299218595027924,0.049506377428770065,0.032869156450033188,88,148,29.9963,0
thin0.40000000596046448_browse0_clear5,0,50,sitka-spruce,2299.68798828125,10.032885551452637,7.5919947624206543,2.4408893585205078,1.189788818359375,0,0.92954176664352417,2,33.398273468017578,0.1560901552438736,5.7128265325445682E-05,0,89,149,30.3111,14
thin0.40000000596046448_browse0_clear5,0,51,sitka-spruce,605.1717529296875,6.4076838493347168,4.722409725189209,1.6852731704711914,1.118553638458252,0,0.42359396815299988,1,36.578536987304688,0.17725871503353119,0.0165670495480299,0.01027571689337492,86,153,29.8473,0
thin0.40000000596046448_browse0_clear5,0,52,sitka-spruce,2297.858642578125,9.888127326965332,7.5568199157714844,2.3313076496124268,1.002740740776062,0,0.82550674676895142,2,42.307109832763672,0.19058501720428467,0.027987472712993622,0.017987744882702827,86,155,29.9009,0
thin0.40000000596046448_browse0_clear5,0,53,sitka-spruce,1552.16064453125,9.0261011123657227,6.9404973983764648,2.0856037139892578,1.096510648727417,0,0.302565336227417,1,47.848529815673828,0.19857572019100189,0.034814786165952682,0.022767791524529457,85,157,29.1075,0
thin0.40000000596046448_browse0_clear5,0,54,sitka-spruce,618.39068603515625,6.1471419334411621,2.4711334705352783,3.6760072708129883,1.2549408674240112,0,0,0,49.064723968505859,0.20503893494606018,0.039725452661514282,0.02796369232237339,83,159,27.3491,0
thin0.40000000596046448_browse0_clear5,0,55,sitka-spruce,1528.5543212890625,9.1114110946655273,6.5110611915588379,2.6003484725952148,1.2843019962310791,0,0.33164694905281067,2,34.486141204833984,0.16154089570045471,5.4257161536952481E-05,0,82,162,28.9648,13
thin0.40000000596046448_browse0_clear5,0,56,sitka-spruce,613.66741943359375,6.2439565658569336,4.4360752105712891,1.8078804016113281,1.1085538864135742,0,1.4138716459274292,3,36.3997917175293,0.18537452816963196,0.013965649530291557,0.010785634629428387,80,167,30.8841,0
thin0.40000000596046448_browse0_clear5,0,57,sitka-spruce,1538.22216796875,8.7789363861083984,6.5408329963684082,2.2381036281585693,0.99251753091812134,0,1.9443883895874023,5,40.003719329833984,0.19733567535877228,0.023528292775154114,0.017721006646752357,84,168,33.135400000000004,0
thin0.40000000596046448_browse0_clear5,0,58,sitka-spruce,2250.015625,10.019626617431641,7.8649168014526367,2.1547071933746338,0.73910242319107056,0,0.91535019874572754,2,46.214187622070313,0.21594750881195068,0.03020046278834343,0.022134954109787941,75,179,32.063,0
thin0.40000000596046448_browse0_clear5,0,59,sitka-spruce,1481.3984375,9.4389066696167,4.6529040336608887,4.7860016822814941,0.73617786169052124,0,0.67652636766433716,2,49.454383850097656,0.22822929918766022,0.035201746970415115,0.024664724245667458,73,183,28.229300000000002,0
thin0.40000000596046448_browse0_clear5,0,60,sitka-spruce,1457.0416259765625,9.13219928741455,6.0597705841064453,3.0724265575408936,0.89984726905822754,0,2.0175940990448,4,39.112636566162109,0.20806841552257538,4.6005083277123049E-05,0,74,186,30.7403,9
thin0.40000000596046448_browse0_clear5,0,61,sitka-spruce,2218.365478515625,9.5816373825073242,6.4664506912231445,3.115185022354126,0.87295156717300415,0,2.4982242584228516,4,42.207912445068359,0.22188927233219147,0.012035113759338856,0.0075605232268571854,74,190,31.0165,0
thin0.40000000596046448_browse0_clear5,0,62,sitka-spruce,1454.7955322265625,9.2892265319824219,6.8515725135803223,2.4376540184020996,1.0558203458786011,0,0.24411973357200623,1,47.759544372558594,0.23692652583122253,0.020088415592908859,0.0121782086789608,67,198,27.062,0
thin0.40000000596046448_browse0_clear5,0,63,sitka-spruce,1435.1534423828125,9.1533203125,5.8214373588562012,3.3318824768066406,1.0723391771316528,0,1.492124080657959,3,51.016521453857422,0.24908052384853363,0.024758258834481239,0.014754000119864941,67,201,27.9416,0
thin0.40000000596046448_browse0_clear5,0,64,sitka-spruce,570.31005859375,5.9866499900817871,2.1445224285125732,3.8421275615692139,1.0423427820205688,0,0,0,52.118698120117188,0.25797468423843384,0.027599779888987541,0.017075173556804657,63,205,22.3014,0
thin0.40000000596046448_browse0_clear5,0,65,sitka-spruce,511.34295654296875,6.5532426834106445,4.4603357315063477,2.0929079055786133,0.896908700466156,0,0.66020500659942627,1,41.521923065185547,0.24219371378421783,0.00079051853390410542,0,57,212,23.5744,9
thin0.40000000596046448_browse0_clear5,0,66,sitka-spruce,498.88107299804688,6.6382904052734375,4.572723388671875,2.0655665397644043,0.59137594699859619,0,1.1121115684509277,3,44.391159057617188,0.26711633801460266,0.013961941003799438,0.0077528436668217182,57,215,23.546200000000002,0
thin0.40000000596046448_browse0_clear5,0,67,sitka-spruce,1259.689697265625,10.046614646911621,6.8280105590820313,3.2186059951782227,0.56192862987518311,0,0,0,50.6572380065918,0.282876580953598,0.021333564072847366,0.011717604473233223,56,216,19.719,0
thin0.40000000596046448_browse0_clear5,0,68,sitka-spruce,1269.1424560546875,9.8120298385620117,6.2387008666992188,3.5733273029327393,0.58407747745513916,0,1.3967039585113525,4,54.915157318115234,0.29396528005599976,0.024912105873227119,0.013431367464363575,59,217,27.209400000000002,0
thin0.40000000596046448_browse0_clear5,0,69,sitka-spruce,516.31622314453125,6.0946903228759766,3.700505256652832,2.39418363571167,1.0364928245544434,0,0.013319176621735096,1,57.565853118896484,0.29907885193824768,0.026152694597840309,0.013902770355343819,58,219,23.3916,0
thin0.40000000596046448_browse0_clear5,0,70,sitka-spruce,520.39776611328125,5.9698634147644043,3.5920200347900391,2.3778438568115234,0.9201694130897522,0,0.24459075927734375,3,47.045261383056641,0.26048150658607483,0.00019319281273055822,0,60,220,25.7547,9
thin0.40000000596046448_browse0_clear5,0,71,sitka-spruce,520.0509033203125,5.7909531593322754,3.395108699798584,2.3958461284637451,1.3873863220214844,0,0.58679354190826416,1,48.466190338134766,0.27223089337348938,0.0068954611197113991,0.0032752996776252985,58,223,26.6657,0
thin0.40000000596046448_browse0_clear5,0,72,sitka-spruce,1267.146240234375,9.2904205322265625,5.4902763366699219,3.8001444339752197,0.80854737758636475,0,1.460928201675415,4,51.686992645263672,0.28383356332778931,0.012057499028742313,0.0053162151016294956,58,227,28.543300000000002,0
thin0.40000000596046448_browse0_clear5,0,73,sitka-spruce,1242.6929931640625,9.106022834777832,5.9725151062011719,3.1335091590881348,0.74371218681335449,0,1.2093715667724609,2,55.706424713134766,0.29208946228027344,0.015062923543155193,0.0060888491570949554,54,233,24.0149,0
thin0.40000000596046448_browse0_clear5,0,74,sitka-spruce,1835.0760498046875,9.7781553268432617,5.4552512168884277,4.3229026794433594,0.862845778465271,0,0.63655024766922,2,59.662281036376953,0.29683786630630493,0.016196740791201591,0.0056284638121724129,53,236,24.3264,0
thin0.40000000596046448_browse0_clear5,0,75,sitka-spruce,1205.5069580078125,8.5840167999267578,5.1638298034667969,3.4201862812042236,1.5041608810424805,0,1.4118239879608154,3,50.366043090820313,0.25729870796203613,4.1991101170424372E-05,0,53,239,24.7421,8
thin0.40000000596046448_browse0_clear5,0,76,sitka-spruce,1178.9383544921875,8.5547933578491211,4.846372127532959,3.7084183692932129,1.3569835424423218,0,1.7059683799743652,5,52.149463653564453,0.27433693408966064,0.0043861051090061665,0.000690505257807672,54,243,28.087200000000003,0
thin0.40000000596046448_browse0_clear5,0,77,sitka-spruce,1149.489990234375,8.5778360366821289,5.332636833190918,3.2451984882354736,1.1783905029296875,0,1.1437114477157593,5,55.159999847412109,0.28950664401054382,0.006879894994199276,0.00092317449161782861,53,249,30.2683,0
thin0.40000000596046448_browse0_clear5,0,78,sitka-spruce,450.06893920898438,5.2140722274780273,3.1591439247131348,2.0549283027648926,1.5678222179412842,0,1.4813956022262573,3,55.269927978515625,0.29802080988883972,0.010208014398813248,0.0026458974462002516,50,255,25.305600000000002,0
thin0.40000000596046448_browse0_clear5,0,79,sitka-spruce,439.6256103515625,5.128781795501709,2.8170433044433594,2.3117389678955078,1.2911466360092163,0,1.4510815143585205,3,55.344741821289063,0.30367082357406616,0.013697127811610699,0.006196439266204834,49,259,24.6326,0
thin0.40000000596046448_browse0_clear5,0,80,sitka-spruce,1076.1846923828125,8.5200920104980469,5.2052721977233887,3.3148188591003418,1.0406606197357178,0,2.3520679473876953,5,47.134845733642578,0.27481016516685486,2.1133469090273138E-06,0,50,263,27.189600000000002,7
thin0.40000000596046448_browse0_clear5,0,81,sitka-spruce,418.02816772460938,5.3139638900756836,3.5909998416900635,1.7229654788970947,0.99122822284698486,0,0.76369726657867432,3,48.970916748046875,0.29286149144172668,0.0065090409480035305,0.0038817618042230606,47,269,27.297600000000003,0
thin0.40000000596046448_browse0_clear5,0,82,sitka-spruce,1581.68310546875,9.7084131240844727,5.9159030914306641,3.7925083637237549,0.88272744417190552,0,3.6080703735351563,6,50.396022796630859,0.30283623933792114,0.010462452657520771,0.00613913219422102,51,271,29.0073,0
thin0.40000000596046448_browse0_clear5,0,83,sitka-spruce,1023.9756469726563,8.7105627059936523,5.60658597946167,3.1039779186248779,0.85822629928588867,0,1.6138821840286255,4,53.530498504638672,0.31458878517150879,0.012692860327661037,0.007275173906236887,47,279,28.093700000000002,0
thin0.40000000596046448_browse0_clear5,0,84,sitka-spruce,400.05490112304688,5.1194534301757813,3.5324532985687256,1.5870010852813721,1.3939659595489502,0,1.5332026481628418,4,54.135784149169922,0.32090038061141968,0.015242173336446285,0.0087400348857045174,46,284,26.962500000000002,0
thin0.40000000596046448_browse0_clear5,0,85,sitka-spruce,971.50128173828125,8.7457294464111328,6.382347583770752,2.3633818626403809,0.95916092395782471,0,2.4257235527038574,3,47.851203918457031,0.28811341524124146,0.0015452078077942133,0.00097412028117105365,44,289,25.3095,7
thin0.40000000596046448_browse0_clear5,0,86,sitka-spruce,971.50128173828125,8.3925294876098633,5.3087573051452637,3.0837728977203369,0.91023862361907959,0,1.9309512376785278,5,50.318771362304688,0.29908663034439087,0.0077709550969302654,0.0043215551413595676,48,290,26.494500000000002,0
thin0.40000000596046448_browse0_clear5,0,87,sitka-spruce,949.7633056640625,8.6162109375,5.1447353363037109,3.4714744091033936,0.838693380355835,0,1.7223062515258789,3,52.902507781982422,0.31335324048995972,0.0115506611764431,0.0061136335134506226,43,298,27.934700000000003,0
thin0.40000000596046448_browse0_clear5,0,88,sitka-spruce,371.6807861328125,4.9882450103759766,3.2785153388977051,1.7097309827804565,0.74824100732803345,0,0.89879918098449707,3,54.533985137939453,0.32574617862701416,0.013633262366056442,0.0067256893962621689,42,302,23.8124,0
thin0.40000000596046448_browse0_clear5,0,89,sitka-spruce,937.878173828125,8.28623104095459,5.501096248626709,2.7851347923278809,0.66759729385375977,0,0.59405249357223511,2,58.773429870605469,0.32948946952819824,0.01448445301502943,0.0066496413201093674,43,303,21.1218,0
thin0.40000000596046448_browse0_clear5,0,90,sitka-spruce,907.1036376953125,8.3275432586669922,5.7835822105407715,2.5439610481262207,0.62450432777404785,0,0.91986846923828125,2,54.197147369384766,0.30692356824874878,3.5845982893079054E-07,0,40,308,22.770400000000002,6
thin0.40000000596046448_browse0_clear5,0,91,sitka-spruce,889.38055419921875,8.154088020324707,4.5470457077026367,3.6070435047149658,0.82967191934585571,0,2.2301595211029053,5,55.684360504150391,0.3210112452507019,0.00420480826869607,0.0015386389568448067,42,311,27.226200000000002,0
thin0.40000000596046448_browse0_clear5,0,92,sitka-spruce,895.61328125,7.8521909713745117,4.38441801071167,3.4677743911743164,0.78116822242736816,0,2.0421772003173828,6,57.245433807373047,0.32689318060874939,0.006697001401335001,0.0025182394310832024,45,314,29.017400000000002,0
thin0.40000000596046448_browse0_clear5,0,93,sitka-spruce,363.09848022460938,4.26810359954834,2.6385781764984131,1.6295242309570313,1.0384498834609985,0,0.50223171710968018,1,58.343330383300781,0.32689279317855835,0.0079267360270023346,0.0031398800201714039,43,317,21.730700000000002,0
thin0.40000000596046448_browse0_clear5,0,94,sitka-spruce,346.77584838867188,4.3303418159484863,2.8581383228302,1.4722033739089966,1.1454572677612305,0,0.39552164077758789,3,59.660488128662109,0.33412572741508484,0.0085251247510313988,0.0035140994004905224,39,324,25.380000000000003,0
thin0.40000000596046448_browse0_clear5,0,95,sitka-spruce,349.2510986328125,4.19111442565918,2.7530488967895508,1.4380650520324707,0.983755886554718,0,2.36601185798645,6,52.725982666015625,0.30697688460350037,1.1599400750128552E-05,0,43,326,28.457800000000002,5
thin0.40000000596046448_browse0_clear5,0,96,sitka-spruce,1270.8634033203125,8.7868766784667969,5.3109827041625977,3.4758930206298828,0.74509578943252563,0,0.69388413429260254,3,56.597988128662109,0.321686327457428,0.0023810279089957476,0.0011584069579839706,38,334,25.3609,0
thin0.40000000596046448_browse0_clear5,0,97,sitka-spruce,338.89694213867188,4.0315117835998535,2.4704968929290771,1.5610145330429077,1.0151983499526978,0,1.8599851131439209,3,56.193302154541016,0.32806277275085449,0.0037356752436608076,0.0018789935857057571,39,336,23.4598,0
thin0.40000000596046448_browse0_clear5,0,98,sitka-spruce,328.58926391601563,4.1614065170288086,2.5079619884490967,1.6534442901611328,0.8300703763961792,0,1.3535654544830322,5,56.517627716064453,0.33370187878608704,0.0059694778174161911,0.003014247165992856,39,341,26.435200000000002,0
thin0.40000000596046448_browse0_clear5,0,99,sitka-spruce,1250.026123046875,8.5199699401855469,5.0932865142822266,3.426682710647583,1.0122089385986328,0,0.58629250526428223,1,60.012413024902344,0.33251801133155823,0.0071278195828199387,0.0035817869938910007,39,342,19.3199,0
thin0.40000000596046448_browse0_clear5,0,100,sitka-spruce,795.4781494140625,7.5753746032714844,4.886897087097168,2.6884760856628418,0.96075844764709473,0,1.629980206489563,3,55.9092903137207,0.3070661723613739,0.00083979906048625708,0.00013834581477567554,36,348,25.1672,5
thin0.40000000596046448_browse0_clear5,1,1,sitka-spruce,260.42938232421875,1.9072985649108887,1.9072985649108887,0,0,0,0,0,1.9072984457015991,0.054002363234758377,0.00040856498526409268,0,202,0,105.90650000000001,9
thin0.40000000596046448_browse0_clear5,1,2,sitka-spruce,194.89288330078125,1.5313607454299927,1.5313607454299927,0,0.027437150478363037,0,0,0,3.411221981048584,0.064012236893177032,0.022244762629270554,0.01444542407989502,202,0,100.6383,0
thin0.40000000596046448_browse0_clear5,1,3,sitka-spruce,689.147216796875,3.9998676776885986,3.9998676776885986,0,0.034455768764019012,0,0,0,7.3766336441040039,0.07188783586025238,0.038348890841007233,0.025615673512220383,202,0,85.0025,0
thin0.40000000596046448_browse0_clear5,1,4,sitka-spruce,349.26296997070313,2.5752522945404053,2.5752522945404053,0,0.091585323214530945,0,0,0,9.86030101776123,0.078006714582443237,0.050223283469676971,0.034312121570110321,202,0,82.1229,0
thin0.40000000596046448_browse0_clear5,1,5,sitka-spruce,417.92758178710938,2.9762272834777832,2.9762272834777832,0,0.10363911837339401,0,0,0,5.60764741897583,0.059780273586511612,0,0,202,0,79.8797,11
thin0.40000000596046448_browse0_clear5,1,6,sitka-spruce,1208.531494140625,5.4190292358398438,5.4190292358398438,0,0.11835190653800964,0,0,0,10.9083251953125,0.071269482374191284,0.02449328638613224,0.017956476658582687,202,0,80.0999,0
thin0.40000000596046448_browse0_clear5,1,7,sitka-spruce,1367.7579345703125,5.7477526664733887,5.7477526664733887,0,0.19378890097141266,0,0,0,16.462289810180664,0.080250844359397888,0.04205954447388649,0.031162790954113007,202,0,82.1907,0
thin0.40000000596046448_browse0_clear5,1,8,sitka-spruce,2287.81201171875,6.5072298049926758,6.5072298049926758,0,0.2165076732635498,0,0,0,22.753011703491211,0.087467551231384277,0.054556608200073242,0.040935099124908447,202,0,80.8584,0
thin0.40000000596046448_browse0_clear5,1,9,sitka-spruce,673.19354248046875,4.42152738571167,4.0787758827209473,0.34275162220001221,0.25234496593475342,0,0,0,26.579442977905273,0.093128077685832977,0.063287787139415741,0.048247534781694412,202,0,80.9274,0
thin0.40000000596046448_browse0_clear5,1,10,sitka-spruce,737.080078125,4.7569136619567871,4.5596232414245605,0.19729034602642059,0.2674051821231842,0,0,0,13.987404823303223,0.076219968497753143,0,0,202,0,77.664700000000011,12
thin0.40000000596046448_browse0_clear5,1,11,sitka-spruce,729.30303955078125,4.8217549324035645,4.5657105445861816,0.25604403018951416,0.28746581077575684,0,0,0,18.265651702880859,0.0865548700094223,0.024876035749912262,0.02015366218984127,202,0,71.924,0
thin0.40000000596046448_browse0_clear5,1,12,sitka-spruce,1810.4583740234375,6.7993412017822266,5.9114570617675781,0.88788366317749023,0.30532607436180115,0,0,0,23.871782302856445,0.094321414828300476,0.042102564126253128,0.034425608813762665,202,0,72.2157,0
thin0.40000000596046448_browse0_clear5,1,13,sitka-spruce,1803.28662109375,6.8891830444335938,5.7250461578369141,1.1641373634338379,0.35168763995170593,0,0,0,29.245140075683594,0.10021280497312546,0.053939338773489,0.044486381113529205,202,0,67.912500000000009,0
thin0.40000000596046448_browse0_clear5,1,14,sitka-spruce,720.3515625,4.9911813735961914,3.5266797542572021,1.4645006656646729,0.39139428734779358,0,0,0,32.380424499511719,0.10472230613231659,0.06197347491979599,0.051501188427209854,202,0,63.280800000000006,0
thin0.40000000596046448_browse0_clear5,1,15,sitka-spruce,2703.75048828125,7.3642725944519043,6.1302909851074219,1.2339823246002197,0.39263761043548584,0,0,0,20.402009963989258,0.086588256061077118,0,0,202,0,61.663700000000006,12
thin0.40000000596046448_browse0_clear5,1,16,sitka-spruce,723.0107421875,5.0623974800109863,4.2078647613525391,0.85453325510025024,0.55960088968276978,0,0,0,24.050273895263672,0.095638066530227661,0.02364029735326767,0.020052656531333923,202,0,56.276900000000005,0
thin0.40000000596046448_browse0_clear5,1,17,sitka-spruce,713.39990234375,5.3026528358459473,4.4580402374267578,0.84461236000061035,0.50634533166885376,0,0,0,28.001970291137695,0.1036103218793869,0.040674980729818344,0.033929258584976196,199,3,71.8656,0
thin0.40000000596046448_browse0_clear5,1,18,sitka-spruce,1795.855712890625,7.4187545776367188,6.2447900772094727,1.1739637851715088,0.4869445264339447,0,0.13944196701049805,1,33.6203727722168,0.10935217887163162,0.052170556038618088,0.043191049247980118,200,3,51.6102,0
thin0.40000000596046448_browse0_clear5,1,19,sitka-spruce,710.84552001953125,5.3044042587280273,3.1988720893859863,2.1055319309234619,0.50716167688369751,0,0,0,36.312084197998047,0.11375032365322113,0.059750687330961227,0.049196884036064148,196,7,68.7981,0
thin0.40000000596046448_browse0_clear5,1,20,sitka-spruce,704.84765625,5.2841148376464844,4.3367624282836914,0.94735270738601685,0.49212545156478882,0,0.76757770776748657,3,20.286785125732422,0.085637949407100677,0,0,195,11,74.911,13
thin0.40000000596046448_browse0_clear5,1,21,sitka-spruce,1753.98046875,7.1553196907043457,6.591801643371582,0.563517689704895,0.482327401638031,0,0,0,26.396257400512695,0.092911310493946075,0.023727240040898323,0.019697623327374458,192,14,58.1154,0
thin0.40000000596046448_browse0_clear5,1,22,sitka-spruce,2629.479248046875,7.6503825187683105,6.76950216293335,0.88087964057922363,0.50570392608642578,0,0,0,32.660057067871094,0.10069550573825836,0.039734389632940292,0.032947294414043427,189,17,54.1676,0
thin0.40000000596046448_browse0_clear5,1,23,sitka-spruce,1770.625732421875,7.2010307312011719,5.914729118347168,1.2863010168075562,0.53941655158996582,0,0.4800410270690918,1,37.555328369140625,0.10605324804782867,0.050309371203184128,0.041590556502342224,189,18,56.3494,0
thin0.40000000596046448_browse0_clear5,1,24,sitka-spruce,1765.522705078125,7.2083301544189453,1.743559718132019,5.4647717475891113,0.7800406813621521,0,0.60793572664260864,1,37.910911560058594,0.11042968183755875,0.0570952482521534,0.047124855220317841,185,23,55.3677,0
thin0.40000000596046448_browse0_clear5,1,25,sitka-spruce,2643.387939453125,7.8522772789001465,7.0020794868469238,0.85019773244857788,0.7146027684211731,0,0.49989575147628784,1,24.1984920501709,0.083580382168293,0,0,181,28,52.3875,13
thin0.40000000596046448_browse0_clear5,1,26,sitka-spruce,1737.300048828125,7.701998233795166,6.5858182907104492,1.1161808967590332,0.99322354793548584,0,0.39816150069236755,1,29.392925262451172,0.10133302956819534,0.02193417027592659,0.018453314900398254,175,35,51.3539,0
thin0.40000000596046448_browse0_clear5,1,27,sitka-spruce,664.41448974609375,5.8368678092956543,5.1488046646118164,0.688063383102417,0.5439610481262207,0,1.1709308624267578,3,32.826839447021484,0.12181125581264496,0.036706637591123581,0.030646588653326035,165,48,53.4829,0
thin0.40000000596046448_browse0_clear5,1,28,sitka-spruce,1650.6441650390625,8.22402286529541,7.3563838005065918,0.86763882637023926,0.52680480480194092,0,0.43096932768821716,1,39.225448608398438,0.13560867309570313,0.046082176268100739,0.03916521742939949,160,54,48.465500000000006,0
thin0.40000000596046448_browse0_clear5,1,29,sitka-spruce,1622.866943359375,8.5461339950561523,3.563762903213501,4.9823708534240723,0.51636046171188354,0,0.31292715668678284,1,41.959922790527344,0.14435116946697235,0.054239608347415924,0.045886494219303131,153,62,45.615500000000004,0
thin0.40000000596046448_browse0_clear5,1,30,sitka-spruce,2425.8310546875,9.0121946334838867,7.814544677734375,1.1976487636566162,1.1242321729660034,0,0,0,26.463163375854492,0.10027482360601425,0,0,147,68,43.8584,15
thin0.40000000596046448_browse0_clear5,1,31,sitka-spruce,2439.564453125,9.1494131088256836,7.3289046287536621,1.8205094337463379,1.0645227432250977,0,0.35217121243476868,1,32.375373840332031,0.1196218803524971,0.020617969334125519,0.015735289081931114,145,71,45.659200000000006,0
thin0.40000000596046448_browse0_clear5,1,32,sitka-spruce,1663.457275390625,8.4433794021606445,6.8917174339294434,1.5516632795333862,1.0315264463424683,0,0,0,38.235565185546875,0.1324426680803299,0.033722143620252609,0.025785211473703384,144,72,41.1169,0
thin0.40000000596046448_browse0_clear5,1,33,sitka-spruce,648.2935791015625,6.0525650978088379,4.8371429443359375,1.2154219150543213,1.0810221433639526,0,0.1073271632194519,1,41.884357452392578,0.13914859294891357,0.045743245631456375,0.035744093358516693,137,80,43.0631,0
thin0.40000000596046448_browse0_clear5,1,34,sitka-spruce,635.90667724609375,6.2772231101989746,2.5025336742401123,3.7746894359588623,0.77720409631729126,0,0.011240690946578979,1,43.598445892333984,0.14954705536365509,0.053656652569770813,0.04202435165643692,131,87,39.862,0
thin0.40000000596046448_browse0_clear5,1,35,sitka-spruce,605.379150390625,6.4233050346374512,5.4915876388549805,0.93171781301498413,0.6644635796546936,0,0.31948482990264893,1,25.646551132202148,0.11001081764698029,8.1976992078125477E-05,0,121,98,39.4687,15
thin0.40000000596046448_browse0_clear5,1,36,sitka-spruce,603.80450439453125,6.4795265197753906,5.2856998443603516,1.1938256025314331,0.76448720693588257,0,0.731210470199585,1,29.436552047729492,0.13672971725463867,0.022847326472401619,0.01868632435798645,118,102,37.421800000000005,0
thin0.40000000596046448_browse0_clear5,1,37,sitka-spruce,617.84771728515625,6.3650336265563965,5.0770530700683594,1.2879812717437744,0.7089846134185791,0,0.83008736371994019,2,32.974533081054688,0.15401016175746918,0.038251649588346481,0.031625546514987946,119,103,36.391400000000004,0
thin0.40000000596046448_browse0_clear5,1,38,sitka-spruce,617.88616943359375,6.4677438735961914,5.3478264808654785,1.1199170351028442,0.661521315574646,0,0.10189008712768555,1,37.5589485168457,0.16716864705085754,0.048895932734012604,0.039807397872209549,116,107,36.3626,0
thin0.40000000596046448_browse0_clear5,1,39,sitka-spruce,1545.399169921875,9.5642175674438477,7.9390559196472168,1.6251612901687622,0.690720796585083,0,0.569355309009552,1,44.2379264831543,0.17449569702148438,0.057608760893344879,0.046495690941810608,113,111,35.969100000000005,0
thin0.40000000596046448_browse0_clear5,1,40,sitka-spruce,624.318359375,6.4602518081665039,5.860966682434082,0.599285364151001,0.69446736574172974,0,0,0,27.872467041015625,0.13063117861747742,0.00010298593406332657,0,110,114,33.2503,15
thin0.40000000596046448_browse0_clear5,1,41,sitka-spruce,1555.38916015625,9.2869300842285156,7.9699368476867676,1.3169933557510376,0.64649456739425659,0,0.56688272953033447,2,34.6290283203125,0.14892750978469849,0.0213992390781641,0.016460085287690163,109,117,33.8051,0
thin0.40000000596046448_browse0_clear5,1,42,sitka-spruce,1547.271484375,9.1877565383911133,7.4088897705078125,1.7788679599761963,0.65288937091827393,0,0.90213745832443237,2,40.482891082763672,0.16136416792869568,0.03703819215297699,0.029369117692112923,106,122,35.2378,0
thin0.40000000596046448_browse0_clear5,1,43,sitka-spruce,1508.913330078125,9.3036088943481445,7.3434958457946777,1.9601123332977295,1.0822576284408569,0,0,0,46.7441291809082,0.17046399414539337,0.0480656735599041,0.038555432111024857,100,128,31.465500000000002,0
thin0.40000000596046448_browse0_clear5,1,44,sitka-spruce,1519.3734130859375,9.4828586578369141,3.6974024772644043,5.785456657409668,0.77697902917861938,0,0,0,49.664554595947266,0.18140554428100586,0.054713018238544464,0.043620660901069641,97,131,29.370700000000003,0
thin0.40000000596046448_browse0_clear5,1,45,sitka-spruce,1513.0992431640625,9.3599176406860352,6.6097917556762695,2.7501235008239746,1.2327017784118652,0,0.4701506495475769,1,36.571495056152344,0.16135229170322418,0.00013967309496365488,0,95,134,29.982000000000003,12
thin0.40000000596046448_browse0_clear5,1,46,sitka-spruce,613.90606689453125,6.295562744140625,4.2361311912536621,2.0594315528869629,1.0374600887298584,0,0,0,39.770164489746094,0.17657911777496338,0.019180959090590477,0.014193339273333549,94,135,27.6262,0
thin0.40000000596046448_browse0_clear5,1,47,sitka-spruce,1480.7174072265625,9.6501789093017578,6.1634106636047363,3.4867708683013916,0.89640617370605469,0,1.6812803745269775,3,43.355888366699219,0.18799476325511932,0.034986235201358795,0.025512626394629478,91,141,33.1599,0
thin0.40000000596046448_browse0_clear5,1,48,sitka-spruce,588.2587890625,6.5531072616577148,4.4915952682495117,2.0615105628967285,1.3885469436645508,0,1.4387804269790649,3,45.020156860351563,0.19592106342315674,0.04493878036737442,0.031491547822952271,89,146,33.9972,0
thin0.40000000596046448_browse0_clear5,1,49,sitka-spruce,602.6605224609375,6.4964189529418945,4.0866074562072754,2.4098122119903564,1.3430782556533813,0,0.59180653095245361,1,47.171878814697266,0.20299218595027924,0.049506377428770065,0.032869156450033188,88,148,30.8933,0
thin0.40000000596046448_browse0_clear5,1,50,sitka-spruce,2299.68798828125,10.032885551452637,7.5919947624206543,2.4408893585205078,1.189788818359375,0,0.92954176664352417,2,33.398273468017578,0.1560901552438736,5.7128265325445682E-05,0,89,149,30.384600000000002,14
thin0.40000000596046448_browse0_clear5,1,51,sitka-spruce,605.1717529296875,6.4076838493347168,4.722409725189209,1.6852731704711914,1.118553638458252,0,0.42359396815299988,1,36.578536987304688,0.17725871503353119,0.0165670495480299,0.01027571689337492,86,153,29.4078,0
thin0.40000000596046448_browse0_clear5,1,52,sitka-spruce,2297.858642578125,9.888127326965332,7.5568199157714844,2.3313076496124268,1.002740740776062,0,0.82550674676895142,2,42.307109832763672,0.19058501720428467,0.027987472712993622,0.017987744882702827,86,155,30.6784,0
thin0.40000000596046448_browse0_clear5,1,53,sitka-spruce,1552.16064453125,9.0261011123657227,6.9404973983764648,2.0856037139892578,1.096510648727417,0,0.302565336227417,1,47.848529815673828,0.19857572019100189,0.034814786165952682,0.022767791524529457,85,157,28.5881,0
thin0.40000000596046448_browse0_clear5,1,54,sitka-spruce,618.39068603515625,6.1471419334411621,2.4711334705352783,3.6760072708129883,1.2549408674240112,0,0,0,49.064723968505859,0.20503893494606018,0.039725452661514282,0.02796369232237339,83,159,27.2132,0
thin0.40000000596046448_browse0_clear5,1,55,sitka-spruce,1528.5543212890625,9.1114110946655273,6.5110611915588379,2.6003484725952148,1.2843019962310791,0,0.33164694905281067,2,34.486141204833984,0.16154089570045471,5.4257161536952481E-05,0,82,162,30.873900000000003,13
thin0.40000000596046448_browse0_clear5,1,56,sitka-spruce,613.66741943359375,6.2439565658569336,4.4360752105712891,1.8078804016113281,1.1085538864135742,0,1.4138716459274292,3,36.3997917175293,0.18537452816963196,0.013965649530291557,0.010785634629428387,80,167,31.7054,0
thin0.40000000596046448_browse0_clear5,1,57,sitka-spruce,1538.22216796875,8.7789363861083984,6.5408329963684082,2.2381036281585693,0.99251753091812134,0,1.9443883895874023,5,40.003719329833984,0.19733567535877228,0.023528292775154114,0.017721006646752357,84,168,33.0706,0
thin0.40000000596046448_browse0_clear5,1,58,sitka-spruce,2250.015625,10.019626617431641,7.8649168014526367,2.1547071933746338,0.73910242319107056,0,0.91535019874572754,2,46.214187622070313,0.21594750881195068,0.03020046278834343,0.022134954109787941,75,179,32.0706,0
thin0.40000000596046448_browse0_clear5,1,59,sitka-spruce,1481.3984375,9.4389066696167,4.6529040336608887,4.7860016822814941,0.73617786169052124,0,0.67652636766433716,2,49.454383850097656,0.22822929918766022,0.035201746970415115,0.024664724245667458,73,183,27.7344,0
thin0.40000000596046448_browse0_clear5,1,60,sitka-spruce,1457.0416259765625,9.13219928741455,6.0597705841064453,3.0724265575408936,0.89984726905822754,0,2.0175940990448,4,39.112636566162109,0.20806841552257538,4.6005083277123049E-05,0,74,186,29.256,9
thin0.40000000596046448_browse0_clear5,1,61,sitka-spruce,2218.365478515625,9.5816373825073242,6.4664506912231445,3.115185022354126,0.87295156717300415,0,2.4982242584228516,4,42.207912445068359,0.22188927233219147,0.012035113759338856,0.0075605232268571854,74,190,30.736900000000002,0
thin0.40000000596046448_browse0_clear5,1,62,sitka-spruce,1454.7955322265625,9.2892265319824219,6.8515725135803223,2.4376540184020996,1.0558203458786011,0,0.24411973357200623,1,47.759544372558594,0.23692652583122253,0.020088415592908859,0.0121782086789608,67,198,27.9673,0
thin0.40000000596046448_browse0_clear5,1,63,sitka-spruce,1435.1534423828125,9.1533203125,5.8214373588562012,3.3318824768066406,1.0723391771316528,0,1.492124080657959,3,51.016521453857422,0.24908052384853363,0.024758258834481239,0.014754000119864941,67,201,27.3687,0
thin0.40000000596046448_browse0_clear5,1,64,sitka-spruce,570.31005859375,5.9866499900817871,2.1445224285125732,3.8421275615692139,1.0423427820205688,0,0,0,52.118698120117188,0.25797468423843384,0.027599779888987541,0.017075173556804657,63,205,21.9082,0
thin0.40000000596046448_browse0_clear5,1,65,sitka-spruce,511.34295654296875,6.5532426834106445,4.4603357315063477,2.0929079055786133,0.896908700466156,0,0.66020500659942627,1,41.521923065185547,0.24219371378421783,0.00079051853390410542,0,57,212,22.639100000000003,9
thin0.40000000596046448_browse0_clear5,1,66,sitka-spruce,498.88107299804688,6.6382904052734375,4.572723388671875,2.0655665397644043,0.59137594699859619,0,1.1121115684509277,3,44.391159057617188,0.26711633801460266,0.013961941003799438,0.0077528436668217182,57,215,24.8484,0
thin0.40000000596046448_browse0_clear5,1,67,sitka-spruce,1259.689697265625,10.046614646911621,6.8280105590820313,3.2186059951782227,0.56192862987518311,0,0,0,50.6572380065918,0.282876580953598,0.021333564072847366,0.011717604473233223,56,216,19.5618,0
thin0.40000000596046448_browse0_clear5,1,68,sitka-spruce,1269.1424560546875,9.8120298385620117,6.2387008666992188,3.5733273029327393,0.58407747745513916,0,1.3967039585113525,4,54.915157318115234,0.29396528005599976,0.024912105873227119,0.013431367464363575,59,217,26.236600000000003,0
thin0.40000000596046448_browse0_clear5,1,69,sitka-spruce,516.31622314453125,6.0946903228759766,3.700505256652832,2.39418363571167,1.0364928245544434,0,0.013319176621735096,1,57.565853118896484,0.29907885193824768,0.026152694597840309,0.013902770355343819,58,219,22.0809,0
thin0.40000000596046448_browse0_clear5,1,70,sitka-spruce,520.39776611328125,5.9698634147644043,3.5920200347900391,2.3778438568115234,0.9201694130897522,0,0.24459075927734375,3,47.045261383056641,0.26048150658607483,0.00019319281273055822,0,60,220,27.054000000000002,9
thin0.40000000596046448_browse0_clear5,1,71,sitka-spruce,520.0509033203125,5.7909531593322754,3.395108699798584,2.3958461284637451,1.3873863220214844,0,0.58679354190826416,1,48.466190338134766,0.27223089337348938,0.0068954611197113991,0.0032752996776252985,58,223,25.130200000000002,0
thin0.40000000596046448_browse0_clear5,1,72,sitka-spruce,1267.146240234375,9.2904205322265625,5.4902763366699219,3.8001444339752197,0.80854737758636475,0,1.460928201675415,4,51.686992645263672,0.28383356332778931,0.012057499028742313,0.0053162151016294956,58,227,27.398500000000002,0
thin0.40000000596046448_browse0_clear5,1,73,sitka-spruce,1242.6929931640625,9.106022834777832,5.9725151062011719,3.1335091590881348,0.74371218681335449,0,1.2093715667724609,2,55.706424713134766,0.29208946228027344,0.015062923543155193,0.0060888491570949554,54,233,25.726000000000003,0
thin0.40000000596046448_browse0_clear5,1,74,sitka-spruce,1835.0760498046875,9.7781553268432617,5.4552512168884277,4.3229026794433594,0.862845778465271,0,0.63655024766922,2,59.662281036376953,0.29683786630630493,0.016196740791201591,0.0056284638121724129,53,236,23.250400000000003,0
thin0.40000000596046448_browse0_clear5,1,75,sitka-spruce,1205.5069580078125,8.5840167999267578,5.1638298034667969,3.4201862812042236,1.5041608810424805,0,1.4118239879608154,3,50.366043090820313,0.25729870796203613,4.1991101170424372E-05,0,53,239,24.8598,8
thin0.40000000596046448_browse0_clear5,1,76,sitka-spruce,1178.9383544921875,8.5547933578491211,4.846372127532959,3.7084183692932129,1.3569835424423218,0,1.7059683799743652,5,52.149463653564453,0.27433693408966064,0.0043861051090061665,0.000690505257807672,54,243,27.276200000000003,0
thin0.40000000596046448_browse0_clear5,1,77,sitka-spruce,1149.489990234375,8.5778360366821289,5.332636833190918,3.2451984882354736,1.1783905029296875,0,1.1437114477157593,5,55.159999847412109,0.28950664401054382,0.006879894994199276,0.00092317449161782861,53,249,29.1842,0
thin0.40000000596046448_browse0_clear5,1,78,sitka-spruce,450.06893920898438,5.2140722274780273,3.1591439247131348,2.0549283027648926,1.5678222179412842,0,1.4813956022262573,3,55.269927978515625,0.29802080988883972,0.010208014398813248,0.0026458974462002516,50,255,25.4223,0
thin0.40000000596046448_browse0_clear5,1,79,sitka-spruce,439.6256103515625,5.128781795501709,2.8170433044433594,2.3117389678955078,1.2911466360092163,0,1.4510815143585205,3,55.344741821289063,0.30367082357406616,0.013697127811610699,0.006196439266204834,49,259,25.040100000000002,0
thin0.40000000596046448_browse0_clear5,1,80,sitka-spruce,1076.1846923828125,8.5200920104980469,5.2052721977233887,3.3148188591003418,1.0406606197357178,0,2.3520679473876953,5,47.134845733642578,0.27481016516685486,2.1133469090273138E-06,0,50,263,27.9008,7
thin0.40000000596046448_browse0_clear5,1,81,sitka-spruce,418.02816772460938,5.3139638900756836,3.5909998416900635,1.7229654788970947,0.99122822284698486,0,0.76369726657867432,3,48.970916748046875,0.29286149144172668,0.0065090409480035305,0.0038817618042230606,47,269,27.346700000000002,0
thin0.40000000596046448_browse0_clear5,1,82,sitka-spruce,1581.68310546875,9.7084131240844727,5.9159030914306641,3.7925083637237549,0.88272744417190552,0,3.6080703735351563,6,50.396022796630859,0.30283623933792114,0.010462452657520771,0.00613913219422102,51,271,29.7544,0
thin0.40000000596046448_browse0_clear5,1,83,sitka-spruce,1023.9756469726563,8.7105627059936523,5.60658597946167,3.1039779186248779,0.85822629928588867,0,1.6138821840286255,4,53.530498504638672,0.31458878517150879,0.012692860327661037,0.007275173906236887,47,279,28.0669,0
thin0.40000000596046448_browse0_clear5,1,84,sitka-spruce,400.05490112304688,5.1194534301757813,3.5324532985687256,1.5870010852813721,1.3939659595489502,0,1.5332026481628418,4,54.135784149169922,0.32090038061141968,0.015242173336446285,0.0087400348857045174,46,284,26.215,0
thin0.40000000596046448_browse0_clear5,1,85,sitka-spruce,971.50128173828125,8.7457294464111328,6.382347583770752,2.3633818626403809,0.95916092395782471,0,2.4257235527038574,3,47.851203918457031,0.28811341524124146,0.0015452078077942133,0.00097412028117105365,44,289,25.001900000000003,7
thin0.40000000596046448_browse0_clear5,1,86,sitka-spruce,971.50128173828125,8.3925294876098633,5.3087573051452637,3.0837728977203369,0.91023862361907959,0,1.9309512376785278,5,50.318771362304688,0.29908663034439087,0.0077709550969302654,0.0043215551413595676,48,290,25.5026,0
thin0.40000000596046448_browse0_clear5,1,87,sitka-spruce,949.7633056640625,8.6162109375,5.1447353363037109,3.4714744091033936,0.838693380355835,0,1.7223062515258789,3,52.902507781982422,0.31335324048995972,0.0115506611764431,0.0061136335134506226,43,298,26.082,0
thin0.40000000596046448_browse0_clear5,1,88,sitka-spruce,371.6807861328125,4.9882450103759766,3.2785153388977051,1.7097309827804565,0.74824100732803345,0,0.89879918098449707,3,54.533985137939453,0.32574617862701416,0.013633262366056442,0.0067256893962621689,42,302,22.9254,0
thin0.40000000596046448_browse0_clear5,1,89,sitka-spruce,937.878173828125,8.28623104095459,5.501096248626709,2.7851347923278809,0.66759729385375977,0,0.59405249357223511,2,58.773429870605469,0.32948946952819824,0.01448445301502943,0.0066496413201093674,43,303,21.2742,0
thin0.40000000596046448_browse0_clear5,1,90,sitka-spruce,907.1036376953125,8.3275432586669922,5.7835822105407715,2.5439610481262207,0.62450432777404785,0,0.91986846923828125,2,54.197147369384766,0.30692356824874878,3.5845982893079054E-07,0,40,308,22.392,6
thin0.40000000596046448_browse0_clear5,1,91,sitka-spruce,889.38055419921875,8.154088020324707,4.5470457077026367,3.6070435047149658,0.82967191934585571,0,2.2301595211029053,5,55.684360504150391,0.3210112452507019,0.00420480826869607,0.0015386389568448067,42,311,26.3915,0
thin0.40000000596046448_browse0_clear5,1,92,sitka-spruce,895.61328125,7.8521909713745117,4.38441801071167,3.4677743911743164,0.78116822242736816,0,2.0421772003173828,6,57.245433807373047,0.32689318060874939,0.006697001401335001,0.0025182394310832024,45,314,28.9115,0
thin0.40000000596046448_browse0_clear5,1,93,sitka-spruce,363.09848022460938,4.26810359954834,2.6385781764984131,1.6295242309570313,1.0384498834609985,0,0.50223171710968018,1,58.343330383300781,0.32689279317855835,0.0079267360270023346,0.0031398800201714039,43,317,21.9721,0
thin0.40000000596046448_browse0_clear5,1,94,sitka-spruce,346.77584838867188,4.3303418159484863,2.8581383228302,1.4722033739089966,1.1454572677612305,0,0.39552164077758789,3,59.660488128662109,0.33412572741508484,0.0085251247510313988,0.0035140994004905224,39,324,24.6448,0
thin0.40000000596046448_browse0_clear5,1,95,sitka-spruce,349.2510986328125,4.19111442565918,2.7530488967895508,1.4380650520324707,0.983755886554718,0,2.36601185798645,6,52.725982666015625,0.30697688460350037,1.1599400750128552E-05,0,43,326,26.0138,5
thin0.40000000596046448_browse0_clear5,1,96,sitka-spruce,1270.8634033203125,8.7868766784667969,5.3109827041625977,3.4758930206298828,0.74509578943252563,0,0.69388413429260254,3,56.597988128662109,0.321686327457428,0.0023810279089957476,0.0011584069579839706,38,334,25.5411,0
thin0.40000000596046448_browse0_clear5,1,97,sitka-spruce,338.89694213867188,4.0315117835998535,2.4704968929290771,1.5610145330429077,1.0151983499526978,0,1.8599851131439209,3,56.193302154541016,0.32806277275085449,0.0037356752436608076,0.0018789935857057571,39,336,20.869500000000002,0
thin0.40000000596046448_browse0_clear5,1,98,sitka-spruce,328.58926391601563,4.1614065170288086,2.5079619884490967,1.6534442901611328,0.8300703763961792,0,1.3535654544830322,5,56.517627716064453,0.33370187878608704,0.0059694778174161911,0.003014247165992856,39,341,26.793300000000002,0
thin0.40000000596046448_browse0_clear5,1,99,sitka-spruce,1250.026123046875,8.5199699401855469,5.0932865142822266,3.426682710647583,1.0122089385986328,0,0.58629250526428223,1,60.012413024902344,0.33251801133155823,0.0071278195828199387,0.0035817869938910007,39,342,19.4165,0
thin0.40000000596046448_browse0_clear5,1,100,sitka-spruce,795.4781494140625,7.5753746032714844,4.886897087097168,2.6884760856628418,0.96075844764709473,0,1.629980206489563,3,55.9092903137207,0.3070661723613739,0.00083979906048625708,0.00013834581477567554,36,348,24.106,5
thin0.40000000596046448_browse0.800000011920929_clear0,0,1,sitka-spruce,260.42938232421875,1.9072985649108887,1.9072985649108887,0,0,0,0,0,1.9072984457015991,0.083157375454902649,0.065906189382076263,0.042402662336826324,202,0,104.7745,0
thin0.40000000596046448_browse0.800000011920929_clear0,0,2,sitka-spruce,194.89288330078125,1.5313607454299927,1.5313607454299927,0,0.027437150478363037,0.0090233152732253075,0,0,3.4021985530853271,0.083201758563518524,0.0678061693906784,0.044127289205789566,202,0,100.6551,0
thin0.40000000596046448_browse0.800000011920929_clear0,0,3,sitka-spruce,689.147216796875,3.9998676776885986,3.9998676776885986,0,0.034372881054878235,0.016165550798177719,0,0,7.3515276908874512,0.084197625517845154,0.069923140108585358,0.046392977237701416,202,0,89.345800000000011,0
thin0.40000000596046448_browse0.800000011920929_clear0,0,4,sitka-spruce,349.26296997070313,2.5752522945404053,2.5752522945404053,0,0.091387026011943817,0.030889734625816345,0,0,9.8045034408569336,0.085692055523395538,0.072016999125480652,0.04885486513376236,202,0,79.2367,0
thin0.40000000596046448_browse0.800000011920929_clear0,0,5,sitka-spruce,417.92758178710938,2.9762272834777832,2.9762272834777832,0,0.1031845360994339,0.036107823252677917,0,0,12.641438484191895,0.08730662614107132,0.0742221251130104,0.051381200551986694,202,0,79.3815,0
thin0.40000000596046448_browse0.800000011920929_clear0,0,6,sitka-spruce,1208.531494140625,5.4190292358398438,5.4190292358398438,0,0.11767219007015228,0.038025204092264175,0,0,17.904769897460938,0.089370608329772949,0.076144315302371979,0.053912002593278885,202,0,79.7596,0
thin0.40000000596046448_browse0.800000011920929_clear0,0,7,sitka-spruce,1367.7579345703125,5.7477526664733887,5.3966875076293945,0.35106584429740906,0.19279330968856812,0.046613596379756927,0,0,23.062051773071289,0.092112191021442413,0.077894158661365509,0.056331660598516464,202,0,81.12360000000001,0
thin0.40000000596046448_browse0.800000011920929_clear0,0,8,sitka-spruce,2287.81201171875,6.5072298049926758,3.3748636245727539,3.1323652267456055,0.21526242792606354,0.066537678241729736,0,0,26.155115127563477,0.095251694321632385,0.079330876469612122,0.0585533082485199,202,0,80.6348,0
thin0.40000000596046448_browse0.800000011920929_clear0,0,9,sitka-spruce,673.19354248046875,4.42152738571167,1.7461941242218018,2.6753334999084473,0.25071266293525696,0.059505753219127655,0,0,27.591089248657227,0.0982399582862854,0.080342240631580353,0.060580283403396606,202,0,79.87830000000001,0
thin0.40000000596046448_browse0.800000011920929_clear0,0,10,sitka-spruce,737.080078125,4.7569136619567871,1.4830152988433838,3.2738981246948242,0.26513659954071045,0.040069054812192917,0,0,28.768899917602539,0.10105643421411514,0.080991894006729126,0.0623333565890789,202,0,78.2107,0
thin0.40000000596046448_browse0.800000011920929_clear0,0,11,sitka-spruce,729.30303955078125,4.8217549324035645,1.4591044187545776,3.3626508712768555,0.28463280200958252,0.035264894366264343,0,0,29.908105850219727,0.10371708124876022,0.081300400197505951,0.063728794455528259,202,0,72.180500000000009,0
thin0.40000000596046448_browse0.800000011920929_clear0,0,12,sitka-spruce,1810.4583740234375,6.7993412017822266,1.5552916526794434,5.244049072265625,0.30196663737297058,0.032371129840612411,0,0,31.129060745239258,0.10619529336690903,0.081333555281162262,0.064837314188480377,202,0,71.0924,0
thin0.40000000596046448_browse0.800000011920929_clear0,0,13,sitka-spruce,1803.28662109375,6.8891830444335938,1.296581506729126,5.5926008224487305,0.34784060716629028,0.030343146994709969,1.3878599405288696,6,30.659599304199219,0.10843437910079956,0.081140533089637756,0.0656585618853569,208,0,77.5299,0
thin0.40000000596046448_browse0.800000011920929_clear0,0,14,sitka-spruce,720.031494140625,4.8651266098022461,2.2413232326507568,2.6238029003143311,0.38698086142539978,0.031398862600326538,1.1671392917633057,5,31.315402984619141,0.11588073521852493,0.072636634111404419,0.057858437299728394,213,0,73.0852,0
thin0.40000000596046448_browse0.800000011920929_clear0,0,15,sitka-spruce,2700.60986328125,7.1520175933837891,2.5639653205871582,4.5880522727966309,0.38702639937400818,0.034721754491329193,2.918673038482666,7,30.538948059082031,0.12459761649370193,0.061859894543886185,0.04437052458524704,220,0,77.467300000000009,0
thin0.40000000596046448_browse0.800000011920929_clear0,0,16,sitka-spruce,721.41815185546875,4.6323113441467285,2.4171707630157471,2.2151408195495605,0.54970663785934448,0.041607648134231567,1.9380562305450439,5,30.426748275756836,0.13542652130126953,0.050162013620138168,0.035018511116504669,225,0,72.319,0
thin0.40000000596046448_browse0.800000011920929_clear0,0,17,sitka-spruce,717.401123046875,4.7786436080932617,3.7128040790557861,1.0658403635025024,0.49620577692985535,0.045487452298402786,0,0,33.597858428955078,0.150502011179924,0.0365658663213253,0.022734826430678368,223,2,84.2851,0
thin0.40000000596046448_browse0.800000011920929_clear0,0,18,sitka-spruce,1802.344482421875,6.664146900177002,2.47822904586792,4.1859188079833984,0.47686484456062317,0.052043378353118896,2.3620116710662842,3,33.1851692199707,0.15988729894161224,0.031233532354235649,0.018538039177656174,223,5,94.2296,0
thin0.40000000596046448_browse0.800000011920929_clear0,0,19,sitka-spruce,712.337646484375,4.6590275764465332,1.8029381036758423,2.8560891151428223,0.49533247947692871,0.053274109959602356,5.7028422355651855,8,28.736656188964844,0.16908219456672668,0.024525539949536324,0.013831871561706066,227,9,88.1748,0
thin0.40000000596046448_browse0.800000011920929_clear0,0,20,sitka-spruce,704.964599609375,4.2538185119628906,3.2696917057037354,0.98412692546844482,0.47903883457183838,0.047279838472604752,1.4886493682861328,7,29.99138069152832,0.17564336955547333,0.016813360154628754,0.0076440898701548576,229,14,87.7405,0
thin0.40000000596046448_browse0.800000011920929_clear0,0,21,sitka-spruce,1751.22802734375,5.4832649230957031,4.3918266296386719,1.0914393663406372,0.46863576769828796,0.048891663551330566,0.47304779291152954,2,33.392631530761719,0.17921364307403564,0.011129682883620262,0.0044129947200417519,227,18,74.684,0
thin0.40000000596046448_browse0.800000011920929_clear0,0,22,sitka-spruce,2624.641357421875,5.7391395568847656,3.3186161518096924,2.4205226898193359,0.49254646897315979,0.056976675987243652,1.3972055912017822,2,34.764518737792969,0.18276618421077728,0.0077770180068910122,0.0024271472357213497,224,23,74.4145,0
thin0.40000000596046448_browse0.800000011920929_clear0,0,23,sitka-spruce,1767.4029541015625,5.1662893295288086,1.8654721975326538,3.3008160591125488,0.70390987396240234,0.064330160617828369,1.0715305805206299,2,34.79022216796875,0.1819462925195694,0.00571410171687603,0.0013349310029298067,225,24,73.384700000000009,0
thin0.40000000596046448_browse0.800000011920929_clear0,0,24,sitka-spruce,1770.9371337890625,5.1746540069580078,2.1373734474182129,3.0372796058654785,0.90077018737792969,0.057559698820114136,0.4919714629650116,1,35.477294921875,0.18019527196884155,0.0049094595015048981,0.0007342121098190546,218,32,71.9993,0
thin0.40000000596046448_browse0.800000011920929_clear0,0,25,sitka-spruce,2671.632568359375,6.0242791175842285,2.500720739364624,3.5235576629638672,0.82448679208755493,0.052101112902164459,0,0,37.101425170898438,0.1810121089220047,0.0059205587022006512,0.00096682104049250484,209,41,67.8279,0
thin0.40000000596046448_browse0.800000011920929_clear0,0,26,sitka-spruce,1765.8284912109375,6.5630693435668945,2.1368069648742676,4.4262633323669434,1.1372098922729492,0.047521542757749557,0.84805822372436523,2,37.2054443359375,0.18643778562545776,0.0080029405653476715,0.0024121536407619715,199,53,66.5676,0
thin0.40000000596046448_browse0.800000011920929_clear0,0,27,sitka-spruce,682.79022216796875,4.9298644065856934,1.7585623264312744,3.1713013648986816,0.91497093439102173,0.045525301247835159,0.66318726539611816,3,37.3403205871582,0.19201800227165222,0.010995553806424141,0.004915168508887291,190,65,63.908,0
thin0.40000000596046448_browse0.800000011920929_clear0,0,28,sitka-spruce,1689.182861328125,6.7768778800964355,3.0425026416778564,3.7343754768371582,0.65651065111160278,0.044839140027761459,1.3634712696075439,5,38.3180046081543,0.19912773370742798,0.010864048264920712,0.0048846462741494179,187,73,64.8448,0
thin0.40000000596046448_browse0.800000011920929_clear0,0,29,sitka-spruce,1683.3277587890625,7.0372395515441895,3.2105827331542969,3.8266572952270508,0.71045875549316406,0.046990752220153809,0.1247570589184761,1,40.646381378173828,0.20568202435970306,0.012064548209309578,0.0059678889811038971,176,85,64.532800000000009,0
thin0.40000000596046448_browse0.800000011920929_clear0,0,30,sitka-spruce,2507.36181640625,7.7587766647338867,2.0714988708496094,5.6872773170471191,0.70831394195556641,0.05131877213716507,0.84116649627685547,3,41.117080688476563,0.2056930810213089,0.016886726021766663,0.0096019832417368889,170,94,63.972100000000005,0
thin0.40000000596046448_browse0.800000011920929_clear0,0,31,sitka-spruce,2507.945068359375,7.7030839920043945,2.4988512992858887,5.2042336463928223,0.87775802612304688,0.048806231468915939,0.90770411491394043,2,41.781661987304688,0.20407818257808685,0.020473551005125046,0.012616917490959167,166,100,57.013600000000004,0
thin0.40000000596046448_browse0.800000011920929_clear0,0,32,sitka-spruce,1700.9375,7.3858556747436523,2.4318907260894775,4.9539637565612793,0.85276550054550171,0.047368843108415604,1.8905751705169678,5,41.422843933105469,0.19820539653301239,0.0248323492705822,0.015343473292887211,167,104,57.5178,0
thin0.40000000596046448_browse0.800000011920929_clear0,0,33,sitka-spruce,674.49090576171875,5.4956068992614746,2.222571849822998,3.2730348110198975,0.81749534606933594,0.047925263643264771,1.7745047807693481,3,41.005489349365234,0.20112656056880951,0.024286696687340736,0.013731964863836765,162,112,57.698,0
thin0.40000000596046448_browse0.800000011920929_clear0,0,34,sitka-spruce,670.12884521484375,5.4578766822814941,2.2116780281066895,3.2461986541748047,0.84920370578765869,0.045539036393165588,2.1003146171569824,5,40.222110748291016,0.20444060862064362,0.023904817178845406,0.014245202764868736,157,122,56.756800000000005,0
thin0.40000000596046448_browse0.800000011920929_clear0,0,35,sitka-spruce,665.4354248046875,5.486752986907959,2.30661678314209,3.1801369190216064,0.802150547504425,0.040839698165655136,3.0630590915679932,7,38.6226806640625,0.20941753685474396,0.023317093029618263,0.013136530295014381,155,131,60.8307,0
thin0.40000000596046448_browse0.800000011920929_clear0,0,36,sitka-spruce,662.307373046875,5.6990690231323242,3.478614330291748,2.220454216003418,0.74109727144241333,0.039773188531398773,0.85104048252105713,3,40.469383239746094,0.21523095667362213,0.02386978454887867,0.013594596646726131,147,142,52.926500000000004,0
thin0.40000000596046448_browse0.800000011920929_clear0,0,37,sitka-spruce,668.84759521484375,5.71520471572876,2.9615418910980225,2.7536637783050537,0.67788505554199219,0.043745797127485275,3.3209402561187744,8,39.388351440429688,0.21924085915088654,0.024887155741453171,0.014901432208716869,148,149,58.758700000000005,0
thin0.40000000596046448_browse0.800000011920929_clear0,0,38,sitka-spruce,670.373779296875,5.7115645408630371,3.0538794994354248,2.6576848030090332,0.75890457630157471,0.04836205393075943,1.9786052703857422,4,39.6563606262207,0.21652552485466003,0.028491197153925896,0.017671164125204086,142,159,52.2941,0
thin0.40000000596046448_browse0.800000011920929_clear0,0,39,sitka-spruce,1678.681640625,8.3261919021606445,3.65093994140625,4.67525053024292,0.70129913091659546,0.050781935453414917,1.5907846689224243,4,40.964435577392578,0.20944593846797943,0.032765276730060577,0.020187083631753922,138,167,58.0578,0
thin0.40000000596046448_browse0.800000011920929_clear0,0,40,sitka-spruce,670.2822265625,5.9688549041748047,2.0832619667053223,3.885594367980957,0.628863513469696,0.053728450089693069,1.7739083766937256,4,40.591194152832031,0.20080962777137756,0.039608649909496307,0.026408679783344269,131,178,57.662600000000005,0
thin0.40000000596046448_browse0.800000011920929_clear0,0,41,sitka-spruce,1662.3958740234375,8.3996648788452148,3.6623072624206543,4.7373595237731934,0.57389849424362183,0.048200052231550217,2.4073684215545654,5,41.224037170410156,0.19284376502037048,0.04492560401558876,0.031429070979356766,129,185,47.0596,0
thin0.40000000596046448_browse0.800000011920929_clear0,0,42,sitka-spruce,1659.3990478515625,8.1256179809570313,3.344022274017334,4.7815957069396973,0.53994107246398926,0.050762344151735306,0.75490683317184448,3,43.222446441650391,0.18944652378559113,0.047526147216558456,0.035074036568403244,125,192,45.0773,0
thin0.40000000596046448_browse0.800000011920929_clear0,0,43,sitka-spruce,1628.7939453125,8.438969612121582,2.7016711235046387,5.737297534942627,0.507030189037323,0.053235899657011032,0.24785633385181427,4,45.115997314453125,0.18909540772438049,0.046346362680196762,0.03408273309469223,121,200,46.8873,0
thin0.40000000596046448_browse0.800000011920929_clear0,0,44,sitka-spruce,1633.37451171875,8.4087591171264648,2.5083725452423096,5.9003872871398926,0.95639783143997192,0.0559760183095932,3.3707194328308105,8,43.241275787353516,0.19026960432529449,0.045858439058065414,0.034667808562517166,124,205,51.4146,0
thin0.40000000596046448_browse0.800000011920929_clear0,0,45,sitka-spruce,1636.705078125,8.2343816757202148,3.6399085521698,4.5944728851318359,1.2971581220626831,0.047573622316122055,1.2401447296142578,4,44.296306610107422,0.19313691556453705,0.04489494115114212,0.033703848719596863,119,214,46.6315,0
thin0.40000000596046448_browse0.800000011920929_clear0,0,46,sitka-spruce,651.28131103515625,6.0986638069152832,2.6134250164031982,3.4852404594421387,1.4091663360595703,0.0509292297065258,2.9020910263061523,6,42.54754638671875,0.19030047953128815,0.051309380680322647,0.040397472679615021,111,228,48.891600000000004,0
thin0.40000000596046448_browse0.800000011920929_clear0,0,47,sitka-spruce,1606.009765625,8.6680116653442383,3.5557613372802734,5.1122493743896484,1.0149365663528442,0.054419092833995819,1.5134739875793457,4,43.520477294921875,0.19082474708557129,0.053907718509435654,0.041741274297237396,107,236,41.6757,0
thin0.40000000596046448_browse0.800000011920929_clear0,0,48,sitka-spruce,634.186767578125,6.0550713539123535,2.9487392902374268,3.1063327789306641,1.2628382444381714,0.058618266135454178,2.5360274314880371,7,42.611736297607422,0.1974271833896637,0.052449002861976624,0.040222011506557465,107,243,46.0811,0
thin0.40000000596046448_browse0.800000011920929_clear0,0,49,sitka-spruce,647.09765625,5.8210978507995605,3.2399935722351074,2.5811047554016113,1.1615948677062988,0.060493674129247665,2.1123371124267578,5,42.517303466796875,0.20258095860481262,0.046544607728719711,0.034436855465173721,106,249,48.09,0
thin0.40000000596046448_browse0.800000011920929_clear0,0,50,sitka-spruce,2396.807861328125,9.06650447845459,4.764523983001709,4.3019819259643555,1.5389090776443481,0.061592578887939453,3.4291675090789795,7,42.252159118652344,0.20153619349002838,0.049387920647859573,0.036991465836763382,100,262,57.5933,0
thin0.40000000596046448_browse0.800000011920929_clear0,0,51,sitka-spruce,630.4744873046875,5.9477691650390625,2.8671495914459229,3.0806186199188232,1.4299639463424683,0.065125644207000732,3.6046602725982666,7,40.019557952880859,0.19823954999446869,0.053019974380731583,0.039831425994634628,98,271,49.113600000000005,0
thin0.40000000596046448_browse0.800000011920929_clear0,0,52,sitka-spruce,2373.967529296875,9.3245048522949219,6.1468534469604492,3.1776516437530518,1.4669827222824097,0.062280744314193726,1.3116297721862793,3,43.325515747070313,0.20035494863986969,0.054497737437486649,0.040893577039241791,91,281,44.1263,0
thin0.40000000596046448_browse0.800000011920929_clear0,0,53,sitka-spruce,1577.6168212890625,8.994664192199707,4.3535866737365723,4.64107608795166,1.1576064825057983,0.071589797735214233,2.530156135559082,6,43.919750213623047,0.20320691168308258,0.056174673140048981,0.041700758039951324,92,286,41.4595,0
thin0.40000000596046448_browse0.800000011920929_clear0,0,54,sitka-spruce,621.7889404296875,6.222193717956543,3.25837779045105,2.9638159275054932,1.0596708059310913,0.078717134892940521,2.3674836158752441,4,43.672256469726563,0.20934554934501648,0.056147858500480652,0.0408778190612793,87,295,38.958400000000005,0
thin0.40000000596046448_browse0.800000011920929_clear0,0,55,sitka-spruce,1524.7685546875,8.7689142227172852,4.4791245460510254,4.2897906303405762,0.95140570402145386,0.075224794447422028,1.6848917007446289,3,45.439861297607422,0.21288761496543884,0.053564801812171936,0.038280688226222992,87,298,35.7033,0
thin0.40000000596046448_browse0.800000011920929_clear0,0,56,sitka-spruce,613.7086181640625,6.164456844329834,3.1052324771881104,3.0592231750488281,0.92874658107757568,0.074252329766750336,0.94703477621078491,3,46.595058441162109,0.21646608412265778,0.0529286228120327,0.036791559308767319,82,306,37.6141,0
thin0.40000000596046448_browse0.800000011920929_clear0,0,57,sitka-spruce,1526.106201171875,8.926849365234375,3.6992108821868896,5.2276382446289063,0.8233608603477478,0.068712137639522552,2.0309960842132568,5,47.371200561523438,0.21879945695400238,0.0526607483625412,0.037117172032594681,82,311,37.8915,0
thin0.40000000596046448_browse0.800000011920929_clear0,0,58,sitka-spruce,2270.9765625,9.7347860336303711,4.2347946166992188,5.4999909400939941,0.797748863697052,0.0659366175532341,2.2138271331787109,5,48.528484344482422,0.2229001373052597,0.0512818805873394,0.036120347678661346,80,318,38.1086,0
thin0.40000000596046448_browse0.800000011920929_clear0,0,59,sitka-spruce,1500.9373779296875,9.0039701461792,3.4708561897277832,5.5331144332885742,0.77165484428405762,0.070051699876785278,0.47159519791603088,3,50.686038970947266,0.22728918492794037,0.049839094281196594,0.03470453992486,76,325,34.2736,0
thin0.40000000596046448_browse0.800000011920929_clear0,0,60,sitka-spruce,1492.1739501953125,9.1185207366943359,3.3120036125183105,5.8065185546875,1.0642621517181396,0.070662207901477814,0.72954034805297852,4,52.133579254150391,0.2332870215177536,0.047622241079807281,0.032165218144655228,75,330,36.2977,0
thin0.40000000596046448_browse0.800000011920929_clear0,0,61,sitka-spruce,2208.241943359375,9.9532108306884766,2.7396450042724609,7.2135653495788574,1.0097670555114746,0.065826974809169769,3.1782326698303223,6,50.6193962097168,0.23844131827354431,0.045439992100000381,0.0289588812738657,75,336,41.8787,0
thin0.40000000596046448_browse0.800000011920929_clear0,0,62,sitka-spruce,1457.15576171875,9.4383020401000977,3.9459083080291748,5.4923958778381348,0.75037384033203125,0.06184026226401329,1.7215312719345093,4,52.031558990478516,0.24638369679450989,0.042609661817550659,0.025398984551429749,71,344,34.7273,0
thin0.40000000596046448_browse0.800000011920929_clear0,0,63,sitka-spruce,1459.4371337890625,9.51234245300293,3.9271924495697021,5.58514928817749,1.1670936346054077,0.061566866934299469,0.688092052936554,4,54.041999816894531,0.25240200757980347,0.039746396243572235,0.02175569161772728,70,349,33.2324,0
thin0.40000000596046448_browse0.800000011920929_clear0,0,64,sitka-spruce,575.6624755859375,6.3958864212036133,1.7945594787597656,4.6013264656066895,1.0263983011245728,0.060576882213354111,4.4924869537353516,8,50.257099151611328,0.26245021820068359,0.036340232938528061,0.018182767555117607,72,355,38.4566,0
thin0.40000000596046448_browse0.800000011920929_clear0,0,65,sitka-spruce,573.89556884765625,6.2467398643493652,2.7761561870574951,3.4705853462219238,0.89126300811767578,0.052591379731893539,0.74913597106933594,4,51.340263366699219,0.26966807246208191,0.03334156796336174,0.015514357015490532,67,364,35.972100000000005,0
thin0.40000000596046448_browse0.800000011920929_clear0,0,66,sitka-spruce,564.53973388671875,6.0808844566345215,2.7116575241088867,3.3692276477813721,0.76361632347106934,0.047403886914253235,3.40376615524292,5,49.837135314941406,0.27414345741271973,0.030220422893762589,0.013227012939751148,66,370,34.8019,0
thin0.40000000596046448_browse0.800000011920929_clear0,0,67,sitka-spruce,1398.3150634765625,9.1045236587524414,4.5093426704406738,4.5951805114746094,0.66670519113540649,0.045411251485347748,0.984759509563446,5,52.649600982666016,0.27889731526374817,0.027476165443658829,0.011939145624637604,65,376,35.301,0
thin0.40000000596046448_browse0.800000011920929_clear0,0,68,sitka-spruce,1367.9169921875,9.05434799194336,3.843015193939209,5.2113323211669922,1.0006808042526245,0.054978255182504654,0.75787347555160522,3,54.679084777832031,0.27950039505958557,0.026268230751156807,0.011801787652075291,61,383,30.9688,0
thin0.40000000596046448_browse0.800000011920929_clear0,0,69,sitka-spruce,540.71795654296875,5.8739213943481445,2.0277137756347656,3.846207857131958,0.94666439294815063,0.060998067259788513,1.4327676296234131,5,54.266365051269531,0.2819354236125946,0.024666778743267059,0.011293173767626286,62,387,32.998000000000005,0
thin0.40000000596046448_browse0.800000011920929_clear0,0,70,sitka-spruce,533.16595458984375,5.9010181427001953,2.4436345100402832,3.4573838710784912,0.8313981294631958,0.059337861835956573,1.5957744121551514,3,54.223491668701172,0.28753426671028137,0.022674426436424255,0.010700478218495846,59,393,29.7813,0
thin0.40000000596046448_browse0.800000011920929_clear0,0,71,sitka-spruce,525.09307861328125,5.7827835083007813,2.4684627056121826,3.314319372177124,0.86121124029159546,0.052582815289497375,1.8751657009124756,6,53.902996063232422,0.29003199934959412,0.021875690668821335,0.0099449856206774712,61,397,36.2324,0
thin0.40000000596046448_browse0.800000011920929_clear0,0,72,sitka-spruce,1298.08349609375,8.73758602142334,3.9880781173706055,4.749506950378418,1.1953333616256714,0.048649221658706665,1.85976243019104,7,54.787326812744141,0.29171288013458252,0.020371297374367714,0.0090631851926445961,61,404,36.637,0
thin0.40000000596046448_browse0.800000011920929_clear0,0,73,sitka-spruce,1272.2919921875,8.8221235275268555,3.4802443981170654,5.3418784141540527,1.1356782913208008,0.054797515273094177,1.7102866172790527,4,55.3668098449707,0.29467120766639709,0.01900758408010006,0.00805568601936102,57,412,34.9546,0
thin0.40000000596046448_browse0.800000011920929_clear0,0,74,sitka-spruce,1863.6431884765625,9.9314737319946289,3.1501595973968506,6.7813177108764648,1.1717747449874878,0.0584188848733902,2.7447507381439209,7,54.542026519775391,0.29659745097160339,0.017851302400231361,0.0071276496164500713,59,417,35.9343,0
thin0.40000000596046448_browse0.800000011920929_clear0,0,75,sitka-spruce,1217.0882568359375,9.0053281784057617,4.0217466354370117,4.98358154296875,1.0719375610351563,0.058498263359069824,3.3855915069580078,6,54.047744750976563,0.29871872067451477,0.016891613602638245,0.005953869316726923,57,425,37.2216,0
thin0.40000000596046448_browse0.800000011920929_clear0,0,76,sitka-spruce,1171.4085693359375,9.1384077072143555,4.5016050338745117,4.6368021965026855,1.4016772508621216,0.062342710793018341,3.9119772911071777,8,53.1733512878418,0.30271577835083008,0.017495952546596527,0.0061356327496469021,57,433,38.6019,0
thin0.40000000596046448_browse0.800000011920929_clear0,0,77,sitka-spruce,1173.379638671875,8.7057571411132813,4.2758421897888184,4.42991828918457,1.8085061311721802,0.068299084901809692,2.6015655994415283,6,52.9708251953125,0.30442246794700623,0.01712365634739399,0.005939775612205267,58,438,35.619,0
thin0.40000000596046448_browse0.800000011920929_clear0,0,78,sitka-spruce,460.71786499023438,5.4423022270202637,2.9910283088684082,2.4512743949890137,1.3809152841567993,0.071323111653327942,1.4711418151855469,5,53.038471221923828,0.30813521146774292,0.016349708661437035,0.00551634980365634,53,448,34.940200000000004,0
thin0.40000000596046448_browse0.800000011920929_clear0,0,79,sitka-spruce,449.1630859375,5.392937183380127,3.1311461925506592,2.2617907524108887,1.1837683916091919,0.067609980702400208,3.2783467769622803,7,51.639892578125,0.31334748864173889,0.015601486898958683,0.005354621447622776,54,454,35.527100000000004,0
thin0.40000000596046448_browse0.800000011920929_clear0,0,80,sitka-spruce,1104.30908203125,8.6515960693359375,4.6001615524291992,4.05143404006958,0.97226172685623169,0.060943812131881714,2.1955046653747559,5,53.011344909667969,0.31904378533363342,0.014475513249635696,0.0050378041341900826,51,462,39.7259,0
thin0.40000000596046448_browse0.800000011920929_clear0,0,81,sitka-spruce,430.64251708984375,5.2802934646606445,2.3901078701019287,2.8901863098144531,0.92027521133422852,0.066168986260890961,2.1121783256530762,5,52.302829742431641,0.32386156916618347,0.013773536309599876,0.0046028601936995983,50,468,32.4425,0
thin0.40000000596046448_browse0.800000011920929_clear0,0,82,sitka-spruce,1586.5587158203125,9.7799110412597656,3.7645750045776367,6.0153379440307617,1.0966691970825195,0.0639818012714386,2.8753736019134521,5,52.031379699707031,0.32953155040740967,0.012624147348105907,0.0040479800663888454,49,474,32.2653,0
thin0.40000000596046448_browse0.800000011920929_clear0,0,83,sitka-spruce,1063.9908447265625,8.2329311370849609,3.9414470195770264,4.2914857864379883,1.0521126985549927,0.06671220064163208,2.7316474914550781,6,52.122352600097656,0.33132460713386536,0.010861852206289768,0.0034416469279676676,53,476,34.8681,0
thin0.40000000596046448_browse0.800000011920929_clear0,0,84,sitka-spruce,414.10598754882813,4.9378151893615723,2.636965274810791,2.3008501529693604,1.2735412120819092,0.067260123789310455,1.4193403720855713,5,51.999179840087891,0.33548074960708618,0.00980837270617485,0.0028371515218168497,48,486,33.4017,0
thin0.40000000596046448_browse0.800000011920929_clear0,0,85,sitka-spruce,1014.090576171875,8.2634000778198242,4.7053332328796387,3.5580661296844482,1.1177177429199219,0.065771520137786865,0.77763092517852783,4,54.743389129638672,0.34083497524261475,0.0087595060467720032,0.0022543619852513075,46,492,30.2317,0
thin0.40000000596046448_browse0.800000011920929_clear0,0,86,sitka-spruce,1027.10009765625,7.8307185173034668,2.8584747314453125,4.9722447395324707,1.356271505355835,0.071019411087036133,3.062842845916748,8,53.111732482910156,0.33830314874649048,0.0077142319642007351,0.0016562954988330603,53,493,35.1101,0
thin0.40000000596046448_browse0.800000011920929_clear0,0,87,sitka-spruce,988.10772705078125,8.2332029342651367,4.385706901550293,3.8474955558776855,1.0808000564575195,0.070379123091697693,2.1179606914520264,5,54.228298187255859,0.34538692235946655,0.0068132407031953335,0.0011583820451050997,46,505,34.9428,0
thin0.40000000596046448_browse0.800000011920929_clear0,0,88,sitka-spruce,387.35055541992188,4.8182940483093262,3.04750919342041,1.7707847356796265,0.98621892929077148,0.0762290433049202,1.4580492973327637,4,54.75531005859375,0.34921658039093018,0.0067665488459169865,0.001023646560497582,44,511,29.715600000000002,0
thin0.40000000596046448_browse0.800000011920929_clear0,0,89,sitka-spruce,939.63104248046875,8.3703174591064453,4.8969202041625977,3.4733943939208984,0.94356805086135864,0.073022186756134033,1.5136830806732178,4,57.1219596862793,0.35364151000976563,0.0079669477418065071,0.0021496410481631756,43,516,29.1793,0
thin0.40000000596046448_browse0.800000011920929_clear0,0,90,sitka-spruce,939.63104248046875,8.0114145278930664,3.8399434089660645,4.17147159576416,0.896217405796051,0.077974647283554077,1.98434579372406,8,58.003364562988281,0.3530631959438324,0.0085798986256122589,0.0026648091152310371,49,518,35.277100000000004,0
thin0.40000000596046448_browse0.800000011920929_clear0,0,91,sitka-spruce,913.86175537109375,8.2153682708740234,3.1631884574890137,5.052180290222168,0.82058125734329224,0.08181406557559967,1.7889605760574341,7,58.475196838378906,0.35355201363563538,0.009685843251645565,0.0031219099182635546,45,529,38.7719,0
thin0.40000000596046448_browse0.800000011920929_clear0,0,92,sitka-spruce,921.0933837890625,7.7735743522644043,3.1296887397766113,4.6438851356506348,0.78643393516540527,0.077159076929092407,3.9876422882080078,9,56.7536506652832,0.3484877347946167,0.010130203329026699,0.003213175106793642,51,532,40.1323,0
thin0.40000000596046448_browse0.800000011920929_clear0,0,93,sitka-spruce,356.48248291015625,4.5117874145507813,2.6655483245849609,1.8462388515472412,0.85918319225311279,0.0688471645116806,1.8398898839950562,5,56.651275634765625,0.35086679458618164,0.010518981143832207,0.0035378772299736738,42,546,34.7652,0
thin0.40000000596046448_browse0.800000011920929_clear0,0,94,sitka-spruce,344.70318603515625,4.5911698341369629,2.56292724609375,2.0282435417175293,0.68312889337539673,0.0630725771188736,4.3194007873535156,7,54.148601531982422,0.35398519039154053,0.011427098885178566,0.0040258793160319328,43,552,33.370000000000005,0
thin0.40000000596046448_browse0.800000011920929_clear0,0,95,sitka-spruce,344.70318603515625,4.3928256034851074,2.5937285423278809,1.7990970611572266,0.78587448596954346,0.059163302183151245,1.7006970643997192,5,54.19659423828125,0.35339856147766113,0.010203443467617035,0.003111629281193018,44,556,30.218600000000002,0
thin0.40000000596046448_browse0.800000011920929_clear0,0,96,sitka-spruce,1246.978271484375,9.4558563232421875,5.9485197067260742,3.5073387622833252,0.83106523752212524,0.055169977247714996,1.8919578790664673,8,57.366920471191406,0.35427698493003845,0.011902363039553165,0.0042509059421718121,43,565,37.8953,0
thin0.40000000596046448_browse0.800000011920929_clear0,0,97,sitka-spruce,338.31900024414063,4.2917685508728027,2.7007136344909668,1.5910556316375732,0.80806851387023926,0.068302333354949951,1.5223877429962158,6,57.668876647949219,0.35283482074737549,0.010336115956306458,0.0033422904089093208,45,569,32.8234,0
thin0.40000000596046448_browse0.800000011920929_clear0,0,98,sitka-spruce,324.672607421875,4.343876838684082,2.7480642795562744,1.5958124399185181,0.55266666412353516,0.069345541298389435,1.3929359912872314,5,58.401992797851563,0.35637772083282471,0.011152342893183231,0.0038072292227298021,39,580,33.612500000000004,0
thin0.40000000596046448_browse0.800000011920929_clear0,0,99,sitka-spruce,1218.9683837890625,8.8795099258422852,4.93217134475708,3.9473390579223633,0.4924151599407196,0.068963542580604553,0.67350256443023682,1,62.099281311035156,0.35648903250694275,0.010957401245832443,0.00395180843770504,37,583,22.6967,0
thin0.40000000596046448_browse0.800000011920929_clear0,0,100,sitka-spruce,788.2047119140625,7.7492055892944336,3.5216677188873291,4.227536678314209,0.48690980672836304,0.072896510362625122,1.4596686363220215,5,63.601474761962891,0.36252692341804504,0.010935756377875805,0.0038494598120450974,38,587,28.239600000000003,0
thin0.40000000596046448_browse0.800000011920929_clear0,1,1,sitka-spruce,260.42938232421875,1.9072985649108887,1.9072985649108887,0,0,0,0,0,1.9072984457015991,0.083157375454902649,0.065906189382076263,0.042402662336826324,202,0,107.5541,0
thin0.40000000596046448_browse0.800000011920929_clear0,1,2,sitka-spruce,194.89288330078125,1.5313607454299927,1.5313607454299927,0,0.027437150478363037,0.0090233152732253075,0,0,3.4021985530853271,0.083201758563518524,0.0678061693906784,0.044127289205789566,202,0,94.0265,0
thin0.40000000596046448_browse0.800000011920929_clear0,1,3,sitka-spruce,689.147216796875,3.9998676776885986,3.9998676776885986,0,0.034372881054878235,0.016165550798177719,0,0,7.3515276908874512,0.084197625517845154,0.069923140108585358,0.046392977237701416,202,0,98.955700000000007,0
thin0.40000000596046448_browse0.800000011920929_clear0,1,4,sitka-spruce,349.26296997070313,2.5752522945404053,2.5752522945404053,0,0.091387026011943817,0.030889734625816345,0,0,9.8045034408569336,0.085692055523395538,0.072016999125480652,0.04885486513376236,202,0,82.8716,0
thin0.40000000596046448_browse0.800000011920929_clear0,1,5,sitka-spruce,417.92758178710938,2.9762272834777832,2.9762272834777832,0,0.1031845360994339,0.036107823252677917,0,0,12.641438484191895,0.08730662614107132,0.0742221251130104,0.051381200551986694,202,0,81.9569,0
thin0.40000000596046448_browse0.800000011920929_clear0,1,6,sitka-spruce,1208.531494140625,5.4190292358398438,5.4190292358398438,0,0.11767219007015228,0.038025204092264175,0,0,17.904769897460938,0.089370608329772949,0.076144315302371979,0.053912002593278885,202,0,83.4738,0
thin0.40000000596046448_browse0.800000011920929_clear0,1,7,sitka-spruce,1367.7579345703125,5.7477526664733887,5.3966875076293945,0.35106584429740906,0.19279330968856812,0.046613596379756927,0,0,23.062051773071289,0.092112191021442413,0.077894158661365509,0.056331660598516464,202,0,80.382,0
thin0.40000000596046448_browse0.800000011920929_clear0,1,8,sitka-spruce,2287.81201171875,6.5072298049926758,3.3748636245727539,3.1323652267456055,0.21526242792606354,0.066537678241729736,0,0,26.155115127563477,0.095251694321632385,0.079330876469612122,0.0585533082485199,202,0,102.30720000000001,0
thin0.40000000596046448_browse0.800000011920929_clear0,1,9,sitka-spruce,673.19354248046875,4.42152738571167,1.7461941242218018,2.6753334999084473,0.25071266293525696,0.059505753219127655,0,0,27.591089248657227,0.0982399582862854,0.080342240631580353,0.060580283403396606,202,0,83.30680000000001,0
thin0.40000000596046448_browse0.800000011920929_clear0,1,10,sitka-spruce,737.080078125,4.7569136619567871,1.4830152988433838,3.2738981246948242,0.26513659954071045,0.040069054812192917,0,0,28.768899917602539,0.10105643421411514,0.080991894006729126,0.0623333565890789,202,0,78.4788,0
thin0.40000000596046448_browse0.800000011920929_clear0,1,11,sitka-spruce,729.30303955078125,4.8217549324035645,1.4591044187545776,3.3626508712768555,0.28463280200958252,0.035264894366264343,0,0,29.908105850219727,0.10371708124876022,0.081300400197505951,0.063728794455528259,202,0,72.069600000000008,0
thin0.40000000596046448_browse0.800000011920929_clear0,1,12,sitka-spruce,1810.4583740234375,6.7993412017822266,1.5552916526794434,5.244049072265625,0.30196663737297058,0.032371129840612411,0,0,31.129060745239258,0.10619529336690903,0.081333555281162262,0.064837314188480377,202,0,68.9974,0
thin0.40000000596046448_browse0.800000011920929_clear0,1,13,sitka-spruce,1803.28662109375,6.8891830444335938,1.296581506729126,5.5926008224487305,0.34784060716629028,0.030343146994709969,1.3878599405288696,6,30.659599304199219,0.10843437910079956,0.081140533089637756,0.0656585618853569,208,0,80.8738,0
thin0.40000000596046448_browse0.800000011920929_clear0,1,14,sitka-spruce,720.031494140625,4.8651266098022461,2.2413232326507568,2.6238029003143311,0.38698086142539978,0.031398862600326538,1.1671392917633057,5,31.315402984619141,0.11588073521852493,0.072636634111404419,0.057858437299728394,213,0,74.6127,0
thin0.40000000596046448_browse0.800000011920929_clear0,1,15,sitka-spruce,2700.60986328125,7.1520175933837891,2.5639653205871582,4.5880522727966309,0.38702639937400818,0.034721754491329193,2.918673038482666,7,30.538948059082031,0.12459761649370193,0.061859894543886185,0.04437052458524704,220,0,75.950600000000009,0
thin0.40000000596046448_browse0.800000011920929_clear0,1,16,sitka-spruce,721.41815185546875,4.6323113441467285,2.4171707630157471,2.2151408195495605,0.54970663785934448,0.041607648134231567,1.9380562305450439,5,30.426748275756836,0.13542652130126953,0.050162013620138168,0.035018511116504669,225,0,72.9854,0
thin0.40000000596046448_browse0.800000011920929_clear0,1,17,sitka-spruce,717.401123046875,4.7786436080932617,3.7128040790557861,1.0658403635025024,0.49620577692985535,0.045487452298402786,0,0,33.597858428955078,0.150502011179924,0.0365658663213253,0.022734826430678368,223,2,86.1997,0
thin0.40000000596046448_browse0.800000011920929_clear0,1,18,sitka-spruce,1802.344482421875,6.664146900177002,2.47822904586792,4.1859188079833984,0.47686484456062317,0.052043378353118896,2.3620116710662842,3,33.1851692199707,0.15988729894161224,0.031233532354235649,0.018538039177656174,223,5,90.9972,0
thin0.40000000596046448_browse0.800000011920929_clear0,1,19,sitka-spruce,712.337646484375,4.6590275764465332,1.8029381036758423,2.8560891151428223,0.49533247947692871,0.053274109959602356,5.7028422355651855,8,28.736656188964844,0.16908219456672668,0.024525539949536324,0.013831871561706066,227,9,87.569200000000009,0
thin0.40000000596046448_browse0.800000011920929_clear0,1,20,sitka-spruce,704.964599609375,4.2538185119628906,3.2696917057037354,0.98412692546844482,0.47903883457183838,0.047279838472604752,1.4886493682861328,7,29.99138069152832,0.17564336955547333,0.016813360154628754,0.0076440898701548576,229,14,85.37530000000001,0
thin0.40000000596046448_browse0.800000011920929_clear0,1,21,sitka-spruce,1751.22802734375,5.4832649230957031,4.3918266296386719,1.0914393663406372,0.46863576769828796,0.048891663551330566,0.47304779291152954,2,33.392631530761719,0.17921364307403564,0.011129682883620262,0.0044129947200417519,227,18,77.0497,0
thin0.40000000596046448_browse0.800000011920929_clear0,1,22,sitka-spruce,2624.641357421875,5.7391395568847656,3.3186161518096924,2.4205226898193359,0.49254646897315979,0.056976675987243652,1.3972055912017822,2,34.764518737792969,0.18276618421077728,0.0077770180068910122,0.0024271472357213497,224,23,77.2636,0
thin0.40000000596046448_browse0.800000011920929_clear0,1,23,sitka-spruce,1767.4029541015625,5.1662893295288086,1.8654721975326538,3.3008160591125488,0.70390987396240234,0.064330160617828369,1.0715305805206299,2,34.79022216796875,0.1819462925195694,0.00571410171687603,0.0013349310029298067,225,24,73.0796,0
thin0.40000000596046448_browse0.800000011920929_clear0,1,24,sitka-spruce,1770.9371337890625,5.1746540069580078,2.1373734474182129,3.0372796058654785,0.90077018737792969,0.057559698820114136,0.4919714629650116,1,35.477294921875,0.18019527196884155,0.0049094595015048981,0.0007342121098190546,218,32,72.8375,0
thin0.40000000596046448_browse0.800000011920929_clear0,1,25,sitka-spruce,2671.632568359375,6.0242791175842285,2.500720739364624,3.5235576629638672,0.82448679208755493,0.052101112902164459,0,0,37.101425170898438,0.1810121089220047,0.0059205587022006512,0.00096682104049250484,209,41,66.0911,0
thin0.40000000596046448_browse0.800000011920929_clear0,1,26,sitka-spruce,1765.8284912109375,6.5630693435668945,2.1368069648742676,4.4262633323669434,1.1372098922729492,0.047521542757749557,0.84805822372436523,2,37.2054443359375,0.18643778562545776,0.0080029405653476715,0.0024121536407619715,199,53,67.734000000000009,0
thin0.40000000596046448_browse0.800000011920929_clear0,1,27,sitka-spruce,682.79022216796875,4.9298644065856934,1.7585623264312744,3.1713013648986816,0.91497093439102173,0.045525301247835159,0.66318726539611816,3,37.3403205871582,0.19201800227165222,0.010995553806424141,0.004915168508887291,190,65,63.7241,0
thin0.40000000596046448_browse0.800000011920929_clear0,1,28,sitka-spruce,1689.182861328125,6.7768778800964355,3.0425026416778564,3.7343754768371582,0.65651065111160278,0.044839140027761459,1.3634712696075439,5,38.3180046081543,0.19912773370742798,0.010864048264920712,0.0048846462741494179,187,73,65.0282,0
thin0.40000000596046448_browse0.800000011920929_clear0,1,29,sitka-spruce,1683.3277587890625,7.0372395515441895,3.2105827331542969,3.8266572952270508,0.71045875549316406,0.046990752220153809,0.1247570589184761,1,40.646381378173828,0.20568202435970306,0.012064548209309578,0.0059678889811038971,176,85,67.18010000000001,0
thin0.40000000596046448_browse0.800000011920929_clear0,1,30,sitka-spruce,2507.36181640625,7.7587766647338867,2.0714988708496094,5.6872773170471191,0.70831394195556641,0.05131877213716507,0.84116649627685547,3,41.117080688476563,0.2056930810213089,0.016886726021766663,0.0096019832417368889,170,94,66.8679,0
thin0.40000000596046448_browse0.800000011920929_clear0,1,31,sitka-spruce,2507.945068359375,7.7030839920043945,2.4988512992858887,5.2042336463928223,0.87775802612304688,0.048806231468915939,0.90770411491394043,2,41.781661987304688,0.20407818257808685,0.020473551005125046,0.012616917490959167,166,100,54.548100000000005,0
thin0.40000000596046448_browse0.800000011920929_clear0,1,32,sitka-spruce,1700.9375,7.3858556747436523,2.4318907260894775,4.9539637565612793,0.85276550054550171,0.047368843108415604,1.8905751705169678,5,41.422843933105469,0.19820539653301239,0.0248323492705822,0.015343473292887211,167,104,58.941500000000005,0
thin0.40000000596046448_browse0.800000011920929_clear0,1,33,sitka-spruce,674.49090576171875,5.4956068992614746,2.222571849822998,3.2730348110198975,0.81749534606933594,0.047925263643264771,1.7745047807693481,3,41.005489349365234,0.20112656056880951,0.024286696687340736,0.013731964863836765,162,112,56.7074,0
thin0.40000000596046448_browse0.800000011920929_clear0,1,34,sitka-spruce,670.12884521484375,5.4578766822814941,2.2116780281066895,3.2461986541748047,0.84920370578765869,0.045539036393165588,2.1003146171569824,5,40.222110748291016,0.20444060862064362,0.023904817178845406,0.014245202764868736,157,122,58.7541,0
thin0.40000000596046448_browse0.800000011920929_clear0,1,35,sitka-spruce,665.4354248046875,5.486752986907959,2.30661678314209,3.1801369190216064,0.802150547504425,0.040839698165655136,3.0630590915679932,7,38.6226806640625,0.20941753685474396,0.023317093029618263,0.013136530295014381,155,131,61.2271,0
thin0.40000000596046448_browse0.800000011920929_clear0,1,36,sitka-spruce,662.307373046875,5.6990690231323242,3.478614330291748,2.220454216003418,0.74109727144241333,0.039773188531398773,0.85104048252105713,3,40.469383239746094,0.21523095667362213,0.02386978454887867,0.013594596646726131,147,142,53.255700000000004,0
thin0.40000000596046448_browse0.800000011920929_clear0,1,37,sitka-spruce,668.84759521484375,5.71520471572876,2.9615418910980225,2.7536637783050537,0.67788505554199219,0.043745797127485275,3.3209402561187744,8,39.388351440429688,0.21924085915088654,0.024887155741453171,0.014901432208716869,148,149,58.632000000000005,0
thin0.40000000596046448_browse0.800000011920929_clear0,1,38,sitka-spruce,670.373779296875,5.7115645408630371,3.0538794994354248,2.6576848030090332,0.75890457630157471,0.04836205393075943,1.9786052703857422,4,39.6563606262207,0.21652552485466003,0.028491197153925896,0.017671164125204086,142,159,52.653200000000005,0
thin0.40000000596046448_browse0.800000011920929_clear0,1,39,sitka-spruce,1678.681640625,8.3261919021606445,3.65093994140625,4.67525053024292,0.70129913091659546,0.050781935453414917,1.5907846689224243,4,40.964435577392578,0.20944593846797943,0.032765276730060577,0.020187083631753922,138,167,55.3708,0
thin0.40000000596046448_browse0.800000011920929_clear0,1,40,sitka-spruce,670.2822265625,5.9688549041748047,2.0832619667053223,3.885594367980957,0.628863513469696,0.053728450089693069,1.7739083766937256,4,40.591194152832031,0.20080962777137756,0.039608649909496307,0.026408679783344269,131,178,55.8556,0
thin0.40000000596046448_browse0.800000011920929_clear0,1,41,sitka-spruce,1662.3958740234375,8.3996648788452148,3.6623072624206543,4.7373595237731934,0.57389849424362183,0.048200052231550217,2.4073684215545654,5,41.224037170410156,0.19284376502037048,0.04492560401558876,0.031429070979356766,129,185,48.6848,0
thin0.40000000596046448_browse0.800000011920929_clear0,1,42,sitka-spruce,1659.3990478515625,8.1256179809570313,3.344022274017334,4.7815957069396973,0.53994107246398926,0.050762344151735306,0.75490683317184448,3,43.222446441650391,0.18944652378559113,0.047526147216558456,0.035074036568403244,125,192,44.671,0
thin0.40000000596046448_browse0.800000011920929_clear0,1,43,sitka-spruce,1628.7939453125,8.438969612121582,2.7016711235046387,5.737297534942627,0.507030189037323,0.053235899657011032,0.24785633385181427,4,45.115997314453125,0.18909540772438049,0.046346362680196762,0.03408273309469223,121,200,45.833600000000004,0
thin0.40000000596046448_browse0.800000011920929_clear0,1,44,sitka-spruce,1633.37451171875,8.4087591171264648,2.5083725452423096,5.9003872871398926,0.95639783143997192,0.0559760183095932,3.3707194328308105,8,43.241275787353516,0.19026960432529449,0.045858439058065414,0.034667808562517166,124,205,50.3329,0
thin0.40000000596046448_browse0.800000011920929_clear0,1,45,sitka-spruce,1636.705078125,8.2343816757202148,3.6399085521698,4.5944728851318359,1.2971581220626831,0.047573622316122055,1.2401447296142578,4,44.296306610107422,0.19313691556453705,0.04489494115114212,0.033703848719596863,119,214,47.5706,0
thin0.40000000596046448_browse0.800000011920929_clear0,1,46,sitka-spruce,651.28131103515625,6.0986638069152832,2.6134250164031982,3.4852404594421387,1.4091663360595703,0.0509292297065258,2.9020910263061523,6,42.54754638671875,0.19030047953128815,0.051309380680322647,0.040397472679615021,111,228,48.8436,0
thin0.40000000596046448_browse0.800000011920929_clear0,1,47,sitka-spruce,1606.009765625,8.6680116653442383,3.5557613372802734,5.1122493743896484,1.0149365663528442,0.054419092833995819,1.5134739875793457,4,43.520477294921875,0.19082474708557129,0.053907718509435654,0.041741274297237396,107,236,42.296600000000005,0
thin0.40000000596046448_browse0.800000011920929_clear0,1,48,sitka-spruce,634.186767578125,6.0550713539123535,2.9487392902374268,3.1063327789306641,1.2628382444381714,0.058618266135454178,2.5360274314880371,7,42.611736297607422,0.1974271833896637,0.052449002861976624,0.040222011506557465,107,243,45.331,0
thin0.40000000596046448_browse0.800000011920929_clear0,1,49,sitka-spruce,647.09765625,5.8210978507995605,3.2399935722351074,2.5811047554016113,1.1615948677062988,0.060493674129247665,2.1123371124267578,5,42.517303466796875,0.20258095860481262,0.046544607728719711,0.034436855465173721,106,249,48.3584,0
thin0.40000000596046448_browse0.800000011920929_clear0,1,50,sitka-spruce,2396.807861328125,9.06650447845459,4.764523983001709,4.3019819259643555,1.5389090776443481,0.061592578887939453,3.4291675090789795,7,42.252159118652344,0.20153619349002838,0.049387920647859573,0.036991465836763382,100,262,58.019200000000005,0
thin0.40000000596046448_browse0.800000011920929_clear0,1,51,sitka-spruce,630.4744873046875,5.9477691650390625,2.8671495914459229,3.0806186199188232,1.4299639463424683,0.065125644207000732,3.6046602725982666,7,40.019557952880859,0.19823954999446869,0.053019974380731583,0.039831425994634628,98,271,44.4861,0
thin0.40000000596046448_browse0.800000011920929_clear0,1,52,sitka-spruce,2373.967529296875,9.3245048522949219,6.1468534469604492,3.1776516437530518,1.4669827222824097,0.062280744314193726,1.3116297721862793,3,43.325515747070313,0.20035494863986969,0.054497737437486649,0.040893577039241791,91,281,38.8547,0
thin0.40000000596046448_browse0.800000011920929_clear0,1,53,sitka-spruce,1577.6168212890625,8.994664192199707,4.3535866737365723,4.64107608795166,1.1576064825057983,0.071589797735214233,2.530156135559082,6,43.919750213623047,0.20320691168308258,0.056174673140048981,0.041700758039951324,92,286,39.449200000000005,0
thin0.40000000596046448_browse0.800000011920929_clear0,1,54,sitka-spruce,621.7889404296875,6.222193717956543,3.25837779045105,2.9638159275054932,1.0596708059310913,0.078717134892940521,2.3674836158752441,4,43.672256469726563,0.20934554934501648,0.056147858500480652,0.0408778190612793,87,295,38.8188,0
thin0.40000000596046448_browse0.800000011920929_clear0,1,55,sitka-spruce,1524.7685546875,8.7689142227172852,4.4791245460510254,4.2897906303405762,0.95140570402145386,0.075224794447422028,1.6848917007446289,3,45.439861297607422,0.21288761496543884,0.053564801812171936,0.038280688226222992,87,298,36.0993,0
thin0.40000000596046448_browse0.800000011920929_clear0,1,56,sitka-spruce,613.7086181640625,6.164456844329834,3.1052324771881104,3.0592231750488281,0.92874658107757568,0.074252329766750336,0.94703477621078491,3,46.595058441162109,0.21646608412265778,0.0529286228120327,0.036791559308767319,82,306,35.9508,0
thin0.40000000596046448_browse0.800000011920929_clear0,1,57,sitka-spruce,1526.106201171875,8.926849365234375,3.6992108821868896,5.2276382446289063,0.8233608603477478,0.068712137639522552,2.0309960842132568,5,47.371200561523438,0.21879945695400238,0.0526607483625412,0.037117172032594681,82,311,35.5053,0
thin0.40000000596046448_browse0.800000011920929_clear0,1,58,sitka-spruce,2270.9765625,9.7347860336303711,4.2347946166992188,5.4999909400939941,0.797748863697052,0.0659366175532341,2.2138271331787109,5,48.528484344482422,0.2229001373052597,0.0512818805873394,0.036120347678661346,80,318,37.891600000000004,0
thin0.40000000596046448_browse0.800000011920929_clear0,1,59,sitka-spruce,1500.9373779296875,9.0039701461792,3.4708561897277832,5.5331144332885742,0.77165484428405762,0.070051699876785278,0.47159519791603088,3,50.686038970947266,0.22728918492794037,0.049839094281196594,0.03470453992486,76,325,33.509,0
thin0.40000000596046448_browse0.800000011920929_clear0,1,60,sitka-spruce,1492.1739501953125,9.1185207366943359,3.3120036125183105,5.8065185546875,1.0642621517181396,0.070662207901477814,0.72954034805297852,4,52.133579254150391,0.2332870215177536,0.047622241079807281,0.032165218144655228,75,330,38.0739,0
thin0.40000000596046448_browse0.800000011920929_clear0,1,61,sitka-spruce,2208.241943359375,9.9532108306884766,2.7396450042724609,7.2135653495788574,1.0097670555114746,0.065826974809169769,3.1782326698303223,6,50.6193962097168,0.23844131827354431,0.045439992100000381,0.0289588812738657,75,336,38.9289,0
thin0.40000000596046448_browse0.800000011920929_clear0,1,62,sitka-spruce,1457.15576171875,9.4383020401000977,3.9459083080291748,5.4923958778381348,0.75037384033203125,0.06184026226401329,1.7215312719345093,4,52.031558990478516,0.24638369679450989,0.042609661817550659,0.025398984551429749,71,344,35.9515,0
thin0.40000000596046448_browse0.800000011920929_clear0,1,63,sitka-spruce,1459.4371337890625,9.51234245300293,3.9271924495697021,5.58514928817749,1.1670936346054077,0.061566866934299469,0.688092052936554,4,54.041999816894531,0.25240200757980347,0.039746396243572235,0.02175569161772728,70,349,33.7795,0
thin0.40000000596046448_browse0.800000011920929_clear0,1,64,sitka-spruce,575.6624755859375,6.3958864212036133,1.7945594787597656,4.6013264656066895,1.0263983011245728,0.060576882213354111,4.4924869537353516,8,50.257099151611328,0.26245021820068359,0.036340232938528061,0.018182767555117607,72,355,43.783,0
thin0.40000000596046448_browse0.800000011920929_clear0,1,65,sitka-spruce,573.89556884765625,6.2467398643493652,2.7761561870574951,3.4705853462219238,0.89126300811767578,0.052591379731893539,0.74913597106933594,4,51.340263366699219,0.26966807246208191,0.03334156796336174,0.015514357015490532,67,364,34.912800000000004,0
thin0.40000000596046448_browse0.800000011920929_clear0,1,66,sitka-spruce,564.53973388671875,6.0808844566345215,2.7116575241088867,3.3692276477813721,0.76361632347106934,0.047403886914253235,3.40376615524292,5,49.837135314941406,0.27414345741271973,0.030220422893762589,0.013227012939751148,66,370,34.5908,0
thin0.40000000596046448_browse0.800000011920929_clear0,1,67,sitka-spruce,1398.3150634765625,9.1045236587524414,4.5093426704406738,4.5951805114746094,0.66670519113540649,0.045411251485347748,0.984759509563446,5,52.649600982666016,0.27889731526374817,0.027476165443658829,0.011939145624637604,65,376,33.7417,0
thin0.40000000596046448_browse0.800000011920929_clear0,1,68,sitka-spruce,1367.9169921875,9.05434799194336,3.843015193939209,5.2113323211669922,1.0006808042526245,0.054978255182504654,0.75787347555160522,3,54.679084777832031,0.27950039505958557,0.026268230751156807,0.011801787652075291,61,383,30.354100000000003,0
thin0.40000000596046448_browse0.800000011920929_clear0,1,69,sitka-spruce,540.71795654296875,5.8739213943481445,2.0277137756347656,3.846207857131958,0.94666439294815063,0.060998067259788513,1.4327676296234131,5,54.266365051269531,0.2819354236125946,0.024666778743267059,0.011293173767626286,62,387,32.4716,0
thin0.40000000596046448_browse0.800000011920929_clear0,1,70,sitka-spruce,533.16595458984375,5.9010181427001953,2.4436345100402832,3.4573838710784912,0.8313981294631958,0.059337861835956573,1.5957744121551514,3,54.223491668701172,0.28753426671028137,0.022674426436424255,0.010700478218495846,59,393,32.8663,0
thin0.40000000596046448_browse0.800000011920929_clear0,1,71,sitka-spruce,525.09307861328125,5.7827835083007813,2.4684627056121826,3.314319372177124,0.86121124029159546,0.052582815289497375,1.8751657009124756,6,53.902996063232422,0.29003199934959412,0.021875690668821335,0.0099449856206774712,61,397,34.971900000000005,0
thin0.40000000596046448_browse0.800000011920929_clear0,1,72,sitka-spruce,1298.08349609375,8.73758602142334,3.9880781173706055,4.749506950378418,1.1953333616256714,0.048649221658706665,1.85976243019104,7,54.787326812744141,0.29171288013458252,0.020371297374367714,0.0090631851926445961,61,404,36.4852,0
thin0.40000000596046448_browse0.800000011920929_clear0,1,73,sitka-spruce,1272.2919921875,8.8221235275268555,3.4802443981170654,5.3418784141540527,1.1356782913208008,0.054797515273094177,1.7102866172790527,4,55.3668098449707,0.29467120766639709,0.01900758408010006,0.00805568601936102,57,412,33.1664,0
thin0.40000000596046448_browse0.800000011920929_clear0,1,74,sitka-spruce,1863.6431884765625,9.9314737319946289,3.1501595973968506,6.7813177108764648,1.1717747449874878,0.0584188848733902,2.7447507381439209,7,54.542026519775391,0.29659745097160339,0.017851302400231361,0.0071276496164500713,59,417,35.9335,0
thin0.40000000596046448_browse0.800000011920929_clear0,1,75,sitka-spruce,1217.0882568359375,9.0053281784057617,4.0217466354370117,4.98358154296875,1.0719375610351563,0.058498263359069824,3.3855915069580078,6,54.047744750976563,0.29871872067451477,0.016891613602638245,0.005953869316726923,57,425,36.2719,0
thin0.40000000596046448_browse0.800000011920929_clear0,1,76,sitka-spruce,1171.4085693359375,9.1384077072143555,4.5016050338745117,4.6368021965026855,1.4016772508621216,0.062342710793018341,3.9119772911071777,8,53.1733512878418,0.30271577835083008,0.017495952546596527,0.0061356327496469021,57,433,38.5461,0
thin0.40000000596046448_browse0.800000011920929_clear0,1,77,sitka-spruce,1173.379638671875,8.7057571411132813,4.2758421897888184,4.42991828918457,1.8085061311721802,0.068299084901809692,2.6015655994415283,6,52.9708251953125,0.30442246794700623,0.01712365634739399,0.005939775612205267,58,438,33.816500000000005,0
thin0.40000000596046448_browse0.800000011920929_clear0,1,78,sitka-spruce,460.71786499023438,5.4423022270202637,2.9910283088684082,2.4512743949890137,1.3809152841567993,0.071323111653327942,1.4711418151855469,5,53.038471221923828,0.30813521146774292,0.016349708661437035,0.00551634980365634,53,448,35.249500000000005,0
thin0.40000000596046448_browse0.800000011920929_clear0,1,79,sitka-spruce,449.1630859375,5.392937183380127,3.1311461925506592,2.2617907524108887,1.1837683916091919,0.067609980702400208,3.2783467769622803,7,51.639892578125,0.31334748864173889,0.015601486898958683,0.005354621447622776,54,454,34.7757,0
thin0.40000000596046448_browse0.800000011920929_clear0,1,80,sitka-spruce,1104.30908203125,8.6515960693359375,4.6001615524291992,4.05143404006958,0.97226172685623169,0.060943812131881714,2.1955046653747559,5,53.011344909667969,0.31904378533363342,0.014475513249635696,0.0050378041341900826,51,462,35.5193,0
thin0.40000000596046448_browse0.800000011920929_clear0,1,81,sitka-spruce,430.64251708984375,5.2802934646606445,2.3901078701019287,2.8901863098144531,0.92027521133422852,0.066168986260890961,2.1121783256530762,5,52.302829742431641,0.32386156916618347,0.013773536309599876,0.0046028601936995983,50,468,32.0495,0
thin0.40000000596046448_browse0.800000011920929_clear0,1,82,sitka-spruce,1586.5587158203125,9.7799110412597656,3.7645750045776367,6.0153379440307617,1.0966691970825195,0.0639818012714386,2.8753736019134521,5,52.031379699707031,0.32953155040740967,0.012624147348105907,0.0040479800663888454,49,474,31.1341,0
thin0.40000000596046448_browse0.800000011920929_clear0,1,83,sitka-spruce,1063.9908447265625,8.2329311370849609,3.9414470195770264,4.2914857864379883,1.0521126985549927,0.06671220064163208,2.7316474914550781,6,52.122352600097656,0.33132460713386536,0.010861852206289768,0.0034416469279676676,53,476,32.5197,0
thin0.40000000596046448_browse0.800000011920929_clear0,1,84,sitka-spruce,414.10598754882813,4.9378151893615723,2.636965274810791,2.3008501529693604,1.2735412120819092,0.067260123789310455,1.4193403720855713,5,51.999179840087891,0.33548074960708618,0.00980837270617485,0.0028371515218168497,48,486,33.678200000000004,0
thin0.40000000596046448_browse0.800000011920929_clear0,1,85,sitka-spruce,1014.090576171875,8.2634000778198242,4.7053332328796387,3.5580661296844482,1.1177177429199219,0.065771520137786865,0.77763092517852783,4,54.743389129638672,0.34083497524261475,0.0087595060467720032,0.0022543619852513075,46,492,29.0458,0
thin0.40000000596046448_browse0.800000011920929_clear0,1,86,sitka-spruce,1027.10009765625,7.8307185173034668,2.8584747314453125,4.9722447395324707,1.356271505355835,0.071019411087036133,3.062842845916748,8,53.111732482910156,0.33830314874649048,0.0077142319642007351,0.0016562954988330603,53,493,36.970600000000005,0
thin0.40000000596046448_browse0.800000011920929_clear0,1,87,sitka-spruce,988.10772705078125,8.2332029342651367,4.385706901550293,3.8474955558776855,1.0808000564575195,0.070379123091697693,2.1179606914520264,5,54.228298187255859,0.34538692235946655,0.0068132407031953335,0.0011583820451050997,46,505,35.142,0
thin0.40000000596046448_browse0.800000011920929_clear0,1,88,sitka-spruce,387.35055541992188,4.8182940483093262,3.04750919342041,1.7707847356796265,0.98621892929077148,0.0762290433049202,1.4580492973327637,4,54.75531005859375,0.34921658039093018,0.0067665488459169865,0.001023646560497582,44,511,28.555500000000002,0
thin0.40000000596046448_browse0.800000011920929_clear0,1,89,sitka-spruce,939.63104248046875,8.3703174591064453,4.8969202041625977,3.4733943939208984,0.94356805086135864,0.073022186756134033,1.5136830806732178,4,57.1219596862793,0.35364151000976563,0.0079669477418065071,0.0021496410481631756,43,516,28.596700000000002,0
thin0.40000000596046448_browse0.800000011920929_clear0,1,90,sitka-spruce,939.63104248046875,8.0114145278930664,3.8399434089660645,4.17147159576416,0.896217405796051,0.077974647283554077,1.98434579372406,8,58.003364562988281,0.3530631959438324,0.0085798986256122589,0.0026648091152310371,49,518,33.435900000000004,0
thin0.40000000596046448_browse0.800000011920929_clear0,1,91,sitka-spruce,913.86175537109375,8.2153682708740234,3.1631884574890137,5.052180290222168,0.82058125734329224,0.08181406557559967,1.7889605760574341,7,58.475196838378906,0.35355201363563538,0.009685843251645565,0.0031219099182635546,45,529,38.0167,0
thin0.40000000596046448_browse0.800000011920929_clear0,1,92,sitka-spruce,921.0933837890625,7.7735743522644043,3.1296887397766113,4.6438851356506348,0.78643393516540527,0.077159076929092407,3.9876422882080078,9,56.7536506652832,0.3484877347946167,0.010130203329026699,0.003213175106793642,51,532,38.264,0
thin0.40000000596046448_browse0.800000011920929_clear0,1,93,sitka-spruce,356.48248291015625,4.5117874145507813,2.6655483245849609,1.8462388515472412,0.85918319225311279,0.0688471645116806,1.8398898839950562,5,56.651275634765625,0.35086679458618164,0.010518981143832207,0.0035378772299736738,42,546,35.736200000000004,0
thin0.40000000596046448_browse0.800000011920929_clear0,1,94,sitka-spruce,344.70318603515625,4.5911698341369629,2.56292724609375,2.0282435417175293,0.68312889337539673,0.0630725771188736,4.3194007873535156,7,54.148601531982422,0.35398519039154053,0.011427098885178566,0.0040258793160319328,43,552,35.2961,0
thin0.40000000596046448_browse0.800000011920929_clear0,1,95,sitka-spruce,344.70318603515625,4.3928256034851074,2.5937285423278809,1.7990970611572266,0.78587448596954346,0.059163302183151245,1.7006970643997192,5,54.19659423828125,0.35339856147766113,0.010203443467617035,0.003111629281193018,44,556,32.9938,0
thin0.40000000596046448_browse0.800000011920929_clear0,1,96,sitka-spruce,1246.978271484375,9.4558563232421875,5.9485197067260742,3.5073387622833252,0.83106523752212524,0.055169977247714996,1.8919578790664673,8,57.366920471191406,0.35427698493003845,0.011902363039553165,0.0042509059421718121,43,565,44.0431,0
thin0.40000000596046448_browse0.800000011920929_clear0,1,97,sitka-spruce,338.31900024414063,4.2917685508728027,2.7007136344909668,1.5910556316375732,0.80806851387023926,0.068302333354949951,1.5223877429962158,6,57.668876647949219,0.35283482074737549,0.010336115956306458,0.0033422904089093208,45,569,33.5454,0
thin0.40000000596046448_browse0.800000011920929_clear0,1,98,sitka-spruce,324.672607421875,4.343876838684082,2.7480642795562744,1.5958124399185181,0.55266666412353516,0.069345541298389435,1.3929359912872314,5,58.401992797851563,0.35637772083282471,0.011152342893183231,0.0038072292227298021,39,580,33.8215,0
thin0.40000000596046448_browse0.800000011920929_clear0,1,99,sitka-spruce,1218.9683837890625,8.8795099258422852,4.93217134475708,3.9473390579223633,0.4924151599407196,0.068963542580604553,0.67350256443023682,1,62.099281311035156,0.35648903250694275,0.010957401245832443,0.00395180843770504,37,583,22.7974,0
thin0.40000000596046448_browse0.800000011920929_clear0,1,100,sitka-spruce,788.2047119140625,7.7492055892944336,3.5216677188873291,4.227536678314209,0.48690980672836304,0.072896510362625122,1.4596686363220215,5,63.601474761962891,0.36252692341804504,0.010935756377875805,0.0038494598120450974,38,587,29.9537,0
thin0.40000000596046448_browse0.800000011920929_clear1,0,1,sitka-spruce,260.42938232421875,1.9072985649108887,1.9072985649108887,0,0,0,0,0,1.9072984457015991,0.054002363234758377,0.00040856498526409268,0,202,0,108.39420000000001,9
thin0.40000000596046448_browse0.800000011920929_clear1,0,2,sitka-spruce,194.89288330078125,1.5313607454299927,1.5313607454299927,0,0.027437150478363037,0.0090233152732253075,0,0,3.4021985530853271,0.064012236893177032,0.022244762629270554,0.01444542407989502,202,0,95.7765,0
thin0.40000000596046448_browse0.800000011920929_clear1,0,3,sitka-spruce,689.147216796875,3.9998676776885986,3.9998676776885986,0,0.034372881054878235,0.016165550798177719,0,0,7.3515276908874512,0.07188783586025238,0.038348890841007233,0.025615673512220383,202,0,97.6183,0
thin0.40000000596046448_browse0.800000011920929_clear1,0,4,sitka-spruce,349.26296997070313,2.5752522945404053,2.5752522945404053,0,0.091387026011943817,0.030889734625816345,0,0,9.8045034408569336,0.078006714582443237,0.050223283469676971,0.034312121570110321,202,0,81.63300000000001,0
thin0.40000000596046448_browse0.800000011920929_clear1,0,5,sitka-spruce,417.92758178710938,2.9762272834777832,2.9762272834777832,0,0.1031845360994339,0.036107823252677917,0,0,12.641438484191895,0.082665286958217621,0.059246115386486053,0.041222047060728073,202,0,82.04,0
thin0.40000000596046448_browse0.800000011920929_clear1,0,6,sitka-spruce,1208.531494140625,5.4190292358398438,5.4190292358398438,0,0.11767219007015228,0.038025204092264175,0,0,17.904769897460938,0.086679540574550629,0.065965563058853149,0.046811908483505249,202,0,81.6598,0
thin0.40000000596046448_browse0.800000011920929_clear1,0,7,sitka-spruce,1367.7579345703125,5.7477526664733887,5.3966875076293945,0.35106584429740906,0.19279330968856812,0.046613596379756927,0,0,23.062051773071289,0.090543113648891449,0.071090139448642731,0.051361590623855591,202,0,81.938,0
thin0.40000000596046448_browse0.800000011920929_clear1,0,8,sitka-spruce,2287.81201171875,6.5072298049926758,3.3748636245727539,3.1323652267456055,0.21526242792606354,0.066537678241729736,0,0,26.155115127563477,0.094305582344532013,0.0748780220746994,0.055074259638786316,202,0,80.4238,0
thin0.40000000596046448_browse0.800000011920929_clear1,0,9,sitka-spruce,673.19354248046875,4.42152738571167,1.7461941242218018,2.6753334999084473,0.25071266293525696,0.059505753219127655,0,0,27.591089248657227,0.0976518839597702,0.077503368258476257,0.0581449493765831,202,0,81.642800000000008,0
thin0.40000000596046448_browse0.800000011920929_clear1,0,10,sitka-spruce,737.080078125,4.7569136619567871,1.4830152988433838,3.2738981246948242,0.26513659954071045,0.040069054812192917,0,0,28.768899917602539,0.10068123042583466,0.079220794141292572,0.060643527656793594,202,0,77.8824,0
thin0.40000000596046448_browse0.800000011920929_clear1,0,11,sitka-spruce,729.30303955078125,4.8217549324035645,1.4591044187545776,3.3626508712768555,0.28463280200958252,0.035264894366264343,0,0,29.908105850219727,0.10347448289394379,0.080199316143989563,0.062560714781284332,202,0,73.616,0
thin0.40000000596046448_browse0.800000011920929_clear1,0,12,sitka-spruce,1810.4583740234375,6.7993412017822266,1.5552916526794434,5.244049072265625,0.30196663737297058,0.032371129840612411,0,0,31.129060745239258,0.10603423416614532,0.0806390792131424,0.064027786254882813,202,0,70.6122,0
thin0.40000000596046448_browse0.800000011920929_clear1,0,13,sitka-spruce,1803.28662109375,6.8891830444335938,1.296581506729126,5.5926008224487305,0.34784060716629028,0.030343146994709969,1.3878599405288696,6,30.659599304199219,0.10832197964191437,0.080696351826190948,0.065096370875835419,208,0,75.3764,0
thin0.40000000596046448_browse0.800000011920929_clear1,0,14,sitka-spruce,720.031494140625,4.8651266098022461,2.2413232326507568,2.6238029003143311,0.38698086142539978,0.031398862600326538,1.1671392917633057,5,31.315402984619141,0.11580224335193634,0.072353407740592957,0.057476315647363663,213,0,73.4509,0
thin0.40000000596046448_browse0.800000011920929_clear1,0,15,sitka-spruce,2700.60986328125,7.1520175933837891,2.5639653205871582,4.5880522727966309,0.38702639937400818,0.034721754491329193,2.918673038482666,7,30.538948059082031,0.12454267591238022,0.0617041178047657,0.044160358607769012,220,0,75.8749,0
thin0.40000000596046448_browse0.800000011920929_clear1,0,16,sitka-spruce,721.41815185546875,4.6323113441467285,2.4171707630157471,2.2151408195495605,0.54970663785934448,0.041607648134231567,1.9380562305450439,5,30.426748275756836,0.13538806140422821,0.050076335668563843,0.034902919083833694,225,0,71.7232,0
thin0.40000000596046448_browse0.800000011920929_clear1,0,17,sitka-spruce,717.401123046875,4.7786436080932617,3.7128040790557861,1.0658403635025024,0.49620577692985535,0.045487452298402786,0,0,33.597858428955078,0.15047508478164673,0.036518745124340057,0.022671250626444817,223,2,84.9285,0
thin0.40000000596046448_browse0.800000011920929_clear1,0,18,sitka-spruce,1802.344482421875,6.664146900177002,2.47822904586792,4.1859188079833984,0.47686484456062317,0.052043378353118896,2.3620116710662842,3,33.1851692199707,0.15986846387386322,0.031205091625452042,0.018500428646802902,223,5,90.5622,0
thin0.40000000596046448_browse0.800000011920929_clear1,0,19,sitka-spruce,712.337646484375,4.6590275764465332,1.8029381036758423,2.8560891151428223,0.49533247947692871,0.053274109959602356,5.7028422355651855,8,28.736656188964844,0.16906900703907013,0.024509897455573082,0.013811185956001282,227,9,89.0151,0
thin0.40000000596046448_browse0.800000011920929_clear1,0,20,sitka-spruce,704.964599609375,4.2538185119628906,3.2696917057037354,0.98412692546844482,0.47903883457183838,0.047279838472604752,1.4886493682861328,7,29.99138069152832,0.17563571035861969,0.016804657876491547,0.0076327128335833549,229,14,84.0882,0
thin0.40000000596046448_browse0.800000011920929_clear1,0,21,sitka-spruce,1751.22802734375,5.4832649230957031,4.3918266296386719,1.0914393663406372,0.46863576769828796,0.048891663551330566,0.47304779291152954,2,33.392631530761719,0.1792091578245163,0.011124897748231888,0.0044067376293241978,227,18,74.569,0
thin0.40000000596046448_browse0.800000011920929_clear1,0,22,sitka-spruce,2624.641357421875,5.7391395568847656,3.3186161518096924,2.4205226898193359,0.49254646897315979,0.056976675987243652,1.3972055912017822,2,34.764518737792969,0.18276359140872955,0.0077743856236338615,0.0024237057659775019,224,23,73.8546,0
thin0.40000000596046448_browse0.800000011920929_clear1,0,23,sitka-spruce,1767.4029541015625,5.1662893295288086,1.8654721975326538,3.3008160591125488,0.70390987396240234,0.064330160617828369,1.0715305805206299,2,34.79022216796875,0.18194478750228882,0.00571265397593379,0.0013330382062122226,225,24,72.764400000000009,0
thin0.40000000596046448_browse0.800000011920929_clear1,0,24,sitka-spruce,1770.9371337890625,5.1746540069580078,2.1373734474182129,3.0372796058654785,0.90077018737792969,0.057559698820114136,0.4919714629650116,1,35.477294921875,0.18019434809684753,0.0049086636863648891,0.00073317100759595633,218,32,72.7641,0
thin0.40000000596046448_browse0.800000011920929_clear1,0,25,sitka-spruce,2671.632568359375,6.0242791175842285,2.500720739364624,3.5235576629638672,0.82448679208755493,0.052101112902164459,0,0,37.101425170898438,0.18101155757904053,0.005920118186622858,0.00096624845173209906,209,41,66.2568,0
thin0.40000000596046448_browse0.800000011920929_clear1,0,26,sitka-spruce,1765.8284912109375,6.5630693435668945,2.1368069648742676,4.4262633323669434,1.1372098922729492,0.047521542757749557,0.84805822372436523,2,37.2054443359375,0.18643744289875031,0.0080026965588331223,0.0024118386209011078,199,53,67.0474,0
thin0.40000000596046448_browse0.800000011920929_clear1,0,27,sitka-spruce,682.79022216796875,4.9298644065856934,1.7585623264312744,3.1713013648986816,0.91497093439102173,0.045525301247835159,0.66318726539611816,3,37.3403205871582,0.19201779365539551,0.010995418764650822,0.0049149952828884125,190,65,64.4529,0
thin0.40000000596046448_browse0.800000011920929_clear1,0,28,sitka-spruce,1689.182861328125,6.7768778800964355,3.0425026416778564,3.7343754768371582,0.65651065111160278,0.044839140027761459,1.3634712696075439,5,38.3180046081543,0.19912759959697723,0.010863973759114742,0.00488455081358552,187,73,63.9151,0
thin0.40000000596046448_browse0.800000011920929_clear1,0,29,sitka-spruce,1683.3277587890625,7.0372395515441895,3.2105827331542969,3.8266572952270508,0.71045875549316406,0.046990752220153809,0.1247570589184761,1,40.646381378173828,0.2056819349527359,0.012064507231116295,0.0059678368270397186,176,85,64.952,0
thin0.40000000596046448_browse0.800000011920929_clear1,0,30,sitka-spruce,2507.36181640625,7.7587766647338867,2.0714988708496094,5.6872773170471191,0.70831394195556641,0.05131877213716507,0.84116649627685547,3,41.117080688476563,0.20569302141666412,0.016886701807379723,0.0096019525080919266,170,94,64.3022,0
thin0.40000000596046448_browse0.800000011920929_clear1,0,31,sitka-spruce,2507.945068359375,7.7030839920043945,2.4988512992858887,5.2042336463928223,0.87775802612304688,0.048806231468915939,0.90770411491394043,2,41.781661987304688,0.20407813787460327,0.020473536103963852,0.012616898864507675,166,100,56.5415,0
thin0.40000000596046448_browse0.800000011920929_clear1,0,32,sitka-spruce,1700.9375,7.3858556747436523,2.4318907260894775,4.9539637565612793,0.85276550054550171,0.047368843108415604,1.8905751705169678,5,41.422843933105469,0.1982053816318512,0.024832339957356453,0.015343461185693741,167,104,63.000800000000005,0
thin0.40000000596046448_browse0.800000011920929_clear1,0,33,sitka-spruce,674.49090576171875,5.4956068992614746,2.222571849822998,3.2730348110198975,0.81749534606933594,0.047925263643264771,1.7745047807693481,3,41.005489349365234,0.20112654566764832,0.024286691099405289,0.013731958344578743,162,112,57.560700000000004,0
thin0.40000000596046448_browse0.800000011920929_clear1,0,34,sitka-spruce,670.12884521484375,5.4578766822814941,2.2116780281066895,3.2461986541748047,0.84920370578765869,0.045539036393165588,2.1003146171569824,5,40.222110748291016,0.20444060862064362,0.023904813453555107,0.014245198108255863,157,122,57.275800000000004,0
thin0.40000000596046448_browse0.800000011920929_clear1,0,35,sitka-spruce,665.4354248046875,5.486752986907959,2.30661678314209,3.1801369190216064,0.802150547504425,0.040839698165655136,3.0630590915679932,7,38.6226806640625,0.20941752195358276,0.023317091166973114,0.013136528432369232,155,131,61.131800000000005,0
thin0.40000000596046448_browse0.800000011920929_clear1,0,36,sitka-spruce,662.307373046875,5.6990690231323242,3.478614330291748,2.220454216003418,0.74109727144241333,0.039773188531398773,0.85104048252105713,3,40.469383239746094,0.21523095667362213,0.023869782686233521,0.013594594784080982,147,142,53.9101,0
thin0.40000000596046448_browse0.800000011920929_clear1,0,37,sitka-spruce,668.84759521484375,5.71520471572876,2.9615418910980225,2.7536637783050537,0.67788505554199219,0.043745797127485275,3.3209402561187744,8,39.388351440429688,0.21924085915088654,0.024887153878808022,0.01490143034607172,148,149,59.6311,0
thin0.40000000596046448_browse0.800000011920929_clear1,0,38,sitka-spruce,670.373779296875,5.7115645408630371,3.0538794994354248,2.6576848030090332,0.75890457630157471,0.04836205393075943,1.9786052703857422,4,39.6563606262207,0.21652552485466003,0.028491197153925896,0.017671162262558937,142,159,53.920100000000005,0
thin0.40000000596046448_browse0.800000011920929_clear1,0,39,sitka-spruce,1678.681640625,8.3261919021606445,3.65093994140625,4.67525053024292,0.70129913091659546,0.050781935453414917,1.5907846689224243,4,40.964435577392578,0.20944593846797943,0.032765276730060577,0.020187081769108772,138,167,58.2792,0
thin0.40000000596046448_browse0.800000011920929_clear1,0,40,sitka-spruce,670.2822265625,5.9688549041748047,2.0832619667053223,3.885594367980957,0.628863513469696,0.053728450089693069,1.7739083766937256,4,40.591194152832031,0.20080962777137756,0.039608649909496307,0.026408679783344269,131,178,57.6034,0
thin0.40000000596046448_browse0.800000011920929_clear1,0,41,sitka-spruce,1662.3958740234375,8.3996648788452148,3.6623072624206543,4.7373595237731934,0.57389849424362183,0.048200052231550217,2.4073684215545654,5,41.224037170410156,0.19284376502037048,0.04492560401558876,0.031429070979356766,129,185,49.6088,0
thin0.40000000596046448_browse0.800000011920929_clear1,0,42,sitka-spruce,1659.3990478515625,8.1256179809570313,3.344022274017334,4.7815957069396973,0.53994107246398926,0.050762344151735306,0.75490683317184448,3,43.222446441650391,0.18944652378559113,0.047526147216558456,0.035074036568403244,125,192,45.2569,0
thin0.40000000596046448_browse0.800000011920929_clear1,0,43,sitka-spruce,1628.7939453125,8.438969612121582,2.7016711235046387,5.737297534942627,0.507030189037323,0.053235899657011032,0.24785633385181427,4,45.115997314453125,0.18909540772438049,0.046346362680196762,0.03408273309469223,121,200,47.8316,0
thin0.40000000596046448_browse0.800000011920929_clear1,0,44,sitka-spruce,1633.37451171875,8.4087591171264648,2.5083725452423096,5.9003872871398926,0.95639783143997192,0.0559760183095932,3.3707194328308105,8,43.241275787353516,0.19026960432529449,0.045858439058065414,0.034667808562517166,124,205,50.8061,0
thin0.40000000596046448_browse0.800000011920929_clear1,0,45,sitka-spruce,1636.705078125,8.2343816757202148,3.6399085521698,4.5944728851318359,1.2971581220626831,0.047573622316122055,1.2401447296142578,4,44.296306610107422,0.19313691556453705,0.04489494115114212,0.033703848719596863,119,214,48.9953,0
thin0.40000000596046448_browse0.800000011920929_clear1,0,46,sitka-spruce,651.28131103515625,6.0986638069152832,2.6134250164031982,3.4852404594421387,1.4091663360595703,0.0509292297065258,2.9020910263061523,6,42.54754638671875,0.19030047953128815,0.051309380680322647,0.040397472679615021,111,228,51.2578,0
thin0.40000000596046448_browse0.800000011920929_clear1,0,47,sitka-spruce,1606.009765625,8.6680116653442383,3.5557613372802734,5.1122493743896484,1.0149365663528442,0.054419092833995819,1.5134739875793457,4,43.520477294921875,0.19082474708557129,0.053907718509435654,0.041741274297237396,107,236,42.7712,0
thin0.40000000596046448_browse0.800000011920929_clear1,0,48,sitka-spruce,634.186767578125,6.0550713539123535,2.9487392902374268,3.1063327789306641,1.2628382444381714,0.058618266135454178,2.5360274314880371,7,42.611736297607422,0.1974271833896637,0.052449002861976624,0.040222011506557465,107,243,46.3033,0
thin0.40000000596046448_browse0.800000011920929_clear1,0,49,sitka-spruce,647.09765625,5.8210978507995605,3.2399935722351074,2.5811047554016113,1.1615948677062988,0.060493674129247665,2.1123371124267578,5,42.517303466796875,0.20258095860481262,0.046544607728719711,0.034436855465173721,106,249,51.0031,0
thin0.40000000596046448_browse0.800000011920929_clear1,0,50,sitka-spruce,2396.807861328125,9.06650447845459,4.764523983001709,4.3019819259643555,1.5389090776443481,0.061592578887939453,3.4291675090789795,7,42.252159118652344,0.20153619349002838,0.049387920647859573,0.036991465836763382,100,262,59.7008,0
thin0.40000000596046448_browse0.800000011920929_clear1,0,51,sitka-spruce,630.4744873046875,5.9477691650390625,2.8671495914459229,3.0806186199188232,1.4299639463424683,0.065125644207000732,3.6046602725982666,7,40.019557952880859,0.19823954999446869,0.053019974380731583,0.039831425994634628,98,271,46.123200000000004,0
thin0.40000000596046448_browse0.800000011920929_clear1,0,52,sitka-spruce,2373.967529296875,9.3245048522949219,6.1468534469604492,3.1776516437530518,1.4669827222824097,0.062280744314193726,1.3116297721862793,3,43.325515747070313,0.20035494863986969,0.054497737437486649,0.040893577039241791,91,281,40.990100000000005,0
thin0.40000000596046448_browse0.800000011920929_clear1,0,53,sitka-spruce,1577.6168212890625,8.994664192199707,4.3535866737365723,4.64107608795166,1.1576064825057983,0.071589797735214233,2.530156135559082,6,43.919750213623047,0.20320691168308258,0.056174673140048981,0.041700758039951324,92,286,41.4682,0
thin0.40000000596046448_browse0.800000011920929_clear1,0,54,sitka-spruce,621.7889404296875,6.222193717956543,3.25837779045105,2.9638159275054932,1.0596708059310913,0.078717134892940521,2.3674836158752441,4,43.672256469726563,0.20934554934501648,0.056147858500480652,0.0408778190612793,87,295,39.1976,0
thin0.40000000596046448_browse0.800000011920929_clear1,0,55,sitka-spruce,1524.7685546875,8.7689142227172852,4.4791245460510254,4.2897906303405762,0.95140570402145386,0.075224794447422028,1.6848917007446289,3,45.439861297607422,0.21288761496543884,0.053564801812171936,0.038280688226222992,87,298,36.3996,0
thin0.40000000596046448_browse0.800000011920929_clear1,0,56,sitka-spruce,613.7086181640625,6.164456844329834,3.1052324771881104,3.0592231750488281,0.92874658107757568,0.074252329766750336,0.94703477621078491,3,46.595058441162109,0.21646608412265778,0.0529286228120327,0.036791559308767319,82,306,36.400200000000005,0
thin0.40000000596046448_browse0.800000011920929_clear1,0,57,sitka-spruce,1526.106201171875,8.926849365234375,3.6992108821868896,5.2276382446289063,0.8233608603477478,0.068712137639522552,2.0309960842132568,5,47.371200561523438,0.21879945695400238,0.0526607483625412,0.037117172032594681,82,311,35.9031,0
thin0.40000000596046448_browse0.800000011920929_clear1,0,58,sitka-spruce,2270.9765625,9.7347860336303711,4.2347946166992188,5.4999909400939941,0.797748863697052,0.0659366175532341,2.2138271331787109,5,48.528484344482422,0.2229001373052597,0.0512818805873394,0.036120347678661346,80,318,37.938,0
thin0.40000000596046448_browse0.800000011920929_clear1,0,59,sitka-spruce,1500.9373779296875,9.0039701461792,3.4708561897277832,5.5331144332885742,0.77165484428405762,0.070051699876785278,0.47159519791603088,3,50.686038970947266,0.22728918492794037,0.049839094281196594,0.03470453992486,76,325,34.2578,0
thin0.40000000596046448_browse0.800000011920929_clear1,0,60,sitka-spruce,1492.1739501953125,9.1185207366943359,3.3120036125183105,5.8065185546875,1.0642621517181396,0.070662207901477814,0.72954034805297852,4,52.133579254150391,0.2332870215177536,0.047622241079807281,0.032165218144655228,75,330,37.1361,0
thin0.40000000596046448_browse0.800000011920929_clear1,0,61,sitka-spruce,2208.241943359375,9.9532108306884766,2.7396450042724609,7.2135653495788574,1.0097670555114746,0.065826974809169769,3.1782326698303223,6,50.6193962097168,0.23844131827354431,0.045439992100000381,0.0289588812738657,75,336,37.5923,0
thin0.40000000596046448_browse0.800000011920929_clear1,0,62,sitka-spruce,1457.15576171875,9.4383020401000977,3.9459083080291748,5.4923958778381348,0.75037384033203125,0.06184026226401329,1.7215312719345093,4,52.031558990478516,0.24638369679450989,0.042609661817550659,0.025398984551429749,71,344,34.5379,0
thin0.40000000596046448_browse0.800000011920929_clear1,0,63,sitka-spruce,1459.4371337890625,9.51234245300293,3.9271924495697021,5.58514928817749,1.1670936346054077,0.061566866934299469,0.688092052936554,4,54.041999816894531,0.25240200757980347,0.039746396243572235,0.02175569161772728,70,349,34.407000000000004,0
thin0.40000000596046448_browse0.800000011920929_clear1,0,64,sitka-spruce,575.6624755859375,6.3958864212036133,1.7945594787597656,4.6013264656066895,1.0263983011245728,0.060576882213354111,4.4924869537353516,8,50.257099151611328,0.26245021820068359,0.036340232938528061,0.018182767555117607,72,355,40.499300000000005,0
thin0.40000000596046448_browse0.800000011920929_clear1,0,65,sitka-spruce,573.89556884765625,6.2467398643493652,2.7761561870574951,3.4705853462219238,0.89126300811767578,0.052591379731893539,0.74913597106933594,4,51.340263366699219,0.26966807246208191,0.03334156796336174,0.015514357015490532,67,364,35.327,0
thin0.40000000596046448_browse0.800000011920929_clear1,0,66,sitka-spruce,564.53973388671875,6.0808844566345215,2.7116575241088867,3.3692276477813721,0.76361632347106934,0.047403886914253235,3.40376615524292,5,49.837135314941406,0.27414345741271973,0.030220422893762589,0.013227012939751148,66,370,35.0009,0
thin0.40000000596046448_browse0.800000011920929_clear1,0,67,sitka-spruce,1398.3150634765625,9.1045236587524414,4.5093426704406738,4.5951805114746094,0.66670519113540649,0.045411251485347748,0.984759509563446,5,52.649600982666016,0.27889731526374817,0.027476165443658829,0.011939145624637604,65,376,35.7682,0
thin0.40000000596046448_browse0.800000011920929_clear1,0,68,sitka-spruce,1367.9169921875,9.05434799194336,3.843015193939209,5.2113323211669922,1.0006808042526245,0.054978255182504654,0.75787347555160522,3,54.679084777832031,0.27950039505958557,0.026268230751156807,0.011801787652075291,61,383,31.5741,0
thin0.40000000596046448_browse0.800000011920929_clear1,0,69,sitka-spruce,540.71795654296875,5.8739213943481445,2.0277137756347656,3.846207857131958,0.94666439294815063,0.060998067259788513,1.4327676296234131,5,54.266365051269531,0.2819354236125946,0.024666778743267059,0.011293173767626286,62,387,32.714800000000004,0
thin0.40000000596046448_browse0.800000011920929_clear1,0,70,sitka-spruce,533.16595458984375,5.9010181427001953,2.4436345100402832,3.4573838710784912,0.8313981294631958,0.059337861835956573,1.5957744121551514,3,54.223491668701172,0.28753426671028137,0.022674426436424255,0.010700478218495846,59,393,29.7965,0
thin0.40000000596046448_browse0.800000011920929_clear1,0,71,sitka-spruce,525.09307861328125,5.7827835083007813,2.4684627056121826,3.314319372177124,0.86121124029159546,0.052582815289497375,1.8751657009124756,6,53.902996063232422,0.29003199934959412,0.021875690668821335,0.0099449856206774712,61,397,34.2862,0
thin0.40000000596046448_browse0.800000011920929_clear1,0,72,sitka-spruce,1298.08349609375,8.73758602142334,3.9880781173706055,4.749506950378418,1.1953333616256714,0.048649221658706665,1.85976243019104,7,54.787326812744141,0.29171288013458252,0.020371297374367714,0.0090631851926445961,61,404,37.6535,0
thin0.40000000596046448_browse0.800000011920929_clear1,0,73,sitka-spruce,1272.2919921875,8.8221235275268555,3.4802443981170654,5.3418784141540527,1.1356782913208008,0.054797515273094177,1.7102866172790527,4,55.3668098449707,0.29467120766639709,0.01900758408010006,0.00805568601936102,57,412,32.782900000000005,0
thin0.40000000596046448_browse0.800000011920929_clear1,0,74,sitka-spruce,1863.6431884765625,9.9314737319946289,3.1501595973968506,6.7813177108764648,1.1717747449874878,0.0584188848733902,2.7447507381439209,7,54.542026519775391,0.29659745097160339,0.017851302400231361,0.0071276496164500713,59,417,35.309200000000004,0
thin0.40000000596046448_browse0.800000011920929_clear1,0,75,sitka-spruce,1217.0882568359375,9.0053281784057617,4.0217466354370117,4.98358154296875,1.0719375610351563,0.058498263359069824,3.3855915069580078,6,54.047744750976563,0.29871872067451477,0.016891613602638245,0.005953869316726923,57,425,36.3226,0
thin0.40000000596046448_browse0.800000011920929_clear1,0,76,sitka-spruce,1171.4085693359375,9.1384077072143555,4.5016050338745117,4.6368021965026855,1.4016772508621216,0.062342710793018341,3.9119772911071777,8,53.1733512878418,0.30271577835083008,0.017495952546596527,0.0061356327496469021,57,433,36.96,0
thin0.40000000596046448_browse0.800000011920929_clear1,0,77,sitka-spruce,1173.379638671875,8.7057571411132813,4.2758421897888184,4.42991828918457,1.8085061311721802,0.068299084901809692,2.6015655994415283,6,52.9708251953125,0.30442246794700623,0.01712365634739399,0.005939775612205267,58,438,35.0178,0
thin0.40000000596046448_browse0.800000011920929_clear1,0,78,sitka-spruce,460.71786499023438,5.4423022270202637,2.9910283088684082,2.4512743949890137,1.3809152841567993,0.071323111653327942,1.4711418151855469,5,53.038471221923828,0.30813521146774292,0.016349708661437035,0.00551634980365634,53,448,35.809400000000004,0
thin0.40000000596046448_browse0.800000011920929_clear1,0,79,sitka-spruce,449.1630859375,5.392937183380127,3.1311461925506592,2.2617907524108887,1.1837683916091919,0.067609980702400208,3.2783467769622803,7,51.639892578125,0.31334748864173889,0.015601486898958683,0.005354621447622776,54,454,35.1622,0
thin0.40000000596046448_browse0.800000011920929_clear1,0,80,sitka-spruce,1104.30908203125,8.6515960693359375,4.6001615524291992,4.05143404006958,0.97226172685623169,0.060943812131881714,2.1955046653747559,5,53.011344909667969,0.31904378533363342,0.014475513249635696,0.0050378041341900826,51,462,36.1854,0
thin0.40000000596046448_browse0.800000011920929_clear1,0,81,sitka-spruce,430.64251708984375,5.2802934646606445,2.3901078701019287,2.8901863098144531,0.92027521133422852,0.066168986260890961,2.1121783256530762,5,52.302829742431641,0.32386156916618347,0.013773536309599876,0.0046028601936995983,50,468,32.4106,0
thin0.40000000596046448_browse0.800000011920929_clear1,0,82,sitka-spruce,1586.5587158203125,9.7799110412597656,3.7645750045776367,6.0153379440307617,1.0966691970825195,0.0639818012714386,2.8753736019134521,5,52.031379699707031,0.32953155040740967,0.012624147348105907,0.0040479800663888454,49,474,31.727800000000002,0
thin0.40000000596046448_browse0.800000011920929_clear1,0,83,sitka-spruce,1063.9908447265625,8.2329311370849609,3.9414470195770264,4.2914857864379883,1.0521126985549927,0.06671220064163208,2.7316474914550781,6,52.122352600097656,0.33132460713386536,0.010861852206289768,0.0034416469279676676,53,476,33.2611,0
thin0.40000000596046448_browse0.800000011920929_clear1,0,84,sitka-spruce,414.10598754882813,4.9378151893615723,2.636965274810791,2.3008501529693604,1.2735412120819092,0.067260123789310455,1.4193403720855713,5,51.999179840087891,0.33548074960708618,0.00980837270617485,0.0028371515218168497,48,486,33.9318,0
thin0.40000000596046448_browse0.800000011920929_clear1,0,85,sitka-spruce,1014.090576171875,8.2634000778198242,4.7053332328796387,3.5580661296844482,1.1177177429199219,0.065771520137786865,0.77763092517852783,4,54.743389129638672,0.34083497524261475,0.0087595060467720032,0.0022543619852513075,46,492,30.319200000000002,0
thin0.40000000596046448_browse0.800000011920929_clear1,0,86,sitka-spruce,1027.10009765625,7.8307185173034668,2.8584747314453125,4.9722447395324707,1.356271505355835,0.071019411087036133,3.062842845916748,8,53.111732482910156,0.33830314874649048,0.0077142319642007351,0.0016562954988330603,53,493,34.5509,0
thin0.40000000596046448_browse0.800000011920929_clear1,0,87,sitka-spruce,988.10772705078125,8.2332029342651367,4.385706901550293,3.8474955558776855,1.0808000564575195,0.070379123091697693,2.1179606914520264,5,54.228298187255859,0.34538692235946655,0.0068132407031953335,0.0011583820451050997,46,505,36.7742,0
thin0.40000000596046448_browse0.800000011920929_clear1,0,88,sitka-spruce,387.35055541992188,4.8182940483093262,3.04750919342041,1.7707847356796265,0.98621892929077148,0.0762290433049202,1.4580492973327637,4,54.75531005859375,0.34921658039093018,0.0067665488459169865,0.001023646560497582,44,511,27.7084,0
thin0.40000000596046448_browse0.800000011920929_clear1,0,89,sitka-spruce,939.63104248046875,8.3703174591064453,4.8969202041625977,3.4733943939208984,0.94356805086135864,0.073022186756134033,1.5136830806732178,4,57.1219596862793,0.35364151000976563,0.0079669477418065071,0.0021496410481631756,43,516,29.5153,0
thin0.40000000596046448_browse0.800000011920929_clear1,0,90,sitka-spruce,939.63104248046875,8.0114145278930664,3.8399434089660645,4.17147159576416,0.896217405796051,0.077974647283554077,1.98434579372406,8,58.003364562988281,0.3530631959438324,0.0085798986256122589,0.0026648091152310371,49,518,33.5476,0
thin0.40000000596046448_browse0.800000011920929_clear1,0,91,sitka-spruce,913.86175537109375,8.2153682708740234,3.1631884574890137,5.052180290222168,0.82058125734329224,0.08181406557559967,1.7889605760574341,7,58.475196838378906,0.35355201363563538,0.009685843251645565,0.0031219099182635546,45,529,36.4469,0
thin0.40000000596046448_browse0.800000011920929_clear1,0,92,sitka-spruce,921.0933837890625,7.7735743522644043,3.1296887397766113,4.6438851356506348,0.78643393516540527,0.077159076929092407,3.9876422882080078,9,56.7536506652832,0.3484877347946167,0.010130203329026699,0.003213175106793642,51,532,38.2475,0
thin0.40000000596046448_browse0.800000011920929_clear1,0,93,sitka-spruce,356.48248291015625,4.5117874145507813,2.6655483245849609,1.8462388515472412,0.85918319225311279,0.0688471645116806,1.8398898839950562,5,56.651275634765625,0.35086679458618164,0.010518981143832207,0.0035378772299736738,42,546,35.2898,0
thin0.40000000596046448_browse0.800000011920929_clear1,0,94,sitka-spruce,344.70318603515625,4.5911698341369629,2.56292724609375,2.0282435417175293,0.68312889337539673,0.0630725771188736,4.3194007873535156,7,54.148601531982422,0.35398519039154053,0.011427098885178566,0.0040258793160319328,43,552,32.3746,0
thin0.40000000596046448_browse0.800000011920929_clear1,0,95,sitka-spruce,344.70318603515625,4.3928256034851074,2.5937285423278809,1.7990970611572266,0.78587448596954346,0.059163302183151245,1.7006970643997192,5,54.19659423828125,0.35339856147766113,0.010203443467617035,0.003111629281193018,44,556,30.5926,0
thin0.40000000596046448_browse0.800000011920929_clear1,0,96,sitka-spruce,1246.978271484375,9.4558563232421875,5.9485197067260742,3.5073387622833252,0.83106523752212524,0.055169977247714996,1.8919578790664673,8,57.366920471191406,0.35427698493003845,0.011902363039553165,0.0042509059421718121,43,565,38.6602,0
thin0.40000000596046448_browse0.800000011920929_clear1,0,97,sitka-spruce,338.31900024414063,4.2917685508728027,2.7007136344909668,1.5910556316375732,0.80806851387023926,0.068302333354949951,1.5223877429962158,6,57.668876647949219,0.35283482074737549,0.010336115956306458,0.0033422904089093208,45,569,33.3482,0
thin0.40000000596046448_browse0.800000011920929_clear1,0,98,sitka-spruce,324.672607421875,4.343876838684082,2.7480642795562744,1.5958124399185181,0.55266666412353516,0.069345541298389435,1.3929359912872314,5,58.401992797851563,0.35637772083282471,0.011152342893183231,0.0038072292227298021,39,580,33.986200000000004,0
thin0.40000000596046448_browse0.800000011920929_clear1,0,99,sitka-spruce,1218.9683837890625,8.8795099258422852,4.93217134475708,3.9473390579223633,0.4924151599407196,0.068963542580604553,0.67350256443023682,1,62.099281311035156,0.35648903250694275,0.010957401245832443,0.00395180843770504,37,583,21.246100000000002,0
thin0.40000000596046448_browse0.800000011920929_clear1,0,100,sitka-spruce,788.2047119140625,7.7492055892944336,3.5216677188873291,4.227536678314209,0.48690980672836304,0.072896510362625122,1.4596686363220215,5,63.601474761962891,0.36252692341804504,0.010935756377875805,0.0038494598120450974,38,587,28.7362,0
thin0.40000000596046448_browse0.800000011920929_clear1,1,1,sitka-spruce,260.42938232421875,1.9072985649108887,1.9072985649108887,0,0,0,0,0,1.9072984457015991,0.054002363234758377,0.00040856498526409268,0,202,0,108.8938,9
thin0.40000000596046448_browse0.800000011920929_clear1,1,2,sitka-spruce,194.89288330078125,1.5313607454299927,1.5313607454299927,0,0.027437150478363037,0.0090233152732253075,0,0,3.4021985530853271,0.064012236893177032,0.022244762629270554,0.01444542407989502,202,0,93.2899,0
thin0.40000000596046448_browse0.800000011920929_clear1,1,3,sitka-spruce,689.147216796875,3.9998676776885986,3.9998676776885986,0,0.034372881054878235,0.016165550798177719,0,0,7.3515276908874512,0.07188783586025238,0.038348890841007233,0.025615673512220383,202,0,88.5942,0
thin0.40000000596046448_browse0.800000011920929_clear1,1,4,sitka-spruce,349.26296997070313,2.5752522945404053,2.5752522945404053,0,0.091387026011943817,0.030889734625816345,0,0,9.8045034408569336,0.078006714582443237,0.050223283469676971,0.034312121570110321,202,0,90.308500000000009,0
thin0.40000000596046448_browse0.800000011920929_clear1,1,5,sitka-spruce,417.92758178710938,2.9762272834777832,2.9762272834777832,0,0.1031845360994339,0.036107823252677917,0,0,12.641438484191895,0.082665286958217621,0.059246115386486053,0.041222047060728073,202,0,83.1479,0
thin0.40000000596046448_browse0.800000011920929_clear1,1,6,sitka-spruce,1208.531494140625,5.4190292358398438,5.4190292358398438,0,0.11767219007015228,0.038025204092264175,0,0,17.904769897460938,0.086679540574550629,0.065965563058853149,0.046811908483505249,202,0,81.7729,0
thin0.40000000596046448_browse0.800000011920929_clear1,1,7,sitka-spruce,1367.7579345703125,5.7477526664733887,5.3966875076293945,0.35106584429740906,0.19279330968856812,0.046613596379756927,0,0,23.062051773071289,0.090543113648891449,0.071090139448642731,0.051361590623855591,202,0,81.778100000000009,0
thin0.40000000596046448_browse0.800000011920929_clear1,1,8,sitka-spruce,2287.81201171875,6.5072298049926758,3.3748636245727539,3.1323652267456055,0.21526242792606354,0.066537678241729736,0,0,26.155115127563477,0.094305582344532013,0.0748780220746994,0.055074259638786316,202,0,82.3702,0
thin0.40000000596046448_browse0.800000011920929_clear1,1,9,sitka-spruce,673.19354248046875,4.42152738571167,1.7461941242218018,2.6753334999084473,0.25071266293525696,0.059505753219127655,0,0,27.591089248657227,0.0976518839597702,0.077503368258476257,0.0581449493765831,202,0,81.7816,0
thin0.40000000596046448_browse0.800000011920929_clear1,1,10,sitka-spruce,737.080078125,4.7569136619567871,1.4830152988433838,3.2738981246948242,0.26513659954071045,0.040069054812192917,0,0,28.768899917602539,0.10068123042583466,0.079220794141292572,0.060643527656793594,202,0,80.0017,0
thin0.40000000596046448_browse0.800000011920929_clear1,1,11,sitka-spruce,729.30303955078125,4.8217549324035645,1.4591044187545776,3.3626508712768555,0.28463280200958252,0.035264894366264343,0,0,29.908105850219727,0.10347448289394379,0.080199316143989563,0.062560714781284332,202,0,72.7059,0
thin0.40000000596046448_browse0.800000011920929_clear1,1,12,sitka-spruce,1810.4583740234375,6.7993412017822266,1.5552916526794434,5.244049072265625,0.30196663737297058,0.032371129840612411,0,0,31.129060745239258,0.10603423416614532,0.0806390792131424,0.064027786254882813,202,0,70.5986,0
thin0.40000000596046448_browse0.800000011920929_clear1,1,13,sitka-spruce,1803.28662109375,6.8891830444335938,1.296581506729126,5.5926008224487305,0.34784060716629028,0.030343146994709969,1.3878599405288696,6,30.659599304199219,0.10832197964191437,0.080696351826190948,0.065096370875835419,208,0,75.6143,0
thin0.40000000596046448_browse0.800000011920929_clear1,1,14,sitka-spruce,720.031494140625,4.8651266098022461,2.2413232326507568,2.6238029003143311,0.38698086142539978,0.031398862600326538,1.1671392917633057,5,31.315402984619141,0.11580224335193634,0.072353407740592957,0.057476315647363663,213,0,74.5394,0
thin0.40000000596046448_browse0.800000011920929_clear1,1,15,sitka-spruce,2700.60986328125,7.1520175933837891,2.5639653205871582,4.5880522727966309,0.38702639937400818,0.034721754491329193,2.918673038482666,7,30.538948059082031,0.12454267591238022,0.0617041178047657,0.044160358607769012,220,0,76.37360000000001,0
thin0.40000000596046448_browse0.800000011920929_clear1,1,16,sitka-spruce,721.41815185546875,4.6323113441467285,2.4171707630157471,2.2151408195495605,0.54970663785934448,0.041607648134231567,1.9380562305450439,5,30.426748275756836,0.13538806140422821,0.050076335668563843,0.034902919083833694,225,0,74.0442,0
thin0.40000000596046448_browse0.800000011920929_clear1,1,17,sitka-spruce,717.401123046875,4.7786436080932617,3.7128040790557861,1.0658403635025024,0.49620577692985535,0.045487452298402786,0,0,33.597858428955078,0.15047508478164673,0.036518745124340057,0.022671250626444817,223,2,90.1011,0
thin0.40000000596046448_browse0.800000011920929_clear1,1,18,sitka-spruce,1802.344482421875,6.664146900177002,2.47822904586792,4.1859188079833984,0.47686484456062317,0.052043378353118896,2.3620116710662842,3,33.1851692199707,0.15986846387386322,0.031205091625452042,0.018500428646802902,223,5,95.6379,0
thin0.40000000596046448_browse0.800000011920929_clear1,1,19,sitka-spruce,712.337646484375,4.6590275764465332,1.8029381036758423,2.8560891151428223,0.49533247947692871,0.053274109959602356,5.7028422355651855,8,28.736656188964844,0.16906900703907013,0.024509897455573082,0.013811185956001282,227,9,87.5811,0
thin0.40000000596046448_browse0.800000011920929_clear1,1,20,sitka-spruce,704.964599609375,4.2538185119628906,3.2696917057037354,0.98412692546844482,0.47903883457183838,0.047279838472604752,1.4886493682861328,7,29.99138069152832,0.17563571035861969,0.016804657876491547,0.0076327128335833549,229,14,87.184400000000011,0
thin0.40000000596046448_browse0.800000011920929_clear1,1,21,sitka-spruce,1751.22802734375,5.4832649230957031,4.3918266296386719,1.0914393663406372,0.46863576769828796,0.048891663551330566,0.47304779291152954,2,33.392631530761719,0.1792091578245163,0.011124897748231888,0.0044067376293241978,227,18,75.791800000000009,0
thin0.40000000596046448_browse0.800000011920929_clear1,1,22,sitka-spruce,2624.641357421875,5.7391395568847656,3.3186161518096924,2.4205226898193359,0.49254646897315979,0.056976675987243652,1.3972055912017822,2,34.764518737792969,0.18276359140872955,0.0077743856236338615,0.0024237057659775019,224,23,73.4114,0
thin0.40000000596046448_browse0.800000011920929_clear1,1,23,sitka-spruce,1767.4029541015625,5.1662893295288086,1.8654721975326538,3.3008160591125488,0.70390987396240234,0.064330160617828369,1.0715305805206299,2,34.79022216796875,0.18194478750228882,0.00571265397593379,0.0013330382062122226,225,24,72.6087,0
thin0.40000000596046448_browse0.800000011920929_clear1,1,24,sitka-spruce,1770.9371337890625,5.1746540069580078,2.1373734474182129,3.0372796058654785,0.90077018737792969,0.057559698820114136,0.4919714629650116,1,35.477294921875,0.18019434809684753,0.0049086636863648891,0.00073317100759595633,218,32,71.89800000000001,0
thin0.40000000596046448_browse0.800000011920929_clear1,1,25,sitka-spruce,2671.632568359375,6.0242791175842285,2.500720739364624,3.5235576629638672,0.82448679208755493,0.052101112902164459,0,0,37.101425170898438,0.18101155757904053,0.005920118186622858,0.00096624845173209906,209,41,67.212600000000009,0
thin0.40000000596046448_browse0.800000011920929_clear1,1,26,sitka-spruce,1765.8284912109375,6.5630693435668945,2.1368069648742676,4.4262633323669434,1.1372098922729492,0.047521542757749557,0.84805822372436523,2,37.2054443359375,0.18643744289875031,0.0080026965588331223,0.0024118386209011078,199,53,66.1391,0
thin0.40000000596046448_browse0.800000011920929_clear1,1,27,sitka-spruce,682.79022216796875,4.9298644065856934,1.7585623264312744,3.1713013648986816,0.91497093439102173,0.045525301247835159,0.66318726539611816,3,37.3403205871582,0.19201779365539551,0.010995418764650822,0.0049149952828884125,190,65,63.063700000000004,0
thin0.40000000596046448_browse0.800000011920929_clear1,1,28,sitka-spruce,1689.182861328125,6.7768778800964355,3.0425026416778564,3.7343754768371582,0.65651065111160278,0.044839140027761459,1.3634712696075439,5,38.3180046081543,0.19912759959697723,0.010863973759114742,0.00488455081358552,187,73,64.4935,0
thin0.40000000596046448_browse0.800000011920929_clear1,1,29,sitka-spruce,1683.3277587890625,7.0372395515441895,3.2105827331542969,3.8266572952270508,0.71045875549316406,0.046990752220153809,0.1247570589184761,1,40.646381378173828,0.2056819349527359,0.012064507231116295,0.0059678368270397186,176,85,64.9011,0
thin0.40000000596046448_browse0.800000011920929_clear1,1,30,sitka-spruce,2507.36181640625,7.7587766647338867,2.0714988708496094,5.6872773170471191,0.70831394195556641,0.05131877213716507,0.84116649627685547,3,41.117080688476563,0.20569302141666412,0.016886701807379723,0.0096019525080919266,170,94,65.8001,0
thin0.40000000596046448_browse0.800000011920929_clear1,1,31,sitka-spruce,2507.945068359375,7.7030839920043945,2.4988512992858887,5.2042336463928223,0.87775802612304688,0.048806231468915939,0.90770411491394043,2,41.781661987304688,0.20407813787460327,0.020473536103963852,0.012616898864507675,166,100,57.0929,0
thin0.40000000596046448_browse0.800000011920929_clear1,1,32,sitka-spruce,1700.9375,7.3858556747436523,2.4318907260894775,4.9539637565612793,0.85276550054550171,0.047368843108415604,1.8905751705169678,5,41.422843933105469,0.1982053816318512,0.024832339957356453,0.015343461185693741,167,104,58.6126,0
thin0.40000000596046448_browse0.800000011920929_clear1,1,33,sitka-spruce,674.49090576171875,5.4956068992614746,2.222571849822998,3.2730348110198975,0.81749534606933594,0.047925263643264771,1.7745047807693481,3,41.005489349365234,0.20112654566764832,0.024286691099405289,0.013731958344578743,162,112,57.4331,0
thin0.40000000596046448_browse0.800000011920929_clear1,1,34,sitka-spruce,670.12884521484375,5.4578766822814941,2.2116780281066895,3.2461986541748047,0.84920370578765869,0.045539036393165588,2.1003146171569824,5,40.222110748291016,0.20444060862064362,0.023904813453555107,0.014245198108255863,157,122,58.5658,0
thin0.40000000596046448_browse0.800000011920929_clear1,1,35,sitka-spruce,665.4354248046875,5.486752986907959,2.30661678314209,3.1801369190216064,0.802150547504425,0.040839698165655136,3.0630590915679932,7,38.6226806640625,0.20941752195358276,0.023317091166973114,0.013136528432369232,155,131,61.0886,0
thin0.40000000596046448_browse0.800000011920929_clear1,1,36,sitka-spruce,662.307373046875,5.6990690231323242,3.478614330291748,2.220454216003418,0.74109727144241333,0.039773188531398773,0.85104048252105713,3,40.469383239746094,0.21523095667362213,0.023869782686233521,0.013594594784080982,147,142,54.622600000000006,0
thin0.40000000596046448_browse0.800000011920929_clear1,1,37,sitka-spruce,668.84759521484375,5.71520471572876,2.9615418910980225,2.7536637783050537,0.67788505554199219,0.043745797127485275,3.3209402561187744,8,39.388351440429688,0.21924085915088654,0.024887153878808022,0.01490143034607172,148,149,58.293,0
thin0.40000000596046448_browse0.800000011920929_clear1,1,38,sitka-spruce,670.373779296875,5.7115645408630371,3.0538794994354248,2.6576848030090332,0.75890457630157471,0.04836205393075943,1.9786052703857422,4,39.6563606262207,0.21652552485466003,0.028491197153925896,0.017671162262558937,142,159,56.672000000000004,0
thin0.40000000596046448_browse0.800000011920929_clear1,1,39,sitka-spruce,1678.681640625,8.3261919021606445,3.65093994140625,4.67525053024292,0.70129913091659546,0.050781935453414917,1.5907846689224243,4,40.964435577392578,0.20944593846797943,0.032765276730060577,0.020187081769108772,138,167,59.4361,0
thin0.40000000596046448_browse0.800000011920929_clear1,1,40,sitka-spruce,670.2822265625,5.9688549041748047,2.0832619667053223,3.885594367980957,0.628863513469696,0.053728450089693069,1.7739083766937256,4,40.591194152832031,0.20080962777137756,0.039608649909496307,0.026408679783344269,131,178,58.4134,0
thin0.40000000596046448_browse0.800000011920929_clear1,1,41,sitka-spruce,1662.3958740234375,8.3996648788452148,3.6623072624206543,4.7373595237731934,0.57389849424362183,0.048200052231550217,2.4073684215545654,5,41.224037170410156,0.19284376502037048,0.04492560401558876,0.031429070979356766,129,185,47.7318,0
thin0.40000000596046448_browse0.800000011920929_clear1,1,42,sitka-spruce,1659.3990478515625,8.1256179809570313,3.344022274017334,4.7815957069396973,0.53994107246398926,0.050762344151735306,0.75490683317184448,3,43.222446441650391,0.18944652378559113,0.047526147216558456,0.035074036568403244,125,192,45.1742,0
thin0.40000000596046448_browse0.800000011920929_clear1,1,43,sitka-spruce,1628.7939453125,8.438969612121582,2.7016711235046387,5.737297534942627,0.507030189037323,0.053235899657011032,0.24785633385181427,4,45.115997314453125,0.18909540772438049,0.046346362680196762,0.03408273309469223,121,200,45.146300000000004,0
thin0.40000000596046448_browse0.800000011920929_clear1,1,44,sitka-spruce,1633.37451171875,8.4087591171264648,2.5083725452423096,5.9003872871398926,0.95639783143997192,0.0559760183095932,3.3707194328308105,8,43.241275787353516,0.19026960432529449,0.045858439058065414,0.034667808562517166,124,205,51.880500000000005,0
thin0.40000000596046448_browse0.800000011920929_clear1,1,45,sitka-spruce,1636.705078125,8.2343816757202148,3.6399085521698,4.5944728851318359,1.2971581220626831,0.047573622316122055,1.2401447296142578,4,44.296306610107422,0.19313691556453705,0.04489494115114212,0.033703848719596863,119,214,47.3433,0
thin0.40000000596046448_browse0.800000011920929_clear1,1,46,sitka-spruce,651.28131103515625,6.0986638069152832,2.6134250164031982,3.4852404594421387,1.4091663360595703,0.0509292297065258,2.9020910263061523,6,42.54754638671875,0.19030047953128815,0.051309380680322647,0.040397472679615021,111,228,50.091100000000004,0
thin0.40000000596046448_browse0.800000011920929_clear1,1,47,sitka-spruce,1606.009765625,8.6680116653442383,3.5557613372802734,5.1122493743896484,1.0149365663528442,0.054419092833995819,1.5134739875793457,4,43.520477294921875,0.19082474708557129,0.053907718509435654,0.041741274297237396,107,236,41.0048,0
thin0.40000000596046448_browse0.800000011920929_clear1,1,48,sitka-spruce,634.186767578125,6.0550713539123535,2.9487392902374268,3.1063327789306641,1.2628382444381714,0.058618266135454178,2.5360274314880371,7,42.611736297607422,0.1974271833896637,0.052449002861976624,0.040222011506557465,107,243,46.260600000000004,0
thin0.40000000596046448_browse0.800000011920929_clear1,1,49,sitka-spruce,647.09765625,5.8210978507995605,3.2399935722351074,2.5811047554016113,1.1615948677062988,0.060493674129247665,2.1123371124267578,5,42.517303466796875,0.20258095860481262,0.046544607728719711,0.034436855465173721,106,249,47.720600000000005,0
thin0.40000000596046448_browse0.800000011920929_clear1,1,50,sitka-spruce,2396.807861328125,9.06650447845459,4.764523983001709,4.3019819259643555,1.5389090776443481,0.061592578887939453,3.4291675090789795,7,42.252159118652344,0.20153619349002838,0.049387920647859573,0.036991465836763382,100,262,58.2736,0
thin0.40000000596046448_browse0.800000011920929_clear1,1,51,sitka-spruce,630.4744873046875,5.9477691650390625,2.8671495914459229,3.0806186199188232,1.4299639463424683,0.065125644207000732,3.6046602725982666,7,40.019557952880859,0.19823954999446869,0.053019974380731583,0.039831425994634628,98,271,44.4899,0
thin0.40000000596046448_browse0.800000011920929_clear1,1,52,sitka-spruce,2373.967529296875,9.3245048522949219,6.1468534469604492,3.1776516437530518,1.4669827222824097,0.062280744314193726,1.3116297721862793,3,43.325515747070313,0.20035494863986969,0.054497737437486649,0.040893577039241791,91,281,39.780100000000004,0
thin0.40000000596046448_browse0.800000011920929_clear1,1,53,sitka-spruce,1577.6168212890625,8.994664192199707,4.3535866737365723,4.64107608795166,1.1576064825057983,0.071589797735214233,2.530156135559082,6,43.919750213623047,0.20320691168308258,0.056174673140048981,0.041700758039951324,92,286,41.7384,0
thin0.40000000596046448_browse0.800000011920929_clear1,1,54,sitka-spruce,621.7889404296875,6.222193717956543,3.25837779045105,2.9638159275054932,1.0596708059310913,0.078717134892940521,2.3674836158752441,4,43.672256469726563,0.20934554934501648,0.056147858500480652,0.0408778190612793,87,295,40.1573,0
thin0.40000000596046448_browse0.800000011920929_clear1,1,55,sitka-spruce,1524.7685546875,8.7689142227172852,4.4791245460510254,4.2897906303405762,0.95140570402145386,0.075224794447422028,1.6848917007446289,3,45.439861297607422,0.21288761496543884,0.053564801812171936,0.038280688226222992,87,298,34.3251,0
thin0.40000000596046448_browse0.800000011920929_clear1,1,56,sitka-spruce,613.7086181640625,6.164456844329834,3.1052324771881104,3.0592231750488281,0.92874658107757568,0.074252329766750336,0.94703477621078491,3,46.595058441162109,0.21646608412265778,0.0529286228120327,0.036791559308767319,82,306,35.7549,0
thin0.40000000596046448_browse0.800000011920929_clear1,1,57,sitka-spruce,1526.106201171875,8.926849365234375,3.6992108821868896,5.2276382446289063,0.8233608603477478,0.068712137639522552,2.0309960842132568,5,47.371200561523438,0.21879945695400238,0.0526607483625412,0.037117172032594681,82,311,37.6223,0
thin0.40000000596046448_browse0.800000011920929_clear1,1,58,sitka-spruce,2270.9765625,9.7347860336303711,4.2347946166992188,5.4999909400939941,0.797748863697052,0.0659366175532341,2.2138271331787109,5,48.528484344482422,0.2229001373052597,0.0512818805873394,0.036120347678661346,80,318,39.551500000000004,0
thin0.40000000596046448_browse0.800000011920929_clear1,1,59,sitka-spruce,1500.9373779296875,9.0039701461792,3.4708561897277832,5.5331144332885742,0.77165484428405762,0.070051699876785278,0.47159519791603088,3,50.686038970947266,0.22728918492794037,0.049839094281196594,0.03470453992486,76,325,37.5799,0
thin0.40000000596046448_browse0.800000011920929_clear1,1,60,sitka-spruce,1492.1739501953125,9.1185207366943359,3.3120036125183105,5.8065185546875,1.0642621517181396,0.070662207901477814,0.72954034805297852,4,52.133579254150391,0.2332870215177536,0.047622241079807281,0.032165218144655228,75,330,41.2545,0
thin0.40000000596046448_browse0.800000011920929_clear1,1,61,sitka-spruce,2208.241943359375,9.9532108306884766,2.7396450042724609,7.2135653495788574,1.0097670555114746,0.065826974809169769,3.1782326698303223,6,50.6193962097168,0.23844131827354431,0.045439992100000381,0.0289588812738657,75,336,37.926300000000005,0
thin0.40000000596046448_browse0.800000011920929_clear1,1,62,sitka-spruce,1457.15576171875,9.4383020401000977,3.9459083080291748,5.4923958778381348,0.75037384033203125,0.06184026226401329,1.7215312719345093,4,52.031558990478516,0.24638369679450989,0.042609661817550659,0.025398984551429749,71,344,35.0172,0
thin0.40000000596046448_browse0.800000011920929_clear1,1,63,sitka-spruce,1459.4371337890625,9.51234245300293,3.9271924495697021,5.58514928817749,1.1670936346054077,0.061566866934299469,0.688092052936554,4,54.041999816894531,0.25240200757980347,0.039746396243572235,0.02175569161772728,70,349,33.9412,0
thin0.40000000596046448_browse0.800000011920929_clear1,1,64,sitka-spruce,575.6624755859375,6.3958864212036133,1.7945594787597656,4.6013264656066895,1.0263983011245728,0.060576882213354111,4.4924869537353516,8,50.257099151611328,0.26245021820068359,0.036340232938528061,0.018182767555117607,72,355,40.620200000000004,0
thin0.40000000596046448_browse0.800000011920929_clear1,1,65,sitka-spruce,573.89556884765625,6.2467398643493652,2.7761561870574951,3.4705853462219238,0.89126300811767578,0.052591379731893539,0.74913597106933594,4,51.340263366699219,0.26966807246208191,0.03334156796336174,0.015514357015490532,67,364,37.0315,0
thin0.40000000596046448_browse0.800000011920929_clear1,1,66,sitka-spruce,564.53973388671875,6.0808844566345215,2.7116575241088867,3.3692276477813721,0.76361632347106934,0.047403886914253235,3.40376615524292,5,49.837135314941406,0.27414345741271973,0.030220422893762589,0.013227012939751148,66,370,34.4204,0
thin0.40000000596046448_browse0.800000011920929_clear1,1,67,sitka-spruce,1398.3150634765625,9.1045236587524414,4.5093426704406738,4.5951805114746094,0.66670519113540649,0.045411251485347748,0.984759509563446,5,52.649600982666016,0.27889731526374817,0.027476165443658829,0.011939145624637604,65,376,34.5612,0
thin0.40000000596046448_browse0.800000011920929_clear1,1,68,sitka-spruce,1367.9169921875,9.05434799194336,3.843015193939209,5.2113323211669922,1.0006808042526245,0.054978255182504654,0.75787347555160522,3,54.679084777832031,0.27950039505958557,0.026268230751156807,0.011801787652075291,61,383,31.972,0
thin0.40000000596046448_browse0.800000011920929_clear1,1,69,sitka-spruce,540.71795654296875,5.8739213943481445,2.0277137756347656,3.846207857131958,0.94666439294815063,0.060998067259788513,1.4327676296234131,5,54.266365051269531,0.2819354236125946,0.024666778743267059,0.011293173767626286,62,387,31.8612,0
thin0.40000000596046448_browse0.800000011920929_clear1,1,70,sitka-spruce,533.16595458984375,5.9010181427001953,2.4436345100402832,3.4573838710784912,0.8313981294631958,0.059337861835956573,1.5957744121551514,3,54.223491668701172,0.28753426671028137,0.022674426436424255,0.010700478218495846,59,393,32.1042,0
thin0.40000000596046448_browse0.800000011920929_clear1,1,71,sitka-spruce,525.09307861328125,5.7827835083007813,2.4684627056121826,3.314319372177124,0.86121124029159546,0.052582815289497375,1.8751657009124756,6,53.902996063232422,0.29003199934959412,0.021875690668821335,0.0099449856206774712,61,397,34.244,0
thin0.40000000596046448_browse0.800000011920929_clear1,1,72,sitka-spruce,1298.08349609375,8.73758602142334,3.9880781173706055,4.749506950378418,1.1953333616256714,0.048649221658706665,1.85976243019104,7,54.787326812744141,0.29171288013458252,0.020371297374367714,0.0090631851926445961,61,404,37.4961,0
thin0.40000000596046448_browse0.800000011920929_clear1,1,73,sitka-spruce,1272.2919921875,8.8221235275268555,3.4802443981170654,5.3418784141540527,1.1356782913208008,0.054797515273094177,1.7102866172790527,4,55.3668098449707,0.29467120766639709,0.01900758408010006,0.00805568601936102,57,412,32.597100000000005,0
thin0.40000000596046448_browse0.800000011920929_clear1,1,74,sitka-spruce,1863.6431884765625,9.9314737319946289,3.1501595973968506,6.7813177108764648,1.1717747449874878,0.0584188848733902,2.7447507381439209,7,54.542026519775391,0.29659745097160339,0.017851302400231361,0.0071276496164500713,59,417,35.927800000000005,0
thin0.40000000596046448_browse0.800000011920929_clear1,1,75,sitka-spruce,1217.0882568359375,9.0053281784057617,4.0217466354370117,4.98358154296875,1.0719375610351563,0.058498263359069824,3.3855915069580078,6,54.047744750976563,0.29871872067451477,0.016891613602638245,0.005953869316726923,57,425,35.9834,0
thin0.40000000596046448_browse0.800000011920929_clear1,1,76,sitka-spruce,1171.4085693359375,9.1384077072143555,4.5016050338745117,4.6368021965026855,1.4016772508621216,0.062342710793018341,3.9119772911071777,8,53.1733512878418,0.30271577835083008,0.017495952546596527,0.0061356327496469021,57,433,38.6777,0
thin0.40000000596046448_browse0.800000011920929_clear1,1,77,sitka-spruce,1173.379638671875,8.7057571411132813,4.2758421897888184,4.42991828918457,1.8085061311721802,0.068299084901809692,2.6015655994415283,6,52.9708251953125,0.30442246794700623,0.01712365634739399,0.005939775612205267,58,438,36.4565,0
thin0.40000000596046448_browse0.800000011920929_clear1,1,78,sitka-spruce,460.71786499023438,5.4423022270202637,2.9910283088684082,2.4512743949890137,1.3809152841567993,0.071323111653327942,1.4711418151855469,5,53.038471221923828,0.30813521146774292,0.016349708661437035,0.00551634980365634,53,448,38.7018,0
thin0.40000000596046448_browse0.800000011920929_clear1,1,79,sitka-spruce,449.1630859375,5.392937183380127,3.1311461925506592,2.2617907524108887,1.1837683916091919,0.067609980702400208,3.2783467769622803,7,51.639892578125,0.31334748864173889,0.015601486898958683,0.005354621447622776,54,454,34.9181,0
thin0.40000000596046448_browse0.800000011920929_clear1,1,80,sitka-spruce,1104.30908203125,8.6515960693359375,4.6001615524291992,4.05143404006958,0.97226172685623169,0.060943812131881714,2.1955046653747559,5,53.011344909667969,0.31904378533363342,0.014475513249635696,0.0050378041341900826,51,462,39.6214,0
thin0.40000000596046448_browse0.800000011920929_clear1,1,81,sitka-spruce,430.64251708984375,5.2802934646606445,2.3901078701019287,2.8901863098144531,0.92027521133422852,0.066168986260890961,2.1121783256530762,5,52.302829742431641,0.32386156916618347,0.013773536309599876,0.0046028601936995983,50,468,33.7342,0
thin0.40000000596046448_browse0.800000011920929_clear1,1,82,sitka-spruce,1586.5587158203125,9.7799110412597656,3.7645750045776367,6.0153379440307617,1.0966691970825195,0.0639818012714386,2.8753736019134521,5,52.031379699707031,0.32953155040740967,0.012624147348105907,0.0040479800663888454,49,474,30.809800000000003,0
thin0.40000000596046448_browse0.800000011920929_clear1,1,83,sitka-spruce,1063.9908447265625,8.2329311370849609,3.9414470195770264,4.2914857864379883,1.0521126985549927,0.06671220064163208,2.7316474914550781,6,52.122352600097656,0.33132460713386536,0.010861852206289768,0.0034416469279676676,53,476,31.1776,0
thin0.40000000596046448_browse0.800000011920929_clear1,1,84,sitka-spruce,414.10598754882813,4.9378151893615723,2.636965274810791,2.3008501529693604,1.2735412120819092,0.067260123789310455,1.4193403720855713,5,51.999179840087891,0.33548074960708618,0.00980837270617485,0.0028371515218168497,48,486,34.257200000000005,0
thin0.40000000596046448_browse0.800000011920929_clear1,1,85,sitka-spruce,1014.090576171875,8.2634000778198242,4.7053332328796387,3.5580661296844482,1.1177177429199219,0.065771520137786865,0.77763092517852783,4,54.743389129638672,0.34083497524261475,0.0087595060467720032,0.0022543619852513075,46,492,30.2098,0
thin0.40000000596046448_browse0.800000011920929_clear1,1,86,sitka-spruce,1027.10009765625,7.8307185173034668,2.8584747314453125,4.9722447395324707,1.356271505355835,0.071019411087036133,3.062842845916748,8,53.111732482910156,0.33830314874649048,0.0077142319642007351,0.0016562954988330603,53,493,34.1882,0
thin0.40000000596046448_browse0.800000011920929_clear1,1,87,sitka-spruce,988.10772705078125,8.2332029342651367,4.385706901550293,3.8474955558776855,1.0808000564575195,0.070379123091697693,2.1179606914520264,5,54.228298187255859,0.34538692235946655,0.0068132407031953335,0.0011583820451050997,46,505,35.3757,0
thin0.40000000596046448_browse0.800000011920929_clear1,1,88,sitka-spruce,387.35055541992188,4.8182940483093262,3.04750919342041,1.7707847356796265,0.98621892929077148,0.0762290433049202,1.4580492973327637,4,54.75531005859375,0.34921658039093018,0.0067665488459169865,0.001023646560497582,44,511,28.6616,0
thin0.40000000596046448_browse0.800000011920929_clear1,1,89,sitka-spruce,939.63104248046875,8.3703174591064453,4.8969202041625977,3.4733943939208984,0.94356805086135864,0.073022186756134033,1.5136830806732178,4,57.1219596862793,0.35364151000976563,0.0079669477418065071,0.0021496410481631756,43,516,28.316200000000002,0
thin0.40000000596046448_browse0.800000011920929_clear1,1,90,sitka-spruce,939.63104248046875,8.0114145278930664,3.8399434089660645,4.17147159576416,0.896217405796051,0.077974647283554077,1.98434579372406,8,58.003364562988281,0.3530631959438324,0.0085798986256122589,0.0026648091152310371,49,518,34.1011,0
thin0.40000000596046448_browse0.800000011920929_clear1,1,91,sitka-spruce,913.86175537109375,8.2153682708740234,3.1631884574890137,5.052180290222168,0.82058125734329224,0.08181406557559967,1.7889605760574341,7,58.475196838378906,0.35355201363563538,0.009685843251645565,0.0031219099182635546,45,529,37.3536,0
thin0.40000000596046448_browse0.800000011920929_clear1,1,92,sitka-spruce,921.0933837890625,7.7735743522644043,3.1296887397766113,4.6438851356506348,0.78643393516540527,0.077159076929092407,3.9876422882080078,9,56.7536506652832,0.3484877347946167,0.010130203329026699,0.003213175106793642,51,532,37.7567,0
thin0.40000000596046448_browse0.800000011920929_clear1,1,93,sitka-spruce,356.48248291015625,4.5117874145507813,2.6655483245849609,1.8462388515472412,0.85918319225311279,0.0688471645116806,1.8398898839950562,5,56.651275634765625,0.35086679458618164,0.010518981143832207,0.0035378772299736738,42,546,38.318000000000005,0
thin0.40000000596046448_browse0.800000011920929_clear1,1,94,sitka-spruce,344.70318603515625,4.5911698341369629,2.56292724609375,2.0282435417175293,0.68312889337539673,0.0630725771188736,4.3194007873535156,7,54.148601531982422,0.35398519039154053,0.011427098885178566,0.0040258793160319328,43,552,32.192,0
thin0.40000000596046448_browse0.800000011920929_clear1,1,95,sitka-spruce,344.70318603515625,4.3928256034851074,2.5937285423278809,1.7990970611572266,0.78587448596954346,0.059163302183151245,1.7006970643997192,5,54.19659423828125,0.35339856147766113,0.010203443467617035,0.003111629281193018,44,556,30.809700000000003,0
thin0.40000000596046448_browse0.800000011920929_clear1,1,96,sitka-spruce,1246.978271484375,9.4558563232421875,5.9485197067260742,3.5073387622833252,0.83106523752212524,0.055169977247714996,1.8919578790664673,8,57.366920471191406,0.35427698493003845,0.011902363039553165,0.0042509059421718121,43,565,38.1226,0
thin0.40000000596046448_browse0.800000011920929_clear1,1,97,sitka-spruce,338.31900024414063,4.2917685508728027,2.7007136344909668,1.5910556316375732,0.80806851387023926,0.068302333354949951,1.5223877429962158,6,57.668876647949219,0.35283482074737549,0.010336115956306458,0.0033422904089093208,45,569,32.080400000000004,0
thin0.40000000596046448_browse0.800000011920929_clear1,1,98,sitka-spruce,324.672607421875,4.343876838684082,2.7480642795562744,1.5958124399185181,0.55266666412353516,0.069345541298389435,1.3929359912872314,5,58.401992797851563,0.35637772083282471,0.011152342893183231,0.0038072292227298021,39,580,33.0841,0
thin0.40000000596046448_browse0.800000011920929_clear1,1,99,sitka-spruce,1218.9683837890625,8.8795099258422852,4.93217134475708,3.9473390579223633,0.4924151599407196,0.068963542580604553,0.67350256443023682,1,62.099281311035156,0.35648903250694275,0.010957401245832443,0.00395180843770504,37,583,22.7592,0
thin0.40000000596046448_browse0.800000011920929_clear1,1,100,sitka-spruce,788.2047119140625,7.7492055892944336,3.5216677188873291,4.227536678314209,0.48690980672836304,0.072896510362625122,1.4596686363220215,5,63.601474761962891,0.36252692341804504,0.010935756377875805,0.0038494598120450974,38,587,29.247500000000002,0
thin0.40000000596046448_browse0.800000011920929_clear5,0,1,sitka-spruce,260.42938232421875,1.9072985649108887,1.9072985649108887,0,0,0,0,0,1.9072984457015991,0.054002363234758377,0.00040856498526409268,0,202,0,105.64880000000001,9
thin0.40000000596046448_browse0.800000011920929_clear5,0,2,sitka-spruce,194.89288330078125,1.5313607454299927,1.5313607454299927,0,0.027437150478363037,0.0090233152732253075,0,0,3.4021985530853271,0.064012236893177032,0.022244762629270554,0.01444542407989502,202,0,93.8401,0
thin0.40000000596046448_browse0.800000011920929_clear5,0,3,sitka-spruce,689.147216796875,3.9998676776885986,3.9998676776885986,0,0.034372881054878235,0.016165550798177719,0,0,7.3515276908874512,0.07188783586025238,0.038348890841007233,0.025615673512220383,202,0,97.729700000000008,0
thin0.40000000596046448_browse0.800000011920929_clear5,0,4,sitka-spruce,349.26296997070313,2.5752522945404053,2.5752522945404053,0,0.091387026011943817,0.030889734625816345,0,0,9.8045034408569336,0.078006714582443237,0.050223283469676971,0.034312121570110321,202,0,80.708700000000007,0
thin0.40000000596046448_browse0.800000011920929_clear5,0,5,sitka-spruce,417.92758178710938,2.9762272834777832,2.9762272834777832,0,0.1031845360994339,0.012103400193154812,0,0,5.5813236236572266,0.059780273586511612,0,0,202,0,79.497700000000009,11
thin0.40000000596046448_browse0.800000011920929_clear5,0,6,sitka-spruce,1208.531494140625,5.4190292358398438,5.4190292358398438,0,0.11767219007015228,0.024260424077510834,0,0,10.858420372009277,0.071269482374191284,0.02449328638613224,0.017956476658582687,202,0,81.1165,0
thin0.40000000596046448_browse0.800000011920929_clear5,0,7,sitka-spruce,1367.7579345703125,5.7477526664733887,5.7477526664733887,0,0.19279330968856812,0.046422742307186127,0,0,16.366958618164063,0.080250844359397888,0.04205954447388649,0.031162790954113007,202,0,79.8964,0
thin0.40000000596046448_browse0.800000011920929_clear5,0,8,sitka-spruce,2287.81201171875,6.5072298049926758,6.5072298049926758,0,0.21526242792606354,0.06379382312297821,0,0,22.595130920410156,0.087467551231384277,0.054556608200073242,0.040935099124908447,202,0,80.634,0
thin0.40000000596046448_browse0.800000011920929_clear5,0,9,sitka-spruce,673.19354248046875,4.42152738571167,4.1390218734741211,0.28250545263290405,0.25071266293525696,0.0775865912437439,0,0,26.405853271484375,0.093128077685832977,0.063287787139415741,0.048247534781694412,202,0,79.6212,0
thin0.40000000596046448_browse0.800000011920929_clear5,0,10,sitka-spruce,737.080078125,4.7569136619567871,4.578826904296875,0.17808680236339569,0.26513659954071045,0.031964115798473358,0,0,13.87281608581543,0.076219968497753143,0,0,202,0,78.5236,12
thin0.40000000596046448_browse0.800000011920929_clear5,0,11,sitka-spruce,729.30303955078125,4.8217549324035645,4.5869107246398926,0.23484431207180023,0.28463280200958252,0.046633489429950714,0,0,18.128461837768555,0.0865548700094223,0.024876035749912262,0.02015366218984127,202,0,71.76870000000001,0
thin0.40000000596046448_browse0.800000011920929_clear5,0,12,sitka-spruce,1810.4583740234375,6.7993412017822266,5.9585838317871094,0.84075736999511719,0.30196663737297058,0.061674725264310837,0,0,23.723403930664063,0.094321414828300476,0.042102564126253128,0.034425608813762665,202,0,73.3636,0
thin0.40000000596046448_browse0.800000011920929_clear5,0,13,sitka-spruce,1803.28662109375,6.8891830444335938,5.7529220581054688,1.1362615823745728,0.34784060716629028,0.072309747338294983,0,0,29.056175231933594,0.10021280497312546,0.053939338773489,0.044486381113529205,202,0,66.3841,0
thin0.40000000596046448_browse0.800000011920929_clear5,0,14,sitka-spruce,720.3515625,4.9911813735961914,3.596066951751709,1.3951132297515869,0.38698086142539978,0.079705148935318,0,0,32.185554504394531,0.10472230613231659,0.06197347491979599,0.051501188427209854,202,0,62.530300000000004,0
thin0.40000000596046448_browse0.800000011920929_clear5,0,15,sitka-spruce,2703.75048828125,7.3642725944519043,6.1332855224609375,1.2309876680374146,0.38762137293815613,0.028301140293478966,0,0,20.258771896362305,0.086588256061077118,0,0,202,0,59.691900000000004,12
thin0.40000000596046448_browse0.800000011920929_clear5,0,16,sitka-spruce,723.0107421875,5.0623974800109863,4.2096776962280273,0.85272037982940674,0.5512433648109436,0.052340760827064514,0,0,23.864864349365234,0.095638066530227661,0.02364029735326767,0.020052656531333923,202,0,56.194500000000005,0
thin0.40000000596046448_browse0.800000011920929_clear5,0,17,sitka-spruce,713.39990234375,5.3026528358459473,4.4587583541870117,0.84389400482177734,0.49803996086120605,0.067337498068809509,0,0,27.758245468139648,0.1036103218793869,0.040674980729818344,0.033929258584976196,199,3,72.7689,0
thin0.40000000596046448_browse0.800000011920929_clear5,0,18,sitka-spruce,1795.855712890625,7.4187545776367188,6.2586917877197266,1.1600625514984131,0.478441447019577,0.069094747304916382,0,0,33.469402313232422,0.10935217887163162,0.052170556038618088,0.043191049247980118,199,3,50.287200000000006,0
thin0.40000000596046448_browse0.800000011920929_clear5,0,19,sitka-spruce,707.5394287109375,5.3289089202880859,3.2166485786437988,2.11225962638855,0.49858278036117554,0.074400290846824646,0.41508650779724121,1,35.697982788085938,0.11377032101154327,0.059746783226728439,0.04919235035777092,195,8,69.944600000000008,0
thin0.40000000596046448_browse0.800000011920929_clear5,0,20,sitka-spruce,701.7880859375,5.30186653137207,4.57721471786499,0.724651575088501,0.48437419533729553,0.025739621371030807,0.47664123773574829,2,20.207244873046875,0.08569066971540451,0,0,192,13,77.493400000000008,13
thin0.40000000596046448_browse0.800000011920929_clear5,0,21,sitka-spruce,1747.23046875,7.3186659812927246,6.6337995529174805,0.68486690521240234,0.47419732809066772,0.043340135365724564,0,0,26.323507308959961,0.095128193497657776,0.023703118786215782,0.019670039415359497,189,16,58.5336,0
thin0.40000000596046448_browse0.800000011920929_clear5,0,22,sitka-spruce,2619.62890625,7.8337101936340332,6.6903257369995117,1.1433848142623901,0.49882727861404419,0.070893354713916779,1.0715305805206299,2,31.372583389282227,0.10428333282470703,0.039679262787103653,0.0328841507434845,188,19,56.7753,0
thin0.40000000596046448_browse0.800000011920929_clear5,0,23,sitka-spruce,1772.6641845703125,7.3270416259765625,6.4594707489013672,0.86757111549377441,0.73453241586685181,0.087569102644920349,0,0,37.009952545166016,0.10964039713144302,0.050227098166942596,0.041514504700899124,187,20,53.691500000000005,0
thin0.40000000596046448_browse0.800000011920929_clear5,0,24,sitka-spruce,1758.2119140625,7.3526625633239746,2.3279120922088623,5.0247488021850586,0.72307276725769043,0.090540066361427307,0,0,38.524253845214844,0.11475801467895508,0.056989386677742004,0.047033976763486862,181,26,54.3558,0
thin0.40000000596046448_browse0.800000011920929_clear5,0,25,sitka-spruce,2635.783447265625,8.14116382598877,6.8079547882080078,1.3332092761993408,0.66641706228256226,0.031733419746160507,0.84805822372436523,2,24.286001205444336,0.087441392242908478,0.0002442644617985934,0,179,30,52.391600000000004,13
thin0.40000000596046448_browse0.800000011920929_clear5,0,26,sitka-spruce,1723.8739013671875,7.8544435501098633,6.6696872711181641,1.1847548484802246,0.94310027360916138,0.058170922100543976,0,0,29.954416275024414,0.10405527800321579,0.022207809612154961,0.018418649211525917,172,37,50.6098,0
thin0.40000000596046448_browse0.800000011920929_clear5,0,27,sitka-spruce,658.81951904296875,5.8101606369018555,4.9127564430236816,0.89740478992462158,0.53546351194381714,0.08440949022769928,0.878588855266571,1,33.368709564208984,0.11860106140375137,0.038706570863723755,0.032181244343519211,162,48,50.121,0
thin0.40000000596046448_browse0.800000011920929_clear5,0,28,sitka-spruce,1644.6937255859375,8.3087759017944336,7.29631233215332,1.0124638080596924,0.51635414361953735,0.086574390530586243,0.78096568584442139,3,39.2811279296875,0.12840411067008972,0.049269471317529678,0.040147304534912109,161,52,50.8046,0
thin0.40000000596046448_browse0.800000011920929_clear5,0,29,sitka-spruce,1638.750244140625,8.1673831939697266,3.4605906009674072,4.7067914009094238,0.51841425895690918,0.088962480425834656,0.32685697078704834,1,41.807487487792969,0.13373713195323944,0.055976457893848419,0.045483693480491638,156,58,48.6876,0
thin0.40000000596046448_browse0.800000011920929_clear5,0,30,sitka-spruce,2453.620361328125,8.7320108413696289,7.7510385513305664,0.98097193241119385,1.1218096017837524,0.034881822764873505,0,0,26.287328720092773,0.090572163462638855,0,0,150,64,43.7877,15
thin0.40000000596046448_browse0.800000011920929_clear5,0,31,sitka-spruce,2466.556884765625,8.8959980010986328,7.30696439743042,1.5890351533889771,1.0666601657867432,0.0623549222946167,0,0,32.465278625488281,0.11020053178071976,0.019740058109164238,0.014876016415655613,147,67,43.5463,0
thin0.40000000596046448_browse0.800000011920929_clear5,0,32,sitka-spruce,1668.1422119140625,8.2770500183105469,6.730443000793457,1.5466080904006958,0.81343430280685425,0.088187344372272491,0.34566336870193481,1,37.948436737060547,0.12447584420442581,0.032365050166845322,0.024331524968147278,146,69,44.0336,0
thin0.40000000596046448_browse0.800000011920929_clear5,0,33,sitka-spruce,653.435791015625,6.145789623260498,4.75240421295166,1.393385648727417,0.847183346748352,0.0997525006532669,0,0,41.753902435302734,0.13985718786716461,0.041005901992321014,0.030535478144884109,137,78,41.7391,0
thin0.40000000596046448_browse0.800000011920929_clear5,0,34,sitka-spruce,640.9683837890625,6.2343549728393555,2.3845157623291016,3.8498380184173584,0.77743363380432129,0.0857624039053917,0,0,43.275222778320313,0.15289904177188873,0.047124531120061874,0.035013385117053986,131,84,39.461400000000005,0
thin0.40000000596046448_browse0.800000011920929_clear5,0,35,sitka-spruce,597.05279541015625,6.4675302505493164,5.3932461738586426,1.0742846727371216,0.68014734983444214,0.031360030174255371,0.32101136445999146,1,25.194232940673828,0.11040793359279633,8.1934209447354078E-05,0,119,97,38.1225,15
thin0.40000000596046448_browse0.800000011920929_clear5,0,36,sitka-spruce,601.75341796875,6.4862608909606934,5.2762904167175293,1.2099720239639282,0.62644749879837036,0.049627520143985748,0.48670452833175659,1,29.307741165161133,0.14345188438892365,0.019408876076340675,0.014676983468234539,117,100,35.778400000000005,0
thin0.40000000596046448_browse0.800000011920929_clear5,0,37,sitka-spruce,610.75469970703125,6.3965678215026855,5.0894980430603027,1.3070690631866455,0.595831573009491,0.066517606377601624,1.1404582262039185,2,32.594432830810547,0.16501948237419128,0.032800141721963882,0.025069784373044968,117,102,37.001200000000004,0
thin0.40000000596046448_browse0.800000011920929_clear5,0,38,sitka-spruce,617.2083740234375,6.3861889839172363,5.2193727493286133,1.1668159961700439,0.801601767539978,0.073264323174953461,0.098529964685440063,1,36.840412139892578,0.17894171178340912,0.041977345943450928,0.031625695526599884,115,105,36.2785,0
thin0.40000000596046448_browse0.800000011920929_clear5,0,39,sitka-spruce,1549.6419677734375,9.44647216796875,7.5940265655517578,1.8524454832077026,0.81683593988418579,0.074497014284133911,0,0,43.5431022644043,0.18550358712673187,0.049545660614967346,0.03742748498916626,112,108,34.1375,0
thin0.40000000596046448_browse0.800000011920929_clear5,0,40,sitka-spruce,623.73834228515625,6.39377498626709,5.2086491584777832,1.1851264238357544,0.70579820871353149,0.036156315356492996,0.54934406280517578,1,26.39814567565918,0.13328444957733154,3.9931746869115159E-05,0,110,111,34.6666,15
thin0.40000000596046448_browse0.800000011920929_clear5,0,41,sitka-spruce,1536.3170166015625,9.2344560623168945,7.6899404525756836,1.544513463973999,0.61549597978591919,0.053507562726736069,0.19930902123451233,1,33.219772338867188,0.15428069233894348,0.021119644865393639,0.017169123515486717,107,115,34.0539,0
thin0.40000000596046448_browse0.800000011920929_clear5,0,42,sitka-spruce,1540.24853515625,9.2272758483886719,7.4280233383178711,1.799251914024353,0.57582491636276245,0.081936918199062347,0.40171247720718384,2,39.588321685791016,0.16868066787719727,0.035191692411899567,0.028415525332093239,105,119,35.193400000000004,0
thin0.40000000596046448_browse0.800000011920929_clear5,0,43,sitka-spruce,1533.7008056640625,9.2356367111206055,7.23043155670166,2.0052042007446289,1.1094449758529663,0.10120990127325058,0.43111801147460938,2,45.176982879638672,0.17778439819812775,0.04529532790184021,0.036615360528230667,103,123,34.752,0
thin0.40000000596046448_browse0.800000011920929_clear5,0,44,sitka-spruce,1541.3692626953125,9.259373664855957,3.9498996734619141,5.3094749450683594,0.9230196475982666,0.10598623007535934,0.46655407547950745,1,47.631320953369141,0.18627484142780304,0.051234118640422821,0.041265532374382019,101,126,33.0845,0
thin0.40000000596046448_browse0.800000011920929_clear5,0,45,sitka-spruce,1541.922607421875,9.3241500854492188,6.9601330757141113,2.3640165328979492,0.96319645643234253,0.049154642969369888,0,0,34.0791015625,0.15387338399887085,1.9304607121739537E-06,0,96,131,31.1796,13
thin0.40000000596046448_browse0.800000011920929_clear5,0,46,sitka-spruce,608.0416259765625,6.4734339714050293,4.57200288772583,1.9014319181442261,0.90006870031356812,0.071412041783332825,1.3002912998199463,2,36.37933349609375,0.17243391275405884,0.020790772512555122,0.015922768041491508,95,134,31.909000000000002,0
thin0.40000000596046448_browse0.800000011920929_clear5,0,47,sitka-spruce,1524.4215087890625,9.3529939651489258,6.8566780090332031,2.4963159561157227,1.165520191192627,0.083823084831237793,0.67314773797988892,1,41.313518524169922,0.1856171041727066,0.034501779824495316,0.025949809700250626,92,138,31.5317,0
thin0.40000000596046448_browse0.800000011920929_clear5,0,48,sitka-spruce,599.056884765625,6.3197731971740723,4.7533707618713379,1.5664017200469971,1.0010957717895508,0.091708369553089142,0.42528575658798218,1,44.548801422119141,0.19841904938220978,0.043215483427047729,0.031949039548635483,88,143,29.9404,0
thin0.40000000596046448_browse0.800000011920929_clear5,0,49,sitka-spruce,614.0257568359375,6.24039888381958,3.7522780895233154,2.4881205558776855,1.1744908094406128,0.0863654613494873,1.963641881942749,4,45.076580047607422,0.20513024926185608,0.048484530299901962,0.035183947533369064,92,143,24.2433,0
thin0.40000000596046448_browse0.800000011920929_clear5,0,50,sitka-spruce,2342.184326171875,9.36605167388916,7.4944858551025391,1.8715660572052002,1.4033704996109009,0.047486964613199234,0.50713074207305908,1,34.189983367919922,0.1762353926897049,9.5115930889733136E-05,0,90,146,30.6949,11
thin0.40000000596046448_browse0.800000011920929_clear5,0,51,sitka-spruce,577.265380859375,6.319861888885498,4.5652322769165039,1.7546292543411255,1.1126555204391479,0.0718069076538086,0.021707473322749138,1,37.549045562744141,0.19701272249221802,0.017521662637591362,0.011662229895591736,82,155,29.9782,0
thin0.40000000596046448_browse0.800000011920929_clear5,0,52,sitka-spruce,2220.63427734375,9.8942699432373047,6.983558177947998,2.9107098579406738,1.0059934854507446,0.082329817116260529,0.72169291973114014,2,42.722587585449219,0.21016375720500946,0.028573669493198395,0.019112301990389824,83,156,29.0183,0
thin0.40000000596046448_browse0.800000011920929_clear5,0,53,sitka-spruce,1506.2191162109375,9.1000404357910156,6.696143627166748,2.4038980007171631,0.98767834901809692,0.093815788626670837,1.5890858173370361,3,46.748149871826172,0.22031804919242859,0.034936752170324326,0.023682782426476479,84,158,30.7971,0
thin0.40000000596046448_browse0.800000011920929_clear5,0,54,sitka-spruce,615.974609375,6.1457066535949707,2.5198945999145508,3.6258108615875244,1.211006760597229,0.0980353057384491,0.58257639408111572,2,47.376426696777344,0.22187209129333496,0.03941773995757103,0.026573192328214645,84,160,30.7495,0
thin0.40000000596046448_browse0.800000011920929_clear5,0,55,sitka-spruce,1538.5416259765625,8.7554206848144531,6.7126750946044922,2.04274582862854,1.5765130519866943,0.048839546740055084,0.73164504766464233,1,33.999618530273438,0.17454738914966583,3.0552793759852648E-05,0,81,164,28.939600000000002,12
thin0.40000000596046448_browse0.800000011920929_clear5,0,56,sitka-spruce,613.27764892578125,5.8949069976806641,4.5949625968933105,1.2999439239501953,1.6497833728790283,0.0701109990477562,1.430009126663208,2,35.444679260253906,0.18688991665840149,0.01494367141276598,0.010461653582751751,80,167,29.049100000000003,0
thin0.40000000596046448_browse0.800000011920929_clear5,0,57,sitka-spruce,1535.3839111328125,8.5697383880615234,6.5766644477844238,1.9930734634399414,1.4553437232971191,0.081792332231998444,0.1931951493024826,1,40.291011810302734,0.19678123295307159,0.024585369974374771,0.017015587538480759,78,170,27.4514,0
thin0.40000000596046448_browse0.800000011920929_clear5,0,58,sitka-spruce,2242.85595703125,9.4741754531860352,7.0968284606933594,2.3773462772369385,1.0965570211410522,0.092673525214195251,1.1898207664489746,2,45.0087890625,0.20412062108516693,0.033701024949550629,0.024452604353427887,75,175,28.0546,0
thin0.40000000596046448_browse0.800000011920929_clear5,0,59,sitka-spruce,1509.459228515625,8.5603322982788086,3.5732223987579346,4.9871101379394531,1.3613653182983398,0.098370850086212158,1.20995032787323,3,45.912326812744141,0.20751462876796722,0.039258532226085663,0.028855131939053535,76,177,29.2635,0
thin0.40000000596046448_browse0.800000011920929_clear5,0,60,sitka-spruce,1497.6875,8.5248003005981445,6.5184793472290039,2.0063207149505615,1.4113261699676514,0.0552498996257782,0.58966332674026489,2,35.374565124511719,0.18217110633850098,2.4956234483397566E-05,0,72,183,28.0854,10
thin0.40000000596046448_browse0.800000011920929_clear5,0,61,sitka-spruce,2213.965087890625,9.2973432540893555,7.289952278137207,2.0073916912078857,1.2216699123382568,0.074757054448127747,0.73408633470535278,1,40.634006500244141,0.19789756834506989,0.014230282977223396,0.010346717201173306,69,187,25.6686,0
thin0.40000000596046448_browse0.800000011920929_clear5,0,62,sitka-spruce,1453.1912841796875,8.7128829956054688,6.8022890090942383,1.9105916023254395,1.4260616302490234,0.096604518592357635,2.0159459114074707,4,43.897682189941406,0.20521432161331177,0.025790845975279808,0.018697666004300117,70,190,28.380200000000002,0
thin0.40000000596046448_browse0.800000011920929_clear5,0,63,sitka-spruce,1427.1214599609375,8.90149974822998,5.98332405090332,2.9181749820709229,1.29031240940094,0.10677696764469147,1.1042585372924805,3,47.379661560058594,0.2163337916135788,0.032908778637647629,0.023371253162622452,67,196,29.2081,0
thin0.40000000596046448_browse0.800000011920929_clear5,0,64,sitka-spruce,571.90582275390625,5.8108606338500977,2.2845993041992188,3.5262610912323,1.1739350557327271,0.10622957348823547,1.2059757709503174,2,47.178119659423828,0.2244504988193512,0.036873966455459595,0.025575727224349976,65,200,26.837400000000002,0
thin0.40000000596046448_browse0.800000011920929_clear5,0,65,sitka-spruce,560.013916015625,5.976158618927002,4.8058481216430664,1.1703106164932251,0.84142547845840454,0.065033853054046631,0.52345949411392212,2,36.2422981262207,0.20208527147769928,1.2560084314827691E-06,0,63,204,25.806700000000003,10
thin0.40000000596046448_browse0.800000011920929_clear5,0,66,sitka-spruce,559.07537841796875,5.8214883804321289,4.6119661331176758,1.2095205783843994,0.77249479293823242,0.072523951530456543,1.0019643306732178,3,39.007282257080078,0.21792572736740112,0.012457095086574554,0.0079346029087901115,64,206,27.7404,0
thin0.40000000596046448_browse0.800000011920929_clear5,0,67,sitka-spruce,1357.8643798828125,9.1912517547607422,7.2927861213684082,1.8984646797180176,1.0114712715148926,0.0801992416381836,0.043447680771350861,1,45.164951324462891,0.22892512381076813,0.023244600743055344,0.016042543575167656,59,212,25.0917,0
thin0.40000000596046448_browse0.800000011920929_clear5,0,68,sitka-spruce,1347.6251220703125,9.1008577346801758,7.1351075172424316,1.9657506942749023,0.89476615190505981,0.094312325119972229,0,0,51.310977935791016,0.23750302195549011,0.029979493468999863,0.02074042521417141,57,214,20.4056,0
thin0.40000000596046448_browse0.800000011920929_clear5,0,69,sitka-spruce,490.91854858398438,6.2819514274597168,4.23294734954834,2.0490050315856934,0.64423054456710815,0.10650160908699036,0.96149909496307373,3,53.831691741943359,0.25306594371795654,0.038775742053985596,0.02902553416788578,55,219,25.0531,0
thin0.40000000596046448_browse0.800000011920929_clear5,0,70,sitka-spruce,495.19137573242188,6.0457615852355957,4.4466838836669922,1.5990781784057617,0.89026564359664917,0.063281968235969543,0.72948890924453735,3,41.702056884765625,0.22585847973823547,1.5690015970903914E-06,0,58,219,19.470000000000002,11
thin0.40000000596046448_browse0.800000011920929_clear5,0,71,sitka-spruce,501.12652587890625,5.946810245513916,4.2618956565856934,1.6849136352539063,1.0901346206665039,0.068355835974216461,0,0,44.805461883544922,0.23975127935409546,0.015731455758213997,0.012816227972507477,56,221,21.543400000000002,0
thin0.40000000596046448_browse0.800000011920929_clear5,0,72,sitka-spruce,1215.8243408203125,9.6010522842407227,6.484473705291748,3.1165773868560791,0.82976639270782471,0.07082289457321167,0.55412721633911133,2,49.835220336914063,0.25409004092216492,0.026192378252744675,0.021237766370177269,54,225,23.987000000000002,0
thin0.40000000596046448_browse0.800000011920929_clear5,0,73,sitka-spruce,1224.636474609375,9.3632020950317383,6.4487366676330566,2.9144630432128906,0.80367106199264526,0.082278706133365631,0.6819077730178833,2,54.716098785400391,0.26236411929130554,0.032778035849332809,0.026222465559840202,55,226,22.6947,0
thin0.40000000596046448_browse0.800000011920929_clear5,0,74,sitka-spruce,1837.1766357421875,9.9319820404052734,5.555121898651123,4.3768606185913086,0.7784990668296814,0.093956932425498962,0,0,59.398765563964844,0.26440989971160889,0.036648742854595184,0.028710346668958664,54,227,20.7603,0
thin0.40000000596046448_browse0.800000011920929_clear5,0,75,sitka-spruce,1193.8770751953125,9.0688972473144531,5.661562442779541,3.4073374271392822,1.0431299209594727,0.057912424206733704,0.024383582174777985,2,49.267364501953125,0.23554041981697083,2.3389149646391161E-05,0,52,231,22.710800000000003,10
thin0.40000000596046448_browse0.800000011920929_clear5,0,76,sitka-spruce,1167.4012451171875,9.0731315612792969,5.3408341407775879,3.7322940826416016,1.351790189743042,0.071179784834384918,0,0,53.185230255126953,0.25432291626930237,0.012507240287959576,0.0093116853386163712,49,234,19.4879,0
thin0.40000000596046448_browse0.800000011920929_clear5,0,77,sitka-spruce,1027.152099609375,9.8935766220092773,5.9214916229248047,3.9720840454101563,0.65736156702041626,0.085765711963176727,2.4176249504089355,6,55.945968627929688,0.28073295950889587,0.022926289588212967,0.017405400052666664,49,240,26.6868,0
thin0.40000000596046448_browse0.800000011920929_clear5,0,78,sitka-spruce,416.01007080078125,5.6898789405822754,3.6584959030151367,2.0313825607299805,0.75519883632659912,0.09202168881893158,1.994562029838562,7,56.7626838684082,0.29408586025238037,0.029152378439903259,0.021928619593381882,53,243,31.9343,0
thin0.40000000596046448_browse0.800000011920929_clear5,0,79,sitka-spruce,428.37969970703125,5.5438294410705566,3.6070313453674316,1.9367988109588623,0.76073199510574341,0.082809261977672577,0.68419140577316284,4,58.84197998046875,0.29888957738876343,0.032865848392248154,0.024415845051407814,55,245,30.4676,0
thin0.40000000596046448_browse0.800000011920929_clear5,0,80,sitka-spruce,1075.4716796875,8.7771224975585938,5.7856016159057617,2.9915227890014648,0.85481125116348267,0.047738362103700638,0.093225352466106415,1,50.475303649902344,0.26581186056137085,4.7342205107270274E-06,0,54,247,24.3488,9
thin0.40000000596046448_browse0.800000011920929_clear5,0,81,sitka-spruce,429.99191284179688,5.22518253326416,3.2912149429321289,1.9339674711227417,0.7390143871307373,0.063086740672588348,1.6876084804534912,5,51.276809692382813,0.2746465802192688,0.011195204220712185,0.0078054461628198624,58,248,30.567500000000003,0
thin0.40000000596046448_browse0.800000011920929_clear5,0,82,sitka-spruce,1630.2647705078125,9.3585395812988281,5.9874272346496582,3.3711142539978027,0.957660436630249,0.068371690809726715,1.4321920871734619,3,54.806011199951172,0.27697405219078064,0.018489282578229904,0.012674044817686081,58,251,29.2698,0
thin0.40000000596046448_browse0.800000011920929_clear5,0,83,sitka-spruce,1074.7679443359375,8.0419473648071289,5.1879162788391113,2.8540310859680176,0.90704411268234253,0.078404411673545837,0.52486258745193481,2,58.483615875244141,0.27571189403533936,0.022880397737026215,0.015484748408198357,57,254,27.857000000000003,0
thin0.40000000596046448_browse0.800000011920929_clear5,0,84,sitka-spruce,430.02224731445313,4.7696919441223145,2.8613185882568359,1.9083724021911621,0.84842312335968018,0.082059994339942932,0.44906696677207947,4,59.965385437011719,0.27350541949272156,0.025579039007425308,0.016898838803172112,59,256,30.637400000000003,0
thin0.40000000596046448_browse0.800000011920929_clear5,0,85,sitka-spruce,1003.2703247070313,8.3404617309570313,5.3796710968017578,2.9607918262481689,0.96746981143951416,0.052691899240016937,4.0868806838989258,7,49.867271423339844,0.26227939128875732,2.5927156457328238E-05,0,49,273,38.2344,7
thin0.40000000596046448_browse0.800000011920929_clear5,0,86,sitka-spruce,979.74664306640625,8.3662099838256836,5.7583146095275879,2.6078953742980957,1.2436962127685547,0.0678219273686409,0.89777147769927979,2,53.416297912597656,0.28015926480293274,0.00965773593634367,0.0059836637228727341,43,281,23.585900000000002,0
thin0.40000000596046448_browse0.800000011920929_clear5,0,87,sitka-spruce,956.86737060546875,8.55029296875,5.8809285163879395,2.6693651676177979,0.88010472059249878,0.08280627429485321,0.4270477294921875,1,57.907264709472656,0.29651513695716858,0.015892429277300835,0.00968718808144331,41,284,20.2767,0
thin0.40000000596046448_browse0.800000011920929_clear5,0,88,sitka-spruce,382.74697875976563,4.82064962387085,3.1809182167053223,1.6397304534912109,0.81979906558990479,0.089951232075691223,1.6443854570388794,4,58.534049987792969,0.30434587597846985,0.019638236612081528,0.011818623170256615,45,284,18.169900000000002,0
thin0.40000000596046448_browse0.800000011920929_clear5,0,89,sitka-spruce,929.0919189453125,8.360133171081543,5.2679986953735352,3.092134952545166,0.52772939205169678,0.081564255058765411,1.8370718955993652,5,61.355682373046875,0.31397834420204163,0.021748768165707588,0.012852163054049015,44,290,27.168000000000003,0
thin0.40000000596046448_browse0.800000011920929_clear5,0,90,sitka-spruce,903.6065673828125,8.5423030853271484,5.6461200714111328,2.8961834907531738,0.82224184274673462,0.063118673861026764,0.6624600887298584,2,55.234809875488281,0.29530817270278931,0.00076790299499407411,6.5755673858802766E-05,40,296,22.927,7
thin0.40000000596046448_browse0.800000011920929_clear5,0,91,sitka-spruce,903.6065673828125,8.3465299606323242,5.2436108589172363,3.102919340133667,0.7735525369644165,0.076746344566345215,1.7068629264831543,4,57.921257019042969,0.30896440148353577,0.0082139298319816589,0.0039752158336341381,42,298,24.1959,0
thin0.40000000596046448_browse0.800000011920929_clear5,0,92,sitka-spruce,884.693115234375,8.2837924957275391,4.988001823425293,3.295790433883667,0.70540857315063477,0.090857930481433868,4.381007194519043,8,57.731983184814453,0.32064247131347656,0.012933296151459217,0.006455717608332634,45,303,30.9689,0
thin0.40000000596046448_browse0.800000011920929_clear5,0,93,sitka-spruce,356.43630981445313,4.564326286315918,2.9273021221160889,1.6370234489440918,0.66850680112838745,0.090949185192584991,0.67127001285552979,2,59.228561401367188,0.32469865679740906,0.015698039904236794,0.0079547641798853874,42,308,23.9764,0
thin0.40000000596046448_browse0.800000011920929_clear5,0,94,sitka-spruce,346.3394775390625,4.4896039962768555,2.8973872661590576,1.5922178030014038,0.57321262359619141,0.07603338360786438,0.50598114728927612,3,60.970722198486328,0.329829603433609,0.017056996002793312,0.0087738456204533577,39,314,24.7921,0
thin0.40000000596046448_browse0.800000011920929_clear5,0,95,sitka-spruce,346.3394775390625,4.2705459594726563,2.8147952556610107,1.4557507038116455,0.51201522350311279,0.045236416161060333,1.4967324733734131,3,51.308631896972656,0.28549918532371521,4.2356484186711896E-07,0,41,315,22.7121,8
thin0.40000000596046448_browse0.800000011920929_clear5,0,96,sitka-spruce,1252.188232421875,9.5701236724853516,6.3254499435424805,3.2446763515472412,0.42344823479652405,0.047156672924757004,0.97030836343765259,2,56.193168640136719,0.30324664711952209,0.006376778706908226,0.00301669305190444,37,321,21.6593,0
thin0.40000000596046448_browse0.800000011920929_clear5,0,97,sitka-spruce,333.91696166992188,4.4806170463562012,2.8977913856506348,1.5828266143798828,0.736484169960022,0.066852062940597534,0.86255043745040894,4,57.425071716308594,0.31428071856498718,0.010260604321956635,0.0047485437244176865,39,323,22.8523,0
thin0.40000000596046448_browse0.800000011920929_clear5,0,98,sitka-spruce,323.51885986328125,4.5632133483886719,3.0432608127593994,1.5199527740478516,0.89233148097991943,0.067982114851474762,1.4353377819061279,2,58.072681427001953,0.32279762625694275,0.014157400466501713,0.0065804463811218739,36,328,21.866500000000002,0
thin0.40000000596046448_browse0.800000011920929_clear5,0,99,sitka-spruce,1213.1956787109375,9.4859390258789063,6.200650691986084,3.2852866649627686,0.76215416193008423,0.064146578311920166,1.2710294723510742,4,62.176006317138672,0.32826036214828491,0.016134396195411682,0.0075742979533970356,38,330,22.6677,0
thin0.40000000596046448_browse0.800000011920929_clear5,0,100,sitka-spruce,782.0836181640625,8.4445810317993164,5.6583352088928223,2.7862462997436523,0.696023166179657,0.052533704787492752,2.6616697311401367,7,54.09521484375,0.29530701041221619,9.2170768766663969E-05,0,40,335,29.556700000000003,8
thin0.40000000596046448_browse0.800000011920929_clear5,1,1,sitka-spruce,260.42938232421875,1.9072985649108887,1.9072985649108887,0,0,0,0,0,1.9072984457015991,0.054002363234758377,0.00040856498526409268,0,202,0,106.78290000000001,9
thin0.40000000596046448_browse0.800000011920929_clear5,1,2,sitka-spruce,194.89288330078125,1.5313607454299927,1.5313607454299927,0,0.027437150478363037,0.0090233152732253075,0,0,3.4021985530853271,0.064012236893177032,0.022244762629270554,0.01444542407989502,202,0,105.50930000000001,0
thin0.40000000596046448_browse0.800000011920929_clear5,1,3,sitka-spruce,689.147216796875,3.9998676776885986,3.9998676776885986,0,0.034372881054878235,0.016165550798177719,0,0,7.3515276908874512,0.07188783586025238,0.038348890841007233,0.025615673512220383,202,0,83.9264,0
thin0.40000000596046448_browse0.800000011920929_clear5,1,4,sitka-spruce,349.26296997070313,2.5752522945404053,2.5752522945404053,0,0.091387026011943817,0.030889734625816345,0,0,9.8045034408569336,0.078006714582443237,0.050223283469676971,0.034312121570110321,202,0,81.7245,0
thin0.40000000596046448_browse0.800000011920929_clear5,1,5,sitka-spruce,417.92758178710938,2.9762272834777832,2.9762272834777832,0,0.1031845360994339,0.012103400193154812,0,0,5.5813236236572266,0.059780273586511612,0,0,202,0,82.1473,11
thin0.40000000596046448_browse0.800000011920929_clear5,1,6,sitka-spruce,1208.531494140625,5.4190292358398438,5.4190292358398438,0,0.11767219007015228,0.024260424077510834,0,0,10.858420372009277,0.071269482374191284,0.02449328638613224,0.017956476658582687,202,0,80.6808,0
thin0.40000000596046448_browse0.800000011920929_clear5,1,7,sitka-spruce,1367.7579345703125,5.7477526664733887,5.7477526664733887,0,0.19279330968856812,0.046422742307186127,0,0,16.366958618164063,0.080250844359397888,0.04205954447388649,0.031162790954113007,202,0,80.00930000000001,0
thin0.40000000596046448_browse0.800000011920929_clear5,1,8,sitka-spruce,2287.81201171875,6.5072298049926758,6.5072298049926758,0,0.21526242792606354,0.06379382312297821,0,0,22.595130920410156,0.087467551231384277,0.054556608200073242,0.040935099124908447,202,0,83.3597,0
thin0.40000000596046448_browse0.800000011920929_clear5,1,9,sitka-spruce,673.19354248046875,4.42152738571167,4.1390218734741211,0.28250545263290405,0.25071266293525696,0.0775865912437439,0,0,26.405853271484375,0.093128077685832977,0.063287787139415741,0.048247534781694412,202,0,79.9491,0
thin0.40000000596046448_browse0.800000011920929_clear5,1,10,sitka-spruce,737.080078125,4.7569136619567871,4.578826904296875,0.17808680236339569,0.26513659954071045,0.031964115798473358,0,0,13.87281608581543,0.076219968497753143,0,0,202,0,78.3465,12
thin0.40000000596046448_browse0.800000011920929_clear5,1,11,sitka-spruce,729.30303955078125,4.8217549324035645,4.5869107246398926,0.23484431207180023,0.28463280200958252,0.046633489429950714,0,0,18.128461837768555,0.0865548700094223,0.024876035749912262,0.02015366218984127,202,0,72.1114,0
thin0.40000000596046448_browse0.800000011920929_clear5,1,12,sitka-spruce,1810.4583740234375,6.7993412017822266,5.9585838317871094,0.84075736999511719,0.30196663737297058,0.061674725264310837,0,0,23.723403930664063,0.094321414828300476,0.042102564126253128,0.034425608813762665,202,0,70.145800000000008,0
thin0.40000000596046448_browse0.800000011920929_clear5,1,13,sitka-spruce,1803.28662109375,6.8891830444335938,5.7529220581054688,1.1362615823745728,0.34784060716629028,0.072309747338294983,0,0,29.056175231933594,0.10021280497312546,0.053939338773489,0.044486381113529205,202,0,67.5767,0
thin0.40000000596046448_browse0.800000011920929_clear5,1,14,sitka-spruce,720.3515625,4.9911813735961914,3.596066951751709,1.3951132297515869,0.38698086142539978,0.079705148935318,0,0,32.185554504394531,0.10472230613231659,0.06197347491979599,0.051501188427209854,202,0,63.8425,0
thin0.40000000596046448_browse0.800000011920929_clear5,1,15,sitka-spruce,2703.75048828125,7.3642725944519043,6.1332855224609375,1.2309876680374146,0.38762137293815613,0.028301140293478966,0,0,20.258771896362305,0.086588256061077118,0,0,202,0,59.9879,12
thin0.40000000596046448_browse0.800000011920929_clear5,1,16,sitka-spruce,723.0107421875,5.0623974800109863,4.2096776962280273,0.85272037982940674,0.5512433648109436,0.052340760827064514,0,0,23.864864349365234,0.095638066530227661,0.02364029735326767,0.020052656531333923,202,0,56.2044,0
thin0.40000000596046448_browse0.800000011920929_clear5,1,17,sitka-spruce,713.39990234375,5.3026528358459473,4.4587583541870117,0.84389400482177734,0.49803996086120605,0.067337498068809509,0,0,27.758245468139648,0.1036103218793869,0.040674980729818344,0.033929258584976196,199,3,71.2945,0
thin0.40000000596046448_browse0.800000011920929_clear5,1,18,sitka-spruce,1795.855712890625,7.4187545776367188,6.2586917877197266,1.1600625514984131,0.478441447019577,0.069094747304916382,0,0,33.469402313232422,0.10935217887163162,0.052170556038618088,0.043191049247980118,199,3,49.641200000000005,0
thin0.40000000596046448_browse0.800000011920929_clear5,1,19,sitka-spruce,707.5394287109375,5.3289089202880859,3.2166485786437988,2.11225962638855,0.49858278036117554,0.074400290846824646,0.41508650779724121,1,35.697982788085938,0.11377032101154327,0.059746783226728439,0.04919235035777092,195,8,67.6414,0
thin0.40000000596046448_browse0.800000011920929_clear5,1,20,sitka-spruce,701.7880859375,5.30186653137207,4.57721471786499,0.724651575088501,0.48437419533729553,0.025739621371030807,0.47664123773574829,2,20.207244873046875,0.08569066971540451,0,0,192,13,73.3049,13
thin0.40000000596046448_browse0.800000011920929_clear5,1,21,sitka-spruce,1747.23046875,7.3186659812927246,6.6337995529174805,0.68486690521240234,0.47419732809066772,0.043340135365724564,0,0,26.323507308959961,0.095128193497657776,0.023703118786215782,0.019670039415359497,189,16,56.584300000000006,0
thin0.40000000596046448_browse0.800000011920929_clear5,1,22,sitka-spruce,2619.62890625,7.8337101936340332,6.6903257369995117,1.1433848142623901,0.49882727861404419,0.070893354713916779,1.0715305805206299,2,31.372583389282227,0.10428333282470703,0.039679262787103653,0.0328841507434845,188,19,56.991600000000005,0
thin0.40000000596046448_browse0.800000011920929_clear5,1,23,sitka-spruce,1772.6641845703125,7.3270416259765625,6.4594707489013672,0.86757111549377441,0.73453241586685181,0.087569102644920349,0,0,37.009952545166016,0.10964039713144302,0.050227098166942596,0.041514504700899124,187,20,52.3399,0
thin0.40000000596046448_browse0.800000011920929_clear5,1,24,sitka-spruce,1758.2119140625,7.3526625633239746,2.3279120922088623,5.0247488021850586,0.72307276725769043,0.090540066361427307,0,0,38.524253845214844,0.11475801467895508,0.056989386677742004,0.047033976763486862,181,26,51.2716,0
thin0.40000000596046448_browse0.800000011920929_clear5,1,25,sitka-spruce,2635.783447265625,8.14116382598877,6.8079547882080078,1.3332092761993408,0.66641706228256226,0.031733419746160507,0.84805822372436523,2,24.286001205444336,0.087441392242908478,0.0002442644617985934,0,179,30,55.0293,13
thin0.40000000596046448_browse0.800000011920929_clear5,1,26,sitka-spruce,1723.8739013671875,7.8544435501098633,6.6696872711181641,1.1847548484802246,0.94310027360916138,0.058170922100543976,0,0,29.954416275024414,0.10405527800321579,0.022207809612154961,0.018418649211525917,172,37,49.2898,0
thin0.40000000596046448_browse0.800000011920929_clear5,1,27,sitka-spruce,658.81951904296875,5.8101606369018555,4.9127564430236816,0.89740478992462158,0.53546351194381714,0.08440949022769928,0.878588855266571,1,33.368709564208984,0.11860106140375137,0.038706570863723755,0.032181244343519211,162,48,49.1144,0
thin0.40000000596046448_browse0.800000011920929_clear5,1,28,sitka-spruce,1644.6937255859375,8.3087759017944336,7.29631233215332,1.0124638080596924,0.51635414361953735,0.086574390530586243,0.78096568584442139,3,39.2811279296875,0.12840411067008972,0.049269471317529678,0.040147304534912109,161,52,48.982,0
thin0.40000000596046448_browse0.800000011920929_clear5,1,29,sitka-spruce,1638.750244140625,8.1673831939697266,3.4605906009674072,4.7067914009094238,0.51841425895690918,0.088962480425834656,0.32685697078704834,1,41.807487487792969,0.13373713195323944,0.055976457893848419,0.045483693480491638,156,58,47.904,0
thin0.40000000596046448_browse0.800000011920929_clear5,1,30,sitka-spruce,2453.620361328125,8.7320108413696289,7.7510385513305664,0.98097193241119385,1.1218096017837524,0.034881822764873505,0,0,26.287328720092773,0.090572163462638855,0,0,150,64,44.6524,15
thin0.40000000596046448_browse0.800000011920929_clear5,1,31,sitka-spruce,2466.556884765625,8.8959980010986328,7.30696439743042,1.5890351533889771,1.0666601657867432,0.0623549222946167,0,0,32.465278625488281,0.11020053178071976,0.019740058109164238,0.014876016415655613,147,67,43.851600000000005,0
thin0.40000000596046448_browse0.800000011920929_clear5,1,32,sitka-spruce,1668.1422119140625,8.2770500183105469,6.730443000793457,1.5466080904006958,0.81343430280685425,0.088187344372272491,0.34566336870193481,1,37.948436737060547,0.12447584420442581,0.032365050166845322,0.024331524968147278,146,69,43.941700000000004,0
thin0.40000000596046448_browse0.800000011920929_clear5,1,33,sitka-spruce,653.435791015625,6.145789623260498,4.75240421295166,1.393385648727417,0.847183346748352,0.0997525006532669,0,0,41.753902435302734,0.13985718786716461,0.041005901992321014,0.030535478144884109,137,78,43.8271,0
thin0.40000000596046448_browse0.800000011920929_clear5,1,34,sitka-spruce,640.9683837890625,6.2343549728393555,2.3845157623291016,3.8498380184173584,0.77743363380432129,0.0857624039053917,0,0,43.275222778320313,0.15289904177188873,0.047124531120061874,0.035013385117053986,131,84,37.43,0
thin0.40000000596046448_browse0.800000011920929_clear5,1,35,sitka-spruce,597.05279541015625,6.4675302505493164,5.3932461738586426,1.0742846727371216,0.68014734983444214,0.031360030174255371,0.32101136445999146,1,25.194232940673828,0.11040793359279633,8.1934209447354078E-05,0,119,97,38.4102,15
thin0.40000000596046448_browse0.800000011920929_clear5,1,36,sitka-spruce,601.75341796875,6.4862608909606934,5.2762904167175293,1.2099720239639282,0.62644749879837036,0.049627520143985748,0.48670452833175659,1,29.307741165161133,0.14345188438892365,0.019408876076340675,0.014676983468234539,117,100,35.595400000000005,0
thin0.40000000596046448_browse0.800000011920929_clear5,1,37,sitka-spruce,610.75469970703125,6.3965678215026855,5.0894980430603027,1.3070690631866455,0.595831573009491,0.066517606377601624,1.1404582262039185,2,32.594432830810547,0.16501948237419128,0.032800141721963882,0.025069784373044968,117,102,37.1223,0
thin0.40000000596046448_browse0.800000011920929_clear5,1,38,sitka-spruce,617.2083740234375,6.3861889839172363,5.2193727493286133,1.1668159961700439,0.801601767539978,0.073264323174953461,0.098529964685440063,1,36.840412139892578,0.17894171178340912,0.041977345943450928,0.031625695526599884,115,105,34.925200000000004,0
thin0.40000000596046448_browse0.800000011920929_clear5,1,39,sitka-spruce,1549.6419677734375,9.44647216796875,7.5940265655517578,1.8524454832077026,0.81683593988418579,0.074497014284133911,0,0,43.5431022644043,0.18550358712673187,0.049545660614967346,0.03742748498916626,112,108,33.9821,0
thin0.40000000596046448_browse0.800000011920929_clear5,1,40,sitka-spruce,623.73834228515625,6.39377498626709,5.2086491584777832,1.1851264238357544,0.70579820871353149,0.036156315356492996,0.54934406280517578,1,26.39814567565918,0.13328444957733154,3.9931746869115159E-05,0,110,111,34.278800000000004,15
thin0.40000000596046448_browse0.800000011920929_clear5,1,41,sitka-spruce,1536.3170166015625,9.2344560623168945,7.6899404525756836,1.544513463973999,0.61549597978591919,0.053507562726736069,0.19930902123451233,1,33.219772338867188,0.15428069233894348,0.021119644865393639,0.017169123515486717,107,115,33.1973,0
thin0.40000000596046448_browse0.800000011920929_clear5,1,42,sitka-spruce,1540.24853515625,9.2272758483886719,7.4280233383178711,1.799251914024353,0.57582491636276245,0.081936918199062347,0.40171247720718384,2,39.588321685791016,0.16868066787719727,0.035191692411899567,0.028415525332093239,105,119,34.0785,0
thin0.40000000596046448_browse0.800000011920929_clear5,1,43,sitka-spruce,1533.7008056640625,9.2356367111206055,7.23043155670166,2.0052042007446289,1.1094449758529663,0.10120990127325058,0.43111801147460938,2,45.176982879638672,0.17778439819812775,0.04529532790184021,0.036615360528230667,103,123,34.8509,0
thin0.40000000596046448_browse0.800000011920929_clear5,1,44,sitka-spruce,1541.3692626953125,9.259373664855957,3.9498996734619141,5.3094749450683594,0.9230196475982666,0.10598623007535934,0.46655407547950745,1,47.631320953369141,0.18627484142780304,0.051234118640422821,0.041265532374382019,101,126,32.700900000000004,0
thin0.40000000596046448_browse0.800000011920929_clear5,1,45,sitka-spruce,1541.922607421875,9.3241500854492188,6.9601330757141113,2.3640165328979492,0.96319645643234253,0.049154642969369888,0,0,34.0791015625,0.15387338399887085,1.9304607121739537E-06,0,96,131,30.076400000000003,13
thin0.40000000596046448_browse0.800000011920929_clear5,1,46,sitka-spruce,608.0416259765625,6.4734339714050293,4.57200288772583,1.9014319181442261,0.90006870031356812,0.071412041783332825,1.3002912998199463,2,36.37933349609375,0.17243391275405884,0.020790772512555122,0.015922768041491508,95,134,30.7892,0
thin0.40000000596046448_browse0.800000011920929_clear5,1,47,sitka-spruce,1524.4215087890625,9.3529939651489258,6.8566780090332031,2.4963159561157227,1.165520191192627,0.083823084831237793,0.67314773797988892,1,41.313518524169922,0.1856171041727066,0.034501779824495316,0.025949809700250626,92,138,30.309,0
thin0.40000000596046448_browse0.800000011920929_clear5,1,48,sitka-spruce,599.056884765625,6.3197731971740723,4.7533707618713379,1.5664017200469971,1.0010957717895508,0.091708369553089142,0.42528575658798218,1,44.548801422119141,0.19841904938220978,0.043215483427047729,0.031949039548635483,88,143,29.616,0
thin0.40000000596046448_browse0.800000011920929_clear5,1,49,sitka-spruce,614.0257568359375,6.24039888381958,3.7522780895233154,2.4881205558776855,1.1744908094406128,0.0863654613494873,1.963641881942749,4,45.076580047607422,0.20513024926185608,0.048484530299901962,0.035183947533369064,92,143,24.8868,0
thin0.40000000596046448_browse0.800000011920929_clear5,1,50,sitka-spruce,2342.184326171875,9.36605167388916,7.4944858551025391,1.8715660572052002,1.4033704996109009,0.047486964613199234,0.50713074207305908,1,34.189983367919922,0.1762353926897049,9.5115930889733136E-05,0,90,146,29.808,11
thin0.40000000596046448_browse0.800000011920929_clear5,1,51,sitka-spruce,577.265380859375,6.319861888885498,4.5652322769165039,1.7546292543411255,1.1126555204391479,0.0718069076538086,0.021707473322749138,1,37.549045562744141,0.19701272249221802,0.017521662637591362,0.011662229895591736,82,155,30.224700000000002,0
thin0.40000000596046448_browse0.800000011920929_clear5,1,52,sitka-spruce,2220.63427734375,9.8942699432373047,6.983558177947998,2.9107098579406738,1.0059934854507446,0.082329817116260529,0.72169291973114014,2,42.722587585449219,0.21016375720500946,0.028573669493198395,0.019112301990389824,83,156,29.779,0
thin0.40000000596046448_browse0.800000011920929_clear5,1,53,sitka-spruce,1506.2191162109375,9.1000404357910156,6.696143627166748,2.4038980007171631,0.98767834901809692,0.093815788626670837,1.5890858173370361,3,46.748149871826172,0.22031804919242859,0.034936752170324326,0.023682782426476479,84,158,31.471700000000002,0
thin0.40000000596046448_browse0.800000011920929_clear5,1,54,sitka-spruce,615.974609375,6.1457066535949707,2.5198945999145508,3.6258108615875244,1.211006760597229,0.0980353057384491,0.58257639408111572,2,47.376426696777344,0.22187209129333496,0.03941773995757103,0.026573192328214645,84,160,30.4661,0
thin0.40000000596046448_browse0.800000011920929_clear5,1,55,sitka-spruce,1538.5416259765625,8.7554206848144531,6.7126750946044922,2.04274582862854,1.5765130519866943,0.048839546740055084,0.73164504766464233,1,33.999618530273438,0.17454738914966583,3.0552793759852648E-05,0,81,164,27.6777,12
thin0.40000000596046448_browse0.800000011920929_clear5,1,56,sitka-spruce,613.27764892578125,5.8949069976806641,4.5949625968933105,1.2999439239501953,1.6497833728790283,0.0701109990477562,1.430009126663208,2,35.444679260253906,0.18688991665840149,0.01494367141276598,0.010461653582751751,80,167,30.382800000000003,0
thin0.40000000596046448_browse0.800000011920929_clear5,1,57,sitka-spruce,1535.3839111328125,8.5697383880615234,6.5766644477844238,1.9930734634399414,1.4553437232971191,0.081792332231998444,0.1931951493024826,1,40.291011810302734,0.19678123295307159,0.024585369974374771,0.017015587538480759,78,170,27.805,0
thin0.40000000596046448_browse0.800000011920929_clear5,1,58,sitka-spruce,2242.85595703125,9.4741754531860352,7.0968284606933594,2.3773462772369385,1.0965570211410522,0.092673525214195251,1.1898207664489746,2,45.0087890625,0.20412062108516693,0.033701024949550629,0.024452604353427887,75,175,28.970000000000002,0
thin0.40000000596046448_browse0.800000011920929_clear5,1,59,sitka-spruce,1509.459228515625,8.5603322982788086,3.5732223987579346,4.9871101379394531,1.3613653182983398,0.098370850086212158,1.20995032787323,3,45.912326812744141,0.20751462876796722,0.039258532226085663,0.028855131939053535,76,177,29.120800000000003,0
thin0.40000000596046448_browse0.800000011920929_clear5,1,60,sitka-spruce,1497.6875,8.5248003005981445,6.5184793472290039,2.0063207149505615,1.4113261699676514,0.0552498996257782,0.58966332674026489,2,35.374565124511719,0.18217110633850098,2.4956234483397566E-05,0,72,183,29.460700000000003,10
thin0.40000000596046448_browse0.800000011920929_clear5,1,61,sitka-spruce,2213.965087890625,9.2973432540893555,7.289952278137207,2.0073916912078857,1.2216699123382568,0.074757054448127747,0.73408633470535278,1,40.634006500244141,0.19789756834506989,0.014230282977223396,0.010346717201173306,69,187,26.880300000000002,0
thin0.40000000596046448_browse0.800000011920929_clear5,1,62,sitka-spruce,1453.1912841796875,8.7128829956054688,6.8022890090942383,1.9105916023254395,1.4260616302490234,0.096604518592357635,2.0159459114074707,4,43.897682189941406,0.20521432161331177,0.025790845975279808,0.018697666004300117,70,190,29.1366,0
thin0.40000000596046448_browse0.800000011920929_clear5,1,63,sitka-spruce,1427.1214599609375,8.90149974822998,5.98332405090332,2.9181749820709229,1.29031240940094,0.10677696764469147,1.1042585372924805,3,47.379661560058594,0.2163337916135788,0.032908778637647629,0.023371253162622452,67,196,27.511300000000002,0
thin0.40000000596046448_browse0.800000011920929_clear5,1,64,sitka-spruce,571.90582275390625,5.8108606338500977,2.2845993041992188,3.5262610912323,1.1739350557327271,0.10622957348823547,1.2059757709503174,2,47.178119659423828,0.2244504988193512,0.036873966455459595,0.025575727224349976,65,200,27.2134,0
thin0.40000000596046448_browse0.800000011920929_clear5,1,65,sitka-spruce,560.013916015625,5.976158618927002,4.8058481216430664,1.1703106164932251,0.84142547845840454,0.065033853054046631,0.52345949411392212,2,36.2422981262207,0.20208527147769928,1.2560084314827691E-06,0,63,204,25.6617,10
thin0.40000000596046448_browse0.800000011920929_clear5,1,66,sitka-spruce,559.07537841796875,5.8214883804321289,4.6119661331176758,1.2095205783843994,0.77249479293823242,0.072523951530456543,1.0019643306732178,3,39.007282257080078,0.21792572736740112,0.012457095086574554,0.0079346029087901115,64,206,25.4068,0
thin0.40000000596046448_browse0.800000011920929_clear5,1,67,sitka-spruce,1357.8643798828125,9.1912517547607422,7.2927861213684082,1.8984646797180176,1.0114712715148926,0.0801992416381836,0.043447680771350861,1,45.164951324462891,0.22892512381076813,0.023244600743055344,0.016042543575167656,59,212,25.209200000000003,0
thin0.40000000596046448_browse0.800000011920929_clear5,1,68,sitka-spruce,1347.6251220703125,9.1008577346801758,7.1351075172424316,1.9657506942749023,0.89476615190505981,0.094312325119972229,0,0,51.310977935791016,0.23750302195549011,0.029979493468999863,0.02074042521417141,57,214,19.474500000000003,0
thin0.40000000596046448_browse0.800000011920929_clear5,1,69,sitka-spruce,490.91854858398438,6.2819514274597168,4.23294734954834,2.0490050315856934,0.64423054456710815,0.10650160908699036,0.96149909496307373,3,53.831691741943359,0.25306594371795654,0.038775742053985596,0.02902553416788578,55,219,25.0973,0
thin0.40000000596046448_browse0.800000011920929_clear5,1,70,sitka-spruce,495.19137573242188,6.0457615852355957,4.4466838836669922,1.5990781784057617,0.89026564359664917,0.063281968235969543,0.72948890924453735,3,41.702056884765625,0.22585847973823547,1.5690015970903914E-06,0,58,219,19.8258,11
thin0.40000000596046448_browse0.800000011920929_clear5,1,71,sitka-spruce,501.12652587890625,5.946810245513916,4.2618956565856934,1.6849136352539063,1.0901346206665039,0.068355835974216461,0,0,44.805461883544922,0.23975127935409546,0.015731455758213997,0.012816227972507477,56,221,21.543100000000003,0
thin0.40000000596046448_browse0.800000011920929_clear5,1,72,sitka-spruce,1215.8243408203125,9.6010522842407227,6.484473705291748,3.1165773868560791,0.82976639270782471,0.07082289457321167,0.55412721633911133,2,49.835220336914063,0.25409004092216492,0.026192378252744675,0.021237766370177269,54,225,24.872500000000002,0
thin0.40000000596046448_browse0.800000011920929_clear5,1,73,sitka-spruce,1224.636474609375,9.3632020950317383,6.4487366676330566,2.9144630432128906,0.80367106199264526,0.082278706133365631,0.6819077730178833,2,54.716098785400391,0.26236411929130554,0.032778035849332809,0.026222465559840202,55,226,23.692400000000003,0
thin0.40000000596046448_browse0.800000011920929_clear5,1,74,sitka-spruce,1837.1766357421875,9.9319820404052734,5.555121898651123,4.3768606185913086,0.7784990668296814,0.093956932425498962,0,0,59.398765563964844,0.26440989971160889,0.036648742854595184,0.028710346668958664,54,227,18.9846,0
thin0.40000000596046448_browse0.800000011920929_clear5,1,75,sitka-spruce,1193.8770751953125,9.0688972473144531,5.661562442779541,3.4073374271392822,1.0431299209594727,0.057912424206733704,0.024383582174777985,2,49.267364501953125,0.23554041981697083,2.3389149646391161E-05,0,52,231,23.9391,10
thin0.40000000596046448_browse0.800000011920929_clear5,1,76,sitka-spruce,1167.4012451171875,9.0731315612792969,5.3408341407775879,3.7322940826416016,1.351790189743042,0.071179784834384918,0,0,53.185230255126953,0.25432291626930237,0.012507240287959576,0.0093116853386163712,49,234,19.9859,0
thin0.40000000596046448_browse0.800000011920929_clear5,1,77,sitka-spruce,1027.152099609375,9.8935766220092773,5.9214916229248047,3.9720840454101563,0.65736156702041626,0.085765711963176727,2.4176249504089355,6,55.945968627929688,0.28073295950889587,0.022926289588212967,0.017405400052666664,49,240,29.020300000000002,0
thin0.40000000596046448_browse0.800000011920929_clear5,1,78,sitka-spruce,416.01007080078125,5.6898789405822754,3.6584959030151367,2.0313825607299805,0.75519883632659912,0.09202168881893158,1.994562029838562,7,56.7626838684082,0.29408586025238037,0.029152378439903259,0.021928619593381882,53,243,32.2102,0
thin0.40000000596046448_browse0.800000011920929_clear5,1,79,sitka-spruce,428.37969970703125,5.5438294410705566,3.6070313453674316,1.9367988109588623,0.76073199510574341,0.082809261977672577,0.68419140577316284,4,58.84197998046875,0.29888957738876343,0.032865848392248154,0.024415845051407814,55,245,28.9892,0
thin0.40000000596046448_browse0.800000011920929_clear5,1,80,sitka-spruce,1075.4716796875,8.7771224975585938,5.7856016159057617,2.9915227890014648,0.85481125116348267,0.047738362103700638,0.093225352466106415,1,50.475303649902344,0.26581186056137085,4.7342205107270274E-06,0,54,247,24.6556,9
thin0.40000000596046448_browse0.800000011920929_clear5,1,81,sitka-spruce,429.99191284179688,5.22518253326416,3.2912149429321289,1.9339674711227417,0.7390143871307373,0.063086740672588348,1.6876084804534912,5,51.276809692382813,0.2746465802192688,0.011195204220712185,0.0078054461628198624,58,248,31.474300000000003,0
thin0.40000000596046448_browse0.800000011920929_clear5,1,82,sitka-spruce,1630.2647705078125,9.3585395812988281,5.9874272346496582,3.3711142539978027,0.957660436630249,0.068371690809726715,1.4321920871734619,3,54.806011199951172,0.27697405219078064,0.018489282578229904,0.012674044817686081,58,251,31.303800000000003,0
thin0.40000000596046448_browse0.800000011920929_clear5,1,83,sitka-spruce,1074.7679443359375,8.0419473648071289,5.1879162788391113,2.8540310859680176,0.90704411268234253,0.078404411673545837,0.52486258745193481,2,58.483615875244141,0.27571189403533936,0.022880397737026215,0.015484748408198357,57,254,28.2743,0
thin0.40000000596046448_browse0.800000011920929_clear5,1,84,sitka-spruce,430.02224731445313,4.7696919441223145,2.8613185882568359,1.9083724021911621,0.84842312335968018,0.082059994339942932,0.44906696677207947,4,59.965385437011719,0.27350541949272156,0.025579039007425308,0.016898838803172112,59,256,33.1177,0
thin0.40000000596046448_browse0.800000011920929_clear5,1,85,sitka-spruce,1003.2703247070313,8.3404617309570313,5.3796710968017578,2.9607918262481689,0.96746981143951416,0.052691899240016937,4.0868806838989258,7,49.867271423339844,0.26227939128875732,2.5927156457328238E-05,0,49,273,38.573,7
thin0.40000000596046448_browse0.800000011920929_clear5,1,86,sitka-spruce,979.74664306640625,8.3662099838256836,5.7583146095275879,2.6078953742980957,1.2436962127685547,0.0678219273686409,0.89777147769927979,2,53.416297912597656,0.28015926480293274,0.00965773593634367,0.0059836637228727341,43,281,24.3106,0
thin0.40000000596046448_browse0.800000011920929_clear5,1,87,sitka-spruce,956.86737060546875,8.55029296875,5.8809285163879395,2.6693651676177979,0.88010472059249878,0.08280627429485321,0.4270477294921875,1,57.907264709472656,0.29651513695716858,0.015892429277300835,0.00968718808144331,41,284,21.1053,0
thin0.40000000596046448_browse0.800000011920929_clear5,1,88,sitka-spruce,382.74697875976563,4.82064962387085,3.1809182167053223,1.6397304534912109,0.81979906558990479,0.089951232075691223,1.6443854570388794,4,58.534049987792969,0.30434587597846985,0.019638236612081528,0.011818623170256615,45,284,19.6145,0
thin0.40000000596046448_browse0.800000011920929_clear5,1,89,sitka-spruce,929.0919189453125,8.360133171081543,5.2679986953735352,3.092134952545166,0.52772939205169678,0.081564255058765411,1.8370718955993652,5,61.355682373046875,0.31397834420204163,0.021748768165707588,0.012852163054049015,44,290,28.2105,0
thin0.40000000596046448_browse0.800000011920929_clear5,1,90,sitka-spruce,903.6065673828125,8.5423030853271484,5.6461200714111328,2.8961834907531738,0.82224184274673462,0.063118673861026764,0.6624600887298584,2,55.234809875488281,0.29530817270278931,0.00076790299499407411,6.5755673858802766E-05,40,296,23.713800000000003,7
thin0.40000000596046448_browse0.800000011920929_clear5,1,91,sitka-spruce,903.6065673828125,8.3465299606323242,5.2436108589172363,3.102919340133667,0.7735525369644165,0.076746344566345215,1.7068629264831543,4,57.921257019042969,0.30896440148353577,0.0082139298319816589,0.0039752158336341381,42,298,25.6994,0
thin0.40000000596046448_browse0.800000011920929_clear5,1,92,sitka-spruce,884.693115234375,8.2837924957275391,4.988001823425293,3.295790433883667,0.70540857315063477,0.090857930481433868,4.381007194519043,8,57.731983184814453,0.32064247131347656,0.012933296151459217,0.006455717608332634,45,303,33.2763,0
thin0.40000000596046448_browse0.800000011920929_clear5,1,93,sitka-spruce,356.43630981445313,4.564326286315918,2.9273021221160889,1.6370234489440918,0.66850680112838745,0.090949185192584991,0.67127001285552979,2,59.228561401367188,0.32469865679740906,0.015698039904236794,0.0079547641798853874,42,308,25.1096,0
thin0.40000000596046448_browse0.800000011920929_clear5,1,94,sitka-spruce,346.3394775390625,4.4896039962768555,2.8973872661590576,1.5922178030014038,0.57321262359619141,0.07603338360786438,0.50598114728927612,3,60.970722198486328,0.329829603433609,0.017056996002793312,0.0087738456204533577,39,314,24.682000000000002,0
thin0.40000000596046448_browse0.800000011920929_clear5,1,95,sitka-spruce,346.3394775390625,4.2705459594726563,2.8147952556610107,1.4557507038116455,0.51201522350311279,0.045236416161060333,1.4967324733734131,3,51.308631896972656,0.28549918532371521,4.2356484186711896E-07,0,41,315,21.709600000000002,8
thin0.40000000596046448_browse0.800000011920929_clear5,1,96,sitka-spruce,1252.188232421875,9.5701236724853516,6.3254499435424805,3.2446763515472412,0.42344823479652405,0.047156672924757004,0.97030836343765259,2,56.193168640136719,0.30324664711952209,0.006376778706908226,0.00301669305190444,37,321,23.9895,0
thin0.40000000596046448_browse0.800000011920929_clear5,1,97,sitka-spruce,333.91696166992188,4.4806170463562012,2.8977913856506348,1.5828266143798828,0.736484169960022,0.066852062940597534,0.86255043745040894,4,57.425071716308594,0.31428071856498718,0.010260604321956635,0.0047485437244176865,39,323,22.819200000000002,0
thin0.40000000596046448_browse0.800000011920929_clear5,1,98,sitka-spruce,323.51885986328125,4.5632133483886719,3.0432608127593994,1.5199527740478516,0.89233148097991943,0.067982114851474762,1.4353377819061279,2,58.072681427001953,0.32279762625694275,0.014157400466501713,0.0065804463811218739,36,328,24.824,0
thin0.40000000596046448_browse0.800000011920929_clear5,1,99,sitka-spruce,1213.1956787109375,9.4859390258789063,6.200650691986084,3.2852866649627686,0.76215416193008423,0.064146578311920166,1.2710294723510742,4,62.176006317138672,0.32826036214828491,0.016134396195411682,0.0075742979533970356,38,330,22.8324,0
thin0.40000000596046448_browse0.800000011920929_clear5,1,100,sitka-spruce,782.0836181640625,8.4445810317993164,5.6583352088928223,2.7862462997436523,0.696023166179657,0.052533704787492752,2.6616697311401367,7,54.09521484375,0.29530701041221619,9.2170768766663969E-05,0,40,335,29.880300000000002,8
thin0.60000002384185791_browse0_clear0,0,1,sitka-spruce,180.627197265625,2.3341326713562012,2.3341326713562012,0,0,0,0,0,2.3341331481933594,0.15362063050270081,0.13082265853881836,0.09150230884552002,134,0,74.789700000000011,0
thin0.60000002384185791_browse0_clear0,0,2,sitka-spruce,137.00523376464844,1.808189868927002,1.808189868927002,0,0.023135019466280937,0,0,0,4.11918830871582,0.15327435731887817,0.12845729291439056,0.091494008898735046,134,0,55.7532,0
thin0.60000002384185791_browse0_clear0,0,3,sitka-spruce,490.90802001953125,5.1451425552368164,5.1451425552368164,0,0.027956068515777588,0,0,0,9.2363748550415039,0.15229779481887817,0.12637072801589966,0.091643683612346649,134,0,54.784800000000004,0
thin0.60000002384185791_browse0_clear0,0,4,sitka-spruce,252.00164794921875,3.1079609394073486,3.1079609394073486,0,0.077297113835811615,0,0,0,12.267037391662598,0.15119737386703491,0.12486601620912552,0.091892451047897339,134,0,55.1815,0
thin0.60000002384185791_browse0_clear0,0,5,sitka-spruce,305.25326538085938,3.596811056137085,3.596811056137085,0,0.098876118659973145,0,0,0,15.764972686767578,0.15088309347629547,0.12382980436086655,0.0925477147102356,134,0,54.424400000000006,0
thin0.60000002384185791_browse0_clear0,0,6,sitka-spruce,892.92962646484375,7.186622142791748,7.186622142791748,0,0.12450476735830307,0,0,0,22.827089309692383,0.15133999288082123,0.12337178736925125,0.0935974270105362,134,0,55.6319,0
thin0.60000002384185791_browse0_clear0,0,7,sitka-spruce,1021.4639282226563,7.726931095123291,7.726931095123291,0,0.19946280121803284,0,0,0,30.354557037353516,0.15281444787979126,0.12333664298057556,0.094948947429656982,134,0,54.7,0
thin0.60000002384185791_browse0_clear0,0,8,sitka-spruce,1725.52880859375,9.2084550857543945,8.2278804779052734,0.980575680732727,0.24906335771083832,0,0,0,38.3333740234375,0.15516047179698944,0.12343522906303406,0.096416831016540527,134,0,55.5469,0
thin0.60000002384185791_browse0_clear0,0,9,sitka-spruce,512.3380126953125,5.54224157333374,3.4273593425750732,2.1148817539215088,0.29870420694351196,0,0,0,41.462028503417969,0.15806823968887329,0.12356700748205185,0.097861729562282562,134,0,53.9742,0
thin0.60000002384185791_browse0_clear0,0,10,sitka-spruce,565.55914306640625,6.0132789611816406,2.3977217674255371,3.6155564785003662,0.30760195851325989,0,0,0,43.552150726318359,0.16126474738121033,0.1235663965344429,0.099211551249027252,134,0,50.613600000000005,0
thin0.60000002384185791_browse0_clear0,0,11,sitka-spruce,563.72137451171875,6.1055693626403809,1.74955153465271,4.35601806640625,0.32126420736312866,0,0,0,44.980438232421875,0.16450111567974091,0.12339374423027039,0.10043645650148392,134,0,47.4157,0
thin0.60000002384185791_browse0_clear0,0,12,sitka-spruce,1408.656982421875,9.4214572906494141,1.8615537881851196,7.5599021911621094,0.33368098735809326,0,0,0,46.508308410644531,0.16760832071304321,0.12304726243019104,0.10149148106575012,134,0,46.577200000000005,0
thin0.60000002384185791_browse0_clear0,0,13,sitka-spruce,1411.3460693359375,9.5500173568725586,1.4950660467147827,8.0549507141113281,0.38934263586997986,0,1.0925420522689819,6,46.521492004394531,0.17044630646705627,0.12252124398946762,0.10234875231981277,140,0,51.968,0
thin0.60000002384185791_browse0_clear0,0,14,sitka-spruce,566.45025634765625,6.2826595306396484,2.0377931594848633,4.244865894317627,0.43603560328483582,0,1.3218026161193848,8,46.801445007324219,0.17817762494087219,0.11217904835939407,0.093223646283149719,148,0,53.511900000000004,0
thin0.60000002384185791_browse0_clear0,0,15,sitka-spruce,2133.976806640625,10.39573860168457,2.8761537075042725,7.519585132598877,0.4268975555896759,0,2.4559171199798584,7,46.794784545898438,0.1895260363817215,0.0964115634560585,0.0745893195271492,155,0,53.701,0
thin0.60000002384185791_browse0_clear0,0,16,sitka-spruce,572.24066162109375,6.2166142463684082,2.2441756725311279,3.9724388122558594,0.47536048293113708,0,3.902167797088623,12,44.661434173583984,0.2027093768119812,0.080780595541000366,0.0590863861143589,167,0,59.1265,0
thin0.60000002384185791_browse0_clear0,0,17,sitka-spruce,575.5784912109375,5.8791995048522949,4.1657576560974121,1.7134417295455933,0.59685766696929932,0,0.38061565160751343,1,47.849716186523438,0.22325928509235382,0.058067016303539276,0.040968306362628937,168,0,47.8873,0
thin0.60000002384185791_browse0_clear0,0,18,sitka-spruce,1448.8935546875,8.7039165496826172,3.0460371971130371,5.657874584197998,0.56194913387298584,0,3.927464485168457,6,46.406341552734375,0.2376287579536438,0.045022062957286835,0.030729465186595917,174,0,57.308,0
thin0.60000002384185791_browse0_clear0,0,19,sitka-spruce,583.87841796875,5.496518611907959,2.0781643390655518,3.4183545112609863,0.58053809404373169,0,7.2747735977172852,12,40.629192352294922,0.251382052898407,0.032041203230619431,0.02110864594578743,186,0,75.5498,0
thin0.60000002384185791_browse0_clear0,0,20,sitka-spruce,588.18328857421875,4.938326358795166,3.7433881759643555,1.1949384212493896,0.72586226463317871,0,2.67238187789917,8,40.974338531494141,0.25863108038902283,0.021080020815134048,0.012068156152963638,193,1,76.249400000000009,0
thin0.60000002384185791_browse0_clear0,0,21,sitka-spruce,1481.739013671875,6.5211338996887207,5.629767894744873,0.89136660099029541,0.67096090316772461,0,1.5427809953689575,4,44.390361785888672,0.25532710552215576,0.012742751277983189,0.0066374861635267735,197,1,55.6982,0
thin0.60000002384185791_browse0_clear0,0,22,sitka-spruce,2250.15673828125,6.4611129760742188,4.48087215423584,1.9802398681640625,0.90471899509429932,0,2.6185283660888672,7,45.347988128662109,0.24900732934474945,0.0070085134357213974,0.003650617552921176,203,2,78.3476,0
thin0.60000002384185791_browse0_clear0,0,23,sitka-spruce,1523.9774169921875,5.5626101493835449,3.6932418346405029,1.8693678379058838,1.1832953691482544,0,1.0973677635192871,3,46.760566711425781,0.24038104712963104,0.0038546824362128973,0.0020078397355973721,204,4,74.349600000000009,0
thin0.60000002384185791_browse0_clear0,0,24,sitka-spruce,1544.6519775390625,5.2785420417785645,2.9590332508087158,2.3195095062255859,1.5979139804840088,0,0.74436074495315552,3,47.377326965332031,0.23022498190402985,0.0021200752817094326,0.0011043119011446834,206,5,76.795,0
thin0.60000002384185791_browse0_clear0,0,25,sitka-spruce,2342.223876953125,5.4499735832214355,2.35638689994812,3.0935871601104736,2.1328034400939941,0,0.99856102466583252,3,46.602348327636719,0.22099952399730682,0.001166041474789381,0.00060737150488421321,205,9,76.3103,0
thin0.60000002384185791_browse0_clear0,0,26,sitka-spruce,1575.5933837890625,4.9891877174377441,1.7110778093338013,3.2781102657318115,2.0809957981109619,0,1.4470494985580444,4,44.785381317138672,0.20634795725345612,0.0010805237106978893,0.00033405434805899858,203,15,79.062400000000011,0
thin0.60000002384185791_browse0_clear0,0,27,sitka-spruce,633.7723388671875,3.4214565753936768,1.5167784690856934,1.9046776294708252,2.265277624130249,0,1.1282253265380859,2,42.908657073974609,0.19524970650672913,0.0034856132697314024,0.0025211365427821875,199,21,75.83850000000001,0
thin0.60000002384185791_browse0_clear0,0,28,sitka-spruce,1605.2894287109375,5.1222877502441406,2.4417440891265869,2.6805441379547119,2.7788219451904297,0,0.59229493141174316,2,41.979282379150391,0.1894867867231369,0.0050971680320799351,0.0039783986285328865,196,26,82.4195,0
thin0.60000002384185791_browse0_clear0,0,29,sitka-spruce,1631.2269287109375,5.0342278480529785,2.6267068386077881,2.4075212478637695,2.6652595996856689,0,1.3228355646133423,3,40.617893218994141,0.18495303392410278,0.0061170975677669048,0.0049177012406289577,195,30,84.6349,0
thin0.60000002384185791_browse0_clear0,0,30,sitka-spruce,2445.08349609375,5.4231152534484863,2.9274377822875977,2.4956774711608887,2.5766463279724121,0,0.3397749662399292,1,40.628910064697266,0.17868922650814056,0.0074538849294185638,0.005428933072835207,187,39,71.6491,0
thin0.60000002384185791_browse0_clear0,0,31,sitka-spruce,2475.460205078125,5.5970649719238281,2.3324837684631348,3.2645812034606934,2.0231530666351318,0,1.1690831184387207,3,39.769157409667969,0.17703138291835785,0.0083055160939693451,0.0057054152712225914,184,45,74.497700000000009,0
thin0.60000002384185791_browse0_clear0,0,32,sitka-spruce,1670.5377197265625,5.344548225402832,2.5271806716918945,2.8173666000366211,1.7475396394729614,0,0.40450987219810486,1,40.144290924072266,0.17438735067844391,0.0087712667882442474,0.0057519678957760334,179,51,69.279,0
thin0.60000002384185791_browse0_clear0,0,33,sitka-spruce,670.8560791015625,3.8222253322601318,2.1316835880279541,1.6905423402786255,1.8845181465148926,0,0.52097702026367188,2,39.870479583740234,0.17645116150379181,0.0078100194223225117,0.0048981565050780773,174,58,69.9558,0
thin0.60000002384185791_browse0_clear0,0,34,sitka-spruce,666.06292724609375,4.0365114212036133,2.0809392929077148,1.9555715322494507,2.0851171016693115,0,0.87588721513748169,3,38.990413665771484,0.18361538648605347,0.0070197596214711666,0.0042414320632815361,168,67,67.7826,0
thin0.60000002384185791_browse0_clear0,0,35,sitka-spruce,669.0355224609375,4.2380776405334473,2.2508511543273926,1.9872266054153442,1.7262660264968872,0,0.74968945980072021,2,38.765308380126953,0.18729676306247711,0.0089445961639285088,0.006331002339720726,161,76,63.3605,0
thin0.60000002384185791_browse0_clear0,0,36,sitka-spruce,664.1063232421875,4.4847855567932129,2.5996553897857666,1.8851295709609985,1.614165186882019,0,1.8956196308135986,4,37.855178833007813,0.189317524433136,0.0137238884344697,0.01090818177908659,156,85,64.045200000000008,0
thin0.60000002384185791_browse0_clear0,0,37,sitka-spruce,659.66314697265625,4.6606440544128418,3.1723625659942627,1.4882813692092896,1.5054666996002197,0,0.53285562992095947,3,38.989219665527344,0.19064074754714966,0.017032908275723457,0.012992007657885551,149,95,61.469100000000005,0
thin0.60000002384185791_browse0_clear0,0,38,sitka-spruce,658.68817138671875,5.17444372177124,3.2185328006744385,1.9559102058410645,1.1367199420928955,0,0.67821395397186279,4,40.392818450927734,0.1974242776632309,0.019305940717458725,0.013968345709145069,143,105,60.6403,0
thin0.60000002384185791_browse0_clear0,0,39,sitka-spruce,1642.2445068359375,7.597379207611084,4.4430909156799316,3.1542870998382568,1.3039990663528442,0,2.4751031398773193,7,41.056808471679688,0.20328262448310852,0.021622681990265846,0.015044708736240864,143,112,67.3473,0
thin0.60000002384185791_browse0_clear0,0,40,sitka-spruce,649.38299560546875,5.3719654083251953,3.0809354782104492,2.2910287380218506,1.154386043548584,0,0.60725373029708862,1,42.376102447509766,0.20538501441478729,0.02398160845041275,0.016966555267572403,135,121,58.6441,0
thin0.60000002384185791_browse0_clear0,0,41,sitka-spruce,1585.6856689453125,8.18177318572998,3.4878580570220947,4.6939153671264648,1.043561577796936,0,1.1782248020172119,4,43.642173767089844,0.20320059359073639,0.030297165736556053,0.023068303242325783,127,133,57.5762,0
thin0.60000002384185791_browse0_clear0,0,42,sitka-spruce,1617.7288818359375,8.0426006317138672,3.2713048458099365,4.7712955474853516,1.0349209308624268,0,3.2454020977020264,6,42.633155822753906,0.19476795196533203,0.036975931376218796,0.029716789722442627,130,136,55.2126,0
thin0.60000002384185791_browse0_clear0,0,43,sitka-spruce,1598.844970703125,8.4801645278930664,3.6253244876861572,4.8548412322998047,0.99047207832336426,0,1.221570611000061,4,44.046436309814453,0.19622553884983063,0.040036462247371674,0.031587094068527222,122,148,53.4682,0
thin0.60000002384185791_browse0_clear0,0,44,sitka-spruce,1588.4141845703125,8.8820333480834961,3.5713620185852051,5.3106718063354492,1.303147554397583,0,1.130250096321106,3,45.184402465820313,0.19895511865615845,0.0437883622944355,0.032786913216114044,116,157,49.758900000000004,0
thin0.60000002384185791_browse0_clear0,0,45,sitka-spruce,1570.7833251953125,9.072880744934082,3.8494911193847656,5.2233896255493164,0.90872418880462646,0,1.8619949817657471,10,46.263175964355469,0.20229852199554443,0.046332694590091705,0.032875128090381622,120,163,58.3722,0
thin0.60000002384185791_browse0_clear0,0,46,sitka-spruce,633.03863525390625,6.3075671195983887,3.3557357788085938,2.9518303871154785,0.82926315069198608,0,1.3218846321105957,6,47.4677619934082,0.20875278115272522,0.045907001942396164,0.031316645443439484,117,172,59.8481,0
thin0.60000002384185791_browse0_clear0,0,47,sitka-spruce,1589.4273681640625,9.0519866943359375,4.29216194152832,4.7598271369934082,0.74676674604415894,0,2.2208950519561768,4,48.792263031005859,0.21615584194660187,0.043584495782852173,0.028618725016713142,113,180,49.2573,0
thin0.60000002384185791_browse0_clear0,0,48,sitka-spruce,629.923828125,6.173499584197998,2.0773100852966309,4.0961894989013672,0.69947189092636108,0,0.98894357681274414,6,49.181156158447266,0.21907693147659302,0.043130669742822647,0.028526356443762779,109,190,51.976400000000005,0
thin0.60000002384185791_browse0_clear0,0,49,sitka-spruce,624.62567138671875,6.310950756072998,2.13370418548584,4.177248477935791,0.81279569864273071,0,2.9132232666015625,5,47.588844299316406,0.21826471388339996,0.044774167239665985,0.029831157997250557,100,204,56.6054,0
thin0.60000002384185791_browse0_clear0,0,50,sitka-spruce,2321.975830078125,9.8402738571167,3.2313730716705322,6.6089015007019043,0.70803636312484741,0,2.8887789249420166,6,47.2234001159668,0.21680866181850433,0.047183588147163391,0.033063068985939026,97,213,53.686800000000005,0
thin0.60000002384185791_browse0_clear0,0,51,sitka-spruce,611.595947265625,6.4720859527587891,2.8027486801147461,3.6693370342254639,1.1002498865127563,0,1.4252437353134155,3,47.500656127929688,0.22086815536022186,0.047631662338972092,0.034153711050748825,92,221,39.4938,0
thin0.60000002384185791_browse0_clear0,0,52,sitka-spruce,2297.130615234375,9.8735933303833,3.7774264812469482,6.0961694717407227,0.89026093482971191,0,4.6219196319580078,7,45.765903472900391,0.22380316257476807,0.045325722545385361,0.032664425671100616,96,224,44.6852,0
thin0.60000002384185791_browse0_clear0,0,53,sitka-spruce,1510.0303955078125,9.24261474609375,4.3866348266601563,4.8559794425964355,1.1450076103210449,0,1.6324529647827148,3,47.375076293945313,0.22700320184230804,0.044452443718910217,0.032529179006814957,86,237,42.6045,0
thin0.60000002384185791_browse0_clear0,0,54,sitka-spruce,604.28509521484375,6.1266841888427734,2.1960127353668213,3.9306714534759521,1.0564442873001099,0,2.1099417209625244,8,46.404705047607422,0.22767838835716248,0.042750537395477295,0.032019432634115219,91,240,45.2385,0
thin0.60000002384185791_browse0_clear0,0,55,sitka-spruce,1502.761474609375,9.04800796508789,4.0768003463745117,4.9712071418762207,1.1228996515274048,0,1.1690552234649658,5,48.189548492431641,0.22904612123966217,0.042265325784683228,0.031778678297996521,84,252,43.5991,0
thin0.60000002384185791_browse0_clear0,0,56,sitka-spruce,598.0885009765625,6.1062526702880859,2.3549613952636719,3.7512905597686768,1.1457881927490234,0,1.755258321762085,7,47.643463134765625,0.23330707848072052,0.041380975395441055,0.031572155654430389,84,259,44.498200000000004,0
thin0.60000002384185791_browse0_clear0,0,57,sitka-spruce,1483.9207763671875,8.910822868347168,3.7469549179077148,5.1638708114624023,1.2136305570602417,0,0.715766966342926,4,49.461021423339844,0.23728741705417633,0.039792634546756744,0.030714236199855804,79,268,39.844,0
thin0.60000002384185791_browse0_clear0,0,58,sitka-spruce,2243.2353515625,9.4852199554443359,3.1363184452056885,6.348900318145752,1.3238608837127686,0,5.0617814064025879,12,46.211696624755859,0.23930267989635468,0.039606627076864243,0.029724447056651115,89,270,50.8271,0
thin0.60000002384185791_browse0_clear0,0,59,sitka-spruce,1479.7044677734375,8.7711591720581055,3.7076168060302734,5.0635433197021484,1.6147847175598145,0,1.7990392446517944,6,46.5054931640625,0.242455393075943,0.038692116737365723,0.0291343592107296,78,287,50.0477,0
thin0.60000002384185791_browse0_clear0,0,60,sitka-spruce,1462.1947021484375,8.9123048782348633,4.019172191619873,4.8931312561035156,1.4539304971694946,0,1.5366964340209961,5,47.534034729003906,0.24641628563404083,0.037650022655725479,0.028213521465659142,75,295,50.632200000000005,0
thin0.60000002384185791_browse0_clear0,0,61,sitka-spruce,2148.85693359375,9.844996452331543,4.2691202163696289,5.5758776664733887,1.1599727869033813,0,2.2302455902099609,5,48.412937164306641,0.25633186101913452,0.035787805914878845,0.027062706649303436,72,303,38.6672,0
thin0.60000002384185791_browse0_clear0,0,62,sitka-spruce,1408.2493896484375,9.1631402969360352,3.7971677780151367,5.36597204208374,1.1479867696762085,0,2.047339916229248,5,49.014778137207031,0.26452377438545227,0.034047279506921768,0.025802254676818848,70,310,36.9806,0
thin0.60000002384185791_browse0_clear0,0,63,sitka-spruce,1409.103515625,8.9008293151855469,3.7252757549285889,5.1755528450012207,1.0756852626800537,0,3.45865797996521,7,48.205711364746094,0.26591363549232483,0.032989293336868286,0.025596514344215393,74,313,39.784600000000005,0
thin0.60000002384185791_browse0_clear0,0,64,sitka-spruce,558.3692626953125,5.8931155204772949,3.275390625,2.6177246570587158,1.0178432464599609,0,1.9093225002288818,4,48.553936004638672,0.26931068301200867,0.03223823755979538,0.025292633101344109,66,325,37.8545,0
thin0.60000002384185791_browse0_clear0,0,65,sitka-spruce,557.339111328125,5.7463655471801758,2.8776698112487793,2.868694543838501,0.91685914993286133,0,1.7792353630065918,5,48.735511779785156,0.27117562294006348,0.031118448823690414,0.024960150942206383,66,330,34.595800000000004,0
thin0.60000002384185791_browse0_clear0,0,66,sitka-spruce,547.1285400390625,5.66143274307251,2.8850455284118652,2.7763886451721191,0.7599453330039978,0,1.1296831369400024,3,49.730930328369141,0.27560737729072571,0.029794188216328621,0.024526869878172874,62,337,33.383,0
thin0.60000002384185791_browse0_clear0,0,67,sitka-spruce,1363.547119140625,8.2679929733276367,3.6718597412109375,4.5961308479309082,0.72408521175384521,0,0.845294177532196,3,51.833408355712891,0.27656444907188416,0.028165550902485847,0.0239655002951622,63,339,31.3305,0
thin0.60000002384185791_browse0_clear0,0,68,sitka-spruce,1347.3660888671875,8.4023723602294922,3.499006986618042,4.9033656120300293,1.1799190044403076,0,2.6174144744873047,4,51.535083770751953,0.279744416475296,0.026665979996323586,0.023278940469026566,61,345,33.0773,0
thin0.60000002384185791_browse0_clear0,0,69,sitka-spruce,534.900634765625,5.316652774810791,2.1883614063262939,3.1282894611358643,1.4746706485748291,0,1.9996496438980103,8,50.249126434326172,0.28120115399360657,0.025340992957353592,0.0224715955555439,64,350,40.5388,0
thin0.60000002384185791_browse0_clear0,0,70,sitka-spruce,517.2940673828125,5.4650297164916992,3.2086906433105469,2.2563395500183105,1.3676720857620239,0,5.0985298156738281,9,46.991611480712891,0.28702288866043091,0.024856647476553917,0.021525420248508453,63,360,46.0568,0
thin0.60000002384185791_browse0_clear0,0,71,sitka-spruce,507.38507080078125,5.5312786102294922,3.3208658695220947,2.2104134559631348,1.4220181703567505,0,0.94737786054611206,6,47.943084716796875,0.29390767216682434,0.024082498624920845,0.0207197442650795,59,370,38.778600000000004,0
thin0.60000002384185791_browse0_clear0,0,72,sitka-spruce,1242.317626953125,8.6371927261352539,5.2930421829223633,3.3441488742828369,1.1981860399246216,0,2.1142427921295166,8,49.923698425292969,0.29944661259651184,0.023580346256494522,0.020009523257613182,60,377,42.047000000000004,0
thin0.60000002384185791_browse0_clear0,0,73,sitka-spruce,1218.2803955078125,8.1390581130981445,4.4325737953186035,3.7064855098724365,1.0961557626724243,0,0.72241270542144775,2,52.537700653076172,0.29834482073783875,0.022861620411276817,0.019052246585488319,58,381,30.439400000000003,0
thin0.60000002384185791_browse0_clear0,0,74,sitka-spruce,1787.4864501953125,9.496063232421875,4.1355247497558594,5.3605389595031738,0.91125977039337158,0,0.47941911220550537,1,55.282550811767578,0.29974791407585144,0.023265331983566284,0.018458494916558266,51,389,28.944300000000002,0
thin0.60000002384185791_browse0_clear0,0,75,sitka-spruce,1172.056884765625,8.5037727355957031,3.0403988361358643,5.4633722305297852,0.84087240695953369,0,2.8894283771514893,7,54.592647552490234,0.30392423272132874,0.023018095642328262,0.01799427717924118,56,391,36.433,0
thin0.60000002384185791_browse0_clear0,0,76,sitka-spruce,1150.5052490234375,8.5887489318847656,3.4156107902526855,5.1731367111206055,0.98732507228851318,0,0.18977075815200806,1,56.831161499023438,0.31122231483459473,0.022085024043917656,0.017036156728863716,49,399,30.457700000000003,0
thin0.60000002384185791_browse0_clear0,0,77,sitka-spruce,1070.1781005859375,9.2852725982666016,3.52168345451355,5.7635889053344727,0.86948132514953613,0,3.1759052276611328,5,56.307460784912109,0.31947475671768188,0.022915702313184738,0.015817033126950264,50,403,31.325400000000002,0
thin0.60000002384185791_browse0_clear0,0,78,sitka-spruce,428.64950561523438,5.3345222473144531,2.1212787628173828,3.2132415771484375,0.81406688690185547,0,3.3987877368927,7,54.215885162353516,0.32073011994361877,0.022680109366774559,0.014658200554549694,54,406,36.4596,0
thin0.60000002384185791_browse0_clear0,0,79,sitka-spruce,432.08187866210938,5.1162199974060059,2.5641958713531494,2.5520238876342773,1.0913482904434204,0,1.3223434686660767,4,54.366386413574219,0.32060706615448,0.020946493372321129,0.01358100026845932,54,410,33.754200000000004,0
thin0.60000002384185791_browse0_clear0,0,80,sitka-spruce,1081.6451416015625,8.4499788284301758,4.466249942779541,3.983729362487793,0.96194100379943848,0,2.4103214740753174,4,55.460372924804688,0.31981635093688965,0.019820941612124443,0.012518705800175667,52,416,32.9744,0
thin0.60000002384185791_browse0_clear0,0,81,sitka-spruce,420.71197509765625,5.0907020568847656,2.7016696929931641,2.389030933380127,0.89907348155975342,0,4.0580530166625977,7,53.204917907714844,0.32284536957740784,0.018748292699456215,0.011492464691400528,51,424,38.437400000000004,0
thin0.60000002384185791_browse0_clear0,0,82,sitka-spruce,1544.7357177734375,9.6865530014038086,5.9461517333984375,3.7404012680053711,0.75375831127166748,0,1.0921401977539063,4,57.305171966552734,0.32388603687286377,0.018857106566429138,0.01129542663693428,47,432,34.0765,0
thin0.60000002384185791_browse0_clear0,0,83,sitka-spruce,1043.2481689453125,8.1065311431884766,3.8125832080841064,4.2939481735229492,1.0479199886322021,0,2.9697878360748291,8,57.100048065185547,0.31941041350364685,0.01774270087480545,0.010737627744674683,55,432,30.555200000000003,0
thin0.60000002384185791_browse0_clear0,0,84,sitka-spruce,404.17324829101563,4.8956456184387207,2.7499384880065918,2.1457083225250244,1.204318642616272,0,3.5510244369506836,9,55.094642639160156,0.32266557216644287,0.01693061925470829,0.0099332872778177261,51,445,44.156200000000005,0
thin0.60000002384185791_browse0_clear0,0,85,sitka-spruce,985.6666259765625,8.4079904556274414,5.0065512657165527,3.4014394283294678,1.0124881267547607,0,1.0878050327301025,4,58.000900268554688,0.32694137096405029,0.016399998217821121,0.0089215599000453949,45,455,34.0006,0
thin0.60000002384185791_browse0_clear0,0,86,sitka-spruce,967.06640625,8.3213787078857422,4.271235466003418,4.0501422882080078,1.3885537385940552,0,2.1882927417755127,6,58.695289611816406,0.33153960108757019,0.015426046214997768,0.0077776801772415638,46,460,32.6394,0
thin0.60000002384185791_browse0_clear0,0,87,sitka-spruce,968.15618896484375,7.9720549583435059,3.4579381942749023,4.5141167640686035,1.2925636768341064,0,2.3156750202178955,6,58.544990539550781,0.33377644419670105,0.012659264728426933,0.0048363558016717434,49,463,33.6188,0
thin0.60000002384185791_browse0_clear0,0,88,sitka-spruce,375.15011596679688,4.7465629577636719,2.2116141319274902,2.5349488258361816,0.96472418308258057,0,1.7582513093948364,6,58.033626556396484,0.3383089005947113,0.011868043802678585,0.0045256796292960644,45,473,36.3116,0
thin0.60000002384185791_browse0_clear0,0,89,sitka-spruce,937.87530517578125,7.8810310363769531,3.5112574100494385,4.3697733879089355,0.86007559299468994,0,1.8209826946258545,6,58.863826751708984,0.34126153588294983,0.0095871156081557274,0.0039832484908401966,47,477,34.0552,0
thin0.60000002384185791_browse0_clear0,0,90,sitka-spruce,911.8800048828125,8.1441812515258789,3.2611672878265381,4.8830137252807617,1.071897029876709,0,0.52576553821563721,4,60.5273323059082,0.342107355594635,0.010158704593777657,0.0040491572581231594,42,486,32.8879,0
thin0.60000002384185791_browse0_clear0,0,91,sitka-spruce,887.69970703125,8.1496200561523438,3.1319506168365479,5.0176687240600586,0.89047086238861084,0,1.3878597021102905,5,61.380950927734375,0.3480621874332428,0.010144902393221855,0.0038207261823117733,42,491,30.951900000000002,0
thin0.60000002384185791_browse0_clear0,0,92,sitka-spruce,897.6561279296875,7.7032828330993652,2.5637390613555908,5.1395435333251953,1.1344907283782959,0,1.1637768745422363,5,61.64642333984375,0.347819983959198,0.0096761146560311317,0.0033929317723959684,46,492,29.575200000000002,0
thin0.60000002384185791_browse0_clear0,0,93,sitka-spruce,342.6339111328125,4.5425209999084473,1.6381443738937378,2.9043776988983154,1.3369337320327759,0,2.1654179096221924,7,59.7822151184082,0.3517221212387085,0.009408031590282917,0.0028119613416492939,43,502,38.940000000000005,0
thin0.60000002384185791_browse0_clear0,0,94,sitka-spruce,342.6339111328125,4.310727596282959,2.0033631324768066,2.307363748550415,1.4490351676940918,0,1.8078064918518066,4,58.528736114501953,0.35226047039031982,0.0080365724861621857,0.001556917792186141,43,506,30.2039,0
thin0.60000002384185791_browse0_clear0,0,95,sitka-spruce,331.37210083007813,4.5015301704406738,2.2343783378601074,2.2671513557434082,0.76234322786331177,0,4.1007165908813477,6,55.900054931640625,0.35676470398902893,0.0089727817103266716,0.0021157944574952126,41,514,35.272,0
thin0.60000002384185791_browse0_clear0,0,96,sitka-spruce,1256.543701171875,9.0085248947143555,4.4695730209350586,4.5389547348022461,0.670138955116272,0,3.5799050331115723,6,56.119583129882813,0.35456964373588562,0.0091712474822998047,0.0022899669129401445,44,517,34.107600000000005,0
thin0.60000002384185791_browse0_clear0,0,97,sitka-spruce,322.1044921875,4.371706485748291,2.4967296123504639,1.8749767541885376,0.738623857498169,0,1.6090394258499146,5,56.268650054931641,0.36047461628913879,0.0089286975562572479,0.0022208825685083866,39,527,32.215900000000005,0
thin0.60000002384185791_browse0_clear0,0,98,sitka-spruce,325.2984619140625,4.254155158996582,2.66007137298584,1.594084620475769,0.64805585145950317,0,2.8090965747833252,8,55.4715690612793,0.36158245801925659,0.0084077576175332069,0.0019946640823036432,43,531,34.3391,0
thin0.60000002384185791_browse0_clear0,0,99,sitka-spruce,1165.2923583984375,9.521245002746582,6.3363208770751953,3.184922456741333,0.4678996205329895,0,1.6642882823944092,5,59.675701141357422,0.36852926015853882,0.0082086771726608276,0.0017184318276122212,38,541,34.211600000000004,0
thin0.60000002384185791_browse0_clear0,0,100,sitka-spruce,780.3251953125,7.6440300941467285,4.6211776733398438,3.0228519439697266,0.48305809497833252,0,3.6045246124267578,8,60.209297180175781,0.36816349625587463,0.0077339969575405121,0.0014487722655758262,44,543,36.463100000000004,0
thin0.60000002384185791_browse0_clear0,1,1,sitka-spruce,180.627197265625,2.3341326713562012,2.3341326713562012,0,0,0,0,0,2.3341331481933594,0.15362063050270081,0.13082265853881836,0.09150230884552002,134,0,64.6142,0
thin0.60000002384185791_browse0_clear0,1,2,sitka-spruce,137.00523376464844,1.808189868927002,1.808189868927002,0,0.023135019466280937,0,0,0,4.11918830871582,0.15327435731887817,0.12845729291439056,0.091494008898735046,134,0,57.522800000000004,0
thin0.60000002384185791_browse0_clear0,1,3,sitka-spruce,490.90802001953125,5.1451425552368164,5.1451425552368164,0,0.027956068515777588,0,0,0,9.2363748550415039,0.15229779481887817,0.12637072801589966,0.091643683612346649,134,0,71.394500000000008,0
thin0.60000002384185791_browse0_clear0,1,4,sitka-spruce,252.00164794921875,3.1079609394073486,3.1079609394073486,0,0.077297113835811615,0,0,0,12.267037391662598,0.15119737386703491,0.12486601620912552,0.091892451047897339,134,0,57.824200000000005,0
thin0.60000002384185791_browse0_clear0,1,5,sitka-spruce,305.25326538085938,3.596811056137085,3.596811056137085,0,0.098876118659973145,0,0,0,15.764972686767578,0.15088309347629547,0.12382980436086655,0.0925477147102356,134,0,57.398,0
thin0.60000002384185791_browse0_clear0,1,6,sitka-spruce,892.92962646484375,7.186622142791748,7.186622142791748,0,0.12450476735830307,0,0,0,22.827089309692383,0.15133999288082123,0.12337178736925125,0.0935974270105362,134,0,56.2605,0
thin0.60000002384185791_browse0_clear0,1,7,sitka-spruce,1021.4639282226563,7.726931095123291,7.726931095123291,0,0.19946280121803284,0,0,0,30.354557037353516,0.15281444787979126,0.12333664298057556,0.094948947429656982,134,0,56.5377,0
thin0.60000002384185791_browse0_clear0,1,8,sitka-spruce,1725.52880859375,9.2084550857543945,8.2278804779052734,0.980575680732727,0.24906335771083832,0,0,0,38.3333740234375,0.15516047179698944,0.12343522906303406,0.096416831016540527,134,0,55.216,0
thin0.60000002384185791_browse0_clear0,1,9,sitka-spruce,512.3380126953125,5.54224157333374,3.4273593425750732,2.1148817539215088,0.29870420694351196,0,0,0,41.462028503417969,0.15806823968887329,0.12356700748205185,0.097861729562282562,134,0,55.4664,0
thin0.60000002384185791_browse0_clear0,1,10,sitka-spruce,565.55914306640625,6.0132789611816406,2.3977217674255371,3.6155564785003662,0.30760195851325989,0,0,0,43.552150726318359,0.16126474738121033,0.1235663965344429,0.099211551249027252,134,0,51.8059,0
thin0.60000002384185791_browse0_clear0,1,11,sitka-spruce,563.72137451171875,6.1055693626403809,1.74955153465271,4.35601806640625,0.32126420736312866,0,0,0,44.980438232421875,0.16450111567974091,0.12339374423027039,0.10043645650148392,134,0,48.193000000000005,0
thin0.60000002384185791_browse0_clear0,1,12,sitka-spruce,1408.656982421875,9.4214572906494141,1.8615537881851196,7.5599021911621094,0.33368098735809326,0,0,0,46.508308410644531,0.16760832071304321,0.12304726243019104,0.10149148106575012,134,0,45.273700000000005,0
thin0.60000002384185791_browse0_clear0,1,13,sitka-spruce,1411.3460693359375,9.5500173568725586,1.4950660467147827,8.0549507141113281,0.38934263586997986,0,1.0925420522689819,6,46.521492004394531,0.17044630646705627,0.12252124398946762,0.10234875231981277,140,0,50.554100000000005,0
thin0.60000002384185791_browse0_clear0,1,14,sitka-spruce,566.45025634765625,6.2826595306396484,2.0377931594848633,4.244865894317627,0.43603560328483582,0,1.3218026161193848,8,46.801445007324219,0.17817762494087219,0.11217904835939407,0.093223646283149719,148,0,54.2196,0
thin0.60000002384185791_browse0_clear0,1,15,sitka-spruce,2133.976806640625,10.39573860168457,2.8761537075042725,7.519585132598877,0.4268975555896759,0,2.4559171199798584,7,46.794784545898438,0.1895260363817215,0.0964115634560585,0.0745893195271492,155,0,53.2424,0
thin0.60000002384185791_browse0_clear0,1,16,sitka-spruce,572.24066162109375,6.2166142463684082,2.2441756725311279,3.9724388122558594,0.47536048293113708,0,3.902167797088623,12,44.661434173583984,0.2027093768119812,0.080780595541000366,0.0590863861143589,167,0,60.14,0
thin0.60000002384185791_browse0_clear0,1,17,sitka-spruce,575.5784912109375,5.8791995048522949,4.1657576560974121,1.7134417295455933,0.59685766696929932,0,0.38061565160751343,1,47.849716186523438,0.22325928509235382,0.058067016303539276,0.040968306362628937,168,0,46.8983,0
thin0.60000002384185791_browse0_clear0,1,18,sitka-spruce,1448.8935546875,8.7039165496826172,3.0460371971130371,5.657874584197998,0.56194913387298584,0,3.927464485168457,6,46.406341552734375,0.2376287579536438,0.045022062957286835,0.030729465186595917,174,0,54.9549,0
thin0.60000002384185791_browse0_clear0,1,19,sitka-spruce,583.87841796875,5.496518611907959,2.0781643390655518,3.4183545112609863,0.58053809404373169,0,7.2747735977172852,12,40.629192352294922,0.251382052898407,0.032041203230619431,0.02110864594578743,186,0,72.3392,0
thin0.60000002384185791_browse0_clear0,1,20,sitka-spruce,588.18328857421875,4.938326358795166,3.7433881759643555,1.1949384212493896,0.72586226463317871,0,2.67238187789917,8,40.974338531494141,0.25863108038902283,0.021080020815134048,0.012068156152963638,193,1,76.1297,0
thin0.60000002384185791_browse0_clear0,1,21,sitka-spruce,1481.739013671875,6.5211338996887207,5.629767894744873,0.89136660099029541,0.67096090316772461,0,1.5427809953689575,4,44.390361785888672,0.25532710552215576,0.012742751277983189,0.0066374861635267735,197,1,57.644800000000004,0
thin0.60000002384185791_browse0_clear0,1,22,sitka-spruce,2250.15673828125,6.4611129760742188,4.48087215423584,1.9802398681640625,0.90471899509429932,0,2.6185283660888672,7,45.347988128662109,0.24900732934474945,0.0070085134357213974,0.003650617552921176,203,2,77.403,0
thin0.60000002384185791_browse0_clear0,1,23,sitka-spruce,1523.9774169921875,5.5626101493835449,3.6932418346405029,1.8693678379058838,1.1832953691482544,0,1.0973677635192871,3,46.760566711425781,0.24038104712963104,0.0038546824362128973,0.0020078397355973721,204,4,73.6742,0
thin0.60000002384185791_browse0_clear0,1,24,sitka-spruce,1544.6519775390625,5.2785420417785645,2.9590332508087158,2.3195095062255859,1.5979139804840088,0,0.74436074495315552,3,47.377326965332031,0.23022498190402985,0.0021200752817094326,0.0011043119011446834,206,5,75.1049,0
thin0.60000002384185791_browse0_clear0,1,25,sitka-spruce,2342.223876953125,5.4499735832214355,2.35638689994812,3.0935871601104736,2.1328034400939941,0,0.99856102466583252,3,46.602348327636719,0.22099952399730682,0.001166041474789381,0.00060737150488421321,205,9,77.0539,0
thin0.60000002384185791_browse0_clear0,1,26,sitka-spruce,1575.5933837890625,4.9891877174377441,1.7110778093338013,3.2781102657318115,2.0809957981109619,0,1.4470494985580444,4,44.785381317138672,0.20634795725345612,0.0010805237106978893,0.00033405434805899858,203,15,77.315,0
thin0.60000002384185791_browse0_clear0,1,27,sitka-spruce,633.7723388671875,3.4214565753936768,1.5167784690856934,1.9046776294708252,2.265277624130249,0,1.1282253265380859,2,42.908657073974609,0.19524970650672913,0.0034856132697314024,0.0025211365427821875,199,21,75.2149,0
thin0.60000002384185791_browse0_clear0,1,28,sitka-spruce,1605.2894287109375,5.1222877502441406,2.4417440891265869,2.6805441379547119,2.7788219451904297,0,0.59229493141174316,2,41.979282379150391,0.1894867867231369,0.0050971680320799351,0.0039783986285328865,196,26,80.6344,0
thin0.60000002384185791_browse0_clear0,1,29,sitka-spruce,1631.2269287109375,5.0342278480529785,2.6267068386077881,2.4075212478637695,2.6652595996856689,0,1.3228355646133423,3,40.617893218994141,0.18495303392410278,0.0061170975677669048,0.0049177012406289577,195,30,80.921900000000008,0
thin0.60000002384185791_browse0_clear0,1,30,sitka-spruce,2445.08349609375,5.4231152534484863,2.9274377822875977,2.4956774711608887,2.5766463279724121,0,0.3397749662399292,1,40.628910064697266,0.17868922650814056,0.0074538849294185638,0.005428933072835207,187,39,72.40570000000001,0
thin0.60000002384185791_browse0_clear0,1,31,sitka-spruce,2475.460205078125,5.5970649719238281,2.3324837684631348,3.2645812034606934,2.0231530666351318,0,1.1690831184387207,3,39.769157409667969,0.17703138291835785,0.0083055160939693451,0.0057054152712225914,184,45,71.334600000000009,0
thin0.60000002384185791_browse0_clear0,1,32,sitka-spruce,1670.5377197265625,5.344548225402832,2.5271806716918945,2.8173666000366211,1.7475396394729614,0,0.40450987219810486,1,40.144290924072266,0.17438735067844391,0.0087712667882442474,0.0057519678957760334,179,51,67.311500000000009,0
thin0.60000002384185791_browse0_clear0,1,33,sitka-spruce,670.8560791015625,3.8222253322601318,2.1316835880279541,1.6905423402786255,1.8845181465148926,0,0.52097702026367188,2,39.870479583740234,0.17645116150379181,0.0078100194223225117,0.0048981565050780773,174,58,67.989,0
thin0.60000002384185791_browse0_clear0,1,34,sitka-spruce,666.06292724609375,4.0365114212036133,2.0809392929077148,1.9555715322494507,2.0851171016693115,0,0.87588721513748169,3,38.990413665771484,0.18361538648605347,0.0070197596214711666,0.0042414320632815361,168,67,65.8565,0
thin0.60000002384185791_browse0_clear0,1,35,sitka-spruce,669.0355224609375,4.2380776405334473,2.2508511543273926,1.9872266054153442,1.7262660264968872,0,0.74968945980072021,2,38.765308380126953,0.18729676306247711,0.0089445961639285088,0.006331002339720726,161,76,63.592600000000004,0
thin0.60000002384185791_browse0_clear0,1,36,sitka-spruce,664.1063232421875,4.4847855567932129,2.5996553897857666,1.8851295709609985,1.614165186882019,0,1.8956196308135986,4,37.855178833007813,0.189317524433136,0.0137238884344697,0.01090818177908659,156,85,62.673100000000005,0
thin0.60000002384185791_browse0_clear0,1,37,sitka-spruce,659.66314697265625,4.6606440544128418,3.1723625659942627,1.4882813692092896,1.5054666996002197,0,0.53285562992095947,3,38.989219665527344,0.19064074754714966,0.017032908275723457,0.012992007657885551,149,95,59.9399,0
thin0.60000002384185791_browse0_clear0,1,38,sitka-spruce,658.68817138671875,5.17444372177124,3.2185328006744385,1.9559102058410645,1.1367199420928955,0,0.67821395397186279,4,40.392818450927734,0.1974242776632309,0.019305940717458725,0.013968345709145069,143,105,59.3952,0
thin0.60000002384185791_browse0_clear0,1,39,sitka-spruce,1642.2445068359375,7.597379207611084,4.4430909156799316,3.1542870998382568,1.3039990663528442,0,2.4751031398773193,7,41.056808471679688,0.20328262448310852,0.021622681990265846,0.015044708736240864,143,112,66.267800000000008,0
thin0.60000002384185791_browse0_clear0,1,40,sitka-spruce,649.38299560546875,5.3719654083251953,3.0809354782104492,2.2910287380218506,1.154386043548584,0,0.60725373029708862,1,42.376102447509766,0.20538501441478729,0.02398160845041275,0.016966555267572403,135,121,57.3592,0
thin0.60000002384185791_browse0_clear0,1,41,sitka-spruce,1585.6856689453125,8.18177318572998,3.4878580570220947,4.6939153671264648,1.043561577796936,0,1.1782248020172119,4,43.642173767089844,0.20320059359073639,0.030297165736556053,0.023068303242325783,127,133,54.4866,0
thin0.60000002384185791_browse0_clear0,1,42,sitka-spruce,1617.7288818359375,8.0426006317138672,3.2713048458099365,4.7712955474853516,1.0349209308624268,0,3.2454020977020264,6,42.633155822753906,0.19476795196533203,0.036975931376218796,0.029716789722442627,130,136,52.569100000000006,0
thin0.60000002384185791_browse0_clear0,1,43,sitka-spruce,1598.844970703125,8.4801645278930664,3.6253244876861572,4.8548412322998047,0.99047207832336426,0,1.221570611000061,4,44.046436309814453,0.19622553884983063,0.040036462247371674,0.031587094068527222,122,148,55.7442,0
thin0.60000002384185791_browse0_clear0,1,44,sitka-spruce,1588.4141845703125,8.8820333480834961,3.5713620185852051,5.3106718063354492,1.303147554397583,0,1.130250096321106,3,45.184402465820313,0.19895511865615845,0.0437883622944355,0.032786913216114044,116,157,49.8566,0
thin0.60000002384185791_browse0_clear0,1,45,sitka-spruce,1570.7833251953125,9.072880744934082,3.8494911193847656,5.2233896255493164,0.90872418880462646,0,1.8619949817657471,10,46.263175964355469,0.20229852199554443,0.046332694590091705,0.032875128090381622,120,163,57.0305,0
thin0.60000002384185791_browse0_clear0,1,46,sitka-spruce,633.03863525390625,6.3075671195983887,3.3557357788085938,2.9518303871154785,0.82926315069198608,0,1.3218846321105957,6,47.4677619934082,0.20875278115272522,0.045907001942396164,0.031316645443439484,117,172,59.711400000000005,0
thin0.60000002384185791_browse0_clear0,1,47,sitka-spruce,1589.4273681640625,9.0519866943359375,4.29216194152832,4.7598271369934082,0.74676674604415894,0,2.2208950519561768,4,48.792263031005859,0.21615584194660187,0.043584495782852173,0.028618725016713142,113,180,49.651500000000006,0
thin0.60000002384185791_browse0_clear0,1,48,sitka-spruce,629.923828125,6.173499584197998,2.0773100852966309,4.0961894989013672,0.69947189092636108,0,0.98894357681274414,6,49.181156158447266,0.21907693147659302,0.043130669742822647,0.028526356443762779,109,190,51.465500000000006,0
thin0.60000002384185791_browse0_clear0,1,49,sitka-spruce,624.62567138671875,6.310950756072998,2.13370418548584,4.177248477935791,0.81279569864273071,0,2.9132232666015625,5,47.588844299316406,0.21826471388339996,0.044774167239665985,0.029831157997250557,100,204,56.0705,0
thin0.60000002384185791_browse0_clear0,1,50,sitka-spruce,2321.975830078125,9.8402738571167,3.2313730716705322,6.6089015007019043,0.70803636312484741,0,2.8887789249420166,6,47.2234001159668,0.21680866181850433,0.047183588147163391,0.033063068985939026,97,213,55.9074,0
thin0.60000002384185791_browse0_clear0,1,51,sitka-spruce,611.595947265625,6.4720859527587891,2.8027486801147461,3.6693370342254639,1.1002498865127563,0,1.4252437353134155,3,47.500656127929688,0.22086815536022186,0.047631662338972092,0.034153711050748825,92,221,42.825,0
thin0.60000002384185791_browse0_clear0,1,52,sitka-spruce,2297.130615234375,9.8735933303833,3.7774264812469482,6.0961694717407227,0.89026093482971191,0,4.6219196319580078,7,45.765903472900391,0.22380316257476807,0.045325722545385361,0.032664425671100616,96,224,46.1784,0
thin0.60000002384185791_browse0_clear0,1,53,sitka-spruce,1510.0303955078125,9.24261474609375,4.3866348266601563,4.8559794425964355,1.1450076103210449,0,1.6324529647827148,3,47.375076293945313,0.22700320184230804,0.044452443718910217,0.032529179006814957,86,237,42.406600000000005,0
thin0.60000002384185791_browse0_clear0,1,54,sitka-spruce,604.28509521484375,6.1266841888427734,2.1960127353668213,3.9306714534759521,1.0564442873001099,0,2.1099417209625244,8,46.404705047607422,0.22767838835716248,0.042750537395477295,0.032019432634115219,91,240,47.336600000000004,0
thin0.60000002384185791_browse0_clear0,1,55,sitka-spruce,1502.761474609375,9.04800796508789,4.0768003463745117,4.9712071418762207,1.1228996515274048,0,1.1690552234649658,5,48.189548492431641,0.22904612123966217,0.042265325784683228,0.031778678297996521,84,252,46.358900000000006,0
thin0.60000002384185791_browse0_clear0,1,56,sitka-spruce,598.0885009765625,6.1062526702880859,2.3549613952636719,3.7512905597686768,1.1457881927490234,0,1.755258321762085,7,47.643463134765625,0.23330707848072052,0.041380975395441055,0.031572155654430389,84,259,44.9518,0
thin0.60000002384185791_browse0_clear0,1,57,sitka-spruce,1483.9207763671875,8.910822868347168,3.7469549179077148,5.1638708114624023,1.2136305570602417,0,0.715766966342926,4,49.461021423339844,0.23728741705417633,0.039792634546756744,0.030714236199855804,79,268,41.097100000000005,0
thin0.60000002384185791_browse0_clear0,1,58,sitka-spruce,2243.2353515625,9.4852199554443359,3.1363184452056885,6.348900318145752,1.3238608837127686,0,5.0617814064025879,12,46.211696624755859,0.23930267989635468,0.039606627076864243,0.029724447056651115,89,270,51.209700000000005,0
thin0.60000002384185791_browse0_clear0,1,59,sitka-spruce,1479.7044677734375,8.7711591720581055,3.7076168060302734,5.0635433197021484,1.6147847175598145,0,1.7990392446517944,6,46.5054931640625,0.242455393075943,0.038692116737365723,0.0291343592107296,78,287,52.1052,0
thin0.60000002384185791_browse0_clear0,1,60,sitka-spruce,1462.1947021484375,8.9123048782348633,4.019172191619873,4.8931312561035156,1.4539304971694946,0,1.5366964340209961,5,47.534034729003906,0.24641628563404083,0.037650022655725479,0.028213521465659142,75,295,51.4254,0
thin0.60000002384185791_browse0_clear0,1,61,sitka-spruce,2148.85693359375,9.844996452331543,4.2691202163696289,5.5758776664733887,1.1599727869033813,0,2.2302455902099609,5,48.412937164306641,0.25633186101913452,0.035787805914878845,0.027062706649303436,72,303,39.630700000000004,0
thin0.60000002384185791_browse0_clear0,1,62,sitka-spruce,1408.2493896484375,9.1631402969360352,3.7971677780151367,5.36597204208374,1.1479867696762085,0,2.047339916229248,5,49.014778137207031,0.26452377438545227,0.034047279506921768,0.025802254676818848,70,310,38.095,0
thin0.60000002384185791_browse0_clear0,1,63,sitka-spruce,1409.103515625,8.9008293151855469,3.7252757549285889,5.1755528450012207,1.0756852626800537,0,3.45865797996521,7,48.205711364746094,0.26591363549232483,0.032989293336868286,0.025596514344215393,74,313,42.081,0
thin0.60000002384185791_browse0_clear0,1,64,sitka-spruce,558.3692626953125,5.8931155204772949,3.275390625,2.6177246570587158,1.0178432464599609,0,1.9093225002288818,4,48.553936004638672,0.26931068301200867,0.03223823755979538,0.025292633101344109,66,325,38.6946,0
thin0.60000002384185791_browse0_clear0,1,65,sitka-spruce,557.339111328125,5.7463655471801758,2.8776698112487793,2.868694543838501,0.91685914993286133,0,1.7792353630065918,5,48.735511779785156,0.27117562294006348,0.031118448823690414,0.024960150942206383,66,330,37.4313,0
thin0.60000002384185791_browse0_clear0,1,66,sitka-spruce,547.1285400390625,5.66143274307251,2.8850455284118652,2.7763886451721191,0.7599453330039978,0,1.1296831369400024,3,49.730930328369141,0.27560737729072571,0.029794188216328621,0.024526869878172874,62,337,33.060500000000005,0
thin0.60000002384185791_browse0_clear0,1,67,sitka-spruce,1363.547119140625,8.2679929733276367,3.6718597412109375,4.5961308479309082,0.72408521175384521,0,0.845294177532196,3,51.833408355712891,0.27656444907188416,0.028165550902485847,0.0239655002951622,63,339,30.6917,0
thin0.60000002384185791_browse0_clear0,1,68,sitka-spruce,1347.3660888671875,8.4023723602294922,3.499006986618042,4.9033656120300293,1.1799190044403076,0,2.6174144744873047,4,51.535083770751953,0.279744416475296,0.026665979996323586,0.023278940469026566,61,345,33.9852,0
thin0.60000002384185791_browse0_clear0,1,69,sitka-spruce,534.900634765625,5.316652774810791,2.1883614063262939,3.1282894611358643,1.4746706485748291,0,1.9996496438980103,8,50.249126434326172,0.28120115399360657,0.025340992957353592,0.0224715955555439,64,350,39.8733,0
thin0.60000002384185791_browse0_clear0,1,70,sitka-spruce,517.2940673828125,5.4650297164916992,3.2086906433105469,2.2563395500183105,1.3676720857620239,0,5.0985298156738281,9,46.991611480712891,0.28702288866043091,0.024856647476553917,0.021525420248508453,63,360,47.774,0
thin0.60000002384185791_browse0_clear0,1,71,sitka-spruce,507.38507080078125,5.5312786102294922,3.3208658695220947,2.2104134559631348,1.4220181703567505,0,0.94737786054611206,6,47.943084716796875,0.29390767216682434,0.024082498624920845,0.0207197442650795,59,370,40.3391,0
thin0.60000002384185791_browse0_clear0,1,72,sitka-spruce,1242.317626953125,8.6371927261352539,5.2930421829223633,3.3441488742828369,1.1981860399246216,0,2.1142427921295166,8,49.923698425292969,0.29944661259651184,0.023580346256494522,0.020009523257613182,60,377,40.9119,0
thin0.60000002384185791_browse0_clear0,1,73,sitka-spruce,1218.2803955078125,8.1390581130981445,4.4325737953186035,3.7064855098724365,1.0961557626724243,0,0.72241270542144775,2,52.537700653076172,0.29834482073783875,0.022861620411276817,0.019052246585488319,58,381,31.136300000000002,0
thin0.60000002384185791_browse0_clear0,1,74,sitka-spruce,1787.4864501953125,9.496063232421875,4.1355247497558594,5.3605389595031738,0.91125977039337158,0,0.47941911220550537,1,55.282550811767578,0.29974791407585144,0.023265331983566284,0.018458494916558266,51,389,28.564500000000002,0
thin0.60000002384185791_browse0_clear0,1,75,sitka-spruce,1172.056884765625,8.5037727355957031,3.0403988361358643,5.4633722305297852,0.84087240695953369,0,2.8894283771514893,7,54.592647552490234,0.30392423272132874,0.023018095642328262,0.01799427717924118,56,391,34.1507,0
thin0.60000002384185791_browse0_clear0,1,76,sitka-spruce,1150.5052490234375,8.5887489318847656,3.4156107902526855,5.1731367111206055,0.98732507228851318,0,0.18977075815200806,1,56.831161499023438,0.31122231483459473,0.022085024043917656,0.017036156728863716,49,399,28.4269,0
thin0.60000002384185791_browse0_clear0,1,77,sitka-spruce,1070.1781005859375,9.2852725982666016,3.52168345451355,5.7635889053344727,0.86948132514953613,0,3.1759052276611328,5,56.307460784912109,0.31947475671768188,0.022915702313184738,0.015817033126950264,50,403,31.0763,0
thin0.60000002384185791_browse0_clear0,1,78,sitka-spruce,428.64950561523438,5.3345222473144531,2.1212787628173828,3.2132415771484375,0.81406688690185547,0,3.3987877368927,7,54.215885162353516,0.32073011994361877,0.022680109366774559,0.014658200554549694,54,406,35.6024,0
thin0.60000002384185791_browse0_clear0,1,79,sitka-spruce,432.08187866210938,5.1162199974060059,2.5641958713531494,2.5520238876342773,1.0913482904434204,0,1.3223434686660767,4,54.366386413574219,0.32060706615448,0.020946493372321129,0.01358100026845932,54,410,33.0563,0
thin0.60000002384185791_browse0_clear0,1,80,sitka-spruce,1081.6451416015625,8.4499788284301758,4.466249942779541,3.983729362487793,0.96194100379943848,0,2.4103214740753174,4,55.460372924804688,0.31981635093688965,0.019820941612124443,0.012518705800175667,52,416,34.0628,0
thin0.60000002384185791_browse0_clear0,1,81,sitka-spruce,420.71197509765625,5.0907020568847656,2.7016696929931641,2.389030933380127,0.89907348155975342,0,4.0580530166625977,7,53.204917907714844,0.32284536957740784,0.018748292699456215,0.011492464691400528,51,424,38.3573,0
thin0.60000002384185791_browse0_clear0,1,82,sitka-spruce,1544.7357177734375,9.6865530014038086,5.9461517333984375,3.7404012680053711,0.75375831127166748,0,1.0921401977539063,4,57.305171966552734,0.32388603687286377,0.018857106566429138,0.01129542663693428,47,432,31.311700000000002,0
thin0.60000002384185791_browse0_clear0,1,83,sitka-spruce,1043.2481689453125,8.1065311431884766,3.8125832080841064,4.2939481735229492,1.0479199886322021,0,2.9697878360748291,8,57.100048065185547,0.31941041350364685,0.01774270087480545,0.010737627744674683,55,432,31.577,0
thin0.60000002384185791_browse0_clear0,1,84,sitka-spruce,404.17324829101563,4.8956456184387207,2.7499384880065918,2.1457083225250244,1.204318642616272,0,3.5510244369506836,9,55.094642639160156,0.32266557216644287,0.01693061925470829,0.0099332872778177261,51,445,42.0568,0
thin0.60000002384185791_browse0_clear0,1,85,sitka-spruce,985.6666259765625,8.4079904556274414,5.0065512657165527,3.4014394283294678,1.0124881267547607,0,1.0878050327301025,4,58.000900268554688,0.32694137096405029,0.016399998217821121,0.0089215599000453949,45,455,33.8377,0
thin0.60000002384185791_browse0_clear0,1,86,sitka-spruce,967.06640625,8.3213787078857422,4.271235466003418,4.0501422882080078,1.3885537385940552,0,2.1882927417755127,6,58.695289611816406,0.33153960108757019,0.015426046214997768,0.0077776801772415638,46,460,33.2141,0
thin0.60000002384185791_browse0_clear0,1,87,sitka-spruce,968.15618896484375,7.9720549583435059,3.4579381942749023,4.5141167640686035,1.2925636768341064,0,2.3156750202178955,6,58.544990539550781,0.33377644419670105,0.012659264728426933,0.0048363558016717434,49,463,33.2999,0
thin0.60000002384185791_browse0_clear0,1,88,sitka-spruce,375.15011596679688,4.7465629577636719,2.2116141319274902,2.5349488258361816,0.96472418308258057,0,1.7582513093948364,6,58.033626556396484,0.3383089005947113,0.011868043802678585,0.0045256796292960644,45,473,36.8967,0
thin0.60000002384185791_browse0_clear0,1,89,sitka-spruce,937.87530517578125,7.8810310363769531,3.5112574100494385,4.3697733879089355,0.86007559299468994,0,1.8209826946258545,6,58.863826751708984,0.34126153588294983,0.0095871156081557274,0.0039832484908401966,47,477,32.7697,0
thin0.60000002384185791_browse0_clear0,1,90,sitka-spruce,911.8800048828125,8.1441812515258789,3.2611672878265381,4.8830137252807617,1.071897029876709,0,0.52576553821563721,4,60.5273323059082,0.342107355594635,0.010158704593777657,0.0040491572581231594,42,486,31.122600000000002,0
thin0.60000002384185791_browse0_clear0,1,91,sitka-spruce,887.69970703125,8.1496200561523438,3.1319506168365479,5.0176687240600586,0.89047086238861084,0,1.3878597021102905,5,61.380950927734375,0.3480621874332428,0.010144902393221855,0.0038207261823117733,42,491,32.5109,0
thin0.60000002384185791_browse0_clear0,1,92,sitka-spruce,897.6561279296875,7.7032828330993652,2.5637390613555908,5.1395435333251953,1.1344907283782959,0,1.1637768745422363,5,61.64642333984375,0.347819983959198,0.0096761146560311317,0.0033929317723959684,46,492,31.036800000000003,0
thin0.60000002384185791_browse0_clear0,1,93,sitka-spruce,342.6339111328125,4.5425209999084473,1.6381443738937378,2.9043776988983154,1.3369337320327759,0,2.1654179096221924,7,59.7822151184082,0.3517221212387085,0.009408031590282917,0.0028119613416492939,43,502,37.9195,0
thin0.60000002384185791_browse0_clear0,1,94,sitka-spruce,342.6339111328125,4.310727596282959,2.0033631324768066,2.307363748550415,1.4490351676940918,0,1.8078064918518066,4,58.528736114501953,0.35226047039031982,0.0080365724861621857,0.001556917792186141,43,506,31.4356,0
thin0.60000002384185791_browse0_clear0,1,95,sitka-spruce,331.37210083007813,4.5015301704406738,2.2343783378601074,2.2671513557434082,0.76234322786331177,0,4.1007165908813477,6,55.900054931640625,0.35676470398902893,0.0089727817103266716,0.0021157944574952126,41,514,34.097500000000004,0
thin0.60000002384185791_browse0_clear0,1,96,sitka-spruce,1256.543701171875,9.0085248947143555,4.4695730209350586,4.5389547348022461,0.670138955116272,0,3.5799050331115723,6,56.119583129882813,0.35456964373588562,0.0091712474822998047,0.0022899669129401445,44,517,34.0689,0
thin0.60000002384185791_browse0_clear0,1,97,sitka-spruce,322.1044921875,4.371706485748291,2.4967296123504639,1.8749767541885376,0.738623857498169,0,1.6090394258499146,5,56.268650054931641,0.36047461628913879,0.0089286975562572479,0.0022208825685083866,39,527,35.931200000000004,0
thin0.60000002384185791_browse0_clear0,1,98,sitka-spruce,325.2984619140625,4.254155158996582,2.66007137298584,1.594084620475769,0.64805585145950317,0,2.8090965747833252,8,55.4715690612793,0.36158245801925659,0.0084077576175332069,0.0019946640823036432,43,531,38.6637,0
thin0.60000002384185791_browse0_clear0,1,99,sitka-spruce,1165.2923583984375,9.521245002746582,6.3363208770751953,3.184922456741333,0.4678996205329895,0,1.6642882823944092,5,59.675701141357422,0.36852926015853882,0.0082086771726608276,0.0017184318276122212,38,541,34.8208,0
thin0.60000002384185791_browse0_clear0,1,100,sitka-spruce,780.3251953125,7.6440300941467285,4.6211776733398438,3.0228519439697266,0.48305809497833252,0,3.6045246124267578,8,60.209297180175781,0.36816349625587463,0.0077339969575405121,0.0014487722655758262,44,543,36.293,0
thin0.60000002384185791_browse0_clear1,0,1,sitka-spruce,180.627197265625,2.3341326713562012,2.3341326713562012,0,0,0,0,0,2.3341331481933594,0.12058307230472565,0,0,134,0,63.4864,14
thin0.60000002384185791_browse0_clear1,0,2,sitka-spruce,137.00523376464844,1.808189868927002,1.808189868927002,0,0.023135019466280937,0,0,0,4.11918830871582,0.13137996196746826,0.0384015291929245,0.02792818658053875,134,0,56.035900000000005,0
thin0.60000002384185791_browse0_clear1,0,3,sitka-spruce,490.90802001953125,5.1451425552368164,5.1451425552368164,0,0.027956068515777588,0,0,0,9.2363748550415039,0.13811576366424561,0.064905345439910889,0.047702658921480179,134,0,69.3542,0
thin0.60000002384185791_browse0_clear1,0,4,sitka-spruce,252.00164794921875,3.1079609394073486,3.1079609394073486,0,0.077297113835811615,0,0,0,12.267037391662598,0.14224675297737122,0.083298482000827789,0.06167902797460556,134,0,54.5351,0
thin0.60000002384185791_browse0_clear1,0,5,sitka-spruce,305.25326538085938,3.596811056137085,3.596811056137085,0,0.098876118659973145,0,0,0,15.764972686767578,0.14531108736991882,0.096024960279464722,0.071815513074398041,134,0,57.0319,0
thin0.60000002384185791_browse0_clear1,0,6,sitka-spruce,892.92962646484375,7.186622142791748,7.186622142791748,0,0.12450476735830307,0,0,0,22.827089309692383,0.14790606498718262,0.10501190274953842,0.079345904290676117,134,0,56.1237,0
thin0.60000002384185791_browse0_clear1,0,7,sitka-spruce,1021.4639282226563,7.726931095123291,7.726931095123291,0,0.19946280121803284,0,0,0,30.354557037353516,0.15069621801376343,0.11141239106655121,0.085095793008804321,134,0,57.084900000000005,0
thin0.60000002384185791_browse0_clear1,0,8,sitka-spruce,1725.52880859375,9.2084550857543945,8.2278804779052734,0.980575680732727,0.24906335771083832,0,0,0,38.3333740234375,0.153834730386734,0.11587710678577423,0.089592665433883667,134,0,57.2244,0
thin0.60000002384185791_browse0_clear1,0,9,sitka-spruce,512.3380126953125,5.54224157333374,3.4273593425750732,2.1148817539215088,0.29870420694351196,0,0,0,41.462028503417969,0.15722659230232239,0.11894369125366211,0.093132644891738892,134,0,54.1773,0
thin0.60000002384185791_browse0_clear1,0,10,sitka-spruce,565.55914306640625,6.0132789611816406,2.3977217674255371,3.6155564785003662,0.30760195851325989,0,0,0,43.552150726318359,0.16072037816047668,0.12076601386070251,0.095927491784095764,134,0,51.327600000000004,0
thin0.60000002384185791_browse0_clear1,0,11,sitka-spruce,563.72137451171875,6.1055693626403809,1.74955153465271,4.35601806640625,0.32126420736312866,0,0,0,44.980438232421875,0.16413642466068268,0.12168283760547638,0.098152086138725281,134,0,48.5765,0
thin0.60000002384185791_browse0_clear1,0,12,sitka-spruce,1408.656982421875,9.4214572906494141,1.8615537881851196,7.5599021911621094,0.33368098735809326,0,0,0,46.508308410644531,0.16735668480396271,0.12199664860963821,0.099900379776954651,134,0,46.0679,0
thin0.60000002384185791_browse0_clear1,0,13,sitka-spruce,1411.3460693359375,9.5500173568725586,1.4950660467147827,8.0549507141113281,0.38934263586997986,0,1.0925420522689819,6,46.521492004394531,0.17027217149734497,0.12187273055315018,0.10123935341835022,140,0,52.714000000000006,0
thin0.60000002384185791_browse0_clear1,0,14,sitka-spruce,566.45025634765625,6.2826595306396484,2.0377931594848633,4.244865894317627,0.43603560328483582,0,1.3218026161193848,8,46.801445007324219,0.17805573344230652,0.11178343743085861,0.092476673424243927,148,0,53.9724,0
thin0.60000002384185791_browse0_clear1,0,15,sitka-spruce,2133.976806640625,10.39573860168457,2.8761537075042725,7.519585132598877,0.4268975555896759,0,2.4559171199798584,7,46.794784545898438,0.18944071233272552,0.096180349588394165,0.074165359139442444,155,0,54.780300000000004,0
thin0.60000002384185791_browse0_clear1,0,16,sitka-spruce,572.24066162109375,6.2166142463684082,2.2441756725311279,3.9724388122558594,0.47536048293113708,0,3.902167797088623,12,44.661434173583984,0.20264963805675507,0.0806438997387886,0.058853209018707275,167,0,61.656200000000005,0
thin0.60000002384185791_browse0_clear1,0,17,sitka-spruce,575.5784912109375,5.8791995048522949,4.1657576560974121,1.7134417295455933,0.59685766696929932,0,0.38061565160751343,1,47.849716186523438,0.22321747243404388,0.057991828769445419,0.040840055793523788,168,0,47.9058,0
thin0.60000002384185791_browse0_clear1,0,18,sitka-spruce,1448.8935546875,8.7039165496826172,3.0460371971130371,5.657874584197998,0.56194913387298584,0,3.927464485168457,6,46.406341552734375,0.23760403692722321,0.044980708509683609,0.03065892867743969,174,0,55.644000000000005,0
thin0.60000002384185791_browse0_clear1,0,19,sitka-spruce,583.87841796875,5.496518611907959,2.0781643390655518,3.4183545112609863,0.58053809404373169,0,7.2747735977172852,12,40.629192352294922,0.2513672411441803,0.032018460333347321,0.021069850772619247,186,0,73.4632,0
thin0.60000002384185791_browse0_clear1,0,20,sitka-spruce,588.18328857421875,4.938326358795166,3.7433881759643555,1.1949384212493896,0.72586226463317871,0,2.67238187789917,8,40.974338531494141,0.25862210988998413,0.021067513152956963,0.012046819552779198,193,1,76.054,0
thin0.60000002384185791_browse0_clear1,0,21,sitka-spruce,1481.739013671875,6.5211338996887207,5.629767894744873,0.89136660099029541,0.67096090316772461,0,1.5427809953689575,4,44.390361785888672,0.2553216814994812,0.012735870666801929,0.0066257505677640438,197,1,57.048700000000004,0
thin0.60000002384185791_browse0_clear1,0,22,sitka-spruce,2250.15673828125,6.4611129760742188,4.48087215423584,1.9802398681640625,0.90471899509429932,0,2.6185283660888672,7,45.347988128662109,0.24900414049625397,0.0070047290064394474,0.0036441627889871597,203,2,81.5138,0
thin0.60000002384185791_browse0_clear1,0,23,sitka-spruce,1523.9774169921875,5.5626101493835449,3.6932418346405029,1.8693678379058838,1.1832953691482544,0,1.0973677635192871,3,46.760566711425781,0.24037928879261017,0.0038526011630892754,0.0020042895339429379,204,4,75.6136,0
thin0.60000002384185791_browse0_clear1,0,24,sitka-spruce,1544.6519775390625,5.2785420417785645,2.9590332508087158,2.3195095062255859,1.5979139804840088,0,0.74436074495315552,3,47.377326965332031,0.23022401332855225,0.00211893068626523,0.0011023592669516802,206,5,77.766,0
thin0.60000002384185791_browse0_clear1,0,25,sitka-spruce,2342.223876953125,5.4499735832214355,2.35638689994812,3.0935871601104736,2.1328034400939941,0,0.99856102466583252,3,46.602348327636719,0.22099898755550385,0.001165411900728941,0.00060629763174802065,205,9,78.280200000000008,0
thin0.60000002384185791_browse0_clear1,0,26,sitka-spruce,1575.5933837890625,4.9891877174377441,1.7110778093338013,3.2781102657318115,2.0809957981109619,0,1.4470494985580444,4,44.785381317138672,0.20634765923023224,0.001080177491530776,0.00033346368581987917,203,15,79.13900000000001,0
thin0.60000002384185791_browse0_clear1,0,27,sitka-spruce,633.7723388671875,3.4214565753936768,1.5167784690856934,1.9046776294708252,2.265277624130249,0,1.1282253265380859,2,42.908657073974609,0.195249542593956,0.0034854228142648935,0.0025208117440342903,199,21,75.799900000000008,0
thin0.60000002384185791_browse0_clear1,0,28,sitka-spruce,1605.2894287109375,5.1222877502441406,2.4417440891265869,2.6805441379547119,2.7788219451904297,0,0.59229493141174316,2,41.979282379150391,0.18948669731616974,0.0050970632582902908,0.00397821981459856,196,26,80.6289,0
thin0.60000002384185791_browse0_clear1,0,29,sitka-spruce,1631.2269287109375,5.0342278480529785,2.6267068386077881,2.4075212478637695,2.6652595996856689,0,1.3228355646133423,3,40.617893218994141,0.184952974319458,0.0061170398257672787,0.0049176029860973358,195,30,83.156,0
thin0.60000002384185791_browse0_clear1,0,30,sitka-spruce,2445.08349609375,5.4231152534484863,2.9274377822875977,2.4956774711608887,2.5766463279724121,0,0.3397749662399292,1,40.628910064697266,0.17868919670581818,0.0074538532644510269,0.0054288790561258793,187,39,71.3598,0
thin0.60000002384185791_browse0_clear1,0,31,sitka-spruce,2475.460205078125,5.5970649719238281,2.3324837684631348,3.2645812034606934,2.0231530666351318,0,1.1690831184387207,3,39.769157409667969,0.17703136801719666,0.0083054983988404274,0.0057053854689002037,184,45,72.1476,0
thin0.60000002384185791_browse0_clear1,0,32,sitka-spruce,1670.5377197265625,5.344548225402832,2.5271806716918945,2.8173666000366211,1.7475396394729614,0,0.40450987219810486,1,40.144290924072266,0.17438733577728271,0.0087712565436959267,0.0057519515976309776,179,51,67.814900000000009,0
thin0.60000002384185791_browse0_clear1,0,33,sitka-spruce,670.8560791015625,3.8222253322601318,2.1316835880279541,1.6905423402786255,1.8845181465148926,0,0.52097702026367188,2,39.870479583740234,0.17645114660263062,0.0078100143000483513,0.0048981471918523312,174,58,68.339300000000009,0
thin0.60000002384185791_browse0_clear1,0,34,sitka-spruce,666.06292724609375,4.0365114212036133,2.0809392929077148,1.9555715322494507,2.0851171016693115,0,0.87588721513748169,3,38.990413665771484,0.18361537158489227,0.0070197568275034428,0.0042414269410073757,168,67,66.101300000000009,0
thin0.60000002384185791_browse0_clear1,0,35,sitka-spruce,669.0355224609375,4.2380776405334473,2.2508511543273926,1.9872266054153442,1.7262660264968872,0,0.74968945980072021,2,38.765308380126953,0.18729676306247711,0.00894459430128336,0.0063310000114142895,161,76,62.4131,0
thin0.60000002384185791_browse0_clear1,0,36,sitka-spruce,664.1063232421875,4.4847855567932129,2.5996553897857666,1.8851295709609985,1.614165186882019,0,1.8956196308135986,4,37.855178833007813,0.189317524433136,0.013723887503147125,0.010908179916441441,156,85,61.6657,0
thin0.60000002384185791_browse0_clear1,0,37,sitka-spruce,659.66314697265625,4.6606440544128418,3.1723625659942627,1.4882813692092896,1.5054666996002197,0,0.53285562992095947,3,38.989219665527344,0.19064074754714966,0.017032906413078308,0.012992006726562977,149,95,60.120900000000006,0
thin0.60000002384185791_browse0_clear1,0,38,sitka-spruce,658.68817138671875,5.17444372177124,3.2185328006744385,1.9559102058410645,1.1367199420928955,0,0.67821395397186279,4,40.392818450927734,0.1974242776632309,0.019305938854813576,0.013968345709145069,143,105,59.9857,0
thin0.60000002384185791_browse0_clear1,0,39,sitka-spruce,1642.2445068359375,7.597379207611084,4.4430909156799316,3.1542870998382568,1.3039990663528442,0,2.4751031398773193,7,41.056808471679688,0.20328262448310852,0.021622681990265846,0.015044708736240864,143,112,65.0937,0
thin0.60000002384185791_browse0_clear1,0,40,sitka-spruce,649.38299560546875,5.3719654083251953,3.0809354782104492,2.2910287380218506,1.154386043548584,0,0.60725373029708862,1,42.376102447509766,0.20538501441478729,0.02398160845041275,0.016966555267572403,135,121,59.774300000000004,0
thin0.60000002384185791_browse0_clear1,0,41,sitka-spruce,1585.6856689453125,8.18177318572998,3.4878580570220947,4.6939153671264648,1.043561577796936,0,1.1782248020172119,4,43.642173767089844,0.20320059359073639,0.030297165736556053,0.023068303242325783,127,133,53.2626,0
thin0.60000002384185791_browse0_clear1,0,42,sitka-spruce,1617.7288818359375,8.0426006317138672,3.2713048458099365,4.7712955474853516,1.0349209308624268,0,3.2454020977020264,6,42.633155822753906,0.19476795196533203,0.036975931376218796,0.029716789722442627,130,136,52.9544,0
thin0.60000002384185791_browse0_clear1,0,43,sitka-spruce,1598.844970703125,8.4801645278930664,3.6253244876861572,4.8548412322998047,0.99047207832336426,0,1.221570611000061,4,44.046436309814453,0.19622553884983063,0.040036462247371674,0.031587094068527222,122,148,54.194700000000005,0
thin0.60000002384185791_browse0_clear1,0,44,sitka-spruce,1588.4141845703125,8.8820333480834961,3.5713620185852051,5.3106718063354492,1.303147554397583,0,1.130250096321106,3,45.184402465820313,0.19895511865615845,0.0437883622944355,0.032786913216114044,116,157,48.2569,0
thin0.60000002384185791_browse0_clear1,0,45,sitka-spruce,1570.7833251953125,9.072880744934082,3.8494911193847656,5.2233896255493164,0.90872418880462646,0,1.8619949817657471,10,46.263175964355469,0.20229852199554443,0.046332694590091705,0.032875128090381622,120,163,56.947,0
thin0.60000002384185791_browse0_clear1,0,46,sitka-spruce,633.03863525390625,6.3075671195983887,3.3557357788085938,2.9518303871154785,0.82926315069198608,0,1.3218846321105957,6,47.4677619934082,0.20875278115272522,0.045907001942396164,0.031316645443439484,117,172,58.930600000000005,0
thin0.60000002384185791_browse0_clear1,0,47,sitka-spruce,1589.4273681640625,9.0519866943359375,4.29216194152832,4.7598271369934082,0.74676674604415894,0,2.2208950519561768,4,48.792263031005859,0.21615584194660187,0.043584495782852173,0.028618725016713142,113,180,49.174600000000005,0
thin0.60000002384185791_browse0_clear1,0,48,sitka-spruce,629.923828125,6.173499584197998,2.0773100852966309,4.0961894989013672,0.69947189092636108,0,0.98894357681274414,6,49.181156158447266,0.21907693147659302,0.043130669742822647,0.028526356443762779,109,190,51.8588,0
thin0.60000002384185791_browse0_clear1,0,49,sitka-spruce,624.62567138671875,6.310950756072998,2.13370418548584,4.177248477935791,0.81279569864273071,0,2.9132232666015625,5,47.588844299316406,0.21826471388339996,0.044774167239665985,0.029831157997250557,100,204,56.6413,0
thin0.60000002384185791_browse0_clear1,0,50,sitka-spruce,2321.975830078125,9.8402738571167,3.2313730716705322,6.6089015007019043,0.70803636312484741,0,2.8887789249420166,6,47.2234001159668,0.21680866181850433,0.047183588147163391,0.033063068985939026,97,213,54.4881,0
thin0.60000002384185791_browse0_clear1,0,51,sitka-spruce,611.595947265625,6.4720859527587891,2.8027486801147461,3.6693370342254639,1.1002498865127563,0,1.4252437353134155,3,47.500656127929688,0.22086815536022186,0.047631662338972092,0.034153711050748825,92,221,41.696400000000004,0
thin0.60000002384185791_browse0_clear1,0,52,sitka-spruce,2297.130615234375,9.8735933303833,3.7774264812469482,6.0961694717407227,0.89026093482971191,0,4.6219196319580078,7,45.765903472900391,0.22380316257476807,0.045325722545385361,0.032664425671100616,96,224,45.1709,0
thin0.60000002384185791_browse0_clear1,0,53,sitka-spruce,1510.0303955078125,9.24261474609375,4.3866348266601563,4.8559794425964355,1.1450076103210449,0,1.6324529647827148,3,47.375076293945313,0.22700320184230804,0.044452443718910217,0.032529179006814957,86,237,41.996700000000004,0
thin0.60000002384185791_browse0_clear1,0,54,sitka-spruce,604.28509521484375,6.1266841888427734,2.1960127353668213,3.9306714534759521,1.0564442873001099,0,2.1099417209625244,8,46.404705047607422,0.22767838835716248,0.042750537395477295,0.032019432634115219,91,240,44.3329,0
thin0.60000002384185791_browse0_clear1,0,55,sitka-spruce,1502.761474609375,9.04800796508789,4.0768003463745117,4.9712071418762207,1.1228996515274048,0,1.1690552234649658,5,48.189548492431641,0.22904612123966217,0.042265325784683228,0.031778678297996521,84,252,45.694900000000004,0
thin0.60000002384185791_browse0_clear1,0,56,sitka-spruce,598.0885009765625,6.1062526702880859,2.3549613952636719,3.7512905597686768,1.1457881927490234,0,1.755258321762085,7,47.643463134765625,0.23330707848072052,0.041380975395441055,0.031572155654430389,84,259,45.612,0
thin0.60000002384185791_browse0_clear1,0,57,sitka-spruce,1483.9207763671875,8.910822868347168,3.7469549179077148,5.1638708114624023,1.2136305570602417,0,0.715766966342926,4,49.461021423339844,0.23728741705417633,0.039792634546756744,0.030714236199855804,79,268,47.220800000000004,0
thin0.60000002384185791_browse0_clear1,0,58,sitka-spruce,2243.2353515625,9.4852199554443359,3.1363184452056885,6.348900318145752,1.3238608837127686,0,5.0617814064025879,12,46.211696624755859,0.23930267989635468,0.039606627076864243,0.029724447056651115,89,270,51.2045,0
thin0.60000002384185791_browse0_clear1,0,59,sitka-spruce,1479.7044677734375,8.7711591720581055,3.7076168060302734,5.0635433197021484,1.6147847175598145,0,1.7990392446517944,6,46.5054931640625,0.242455393075943,0.038692116737365723,0.0291343592107296,78,287,50.046600000000005,0
thin0.60000002384185791_browse0_clear1,0,60,sitka-spruce,1462.1947021484375,8.9123048782348633,4.019172191619873,4.8931312561035156,1.4539304971694946,0,1.5366964340209961,5,47.534034729003906,0.24641628563404083,0.037650022655725479,0.028213521465659142,75,295,51.8669,0
thin0.60000002384185791_browse0_clear1,0,61,sitka-spruce,2148.85693359375,9.844996452331543,4.2691202163696289,5.5758776664733887,1.1599727869033813,0,2.2302455902099609,5,48.412937164306641,0.25633186101913452,0.035787805914878845,0.027062706649303436,72,303,38.6684,0
thin0.60000002384185791_browse0_clear1,0,62,sitka-spruce,1408.2493896484375,9.1631402969360352,3.7971677780151367,5.36597204208374,1.1479867696762085,0,2.047339916229248,5,49.014778137207031,0.26452377438545227,0.034047279506921768,0.025802254676818848,70,310,38.141200000000005,0
thin0.60000002384185791_browse0_clear1,0,63,sitka-spruce,1409.103515625,8.9008293151855469,3.7252757549285889,5.1755528450012207,1.0756852626800537,0,3.45865797996521,7,48.205711364746094,0.26591363549232483,0.032989293336868286,0.025596514344215393,74,313,38.8921,0
thin0.60000002384185791_browse0_clear1,0,64,sitka-spruce,558.3692626953125,5.8931155204772949,3.275390625,2.6177246570587158,1.0178432464599609,0,1.9093225002288818,4,48.553936004638672,0.26931068301200867,0.03223823755979538,0.025292633101344109,66,325,39.7167,0
thin0.60000002384185791_browse0_clear1,0,65,sitka-spruce,557.339111328125,5.7463655471801758,2.8776698112487793,2.868694543838501,0.91685914993286133,0,1.7792353630065918,5,48.735511779785156,0.27117562294006348,0.031118448823690414,0.024960150942206383,66,330,35.405100000000004,0
thin0.60000002384185791_browse0_clear1,0,66,sitka-spruce,547.1285400390625,5.66143274307251,2.8850455284118652,2.7763886451721191,0.7599453330039978,0,1.1296831369400024,3,49.730930328369141,0.27560737729072571,0.029794188216328621,0.024526869878172874,62,337,33.1312,0
thin0.60000002384185791_browse0_clear1,0,67,sitka-spruce,1363.547119140625,8.2679929733276367,3.6718597412109375,4.5961308479309082,0.72408521175384521,0,0.845294177532196,3,51.833408355712891,0.27656444907188416,0.028165550902485847,0.0239655002951622,63,339,31.488000000000003,0
thin0.60000002384185791_browse0_clear1,0,68,sitka-spruce,1347.3660888671875,8.4023723602294922,3.499006986618042,4.9033656120300293,1.1799190044403076,0,2.6174144744873047,4,51.535083770751953,0.279744416475296,0.026665979996323586,0.023278940469026566,61,345,33.4119,0
thin0.60000002384185791_browse0_clear1,0,69,sitka-spruce,534.900634765625,5.316652774810791,2.1883614063262939,3.1282894611358643,1.4746706485748291,0,1.9996496438980103,8,50.249126434326172,0.28120115399360657,0.025340992957353592,0.0224715955555439,64,350,39.649300000000004,0
thin0.60000002384185791_browse0_clear1,0,70,sitka-spruce,517.2940673828125,5.4650297164916992,3.2086906433105469,2.2563395500183105,1.3676720857620239,0,5.0985298156738281,9,46.991611480712891,0.28702288866043091,0.024856647476553917,0.021525420248508453,63,360,47.8435,0
thin0.60000002384185791_browse0_clear1,0,71,sitka-spruce,507.38507080078125,5.5312786102294922,3.3208658695220947,2.2104134559631348,1.4220181703567505,0,0.94737786054611206,6,47.943084716796875,0.29390767216682434,0.024082498624920845,0.0207197442650795,59,370,38.258700000000005,0
thin0.60000002384185791_browse0_clear1,0,72,sitka-spruce,1242.317626953125,8.6371927261352539,5.2930421829223633,3.3441488742828369,1.1981860399246216,0,2.1142427921295166,8,49.923698425292969,0.29944661259651184,0.023580346256494522,0.020009523257613182,60,377,41.7364,0
thin0.60000002384185791_browse0_clear1,0,73,sitka-spruce,1218.2803955078125,8.1390581130981445,4.4325737953186035,3.7064855098724365,1.0961557626724243,0,0.72241270542144775,2,52.537700653076172,0.29834482073783875,0.022861620411276817,0.019052246585488319,58,381,29.6624,0
thin0.60000002384185791_browse0_clear1,0,74,sitka-spruce,1787.4864501953125,9.496063232421875,4.1355247497558594,5.3605389595031738,0.91125977039337158,0,0.47941911220550537,1,55.282550811767578,0.29974791407585144,0.023265331983566284,0.018458494916558266,51,389,29.656200000000002,0
thin0.60000002384185791_browse0_clear1,0,75,sitka-spruce,1172.056884765625,8.5037727355957031,3.0403988361358643,5.4633722305297852,0.84087240695953369,0,2.8894283771514893,7,54.592647552490234,0.30392423272132874,0.023018095642328262,0.01799427717924118,56,391,34.5268,0
thin0.60000002384185791_browse0_clear1,0,76,sitka-spruce,1150.5052490234375,8.5887489318847656,3.4156107902526855,5.1731367111206055,0.98732507228851318,0,0.18977075815200806,1,56.831161499023438,0.31122231483459473,0.022085024043917656,0.017036156728863716,49,399,29.1855,0
thin0.60000002384185791_browse0_clear1,0,77,sitka-spruce,1070.1781005859375,9.2852725982666016,3.52168345451355,5.7635889053344727,0.86948132514953613,0,3.1759052276611328,5,56.307460784912109,0.31947475671768188,0.022915702313184738,0.015817033126950264,50,403,31.6063,0
thin0.60000002384185791_browse0_clear1,0,78,sitka-spruce,428.64950561523438,5.3345222473144531,2.1212787628173828,3.2132415771484375,0.81406688690185547,0,3.3987877368927,7,54.215885162353516,0.32073011994361877,0.022680109366774559,0.014658200554549694,54,406,39.7534,0
thin0.60000002384185791_browse0_clear1,0,79,sitka-spruce,432.08187866210938,5.1162199974060059,2.5641958713531494,2.5520238876342773,1.0913482904434204,0,1.3223434686660767,4,54.366386413574219,0.32060706615448,0.020946493372321129,0.01358100026845932,54,410,34.2301,0
thin0.60000002384185791_browse0_clear1,0,80,sitka-spruce,1081.6451416015625,8.4499788284301758,4.466249942779541,3.983729362487793,0.96194100379943848,0,2.4103214740753174,4,55.460372924804688,0.31981635093688965,0.019820941612124443,0.012518705800175667,52,416,34.0722,0
thin0.60000002384185791_browse0_clear1,0,81,sitka-spruce,420.71197509765625,5.0907020568847656,2.7016696929931641,2.389030933380127,0.89907348155975342,0,4.0580530166625977,7,53.204917907714844,0.32284536957740784,0.018748292699456215,0.011492464691400528,51,424,39.354,0
thin0.60000002384185791_browse0_clear1,0,82,sitka-spruce,1544.7357177734375,9.6865530014038086,5.9461517333984375,3.7404012680053711,0.75375831127166748,0,1.0921401977539063,4,57.305171966552734,0.32388603687286377,0.018857106566429138,0.01129542663693428,47,432,33.3831,0
thin0.60000002384185791_browse0_clear1,0,83,sitka-spruce,1043.2481689453125,8.1065311431884766,3.8125832080841064,4.2939481735229492,1.0479199886322021,0,2.9697878360748291,8,57.100048065185547,0.31941041350364685,0.01774270087480545,0.010737627744674683,55,432,31.973300000000002,0
thin0.60000002384185791_browse0_clear1,0,84,sitka-spruce,404.17324829101563,4.8956456184387207,2.7499384880065918,2.1457083225250244,1.204318642616272,0,3.5510244369506836,9,55.094642639160156,0.32266557216644287,0.01693061925470829,0.0099332872778177261,51,445,43.1728,0
thin0.60000002384185791_browse0_clear1,0,85,sitka-spruce,985.6666259765625,8.4079904556274414,5.0065512657165527,3.4014394283294678,1.0124881267547607,0,1.0878050327301025,4,58.000900268554688,0.32694137096405029,0.016399998217821121,0.0089215599000453949,45,455,35.3163,0
thin0.60000002384185791_browse0_clear1,0,86,sitka-spruce,967.06640625,8.3213787078857422,4.271235466003418,4.0501422882080078,1.3885537385940552,0,2.1882927417755127,6,58.695289611816406,0.33153960108757019,0.015426046214997768,0.0077776801772415638,46,460,32.9341,0
thin0.60000002384185791_browse0_clear1,0,87,sitka-spruce,968.15618896484375,7.9720549583435059,3.4579381942749023,4.5141167640686035,1.2925636768341064,0,2.3156750202178955,6,58.544990539550781,0.33377644419670105,0.012659264728426933,0.0048363558016717434,49,463,34.9157,0
thin0.60000002384185791_browse0_clear1,0,88,sitka-spruce,375.15011596679688,4.7465629577636719,2.2116141319274902,2.5349488258361816,0.96472418308258057,0,1.7582513093948364,6,58.033626556396484,0.3383089005947113,0.011868043802678585,0.0045256796292960644,45,473,37.9938,0
thin0.60000002384185791_browse0_clear1,0,89,sitka-spruce,937.87530517578125,7.8810310363769531,3.5112574100494385,4.3697733879089355,0.86007559299468994,0,1.8209826946258545,6,58.863826751708984,0.34126153588294983,0.0095871156081557274,0.0039832484908401966,47,477,36.7439,0
thin0.60000002384185791_browse0_clear1,0,90,sitka-spruce,911.8800048828125,8.1441812515258789,3.2611672878265381,4.8830137252807617,1.071897029876709,0,0.52576553821563721,4,60.5273323059082,0.342107355594635,0.010158704593777657,0.0040491572581231594,42,486,33.1697,0
thin0.60000002384185791_browse0_clear1,0,91,sitka-spruce,887.69970703125,8.1496200561523438,3.1319506168365479,5.0176687240600586,0.89047086238861084,0,1.3878597021102905,5,61.380950927734375,0.3480621874332428,0.010144902393221855,0.0038207261823117733,42,491,33.2212,0
thin0.60000002384185791_browse0_clear1,0,92,sitka-spruce,897.6561279296875,7.7032828330993652,2.5637390613555908,5.1395435333251953,1.1344907283782959,0,1.1637768745422363,5,61.64642333984375,0.347819983959198,0.0096761146560311317,0.0033929317723959684,46,492,31.012800000000002,0
thin0.60000002384185791_browse0_clear1,0,93,sitka-spruce,342.6339111328125,4.5425209999084473,1.6381443738937378,2.9043776988983154,1.3369337320327759,0,2.1654179096221924,7,59.7822151184082,0.3517221212387085,0.009408031590282917,0.0028119613416492939,43,502,38.9244,0
thin0.60000002384185791_browse0_clear1,0,94,sitka-spruce,342.6339111328125,4.310727596282959,2.0033631324768066,2.307363748550415,1.4490351676940918,0,1.8078064918518066,4,58.528736114501953,0.35226047039031982,0.0080365724861621857,0.001556917792186141,43,506,32.0822,0
thin0.60000002384185791_browse0_clear1,0,95,sitka-spruce,331.37210083007813,4.5015301704406738,2.2343783378601074,2.2671513557434082,0.76234322786331177,0,4.1007165908813477,6,55.900054931640625,0.35676470398902893,0.0089727817103266716,0.0021157944574952126,41,514,35.034,0
thin0.60000002384185791_browse0_clear1,0,96,sitka-spruce,1256.543701171875,9.0085248947143555,4.4695730209350586,4.5389547348022461,0.670138955116272,0,3.5799050331115723,6,56.119583129882813,0.35456964373588562,0.0091712474822998047,0.0022899669129401445,44,517,34.797000000000004,0
thin0.60000002384185791_browse0_clear1,0,97,sitka-spruce,322.1044921875,4.371706485748291,2.4967296123504639,1.8749767541885376,0.738623857498169,0,1.6090394258499146,5,56.268650054931641,0.36047461628913879,0.0089286975562572479,0.0022208825685083866,39,527,34.3012,0
thin0.60000002384185791_browse0_clear1,0,98,sitka-spruce,325.2984619140625,4.254155158996582,2.66007137298584,1.594084620475769,0.64805585145950317,0,2.8090965747833252,8,55.4715690612793,0.36158245801925659,0.0084077576175332069,0.0019946640823036432,43,531,36.3696,0
thin0.60000002384185791_browse0_clear1,0,99,sitka-spruce,1165.2923583984375,9.521245002746582,6.3363208770751953,3.184922456741333,0.4678996205329895,0,1.6642882823944092,5,59.675701141357422,0.36852926015853882,0.0082086771726608276,0.0017184318276122212,38,541,35.1216,0
thin0.60000002384185791_browse0_clear1,0,100,sitka-spruce,780.3251953125,7.6440300941467285,4.6211776733398438,3.0228519439697266,0.48305809497833252,0,3.6045246124267578,8,60.209297180175781,0.36816349625587463,0.0077339969575405121,0.0014487722655758262,44,543,37.4688,0
thin0.60000002384185791_browse0_clear1,1,1,sitka-spruce,180.627197265625,2.3341326713562012,2.3341326713562012,0,0,0,0,0,2.3341331481933594,0.12058307230472565,0,0,134,0,61.864000000000004,14
thin0.60000002384185791_browse0_clear1,1,2,sitka-spruce,137.00523376464844,1.808189868927002,1.808189868927002,0,0.023135019466280937,0,0,0,4.11918830871582,0.13137996196746826,0.0384015291929245,0.02792818658053875,134,0,56.0131,0
thin0.60000002384185791_browse0_clear1,1,3,sitka-spruce,490.90802001953125,5.1451425552368164,5.1451425552368164,0,0.027956068515777588,0,0,0,9.2363748550415039,0.13811576366424561,0.064905345439910889,0.047702658921480179,134,0,62.0989,0
thin0.60000002384185791_browse0_clear1,1,4,sitka-spruce,252.00164794921875,3.1079609394073486,3.1079609394073486,0,0.077297113835811615,0,0,0,12.267037391662598,0.14224675297737122,0.083298482000827789,0.06167902797460556,134,0,61.102700000000006,0
thin0.60000002384185791_browse0_clear1,1,5,sitka-spruce,305.25326538085938,3.596811056137085,3.596811056137085,0,0.098876118659973145,0,0,0,15.764972686767578,0.14531108736991882,0.096024960279464722,0.071815513074398041,134,0,65.129,0
thin0.60000002384185791_browse0_clear1,1,6,sitka-spruce,892.92962646484375,7.186622142791748,7.186622142791748,0,0.12450476735830307,0,0,0,22.827089309692383,0.14790606498718262,0.10501190274953842,0.079345904290676117,134,0,67.5492,0
thin0.60000002384185791_browse0_clear1,1,7,sitka-spruce,1021.4639282226563,7.726931095123291,7.726931095123291,0,0.19946280121803284,0,0,0,30.354557037353516,0.15069621801376343,0.11141239106655121,0.085095793008804321,134,0,54.2214,0
thin0.60000002384185791_browse0_clear1,1,8,sitka-spruce,1725.52880859375,9.2084550857543945,8.2278804779052734,0.980575680732727,0.24906335771083832,0,0,0,38.3333740234375,0.153834730386734,0.11587710678577423,0.089592665433883667,134,0,54.8016,0
thin0.60000002384185791_browse0_clear1,1,9,sitka-spruce,512.3380126953125,5.54224157333374,3.4273593425750732,2.1148817539215088,0.29870420694351196,0,0,0,41.462028503417969,0.15722659230232239,0.11894369125366211,0.093132644891738892,134,0,55.0101,0
thin0.60000002384185791_browse0_clear1,1,10,sitka-spruce,565.55914306640625,6.0132789611816406,2.3977217674255371,3.6155564785003662,0.30760195851325989,0,0,0,43.552150726318359,0.16072037816047668,0.12076601386070251,0.095927491784095764,134,0,51.917,0
thin0.60000002384185791_browse0_clear1,1,11,sitka-spruce,563.72137451171875,6.1055693626403809,1.74955153465271,4.35601806640625,0.32126420736312866,0,0,0,44.980438232421875,0.16413642466068268,0.12168283760547638,0.098152086138725281,134,0,47.8735,0
thin0.60000002384185791_browse0_clear1,1,12,sitka-spruce,1408.656982421875,9.4214572906494141,1.8615537881851196,7.5599021911621094,0.33368098735809326,0,0,0,46.508308410644531,0.16735668480396271,0.12199664860963821,0.099900379776954651,134,0,45.711800000000004,0
thin0.60000002384185791_browse0_clear1,1,13,sitka-spruce,1411.3460693359375,9.5500173568725586,1.4950660467147827,8.0549507141113281,0.38934263586997986,0,1.0925420522689819,6,46.521492004394531,0.17027217149734497,0.12187273055315018,0.10123935341835022,140,0,51.731700000000004,0
thin0.60000002384185791_browse0_clear1,1,14,sitka-spruce,566.45025634765625,6.2826595306396484,2.0377931594848633,4.244865894317627,0.43603560328483582,0,1.3218026161193848,8,46.801445007324219,0.17805573344230652,0.11178343743085861,0.092476673424243927,148,0,54.227700000000006,0
thin0.60000002384185791_browse0_clear1,1,15,sitka-spruce,2133.976806640625,10.39573860168457,2.8761537075042725,7.519585132598877,0.4268975555896759,0,2.4559171199798584,7,46.794784545898438,0.18944071233272552,0.096180349588394165,0.074165359139442444,155,0,52.6117,0
thin0.60000002384185791_browse0_clear1,1,16,sitka-spruce,572.24066162109375,6.2166142463684082,2.2441756725311279,3.9724388122558594,0.47536048293113708,0,3.902167797088623,12,44.661434173583984,0.20264963805675507,0.0806438997387886,0.058853209018707275,167,0,59.7899,0
thin0.60000002384185791_browse0_clear1,1,17,sitka-spruce,575.5784912109375,5.8791995048522949,4.1657576560974121,1.7134417295455933,0.59685766696929932,0,0.38061565160751343,1,47.849716186523438,0.22321747243404388,0.057991828769445419,0.040840055793523788,168,0,46.740700000000004,0
thin0.60000002384185791_browse0_clear1,1,18,sitka-spruce,1448.8935546875,8.7039165496826172,3.0460371971130371,5.657874584197998,0.56194913387298584,0,3.927464485168457,6,46.406341552734375,0.23760403692722321,0.044980708509683609,0.03065892867743969,174,0,52.955200000000005,0
thin0.60000002384185791_browse0_clear1,1,19,sitka-spruce,583.87841796875,5.496518611907959,2.0781643390655518,3.4183545112609863,0.58053809404373169,0,7.2747735977172852,12,40.629192352294922,0.2513672411441803,0.032018460333347321,0.021069850772619247,186,0,73.474600000000009,0
thin0.60000002384185791_browse0_clear1,1,20,sitka-spruce,588.18328857421875,4.938326358795166,3.7433881759643555,1.1949384212493896,0.72586226463317871,0,2.67238187789917,8,40.974338531494141,0.25862210988998413,0.021067513152956963,0.012046819552779198,193,1,75.3082,0
thin0.60000002384185791_browse0_clear1,1,21,sitka-spruce,1481.739013671875,6.5211338996887207,5.629767894744873,0.89136660099029541,0.67096090316772461,0,1.5427809953689575,4,44.390361785888672,0.2553216814994812,0.012735870666801929,0.0066257505677640438,197,1,59.826,0
thin0.60000002384185791_browse0_clear1,1,22,sitka-spruce,2250.15673828125,6.4611129760742188,4.48087215423584,1.9802398681640625,0.90471899509429932,0,2.6185283660888672,7,45.347988128662109,0.24900414049625397,0.0070047290064394474,0.0036441627889871597,203,2,78.061900000000009,0
thin0.60000002384185791_browse0_clear1,1,23,sitka-spruce,1523.9774169921875,5.5626101493835449,3.6932418346405029,1.8693678379058838,1.1832953691482544,0,1.0973677635192871,3,46.760566711425781,0.24037928879261017,0.0038526011630892754,0.0020042895339429379,204,4,73.8407,0
thin0.60000002384185791_browse0_clear1,1,24,sitka-spruce,1544.6519775390625,5.2785420417785645,2.9590332508087158,2.3195095062255859,1.5979139804840088,0,0.74436074495315552,3,47.377326965332031,0.23022401332855225,0.00211893068626523,0.0011023592669516802,206,5,75.762700000000009,0
thin0.60000002384185791_browse0_clear1,1,25,sitka-spruce,2342.223876953125,5.4499735832214355,2.35638689994812,3.0935871601104736,2.1328034400939941,0,0.99856102466583252,3,46.602348327636719,0.22099898755550385,0.001165411900728941,0.00060629763174802065,205,9,78.1162,0
thin0.60000002384185791_browse0_clear1,1,26,sitka-spruce,1575.5933837890625,4.9891877174377441,1.7110778093338013,3.2781102657318115,2.0809957981109619,0,1.4470494985580444,4,44.785381317138672,0.20634765923023224,0.001080177491530776,0.00033346368581987917,203,15,77.4049,0
thin0.60000002384185791_browse0_clear1,1,27,sitka-spruce,633.7723388671875,3.4214565753936768,1.5167784690856934,1.9046776294708252,2.265277624130249,0,1.1282253265380859,2,42.908657073974609,0.195249542593956,0.0034854228142648935,0.0025208117440342903,199,21,74.714,0
thin0.60000002384185791_browse0_clear1,1,28,sitka-spruce,1605.2894287109375,5.1222877502441406,2.4417440891265869,2.6805441379547119,2.7788219451904297,0,0.59229493141174316,2,41.979282379150391,0.18948669731616974,0.0050970632582902908,0.00397821981459856,196,26,78.9392,0
thin0.60000002384185791_browse0_clear1,1,29,sitka-spruce,1631.2269287109375,5.0342278480529785,2.6267068386077881,2.4075212478637695,2.6652595996856689,0,1.3228355646133423,3,40.617893218994141,0.184952974319458,0.0061170398257672787,0.0049176029860973358,195,30,81.128700000000009,0
thin0.60000002384185791_browse0_clear1,1,30,sitka-spruce,2445.08349609375,5.4231152534484863,2.9274377822875977,2.4956774711608887,2.5766463279724121,0,0.3397749662399292,1,40.628910064697266,0.17868919670581818,0.0074538532644510269,0.0054288790561258793,187,39,72.3814,0
thin0.60000002384185791_browse0_clear1,1,31,sitka-spruce,2475.460205078125,5.5970649719238281,2.3324837684631348,3.2645812034606934,2.0231530666351318,0,1.1690831184387207,3,39.769157409667969,0.17703136801719666,0.0083054983988404274,0.0057053854689002037,184,45,77.653100000000009,0
thin0.60000002384185791_browse0_clear1,1,32,sitka-spruce,1670.5377197265625,5.344548225402832,2.5271806716918945,2.8173666000366211,1.7475396394729614,0,0.40450987219810486,1,40.144290924072266,0.17438733577728271,0.0087712565436959267,0.0057519515976309776,179,51,69.9692,0
thin0.60000002384185791_browse0_clear1,1,33,sitka-spruce,670.8560791015625,3.8222253322601318,2.1316835880279541,1.6905423402786255,1.8845181465148926,0,0.52097702026367188,2,39.870479583740234,0.17645114660263062,0.0078100143000483513,0.0048981471918523312,174,58,69.601700000000008,0
thin0.60000002384185791_browse0_clear1,1,34,sitka-spruce,666.06292724609375,4.0365114212036133,2.0809392929077148,1.9555715322494507,2.0851171016693115,0,0.87588721513748169,3,38.990413665771484,0.18361537158489227,0.0070197568275034428,0.0042414269410073757,168,67,67.0751,0
thin0.60000002384185791_browse0_clear1,1,35,sitka-spruce,669.0355224609375,4.2380776405334473,2.2508511543273926,1.9872266054153442,1.7262660264968872,0,0.74968945980072021,2,38.765308380126953,0.18729676306247711,0.00894459430128336,0.0063310000114142895,161,76,63.5386,0
thin0.60000002384185791_browse0_clear1,1,36,sitka-spruce,664.1063232421875,4.4847855567932129,2.5996553897857666,1.8851295709609985,1.614165186882019,0,1.8956196308135986,4,37.855178833007813,0.189317524433136,0.013723887503147125,0.010908179916441441,156,85,64.2826,0
thin0.60000002384185791_browse0_clear1,1,37,sitka-spruce,659.66314697265625,4.6606440544128418,3.1723625659942627,1.4882813692092896,1.5054666996002197,0,0.53285562992095947,3,38.989219665527344,0.19064074754714966,0.017032906413078308,0.012992006726562977,149,95,60.6633,0
thin0.60000002384185791_browse0_clear1,1,38,sitka-spruce,658.68817138671875,5.17444372177124,3.2185328006744385,1.9559102058410645,1.1367199420928955,0,0.67821395397186279,4,40.392818450927734,0.1974242776632309,0.019305938854813576,0.013968345709145069,143,105,60.064600000000006,0
thin0.60000002384185791_browse0_clear1,1,39,sitka-spruce,1642.2445068359375,7.597379207611084,4.4430909156799316,3.1542870998382568,1.3039990663528442,0,2.4751031398773193,7,41.056808471679688,0.20328262448310852,0.021622681990265846,0.015044708736240864,143,112,67.6038,0
thin0.60000002384185791_browse0_clear1,1,40,sitka-spruce,649.38299560546875,5.3719654083251953,3.0809354782104492,2.2910287380218506,1.154386043548584,0,0.60725373029708862,1,42.376102447509766,0.20538501441478729,0.02398160845041275,0.016966555267572403,135,121,59.9114,0
thin0.60000002384185791_browse0_clear1,1,41,sitka-spruce,1585.6856689453125,8.18177318572998,3.4878580570220947,4.6939153671264648,1.043561577796936,0,1.1782248020172119,4,43.642173767089844,0.20320059359073639,0.030297165736556053,0.023068303242325783,127,133,55.0752,0
thin0.60000002384185791_browse0_clear1,1,42,sitka-spruce,1617.7288818359375,8.0426006317138672,3.2713048458099365,4.7712955474853516,1.0349209308624268,0,3.2454020977020264,6,42.633155822753906,0.19476795196533203,0.036975931376218796,0.029716789722442627,130,136,55.008500000000005,0
thin0.60000002384185791_browse0_clear1,1,43,sitka-spruce,1598.844970703125,8.4801645278930664,3.6253244876861572,4.8548412322998047,0.99047207832336426,0,1.221570611000061,4,44.046436309814453,0.19622553884983063,0.040036462247371674,0.031587094068527222,122,148,53.738400000000006,0
thin0.60000002384185791_browse0_clear1,1,44,sitka-spruce,1588.4141845703125,8.8820333480834961,3.5713620185852051,5.3106718063354492,1.303147554397583,0,1.130250096321106,3,45.184402465820313,0.19895511865615845,0.0437883622944355,0.032786913216114044,116,157,49.531800000000004,0
thin0.60000002384185791_browse0_clear1,1,45,sitka-spruce,1570.7833251953125,9.072880744934082,3.8494911193847656,5.2233896255493164,0.90872418880462646,0,1.8619949817657471,10,46.263175964355469,0.20229852199554443,0.046332694590091705,0.032875128090381622,120,163,58.07,0
thin0.60000002384185791_browse0_clear1,1,46,sitka-spruce,633.03863525390625,6.3075671195983887,3.3557357788085938,2.9518303871154785,0.82926315069198608,0,1.3218846321105957,6,47.4677619934082,0.20875278115272522,0.045907001942396164,0.031316645443439484,117,172,61.3628,0
thin0.60000002384185791_browse0_clear1,1,47,sitka-spruce,1589.4273681640625,9.0519866943359375,4.29216194152832,4.7598271369934082,0.74676674604415894,0,2.2208950519561768,4,48.792263031005859,0.21615584194660187,0.043584495782852173,0.028618725016713142,113,180,50.033100000000005,0
thin0.60000002384185791_browse0_clear1,1,48,sitka-spruce,629.923828125,6.173499584197998,2.0773100852966309,4.0961894989013672,0.69947189092636108,0,0.98894357681274414,6,49.181156158447266,0.21907693147659302,0.043130669742822647,0.028526356443762779,109,190,50.696600000000004,0
thin0.60000002384185791_browse0_clear1,1,49,sitka-spruce,624.62567138671875,6.310950756072998,2.13370418548584,4.177248477935791,0.81279569864273071,0,2.9132232666015625,5,47.588844299316406,0.21826471388339996,0.044774167239665985,0.029831157997250557,100,204,55.6274,0
thin0.60000002384185791_browse0_clear1,1,50,sitka-spruce,2321.975830078125,9.8402738571167,3.2313730716705322,6.6089015007019043,0.70803636312484741,0,2.8887789249420166,6,47.2234001159668,0.21680866181850433,0.047183588147163391,0.033063068985939026,97,213,53.691900000000004,0
thin0.60000002384185791_browse0_clear1,1,51,sitka-spruce,611.595947265625,6.4720859527587891,2.8027486801147461,3.6693370342254639,1.1002498865127563,0,1.4252437353134155,3,47.500656127929688,0.22086815536022186,0.047631662338972092,0.034153711050748825,92,221,40.2214,0
thin0.60000002384185791_browse0_clear1,1,52,sitka-spruce,2297.130615234375,9.8735933303833,3.7774264812469482,6.0961694717407227,0.89026093482971191,0,4.6219196319580078,7,45.765903472900391,0.22380316257476807,0.045325722545385361,0.032664425671100616,96,224,46.0137,0
thin0.60000002384185791_browse0_clear1,1,53,sitka-spruce,1510.0303955078125,9.24261474609375,4.3866348266601563,4.8559794425964355,1.1450076103210449,0,1.6324529647827148,3,47.375076293945313,0.22700320184230804,0.044452443718910217,0.032529179006814957,86,237,42.9453,0
thin0.60000002384185791_browse0_clear1,1,54,sitka-spruce,604.28509521484375,6.1266841888427734,2.1960127353668213,3.9306714534759521,1.0564442873001099,0,2.1099417209625244,8,46.404705047607422,0.22767838835716248,0.042750537395477295,0.032019432634115219,91,240,44.3448,0
thin0.60000002384185791_browse0_clear1,1,55,sitka-spruce,1502.761474609375,9.04800796508789,4.0768003463745117,4.9712071418762207,1.1228996515274048,0,1.1690552234649658,5,48.189548492431641,0.22904612123966217,0.042265325784683228,0.031778678297996521,84,252,46.0446,0
thin0.60000002384185791_browse0_clear1,1,56,sitka-spruce,598.0885009765625,6.1062526702880859,2.3549613952636719,3.7512905597686768,1.1457881927490234,0,1.755258321762085,7,47.643463134765625,0.23330707848072052,0.041380975395441055,0.031572155654430389,84,259,44.1268,0
thin0.60000002384185791_browse0_clear1,1,57,sitka-spruce,1483.9207763671875,8.910822868347168,3.7469549179077148,5.1638708114624023,1.2136305570602417,0,0.715766966342926,4,49.461021423339844,0.23728741705417633,0.039792634546756744,0.030714236199855804,79,268,40.5407,0
thin0.60000002384185791_browse0_clear1,1,58,sitka-spruce,2243.2353515625,9.4852199554443359,3.1363184452056885,6.348900318145752,1.3238608837127686,0,5.0617814064025879,12,46.211696624755859,0.23930267989635468,0.039606627076864243,0.029724447056651115,89,270,49.3117,0
thin0.60000002384185791_browse0_clear1,1,59,sitka-spruce,1479.7044677734375,8.7711591720581055,3.7076168060302734,5.0635433197021484,1.6147847175598145,0,1.7990392446517944,6,46.5054931640625,0.242455393075943,0.038692116737365723,0.0291343592107296,78,287,49.064,0
thin0.60000002384185791_browse0_clear1,1,60,sitka-spruce,1462.1947021484375,8.9123048782348633,4.019172191619873,4.8931312561035156,1.4539304971694946,0,1.5366964340209961,5,47.534034729003906,0.24641628563404083,0.037650022655725479,0.028213521465659142,75,295,51.883,0
thin0.60000002384185791_browse0_clear1,1,61,sitka-spruce,2148.85693359375,9.844996452331543,4.2691202163696289,5.5758776664733887,1.1599727869033813,0,2.2302455902099609,5,48.412937164306641,0.25633186101913452,0.035787805914878845,0.027062706649303436,72,303,40.362100000000005,0
thin0.60000002384185791_browse0_clear1,1,62,sitka-spruce,1408.2493896484375,9.1631402969360352,3.7971677780151367,5.36597204208374,1.1479867696762085,0,2.047339916229248,5,49.014778137207031,0.26452377438545227,0.034047279506921768,0.025802254676818848,70,310,39.1921,0
thin0.60000002384185791_browse0_clear1,1,63,sitka-spruce,1409.103515625,8.9008293151855469,3.7252757549285889,5.1755528450012207,1.0756852626800537,0,3.45865797996521,7,48.205711364746094,0.26591363549232483,0.032989293336868286,0.025596514344215393,74,313,40.9973,0
thin0.60000002384185791_browse0_clear1,1,64,sitka-spruce,558.3692626953125,5.8931155204772949,3.275390625,2.6177246570587158,1.0178432464599609,0,1.9093225002288818,4,48.553936004638672,0.26931068301200867,0.03223823755979538,0.025292633101344109,66,325,38.1952,0
thin0.60000002384185791_browse0_clear1,1,65,sitka-spruce,557.339111328125,5.7463655471801758,2.8776698112487793,2.868694543838501,0.91685914993286133,0,1.7792353630065918,5,48.735511779785156,0.27117562294006348,0.031118448823690414,0.024960150942206383,66,330,35.785900000000005,0
thin0.60000002384185791_browse0_clear1,1,66,sitka-spruce,547.1285400390625,5.66143274307251,2.8850455284118652,2.7763886451721191,0.7599453330039978,0,1.1296831369400024,3,49.730930328369141,0.27560737729072571,0.029794188216328621,0.024526869878172874,62,337,34.8209,0
thin0.60000002384185791_browse0_clear1,1,67,sitka-spruce,1363.547119140625,8.2679929733276367,3.6718597412109375,4.5961308479309082,0.72408521175384521,0,0.845294177532196,3,51.833408355712891,0.27656444907188416,0.028165550902485847,0.0239655002951622,63,339,30.749100000000002,0
thin0.60000002384185791_browse0_clear1,1,68,sitka-spruce,1347.3660888671875,8.4023723602294922,3.499006986618042,4.9033656120300293,1.1799190044403076,0,2.6174144744873047,4,51.535083770751953,0.279744416475296,0.026665979996323586,0.023278940469026566,61,345,33.822900000000004,0
thin0.60000002384185791_browse0_clear1,1,69,sitka-spruce,534.900634765625,5.316652774810791,2.1883614063262939,3.1282894611358643,1.4746706485748291,0,1.9996496438980103,8,50.249126434326172,0.28120115399360657,0.025340992957353592,0.0224715955555439,64,350,39.7826,0
thin0.60000002384185791_browse0_clear1,1,70,sitka-spruce,517.2940673828125,5.4650297164916992,3.2086906433105469,2.2563395500183105,1.3676720857620239,0,5.0985298156738281,9,46.991611480712891,0.28702288866043091,0.024856647476553917,0.021525420248508453,63,360,47.4701,0
thin0.60000002384185791_browse0_clear1,1,71,sitka-spruce,507.38507080078125,5.5312786102294922,3.3208658695220947,2.2104134559631348,1.4220181703567505,0,0.94737786054611206,6,47.943084716796875,0.29390767216682434,0.024082498624920845,0.0207197442650795,59,370,39.925200000000004,0
thin0.60000002384185791_browse0_clear1,1,72,sitka-spruce,1242.317626953125,8.6371927261352539,5.2930421829223633,3.3441488742828369,1.1981860399246216,0,2.1142427921295166,8,49.923698425292969,0.29944661259651184,0.023580346256494522,0.020009523257613182,60,377,41.5426,0
thin0.60000002384185791_browse0_clear1,1,73,sitka-spruce,1218.2803955078125,8.1390581130981445,4.4325737953186035,3.7064855098724365,1.0961557626724243,0,0.72241270542144775,2,52.537700653076172,0.29834482073783875,0.022861620411276817,0.019052246585488319,58,381,31.5802,0
thin0.60000002384185791_browse0_clear1,1,74,sitka-spruce,1787.4864501953125,9.496063232421875,4.1355247497558594,5.3605389595031738,0.91125977039337158,0,0.47941911220550537,1,55.282550811767578,0.29974791407585144,0.023265331983566284,0.018458494916558266,51,389,28.0304,0
thin0.60000002384185791_browse0_clear1,1,75,sitka-spruce,1172.056884765625,8.5037727355957031,3.0403988361358643,5.4633722305297852,0.84087240695953369,0,2.8894283771514893,7,54.592647552490234,0.30392423272132874,0.023018095642328262,0.01799427717924118,56,391,33.5705,0
thin0.60000002384185791_browse0_clear1,1,76,sitka-spruce,1150.5052490234375,8.5887489318847656,3.4156107902526855,5.1731367111206055,0.98732507228851318,0,0.18977075815200806,1,56.831161499023438,0.31122231483459473,0.022085024043917656,0.017036156728863716,49,399,27.4566,0
thin0.60000002384185791_browse0_clear1,1,77,sitka-spruce,1070.1781005859375,9.2852725982666016,3.52168345451355,5.7635889053344727,0.86948132514953613,0,3.1759052276611328,5,56.307460784912109,0.31947475671768188,0.022915702313184738,0.015817033126950264,50,403,31.1716,0
thin0.60000002384185791_browse0_clear1,1,78,sitka-spruce,428.64950561523438,5.3345222473144531,2.1212787628173828,3.2132415771484375,0.81406688690185547,0,3.3987877368927,7,54.215885162353516,0.32073011994361877,0.022680109366774559,0.014658200554549694,54,406,34.4805,0
thin0.60000002384185791_browse0_clear1,1,79,sitka-spruce,432.08187866210938,5.1162199974060059,2.5641958713531494,2.5520238876342773,1.0913482904434204,0,1.3223434686660767,4,54.366386413574219,0.32060706615448,0.020946493372321129,0.01358100026845932,54,410,33.6117,0
thin0.60000002384185791_browse0_clear1,1,80,sitka-spruce,1081.6451416015625,8.4499788284301758,4.466249942779541,3.983729362487793,0.96194100379943848,0,2.4103214740753174,4,55.460372924804688,0.31981635093688965,0.019820941612124443,0.012518705800175667,52,416,33.3635,0
thin0.60000002384185791_browse0_clear1,1,81,sitka-spruce,420.71197509765625,5.0907020568847656,2.7016696929931641,2.389030933380127,0.89907348155975342,0,4.0580530166625977,7,53.204917907714844,0.32284536957740784,0.018748292699456215,0.011492464691400528,51,424,38.7282,0
thin0.60000002384185791_browse0_clear1,1,82,sitka-spruce,1544.7357177734375,9.6865530014038086,5.9461517333984375,3.7404012680053711,0.75375831127166748,0,1.0921401977539063,4,57.305171966552734,0.32388603687286377,0.018857106566429138,0.01129542663693428,47,432,31.9968,0
thin0.60000002384185791_browse0_clear1,1,83,sitka-spruce,1043.2481689453125,8.1065311431884766,3.8125832080841064,4.2939481735229492,1.0479199886322021,0,2.9697878360748291,8,57.100048065185547,0.31941041350364685,0.01774270087480545,0.010737627744674683,55,432,30.393800000000002,0
thin0.60000002384185791_browse0_clear1,1,84,sitka-spruce,404.17324829101563,4.8956456184387207,2.7499384880065918,2.1457083225250244,1.204318642616272,0,3.5510244369506836,9,55.094642639160156,0.32266557216644287,0.01693061925470829,0.0099332872778177261,51,445,42.173500000000004,0
thin0.60000002384185791_browse0_clear1,1,85,sitka-spruce,985.6666259765625,8.4079904556274414,5.0065512657165527,3.4014394283294678,1.0124881267547607,0,1.0878050327301025,4,58.000900268554688,0.32694137096405029,0.016399998217821121,0.0089215599000453949,45,455,33.2201,0
thin0.60000002384185791_browse0_clear1,1,86,sitka-spruce,967.06640625,8.3213787078857422,4.271235466003418,4.0501422882080078,1.3885537385940552,0,2.1882927417755127,6,58.695289611816406,0.33153960108757019,0.015426046214997768,0.0077776801772415638,46,460,32.8267,0
thin0.60000002384185791_browse0_clear1,1,87,sitka-spruce,968.15618896484375,7.9720549583435059,3.4579381942749023,4.5141167640686035,1.2925636768341064,0,2.3156750202178955,6,58.544990539550781,0.33377644419670105,0.012659264728426933,0.0048363558016717434,49,463,33.9564,0
thin0.60000002384185791_browse0_clear1,1,88,sitka-spruce,375.15011596679688,4.7465629577636719,2.2116141319274902,2.5349488258361816,0.96472418308258057,0,1.7582513093948364,6,58.033626556396484,0.3383089005947113,0.011868043802678585,0.0045256796292960644,45,473,36.6944,0
thin0.60000002384185791_browse0_clear1,1,89,sitka-spruce,937.87530517578125,7.8810310363769531,3.5112574100494385,4.3697733879089355,0.86007559299468994,0,1.8209826946258545,6,58.863826751708984,0.34126153588294983,0.0095871156081557274,0.0039832484908401966,47,477,33.7065,0
thin0.60000002384185791_browse0_clear1,1,90,sitka-spruce,911.8800048828125,8.1441812515258789,3.2611672878265381,4.8830137252807617,1.071897029876709,0,0.52576553821563721,4,60.5273323059082,0.342107355594635,0.010158704593777657,0.0040491572581231594,42,486,31.9567,0
thin0.60000002384185791_browse0_clear1,1,91,sitka-spruce,887.69970703125,8.1496200561523438,3.1319506168365479,5.0176687240600586,0.89047086238861084,0,1.3878597021102905,5,61.380950927734375,0.3480621874332428,0.010144902393221855,0.0038207261823117733,42,491,32.1698,0
thin0.60000002384185791_browse0_clear1,1,92,sitka-spruce,897.6561279296875,7.7032828330993652,2.5637390613555908,5.1395435333251953,1.1344907283782959,0,1.1637768745422363,5,61.64642333984375,0.347819983959198,0.0096761146560311317,0.0033929317723959684,46,492,31.3384,0
thin0.60000002384185791_browse0_clear1,1,93,sitka-spruce,342.6339111328125,4.5425209999084473,1.6381443738937378,2.9043776988983154,1.3369337320327759,0,2.1654179096221924,7,59.7822151184082,0.3517221212387085,0.009408031590282917,0.0028119613416492939,43,502,37.5715,0
thin0.60000002384185791_browse0_clear1,1,94,sitka-spruce,342.6339111328125,4.310727596282959,2.0033631324768066,2.307363748550415,1.4490351676940918,0,1.8078064918518066,4,58.528736114501953,0.35226047039031982,0.0080365724861621857,0.001556917792186141,43,506,32.1353,0
thin0.60000002384185791_browse0_clear1,1,95,sitka-spruce,331.37210083007813,4.5015301704406738,2.2343783378601074,2.2671513557434082,0.76234322786331177,0,4.1007165908813477,6,55.900054931640625,0.35676470398902893,0.0089727817103266716,0.0021157944574952126,41,514,36.432,0
thin0.60000002384185791_browse0_clear1,1,96,sitka-spruce,1256.543701171875,9.0085248947143555,4.4695730209350586,4.5389547348022461,0.670138955116272,0,3.5799050331115723,6,56.119583129882813,0.35456964373588562,0.0091712474822998047,0.0022899669129401445,44,517,33.322500000000005,0
thin0.60000002384185791_browse0_clear1,1,97,sitka-spruce,322.1044921875,4.371706485748291,2.4967296123504639,1.8749767541885376,0.738623857498169,0,1.6090394258499146,5,56.268650054931641,0.36047461628913879,0.0089286975562572479,0.0022208825685083866,39,527,34.4244,0
thin0.60000002384185791_browse0_clear1,1,98,sitka-spruce,325.2984619140625,4.254155158996582,2.66007137298584,1.594084620475769,0.64805585145950317,0,2.8090965747833252,8,55.4715690612793,0.36158245801925659,0.0084077576175332069,0.0019946640823036432,43,531,34.8536,0
thin0.60000002384185791_browse0_clear1,1,99,sitka-spruce,1165.2923583984375,9.521245002746582,6.3363208770751953,3.184922456741333,0.4678996205329895,0,1.6642882823944092,5,59.675701141357422,0.36852926015853882,0.0082086771726608276,0.0017184318276122212,38,541,33.8558,0
thin0.60000002384185791_browse0_clear1,1,100,sitka-spruce,780.3251953125,7.6440300941467285,4.6211776733398438,3.0228519439697266,0.48305809497833252,0,3.6045246124267578,8,60.209297180175781,0.36816349625587463,0.0077339969575405121,0.0014487722655758262,44,543,37.455400000000004,0
thin0.60000002384185791_browse0_clear5,0,1,sitka-spruce,180.627197265625,2.3341326713562012,2.3341326713562012,0,0,0,0,0,2.3341331481933594,0.12058307230472565,0,0,134,0,63.795300000000005,14
thin0.60000002384185791_browse0_clear5,0,2,sitka-spruce,137.00523376464844,1.808189868927002,1.808189868927002,0,0.023135019466280937,0,0,0,4.11918830871582,0.13137996196746826,0.0384015291929245,0.02792818658053875,134,0,57.1186,0
thin0.60000002384185791_browse0_clear5,0,3,sitka-spruce,490.90802001953125,5.1451425552368164,5.1451425552368164,0,0.027956068515777588,0,0,0,9.2363748550415039,0.13811576366424561,0.064905345439910889,0.047702658921480179,134,0,71.3034,0
thin0.60000002384185791_browse0_clear5,0,4,sitka-spruce,252.00164794921875,3.1079609394073486,3.1079609394073486,0,0.077297113835811615,0,0,0,12.267037391662598,0.14224675297737122,0.083298482000827789,0.06167902797460556,134,0,56.6372,0
thin0.60000002384185791_browse0_clear5,0,5,sitka-spruce,305.25326538085938,3.596811056137085,3.596811056137085,0,0.098876118659973145,0,0,0,8.0697460174560547,0.11601445823907852,5.7701603509485722E-05,0,134,0,56.1527,16
thin0.60000002384185791_browse0_clear5,0,6,sitka-spruce,892.92962646484375,7.186622142791748,7.186622142791748,0,0.12450476735830307,0,0,0,15.131862640380859,0.1279045045375824,0.03784465417265892,0.029075050726532936,134,0,57.1079,0
thin0.60000002384185791_browse0_clear5,0,7,sitka-spruce,1021.4639282226563,7.726931095123291,7.726931095123291,0,0.19946280121803284,0,0,0,22.659330368041992,0.1370951384305954,0.064412616193294525,0.04990619421005249,134,0,56.170300000000005,0
thin0.60000002384185791_browse0_clear5,0,8,sitka-spruce,1725.52880859375,9.2084550857543945,9.2084550857543945,0,0.24906335771083832,0,0,0,31.618724822998047,0.1445920318365097,0.082990668714046478,0.064959950745105743,134,0,56.729600000000005,0
thin0.60000002384185791_browse0_clear5,0,9,sitka-spruce,512.3380126953125,5.54224157333374,5.54224157333374,0,0.29870420694351196,0,0,0,36.862258911132813,0.15093083679676056,0.095931962132453918,0.075925163924694061,134,0,54.914500000000004,0
thin0.60000002384185791_browse0_clear5,0,10,sitka-spruce,565.55914306640625,6.0132789611816406,6.0132789611816406,0,0.30760195851325989,0,0,0,18.715425491333008,0.11292679607868195,1.0647625458659604E-05,0,134,0,54.137800000000006,19
thin0.60000002384185791_browse0_clear5,0,11,sitka-spruce,563.72137451171875,6.1055693626403809,5.974036693572998,0.13153298199176788,0.32126420736312866,0,0,0,24.368196487426758,0.13080646097660065,0.037381794303655624,0.031085172668099403,134,0,47.6961,0
thin0.60000002384185791_browse0_clear5,0,12,sitka-spruce,1408.656982421875,9.4214572906494141,8.28439712524414,1.1370601654052734,0.33368098735809326,0,0,0,32.318912506103516,0.14407283067703247,0.063246279954910278,0.053046360611915588,134,0,46.5007,0
thin0.60000002384185791_browse0_clear5,0,13,sitka-spruce,1411.3460693359375,9.5500173568725586,7.8427519798278809,1.7072658538818359,0.38934263586997986,0,0,0,39.772319793701172,0.15397894382476807,0.081027522683143616,0.068540461361408234,134,0,42.345800000000004,0
thin0.60000002384185791_browse0_clear5,0,14,sitka-spruce,566.7406005859375,6.3625173568725586,5.1994714736938477,1.1630455255508423,0.43603560328483582,0,0,0,44.535758972167969,0.16140908002853394,0.093125768005847931,0.079422995448112488,134,0,38.7699,0
thin0.60000002384185791_browse0_clear5,0,15,sitka-spruce,2137.094482421875,10.544578552246094,8.5959987640380859,1.9485809803009033,0.42802441120147705,0,0,0,27.812461853027344,0.12555532157421112,5.3587842785418616E-07,0,134,0,35.5829,19
thin0.60000002384185791_browse0_clear5,0,16,sitka-spruce,573.84234619140625,6.4975857734680176,5.2007660865783691,1.2968199253082275,0.47793662548065186,0,0,0,32.5352897644043,0.14216989278793335,0.035649608820676804,0.03128843754529953,134,0,33.112300000000005,0
thin0.60000002384185791_browse0_clear5,0,17,sitka-spruce,578.4642333984375,6.5518550872802734,5.2483711242675781,1.3034851551055908,0.59983545541763306,0,0,0,37.183822631835938,0.15386581420898438,0.060135822743177414,0.0530313141644001,134,0,30.198500000000003,0
thin0.60000002384185791_browse0_clear5,0,18,sitka-spruce,1459.1220703125,9.9023160934448242,7.96365213394165,1.9386640787124634,0.56632077693939209,0,0.34308284521102905,1,44.238071441650391,0.16201475262641907,0.076720878481864929,0.067998290061950684,135,0,31.2418,0
thin0.60000002384185791_browse0_clear5,0,19,sitka-spruce,589.2642822265625,6.6135601997375488,5.3043274879455566,1.3092330694198608,0.58580702543258667,0,0.269473135471344,1,48.687118530273438,0.16768981516361237,0.087761960923671722,0.078176453709602356,136,0,30.277700000000003,0
thin0.60000002384185791_browse0_clear5,0,20,sitka-spruce,595.21795654296875,6.5699787139892578,5.5745668411254883,0.99541133642196655,0.731081485748291,0,0.93898153305053711,3,25.748214721679688,0.12264236062765121,2.6969924959985292E-08,0,139,0,32.9303,19
thin0.60000002384185791_browse0_clear5,0,21,sitka-spruce,1503.4169921875,9.4309673309326172,8.4120464324951172,1.0189195871353149,0.67616915702819824,0,0.55689269304275513,1,32.927196502685547,0.13288602232933044,0.032861609011888504,0.0299073439091444,140,0,31.303,0
thin0.60000002384185791_browse0_clear5,0,22,sitka-spruce,2279.16015625,10.033744812011719,9.0329570770263672,1.0007878541946411,0.90915125608444214,0,0.82605355978012085,2,40.224948883056641,0.14064086973667145,0.055250070989131927,0.050483360886573792,142,0,33.4532,0
thin0.60000002384185791_browse0_clear5,0,23,sitka-spruce,1538.8642578125,9.1949977874755859,8.5302724838256836,0.66472584009170532,1.3692499399185181,0,0,0,47.385971069335938,0.14420154690742493,0.070307046175003052,0.064514525234699249,141,1,42.405300000000004,0
thin0.60000002384185791_browse0_clear5,0,24,sitka-spruce,1548.6910400390625,9.2283115386962891,4.326744556427002,4.9015684127807617,1.3169832229614258,0,0.91901087760925293,2,49.476718902587891,0.14769022166728973,0.080206885933876038,0.073892727494239807,141,3,45.766000000000005,0
thin0.60000002384185791_browse0_clear5,0,25,sitka-spruce,2335.323486328125,9.7499074935913086,8.6957626342773438,1.0541443824768066,1.1896990537643433,0,0.40027272701263428,1,28.082511901855469,0.093714237213134766,1.3573543400369203E-09,0,141,4,43.1634,19
thin0.60000002384185791_browse0_clear5,0,26,sitka-spruce,1564.6407470703125,8.9282999038696289,8.1571483612060547,0.77115225791931152,1.3081603050231934,0,0,0,34.931499481201172,0.10982623696327209,0.029706722125411034,0.028098216280341148,140,5,42.597100000000005,0
thin0.60000002384185791_browse0_clear5,0,27,sitka-spruce,599.89495849609375,6.6046152114868164,5.9286227226257324,0.675992488861084,0.97979891300201416,0,0.87748849391937256,2,39.002838134765625,0.1289697140455246,0.052490655332803726,0.049285084009170532,134,13,44.0673,0
thin0.60000002384185791_browse0_clear5,0,28,sitka-spruce,1491.5887451171875,9.8452968597412109,8.9877595901489258,0.8575361967086792,0.84525471925735474,0,0.38679406046867371,2,46.758544921875,0.14181895554065704,0.069024048745632172,0.064195737242698669,132,17,44.5582,0
thin0.60000002384185791_browse0_clear5,0,29,sitka-spruce,1507.8360595703125,9.9170284271240234,5.3170099258422852,4.6000204086303711,0.810244619846344,0,1.6749762296676636,3,49.590335845947266,0.15349309146404266,0.0795459970831871,0.074021212756633759,131,21,45.3787,0
thin0.60000002384185791_browse0_clear5,0,30,sitka-spruce,2246.09423828125,10.675656318664551,8.85885238647461,1.8168044090270996,0.886357843875885,0,0.880341649055481,1,31.557527542114258,0.12101247161626816,0.00028028199449181557,0,127,26,41.0613,17
thin0.60000002384185791_browse0_clear5,0,31,sitka-spruce,2251.87060546875,10.848187446594238,8.68748950958252,2.1606974601745605,0.77956533432006836,0,0,0,39.465450286865234,0.13328173756599426,0.033958226442337036,0.029859727248549461,123,30,39.6946,0
thin0.60000002384185791_browse0_clear5,0,32,sitka-spruce,1525.887939453125,10.009651184082031,7.7253799438476563,2.2842710018157959,0.766090989112854,0,0.70734471082687378,2,45.7173957824707,0.14276449382305145,0.056985609233379364,0.0504596121609211,123,32,42.2128,0
thin0.60000002384185791_browse0_clear5,0,33,sitka-spruce,615.328857421875,6.7427773475646973,5.147789478302002,1.5949885845184326,0.73964053392410278,0,0,0,50.125541687011719,0.14912539720535278,0.072293601930141449,0.06390698254108429,120,35,37.7541,0
thin0.60000002384185791_browse0_clear5,0,34,sitka-spruce,604.17120361328125,6.9288430213928223,2.5737812519073486,4.35506010055542,1.1933400630950928,0,0,0,51.505985260009766,0.16004586219787598,0.0823410302400589,0.072507448494434357,114,41,36.2962,0
thin0.60000002384185791_browse0_clear5,0,35,sitka-spruce,574.4197998046875,6.9074316024780273,5.9216232299804688,0.98580795526504517,1.0237493515014648,0,0.53988099098205566,1,27.488998413085938,0.11755228042602539,2.1577376173809171E-05,0,107,49,35.816,19
thin0.60000002384185791_browse0_clear5,0,36,sitka-spruce,569.24774169921875,7.02577543258667,6.0021476745605469,1.023627758026123,0.66420668363571167,0,0.68484032154083252,2,32.1421012878418,0.14169058203697205,0.033308174461126328,0.029679212719202042,104,54,36.257400000000004,0
thin0.60000002384185791_browse0_clear5,0,37,sitka-spruce,566.7039794921875,7.20808744430542,6.1118021011352539,1.0962848663330078,0.73026168346405029,0,0.5126727819442749,1,37.010967254638672,0.16147319972515106,0.055250547826290131,0.048799186944961548,101,58,34.0685,0
thin0.60000002384185791_browse0_clear5,0,38,sitka-spruce,577.17108154296875,7.1762847900390625,5.9746088981628418,1.2016758918762207,0.65736573934555054,0,0.28617548942565918,1,42.042034149169922,0.17556671798229218,0.0699906200170517,0.060917120426893234,101,59,32.897,0
thin0.60000002384185791_browse0_clear5,0,39,sitka-spruce,1445.1351318359375,10.831164360046387,9.0255517959594727,1.805612325668335,0.66786277294158936,0,0.67569649219512939,1,49.724029541015625,0.18607516586780548,0.08006671816110611,0.068285204470157623,99,62,33.6833,0
thin0.60000002384185791_browse0_clear5,0,40,sitka-spruce,576.32666015625,7.156919002532959,6.2562675476074219,0.90065163373947144,0.65571928024291992,0,0.68046474456787109,1,30.284622192382813,0.14287872612476349,0.00026780681218951941,0,97,65,33.2889,18
thin0.60000002384185791_browse0_clear5,0,41,sitka-spruce,1439.36376953125,10.518050193786621,9.0723714828491211,1.4456795454025269,0.8204694390296936,0,0.7631756067276001,2,37.773345947265625,0.16229309141635895,0.029311072081327438,0.023253947496414185,97,67,34.139700000000005,0
thin0.60000002384185791_browse0_clear5,0,42,sitka-spruce,1472.5657958984375,10.196615219116211,8.4085845947265625,1.7880285978317261,0.77495944499969482,0,0.33609092235565186,1,45.070880889892578,0.170984148979187,0.048986215144395828,0.038935132324695587,97,68,32.6023,0
thin0.60000002384185791_browse0_clear5,0,43,sitka-spruce,1468.0404052734375,10.283706665039063,8.0646171569824219,2.2190861701965332,0.98213976621627808,0,0,0,52.153358459472656,0.17753909528255463,0.062533289194107056,0.050181355327367783,94,71,30.884400000000003,0
thin0.60000002384185791_browse0_clear5,0,44,sitka-spruce,1493.1656494140625,10.148704528808594,3.435060977935791,6.7136449813842773,1.0591628551483154,0,0.87853574752807617,2,53.650722503662109,0.18292570114135742,0.070546515285968781,0.056609023362398148,96,71,24.347,0
thin0.60000002384185791_browse0_clear5,0,45,sitka-spruce,1485.56494140625,10.434266090393066,7.5909562110900879,2.8433082103729248,0.75160372257232666,0,0,0,36.490074157714844,0.14856985211372375,0.00058779277605935931,0,90,77,32.0897,16
thin0.60000002384185791_browse0_clear5,0,46,sitka-spruce,576.21722412109375,7.0069732666015625,4.9059796333312988,2.10099458694458,0.71429502964019775,0,1.2322297096252441,3,39.449527740478516,0.16460451483726501,0.028242269530892372,0.022051030769944191,88,82,33.8453,0
thin0.60000002384185791_browse0_clear5,0,47,sitka-spruce,1438.1318359375,10.493498802185059,7.6613764762878418,2.8321213722229004,0.72219574451446533,0,0,0,46.388710021972656,0.18015667796134949,0.045715432614088058,0.036299176514148712,84,86,27.937900000000003,0
thin0.60000002384185791_browse0_clear5,0,48,sitka-spruce,567.242431640625,6.8542442321777344,4.6152877807617188,2.23895525932312,0.92850053310394287,0,1.7327933311462402,2,48.342704772949219,0.19376836717128754,0.056287340819835663,0.0452442467212677,83,89,30.325400000000002,0
thin0.60000002384185791_browse0_clear5,0,49,sitka-spruce,577.4493408203125,6.81065559387207,4.0698156356811523,2.7408413887023926,1.1159496307373047,0,0.96285766363143921,2,50.333713531494141,0.2037702202796936,0.0621560662984848,0.050495434552431107,83,91,30.0881,0
thin0.60000002384185791_browse0_clear5,0,50,sitka-spruce,2181.3291015625,10.883417129516602,8.45980167388916,2.4236152172088623,0.97360861301422119,0,0.010258717462420464,1,35.677761077880859,0.15784312784671783,0.00020025382400490344,0,82,93,28.442500000000003,16
thin0.60000002384185791_browse0_clear5,0,51,sitka-spruce,581.9822998046875,6.7911438941955566,4.8039369583129883,1.9872068166732788,0.95143306255340576,0,0.034703537821769714,1,39.495559692382813,0.18283085525035858,0.020702913403511047,0.01692233607172966,80,96,29.1748,0
thin0.60000002384185791_browse0_clear5,0,52,sitka-spruce,2182.877197265625,10.864297866821289,7.746246337890625,3.1180474758148193,1.1597732305526733,0,1.6760916709899902,4,44.405941009521484,0.2005867063999176,0.033958423882722855,0.027792278677225113,81,99,32.705600000000004,0
thin0.60000002384185791_browse0_clear5,0,53,sitka-spruce,1467.68408203125,9.7652444839477539,7.22971773147583,2.5355277061462402,1.1055980920791626,0,0,0,50.530063629150391,0.21049651503562927,0.042208384722471237,0.034476645290851593,79,101,26.9557,0
thin0.60000002384185791_browse0_clear5,0,54,sitka-spruce,581.49761962890625,6.62257719039917,2.8832881450653076,3.7392895221710205,1.3416173458099365,0,2.2254011631011963,5,49.846332550048828,0.22288285195827484,0.047091264277696609,0.038474630564451218,80,105,34.3063,0
thin0.60000002384185791_browse0_clear5,0,55,sitka-spruce,1419.48291015625,9.7332601547241211,6.8720231056213379,2.8612391948699951,1.1412651538848877,0,1.0308989286422729,2,36.546192169189453,0.18863214552402496,0.00032235775142908096,0,75,112,30.725900000000003,12
thin0.60000002384185791_browse0_clear5,0,56,sitka-spruce,576.12841796875,6.2405433654785156,4.2037515640258789,2.0367920398712158,1.0827516317367554,0,0.58276540040969849,1,39.084426879882813,0.20073685050010681,0.017743833363056183,0.015129799954593182,76,112,20.9393,0
thin0.60000002384185791_browse0_clear5,0,57,sitka-spruce,1435.497802734375,9.2825603485107422,6.4845128059387207,2.7980465888977051,1.2732290029525757,0,1.473391056060791,3,42.822319030761719,0.20981402695178986,0.029258986935019493,0.025221455842256546,76,115,31.2904,0
thin0.60000002384185791_browse0_clear5,0,58,sitka-spruce,2148.865478515625,10.038967132568359,7.5622220039367676,2.4767446517944336,1.1905555725097656,0,1.8748718500137329,5,47.319114685058594,0.2136642187833786,0.038775783032178879,0.032926548272371292,77,119,34.303000000000004,0
thin0.60000002384185791_browse0_clear5,0,59,sitka-spruce,1430.3514404296875,9.5252237319946289,4.0852642059326172,5.4399609565734863,1.1271848678588867,0,0.26406571269035339,1,50.013126373291016,0.22195856273174286,0.044607914984226227,0.037438143044710159,69,128,29.9952,0
thin0.60000002384185791_browse0_clear5,0,60,sitka-spruce,1402.134033203125,9.4778413772583,6.2959084510803223,3.1819350719451904,0.80901771783828735,0,1.6163766384124756,3,34.647705078125,0.17775942385196686,9.3287853815127164E-05,0,69,131,34.2787,13
thin0.60000002384185791_browse0_clear5,0,61,sitka-spruce,2094.392822265625,10.168778419494629,7.4279956817626953,2.740781307220459,0.7318151593208313,0,1.5668598413467407,3,39.777027130126953,0.19691853225231171,0.017928250133991241,0.01456835400313139,69,134,29.3316,0
thin0.60000002384185791_browse0_clear5,0,62,sitka-spruce,1375.612060546875,9.69017219543457,7.2850832939147949,2.4050881862640381,0.6677781343460083,0,1.0972588062286377,3,45.297073364257813,0.21470409631729126,0.030214102938771248,0.024256868287920952,66,140,30.104000000000003,0
thin0.60000002384185791_browse0_clear5,0,63,sitka-spruce,1374.3349609375,9.34105396270752,6.5445542335510254,2.7964978218078613,0.65958321094512939,0,1.2673640251159668,3,49.914680480957031,0.22672624886035919,0.037281978875398636,0.029395036399364471,67,142,28.230900000000002,0
thin0.60000002384185791_browse0_clear5,0,64,sitka-spruce,538.4971923828125,6.2642841339111328,2.6238656044006348,3.6404182910919189,0.55860209465026855,0,0.82156938314437866,2,51.158374786376953,0.240413635969162,0.042163338512182236,0.032864835113286972,62,149,27.8791,0
thin0.60000002384185791_browse0_clear5,0,65,sitka-spruce,535.77252197265625,6.1218013763427734,4.281245231628418,1.84055757522583,0.51886641979217529,0,0,0,38.907070159912109,0.21139438450336456,6.6199514549225569E-05,0,59,152,23.128400000000003,11
thin0.60000002384185791_browse0_clear5,0,66,sitka-spruce,511.92889404296875,6.1586828231811523,3.9602110385894775,2.1984717845916748,0.44672510027885437,0,0.57620483636856079,2,41.844352722167969,0.23012168705463409,0.017386129125952721,0.013952447101473808,58,155,24.8362,0
thin0.60000002384185791_browse0_clear5,0,67,sitka-spruce,1292.92431640625,9.431605339050293,5.84860372543335,3.5830032825469971,0.56873190402984619,0,1.280099630355835,3,45.844123840332031,0.24166280031204224,0.028439225628972054,0.023123323917388916,59,157,27.1552,0
thin0.60000002384185791_browse0_clear5,0,68,sitka-spruce,1260.299072265625,9.4361572265625,6.4208354949951172,3.01532244682312,0.62486875057220459,0,1.4017772674560547,3,50.238311767578125,0.24263542890548706,0.039350125938653946,0.032280966639518738,59,160,26.3956,0
thin0.60000002384185791_browse0_clear5,0,69,sitka-spruce,509.91183471679688,5.7730193138122559,3.6448280811309814,2.1281905174255371,0.84058046340942383,0,2.0502920150756836,4,50.992267608642578,0.24082203209400177,0.0457494743168354,0.038089476525783539,61,162,30.7021,0
thin0.60000002384185791_browse0_clear5,0,70,sitka-spruce,504.791259765625,5.7540712356567383,4.5992698669433594,1.1548010110855103,0.75682926177978516,0,0.23075588047504425,1,34.362575531005859,0.17574936151504517,2.15401487366762E-05,0,54,170,26.9925,15
thin0.60000002384185791_browse0_clear5,0,71,sitka-spruce,499.21954345703125,5.5915942192077637,4.5844402313232422,1.0071543455123901,0.8065829873085022,0,1.3873324394226074,3,36.753101348876953,0.19474786520004272,0.017238017171621323,0.014419931918382645,55,172,28.3736,0
thin0.60000002384185791_browse0_clear5,0,72,sitka-spruce,1224.9007568359375,8.8206253051757813,7.093508243560791,1.7271184921264648,1.0236259698867798,0,1.1445775032043457,2,41.67840576171875,0.20936396718025208,0.028626741841435432,0.024352939799427986,55,174,24.9187,0
thin0.60000002384185791_browse0_clear5,0,73,sitka-spruce,1207.722412109375,8.74199390411377,7.0174250602722168,1.7245694398880005,0.974947452545166,0,1.3205394744873047,3,46.400344848632813,0.22257372736930847,0.035800900310277939,0.030709275975823402,53,179,27.360200000000003,0
thin0.60000002384185791_browse0_clear5,0,74,sitka-spruce,1777.3046875,9.5963516235351563,7.4151878356933594,2.1811618804931641,1.2333613634109497,0,1.1062073707580566,3,51.4759635925293,0.23262982070446014,0.040187407284975052,0.034729551523923874,52,183,26.215200000000003,0
thin0.60000002384185791_browse0_clear5,0,75,sitka-spruce,1157.270751953125,8.6311855316162109,6.5501742362976074,2.0810108184814453,1.3917592763900757,0,1.2558786869049072,2,42.31866455078125,0.21718175709247589,0.00018595320580061525,0,50,187,23.9263,9
thin0.60000002384185791_browse0_clear5,0,76,sitka-spruce,1138.0421142578125,8.4469575881958,5.3221783638000488,3.124779224395752,1.2654134035110474,0,1.0247547626495361,3,45.350677490234375,0.2316746860742569,0.014359192922711372,0.012131727300584316,50,190,25.339100000000002,0
thin0.60000002384185791_browse0_clear5,0,77,sitka-spruce,1111.86865234375,8.3552608489990234,5.4410314559936523,2.9142293930053711,1.1763849258422852,0,0.96988999843597412,4,48.645431518554688,0.24083484709262848,0.024317046627402306,0.020028401166200638,50,194,26.732400000000002,0
thin0.60000002384185791_browse0_clear5,0,78,sitka-spruce,434.1512451171875,5.0780391693115234,3.4221470355987549,1.6558929681777954,1.0859537124633789,0,0.46845462918281555,2,50.5131721496582,0.24844612181186676,0.031399540603160858,0.025135338306427002,47,199,25.1765,0
thin0.60000002384185791_browse0_clear5,0,79,sitka-spruce,426.87478637695313,4.9645929336547852,3.0343749523162842,1.930217981338501,0.96452790498733521,0,0.56270784139633179,2,52.020309448242188,0.25452107191085815,0.035318236798048019,0.027982179075479507,46,202,21.7988,0
thin0.60000002384185791_browse0_clear5,0,80,sitka-spruce,1067.5858154296875,8.0624876022338867,5.7394824028015137,2.3230068683624268,0.96698606014251709,0,0.47069829702377319,1,42.890422821044922,0.21647930145263672,4.1820978367468342E-05,0,46,203,22.9582,10
thin0.60000002384185791_browse0_clear5,0,81,sitka-spruce,418.15286254882813,4.8393139839172363,2.9144282341003418,1.9248852729797363,0.96731215715408325,0,0.40532013773918152,2,44.432216644287109,0.23431795835494995,0.01244343351572752,0.0091150989755988121,45,206,24.243100000000002,0
thin0.60000002384185791_browse0_clear5,0,82,sitka-spruce,1525.5390625,9.4246673583984375,5.6484670639038086,3.776200532913208,0.7123795747756958,0,0,0,49.368305206298828,0.250928670167923,0.020561343058943748,0.0149103794246912,42,209,18.7883,0
thin0.60000002384185791_browse0_clear5,0,83,sitka-spruce,969.0045166015625,8.5492639541625977,5.06398344039917,3.4852824211120605,0.912591278553009,0,0.016390359029173851,1,53.5033073425293,0.26983290910720825,0.025702234357595444,0.01840762235224247,41,211,20.2615,0
thin0.60000002384185791_browse0_clear5,0,84,sitka-spruce,387.74081420898438,4.8530097007751465,2.5674374103546143,2.285571813583374,0.97674155235290527,0,0.026448849588632584,1,55.067554473876953,0.28155669569969177,0.028777169063687325,0.020331276580691338,41,212,18.2081,0
thin0.60000002384185791_browse0_clear5,0,85,sitka-spruce,969.68994140625,8.132288932800293,4.6240534782409668,3.5082354545593262,1.0997494459152222,0,1.1083763837814331,4,47.690708160400391,0.26771628856658936,2.1047849259048235E-06,0,44,213,25.2058,7
thin0.60000002384185791_browse0_clear5,0,86,sitka-spruce,946.52435302734375,8.1807460784912109,4.7811717987060547,3.3995730876922607,0.98762136697769165,0,2.2708439826965332,3,49.213413238525391,0.27936524152755737,0.010565208271145821,0.0065432912670075893,42,218,24.442500000000003,0
thin0.60000002384185791_browse0_clear5,0,87,sitka-spruce,927.60150146484375,7.9838190078735352,4.4712400436401367,3.5125794410705566,1.1523885726928711,0,0.78023827075958252,2,51.752025604248047,0.28747910261154175,0.017677603289484978,0.010958033613860607,40,222,23.2219,0
thin0.60000002384185791_browse0_clear5,0,88,sitka-spruce,371.04055786132813,4.4047145843505859,2.6750688552856445,1.7296462059020996,1.0861564874649048,0,1.0006964206695557,2,52.340244293212891,0.29020461440086365,0.022148400545120239,0.013635831885039806,42,222,16.858800000000002,0
thin0.60000002384185791_browse0_clear5,0,89,sitka-spruce,896.8704833984375,7.8555779457092285,4.5929660797119141,3.2626144886016846,1.552281379699707,0,2.3774850368499756,5,53.003444671630859,0.29061251878738403,0.026832377538084984,0.016649985685944557,42,227,26.603900000000003,0
thin0.60000002384185791_browse0_clear5,0,90,sitka-spruce,896.8704833984375,7.5459527969360352,5.2656888961791992,2.2802631855010986,1.39398992061615,0,1.9362881183624268,4,43.865390777587891,0.2571963369846344,7.36596393835498E-06,0,44,229,26.4847,8
thin0.60000002384185791_browse0_clear5,0,91,sitka-spruce,872.68994140625,7.74844217300415,4.9430508613586426,2.8053898811340332,1.2157559394836426,0,2.7135882377624512,5,44.879100799560547,0.2655874490737915,0.011884955689311028,0.006556251086294651,41,237,29.4003,0
thin0.60000002384185791_browse0_clear5,0,92,sitka-spruce,872.68994140625,7.4801445007324219,5.2550358772277832,2.2251083850860596,1.1471556425094604,0,0.38945209980010986,1,48.597526550292969,0.26839578151702881,0.019030721858143806,0.010094561614096165,40,239,23.8887,0
thin0.60000002384185791_browse0_clear5,0,93,sitka-spruce,341.98678588867188,4.1711759567260742,2.9679574966430664,1.2032191753387451,1.0752227306365967,0,2.3453669548034668,8,48.144893646240234,0.27141934633255005,0.023793276399374008,0.012657749466598034,43,244,32.3544,0
thin0.60000002384185791_browse0_clear5,0,94,sitka-spruce,351.83444213867188,4.0541830062866211,3.1172778606414795,0.93690592050552368,1.2887954711914063,0,1.2344615459442139,3,48.738914489746094,0.26837265491485596,0.026496728882193565,0.01404357235878706,43,247,27.1387,0
thin0.60000002384185791_browse0_clear5,0,95,sitka-spruce,330.20758056640625,4.1203317642211914,3.1770505905151367,0.94328045845031738,0.74709528684616089,0,1.055689811706543,2,37.56298828125,0.2284255176782608,4.9842863170113105E-09,0,36,256,24.925,10
thin0.60000002384185791_browse0_clear5,0,96,sitka-spruce,1238.2781982421875,8.59985637664795,7.1269559860229492,1.4729001522064209,0.68432986736297607,0,1.0263592004776,2,42.979255676269531,0.24714823067188263,0.00852382555603981,0.0044634407386183739,37,257,20.8933,0
thin0.60000002384185791_browse0_clear5,0,97,sitka-spruce,319.58721923828125,4.1759214401245117,3.1092040538787842,1.0667175054550171,0.66654616594314575,0,0.42092067003250122,1,45.000991821289063,0.26095646619796753,0.016106029972434044,0.0086928941309452057,34,261,19.386300000000002,0
thin0.60000002384185791_browse0_clear5,0,98,sitka-spruce,319.58721923828125,4.0986800193786621,2.9210424423217773,1.1776367425918579,0.60748505592346191,0,2.6190614700317383,6,44.695487976074219,0.26976561546325684,0.020708022639155388,0.011222892440855503,39,262,26.4643,0
thin0.60000002384185791_browse0_clear5,0,99,sitka-spruce,1208.963134765625,8.4951791763305664,6.6358904838562012,1.8592900037765503,0.55860501527786255,0,0.686418890953064,2,50.086357116699219,0.270889014005661,0.023163586854934692,0.012408948503434658,39,264,22.7376,0
thin0.60000002384185791_browse0_clear5,0,100,sitka-spruce,773.8763427734375,7.5011148452758789,6.1260018348693848,1.3751125335693359,0.88496875762939453,0,1.0405455827713013,2,41.167644500732422,0.22251874208450317,1.4079082575335633E-05,0,34,271,24.4541,11
thin0.60000002384185791_browse0_clear5,1,1,sitka-spruce,180.627197265625,2.3341326713562012,2.3341326713562012,0,0,0,0,0,2.3341331481933594,0.12058307230472565,0,0,134,0,68.514400000000009,14
thin0.60000002384185791_browse0_clear5,1,2,sitka-spruce,137.00523376464844,1.808189868927002,1.808189868927002,0,0.023135019466280937,0,0,0,4.11918830871582,0.13137996196746826,0.0384015291929245,0.02792818658053875,134,0,61.015,0
thin0.60000002384185791_browse0_clear5,1,3,sitka-spruce,490.90802001953125,5.1451425552368164,5.1451425552368164,0,0.027956068515777588,0,0,0,9.2363748550415039,0.13811576366424561,0.064905345439910889,0.047702658921480179,134,0,55.139,0
thin0.60000002384185791_browse0_clear5,1,4,sitka-spruce,252.00164794921875,3.1079609394073486,3.1079609394073486,0,0.077297113835811615,0,0,0,12.267037391662598,0.14224675297737122,0.083298482000827789,0.06167902797460556,134,0,54.6084,0
thin0.60000002384185791_browse0_clear5,1,5,sitka-spruce,305.25326538085938,3.596811056137085,3.596811056137085,0,0.098876118659973145,0,0,0,8.0697460174560547,0.11601445823907852,5.7701603509485722E-05,0,134,0,53.640800000000006,16
thin0.60000002384185791_browse0_clear5,1,6,sitka-spruce,892.92962646484375,7.186622142791748,7.186622142791748,0,0.12450476735830307,0,0,0,15.131862640380859,0.1279045045375824,0.03784465417265892,0.029075050726532936,134,0,54.1355,0
thin0.60000002384185791_browse0_clear5,1,7,sitka-spruce,1021.4639282226563,7.726931095123291,7.726931095123291,0,0.19946280121803284,0,0,0,22.659330368041992,0.1370951384305954,0.064412616193294525,0.04990619421005249,134,0,55.991,0
thin0.60000002384185791_browse0_clear5,1,8,sitka-spruce,1725.52880859375,9.2084550857543945,9.2084550857543945,0,0.24906335771083832,0,0,0,31.618724822998047,0.1445920318365097,0.082990668714046478,0.064959950745105743,134,0,53.654500000000006,0
thin0.60000002384185791_browse0_clear5,1,9,sitka-spruce,512.3380126953125,5.54224157333374,5.54224157333374,0,0.29870420694351196,0,0,0,36.862258911132813,0.15093083679676056,0.095931962132453918,0.075925163924694061,134,0,53.0585,0
thin0.60000002384185791_browse0_clear5,1,10,sitka-spruce,565.55914306640625,6.0132789611816406,6.0132789611816406,0,0.30760195851325989,0,0,0,18.715425491333008,0.11292679607868195,1.0647625458659604E-05,0,134,0,51.5902,19
thin0.60000002384185791_browse0_clear5,1,11,sitka-spruce,563.72137451171875,6.1055693626403809,5.974036693572998,0.13153298199176788,0.32126420736312866,0,0,0,24.368196487426758,0.13080646097660065,0.037381794303655624,0.031085172668099403,134,0,47.2002,0
thin0.60000002384185791_browse0_clear5,1,12,sitka-spruce,1408.656982421875,9.4214572906494141,8.28439712524414,1.1370601654052734,0.33368098735809326,0,0,0,32.318912506103516,0.14407283067703247,0.063246279954910278,0.053046360611915588,134,0,45.0337,0
thin0.60000002384185791_browse0_clear5,1,13,sitka-spruce,1411.3460693359375,9.5500173568725586,7.8427519798278809,1.7072658538818359,0.38934263586997986,0,0,0,39.772319793701172,0.15397894382476807,0.081027522683143616,0.068540461361408234,134,0,43.4683,0
thin0.60000002384185791_browse0_clear5,1,14,sitka-spruce,566.7406005859375,6.3625173568725586,5.1994714736938477,1.1630455255508423,0.43603560328483582,0,0,0,44.535758972167969,0.16140908002853394,0.093125768005847931,0.079422995448112488,134,0,41.0172,0
thin0.60000002384185791_browse0_clear5,1,15,sitka-spruce,2137.094482421875,10.544578552246094,8.5959987640380859,1.9485809803009033,0.42802441120147705,0,0,0,27.812461853027344,0.12555532157421112,5.3587842785418616E-07,0,134,0,36.9148,19
thin0.60000002384185791_browse0_clear5,1,16,sitka-spruce,573.84234619140625,6.4975857734680176,5.2007660865783691,1.2968199253082275,0.47793662548065186,0,0,0,32.5352897644043,0.14216989278793335,0.035649608820676804,0.03128843754529953,134,0,32.895900000000005,0
thin0.60000002384185791_browse0_clear5,1,17,sitka-spruce,578.4642333984375,6.5518550872802734,5.2483711242675781,1.3034851551055908,0.59983545541763306,0,0,0,37.183822631835938,0.15386581420898438,0.060135822743177414,0.0530313141644001,134,0,31.5557,0
thin0.60000002384185791_browse0_clear5,1,18,sitka-spruce,1459.1220703125,9.9023160934448242,7.96365213394165,1.9386640787124634,0.56632077693939209,0,0.34308284521102905,1,44.238071441650391,0.16201475262641907,0.076720878481864929,0.067998290061950684,135,0,31.3272,0
thin0.60000002384185791_browse0_clear5,1,19,sitka-spruce,589.2642822265625,6.6135601997375488,5.3043274879455566,1.3092330694198608,0.58580702543258667,0,0.269473135471344,1,48.687118530273438,0.16768981516361237,0.087761960923671722,0.078176453709602356,136,0,30.2562,0
thin0.60000002384185791_browse0_clear5,1,20,sitka-spruce,595.21795654296875,6.5699787139892578,5.5745668411254883,0.99541133642196655,0.731081485748291,0,0.93898153305053711,3,25.748214721679688,0.12264236062765121,2.6969924959985292E-08,0,139,0,32.088100000000004,19
thin0.60000002384185791_browse0_clear5,1,21,sitka-spruce,1503.4169921875,9.4309673309326172,8.4120464324951172,1.0189195871353149,0.67616915702819824,0,0.55689269304275513,1,32.927196502685547,0.13288602232933044,0.032861609011888504,0.0299073439091444,140,0,31.006800000000002,0
thin0.60000002384185791_browse0_clear5,1,22,sitka-spruce,2279.16015625,10.033744812011719,9.0329570770263672,1.0007878541946411,0.90915125608444214,0,0.82605355978012085,2,40.224948883056641,0.14064086973667145,0.055250070989131927,0.050483360886573792,142,0,33.2767,0
thin0.60000002384185791_browse0_clear5,1,23,sitka-spruce,1538.8642578125,9.1949977874755859,8.5302724838256836,0.66472584009170532,1.3692499399185181,0,0,0,47.385971069335938,0.14420154690742493,0.070307046175003052,0.064514525234699249,141,1,41.6439,0
thin0.60000002384185791_browse0_clear5,1,24,sitka-spruce,1548.6910400390625,9.2283115386962891,4.326744556427002,4.9015684127807617,1.3169832229614258,0,0.91901087760925293,2,49.476718902587891,0.14769022166728973,0.080206885933876038,0.073892727494239807,141,3,43.760600000000004,0
thin0.60000002384185791_browse0_clear5,1,25,sitka-spruce,2335.323486328125,9.7499074935913086,8.6957626342773438,1.0541443824768066,1.1896990537643433,0,0.40027272701263428,1,28.082511901855469,0.093714237213134766,1.3573543400369203E-09,0,141,4,44.8278,19
thin0.60000002384185791_browse0_clear5,1,26,sitka-spruce,1564.6407470703125,8.9282999038696289,8.1571483612060547,0.77115225791931152,1.3081603050231934,0,0,0,34.931499481201172,0.10982623696327209,0.029706722125411034,0.028098216280341148,140,5,42.1057,0
thin0.60000002384185791_browse0_clear5,1,27,sitka-spruce,599.89495849609375,6.6046152114868164,5.9286227226257324,0.675992488861084,0.97979891300201416,0,0.87748849391937256,2,39.002838134765625,0.1289697140455246,0.052490655332803726,0.049285084009170532,134,13,44.2623,0
thin0.60000002384185791_browse0_clear5,1,28,sitka-spruce,1491.5887451171875,9.8452968597412109,8.9877595901489258,0.8575361967086792,0.84525471925735474,0,0.38679406046867371,2,46.758544921875,0.14181895554065704,0.069024048745632172,0.064195737242698669,132,17,43.8922,0
thin0.60000002384185791_browse0_clear5,1,29,sitka-spruce,1507.8360595703125,9.9170284271240234,5.3170099258422852,4.6000204086303711,0.810244619846344,0,1.6749762296676636,3,49.590335845947266,0.15349309146404266,0.0795459970831871,0.074021212756633759,131,21,44.9574,0
thin0.60000002384185791_browse0_clear5,1,30,sitka-spruce,2246.09423828125,10.675656318664551,8.85885238647461,1.8168044090270996,0.886357843875885,0,0.880341649055481,1,31.557527542114258,0.12101247161626816,0.00028028199449181557,0,127,26,41.4654,17
thin0.60000002384185791_browse0_clear5,1,31,sitka-spruce,2251.87060546875,10.848187446594238,8.68748950958252,2.1606974601745605,0.77956533432006836,0,0,0,39.465450286865234,0.13328173756599426,0.033958226442337036,0.029859727248549461,123,30,39.2993,0
thin0.60000002384185791_browse0_clear5,1,32,sitka-spruce,1525.887939453125,10.009651184082031,7.7253799438476563,2.2842710018157959,0.766090989112854,0,0.70734471082687378,2,45.7173957824707,0.14276449382305145,0.056985609233379364,0.0504596121609211,123,32,41.4735,0
thin0.60000002384185791_browse0_clear5,1,33,sitka-spruce,615.328857421875,6.7427773475646973,5.147789478302002,1.5949885845184326,0.73964053392410278,0,0,0,50.125541687011719,0.14912539720535278,0.072293601930141449,0.06390698254108429,120,35,37.482800000000005,0
thin0.60000002384185791_browse0_clear5,1,34,sitka-spruce,604.17120361328125,6.9288430213928223,2.5737812519073486,4.35506010055542,1.1933400630950928,0,0,0,51.505985260009766,0.16004586219787598,0.0823410302400589,0.072507448494434357,114,41,35.910000000000004,0
thin0.60000002384185791_browse0_clear5,1,35,sitka-spruce,574.4197998046875,6.9074316024780273,5.9216232299804688,0.98580795526504517,1.0237493515014648,0,0.53988099098205566,1,27.488998413085938,0.11755228042602539,2.1577376173809171E-05,0,107,49,36.2203,19
thin0.60000002384185791_browse0_clear5,1,36,sitka-spruce,569.24774169921875,7.02577543258667,6.0021476745605469,1.023627758026123,0.66420668363571167,0,0.68484032154083252,2,32.1421012878418,0.14169058203697205,0.033308174461126328,0.029679212719202042,104,54,38.4774,0
thin0.60000002384185791_browse0_clear5,1,37,sitka-spruce,566.7039794921875,7.20808744430542,6.1118021011352539,1.0962848663330078,0.73026168346405029,0,0.5126727819442749,1,37.010967254638672,0.16147319972515106,0.055250547826290131,0.048799186944961548,101,58,34.3007,0
thin0.60000002384185791_browse0_clear5,1,38,sitka-spruce,577.17108154296875,7.1762847900390625,5.9746088981628418,1.2016758918762207,0.65736573934555054,0,0.28617548942565918,1,42.042034149169922,0.17556671798229218,0.0699906200170517,0.060917120426893234,101,59,32.0724,0
thin0.60000002384185791_browse0_clear5,1,39,sitka-spruce,1445.1351318359375,10.831164360046387,9.0255517959594727,1.805612325668335,0.66786277294158936,0,0.67569649219512939,1,49.724029541015625,0.18607516586780548,0.08006671816110611,0.068285204470157623,99,62,33.7481,0
thin0.60000002384185791_browse0_clear5,1,40,sitka-spruce,576.32666015625,7.156919002532959,6.2562675476074219,0.90065163373947144,0.65571928024291992,0,0.68046474456787109,1,30.284622192382813,0.14287872612476349,0.00026780681218951941,0,97,65,32.9577,18
thin0.60000002384185791_browse0_clear5,1,41,sitka-spruce,1439.36376953125,10.518050193786621,9.0723714828491211,1.4456795454025269,0.8204694390296936,0,0.7631756067276001,2,37.773345947265625,0.16229309141635895,0.029311072081327438,0.023253947496414185,97,67,33.6425,0
thin0.60000002384185791_browse0_clear5,1,42,sitka-spruce,1472.5657958984375,10.196615219116211,8.4085845947265625,1.7880285978317261,0.77495944499969482,0,0.33609092235565186,1,45.070880889892578,0.170984148979187,0.048986215144395828,0.038935132324695587,97,68,33.0963,0
thin0.60000002384185791_browse0_clear5,1,43,sitka-spruce,1468.0404052734375,10.283706665039063,8.0646171569824219,2.2190861701965332,0.98213976621627808,0,0,0,52.153358459472656,0.17753909528255463,0.062533289194107056,0.050181355327367783,94,71,31.5882,0
thin0.60000002384185791_browse0_clear5,1,44,sitka-spruce,1493.1656494140625,10.148704528808594,3.435060977935791,6.7136449813842773,1.0591628551483154,0,0.87853574752807617,2,53.650722503662109,0.18292570114135742,0.070546515285968781,0.056609023362398148,96,71,24.16,0
thin0.60000002384185791_browse0_clear5,1,45,sitka-spruce,1485.56494140625,10.434266090393066,7.5909562110900879,2.8433082103729248,0.75160372257232666,0,0,0,36.490074157714844,0.14856985211372375,0.00058779277605935931,0,90,77,30.819200000000002,16
thin0.60000002384185791_browse0_clear5,1,46,sitka-spruce,576.21722412109375,7.0069732666015625,4.9059796333312988,2.10099458694458,0.71429502964019775,0,1.2322297096252441,3,39.449527740478516,0.16460451483726501,0.028242269530892372,0.022051030769944191,88,82,32.7937,0
thin0.60000002384185791_browse0_clear5,1,47,sitka-spruce,1438.1318359375,10.493498802185059,7.6613764762878418,2.8321213722229004,0.72219574451446533,0,0,0,46.388710021972656,0.18015667796134949,0.045715432614088058,0.036299176514148712,84,86,28.848100000000002,0
thin0.60000002384185791_browse0_clear5,1,48,sitka-spruce,567.242431640625,6.8542442321777344,4.6152877807617188,2.23895525932312,0.92850053310394287,0,1.7327933311462402,2,48.342704772949219,0.19376836717128754,0.056287340819835663,0.0452442467212677,83,89,30.2082,0
thin0.60000002384185791_browse0_clear5,1,49,sitka-spruce,577.4493408203125,6.81065559387207,4.0698156356811523,2.7408413887023926,1.1159496307373047,0,0.96285766363143921,2,50.333713531494141,0.2037702202796936,0.0621560662984848,0.050495434552431107,83,91,30.0696,0
thin0.60000002384185791_browse0_clear5,1,50,sitka-spruce,2181.3291015625,10.883417129516602,8.45980167388916,2.4236152172088623,0.97360861301422119,0,0.010258717462420464,1,35.677761077880859,0.15784312784671783,0.00020025382400490344,0,82,93,28.977600000000002,16
thin0.60000002384185791_browse0_clear5,1,51,sitka-spruce,581.9822998046875,6.7911438941955566,4.8039369583129883,1.9872068166732788,0.95143306255340576,0,0.034703537821769714,1,39.495559692382813,0.18283085525035858,0.020702913403511047,0.01692233607172966,80,96,31.924300000000002,0
thin0.60000002384185791_browse0_clear5,1,52,sitka-spruce,2182.877197265625,10.864297866821289,7.746246337890625,3.1180474758148193,1.1597732305526733,0,1.6760916709899902,4,44.405941009521484,0.2005867063999176,0.033958423882722855,0.027792278677225113,81,99,35.0169,0
thin0.60000002384185791_browse0_clear5,1,53,sitka-spruce,1467.68408203125,9.7652444839477539,7.22971773147583,2.5355277061462402,1.1055980920791626,0,0,0,50.530063629150391,0.21049651503562927,0.042208384722471237,0.034476645290851593,79,101,28.9328,0
thin0.60000002384185791_browse0_clear5,1,54,sitka-spruce,581.49761962890625,6.62257719039917,2.8832881450653076,3.7392895221710205,1.3416173458099365,0,2.2254011631011963,5,49.846332550048828,0.22288285195827484,0.047091264277696609,0.038474630564451218,80,105,35.0925,0
thin0.60000002384185791_browse0_clear5,1,55,sitka-spruce,1419.48291015625,9.7332601547241211,6.8720231056213379,2.8612391948699951,1.1412651538848877,0,1.0308989286422729,2,36.546192169189453,0.18863214552402496,0.00032235775142908096,0,75,112,33.4824,12
thin0.60000002384185791_browse0_clear5,1,56,sitka-spruce,576.12841796875,6.2405433654785156,4.2037515640258789,2.0367920398712158,1.0827516317367554,0,0.58276540040969849,1,39.084426879882813,0.20073685050010681,0.017743833363056183,0.015129799954593182,76,112,21.6907,0
thin0.60000002384185791_browse0_clear5,1,57,sitka-spruce,1435.497802734375,9.2825603485107422,6.4845128059387207,2.7980465888977051,1.2732290029525757,0,1.473391056060791,3,42.822319030761719,0.20981402695178986,0.029258986935019493,0.025221455842256546,76,115,32.100500000000004,0
thin0.60000002384185791_browse0_clear5,1,58,sitka-spruce,2148.865478515625,10.038967132568359,7.5622220039367676,2.4767446517944336,1.1905555725097656,0,1.8748718500137329,5,47.319114685058594,0.2136642187833786,0.038775783032178879,0.032926548272371292,77,119,34.8558,0
thin0.60000002384185791_browse0_clear5,1,59,sitka-spruce,1430.3514404296875,9.5252237319946289,4.0852642059326172,5.4399609565734863,1.1271848678588867,0,0.26406571269035339,1,50.013126373291016,0.22195856273174286,0.044607914984226227,0.037438143044710159,69,128,30.2691,0
thin0.60000002384185791_browse0_clear5,1,60,sitka-spruce,1402.134033203125,9.4778413772583,6.2959084510803223,3.1819350719451904,0.80901771783828735,0,1.6163766384124756,3,34.647705078125,0.17775942385196686,9.3287853815127164E-05,0,69,131,28.750600000000002,13
thin0.60000002384185791_browse0_clear5,1,61,sitka-spruce,2094.392822265625,10.168778419494629,7.4279956817626953,2.740781307220459,0.7318151593208313,0,1.5668598413467407,3,39.777027130126953,0.19691853225231171,0.017928250133991241,0.01456835400313139,69,134,30.9323,0
thin0.60000002384185791_browse0_clear5,1,62,sitka-spruce,1375.612060546875,9.69017219543457,7.2850832939147949,2.4050881862640381,0.6677781343460083,0,1.0972588062286377,3,45.297073364257813,0.21470409631729126,0.030214102938771248,0.024256868287920952,66,140,31.108600000000003,0
thin0.60000002384185791_browse0_clear5,1,63,sitka-spruce,1374.3349609375,9.34105396270752,6.5445542335510254,2.7964978218078613,0.65958321094512939,0,1.2673640251159668,3,49.914680480957031,0.22672624886035919,0.037281978875398636,0.029395036399364471,67,142,29.079800000000002,0
thin0.60000002384185791_browse0_clear5,1,64,sitka-spruce,538.4971923828125,6.2642841339111328,2.6238656044006348,3.6404182910919189,0.55860209465026855,0,0.82156938314437866,2,51.158374786376953,0.240413635969162,0.042163338512182236,0.032864835113286972,62,149,28.7299,0
thin0.60000002384185791_browse0_clear5,1,65,sitka-spruce,535.77252197265625,6.1218013763427734,4.281245231628418,1.84055757522583,0.51886641979217529,0,0,0,38.907070159912109,0.21139438450336456,6.6199514549225569E-05,0,59,152,23.2604,11
thin0.60000002384185791_browse0_clear5,1,66,sitka-spruce,511.92889404296875,6.1586828231811523,3.9602110385894775,2.1984717845916748,0.44672510027885437,0,0.57620483636856079,2,41.844352722167969,0.23012168705463409,0.017386129125952721,0.013952447101473808,58,155,24.6126,0
thin0.60000002384185791_browse0_clear5,1,67,sitka-spruce,1292.92431640625,9.431605339050293,5.84860372543335,3.5830032825469971,0.56873190402984619,0,1.280099630355835,3,45.844123840332031,0.24166280031204224,0.028439225628972054,0.023123323917388916,59,157,27.058400000000002,0
thin0.60000002384185791_browse0_clear5,1,68,sitka-spruce,1260.299072265625,9.4361572265625,6.4208354949951172,3.01532244682312,0.62486875057220459,0,1.4017772674560547,3,50.238311767578125,0.24263542890548706,0.039350125938653946,0.032280966639518738,59,160,26.948800000000002,0
thin0.60000002384185791_browse0_clear5,1,69,sitka-spruce,509.91183471679688,5.7730193138122559,3.6448280811309814,2.1281905174255371,0.84058046340942383,0,2.0502920150756836,4,50.992267608642578,0.24082203209400177,0.0457494743168354,0.038089476525783539,61,162,29.622400000000003,0
thin0.60000002384185791_browse0_clear5,1,70,sitka-spruce,504.791259765625,5.7540712356567383,4.5992698669433594,1.1548010110855103,0.75682926177978516,0,0.23075588047504425,1,34.362575531005859,0.17574936151504517,2.15401487366762E-05,0,54,170,27.678600000000003,15
thin0.60000002384185791_browse0_clear5,1,71,sitka-spruce,499.21954345703125,5.5915942192077637,4.5844402313232422,1.0071543455123901,0.8065829873085022,0,1.3873324394226074,3,36.753101348876953,0.19474786520004272,0.017238017171621323,0.014419931918382645,55,172,25.7532,0
thin0.60000002384185791_browse0_clear5,1,72,sitka-spruce,1224.9007568359375,8.8206253051757813,7.093508243560791,1.7271184921264648,1.0236259698867798,0,1.1445775032043457,2,41.67840576171875,0.20936396718025208,0.028626741841435432,0.024352939799427986,55,174,24.6568,0
thin0.60000002384185791_browse0_clear5,1,73,sitka-spruce,1207.722412109375,8.74199390411377,7.0174250602722168,1.7245694398880005,0.974947452545166,0,1.3205394744873047,3,46.400344848632813,0.22257372736930847,0.035800900310277939,0.030709275975823402,53,179,27.253800000000002,0
thin0.60000002384185791_browse0_clear5,1,74,sitka-spruce,1777.3046875,9.5963516235351563,7.4151878356933594,2.1811618804931641,1.2333613634109497,0,1.1062073707580566,3,51.4759635925293,0.23262982070446014,0.040187407284975052,0.034729551523923874,52,183,26.049500000000002,0
thin0.60000002384185791_browse0_clear5,1,75,sitka-spruce,1157.270751953125,8.6311855316162109,6.5501742362976074,2.0810108184814453,1.3917592763900757,0,1.2558786869049072,2,42.31866455078125,0.21718175709247589,0.00018595320580061525,0,50,187,25.5484,9
thin0.60000002384185791_browse0_clear5,1,76,sitka-spruce,1138.0421142578125,8.4469575881958,5.3221783638000488,3.124779224395752,1.2654134035110474,0,1.0247547626495361,3,45.350677490234375,0.2316746860742569,0.014359192922711372,0.012131727300584316,50,190,25.9538,0
thin0.60000002384185791_browse0_clear5,1,77,sitka-spruce,1111.86865234375,8.3552608489990234,5.4410314559936523,2.9142293930053711,1.1763849258422852,0,0.96988999843597412,4,48.645431518554688,0.24083484709262848,0.024317046627402306,0.020028401166200638,50,194,26.4461,0
thin0.60000002384185791_browse0_clear5,1,78,sitka-spruce,434.1512451171875,5.0780391693115234,3.4221470355987549,1.6558929681777954,1.0859537124633789,0,0.46845462918281555,2,50.5131721496582,0.24844612181186676,0.031399540603160858,0.025135338306427002,47,199,24.7284,0
thin0.60000002384185791_browse0_clear5,1,79,sitka-spruce,426.87478637695313,4.9645929336547852,3.0343749523162842,1.930217981338501,0.96452790498733521,0,0.56270784139633179,2,52.020309448242188,0.25452107191085815,0.035318236798048019,0.027982179075479507,46,202,22.0807,0
thin0.60000002384185791_browse0_clear5,1,80,sitka-spruce,1067.5858154296875,8.0624876022338867,5.7394824028015137,2.3230068683624268,0.96698606014251709,0,0.47069829702377319,1,42.890422821044922,0.21647930145263672,4.1820978367468342E-05,0,46,203,21.930600000000002,10
thin0.60000002384185791_browse0_clear5,1,81,sitka-spruce,418.15286254882813,4.8393139839172363,2.9144282341003418,1.9248852729797363,0.96731215715408325,0,0.40532013773918152,2,44.432216644287109,0.23431795835494995,0.01244343351572752,0.0091150989755988121,45,206,24.8959,0
thin0.60000002384185791_browse0_clear5,1,82,sitka-spruce,1525.5390625,9.4246673583984375,5.6484670639038086,3.776200532913208,0.7123795747756958,0,0,0,49.368305206298828,0.250928670167923,0.020561343058943748,0.0149103794246912,42,209,18.7632,0
thin0.60000002384185791_browse0_clear5,1,83,sitka-spruce,969.0045166015625,8.5492639541625977,5.06398344039917,3.4852824211120605,0.912591278553009,0,0.016390359029173851,1,53.5033073425293,0.26983290910720825,0.025702234357595444,0.01840762235224247,41,211,19.698900000000002,0
thin0.60000002384185791_browse0_clear5,1,84,sitka-spruce,387.74081420898438,4.8530097007751465,2.5674374103546143,2.285571813583374,0.97674155235290527,0,0.026448849588632584,1,55.067554473876953,0.28155669569969177,0.028777169063687325,0.020331276580691338,41,212,18.2784,0
thin0.60000002384185791_browse0_clear5,1,85,sitka-spruce,969.68994140625,8.132288932800293,4.6240534782409668,3.5082354545593262,1.0997494459152222,0,1.1083763837814331,4,47.690708160400391,0.26771628856658936,2.1047849259048235E-06,0,44,213,24.891000000000002,7
thin0.60000002384185791_browse0_clear5,1,86,sitka-spruce,946.52435302734375,8.1807460784912109,4.7811717987060547,3.3995730876922607,0.98762136697769165,0,2.2708439826965332,3,49.213413238525391,0.27936524152755737,0.010565208271145821,0.0065432912670075893,42,218,24.315900000000003,0
thin0.60000002384185791_browse0_clear5,1,87,sitka-spruce,927.60150146484375,7.9838190078735352,4.4712400436401367,3.5125794410705566,1.1523885726928711,0,0.78023827075958252,2,51.752025604248047,0.28747910261154175,0.017677603289484978,0.010958033613860607,40,222,20.9205,0
thin0.60000002384185791_browse0_clear5,1,88,sitka-spruce,371.04055786132813,4.4047145843505859,2.6750688552856445,1.7296462059020996,1.0861564874649048,0,1.0006964206695557,2,52.340244293212891,0.29020461440086365,0.022148400545120239,0.013635831885039806,42,222,16.8463,0
thin0.60000002384185791_browse0_clear5,1,89,sitka-spruce,896.8704833984375,7.8555779457092285,4.5929660797119141,3.2626144886016846,1.552281379699707,0,2.3774850368499756,5,53.003444671630859,0.29061251878738403,0.026832377538084984,0.016649985685944557,42,227,27.3156,0
thin0.60000002384185791_browse0_clear5,1,90,sitka-spruce,896.8704833984375,7.5459527969360352,5.2656888961791992,2.2802631855010986,1.39398992061615,0,1.9362881183624268,4,43.865390777587891,0.2571963369846344,7.36596393835498E-06,0,44,229,26.1598,8
thin0.60000002384185791_browse0_clear5,1,91,sitka-spruce,872.68994140625,7.74844217300415,4.9430508613586426,2.8053898811340332,1.2157559394836426,0,2.7135882377624512,5,44.879100799560547,0.2655874490737915,0.011884955689311028,0.006556251086294651,41,237,29.9864,0
thin0.60000002384185791_browse0_clear5,1,92,sitka-spruce,872.68994140625,7.4801445007324219,5.2550358772277832,2.2251083850860596,1.1471556425094604,0,0.38945209980010986,1,48.597526550292969,0.26839578151702881,0.019030721858143806,0.010094561614096165,40,239,20.0428,0
thin0.60000002384185791_browse0_clear5,1,93,sitka-spruce,341.98678588867188,4.1711759567260742,2.9679574966430664,1.2032191753387451,1.0752227306365967,0,2.3453669548034668,8,48.144893646240234,0.27141934633255005,0.023793276399374008,0.012657749466598034,43,244,33.023900000000005,0
thin0.60000002384185791_browse0_clear5,1,94,sitka-spruce,351.83444213867188,4.0541830062866211,3.1172778606414795,0.93690592050552368,1.2887954711914063,0,1.2344615459442139,3,48.738914489746094,0.26837265491485596,0.026496728882193565,0.01404357235878706,43,247,25.157,0
thin0.60000002384185791_browse0_clear5,1,95,sitka-spruce,330.20758056640625,4.1203317642211914,3.1770505905151367,0.94328045845031738,0.74709528684616089,0,1.055689811706543,2,37.56298828125,0.2284255176782608,4.9842863170113105E-09,0,36,256,24.501800000000003,10
thin0.60000002384185791_browse0_clear5,1,96,sitka-spruce,1238.2781982421875,8.59985637664795,7.1269559860229492,1.4729001522064209,0.68432986736297607,0,1.0263592004776,2,42.979255676269531,0.24714823067188263,0.00852382555603981,0.0044634407386183739,37,257,19.8487,0
thin0.60000002384185791_browse0_clear5,1,97,sitka-spruce,319.58721923828125,4.1759214401245117,3.1092040538787842,1.0667175054550171,0.66654616594314575,0,0.42092067003250122,1,45.000991821289063,0.26095646619796753,0.016106029972434044,0.0086928941309452057,34,261,19.3805,0
thin0.60000002384185791_browse0_clear5,1,98,sitka-spruce,319.58721923828125,4.0986800193786621,2.9210424423217773,1.1776367425918579,0.60748505592346191,0,2.6190614700317383,6,44.695487976074219,0.26976561546325684,0.020708022639155388,0.011222892440855503,39,262,26.9157,0
thin0.60000002384185791_browse0_clear5,1,99,sitka-spruce,1208.963134765625,8.4951791763305664,6.6358904838562012,1.8592900037765503,0.55860501527786255,0,0.686418890953064,2,50.086357116699219,0.270889014005661,0.023163586854934692,0.012408948503434658,39,264,23.293400000000002,0
thin0.60000002384185791_browse0_clear5,1,100,sitka-spruce,773.8763427734375,7.5011148452758789,6.1260018348693848,1.3751125335693359,0.88496875762939453,0,1.0405455827713013,2,41.167644500732422,0.22251874208450317,1.4079082575335633E-05,0,34,271,22.9598,11
thin0.60000002384185791_browse0.800000011920929_clear0,0,1,sitka-spruce,180.627197265625,2.3341326713562012,2.3341326713562012,0,0,0,0,0,2.3341331481933594,0.15362063050270081,0.13082265853881836,0.09150230884552002,134,0,66.7868,0
thin0.60000002384185791_browse0.800000011920929_clear0,0,2,sitka-spruce,137.00523376464844,1.808189868927002,1.808189868927002,0,0.023135019466280937,0.011092798784375191,0,0,4.108095645904541,0.15327435731887817,0.12845729291439056,0.091494008898735046,134,0,61.3271,0
thin0.60000002384185791_browse0.800000011920929_clear0,0,3,sitka-spruce,490.90802001953125,5.1451425552368164,5.1451425552368164,0,0.027875855565071106,0.019585076719522476,0,0,9.2057771682739258,0.15229779481887817,0.12637072801589966,0.091643683612346649,134,0,55.3753,0
thin0.60000002384185791_browse0.800000011920929_clear0,0,4,sitka-spruce,252.00164794921875,3.1079609394073486,3.1079609394073486,0,0.0771469920873642,0.039881765842437744,0,0,12.196708679199219,0.15119737386703491,0.12486601620912552,0.091892451047897339,134,0,55.8459,0
thin0.60000002384185791_browse0.800000011920929_clear0,0,5,sitka-spruce,305.25326538085938,3.596811056137085,3.596811056137085,0,0.098459765315055847,0.045987103134393692,0,0,15.649072647094727,0.15088309347629547,0.12382980436086655,0.0925477147102356,134,0,54.967400000000005,0
thin0.60000002384185791_browse0.800000011920929_clear0,0,6,sitka-spruce,892.92962646484375,7.186622142791748,7.186622142791748,0,0.12379360198974609,0.048347312957048416,0,0,22.663553237915039,0.15133999288082123,0.12337178736925125,0.0935974270105362,134,0,55.758300000000006,0
thin0.60000002384185791_browse0.800000011920929_clear0,0,7,sitka-spruce,1021.4639282226563,7.726931095123291,7.726931095123291,0,0.198418527841568,0.060705889016389847,0,0,30.131359100341797,0.15281444787979126,0.12333664298057556,0.094948947429656982,134,0,54.1388,0
thin0.60000002384185791_browse0.800000011920929_clear0,0,8,sitka-spruce,1725.52880859375,9.2084550857543945,8.3221435546875,0.88631337881088257,0.24759392440319061,0.090686976909637451,0,0,38.1152229309082,0.15516047179698944,0.12343522906303406,0.096416831016540527,134,0,55.122,0
thin0.60000002384185791_browse0.800000011920929_clear0,0,9,sitka-spruce,512.3380126953125,5.54224157333374,3.5106418132781982,2.0315990447998047,0.29673835635185242,0.10747730731964111,0,0,41.221649169921875,0.15806823968887329,0.12356700748205185,0.097861729562282562,134,0,54.423100000000005,0
thin0.60000002384185791_browse0.800000011920929_clear0,0,10,sitka-spruce,565.55914306640625,6.0132789611816406,2.5420928001403809,3.4711856842041016,0.30488976836204529,0.07373790442943573,0,0,43.385112762451172,0.16126474738121033,0.1235663965344429,0.099211551249027252,134,0,51.7638,0
thin0.60000002384185791_browse0.800000011920929_clear0,0,11,sitka-spruce,563.72137451171875,6.1055693626403809,1.8142726421356201,4.29129695892334,0.31792372465133667,0.065550409257411957,0,0,44.815910339355469,0.16450111567974091,0.12339374423027039,0.10043645650148392,134,0,47.939800000000005,0
thin0.60000002384185791_browse0.800000011920929_clear0,0,12,sitka-spruce,1408.656982421875,9.4214572906494141,1.9480501413345337,7.4734058380126953,0.32978770136833191,0.042442899197340012,0,0,46.391731262207031,0.16760832071304321,0.12304726243019104,0.10149148106575012,134,0,44.870200000000004,0
thin0.60000002384185791_browse0.800000011920929_clear0,0,13,sitka-spruce,1411.3460693359375,9.5500173568725586,1.5080411434173584,8.0419759750366211,0.38496166467666626,0.040168967097997665,0.67473137378692627,4,46.799911499023438,0.17044630646705627,0.12252124398946762,0.10234875231981277,138,0,50.6374,0
thin0.60000002384185791_browse0.800000011920929_clear0,0,14,sitka-spruce,566.5260009765625,6.268333911895752,1.6328015327453613,4.6355314254760742,0.43105268478393555,0.038756046444177628,1.4045954942703247,8,46.558307647705078,0.1765940934419632,0.11596912890672684,0.097582295536994934,146,0,52.857600000000005,0
thin0.60000002384185791_browse0.800000011920929_clear0,0,15,sitka-spruce,2134.372314453125,10.349405288696289,2.982429027557373,7.366976261138916,0.42199224233627319,0.035803552716970444,2.6166224479675293,7,46.466316223144531,0.1874563992023468,0.10037429630756378,0.08015558123588562,153,0,55.0814,0
thin0.60000002384185791_browse0.800000011920929_clear0,0,16,sitka-spruce,572.3798828125,6.19218111038208,2.2424747943878174,3.9497056007385254,0.47120994329452515,0.042843423783779144,3.5980231761932373,11,44.596717834472656,0.20069266855716705,0.086875282227993011,0.06793714314699173,164,0,58.1963,0
thin0.60000002384185791_browse0.800000011920929_clear0,0,17,sitka-spruce,575.76763916015625,5.9027328491210938,4.232701301574707,1.6700308322906494,0.58883047103881836,0.046470671892166138,0.37675994634628296,1,47.817356109619141,0.21799597144126892,0.068050473928451538,0.0537397675216198,165,0,45.8234,0
thin0.60000002384185791_browse0.800000011920929_clear0,0,18,sitka-spruce,1449.4013671875,8.7560520172119141,2.8161282539367676,5.9399232864379883,0.55324965715408325,0.056476853787899017,1.7666627168655396,3,48.257095336914063,0.23108014464378357,0.056874249130487442,0.04550522193312645,168,0,48.3102,0
thin0.60000002384185791_browse0.800000011920929_clear0,0,19,sitka-spruce,584.194580078125,5.6712384223937988,1.650826096534729,4.0204124450683594,0.57135689258575439,0.059808250516653061,7.2011375427246094,12,42.075618743896484,0.24146564304828644,0.047471698373556137,0.038640722632408142,180,0,75.1429,0
thin0.60000002384185791_browse0.800000011920929_clear0,0,20,sitka-spruce,588.650390625,5.221433162689209,3.440540075302124,1.7808935642242432,0.79760324954986572,0.050867456942796707,3.6642119884490967,9,41.003475189208984,0.24822512269020081,0.034966159611940384,0.027847185730934143,188,1,73.9524,0
thin0.60000002384185791_browse0.800000011920929_clear0,0,21,sitka-spruce,1482.9525146484375,7.0679912567138672,5.5658369064331055,1.5021542310714722,0.90809029340744019,0.051242835819721222,2.6259992122650146,6,42.983982086181641,0.24744759500026703,0.026799103245139122,0.021439256146550179,194,1,57.680400000000006,0
thin0.60000002384185791_browse0.800000011920929_clear0,0,22,sitka-spruce,2250.67724609375,7.1097469329833984,5.2998638153076172,1.8098832368850708,1.5636130571365356,0.067382708191871643,3.2124402523040771,7,43.440410614013672,0.24365776777267456,0.018429933115839958,0.013579596765339375,201,1,62.2105,0
thin0.60000002384185791_browse0.800000011920929_clear0,0,23,sitka-spruce,1524.5357666015625,6.1088290214538574,3.6688199043273926,2.4400086402893066,1.6702232360839844,0.0825069397687912,1.5238544940948486,5,43.832645416259766,0.23825924098491669,0.01198674738407135,0.0083735678344964981,204,3,78.1452,0
thin0.60000002384185791_browse0.800000011920929_clear0,0,24,sitka-spruce,1544.0242919921875,5.7236928939819336,3.2518877983093262,2.4718055725097656,1.7439709901809692,0.083625450730323792,1.1318472623825073,3,44.125087738037109,0.23083072900772095,0.00791166815906763,0.0049052801914513111,206,4,76.173200000000008,0
thin0.60000002384185791_browse0.800000011920929_clear0,0,25,sitka-spruce,2339.39404296875,6.0234222412109375,2.7012076377868652,3.3222155570983887,2.00443959236145,0.077260866761207581,0.60838890075683594,3,44.136207580566406,0.22460424900054932,0.0056794174015522,0.0030096897389739752,206,7,75.7735,0
thin0.60000002384185791_browse0.800000011920929_clear0,0,26,sitka-spruce,1571.7945556640625,5.3326377868652344,2.4268617630004883,2.9057762622833252,1.7223408222198486,0.0698908194899559,0.94624054431915283,3,43.8245964050293,0.21455425024032593,0.004392347764223814,0.0019000249449163675,205,11,78.3977,0
thin0.60000002384185791_browse0.800000011920929_clear0,0,27,sitka-spruce,632.93731689453125,3.6860208511352539,1.6857026815414429,2.0003182888031006,1.5498404502868652,0.066175937652587891,1.0038800239562988,2,42.890403747558594,0.20393247902393341,0.0057906536385416985,0.0029105260036885738,201,17,83.0078,0
thin0.60000002384185791_browse0.800000011920929_clear0,0,28,sitka-spruce,1598.0531005859375,5.4664306640625,2.5108122825622559,2.9556174278259277,1.5689408779144287,0.060400277376174927,0.3439105749130249,2,43.427963256835938,0.19861866533756256,0.0066759008914232254,0.0035373871214687824,197,23,83.6528,0
thin0.60000002384185791_browse0.800000011920929_clear0,0,29,sitka-spruce,1625.1407470703125,5.5820064544677734,2.6843819618225098,2.8976225852966309,1.5773370265960693,0.060258105397224426,0.43062481284141541,1,44.04412841796875,0.19500131905078888,0.0072974693030118942,0.0039902501739561558,193,28,74.842,0
thin0.60000002384185791_browse0.800000011920929_clear0,0,30,sitka-spruce,2433.106201171875,6.4543066024780273,2.6049680709838867,3.8493378162384033,1.6801040172576904,0.061825815588235855,2.3604950904846191,5,42.546669006347656,0.19327737390995026,0.00947549007833004,0.0057375584729015827,189,37,77.412500000000009,0
thin0.60000002384185791_browse0.800000011920929_clear0,0,31,sitka-spruce,2473.765869140625,6.0901002883911133,2.5538172721862793,3.5362823009490967,1.7560644149780273,0.059180982410907745,0.33970052003860474,2,42.945541381835938,0.19063031673431396,0.010887349955737591,0.0067563354969024658,185,43,72.007100000000008,0
thin0.60000002384185791_browse0.800000011920929_clear0,0,32,sitka-spruce,1669.805908203125,5.8631987571716309,2.3268706798553467,3.5363290309906006,1.54075288772583,0.051842611283063889,0.0948529988527298,1,43.584964752197266,0.191631481051445,0.010899131186306477,0.0072444803081452847,180,49,70.645400000000009,0
thin0.60000002384185791_browse0.800000011920929_clear0,0,33,sitka-spruce,674.0472412109375,4.2278175354003906,1.3620269298553467,2.8657913208007813,1.4156402349472046,0.052696190774440765,1.6437749862670898,5,41.834880828857422,0.19508279860019684,0.010785369202494621,0.0072507541626691818,177,57,73.0526,0
thin0.60000002384185791_browse0.800000011920929_clear0,0,34,sitka-spruce,660.59228515625,4.516291618347168,2.0220856666564941,2.4942066669464111,1.0768799781799316,0.050678648054599762,0.59653711318969727,2,42.132869720458984,0.20468369126319885,0.010567806661128998,0.0068721077404916286,165,71,67.579900000000009,0
thin0.60000002384185791_browse0.800000011920929_clear0,0,35,sitka-spruce,659.50091552734375,4.8003473281860352,2.3909826278686523,2.4093647003173828,1.0827431678771973,0.051980331540107727,1.7787044048309326,3,41.610424041748047,0.20602571964263916,0.014061067253351212,0.010225856676697731,159,80,64.6375,0
thin0.60000002384185791_browse0.800000011920929_clear0,0,36,sitka-spruce,656.334716796875,5.0000004768371582,2.4207570552825928,2.5792441368103027,1.2457717657089233,0.052032984793186188,1.0972821712493896,3,41.636093139648438,0.20364943146705627,0.019826805219054222,0.016061903908848763,154,88,61.1141,0
thin0.60000002384185791_browse0.800000011920929_clear0,0,37,sitka-spruce,649.22442626953125,5.5154237747192383,3.1921532154083252,2.3232698440551758,0.96535944938659668,0.05352337658405304,1.4716925621032715,5,42.337673187255859,0.20237323641777039,0.027109000831842422,0.020788105204701424,149,98,64.002800000000008,0
thin0.60000002384185791_browse0.800000011920929_clear0,0,38,sitka-spruce,658.88409423828125,5.417874813079834,3.2645840644836426,2.1532907485961914,0.87769365310668945,0.058279462158679962,3.6416611671447754,7,41.024620056152344,0.19969518482685089,0.030985835939645767,0.023647615686058998,147,107,67.3901,0
thin0.60000002384185791_browse0.800000011920929_clear0,0,39,sitka-spruce,1635.447265625,8.0845756530761719,5.7003369331359863,2.3842382431030273,1.0719921588897705,0.059522852301597595,1.2870367765426636,6,44.3064079284668,0.20474550127983093,0.033810701221227646,0.025698507204651833,142,118,73.9076,0
thin0.60000002384185791_browse0.800000011920929_clear0,0,40,sitka-spruce,637.730712890625,5.9315891265869141,3.6160290241241455,2.315561056137085,0.99183285236358643,0.068158537149429321,0.77243012189865112,3,46.090011596679688,0.21092016994953156,0.035910192877054214,0.025618840008974075,131,132,55.147800000000004,0
thin0.60000002384185791_browse0.800000011920929_clear0,0,41,sitka-spruce,1556.242431640625,8.7305755615234375,3.8950634002685547,4.835512638092041,0.80394136905670166,0.070447772741317749,0.30948632955551147,1,48.801200866699219,0.21806079149246216,0.038167748600244522,0.026882952079176903,122,142,46.888000000000005,0
thin0.60000002384185791_browse0.800000011920929_clear0,0,42,sitka-spruce,1568.4915771484375,8.863865852355957,2.6270139217376709,6.236851692199707,0.60999530553817749,0.078222870826721191,1.62601900100708,6,49.113979339599609,0.22148637473583221,0.039126858115196228,0.026394248008728027,124,146,53.736700000000006,0
thin0.60000002384185791_browse0.800000011920929_clear0,0,43,sitka-spruce,1575.526611328125,9.0601310729980469,2.7529454231262207,6.30718469619751,0.84313660860061646,0.065531082451343536,3.7972869873046875,5,47.160968780517578,0.22658731043338776,0.037263888865709305,0.022638879716396332,121,154,52.9014,0
thin0.60000002384185791_browse0.800000011920929_clear0,0,44,sitka-spruce,1599.5946044921875,9.0412454605102539,3.3354144096374512,5.705833911895752,1.3962936401367188,0.054961349815130234,2.3512873649597168,5,46.693840026855469,0.23350146412849426,0.034255880862474442,0.020112073048949242,122,158,50.621300000000005,0
thin0.60000002384185791_browse0.800000011920929_clear0,0,45,sitka-spruce,1568.6256103515625,9.3355484008789063,4.1486659049987793,5.1868829727172852,0.72639888525009155,0.058800715953111649,1.8685333728790283,6,48.188774108886719,0.2363775223493576,0.033107750117778778,0.01742824912071228,118,168,54.132400000000004,0
thin0.60000002384185791_browse0.800000011920929_clear0,0,46,sitka-spruce,622.7724609375,6.6727638244628906,3.3600647449493408,3.3126966953277588,1.0474097728729248,0.065970882773399353,0.85403472185134888,6,49.581424713134766,0.24493527412414551,0.032580714672803879,0.016821488738059998,113,179,53.208600000000004,0
thin0.60000002384185791_browse0.800000011920929_clear0,0,47,sitka-spruce,1568.3240966796875,9.47557258605957,4.1782588958740234,5.2973151206970215,1.0132251977920532,0.06955990195274353,0.76791810989379883,2,51.908977508544922,0.25515085458755493,0.029280021786689758,0.014224080368876457,110,184,44.828500000000005,0
thin0.60000002384185791_browse0.800000011920929_clear0,0,48,sitka-spruce,620.460205078125,6.5942683219909668,2.2725710868835449,4.3216981887817383,0.972818911075592,0.072339385747909546,1.6019947528839111,6,51.534397125244141,0.25819689035415649,0.029486458748579025,0.013451563194394112,107,193,50.52,0
thin0.60000002384185791_browse0.800000011920929_clear0,0,49,sitka-spruce,637.76666259765625,6.411046028137207,2.4113245010375977,3.999720573425293,0.99763983488082886,0.064329788088798523,4.1865577697753906,8,48.697193145751953,0.25833925604820251,0.029909169301390648,0.014585526660084724,110,198,54.0769,0
thin0.60000002384185791_browse0.800000011920929_clear0,0,50,sitka-spruce,2312.4306640625,10.250251770019531,4.102879524230957,6.1473712921142578,0.72278207540512085,0.059448696672916412,3.724196195602417,7,48.293643951416016,0.26141431927680969,0.030561922118067741,0.015716934576630592,98,217,62.892,0
thin0.60000002384185791_browse0.800000011920929_clear0,0,51,sitka-spruce,616.27777099609375,6.2819857597351074,2.8481857776641846,3.4337983131408691,0.56678152084350586,0.059282176196575165,1.7749353647232056,4,48.7408332824707,0.26586872339248657,0.027885187417268753,0.014797743409872055,96,223,43.4884,0
thin0.60000002384185791_browse0.800000011920929_clear0,0,52,sitka-spruce,2301.802734375,10.069450378417969,4.7522392272949219,5.31721305847168,0.51081681251525879,0.060413066297769547,2.1425738334655762,5,50.779266357421875,0.26857054233551025,0.027229882776737213,0.014228293672204018,92,232,44.454100000000004,0
thin0.60000002384185791_browse0.800000011920929_clear0,0,53,sitka-spruce,1494.55859375,9.2844533920288086,3.7631235122680664,5.5213298797607422,1.0724433660507202,0.066812597215175629,2.4624290466308594,7,50.940704345703125,0.27116125822067261,0.025078438222408295,0.013304403051733971,93,238,50.0437,0
thin0.60000002384185791_browse0.800000011920929_clear0,0,54,sitka-spruce,606.98834228515625,6.0439190864562988,2.4562575817108154,3.5876607894897461,0.855127215385437,0.066699616611003876,2.5478644371032715,5,49.927272796630859,0.27423420548439026,0.019973399117588997,0.0096346409991383553,93,243,43.303000000000004,0
thin0.60000002384185791_browse0.800000011920929_clear0,0,55,sitka-spruce,1498.9794921875,8.9763202667236328,4.11552095413208,4.8608007431030273,0.843976616859436,0.061329767107963562,1.8191118240356445,7,51.318374633789063,0.27377480268478394,0.020899437367916107,0.010502356104552746,87,256,49.344300000000004,0
thin0.60000002384185791_browse0.800000011920929_clear0,0,56,sitka-spruce,598.46783447265625,5.9890127182006836,2.8720910549163818,3.11692214012146,0.89652276039123535,0.061526726931333542,1.4412447214126587,6,51.791172027587891,0.27137473225593567,0.022016262635588646,0.011112935841083527,84,265,44.0947,0
thin0.60000002384185791_browse0.800000011920929_clear0,0,57,sitka-spruce,1472.2867431640625,8.9299736022949219,4.0790081024169922,4.85096549987793,1.214056134223938,0.060725081712007523,0.64477694034576416,4,53.95062255859375,0.26898464560508728,0.023751690983772278,0.012139330618083477,79,274,41.1222,0
thin0.60000002384185791_browse0.800000011920929_clear0,0,58,sitka-spruce,2187.90771484375,9.6520233154296875,2.4595072269439697,7.1925187110900879,1.132719874382019,0.066117025911808014,3.2523951530456543,8,51.958896636962891,0.27170193195343018,0.02406051941215992,0.011893626302480698,83,278,52.2314,0
thin0.60000002384185791_browse0.800000011920929_clear0,0,59,sitka-spruce,1468.023193359375,8.8392715454101563,3.2866818904876709,5.5525894165039063,1.3976894617080688,0.060378856956958771,1.7375831604003906,8,52.0499267578125,0.27494072914123535,0.023482076823711395,0.011064037680625916,80,289,54.1364,0
thin0.60000002384185791_browse0.800000011920929_clear0,0,60,sitka-spruce,1458.2236328125,8.9248857498168945,3.4977462291717529,5.4271392822265625,1.7625072002410889,0.058542419224977493,2.3647828102111816,7,51.361839294433594,0.2768534719944,0.02365996316075325,0.010740113444626331,77,299,53.669900000000005,0
thin0.60000002384185791_browse0.800000011920929_clear0,0,61,sitka-spruce,2201.16748046875,9.0645198822021484,3.7278759479522705,5.336644172668457,1.5024396181106567,0.059499882161617279,0.5248028039932251,2,53.002975463867188,0.27454423904418945,0.022978674620389938,0.010645736940205097,76,302,33.923,0
thin0.60000002384185791_browse0.800000011920929_clear0,0,62,sitka-spruce,1432.767822265625,8.6734657287597656,2.9896566867828369,5.683807373046875,1.3112987279891968,0.063130557537078857,3.9792091846466064,7,50.638992309570313,0.27760088443756104,0.023196972906589508,0.011616254225373268,74,311,42.8731,0
thin0.60000002384185791_browse0.800000011920929_clear0,0,63,sitka-spruce,1420.3216552734375,8.7157316207885742,3.8622210025787354,4.85351037979126,0.974462628364563,0.06418263167142868,2.7565984725952148,6,50.705970764160156,0.282769113779068,0.022545238956809044,0.011382803320884705,71,320,43.154700000000005,0
thin0.60000002384185791_browse0.800000011920929_clear0,0,64,sitka-spruce,558.84423828125,5.6377062797546387,2.842322826385498,2.7953822612762451,0.91303515434265137,0.0690784677863121,1.8933329582214355,4,50.672847747802734,0.28504925966262817,0.021876556798815727,0.010723156854510307,67,328,39.287,0
thin0.60000002384185791_browse0.800000011920929_clear0,0,65,sitka-spruce,557.703369140625,5.4829177856445313,3.2353122234344482,2.2476058006286621,0.795327365398407,0.067623451352119446,1.2244149446487427,8,51.820793151855469,0.28570458292961121,0.020245986059308052,0.0096912430599331856,70,333,41.8509,0
thin0.60000002384185791_browse0.800000011920929_clear0,0,66,sitka-spruce,557.00238037109375,5.324094295501709,2.9714951515197754,2.3526005744934082,1.0177286863327026,0.072892546653747559,1.8709080219268799,4,51.830757141113281,0.28486138582229614,0.018213896080851555,0.0082291672006249428,65,342,36.349900000000005,0
thin0.60000002384185791_browse0.800000011920929_clear0,0,67,sitka-spruce,1356.06982421875,8.13710880279541,3.9872007369995117,4.1499061584472656,1.5089585781097412,0.071601174771785736,2.3110547065734863,5,51.926345825195313,0.28767016530036926,0.016247257590293884,0.0073635755106806755,64,348,35.9264,0
thin0.60000002384185791_browse0.800000011920929_clear0,0,68,sitka-spruce,1350.32470703125,7.8984460830688477,4.1221985816955566,3.7762463092803955,2.2238681316375732,0.070004954934120178,2.4031174182891846,3,51.351554870605469,0.28051963448524475,0.017740469425916672,0.009113924577832222,64,351,33.3614,0
thin0.60000002384185791_browse0.800000011920929_clear0,0,69,sitka-spruce,530.8087158203125,5.2346267700195313,2.5616846084594727,2.672943115234375,1.4142309427261353,0.06737808883190155,1.133337140083313,4,51.298294067382813,0.28056898713111877,0.017994318157434464,0.0099387774243950844,61,358,36.438900000000004,0
thin0.60000002384185791_browse0.800000011920929_clear0,0,70,sitka-spruce,524.6871337890625,5.3111119270324707,2.6881349086761475,2.6229763031005859,1.2488218545913696,0.062167085707187653,2.5982859134674072,5,50.077152252197266,0.28443896770477295,0.01739337295293808,0.010171134024858475,61,363,39.789,0
thin0.60000002384185791_browse0.800000011920929_clear0,0,71,sitka-spruce,504.72067260742188,5.3423213958740234,2.7594599723815918,2.5828609466552734,1.0506037473678589,0.053007315844297409,1.0898816585540771,4,50.643119812011719,0.28977766633033752,0.016961891204118729,0.010049979202449322,58,370,36.688900000000004,0
thin0.60000002384185791_browse0.800000011920929_clear0,0,72,sitka-spruce,1235.552001953125,8.42004680633545,4.1685943603515625,4.2514519691467285,0.81313592195510864,0.055427048355340958,1.5138375759124756,5,52.429313659667969,0.29612159729003906,0.015977898612618446,0.009715106338262558,58,375,35.854800000000004,0
thin0.60000002384185791_browse0.800000011920929_clear0,0,73,sitka-spruce,1219.4376220703125,8.1931056976318359,3.855358362197876,4.3377485275268555,1.2465811967849731,0.060977354645729065,0.26780843734741211,3,54.709304809570313,0.29937225580215454,0.014851911924779415,0.0091661037877202034,55,381,31.4634,0
thin0.60000002384185791_browse0.800000011920929_clear0,0,74,sitka-spruce,1798.29345703125,9.0175704956054688,3.4937088489532471,5.523862361907959,1.6994531154632568,0.067734286189079285,2.2662107944488525,4,54.16961669921875,0.2980542778968811,0.016011966392397881,0.010310806334018707,55,385,32.5321,0
thin0.60000002384185791_browse0.800000011920929_clear0,0,75,sitka-spruce,1174.9951171875,8.0924034118652344,3.3880090713500977,4.7043938636779785,1.7795290946960449,0.068831369280815125,2.4668674468994141,6,53.242397308349609,0.29388594627380371,0.018634773790836334,0.012568572536110878,56,390,35.7994,0
thin0.60000002384185791_browse0.800000011920929_clear0,0,76,sitka-spruce,1148.9122314453125,8.2938661575317383,3.3007738590240479,4.9930939674377441,1.6021602153778076,0.06969066709280014,0.90085828304290771,5,53.970462799072266,0.29320245981216431,0.020852891728281975,0.013873862102627754,54,397,35.1286,0
thin0.60000002384185791_browse0.800000011920929_clear0,0,77,sitka-spruce,1165.299072265625,7.8579573631286621,2.7221319675445557,5.1358256340026855,1.5634958744049072,0.068349398672580719,3.8033628463745117,8,51.25738525390625,0.28858903050422668,0.021367879584431648,0.013655633665621281,60,399,39.5247,0
thin0.60000002384185791_browse0.800000011920929_clear0,0,78,sitka-spruce,446.88272094726563,4.9277439117431641,2.7607450485229492,2.1669981479644775,1.2492398023605347,0.062463756650686264,1.7570594549179077,4,50.949367523193359,0.29238793253898621,0.02160453237593174,0.013259804807603359,51,412,37.1162,0
thin0.60000002384185791_browse0.800000011920929_clear0,0,79,sitka-spruce,436.10513305664063,5.0301437377929688,3.1838796138763428,1.8462646007537842,0.94335150718688965,0.060857966542243958,2.7110683917999268,7,50.417972564697266,0.29729235172271729,0.021895704790949821,0.012234563007950783,53,417,36.4349,0
thin0.60000002384185791_browse0.800000011920929_clear0,0,80,sitka-spruce,1061.439453125,8.4712677001953125,5.3336286544799805,3.1376383304595947,1.0886839628219604,0.061298556625843048,1.710567831993103,7,52.891048431396484,0.29743883013725281,0.02330426312983036,0.011906780302524567,52,425,40.0706,0
thin0.60000002384185791_browse0.800000011920929_clear0,0,81,sitka-spruce,431.06149291992188,4.7885193824768066,2.7954399585723877,1.9930794239044189,1.3657406568527222,0.074261590838432312,1.2376770973205566,6,53.008808135986328,0.29316160082817078,0.021740484982728958,0.010724631138145924,56,427,37.630900000000004,0
thin0.60000002384185791_browse0.800000011920929_clear0,0,82,sitka-spruce,1524.1661376953125,9.8126907348632813,5.2689285278320313,4.5437617301940918,0.87419503927230835,0.071678377687931061,2.0608193874359131,8,55.271045684814453,0.29618555307388306,0.022878555580973625,0.01051084790378809,51,440,42.5719,0
thin0.60000002384185791_browse0.800000011920929_clear0,0,83,sitka-spruce,1044.46875,8.2148761749267578,3.601334810256958,4.6135401725769043,0.92007237672805786,0.080840073525905609,1.7212300300598145,4,56.150238037109375,0.29574659466743469,0.021078327670693398,0.0084672523662447929,52,443,32.768100000000004,0
thin0.60000002384185791_browse0.800000011920929_clear0,0,84,sitka-spruce,396.45254516601563,5.05117130279541,1.9331855773925781,3.1179859638214111,1.0320168733596802,0.073120899498462677,2.9393899440765381,6,54.038894653320313,0.2954275906085968,0.023850779980421066,0.01033440325409174,48,453,38.278400000000005,0
thin0.60000002384185791_browse0.800000011920929_clear0,0,85,sitka-spruce,969.1356201171875,8.5609540939331055,3.8399636745452881,4.7209901809692383,0.76355868577957153,0.061948735266923904,3.2533082962036133,5,53.800045013427734,0.29945379495620728,0.025044465437531471,0.011053156107664108,46,460,35.5152,0
thin0.60000002384185791_browse0.800000011920929_clear0,0,86,sitka-spruce,978.97003173828125,8.2025375366210938,3.38451886177063,4.8180179595947266,0.7927173376083374,0.062211945652961731,2.3913650512695313,5,53.938270568847656,0.30337893962860107,0.022153841331601143,0.008658616803586483,49,462,32.3572,0
thin0.60000002384185791_browse0.800000011920929_clear0,0,87,sitka-spruce,951.1258544921875,8.29055118560791,3.833869457244873,4.4566822052001953,0.76363581418991089,0.064428441226482391,0.44998317956924438,2,56.494091033935547,0.30679848790168762,0.022251280024647713,0.0087597789242863655,42,471,29.0438,0
thin0.60000002384185791_browse0.800000011920929_clear0,0,88,sitka-spruce,381.16604614257813,4.6635870933532715,2.0603363513946533,2.60325026512146,0.77015507221221924,0.065039411187171936,3.1567816734313965,8,54.562450408935547,0.30833190679550171,0.021612631157040596,0.0083984751254320145,49,472,34.1741,0
thin0.60000002384185791_browse0.800000011920929_clear0,0,89,sitka-spruce,926.94525146484375,8.14761734008789,3.9551322460174561,4.1924858093261719,0.56960928440093994,0.061053521931171417,1.3297363519668579,4,56.557186126708984,0.31500464677810669,0.020527159795165062,0.0077280742116272449,43,482,34.574600000000004,0
thin0.60000002384185791_browse0.800000011920929_clear0,0,90,sitka-spruce,898.88494873046875,8.32182502746582,3.6316978931427,4.6901278495788574,0.84846699237823486,0.0649789497256279,3.7982985973358154,10,55.477138519287109,0.3202207088470459,0.020376311615109444,0.0076043070293962955,48,487,44.619,0
thin0.60000002384185791_browse0.800000011920929_clear0,0,91,sitka-spruce,911.5230712890625,7.7100925445556641,3.8762915134429932,3.8338005542755127,0.80075210332870483,0.06666642427444458,1.7147338390350342,6,56.771278381347656,0.320076584815979,0.016701493412256241,0.0053703216835856438,51,490,38.0576,0
thin0.60000002384185791_browse0.800000011920929_clear0,0,92,sitka-spruce,867.77020263671875,8.2442312240600586,4.1970324516296387,4.0471992492675781,0.7606353759765625,0.073587618768215179,1.5752253532409668,5,58.558860778808594,0.325328528881073,0.016779189929366112,0.0054143574088811874,42,504,38.0295,0
thin0.60000002384185791_browse0.800000011920929_clear0,0,93,sitka-spruce,347.10809326171875,4.53163480758667,2.2684066295623779,2.2632265090942383,0.85290735960006714,0.076239272952079773,1.6726237535476685,5,58.225498199462891,0.32858234643936157,0.015497562475502491,0.00433683767914772,44,507,32.5084,0
thin0.60000002384185791_browse0.800000011920929_clear0,0,94,sitka-spruce,337.23648071289063,4.6128802299499512,2.6015923023223877,2.0112874507904053,0.62512540817260742,0.069179989397525787,2.4553234577178955,8,57.677459716796875,0.33474090695381165,0.014710443094372749,0.0043062660843133926,44,515,43.164,0
thin0.60000002384185791_browse0.800000011920929_clear0,0,95,sitka-spruce,340.47720336914063,4.3839988708496094,2.4985215663909912,1.8854770660400391,0.82447230815887451,0.058050535619258881,2.4243907928466797,3,56.869068145751953,0.33590170741081238,0.011780365370213985,0.0027601714245975018,44,518,32.228300000000004,0
thin0.60000002384185791_browse0.800000011920929_clear0,0,96,sitka-spruce,1229.8836669921875,9.48790168762207,4.65103816986084,4.8368635177612305,0.47226318717002869,0.054372671991586685,3.2949941158294678,9,57.698478698730469,0.34145104885101318,0.011341867968440056,0.0029536073561757803,44,527,40.8418,0
thin0.60000002384185791_browse0.800000011920929_clear0,0,97,sitka-spruce,321.14593505859375,4.3689489364624023,2.65339994430542,1.7155488729476929,0.48415631055831909,0.06140340119600296,1.6752474308013916,5,58.131069183349609,0.34639459848403931,0.010651416145265102,0.0029333191923797131,39,537,35.0443,0
thin0.60000002384185791_browse0.800000011920929_clear0,0,98,sitka-spruce,321.14593505859375,4.2361116409301758,2.8890557289123535,1.3470554351806641,0.7407723069190979,0.062697991728782654,2.3684916496276855,7,57.848163604736328,0.34942665696144104,0.0084455162286758423,0.002291542012244463,42,541,36.321200000000005,0
thin0.60000002384185791_browse0.800000011920929_clear0,0,99,sitka-spruce,1162.041748046875,9.4309043884277344,5.9096207618713379,3.5212819576263428,0.561566174030304,0.0649934709072113,4.4020352363586426,7,58.729190826416016,0.35663697123527527,0.0081675238907337189,0.0021186461672186852,40,550,38.450900000000004,0
thin0.60000002384185791_browse0.800000011920929_clear0,0,100,sitka-spruce,777.94830322265625,7.5015769004821777,4.0595102310180664,3.4420669078826904,0.55743873119354248,0.0774746835231781,1.1063601970672607,2,61.047428131103516,0.35677549242973328,0.0075106136500835419,0.0018275986658409238,39,553,26.1616,0
thin0.60000002384185791_browse0.800000011920929_clear0,1,1,sitka-spruce,180.627197265625,2.3341326713562012,2.3341326713562012,0,0,0,0,0,2.3341331481933594,0.15362063050270081,0.13082265853881836,0.09150230884552002,134,0,63.2597,0
thin0.60000002384185791_browse0.800000011920929_clear0,1,2,sitka-spruce,137.00523376464844,1.808189868927002,1.808189868927002,0,0.023135019466280937,0.011092798784375191,0,0,4.108095645904541,0.15327435731887817,0.12845729291439056,0.091494008898735046,134,0,57.7107,0
thin0.60000002384185791_browse0.800000011920929_clear0,1,3,sitka-spruce,490.90802001953125,5.1451425552368164,5.1451425552368164,0,0.027875855565071106,0.019585076719522476,0,0,9.2057771682739258,0.15229779481887817,0.12637072801589966,0.091643683612346649,134,0,63.215300000000006,0
thin0.60000002384185791_browse0.800000011920929_clear0,1,4,sitka-spruce,252.00164794921875,3.1079609394073486,3.1079609394073486,0,0.0771469920873642,0.039881765842437744,0,0,12.196708679199219,0.15119737386703491,0.12486601620912552,0.091892451047897339,134,0,55.9775,0
thin0.60000002384185791_browse0.800000011920929_clear0,1,5,sitka-spruce,305.25326538085938,3.596811056137085,3.596811056137085,0,0.098459765315055847,0.045987103134393692,0,0,15.649072647094727,0.15088309347629547,0.12382980436086655,0.0925477147102356,134,0,56.846900000000005,0
thin0.60000002384185791_browse0.800000011920929_clear0,1,6,sitka-spruce,892.92962646484375,7.186622142791748,7.186622142791748,0,0.12379360198974609,0.048347312957048416,0,0,22.663553237915039,0.15133999288082123,0.12337178736925125,0.0935974270105362,134,0,56.7064,0
thin0.60000002384185791_browse0.800000011920929_clear0,1,7,sitka-spruce,1021.4639282226563,7.726931095123291,7.726931095123291,0,0.198418527841568,0.060705889016389847,0,0,30.131359100341797,0.15281444787979126,0.12333664298057556,0.094948947429656982,134,0,55.3143,0
thin0.60000002384185791_browse0.800000011920929_clear0,1,8,sitka-spruce,1725.52880859375,9.2084550857543945,8.3221435546875,0.88631337881088257,0.24759392440319061,0.090686976909637451,0,0,38.1152229309082,0.15516047179698944,0.12343522906303406,0.096416831016540527,134,0,58.091800000000006,0
thin0.60000002384185791_browse0.800000011920929_clear0,1,9,sitka-spruce,512.3380126953125,5.54224157333374,3.5106418132781982,2.0315990447998047,0.29673835635185242,0.10747730731964111,0,0,41.221649169921875,0.15806823968887329,0.12356700748205185,0.097861729562282562,134,0,54.3382,0
thin0.60000002384185791_browse0.800000011920929_clear0,1,10,sitka-spruce,565.55914306640625,6.0132789611816406,2.5420928001403809,3.4711856842041016,0.30488976836204529,0.07373790442943573,0,0,43.385112762451172,0.16126474738121033,0.1235663965344429,0.099211551249027252,134,0,52.4138,0
thin0.60000002384185791_browse0.800000011920929_clear0,1,11,sitka-spruce,563.72137451171875,6.1055693626403809,1.8142726421356201,4.29129695892334,0.31792372465133667,0.065550409257411957,0,0,44.815910339355469,0.16450111567974091,0.12339374423027039,0.10043645650148392,134,0,48.5463,0
thin0.60000002384185791_browse0.800000011920929_clear0,1,12,sitka-spruce,1408.656982421875,9.4214572906494141,1.9480501413345337,7.4734058380126953,0.32978770136833191,0.042442899197340012,0,0,46.391731262207031,0.16760832071304321,0.12304726243019104,0.10149148106575012,134,0,46.263000000000005,0
thin0.60000002384185791_browse0.800000011920929_clear0,1,13,sitka-spruce,1411.3460693359375,9.5500173568725586,1.5080411434173584,8.0419759750366211,0.38496166467666626,0.040168967097997665,0.67473137378692627,4,46.799911499023438,0.17044630646705627,0.12252124398946762,0.10234875231981277,138,0,48.944300000000005,0
thin0.60000002384185791_browse0.800000011920929_clear0,1,14,sitka-spruce,566.5260009765625,6.268333911895752,1.6328015327453613,4.6355314254760742,0.43105268478393555,0.038756046444177628,1.4045954942703247,8,46.558307647705078,0.1765940934419632,0.11596912890672684,0.097582295536994934,146,0,53.243500000000004,0
thin0.60000002384185791_browse0.800000011920929_clear0,1,15,sitka-spruce,2134.372314453125,10.349405288696289,2.982429027557373,7.366976261138916,0.42199224233627319,0.035803552716970444,2.6166224479675293,7,46.466316223144531,0.1874563992023468,0.10037429630756378,0.08015558123588562,153,0,54.5381,0
thin0.60000002384185791_browse0.800000011920929_clear0,1,16,sitka-spruce,572.3798828125,6.19218111038208,2.2424747943878174,3.9497056007385254,0.47120994329452515,0.042843423783779144,3.5980231761932373,11,44.596717834472656,0.20069266855716705,0.086875282227993011,0.06793714314699173,164,0,57.4667,0
thin0.60000002384185791_browse0.800000011920929_clear0,1,17,sitka-spruce,575.76763916015625,5.9027328491210938,4.232701301574707,1.6700308322906494,0.58883047103881836,0.046470671892166138,0.37675994634628296,1,47.817356109619141,0.21799597144126892,0.068050473928451538,0.0537397675216198,165,0,47.063100000000006,0
thin0.60000002384185791_browse0.800000011920929_clear0,1,18,sitka-spruce,1449.4013671875,8.7560520172119141,2.8161282539367676,5.9399232864379883,0.55324965715408325,0.056476853787899017,1.7666627168655396,3,48.257095336914063,0.23108014464378357,0.056874249130487442,0.04550522193312645,168,0,47.4971,0
thin0.60000002384185791_browse0.800000011920929_clear0,1,19,sitka-spruce,584.194580078125,5.6712384223937988,1.650826096534729,4.0204124450683594,0.57135689258575439,0.059808250516653061,7.2011375427246094,12,42.075618743896484,0.24146564304828644,0.047471698373556137,0.038640722632408142,180,0,72.8236,0
thin0.60000002384185791_browse0.800000011920929_clear0,1,20,sitka-spruce,588.650390625,5.221433162689209,3.440540075302124,1.7808935642242432,0.79760324954986572,0.050867456942796707,3.6642119884490967,9,41.003475189208984,0.24822512269020081,0.034966159611940384,0.027847185730934143,188,1,75.283200000000008,0
thin0.60000002384185791_browse0.800000011920929_clear0,1,21,sitka-spruce,1482.9525146484375,7.0679912567138672,5.5658369064331055,1.5021542310714722,0.90809029340744019,0.051242835819721222,2.6259992122650146,6,42.983982086181641,0.24744759500026703,0.026799103245139122,0.021439256146550179,194,1,57.6007,0
thin0.60000002384185791_browse0.800000011920929_clear0,1,22,sitka-spruce,2250.67724609375,7.1097469329833984,5.2998638153076172,1.8098832368850708,1.5636130571365356,0.067382708191871643,3.2124402523040771,7,43.440410614013672,0.24365776777267456,0.018429933115839958,0.013579596765339375,201,1,63.301500000000004,0
thin0.60000002384185791_browse0.800000011920929_clear0,1,23,sitka-spruce,1524.5357666015625,6.1088290214538574,3.6688199043273926,2.4400086402893066,1.6702232360839844,0.0825069397687912,1.5238544940948486,5,43.832645416259766,0.23825924098491669,0.01198674738407135,0.0083735678344964981,204,3,76.528500000000008,0
thin0.60000002384185791_browse0.800000011920929_clear0,1,24,sitka-spruce,1544.0242919921875,5.7236928939819336,3.2518877983093262,2.4718055725097656,1.7439709901809692,0.083625450730323792,1.1318472623825073,3,44.125087738037109,0.23083072900772095,0.00791166815906763,0.0049052801914513111,206,4,75.3447,0
thin0.60000002384185791_browse0.800000011920929_clear0,1,25,sitka-spruce,2339.39404296875,6.0234222412109375,2.7012076377868652,3.3222155570983887,2.00443959236145,0.077260866761207581,0.60838890075683594,3,44.136207580566406,0.22460424900054932,0.0056794174015522,0.0030096897389739752,206,7,76.431,0
thin0.60000002384185791_browse0.800000011920929_clear0,1,26,sitka-spruce,1571.7945556640625,5.3326377868652344,2.4268617630004883,2.9057762622833252,1.7223408222198486,0.0698908194899559,0.94624054431915283,3,43.8245964050293,0.21455425024032593,0.004392347764223814,0.0019000249449163675,205,11,75.879600000000011,0
thin0.60000002384185791_browse0.800000011920929_clear0,1,27,sitka-spruce,632.93731689453125,3.6860208511352539,1.6857026815414429,2.0003182888031006,1.5498404502868652,0.066175937652587891,1.0038800239562988,2,42.890403747558594,0.20393247902393341,0.0057906536385416985,0.0029105260036885738,201,17,81.3058,0
thin0.60000002384185791_browse0.800000011920929_clear0,1,28,sitka-spruce,1598.0531005859375,5.4664306640625,2.5108122825622559,2.9556174278259277,1.5689408779144287,0.060400277376174927,0.3439105749130249,2,43.427963256835938,0.19861866533756256,0.0066759008914232254,0.0035373871214687824,197,23,85.09020000000001,0
thin0.60000002384185791_browse0.800000011920929_clear0,1,29,sitka-spruce,1625.1407470703125,5.5820064544677734,2.6843819618225098,2.8976225852966309,1.5773370265960693,0.060258105397224426,0.43062481284141541,1,44.04412841796875,0.19500131905078888,0.0072974693030118942,0.0039902501739561558,193,28,75.2736,0
thin0.60000002384185791_browse0.800000011920929_clear0,1,30,sitka-spruce,2433.106201171875,6.4543066024780273,2.6049680709838867,3.8493378162384033,1.6801040172576904,0.061825815588235855,2.3604950904846191,5,42.546669006347656,0.19327737390995026,0.00947549007833004,0.0057375584729015827,189,37,76.854300000000009,0
thin0.60000002384185791_browse0.800000011920929_clear0,1,31,sitka-spruce,2473.765869140625,6.0901002883911133,2.5538172721862793,3.5362823009490967,1.7560644149780273,0.059180982410907745,0.33970052003860474,2,42.945541381835938,0.19063031673431396,0.010887349955737591,0.0067563354969024658,185,43,71.4166,0
thin0.60000002384185791_browse0.800000011920929_clear0,1,32,sitka-spruce,1669.805908203125,5.8631987571716309,2.3268706798553467,3.5363290309906006,1.54075288772583,0.051842611283063889,0.0948529988527298,1,43.584964752197266,0.191631481051445,0.010899131186306477,0.0072444803081452847,180,49,67.0416,0
thin0.60000002384185791_browse0.800000011920929_clear0,1,33,sitka-spruce,674.0472412109375,4.2278175354003906,1.3620269298553467,2.8657913208007813,1.4156402349472046,0.052696190774440765,1.6437749862670898,5,41.834880828857422,0.19508279860019684,0.010785369202494621,0.0072507541626691818,177,57,71.485300000000009,0
thin0.60000002384185791_browse0.800000011920929_clear0,1,34,sitka-spruce,660.59228515625,4.516291618347168,2.0220856666564941,2.4942066669464111,1.0768799781799316,0.050678648054599762,0.59653711318969727,2,42.132869720458984,0.20468369126319885,0.010567806661128998,0.0068721077404916286,165,71,65.3759,0
thin0.60000002384185791_browse0.800000011920929_clear0,1,35,sitka-spruce,659.50091552734375,4.8003473281860352,2.3909826278686523,2.4093647003173828,1.0827431678771973,0.051980331540107727,1.7787044048309326,3,41.610424041748047,0.20602571964263916,0.014061067253351212,0.010225856676697731,159,80,63.823100000000004,0
thin0.60000002384185791_browse0.800000011920929_clear0,1,36,sitka-spruce,656.334716796875,5.0000004768371582,2.4207570552825928,2.5792441368103027,1.2457717657089233,0.052032984793186188,1.0972821712493896,3,41.636093139648438,0.20364943146705627,0.019826805219054222,0.016061903908848763,154,88,61.4472,0
thin0.60000002384185791_browse0.800000011920929_clear0,1,37,sitka-spruce,649.22442626953125,5.5154237747192383,3.1921532154083252,2.3232698440551758,0.96535944938659668,0.05352337658405304,1.4716925621032715,5,42.337673187255859,0.20237323641777039,0.027109000831842422,0.020788105204701424,149,98,61.7218,0
thin0.60000002384185791_browse0.800000011920929_clear0,1,38,sitka-spruce,658.88409423828125,5.417874813079834,3.2645840644836426,2.1532907485961914,0.87769365310668945,0.058279462158679962,3.6416611671447754,7,41.024620056152344,0.19969518482685089,0.030985835939645767,0.023647615686058998,147,107,68.403,0
thin0.60000002384185791_browse0.800000011920929_clear0,1,39,sitka-spruce,1635.447265625,8.0845756530761719,5.7003369331359863,2.3842382431030273,1.0719921588897705,0.059522852301597595,1.2870367765426636,6,44.3064079284668,0.20474550127983093,0.033810701221227646,0.025698507204651833,142,118,73.9462,0
thin0.60000002384185791_browse0.800000011920929_clear0,1,40,sitka-spruce,637.730712890625,5.9315891265869141,3.6160290241241455,2.315561056137085,0.99183285236358643,0.068158537149429321,0.77243012189865112,3,46.090011596679688,0.21092016994953156,0.035910192877054214,0.025618840008974075,131,132,55.549600000000005,0
thin0.60000002384185791_browse0.800000011920929_clear0,1,41,sitka-spruce,1556.242431640625,8.7305755615234375,3.8950634002685547,4.835512638092041,0.80394136905670166,0.070447772741317749,0.30948632955551147,1,48.801200866699219,0.21806079149246216,0.038167748600244522,0.026882952079176903,122,142,50.304,0
thin0.60000002384185791_browse0.800000011920929_clear0,1,42,sitka-spruce,1568.4915771484375,8.863865852355957,2.6270139217376709,6.236851692199707,0.60999530553817749,0.078222870826721191,1.62601900100708,6,49.113979339599609,0.22148637473583221,0.039126858115196228,0.026394248008728027,124,146,52.658500000000004,0
thin0.60000002384185791_browse0.800000011920929_clear0,1,43,sitka-spruce,1575.526611328125,9.0601310729980469,2.7529454231262207,6.30718469619751,0.84313660860061646,0.065531082451343536,3.7972869873046875,5,47.160968780517578,0.22658731043338776,0.037263888865709305,0.022638879716396332,121,154,52.717600000000004,0
thin0.60000002384185791_browse0.800000011920929_clear0,1,44,sitka-spruce,1599.5946044921875,9.0412454605102539,3.3354144096374512,5.705833911895752,1.3962936401367188,0.054961349815130234,2.3512873649597168,5,46.693840026855469,0.23350146412849426,0.034255880862474442,0.020112073048949242,122,158,52.39,0
thin0.60000002384185791_browse0.800000011920929_clear0,1,45,sitka-spruce,1568.6256103515625,9.3355484008789063,4.1486659049987793,5.1868829727172852,0.72639888525009155,0.058800715953111649,1.8685333728790283,6,48.188774108886719,0.2363775223493576,0.033107750117778778,0.01742824912071228,118,168,54.620000000000005,0
thin0.60000002384185791_browse0.800000011920929_clear0,1,46,sitka-spruce,622.7724609375,6.6727638244628906,3.3600647449493408,3.3126966953277588,1.0474097728729248,0.065970882773399353,0.85403472185134888,6,49.581424713134766,0.24493527412414551,0.032580714672803879,0.016821488738059998,113,179,53.2899,0
thin0.60000002384185791_browse0.800000011920929_clear0,1,47,sitka-spruce,1568.3240966796875,9.47557258605957,4.1782588958740234,5.2973151206970215,1.0132251977920532,0.06955990195274353,0.76791810989379883,2,51.908977508544922,0.25515085458755493,0.029280021786689758,0.014224080368876457,110,184,44.3528,0
thin0.60000002384185791_browse0.800000011920929_clear0,1,48,sitka-spruce,620.460205078125,6.5942683219909668,2.2725710868835449,4.3216981887817383,0.972818911075592,0.072339385747909546,1.6019947528839111,6,51.534397125244141,0.25819689035415649,0.029486458748579025,0.013451563194394112,107,193,52.323,0
thin0.60000002384185791_browse0.800000011920929_clear0,1,49,sitka-spruce,637.76666259765625,6.411046028137207,2.4113245010375977,3.999720573425293,0.99763983488082886,0.064329788088798523,4.1865577697753906,8,48.697193145751953,0.25833925604820251,0.029909169301390648,0.014585526660084724,110,198,54.896,0
thin0.60000002384185791_browse0.800000011920929_clear0,1,50,sitka-spruce,2312.4306640625,10.250251770019531,4.102879524230957,6.1473712921142578,0.72278207540512085,0.059448696672916412,3.724196195602417,7,48.293643951416016,0.26141431927680969,0.030561922118067741,0.015716934576630592,98,217,72.67240000000001,0
thin0.60000002384185791_browse0.800000011920929_clear0,1,51,sitka-spruce,616.27777099609375,6.2819857597351074,2.8481857776641846,3.4337983131408691,0.56678152084350586,0.059282176196575165,1.7749353647232056,4,48.7408332824707,0.26586872339248657,0.027885187417268753,0.014797743409872055,96,223,43.1007,0
thin0.60000002384185791_browse0.800000011920929_clear0,1,52,sitka-spruce,2301.802734375,10.069450378417969,4.7522392272949219,5.31721305847168,0.51081681251525879,0.060413066297769547,2.1425738334655762,5,50.779266357421875,0.26857054233551025,0.027229882776737213,0.014228293672204018,92,232,44.1922,0
thin0.60000002384185791_browse0.800000011920929_clear0,1,53,sitka-spruce,1494.55859375,9.2844533920288086,3.7631235122680664,5.5213298797607422,1.0724433660507202,0.066812597215175629,2.4624290466308594,7,50.940704345703125,0.27116125822067261,0.025078438222408295,0.013304403051733971,93,238,50.490500000000004,0
thin0.60000002384185791_browse0.800000011920929_clear0,1,54,sitka-spruce,606.98834228515625,6.0439190864562988,2.4562575817108154,3.5876607894897461,0.855127215385437,0.066699616611003876,2.5478644371032715,5,49.927272796630859,0.27423420548439026,0.019973399117588997,0.0096346409991383553,93,243,43.6218,0
thin0.60000002384185791_browse0.800000011920929_clear0,1,55,sitka-spruce,1498.9794921875,8.9763202667236328,4.11552095413208,4.8608007431030273,0.843976616859436,0.061329767107963562,1.8191118240356445,7,51.318374633789063,0.27377480268478394,0.020899437367916107,0.010502356104552746,87,256,49.4908,0
thin0.60000002384185791_browse0.800000011920929_clear0,1,56,sitka-spruce,598.46783447265625,5.9890127182006836,2.8720910549163818,3.11692214012146,0.89652276039123535,0.061526726931333542,1.4412447214126587,6,51.791172027587891,0.27137473225593567,0.022016262635588646,0.011112935841083527,84,265,44.9682,0
thin0.60000002384185791_browse0.800000011920929_clear0,1,57,sitka-spruce,1472.2867431640625,8.9299736022949219,4.0790081024169922,4.85096549987793,1.214056134223938,0.060725081712007523,0.64477694034576416,4,53.95062255859375,0.26898464560508728,0.023751690983772278,0.012139330618083477,79,274,41.798100000000005,0
thin0.60000002384185791_browse0.800000011920929_clear0,1,58,sitka-spruce,2187.90771484375,9.6520233154296875,2.4595072269439697,7.1925187110900879,1.132719874382019,0.066117025911808014,3.2523951530456543,8,51.958896636962891,0.27170193195343018,0.02406051941215992,0.011893626302480698,83,278,43.511,0
thin0.60000002384185791_browse0.800000011920929_clear0,1,59,sitka-spruce,1468.023193359375,8.8392715454101563,3.2866818904876709,5.5525894165039063,1.3976894617080688,0.060378856956958771,1.7375831604003906,8,52.0499267578125,0.27494072914123535,0.023482076823711395,0.011064037680625916,80,289,56.1329,0
thin0.60000002384185791_browse0.800000011920929_clear0,1,60,sitka-spruce,1458.2236328125,8.9248857498168945,3.4977462291717529,5.4271392822265625,1.7625072002410889,0.058542419224977493,2.3647828102111816,7,51.361839294433594,0.2768534719944,0.02365996316075325,0.010740113444626331,77,299,52.56,0
thin0.60000002384185791_browse0.800000011920929_clear0,1,61,sitka-spruce,2201.16748046875,9.0645198822021484,3.7278759479522705,5.336644172668457,1.5024396181106567,0.059499882161617279,0.5248028039932251,2,53.002975463867188,0.27454423904418945,0.022978674620389938,0.010645736940205097,76,302,35.5872,0
thin0.60000002384185791_browse0.800000011920929_clear0,1,62,sitka-spruce,1432.767822265625,8.6734657287597656,2.9896566867828369,5.683807373046875,1.3112987279891968,0.063130557537078857,3.9792091846466064,7,50.638992309570313,0.27760088443756104,0.023196972906589508,0.011616254225373268,74,311,42.3262,0
thin0.60000002384185791_browse0.800000011920929_clear0,1,63,sitka-spruce,1420.3216552734375,8.7157316207885742,3.8622210025787354,4.85351037979126,0.974462628364563,0.06418263167142868,2.7565984725952148,6,50.705970764160156,0.282769113779068,0.022545238956809044,0.011382803320884705,71,320,42.3433,0
thin0.60000002384185791_browse0.800000011920929_clear0,1,64,sitka-spruce,558.84423828125,5.6377062797546387,2.842322826385498,2.7953822612762451,0.91303515434265137,0.0690784677863121,1.8933329582214355,4,50.672847747802734,0.28504925966262817,0.021876556798815727,0.010723156854510307,67,328,39.9975,0
thin0.60000002384185791_browse0.800000011920929_clear0,1,65,sitka-spruce,557.703369140625,5.4829177856445313,3.2353122234344482,2.2476058006286621,0.795327365398407,0.067623451352119446,1.2244149446487427,8,51.820793151855469,0.28570458292961121,0.020245986059308052,0.0096912430599331856,70,333,41.9827,0
thin0.60000002384185791_browse0.800000011920929_clear0,1,66,sitka-spruce,557.00238037109375,5.324094295501709,2.9714951515197754,2.3526005744934082,1.0177286863327026,0.072892546653747559,1.8709080219268799,4,51.830757141113281,0.28486138582229614,0.018213896080851555,0.0082291672006249428,65,342,37.670700000000004,0
thin0.60000002384185791_browse0.800000011920929_clear0,1,67,sitka-spruce,1356.06982421875,8.13710880279541,3.9872007369995117,4.1499061584472656,1.5089585781097412,0.071601174771785736,2.3110547065734863,5,51.926345825195313,0.28767016530036926,0.016247257590293884,0.0073635755106806755,64,348,37.1655,0
thin0.60000002384185791_browse0.800000011920929_clear0,1,68,sitka-spruce,1350.32470703125,7.8984460830688477,4.1221985816955566,3.7762463092803955,2.2238681316375732,0.070004954934120178,2.4031174182891846,3,51.351554870605469,0.28051963448524475,0.017740469425916672,0.009113924577832222,64,351,33.1147,0
thin0.60000002384185791_browse0.800000011920929_clear0,1,69,sitka-spruce,530.8087158203125,5.2346267700195313,2.5616846084594727,2.672943115234375,1.4142309427261353,0.06737808883190155,1.133337140083313,4,51.298294067382813,0.28056898713111877,0.017994318157434464,0.0099387774243950844,61,358,35.4202,0
thin0.60000002384185791_browse0.800000011920929_clear0,1,70,sitka-spruce,524.6871337890625,5.3111119270324707,2.6881349086761475,2.6229763031005859,1.2488218545913696,0.062167085707187653,2.5982859134674072,5,50.077152252197266,0.28443896770477295,0.01739337295293808,0.010171134024858475,61,363,39.6276,0
thin0.60000002384185791_browse0.800000011920929_clear0,1,71,sitka-spruce,504.72067260742188,5.3423213958740234,2.7594599723815918,2.5828609466552734,1.0506037473678589,0.053007315844297409,1.0898816585540771,4,50.643119812011719,0.28977766633033752,0.016961891204118729,0.010049979202449322,58,370,34.6422,0
thin0.60000002384185791_browse0.800000011920929_clear0,1,72,sitka-spruce,1235.552001953125,8.42004680633545,4.1685943603515625,4.2514519691467285,0.81313592195510864,0.055427048355340958,1.5138375759124756,5,52.429313659667969,0.29612159729003906,0.015977898612618446,0.009715106338262558,58,375,35.3799,0
thin0.60000002384185791_browse0.800000011920929_clear0,1,73,sitka-spruce,1219.4376220703125,8.1931056976318359,3.855358362197876,4.3377485275268555,1.2465811967849731,0.060977354645729065,0.26780843734741211,3,54.709304809570313,0.29937225580215454,0.014851911924779415,0.0091661037877202034,55,381,32.2369,0
thin0.60000002384185791_browse0.800000011920929_clear0,1,74,sitka-spruce,1798.29345703125,9.0175704956054688,3.4937088489532471,5.523862361907959,1.6994531154632568,0.067734286189079285,2.2662107944488525,4,54.16961669921875,0.2980542778968811,0.016011966392397881,0.010310806334018707,55,385,33.5092,0
thin0.60000002384185791_browse0.800000011920929_clear0,1,75,sitka-spruce,1174.9951171875,8.0924034118652344,3.3880090713500977,4.7043938636779785,1.7795290946960449,0.068831369280815125,2.4668674468994141,6,53.242397308349609,0.29388594627380371,0.018634773790836334,0.012568572536110878,56,390,35.962,0
thin0.60000002384185791_browse0.800000011920929_clear0,1,76,sitka-spruce,1148.9122314453125,8.2938661575317383,3.3007738590240479,4.9930939674377441,1.6021602153778076,0.06969066709280014,0.90085828304290771,5,53.970462799072266,0.29320245981216431,0.020852891728281975,0.013873862102627754,54,397,35.0713,0
thin0.60000002384185791_browse0.800000011920929_clear0,1,77,sitka-spruce,1165.299072265625,7.8579573631286621,2.7221319675445557,5.1358256340026855,1.5634958744049072,0.068349398672580719,3.8033628463745117,8,51.25738525390625,0.28858903050422668,0.021367879584431648,0.013655633665621281,60,399,39.5315,0
thin0.60000002384185791_browse0.800000011920929_clear0,1,78,sitka-spruce,446.88272094726563,4.9277439117431641,2.7607450485229492,2.1669981479644775,1.2492398023605347,0.062463756650686264,1.7570594549179077,4,50.949367523193359,0.29238793253898621,0.02160453237593174,0.013259804807603359,51,412,37.0063,0
thin0.60000002384185791_browse0.800000011920929_clear0,1,79,sitka-spruce,436.10513305664063,5.0301437377929688,3.1838796138763428,1.8462646007537842,0.94335150718688965,0.060857966542243958,2.7110683917999268,7,50.417972564697266,0.29729235172271729,0.021895704790949821,0.012234563007950783,53,417,37.563500000000005,0
thin0.60000002384185791_browse0.800000011920929_clear0,1,80,sitka-spruce,1061.439453125,8.4712677001953125,5.3336286544799805,3.1376383304595947,1.0886839628219604,0.061298556625843048,1.710567831993103,7,52.891048431396484,0.29743883013725281,0.02330426312983036,0.011906780302524567,52,425,41.3511,0
thin0.60000002384185791_browse0.800000011920929_clear0,1,81,sitka-spruce,431.06149291992188,4.7885193824768066,2.7954399585723877,1.9930794239044189,1.3657406568527222,0.074261590838432312,1.2376770973205566,6,53.008808135986328,0.29316160082817078,0.021740484982728958,0.010724631138145924,56,427,35.580400000000004,0
thin0.60000002384185791_browse0.800000011920929_clear0,1,82,sitka-spruce,1524.1661376953125,9.8126907348632813,5.2689285278320313,4.5437617301940918,0.87419503927230835,0.071678377687931061,2.0608193874359131,8,55.271045684814453,0.29618555307388306,0.022878555580973625,0.01051084790378809,51,440,43.7367,0
thin0.60000002384185791_browse0.800000011920929_clear0,1,83,sitka-spruce,1044.46875,8.2148761749267578,3.601334810256958,4.6135401725769043,0.92007237672805786,0.080840073525905609,1.7212300300598145,4,56.150238037109375,0.29574659466743469,0.021078327670693398,0.0084672523662447929,52,443,32.1927,0
thin0.60000002384185791_browse0.800000011920929_clear0,1,84,sitka-spruce,396.45254516601563,5.05117130279541,1.9331855773925781,3.1179859638214111,1.0320168733596802,0.073120899498462677,2.9393899440765381,6,54.038894653320313,0.2954275906085968,0.023850779980421066,0.01033440325409174,48,453,37.2976,0
thin0.60000002384185791_browse0.800000011920929_clear0,1,85,sitka-spruce,969.1356201171875,8.5609540939331055,3.8399636745452881,4.7209901809692383,0.76355868577957153,0.061948735266923904,3.2533082962036133,5,53.800045013427734,0.29945379495620728,0.025044465437531471,0.011053156107664108,46,460,34.4528,0
thin0.60000002384185791_browse0.800000011920929_clear0,1,86,sitka-spruce,978.97003173828125,8.2025375366210938,3.38451886177063,4.8180179595947266,0.7927173376083374,0.062211945652961731,2.3913650512695313,5,53.938270568847656,0.30337893962860107,0.022153841331601143,0.008658616803586483,49,462,33.281600000000005,0
thin0.60000002384185791_browse0.800000011920929_clear0,1,87,sitka-spruce,951.1258544921875,8.29055118560791,3.833869457244873,4.4566822052001953,0.76363581418991089,0.064428441226482391,0.44998317956924438,2,56.494091033935547,0.30679848790168762,0.022251280024647713,0.0087597789242863655,42,471,30.3248,0
thin0.60000002384185791_browse0.800000011920929_clear0,1,88,sitka-spruce,381.16604614257813,4.6635870933532715,2.0603363513946533,2.60325026512146,0.77015507221221924,0.065039411187171936,3.1567816734313965,8,54.562450408935547,0.30833190679550171,0.021612631157040596,0.0083984751254320145,49,472,35.2809,0
thin0.60000002384185791_browse0.800000011920929_clear0,1,89,sitka-spruce,926.94525146484375,8.14761734008789,3.9551322460174561,4.1924858093261719,0.56960928440093994,0.061053521931171417,1.3297363519668579,4,56.557186126708984,0.31500464677810669,0.020527159795165062,0.0077280742116272449,43,482,32.949,0
thin0.60000002384185791_browse0.800000011920929_clear0,1,90,sitka-spruce,898.88494873046875,8.32182502746582,3.6316978931427,4.6901278495788574,0.84846699237823486,0.0649789497256279,3.7982985973358154,10,55.477138519287109,0.3202207088470459,0.020376311615109444,0.0076043070293962955,48,487,44.1154,0
thin0.60000002384185791_browse0.800000011920929_clear0,1,91,sitka-spruce,911.5230712890625,7.7100925445556641,3.8762915134429932,3.8338005542755127,0.80075210332870483,0.06666642427444458,1.7147338390350342,6,56.771278381347656,0.320076584815979,0.016701493412256241,0.0053703216835856438,51,490,35.4688,0
thin0.60000002384185791_browse0.800000011920929_clear0,1,92,sitka-spruce,867.77020263671875,8.2442312240600586,4.1970324516296387,4.0471992492675781,0.7606353759765625,0.073587618768215179,1.5752253532409668,5,58.558860778808594,0.325328528881073,0.016779189929366112,0.0054143574088811874,42,504,38.057700000000004,0
thin0.60000002384185791_browse0.800000011920929_clear0,1,93,sitka-spruce,347.10809326171875,4.53163480758667,2.2684066295623779,2.2632265090942383,0.85290735960006714,0.076239272952079773,1.6726237535476685,5,58.225498199462891,0.32858234643936157,0.015497562475502491,0.00433683767914772,44,507,31.203000000000003,0
thin0.60000002384185791_browse0.800000011920929_clear0,1,94,sitka-spruce,337.23648071289063,4.6128802299499512,2.6015923023223877,2.0112874507904053,0.62512540817260742,0.069179989397525787,2.4553234577178955,8,57.677459716796875,0.33474090695381165,0.014710443094372749,0.0043062660843133926,44,515,38.4324,0
thin0.60000002384185791_browse0.800000011920929_clear0,1,95,sitka-spruce,340.47720336914063,4.3839988708496094,2.4985215663909912,1.8854770660400391,0.82447230815887451,0.058050535619258881,2.4243907928466797,3,56.869068145751953,0.33590170741081238,0.011780365370213985,0.0027601714245975018,44,518,30.1722,0
thin0.60000002384185791_browse0.800000011920929_clear0,1,96,sitka-spruce,1229.8836669921875,9.48790168762207,4.65103816986084,4.8368635177612305,0.47226318717002869,0.054372671991586685,3.2949941158294678,9,57.698478698730469,0.34145104885101318,0.011341867968440056,0.0029536073561757803,44,527,40.1677,0
thin0.60000002384185791_browse0.800000011920929_clear0,1,97,sitka-spruce,321.14593505859375,4.3689489364624023,2.65339994430542,1.7155488729476929,0.48415631055831909,0.06140340119600296,1.6752474308013916,5,58.131069183349609,0.34639459848403931,0.010651416145265102,0.0029333191923797131,39,537,35.1587,0
thin0.60000002384185791_browse0.800000011920929_clear0,1,98,sitka-spruce,321.14593505859375,4.2361116409301758,2.8890557289123535,1.3470554351806641,0.7407723069190979,0.062697991728782654,2.3684916496276855,7,57.848163604736328,0.34942665696144104,0.0084455162286758423,0.002291542012244463,42,541,34.206700000000005,0
thin0.60000002384185791_browse0.800000011920929_clear0,1,99,sitka-spruce,1162.041748046875,9.4309043884277344,5.9096207618713379,3.5212819576263428,0.561566174030304,0.0649934709072113,4.4020352363586426,7,58.729190826416016,0.35663697123527527,0.0081675238907337189,0.0021186461672186852,40,550,38.1274,0
thin0.60000002384185791_browse0.800000011920929_clear0,1,100,sitka-spruce,777.94830322265625,7.5015769004821777,4.0595102310180664,3.4420669078826904,0.55743873119354248,0.0774746835231781,1.1063601970672607,2,61.047428131103516,0.35677549242973328,0.0075106136500835419,0.0018275986658409238,39,553,27.970200000000002,0
thin0.60000002384185791_browse0.800000011920929_clear1,0,1,sitka-spruce,180.627197265625,2.3341326713562012,2.3341326713562012,0,0,0,0,0,2.3341331481933594,0.12058307230472565,0,0,134,0,63.2577,14
thin0.60000002384185791_browse0.800000011920929_clear1,0,2,sitka-spruce,137.00523376464844,1.808189868927002,1.808189868927002,0,0.023135019466280937,0.011092798784375191,0,0,4.108095645904541,0.13137996196746826,0.0384015291929245,0.02792818658053875,134,0,55.5993,0
thin0.60000002384185791_browse0.800000011920929_clear1,0,3,sitka-spruce,490.90802001953125,5.1451425552368164,5.1451425552368164,0,0.027875855565071106,0.019585076719522476,0,0,9.2057771682739258,0.13811576366424561,0.064905345439910889,0.047702658921480179,134,0,67.7007,0
thin0.60000002384185791_browse0.800000011920929_clear1,0,4,sitka-spruce,252.00164794921875,3.1079609394073486,3.1079609394073486,0,0.0771469920873642,0.039881765842437744,0,0,12.196708679199219,0.14224675297737122,0.083298482000827789,0.06167902797460556,134,0,56.512100000000004,0
thin0.60000002384185791_browse0.800000011920929_clear1,0,5,sitka-spruce,305.25326538085938,3.596811056137085,3.596811056137085,0,0.098459765315055847,0.045987103134393692,0,0,15.649072647094727,0.14531108736991882,0.096024960279464722,0.071815513074398041,134,0,56.8049,0
thin0.60000002384185791_browse0.800000011920929_clear1,0,6,sitka-spruce,892.92962646484375,7.186622142791748,7.186622142791748,0,0.12379360198974609,0.048347312957048416,0,0,22.663553237915039,0.14790606498718262,0.10501190274953842,0.079345904290676117,134,0,58.748400000000004,0
thin0.60000002384185791_browse0.800000011920929_clear1,0,7,sitka-spruce,1021.4639282226563,7.726931095123291,7.726931095123291,0,0.198418527841568,0.060705889016389847,0,0,30.131359100341797,0.15069621801376343,0.11141239106655121,0.085095793008804321,134,0,55.183600000000006,0
thin0.60000002384185791_browse0.800000011920929_clear1,0,8,sitka-spruce,1725.52880859375,9.2084550857543945,8.3221435546875,0.88631337881088257,0.24759392440319061,0.090686976909637451,0,0,38.1152229309082,0.153834730386734,0.11587710678577423,0.089592665433883667,134,0,56.2959,0
thin0.60000002384185791_browse0.800000011920929_clear1,0,9,sitka-spruce,512.3380126953125,5.54224157333374,3.5106418132781982,2.0315990447998047,0.29673835635185242,0.10747730731964111,0,0,41.221649169921875,0.15722659230232239,0.11894369125366211,0.093132644891738892,134,0,54.464000000000006,0
thin0.60000002384185791_browse0.800000011920929_clear1,0,10,sitka-spruce,565.55914306640625,6.0132789611816406,2.5420928001403809,3.4711856842041016,0.30488976836204529,0.07373790442943573,0,0,43.385112762451172,0.16072037816047668,0.12076601386070251,0.095927491784095764,134,0,53.183,0
thin0.60000002384185791_browse0.800000011920929_clear1,0,11,sitka-spruce,563.72137451171875,6.1055693626403809,1.8142726421356201,4.29129695892334,0.31792372465133667,0.065550409257411957,0,0,44.815910339355469,0.16413642466068268,0.12168283760547638,0.098152086138725281,134,0,48.1081,0
thin0.60000002384185791_browse0.800000011920929_clear1,0,12,sitka-spruce,1408.656982421875,9.4214572906494141,1.9480501413345337,7.4734058380126953,0.32978770136833191,0.042442899197340012,0,0,46.391731262207031,0.16735668480396271,0.12199664860963821,0.099900379776954651,134,0,47.5447,0
thin0.60000002384185791_browse0.800000011920929_clear1,0,13,sitka-spruce,1411.3460693359375,9.5500173568725586,1.5080411434173584,8.0419759750366211,0.38496166467666626,0.040168967097997665,0.67473137378692627,4,46.799911499023438,0.17027217149734497,0.12187273055315018,0.10123935341835022,138,0,49.4221,0
thin0.60000002384185791_browse0.800000011920929_clear1,0,14,sitka-spruce,566.5260009765625,6.268333911895752,1.6328015327453613,4.6355314254760742,0.43105268478393555,0.038756046444177628,1.4045954942703247,8,46.558307647705078,0.17647238075733185,0.11557351797819138,0.0968150720000267,146,0,54.361000000000004,0
thin0.60000002384185791_browse0.800000011920929_clear1,0,15,sitka-spruce,2134.372314453125,10.349405288696289,2.982429027557373,7.366976261138916,0.42199224233627319,0.035803552716970444,2.6166224479675293,7,46.466316223144531,0.18737119436264038,0.10015670955181122,0.0796942338347435,153,0,52.4501,0
thin0.60000002384185791_browse0.800000011920929_clear1,0,16,sitka-spruce,572.3798828125,6.19218111038208,2.2424747943878174,3.9497056007385254,0.47120994329452515,0.042843423783779144,3.5980231761932373,11,44.596717834472656,0.20063301920890808,0.086755603551864624,0.067665025591850281,164,0,59.122400000000006,0
thin0.60000002384185791_browse0.800000011920929_clear1,0,17,sitka-spruce,575.76763916015625,5.9027328491210938,4.232701301574707,1.6700308322906494,0.58883047103881836,0.046470671892166138,0.37675994634628296,1,47.817356109619141,0.21795497834682465,0.067984648048877716,0.0535772442817688,165,0,47.3834,0
thin0.60000002384185791_browse0.800000011920929_clear1,0,18,sitka-spruce,1449.4013671875,8.7560520172119141,2.8161282539367676,5.9399232864379883,0.55324965715408325,0.056476853787899017,1.7666627168655396,3,48.257095336914063,0.23105186223983765,0.056838046759366989,0.045406829565763474,168,0,47.946000000000005,0
thin0.60000002384185791_browse0.800000011920929_clear1,0,19,sitka-spruce,584.194580078125,5.6712384223937988,1.650826096534729,4.0204124450683594,0.57135689258575439,0.059808250516653061,7.2011375427246094,12,42.075618743896484,0.24144606292247772,0.047451786696910858,0.038580302149057388,180,0,73.579900000000009,0
thin0.60000002384185791_browse0.800000011920929_clear1,0,20,sitka-spruce,588.650390625,5.221433162689209,3.440540075302124,1.7808935642242432,0.79760324954986572,0.050867456942796707,3.6642119884490967,9,41.003475189208984,0.24821197986602783,0.034955210983753204,0.027811748906970024,188,1,76.0862,0
thin0.60000002384185791_browse0.800000011920929_clear1,0,21,sitka-spruce,1482.9525146484375,7.0679912567138672,5.5658369064331055,1.5021542310714722,0.90809029340744019,0.051242835819721222,2.6259992122650146,6,42.983982086181641,0.24744006991386414,0.026793081313371658,0.021418221294879913,194,1,58.419700000000006,0
thin0.60000002384185791_browse0.800000011920929_clear1,0,22,sitka-spruce,2250.67724609375,7.1097469329833984,5.2998638153076172,1.8098832368850708,1.5636130571365356,0.067382708191871643,3.2124402523040771,7,43.440410614013672,0.24365358054637909,0.018426619470119476,0.013568028807640076,201,1,62.576100000000004,0
thin0.60000002384185791_browse0.800000011920929_clear1,0,23,sitka-spruce,1524.5357666015625,6.1088290214538574,3.6688199043273926,2.4400086402893066,1.6702232360839844,0.0825069397687912,1.5238544940948486,5,43.832645416259766,0.23825690150260925,0.011984925717115402,0.0083672050386667252,204,3,76.5831,0
thin0.60000002384185791_browse0.800000011920929_clear1,0,24,sitka-spruce,1544.0242919921875,5.7236928939819336,3.2518877983093262,2.4718055725097656,1.7439709901809692,0.083625450730323792,1.1318472623825073,3,44.125087738037109,0.23082941770553589,0.0079106669872999191,0.0049017802812159061,206,4,77.5831,0
thin0.60000002384185791_browse0.800000011920929_clear1,0,25,sitka-spruce,2339.39404296875,6.0234222412109375,2.7012076377868652,3.3222155570983887,2.00443959236145,0.077260866761207581,0.60838890075683594,3,44.136207580566406,0.22460347414016724,0.005678866058588028,0.0030077651608735323,206,7,76.8464,0
thin0.60000002384185791_browse0.800000011920929_clear1,0,26,sitka-spruce,1571.7945556640625,5.3326377868652344,2.4268617630004883,2.9057762622833252,1.7223408222198486,0.0698908194899559,0.94624054431915283,3,43.8245964050293,0.21455380320549011,0.0043920446187257767,0.0018989663803949952,205,11,77.907800000000009,0
thin0.60000002384185791_browse0.800000011920929_clear1,0,27,sitka-spruce,632.93731689453125,3.6860208511352539,1.6857026815414429,2.0003182888031006,1.5498404502868652,0.066175937652587891,1.0038800239562988,2,42.890403747558594,0.20393222570419312,0.0057904869318008423,0.0029099436942487955,201,17,79.887,0
thin0.60000002384185791_browse0.800000011920929_clear1,0,28,sitka-spruce,1598.0531005859375,5.4664306640625,2.5108122825622559,2.9556174278259277,1.5689408779144287,0.060400277376174927,0.3439105749130249,2,43.427963256835938,0.19861851632595062,0.0066758091561496258,0.0035370669793337584,197,23,84.4499,0
thin0.60000002384185791_browse0.800000011920929_clear1,0,29,sitka-spruce,1625.1407470703125,5.5820064544677734,2.6843819618225098,2.8976225852966309,1.5773370265960693,0.060258105397224426,0.43062481284141541,1,44.04412841796875,0.19500124454498291,0.00729741808027029,0.0039900741539895535,193,28,72.9625,0
thin0.60000002384185791_browse0.800000011920929_clear1,0,30,sitka-spruce,2433.106201171875,6.4543066024780273,2.6049680709838867,3.8493378162384033,1.6801040172576904,0.061825815588235855,2.3604950904846191,5,42.546669006347656,0.19327732920646667,0.0094754593446850777,0.0057374597527086735,189,37,78.932600000000008,0
thin0.60000002384185791_browse0.800000011920929_clear1,0,31,sitka-spruce,2473.765869140625,6.0901002883911133,2.5538172721862793,3.5362823009490967,1.7560644149780273,0.059180982410907745,0.33970052003860474,2,42.945541381835938,0.19063030183315277,0.010887331329286098,0.0067562796175479889,185,43,71.5672,0
thin0.60000002384185791_browse0.800000011920929_clear1,0,32,sitka-spruce,1669.805908203125,5.8631987571716309,2.3268706798553467,3.5363290309906006,1.54075288772583,0.051842611283063889,0.0948529988527298,1,43.584964752197266,0.19163146615028381,0.010899120010435581,0.0072444486431777477,180,49,68.7898,0
thin0.60000002384185791_browse0.800000011920929_clear1,0,33,sitka-spruce,674.0472412109375,4.2278175354003906,1.3620269298553467,2.8657913208007813,1.4156402349472046,0.052696190774440765,1.6437749862670898,5,41.834880828857422,0.19508278369903564,0.010785362683236599,0.0072507360018789768,177,57,74.11330000000001,0
thin0.60000002384185791_browse0.800000011920929_clear1,0,34,sitka-spruce,660.59228515625,4.516291618347168,2.0220856666564941,2.4942066669464111,1.0768799781799316,0.050678648054599762,0.59653711318969727,2,42.132869720458984,0.20468369126319885,0.0105678029358387,0.0068720974959433079,165,71,66.7351,0
thin0.60000002384185791_browse0.800000011920929_clear1,0,35,sitka-spruce,659.50091552734375,4.8003473281860352,2.3909826278686523,2.4093647003173828,1.0827431678771973,0.051980331540107727,1.7787044048309326,3,41.610424041748047,0.20602571964263916,0.014061065390706062,0.010225851088762283,159,80,63.0431,0
thin0.60000002384185791_browse0.800000011920929_clear1,0,36,sitka-spruce,656.334716796875,5.0000004768371582,2.4207570552825928,2.5792441368103027,1.2457717657089233,0.052032984793186188,1.0972821712493896,3,41.636093139648438,0.20364943146705627,0.019826803356409073,0.016061900183558464,154,88,60.846900000000005,0
thin0.60000002384185791_browse0.800000011920929_clear1,0,37,sitka-spruce,649.22442626953125,5.5154237747192383,3.1921532154083252,2.3232698440551758,0.96535944938659668,0.05352337658405304,1.4716925621032715,5,42.337673187255859,0.20237323641777039,0.027108998969197273,0.020788103342056274,149,98,62.0339,0
thin0.60000002384185791_browse0.800000011920929_clear1,0,38,sitka-spruce,658.88409423828125,5.417874813079834,3.2645840644836426,2.1532907485961914,0.87769365310668945,0.058279462158679962,3.6416611671447754,7,41.024620056152344,0.19969518482685089,0.030985835939645767,0.023647613823413849,147,107,66.4749,0
thin0.60000002384185791_browse0.800000011920929_clear1,0,39,sitka-spruce,1635.447265625,8.0845756530761719,5.7003369331359863,2.3842382431030273,1.0719921588897705,0.059522852301597595,1.2870367765426636,6,44.3064079284668,0.20474550127983093,0.033810701221227646,0.025698505342006683,142,118,71.9696,0
thin0.60000002384185791_browse0.800000011920929_clear1,0,40,sitka-spruce,637.730712890625,5.9315891265869141,3.6160290241241455,2.315561056137085,0.99183285236358643,0.068158537149429321,0.77243012189865112,3,46.090011596679688,0.21092016994953156,0.035910192877054214,0.025618840008974075,131,132,55.393,0
thin0.60000002384185791_browse0.800000011920929_clear1,0,41,sitka-spruce,1556.242431640625,8.7305755615234375,3.8950634002685547,4.835512638092041,0.80394136905670166,0.070447772741317749,0.30948632955551147,1,48.801200866699219,0.21806079149246216,0.038167748600244522,0.026882952079176903,122,142,48.339600000000004,0
thin0.60000002384185791_browse0.800000011920929_clear1,0,42,sitka-spruce,1568.4915771484375,8.863865852355957,2.6270139217376709,6.236851692199707,0.60999530553817749,0.078222870826721191,1.62601900100708,6,49.113979339599609,0.22148637473583221,0.039126858115196228,0.026394248008728027,124,146,52.006,0
thin0.60000002384185791_browse0.800000011920929_clear1,0,43,sitka-spruce,1575.526611328125,9.0601310729980469,2.7529454231262207,6.30718469619751,0.84313660860061646,0.065531082451343536,3.7972869873046875,5,47.160968780517578,0.22658731043338776,0.037263888865709305,0.022638879716396332,121,154,53.0752,0
thin0.60000002384185791_browse0.800000011920929_clear1,0,44,sitka-spruce,1599.5946044921875,9.0412454605102539,3.3354144096374512,5.705833911895752,1.3962936401367188,0.054961349815130234,2.3512873649597168,5,46.693840026855469,0.23350146412849426,0.034255880862474442,0.020112073048949242,122,158,50.2785,0
thin0.60000002384185791_browse0.800000011920929_clear1,0,45,sitka-spruce,1568.6256103515625,9.3355484008789063,4.1486659049987793,5.1868829727172852,0.72639888525009155,0.058800715953111649,1.8685333728790283,6,48.188774108886719,0.2363775223493576,0.033107750117778778,0.01742824912071228,118,168,54.3016,0
thin0.60000002384185791_browse0.800000011920929_clear1,0,46,sitka-spruce,622.7724609375,6.6727638244628906,3.3600647449493408,3.3126966953277588,1.0474097728729248,0.065970882773399353,0.85403472185134888,6,49.581424713134766,0.24493527412414551,0.032580714672803879,0.016821488738059998,113,179,53.9979,0
thin0.60000002384185791_browse0.800000011920929_clear1,0,47,sitka-spruce,1568.3240966796875,9.47557258605957,4.1782588958740234,5.2973151206970215,1.0132251977920532,0.06955990195274353,0.76791810989379883,2,51.908977508544922,0.25515085458755493,0.029280021786689758,0.014224080368876457,110,184,43.7107,0
thin0.60000002384185791_browse0.800000011920929_clear1,0,48,sitka-spruce,620.460205078125,6.5942683219909668,2.2725710868835449,4.3216981887817383,0.972818911075592,0.072339385747909546,1.6019947528839111,6,51.534397125244141,0.25819689035415649,0.029486458748579025,0.013451563194394112,107,193,50.1037,0
thin0.60000002384185791_browse0.800000011920929_clear1,0,49,sitka-spruce,637.76666259765625,6.411046028137207,2.4113245010375977,3.999720573425293,0.99763983488082886,0.064329788088798523,4.1865577697753906,8,48.697193145751953,0.25833925604820251,0.029909169301390648,0.014585526660084724,110,198,55.4624,0
thin0.60000002384185791_browse0.800000011920929_clear1,0,50,sitka-spruce,2312.4306640625,10.250251770019531,4.102879524230957,6.1473712921142578,0.72278207540512085,0.059448696672916412,3.724196195602417,7,48.293643951416016,0.26141431927680969,0.030561922118067741,0.015716934576630592,98,217,64.9915,0
thin0.60000002384185791_browse0.800000011920929_clear1,0,51,sitka-spruce,616.27777099609375,6.2819857597351074,2.8481857776641846,3.4337983131408691,0.56678152084350586,0.059282176196575165,1.7749353647232056,4,48.7408332824707,0.26586872339248657,0.027885187417268753,0.014797743409872055,96,223,43.6252,0
thin0.60000002384185791_browse0.800000011920929_clear1,0,52,sitka-spruce,2301.802734375,10.069450378417969,4.7522392272949219,5.31721305847168,0.51081681251525879,0.060413066297769547,2.1425738334655762,5,50.779266357421875,0.26857054233551025,0.027229882776737213,0.014228293672204018,92,232,44.5702,0
thin0.60000002384185791_browse0.800000011920929_clear1,0,53,sitka-spruce,1494.55859375,9.2844533920288086,3.7631235122680664,5.5213298797607422,1.0724433660507202,0.066812597215175629,2.4624290466308594,7,50.940704345703125,0.27116125822067261,0.025078438222408295,0.013304403051733971,93,238,50.6944,0
thin0.60000002384185791_browse0.800000011920929_clear1,0,54,sitka-spruce,606.98834228515625,6.0439190864562988,2.4562575817108154,3.5876607894897461,0.855127215385437,0.066699616611003876,2.5478644371032715,5,49.927272796630859,0.27423420548439026,0.019973399117588997,0.0096346409991383553,93,243,44.769000000000005,0
thin0.60000002384185791_browse0.800000011920929_clear1,0,55,sitka-spruce,1498.9794921875,8.9763202667236328,4.11552095413208,4.8608007431030273,0.843976616859436,0.061329767107963562,1.8191118240356445,7,51.318374633789063,0.27377480268478394,0.020899437367916107,0.010502356104552746,87,256,49.953900000000004,0
thin0.60000002384185791_browse0.800000011920929_clear1,0,56,sitka-spruce,598.46783447265625,5.9890127182006836,2.8720910549163818,3.11692214012146,0.89652276039123535,0.061526726931333542,1.4412447214126587,6,51.791172027587891,0.27137473225593567,0.022016262635588646,0.011112935841083527,84,265,43.3527,0
thin0.60000002384185791_browse0.800000011920929_clear1,0,57,sitka-spruce,1472.2867431640625,8.9299736022949219,4.0790081024169922,4.85096549987793,1.214056134223938,0.060725081712007523,0.64477694034576416,4,53.95062255859375,0.26898464560508728,0.023751690983772278,0.012139330618083477,79,274,40.7655,0
thin0.60000002384185791_browse0.800000011920929_clear1,0,58,sitka-spruce,2187.90771484375,9.6520233154296875,2.4595072269439697,7.1925187110900879,1.132719874382019,0.066117025911808014,3.2523951530456543,8,51.958896636962891,0.27170193195343018,0.02406051941215992,0.011893626302480698,83,278,43.909400000000005,0
thin0.60000002384185791_browse0.800000011920929_clear1,0,59,sitka-spruce,1468.023193359375,8.8392715454101563,3.2866818904876709,5.5525894165039063,1.3976894617080688,0.060378856956958771,1.7375831604003906,8,52.0499267578125,0.27494072914123535,0.023482076823711395,0.011064037680625916,80,289,54.1528,0
thin0.60000002384185791_browse0.800000011920929_clear1,0,60,sitka-spruce,1458.2236328125,8.9248857498168945,3.4977462291717529,5.4271392822265625,1.7625072002410889,0.058542419224977493,2.3647828102111816,7,51.361839294433594,0.2768534719944,0.02365996316075325,0.010740113444626331,77,299,54.3537,0
thin0.60000002384185791_browse0.800000011920929_clear1,0,61,sitka-spruce,2201.16748046875,9.0645198822021484,3.7278759479522705,5.336644172668457,1.5024396181106567,0.059499882161617279,0.5248028039932251,2,53.002975463867188,0.27454423904418945,0.022978674620389938,0.010645736940205097,76,302,34.1532,0
thin0.60000002384185791_browse0.800000011920929_clear1,0,62,sitka-spruce,1432.767822265625,8.6734657287597656,2.9896566867828369,5.683807373046875,1.3112987279891968,0.063130557537078857,3.9792091846466064,7,50.638992309570313,0.27760088443756104,0.023196972906589508,0.011616254225373268,74,311,42.5465,0
thin0.60000002384185791_browse0.800000011920929_clear1,0,63,sitka-spruce,1420.3216552734375,8.7157316207885742,3.8622210025787354,4.85351037979126,0.974462628364563,0.06418263167142868,2.7565984725952148,6,50.705970764160156,0.282769113779068,0.022545238956809044,0.011382803320884705,71,320,43.323,0
thin0.60000002384185791_browse0.800000011920929_clear1,0,64,sitka-spruce,558.84423828125,5.6377062797546387,2.842322826385498,2.7953822612762451,0.91303515434265137,0.0690784677863121,1.8933329582214355,4,50.672847747802734,0.28504925966262817,0.021876556798815727,0.010723156854510307,67,328,40.2047,0
thin0.60000002384185791_browse0.800000011920929_clear1,0,65,sitka-spruce,557.703369140625,5.4829177856445313,3.2353122234344482,2.2476058006286621,0.795327365398407,0.067623451352119446,1.2244149446487427,8,51.820793151855469,0.28570458292961121,0.020245986059308052,0.0096912430599331856,70,333,41.238800000000005,0
thin0.60000002384185791_browse0.800000011920929_clear1,0,66,sitka-spruce,557.00238037109375,5.324094295501709,2.9714951515197754,2.3526005744934082,1.0177286863327026,0.072892546653747559,1.8709080219268799,4,51.830757141113281,0.28486138582229614,0.018213896080851555,0.0082291672006249428,65,342,38.5191,0
thin0.60000002384185791_browse0.800000011920929_clear1,0,67,sitka-spruce,1356.06982421875,8.13710880279541,3.9872007369995117,4.1499061584472656,1.5089585781097412,0.071601174771785736,2.3110547065734863,5,51.926345825195313,0.28767016530036926,0.016247257590293884,0.0073635755106806755,64,348,36.9996,0
thin0.60000002384185791_browse0.800000011920929_clear1,0,68,sitka-spruce,1350.32470703125,7.8984460830688477,4.1221985816955566,3.7762463092803955,2.2238681316375732,0.070004954934120178,2.4031174182891846,3,51.351554870605469,0.28051963448524475,0.017740469425916672,0.009113924577832222,64,351,33.5127,0
thin0.60000002384185791_browse0.800000011920929_clear1,0,69,sitka-spruce,530.8087158203125,5.2346267700195313,2.5616846084594727,2.672943115234375,1.4142309427261353,0.06737808883190155,1.133337140083313,4,51.298294067382813,0.28056898713111877,0.017994318157434464,0.0099387774243950844,61,358,36.0663,0
thin0.60000002384185791_browse0.800000011920929_clear1,0,70,sitka-spruce,524.6871337890625,5.3111119270324707,2.6881349086761475,2.6229763031005859,1.2488218545913696,0.062167085707187653,2.5982859134674072,5,50.077152252197266,0.28443896770477295,0.01739337295293808,0.010171134024858475,61,363,39.4563,0
thin0.60000002384185791_browse0.800000011920929_clear1,0,71,sitka-spruce,504.72067260742188,5.3423213958740234,2.7594599723815918,2.5828609466552734,1.0506037473678589,0.053007315844297409,1.0898816585540771,4,50.643119812011719,0.28977766633033752,0.016961891204118729,0.010049979202449322,58,370,34.4163,0
thin0.60000002384185791_browse0.800000011920929_clear1,0,72,sitka-spruce,1235.552001953125,8.42004680633545,4.1685943603515625,4.2514519691467285,0.81313592195510864,0.055427048355340958,1.5138375759124756,5,52.429313659667969,0.29612159729003906,0.015977898612618446,0.009715106338262558,58,375,35.4529,0
thin0.60000002384185791_browse0.800000011920929_clear1,0,73,sitka-spruce,1219.4376220703125,8.1931056976318359,3.855358362197876,4.3377485275268555,1.2465811967849731,0.060977354645729065,0.26780843734741211,3,54.709304809570313,0.29937225580215454,0.014851911924779415,0.0091661037877202034,55,381,32.0855,0
thin0.60000002384185791_browse0.800000011920929_clear1,0,74,sitka-spruce,1798.29345703125,9.0175704956054688,3.4937088489532471,5.523862361907959,1.6994531154632568,0.067734286189079285,2.2662107944488525,4,54.16961669921875,0.2980542778968811,0.016011966392397881,0.010310806334018707,55,385,34.8956,0
thin0.60000002384185791_browse0.800000011920929_clear1,0,75,sitka-spruce,1174.9951171875,8.0924034118652344,3.3880090713500977,4.7043938636779785,1.7795290946960449,0.068831369280815125,2.4668674468994141,6,53.242397308349609,0.29388594627380371,0.018634773790836334,0.012568572536110878,56,390,37.792,0
thin0.60000002384185791_browse0.800000011920929_clear1,0,76,sitka-spruce,1148.9122314453125,8.2938661575317383,3.3007738590240479,4.9930939674377441,1.6021602153778076,0.06969066709280014,0.90085828304290771,5,53.970462799072266,0.29320245981216431,0.020852891728281975,0.013873862102627754,54,397,36.0355,0
thin0.60000002384185791_browse0.800000011920929_clear1,0,77,sitka-spruce,1165.299072265625,7.8579573631286621,2.7221319675445557,5.1358256340026855,1.5634958744049072,0.068349398672580719,3.8033628463745117,8,51.25738525390625,0.28858903050422668,0.021367879584431648,0.013655633665621281,60,399,40.0347,0
thin0.60000002384185791_browse0.800000011920929_clear1,0,78,sitka-spruce,446.88272094726563,4.9277439117431641,2.7607450485229492,2.1669981479644775,1.2492398023605347,0.062463756650686264,1.7570594549179077,4,50.949367523193359,0.29238793253898621,0.02160453237593174,0.013259804807603359,51,412,37.1008,0
thin0.60000002384185791_browse0.800000011920929_clear1,0,79,sitka-spruce,436.10513305664063,5.0301437377929688,3.1838796138763428,1.8462646007537842,0.94335150718688965,0.060857966542243958,2.7110683917999268,7,50.417972564697266,0.29729235172271729,0.021895704790949821,0.012234563007950783,53,417,38.213100000000004,0
thin0.60000002384185791_browse0.800000011920929_clear1,0,80,sitka-spruce,1061.439453125,8.4712677001953125,5.3336286544799805,3.1376383304595947,1.0886839628219604,0.061298556625843048,1.710567831993103,7,52.891048431396484,0.29743883013725281,0.02330426312983036,0.011906780302524567,52,425,42.0972,0
thin0.60000002384185791_browse0.800000011920929_clear1,0,81,sitka-spruce,431.06149291992188,4.7885193824768066,2.7954399585723877,1.9930794239044189,1.3657406568527222,0.074261590838432312,1.2376770973205566,6,53.008808135986328,0.29316160082817078,0.021740484982728958,0.010724631138145924,56,427,36.9063,0
thin0.60000002384185791_browse0.800000011920929_clear1,0,82,sitka-spruce,1524.1661376953125,9.8126907348632813,5.2689285278320313,4.5437617301940918,0.87419503927230835,0.071678377687931061,2.0608193874359131,8,55.271045684814453,0.29618555307388306,0.022878555580973625,0.01051084790378809,51,440,43.388000000000005,0
thin0.60000002384185791_browse0.800000011920929_clear1,0,83,sitka-spruce,1044.46875,8.2148761749267578,3.601334810256958,4.6135401725769043,0.92007237672805786,0.080840073525905609,1.7212300300598145,4,56.150238037109375,0.29574659466743469,0.021078327670693398,0.0084672523662447929,52,443,34.1734,0
thin0.60000002384185791_browse0.800000011920929_clear1,0,84,sitka-spruce,396.45254516601563,5.05117130279541,1.9331855773925781,3.1179859638214111,1.0320168733596802,0.073120899498462677,2.9393899440765381,6,54.038894653320313,0.2954275906085968,0.023850779980421066,0.01033440325409174,48,453,37.4976,0
thin0.60000002384185791_browse0.800000011920929_clear1,0,85,sitka-spruce,969.1356201171875,8.5609540939331055,3.8399636745452881,4.7209901809692383,0.76355868577957153,0.061948735266923904,3.2533082962036133,5,53.800045013427734,0.29945379495620728,0.025044465437531471,0.011053156107664108,46,460,32.3166,0
thin0.60000002384185791_browse0.800000011920929_clear1,0,86,sitka-spruce,978.97003173828125,8.2025375366210938,3.38451886177063,4.8180179595947266,0.7927173376083374,0.062211945652961731,2.3913650512695313,5,53.938270568847656,0.30337893962860107,0.022153841331601143,0.008658616803586483,49,462,32.857,0
thin0.60000002384185791_browse0.800000011920929_clear1,0,87,sitka-spruce,951.1258544921875,8.29055118560791,3.833869457244873,4.4566822052001953,0.76363581418991089,0.064428441226482391,0.44998317956924438,2,56.494091033935547,0.30679848790168762,0.022251280024647713,0.0087597789242863655,42,471,29.831500000000002,0
thin0.60000002384185791_browse0.800000011920929_clear1,0,88,sitka-spruce,381.16604614257813,4.6635870933532715,2.0603363513946533,2.60325026512146,0.77015507221221924,0.065039411187171936,3.1567816734313965,8,54.562450408935547,0.30833190679550171,0.021612631157040596,0.0083984751254320145,49,472,36.7038,0
thin0.60000002384185791_browse0.800000011920929_clear1,0,89,sitka-spruce,926.94525146484375,8.14761734008789,3.9551322460174561,4.1924858093261719,0.56960928440093994,0.061053521931171417,1.3297363519668579,4,56.557186126708984,0.31500464677810669,0.020527159795165062,0.0077280742116272449,43,482,33.9452,0
thin0.60000002384185791_browse0.800000011920929_clear1,0,90,sitka-spruce,898.88494873046875,8.32182502746582,3.6316978931427,4.6901278495788574,0.84846699237823486,0.0649789497256279,3.7982985973358154,10,55.477138519287109,0.3202207088470459,0.020376311615109444,0.0076043070293962955,48,487,43.804,0
thin0.60000002384185791_browse0.800000011920929_clear1,0,91,sitka-spruce,911.5230712890625,7.7100925445556641,3.8762915134429932,3.8338005542755127,0.80075210332870483,0.06666642427444458,1.7147338390350342,6,56.771278381347656,0.320076584815979,0.016701493412256241,0.0053703216835856438,51,490,36.582300000000004,0
thin0.60000002384185791_browse0.800000011920929_clear1,0,92,sitka-spruce,867.77020263671875,8.2442312240600586,4.1970324516296387,4.0471992492675781,0.7606353759765625,0.073587618768215179,1.5752253532409668,5,58.558860778808594,0.325328528881073,0.016779189929366112,0.0054143574088811874,42,504,37.3714,0
thin0.60000002384185791_browse0.800000011920929_clear1,0,93,sitka-spruce,347.10809326171875,4.53163480758667,2.2684066295623779,2.2632265090942383,0.85290735960006714,0.076239272952079773,1.6726237535476685,5,58.225498199462891,0.32858234643936157,0.015497562475502491,0.00433683767914772,44,507,33.0267,0
thin0.60000002384185791_browse0.800000011920929_clear1,0,94,sitka-spruce,337.23648071289063,4.6128802299499512,2.6015923023223877,2.0112874507904053,0.62512540817260742,0.069179989397525787,2.4553234577178955,8,57.677459716796875,0.33474090695381165,0.014710443094372749,0.0043062660843133926,44,515,39.5397,0
thin0.60000002384185791_browse0.800000011920929_clear1,0,95,sitka-spruce,340.47720336914063,4.3839988708496094,2.4985215663909912,1.8854770660400391,0.82447230815887451,0.058050535619258881,2.4243907928466797,3,56.869068145751953,0.33590170741081238,0.011780365370213985,0.0027601714245975018,44,518,30.2966,0
thin0.60000002384185791_browse0.800000011920929_clear1,0,96,sitka-spruce,1229.8836669921875,9.48790168762207,4.65103816986084,4.8368635177612305,0.47226318717002869,0.054372671991586685,3.2949941158294678,9,57.698478698730469,0.34145104885101318,0.011341867968440056,0.0029536073561757803,44,527,43.1809,0
thin0.60000002384185791_browse0.800000011920929_clear1,0,97,sitka-spruce,321.14593505859375,4.3689489364624023,2.65339994430542,1.7155488729476929,0.48415631055831909,0.06140340119600296,1.6752474308013916,5,58.131069183349609,0.34639459848403931,0.010651416145265102,0.0029333191923797131,39,537,34.316700000000004,0
thin0.60000002384185791_browse0.800000011920929_clear1,0,98,sitka-spruce,321.14593505859375,4.2361116409301758,2.8890557289123535,1.3470554351806641,0.7407723069190979,0.062697991728782654,2.3684916496276855,7,57.848163604736328,0.34942665696144104,0.0084455162286758423,0.002291542012244463,42,541,33.427,0
thin0.60000002384185791_browse0.800000011920929_clear1,0,99,sitka-spruce,1162.041748046875,9.4309043884277344,5.9096207618713379,3.5212819576263428,0.561566174030304,0.0649934709072113,4.4020352363586426,7,58.729190826416016,0.35663697123527527,0.0081675238907337189,0.0021186461672186852,40,550,37.385200000000005,0
thin0.60000002384185791_browse0.800000011920929_clear1,0,100,sitka-spruce,777.94830322265625,7.5015769004821777,4.0595102310180664,3.4420669078826904,0.55743873119354248,0.0774746835231781,1.1063601970672607,2,61.047428131103516,0.35677549242973328,0.0075106136500835419,0.0018275986658409238,39,553,28.485200000000003,0
thin0.60000002384185791_browse0.800000011920929_clear1,1,1,sitka-spruce,180.627197265625,2.3341326713562012,2.3341326713562012,0,0,0,0,0,2.3341331481933594,0.12058307230472565,0,0,134,0,64.2385,14
thin0.60000002384185791_browse0.800000011920929_clear1,1,2,sitka-spruce,137.00523376464844,1.808189868927002,1.808189868927002,0,0.023135019466280937,0.011092798784375191,0,0,4.108095645904541,0.13137996196746826,0.0384015291929245,0.02792818658053875,134,0,56.2948,0
thin0.60000002384185791_browse0.800000011920929_clear1,1,3,sitka-spruce,490.90802001953125,5.1451425552368164,5.1451425552368164,0,0.027875855565071106,0.019585076719522476,0,0,9.2057771682739258,0.13811576366424561,0.064905345439910889,0.047702658921480179,134,0,69.06450000000001,0
thin0.60000002384185791_browse0.800000011920929_clear1,1,4,sitka-spruce,252.00164794921875,3.1079609394073486,3.1079609394073486,0,0.0771469920873642,0.039881765842437744,0,0,12.196708679199219,0.14224675297737122,0.083298482000827789,0.06167902797460556,134,0,56.010000000000005,0
thin0.60000002384185791_browse0.800000011920929_clear1,1,5,sitka-spruce,305.25326538085938,3.596811056137085,3.596811056137085,0,0.098459765315055847,0.045987103134393692,0,0,15.649072647094727,0.14531108736991882,0.096024960279464722,0.071815513074398041,134,0,56.8962,0
thin0.60000002384185791_browse0.800000011920929_clear1,1,6,sitka-spruce,892.92962646484375,7.186622142791748,7.186622142791748,0,0.12379360198974609,0.048347312957048416,0,0,22.663553237915039,0.14790606498718262,0.10501190274953842,0.079345904290676117,134,0,54.244,0
thin0.60000002384185791_browse0.800000011920929_clear1,1,7,sitka-spruce,1021.4639282226563,7.726931095123291,7.726931095123291,0,0.198418527841568,0.060705889016389847,0,0,30.131359100341797,0.15069621801376343,0.11141239106655121,0.085095793008804321,134,0,57.374100000000006,0
thin0.60000002384185791_browse0.800000011920929_clear1,1,8,sitka-spruce,1725.52880859375,9.2084550857543945,8.3221435546875,0.88631337881088257,0.24759392440319061,0.090686976909637451,0,0,38.1152229309082,0.153834730386734,0.11587710678577423,0.089592665433883667,134,0,55.891200000000005,0
thin0.60000002384185791_browse0.800000011920929_clear1,1,9,sitka-spruce,512.3380126953125,5.54224157333374,3.5106418132781982,2.0315990447998047,0.29673835635185242,0.10747730731964111,0,0,41.221649169921875,0.15722659230232239,0.11894369125366211,0.093132644891738892,134,0,55.749500000000005,0
thin0.60000002384185791_browse0.800000011920929_clear1,1,10,sitka-spruce,565.55914306640625,6.0132789611816406,2.5420928001403809,3.4711856842041016,0.30488976836204529,0.07373790442943573,0,0,43.385112762451172,0.16072037816047668,0.12076601386070251,0.095927491784095764,134,0,52.3868,0
thin0.60000002384185791_browse0.800000011920929_clear1,1,11,sitka-spruce,563.72137451171875,6.1055693626403809,1.8142726421356201,4.29129695892334,0.31792372465133667,0.065550409257411957,0,0,44.815910339355469,0.16413642466068268,0.12168283760547638,0.098152086138725281,134,0,46.2306,0
thin0.60000002384185791_browse0.800000011920929_clear1,1,12,sitka-spruce,1408.656982421875,9.4214572906494141,1.9480501413345337,7.4734058380126953,0.32978770136833191,0.042442899197340012,0,0,46.391731262207031,0.16735668480396271,0.12199664860963821,0.099900379776954651,134,0,45.8159,0
thin0.60000002384185791_browse0.800000011920929_clear1,1,13,sitka-spruce,1411.3460693359375,9.5500173568725586,1.5080411434173584,8.0419759750366211,0.38496166467666626,0.040168967097997665,0.67473137378692627,4,46.799911499023438,0.17027217149734497,0.12187273055315018,0.10123935341835022,138,0,50.0666,0
thin0.60000002384185791_browse0.800000011920929_clear1,1,14,sitka-spruce,566.5260009765625,6.268333911895752,1.6328015327453613,4.6355314254760742,0.43105268478393555,0.038756046444177628,1.4045954942703247,8,46.558307647705078,0.17647238075733185,0.11557351797819138,0.0968150720000267,146,0,53.418600000000005,0
thin0.60000002384185791_browse0.800000011920929_clear1,1,15,sitka-spruce,2134.372314453125,10.349405288696289,2.982429027557373,7.366976261138916,0.42199224233627319,0.035803552716970444,2.6166224479675293,7,46.466316223144531,0.18737119436264038,0.10015670955181122,0.0796942338347435,153,0,51.7644,0
thin0.60000002384185791_browse0.800000011920929_clear1,1,16,sitka-spruce,572.3798828125,6.19218111038208,2.2424747943878174,3.9497056007385254,0.47120994329452515,0.042843423783779144,3.5980231761932373,11,44.596717834472656,0.20063301920890808,0.086755603551864624,0.067665025591850281,164,0,58.3933,0
thin0.60000002384185791_browse0.800000011920929_clear1,1,17,sitka-spruce,575.76763916015625,5.9027328491210938,4.232701301574707,1.6700308322906494,0.58883047103881836,0.046470671892166138,0.37675994634628296,1,47.817356109619141,0.21795497834682465,0.067984648048877716,0.0535772442817688,165,0,46.3891,0
thin0.60000002384185791_browse0.800000011920929_clear1,1,18,sitka-spruce,1449.4013671875,8.7560520172119141,2.8161282539367676,5.9399232864379883,0.55324965715408325,0.056476853787899017,1.7666627168655396,3,48.257095336914063,0.23105186223983765,0.056838046759366989,0.045406829565763474,168,0,46.0803,0
thin0.60000002384185791_browse0.800000011920929_clear1,1,19,sitka-spruce,584.194580078125,5.6712384223937988,1.650826096534729,4.0204124450683594,0.57135689258575439,0.059808250516653061,7.2011375427246094,12,42.075618743896484,0.24144606292247772,0.047451786696910858,0.038580302149057388,180,0,73.4222,0
thin0.60000002384185791_browse0.800000011920929_clear1,1,20,sitka-spruce,588.650390625,5.221433162689209,3.440540075302124,1.7808935642242432,0.79760324954986572,0.050867456942796707,3.6642119884490967,9,41.003475189208984,0.24821197986602783,0.034955210983753204,0.027811748906970024,188,1,74.6675,0
thin0.60000002384185791_browse0.800000011920929_clear1,1,21,sitka-spruce,1482.9525146484375,7.0679912567138672,5.5658369064331055,1.5021542310714722,0.90809029340744019,0.051242835819721222,2.6259992122650146,6,42.983982086181641,0.24744006991386414,0.026793081313371658,0.021418221294879913,194,1,56.802600000000005,0
thin0.60000002384185791_browse0.800000011920929_clear1,1,22,sitka-spruce,2250.67724609375,7.1097469329833984,5.2998638153076172,1.8098832368850708,1.5636130571365356,0.067382708191871643,3.2124402523040771,7,43.440410614013672,0.24365358054637909,0.018426619470119476,0.013568028807640076,201,1,62.434000000000005,0
thin0.60000002384185791_browse0.800000011920929_clear1,1,23,sitka-spruce,1524.5357666015625,6.1088290214538574,3.6688199043273926,2.4400086402893066,1.6702232360839844,0.0825069397687912,1.5238544940948486,5,43.832645416259766,0.23825690150260925,0.011984925717115402,0.0083672050386667252,204,3,77.4418,0
thin0.60000002384185791_browse0.800000011920929_clear1,1,24,sitka-spruce,1544.0242919921875,5.7236928939819336,3.2518877983093262,2.4718055725097656,1.7439709901809692,0.083625450730323792,1.1318472623825073,3,44.125087738037109,0.23082941770553589,0.0079106669872999191,0.0049017802812159061,206,4,76.9482,0
thin0.60000002384185791_browse0.800000011920929_clear1,1,25,sitka-spruce,2339.39404296875,6.0234222412109375,2.7012076377868652,3.3222155570983887,2.00443959236145,0.077260866761207581,0.60838890075683594,3,44.136207580566406,0.22460347414016724,0.005678866058588028,0.0030077651608735323,206,7,77.9188,0
thin0.60000002384185791_browse0.800000011920929_clear1,1,26,sitka-spruce,1571.7945556640625,5.3326377868652344,2.4268617630004883,2.9057762622833252,1.7223408222198486,0.0698908194899559,0.94624054431915283,3,43.8245964050293,0.21455380320549011,0.0043920446187257767,0.0018989663803949952,205,11,77.5361,0
thin0.60000002384185791_browse0.800000011920929_clear1,1,27,sitka-spruce,632.93731689453125,3.6860208511352539,1.6857026815414429,2.0003182888031006,1.5498404502868652,0.066175937652587891,1.0038800239562988,2,42.890403747558594,0.20393222570419312,0.0057904869318008423,0.0029099436942487955,201,17,81.1282,0
thin0.60000002384185791_browse0.800000011920929_clear1,1,28,sitka-spruce,1598.0531005859375,5.4664306640625,2.5108122825622559,2.9556174278259277,1.5689408779144287,0.060400277376174927,0.3439105749130249,2,43.427963256835938,0.19861851632595062,0.0066758091561496258,0.0035370669793337584,197,23,85.557200000000009,0
thin0.60000002384185791_browse0.800000011920929_clear1,1,29,sitka-spruce,1625.1407470703125,5.5820064544677734,2.6843819618225098,2.8976225852966309,1.5773370265960693,0.060258105397224426,0.43062481284141541,1,44.04412841796875,0.19500124454498291,0.00729741808027029,0.0039900741539895535,193,28,73.4584,0
thin0.60000002384185791_browse0.800000011920929_clear1,1,30,sitka-spruce,2433.106201171875,6.4543066024780273,2.6049680709838867,3.8493378162384033,1.6801040172576904,0.061825815588235855,2.3604950904846191,5,42.546669006347656,0.19327732920646667,0.0094754593446850777,0.0057374597527086735,189,37,77.7506,0
thin0.60000002384185791_browse0.800000011920929_clear1,1,31,sitka-spruce,2473.765869140625,6.0901002883911133,2.5538172721862793,3.5362823009490967,1.7560644149780273,0.059180982410907745,0.33970052003860474,2,42.945541381835938,0.19063030183315277,0.010887331329286098,0.0067562796175479889,185,43,73.9786,0
thin0.60000002384185791_browse0.800000011920929_clear1,1,32,sitka-spruce,1669.805908203125,5.8631987571716309,2.3268706798553467,3.5363290309906006,1.54075288772583,0.051842611283063889,0.0948529988527298,1,43.584964752197266,0.19163146615028381,0.010899120010435581,0.0072444486431777477,180,49,71.2769,0
thin0.60000002384185791_browse0.800000011920929_clear1,1,33,sitka-spruce,674.0472412109375,4.2278175354003906,1.3620269298553467,2.8657913208007813,1.4156402349472046,0.052696190774440765,1.6437749862670898,5,41.834880828857422,0.19508278369903564,0.010785362683236599,0.0072507360018789768,177,57,72.77770000000001,0
thin0.60000002384185791_browse0.800000011920929_clear1,1,34,sitka-spruce,660.59228515625,4.516291618347168,2.0220856666564941,2.4942066669464111,1.0768799781799316,0.050678648054599762,0.59653711318969727,2,42.132869720458984,0.20468369126319885,0.0105678029358387,0.0068720974959433079,165,71,65.380800000000008,0
thin0.60000002384185791_browse0.800000011920929_clear1,1,35,sitka-spruce,659.50091552734375,4.8003473281860352,2.3909826278686523,2.4093647003173828,1.0827431678771973,0.051980331540107727,1.7787044048309326,3,41.610424041748047,0.20602571964263916,0.014061065390706062,0.010225851088762283,159,80,65.5425,0
thin0.60000002384185791_browse0.800000011920929_clear1,1,36,sitka-spruce,656.334716796875,5.0000004768371582,2.4207570552825928,2.5792441368103027,1.2457717657089233,0.052032984793186188,1.0972821712493896,3,41.636093139648438,0.20364943146705627,0.019826803356409073,0.016061900183558464,154,88,61.313100000000006,0
thin0.60000002384185791_browse0.800000011920929_clear1,1,37,sitka-spruce,649.22442626953125,5.5154237747192383,3.1921532154083252,2.3232698440551758,0.96535944938659668,0.05352337658405304,1.4716925621032715,5,42.337673187255859,0.20237323641777039,0.027108998969197273,0.020788103342056274,149,98,62.4583,0
thin0.60000002384185791_browse0.800000011920929_clear1,1,38,sitka-spruce,658.88409423828125,5.417874813079834,3.2645840644836426,2.1532907485961914,0.87769365310668945,0.058279462158679962,3.6416611671447754,7,41.024620056152344,0.19969518482685089,0.030985835939645767,0.023647613823413849,147,107,66.9764,0
thin0.60000002384185791_browse0.800000011920929_clear1,1,39,sitka-spruce,1635.447265625,8.0845756530761719,5.7003369331359863,2.3842382431030273,1.0719921588897705,0.059522852301597595,1.2870367765426636,6,44.3064079284668,0.20474550127983093,0.033810701221227646,0.025698505342006683,142,118,70.8435,0
thin0.60000002384185791_browse0.800000011920929_clear1,1,40,sitka-spruce,637.730712890625,5.9315891265869141,3.6160290241241455,2.315561056137085,0.99183285236358643,0.068158537149429321,0.77243012189865112,3,46.090011596679688,0.21092016994953156,0.035910192877054214,0.025618840008974075,131,132,64.8756,0
thin0.60000002384185791_browse0.800000011920929_clear1,1,41,sitka-spruce,1556.242431640625,8.7305755615234375,3.8950634002685547,4.835512638092041,0.80394136905670166,0.070447772741317749,0.30948632955551147,1,48.801200866699219,0.21806079149246216,0.038167748600244522,0.026882952079176903,122,142,48.010200000000005,0
thin0.60000002384185791_browse0.800000011920929_clear1,1,42,sitka-spruce,1568.4915771484375,8.863865852355957,2.6270139217376709,6.236851692199707,0.60999530553817749,0.078222870826721191,1.62601900100708,6,49.113979339599609,0.22148637473583221,0.039126858115196228,0.026394248008728027,124,146,52.420700000000004,0
thin0.60000002384185791_browse0.800000011920929_clear1,1,43,sitka-spruce,1575.526611328125,9.0601310729980469,2.7529454231262207,6.30718469619751,0.84313660860061646,0.065531082451343536,3.7972869873046875,5,47.160968780517578,0.22658731043338776,0.037263888865709305,0.022638879716396332,121,154,52.585300000000004,0
thin0.60000002384185791_browse0.800000011920929_clear1,1,44,sitka-spruce,1599.5946044921875,9.0412454605102539,3.3354144096374512,5.705833911895752,1.3962936401367188,0.054961349815130234,2.3512873649597168,5,46.693840026855469,0.23350146412849426,0.034255880862474442,0.020112073048949242,122,158,50.752,0
thin0.60000002384185791_browse0.800000011920929_clear1,1,45,sitka-spruce,1568.6256103515625,9.3355484008789063,4.1486659049987793,5.1868829727172852,0.72639888525009155,0.058800715953111649,1.8685333728790283,6,48.188774108886719,0.2363775223493576,0.033107750117778778,0.01742824912071228,118,168,53.833200000000005,0
thin0.60000002384185791_browse0.800000011920929_clear1,1,46,sitka-spruce,622.7724609375,6.6727638244628906,3.3600647449493408,3.3126966953277588,1.0474097728729248,0.065970882773399353,0.85403472185134888,6,49.581424713134766,0.24493527412414551,0.032580714672803879,0.016821488738059998,113,179,52.5745,0
thin0.60000002384185791_browse0.800000011920929_clear1,1,47,sitka-spruce,1568.3240966796875,9.47557258605957,4.1782588958740234,5.2973151206970215,1.0132251977920532,0.06955990195274353,0.76791810989379883,2,51.908977508544922,0.25515085458755493,0.029280021786689758,0.014224080368876457,110,184,44.2352,0
thin0.60000002384185791_browse0.800000011920929_clear1,1,48,sitka-spruce,620.460205078125,6.5942683219909668,2.2725710868835449,4.3216981887817383,0.972818911075592,0.072339385747909546,1.6019947528839111,6,51.534397125244141,0.25819689035415649,0.029486458748579025,0.013451563194394112,107,193,48.9977,0
thin0.60000002384185791_browse0.800000011920929_clear1,1,49,sitka-spruce,637.76666259765625,6.411046028137207,2.4113245010375977,3.999720573425293,0.99763983488082886,0.064329788088798523,4.1865577697753906,8,48.697193145751953,0.25833925604820251,0.029909169301390648,0.014585526660084724,110,198,53.582800000000006,0
thin0.60000002384185791_browse0.800000011920929_clear1,1,50,sitka-spruce,2312.4306640625,10.250251770019531,4.102879524230957,6.1473712921142578,0.72278207540512085,0.059448696672916412,3.724196195602417,7,48.293643951416016,0.26141431927680969,0.030561922118067741,0.015716934576630592,98,217,64.1057,0
thin0.60000002384185791_browse0.800000011920929_clear1,1,51,sitka-spruce,616.27777099609375,6.2819857597351074,2.8481857776641846,3.4337983131408691,0.56678152084350586,0.059282176196575165,1.7749353647232056,4,48.7408332824707,0.26586872339248657,0.027885187417268753,0.014797743409872055,96,223,44.2211,0
thin0.60000002384185791_browse0.800000011920929_clear1,1,52,sitka-spruce,2301.802734375,10.069450378417969,4.7522392272949219,5.31721305847168,0.51081681251525879,0.060413066297769547,2.1425738334655762,5,50.779266357421875,0.26857054233551025,0.027229882776737213,0.014228293672204018,92,232,43.999500000000005,0
thin0.60000002384185791_browse0.800000011920929_clear1,1,53,sitka-spruce,1494.55859375,9.2844533920288086,3.7631235122680664,5.5213298797607422,1.0724433660507202,0.066812597215175629,2.4624290466308594,7,50.940704345703125,0.27116125822067261,0.025078438222408295,0.013304403051733971,93,238,50.4052,0
thin0.60000002384185791_browse0.800000011920929_clear1,1,54,sitka-spruce,606.98834228515625,6.0439190864562988,2.4562575817108154,3.5876607894897461,0.855127215385437,0.066699616611003876,2.5478644371032715,5,49.927272796630859,0.27423420548439026,0.019973399117588997,0.0096346409991383553,93,243,43.6505,0
thin0.60000002384185791_browse0.800000011920929_clear1,1,55,sitka-spruce,1498.9794921875,8.9763202667236328,4.11552095413208,4.8608007431030273,0.843976616859436,0.061329767107963562,1.8191118240356445,7,51.318374633789063,0.27377480268478394,0.020899437367916107,0.010502356104552746,87,256,49.1542,0
thin0.60000002384185791_browse0.800000011920929_clear1,1,56,sitka-spruce,598.46783447265625,5.9890127182006836,2.8720910549163818,3.11692214012146,0.89652276039123535,0.061526726931333542,1.4412447214126587,6,51.791172027587891,0.27137473225593567,0.022016262635588646,0.011112935841083527,84,265,43.3605,0
thin0.60000002384185791_browse0.800000011920929_clear1,1,57,sitka-spruce,1472.2867431640625,8.9299736022949219,4.0790081024169922,4.85096549987793,1.214056134223938,0.060725081712007523,0.64477694034576416,4,53.95062255859375,0.26898464560508728,0.023751690983772278,0.012139330618083477,79,274,41.6026,0
thin0.60000002384185791_browse0.800000011920929_clear1,1,58,sitka-spruce,2187.90771484375,9.6520233154296875,2.4595072269439697,7.1925187110900879,1.132719874382019,0.066117025911808014,3.2523951530456543,8,51.958896636962891,0.27170193195343018,0.02406051941215992,0.011893626302480698,83,278,43.5412,0
thin0.60000002384185791_browse0.800000011920929_clear1,1,59,sitka-spruce,1468.023193359375,8.8392715454101563,3.2866818904876709,5.5525894165039063,1.3976894617080688,0.060378856956958771,1.7375831604003906,8,52.0499267578125,0.27494072914123535,0.023482076823711395,0.011064037680625916,80,289,53.759,0
thin0.60000002384185791_browse0.800000011920929_clear1,1,60,sitka-spruce,1458.2236328125,8.9248857498168945,3.4977462291717529,5.4271392822265625,1.7625072002410889,0.058542419224977493,2.3647828102111816,7,51.361839294433594,0.2768534719944,0.02365996316075325,0.010740113444626331,77,299,53.6848,0
thin0.60000002384185791_browse0.800000011920929_clear1,1,61,sitka-spruce,2201.16748046875,9.0645198822021484,3.7278759479522705,5.336644172668457,1.5024396181106567,0.059499882161617279,0.5248028039932251,2,53.002975463867188,0.27454423904418945,0.022978674620389938,0.010645736940205097,76,302,33.9789,0
thin0.60000002384185791_browse0.800000011920929_clear1,1,62,sitka-spruce,1432.767822265625,8.6734657287597656,2.9896566867828369,5.683807373046875,1.3112987279891968,0.063130557537078857,3.9792091846466064,7,50.638992309570313,0.27760088443756104,0.023196972906589508,0.011616254225373268,74,311,42.565400000000004,0
thin0.60000002384185791_browse0.800000011920929_clear1,1,63,sitka-spruce,1420.3216552734375,8.7157316207885742,3.8622210025787354,4.85351037979126,0.974462628364563,0.06418263167142868,2.7565984725952148,6,50.705970764160156,0.282769113779068,0.022545238956809044,0.011382803320884705,71,320,41.1754,0
thin0.60000002384185791_browse0.800000011920929_clear1,1,64,sitka-spruce,558.84423828125,5.6377062797546387,2.842322826385498,2.7953822612762451,0.91303515434265137,0.0690784677863121,1.8933329582214355,4,50.672847747802734,0.28504925966262817,0.021876556798815727,0.010723156854510307,67,328,38.509100000000004,0
thin0.60000002384185791_browse0.800000011920929_clear1,1,65,sitka-spruce,557.703369140625,5.4829177856445313,3.2353122234344482,2.2476058006286621,0.795327365398407,0.067623451352119446,1.2244149446487427,8,51.820793151855469,0.28570458292961121,0.020245986059308052,0.0096912430599331856,70,333,40.5611,0
thin0.60000002384185791_browse0.800000011920929_clear1,1,66,sitka-spruce,557.00238037109375,5.324094295501709,2.9714951515197754,2.3526005744934082,1.0177286863327026,0.072892546653747559,1.8709080219268799,4,51.830757141113281,0.28486138582229614,0.018213896080851555,0.0082291672006249428,65,342,37.6156,0
thin0.60000002384185791_browse0.800000011920929_clear1,1,67,sitka-spruce,1356.06982421875,8.13710880279541,3.9872007369995117,4.1499061584472656,1.5089585781097412,0.071601174771785736,2.3110547065734863,5,51.926345825195313,0.28767016530036926,0.016247257590293884,0.0073635755106806755,64,348,37.0227,0
thin0.60000002384185791_browse0.800000011920929_clear1,1,68,sitka-spruce,1350.32470703125,7.8984460830688477,4.1221985816955566,3.7762463092803955,2.2238681316375732,0.070004954934120178,2.4031174182891846,3,51.351554870605469,0.28051963448524475,0.017740469425916672,0.009113924577832222,64,351,33.9861,0
thin0.60000002384185791_browse0.800000011920929_clear1,1,69,sitka-spruce,530.8087158203125,5.2346267700195313,2.5616846084594727,2.672943115234375,1.4142309427261353,0.06737808883190155,1.133337140083313,4,51.298294067382813,0.28056898713111877,0.017994318157434464,0.0099387774243950844,61,358,36.052800000000005,0
thin0.60000002384185791_browse0.800000011920929_clear1,1,70,sitka-spruce,524.6871337890625,5.3111119270324707,2.6881349086761475,2.6229763031005859,1.2488218545913696,0.062167085707187653,2.5982859134674072,5,50.077152252197266,0.28443896770477295,0.01739337295293808,0.010171134024858475,61,363,38.5407,0
thin0.60000002384185791_browse0.800000011920929_clear1,1,71,sitka-spruce,504.72067260742188,5.3423213958740234,2.7594599723815918,2.5828609466552734,1.0506037473678589,0.053007315844297409,1.0898816585540771,4,50.643119812011719,0.28977766633033752,0.016961891204118729,0.010049979202449322,58,370,34.3483,0
thin0.60000002384185791_browse0.800000011920929_clear1,1,72,sitka-spruce,1235.552001953125,8.42004680633545,4.1685943603515625,4.2514519691467285,0.81313592195510864,0.055427048355340958,1.5138375759124756,5,52.429313659667969,0.29612159729003906,0.015977898612618446,0.009715106338262558,58,375,34.1074,0
thin0.60000002384185791_browse0.800000011920929_clear1,1,73,sitka-spruce,1219.4376220703125,8.1931056976318359,3.855358362197876,4.3377485275268555,1.2465811967849731,0.060977354645729065,0.26780843734741211,3,54.709304809570313,0.29937225580215454,0.014851911924779415,0.0091661037877202034,55,381,31.665300000000002,0
thin0.60000002384185791_browse0.800000011920929_clear1,1,74,sitka-spruce,1798.29345703125,9.0175704956054688,3.4937088489532471,5.523862361907959,1.6994531154632568,0.067734286189079285,2.2662107944488525,4,54.16961669921875,0.2980542778968811,0.016011966392397881,0.010310806334018707,55,385,33.1652,0
thin0.60000002384185791_browse0.800000011920929_clear1,1,75,sitka-spruce,1174.9951171875,8.0924034118652344,3.3880090713500977,4.7043938636779785,1.7795290946960449,0.068831369280815125,2.4668674468994141,6,53.242397308349609,0.29388594627380371,0.018634773790836334,0.012568572536110878,56,390,36.2717,0
thin0.60000002384185791_browse0.800000011920929_clear1,1,76,sitka-spruce,1148.9122314453125,8.2938661575317383,3.3007738590240479,4.9930939674377441,1.6021602153778076,0.06969066709280014,0.90085828304290771,5,53.970462799072266,0.29320245981216431,0.020852891728281975,0.013873862102627754,54,397,34.7126,0
thin0.60000002384185791_browse0.800000011920929_clear1,1,77,sitka-spruce,1165.299072265625,7.8579573631286621,2.7221319675445557,5.1358256340026855,1.5634958744049072,0.068349398672580719,3.8033628463745117,8,51.25738525390625,0.28858903050422668,0.021367879584431648,0.013655633665621281,60,399,39.6743,0
thin0.60000002384185791_browse0.800000011920929_clear1,1,78,sitka-spruce,446.88272094726563,4.9277439117431641,2.7607450485229492,2.1669981479644775,1.2492398023605347,0.062463756650686264,1.7570594549179077,4,50.949367523193359,0.29238793253898621,0.02160453237593174,0.013259804807603359,51,412,36.4409,0
thin0.60000002384185791_browse0.800000011920929_clear1,1,79,sitka-spruce,436.10513305664063,5.0301437377929688,3.1838796138763428,1.8462646007537842,0.94335150718688965,0.060857966542243958,2.7110683917999268,7,50.417972564697266,0.29729235172271729,0.021895704790949821,0.012234563007950783,53,417,36.7642,0
thin0.60000002384185791_browse0.800000011920929_clear1,1,80,sitka-spruce,1061.439453125,8.4712677001953125,5.3336286544799805,3.1376383304595947,1.0886839628219604,0.061298556625843048,1.710567831993103,7,52.891048431396484,0.29743883013725281,0.02330426312983036,0.011906780302524567,52,425,40.783500000000004,0
thin0.60000002384185791_browse0.800000011920929_clear1,1,81,sitka-spruce,431.06149291992188,4.7885193824768066,2.7954399585723877,1.9930794239044189,1.3657406568527222,0.074261590838432312,1.2376770973205566,6,53.008808135986328,0.29316160082817078,0.021740484982728958,0.010724631138145924,56,427,35.8932,0
thin0.60000002384185791_browse0.800000011920929_clear1,1,82,sitka-spruce,1524.1661376953125,9.8126907348632813,5.2689285278320313,4.5437617301940918,0.87419503927230835,0.071678377687931061,2.0608193874359131,8,55.271045684814453,0.29618555307388306,0.022878555580973625,0.01051084790378809,51,440,42.5777,0
thin0.60000002384185791_browse0.800000011920929_clear1,1,83,sitka-spruce,1044.46875,8.2148761749267578,3.601334810256958,4.6135401725769043,0.92007237672805786,0.080840073525905609,1.7212300300598145,4,56.150238037109375,0.29574659466743469,0.021078327670693398,0.0084672523662447929,52,443,33.6293,0
thin0.60000002384185791_browse0.800000011920929_clear1,1,84,sitka-spruce,396.45254516601563,5.05117130279541,1.9331855773925781,3.1179859638214111,1.0320168733596802,0.073120899498462677,2.9393899440765381,6,54.038894653320313,0.2954275906085968,0.023850779980421066,0.01033440325409174,48,453,36.5931,0
thin0.60000002384185791_browse0.800000011920929_clear1,1,85,sitka-spruce,969.1356201171875,8.5609540939331055,3.8399636745452881,4.7209901809692383,0.76355868577957153,0.061948735266923904,3.2533082962036133,5,53.800045013427734,0.29945379495620728,0.025044465437531471,0.011053156107664108,46,460,33.9284,0
thin0.60000002384185791_browse0.800000011920929_clear1,1,86,sitka-spruce,978.97003173828125,8.2025375366210938,3.38451886177063,4.8180179595947266,0.7927173376083374,0.062211945652961731,2.3913650512695313,5,53.938270568847656,0.30337893962860107,0.022153841331601143,0.008658616803586483,49,462,32.5387,0
thin0.60000002384185791_browse0.800000011920929_clear1,1,87,sitka-spruce,951.1258544921875,8.29055118560791,3.833869457244873,4.4566822052001953,0.76363581418991089,0.064428441226482391,0.44998317956924438,2,56.494091033935547,0.30679848790168762,0.022251280024647713,0.0087597789242863655,42,471,30.5178,0
thin0.60000002384185791_browse0.800000011920929_clear1,1,88,sitka-spruce,381.16604614257813,4.6635870933532715,2.0603363513946533,2.60325026512146,0.77015507221221924,0.065039411187171936,3.1567816734313965,8,54.562450408935547,0.30833190679550171,0.021612631157040596,0.0083984751254320145,49,472,37.7436,0
thin0.60000002384185791_browse0.800000011920929_clear1,1,89,sitka-spruce,926.94525146484375,8.14761734008789,3.9551322460174561,4.1924858093261719,0.56960928440093994,0.061053521931171417,1.3297363519668579,4,56.557186126708984,0.31500464677810669,0.020527159795165062,0.0077280742116272449,43,482,33.8036,0
thin0.60000002384185791_browse0.800000011920929_clear1,1,90,sitka-spruce,898.88494873046875,8.32182502746582,3.6316978931427,4.6901278495788574,0.84846699237823486,0.0649789497256279,3.7982985973358154,10,55.477138519287109,0.3202207088470459,0.020376311615109444,0.0076043070293962955,48,487,41.9758,0
thin0.60000002384185791_browse0.800000011920929_clear1,1,91,sitka-spruce,911.5230712890625,7.7100925445556641,3.8762915134429932,3.8338005542755127,0.80075210332870483,0.06666642427444458,1.7147338390350342,6,56.771278381347656,0.320076584815979,0.016701493412256241,0.0053703216835856438,51,490,36.7744,0
thin0.60000002384185791_browse0.800000011920929_clear1,1,92,sitka-spruce,867.77020263671875,8.2442312240600586,4.1970324516296387,4.0471992492675781,0.7606353759765625,0.073587618768215179,1.5752253532409668,5,58.558860778808594,0.325328528881073,0.016779189929366112,0.0054143574088811874,42,504,39.1253,0
thin0.60000002384185791_browse0.800000011920929_clear1,1,93,sitka-spruce,347.10809326171875,4.53163480758667,2.2684066295623779,2.2632265090942383,0.85290735960006714,0.076239272952079773,1.6726237535476685,5,58.225498199462891,0.32858234643936157,0.015497562475502491,0.00433683767914772,44,507,31.780800000000003,0
thin0.60000002384185791_browse0.800000011920929_clear1,1,94,sitka-spruce,337.23648071289063,4.6128802299499512,2.6015923023223877,2.0112874507904053,0.62512540817260742,0.069179989397525787,2.4553234577178955,8,57.677459716796875,0.33474090695381165,0.014710443094372749,0.0043062660843133926,44,515,38.9336,0
thin0.60000002384185791_browse0.800000011920929_clear1,1,95,sitka-spruce,340.47720336914063,4.3839988708496094,2.4985215663909912,1.8854770660400391,0.82447230815887451,0.058050535619258881,2.4243907928466797,3,56.869068145751953,0.33590170741081238,0.011780365370213985,0.0027601714245975018,44,518,30.0747,0
thin0.60000002384185791_browse0.800000011920929_clear1,1,96,sitka-spruce,1229.8836669921875,9.48790168762207,4.65103816986084,4.8368635177612305,0.47226318717002869,0.054372671991586685,3.2949941158294678,9,57.698478698730469,0.34145104885101318,0.011341867968440056,0.0029536073561757803,44,527,40.8549,0
thin0.60000002384185791_browse0.800000011920929_clear1,1,97,sitka-spruce,321.14593505859375,4.3689489364624023,2.65339994430542,1.7155488729476929,0.48415631055831909,0.06140340119600296,1.6752474308013916,5,58.131069183349609,0.34639459848403931,0.010651416145265102,0.0029333191923797131,39,537,37.4946,0
thin0.60000002384185791_browse0.800000011920929_clear1,1,98,sitka-spruce,321.14593505859375,4.2361116409301758,2.8890557289123535,1.3470554351806641,0.7407723069190979,0.062697991728782654,2.3684916496276855,7,57.848163604736328,0.34942665696144104,0.0084455162286758423,0.002291542012244463,42,541,37.1135,0
thin0.60000002384185791_browse0.800000011920929_clear1,1,99,sitka-spruce,1162.041748046875,9.4309043884277344,5.9096207618713379,3.5212819576263428,0.561566174030304,0.0649934709072113,4.4020352363586426,7,58.729190826416016,0.35663697123527527,0.0081675238907337189,0.0021186461672186852,40,550,37.6338,0
thin0.60000002384185791_browse0.800000011920929_clear1,1,100,sitka-spruce,777.94830322265625,7.5015769004821777,4.0595102310180664,3.4420669078826904,0.55743873119354248,0.0774746835231781,1.1063601970672607,2,61.047428131103516,0.35677549242973328,0.0075106136500835419,0.0018275986658409238,39,553,28.1966,0
thin0.60000002384185791_browse0.800000011920929_clear5,0,1,sitka-spruce,180.627197265625,2.3341326713562012,2.3341326713562012,0,0,0,0,0,2.3341331481933594,0.12058307230472565,0,0,134,0,63.9988,14
thin0.60000002384185791_browse0.800000011920929_clear5,0,2,sitka-spruce,137.00523376464844,1.808189868927002,1.808189868927002,0,0.023135019466280937,0.011092798784375191,0,0,4.108095645904541,0.13137996196746826,0.0384015291929245,0.02792818658053875,134,0,55.5251,0
thin0.60000002384185791_browse0.800000011920929_clear5,0,3,sitka-spruce,490.90802001953125,5.1451425552368164,5.1451425552368164,0,0.027875855565071106,0.019585076719522476,0,0,9.2057771682739258,0.13811576366424561,0.064905345439910889,0.047702658921480179,134,0,69.2626,0
thin0.60000002384185791_browse0.800000011920929_clear5,0,4,sitka-spruce,252.00164794921875,3.1079609394073486,3.1079609394073486,0,0.0771469920873642,0.039881765842437744,0,0,12.196708679199219,0.14224675297737122,0.083298482000827789,0.06167902797460556,134,0,55.991,0
thin0.60000002384185791_browse0.800000011920929_clear5,0,5,sitka-spruce,305.25326538085938,3.596811056137085,3.596811056137085,0,0.098459765315055847,0.019476141780614853,0,0,8.0247097015380859,0.11601445823907852,5.7701603509485722E-05,0,134,0,55.745200000000004,16
thin0.60000002384185791_browse0.800000011920929_clear5,0,6,sitka-spruce,892.92962646484375,7.186622142791748,7.186622142791748,0,0.12379360198974609,0.032558280974626541,0,0,15.05497932434082,0.1279045045375824,0.03784465417265892,0.029075050726532936,134,0,55.463100000000004,0
thin0.60000002384185791_browse0.800000011920929_clear5,0,7,sitka-spruce,1021.4639282226563,7.726931095123291,7.726931095123291,0,0.198418527841568,0.060379881411790848,0,0,22.523111343383789,0.1370951384305954,0.064412616193294525,0.04990619421005249,134,0,55.3859,0
thin0.60000002384185791_browse0.800000011920929_clear5,0,8,sitka-spruce,1725.52880859375,9.2084550857543945,9.2084550857543945,0,0.24759392440319061,0.08561389148235321,0,0,31.398361206054688,0.1445920318365097,0.082990668714046478,0.064959950745105743,134,0,55.5807,0
thin0.60000002384185791_browse0.800000011920929_clear5,0,9,sitka-spruce,512.3380126953125,5.54224157333374,5.54224157333374,0,0.29673835635185242,0.10910804569721222,0,0,36.534755706787109,0.15093083679676056,0.095931962132453918,0.075925163924694061,134,0,55.2395,0
thin0.60000002384185791_browse0.800000011920929_clear5,0,10,sitka-spruce,565.55914306640625,6.0132789611816406,6.0132789611816406,0,0.30488976836204529,0.040912706404924393,0,0,18.5377254486084,0.11292679607868195,1.0647625458659604E-05,0,134,0,52.0642,19
thin0.60000002384185791_browse0.800000011920929_clear5,0,11,sitka-spruce,563.72137451171875,6.1055693626403809,6.0110468864440918,0.0945228785276413,0.31792372465133667,0.059563454240560532,0,0,24.171283721923828,0.13080646097660065,0.037381794303655624,0.031085172668099403,134,0,48.2524,0
thin0.60000002384185791_browse0.800000011920929_clear5,0,12,sitka-spruce,1408.656982421875,9.4214572906494141,8.381805419921875,1.0396512746810913,0.32978770136833191,0.078717969357967377,0,0,32.144584655761719,0.14407283067703247,0.063246279954910278,0.053046360611915588,134,0,45.5672,0
thin0.60000002384185791_browse0.800000011920929_clear5,0,13,sitka-spruce,1411.3460693359375,9.5500173568725586,7.8562073707580566,1.6938097476959229,0.38496166467666626,0.0987190306186676,0,0,39.517108917236328,0.15397894382476807,0.081027522683143616,0.068540461361408234,134,0,41.625,0
thin0.60000002384185791_browse0.800000011920929_clear5,0,14,sitka-spruce,566.7406005859375,6.3625173568725586,5.2164444923400879,1.1460725069046021,0.43105268478393555,0.10927295684814453,0,0,44.193229675292969,0.16140908002853394,0.093125768005847931,0.079422995448112488,134,0,40.595,0
thin0.60000002384185791_browse0.800000011920929_clear5,0,15,sitka-spruce,2137.094482421875,10.544578552246094,8.6221628189086914,1.9224174022674561,0.42238441109657288,0.033192172646522522,0,0,27.646560668945313,0.12555532157421112,5.3587842785418616E-07,0,134,0,35.5476,19
thin0.60000002384185791_browse0.800000011920929_clear5,0,16,sitka-spruce,573.84234619140625,6.4975857734680176,5.2042012214660645,1.2933844327926636,0.47180548310279846,0.066511869430541992,0,0,32.312442779541016,0.14216989278793335,0.035649608820676804,0.03128843754529953,134,0,32.8741,0
thin0.60000002384185791_browse0.800000011920929_clear5,0,17,sitka-spruce,578.4642333984375,6.5518550872802734,5.2500991821289063,1.3017570972442627,0.58950638771057129,0.085308298468589783,0,0,36.887725830078125,0.15386581420898438,0.060135822743177414,0.0530313141644001,134,0,32.3813,0
thin0.60000002384185791_browse0.800000011920929_clear5,0,18,sitka-spruce,1459.1220703125,9.9023160934448242,7.9643988609313965,1.9379177093505859,0.55592638254165649,0.086267434060573578,0,0,44.209934234619141,0.16201475262641907,0.076720878481864929,0.067998290061950684,134,0,29.192500000000003,0
thin0.60000002384185791_browse0.800000011920929_clear5,0,19,sitka-spruce,589.30419921875,6.63592529296875,5.1930532455444336,1.4428726434707642,0.57549023628234863,0.092620931565761566,0.603104829788208,2,48.131771087646484,0.1675257682800293,0.0877608135342598,0.078176453709602356,136,0,30.7098,0
thin0.60000002384185791_browse0.800000011920929_clear5,0,20,sitka-spruce,595.2274169921875,6.5633296966552734,5.6037473678588867,0.95958238840103149,0.71560901403427124,0.028062116354703903,0.593751072883606,2,25.707075119018555,0.12234099209308624,2.6969924959985292E-08,0,138,0,32.4519,19
thin0.60000002384185791_browse0.800000011920929_clear5,0,21,sitka-spruce,1503.4573974609375,9.546473503112793,8.4948606491088867,1.0516115427017212,0.66131716966629028,0.049309246242046356,0.88010513782501221,2,32.611202239990234,0.13431625068187714,0.032859243452548981,0.029904596507549286,140,0,32.016200000000005,0
thin0.60000002384185791_browse0.800000011920929_clear5,0,22,sitka-spruce,2279.1279296875,10.056377410888672,9.03341293334961,1.022963285446167,0.88814753293991089,0.08552725613117218,0.31891375780105591,1,40.352031707763672,0.14160297811031342,0.055248238146305084,0.050480753183364868,141,0,32.0413,0
thin0.60000002384185791_browse0.800000011920929_clear5,0,23,sitka-spruce,1539.449462890625,9.2618398666381836,8.4289121627807617,0.83292710781097412,1.3442815542221069,0.11114686727523804,0.49408465623855591,1,46.831428527832031,0.14579345285892487,0.070305556058883667,0.064511597156524658,142,0,30.7618,0
thin0.60000002384185791_browse0.800000011920929_clear5,0,24,sitka-spruce,1549.53857421875,9.1581583023071289,4.5160679817199707,4.642092227935791,1.291759729385376,0.11733777821063995,0.90656530857086182,2,49.031833648681641,0.14796161651611328,0.080209001898765564,0.073892638087272644,143,1,45.7667,0
thin0.60000002384185791_browse0.800000011920929_clear5,0,25,sitka-spruce,2336.691650390625,9.68350887298584,8.8556241989135742,0.82788538932800293,1.1665796041488647,0.033590205013751984,0.42225092649459839,1,27.769533157348633,0.093229308724403381,1.3573543400369203E-09,0,143,2,44.3263,19
thin0.60000002384185791_browse0.800000011920929_clear5,0,26,sitka-spruce,1565.5760498046875,8.9878759384155273,8.2821969985961914,0.70567780733108521,1.2809545993804932,0.068352788686752319,0.3944740891456604,1,34.307949066162109,0.10964729636907578,0.02972068265080452,0.028107710182666779,142,4,45.469500000000004,0
thin0.60000002384185791_browse0.800000011920929_clear5,0,27,sitka-spruce,606.2000732421875,6.497617244720459,5.8984618186950684,0.59915536642074585,1.0361156463623047,0.10153043270111084,0,0,39.068763732910156,0.1248491033911705,0.05251866951584816,0.049297388643026352,135,11,43.025400000000005,0
thin0.60000002384185791_browse0.800000011920929_clear5,0,28,sitka-spruce,1506.07568359375,9.6625576019287109,8.69258975982666,0.969967246055603,0.89455306529998779,0.10577496886253357,0,0,46.761024475097656,0.13595126569271088,0.069081000983715057,0.064942501485347748,132,14,41.1526,0
thin0.60000002384185791_browse0.800000011920929_clear5,0,29,sitka-spruce,1517.3511962890625,9.7490787506103516,5.1706399917602539,4.5784397125244141,1.4092104434967041,0.10595998913049698,1.8083522319793701,4,48.6081428527832,0.14680959284305573,0.079619839787483215,0.075334407389163971,133,17,46.514500000000005,0
thin0.60000002384185791_browse0.800000011920929_clear5,0,30,sitka-spruce,2264.134521484375,10.556912422180176,8.8453769683837891,1.7115354537963867,0.99997174739837646,0.048632390797138214,0.76771080493927,1,30.514923095703125,0.11457070708274841,0.00029004050884395838,0,129,22,41.940400000000004,17
thin0.60000002384185791_browse0.800000011920929_clear5,0,31,sitka-spruce,2271.8466796875,10.74545955657959,8.571934700012207,2.1735262870788574,0.81802999973297119,0.080703437328338623,0,0,38.188125610351563,0.12660422921180725,0.034071795642375946,0.029216565191745758,125,26,40.479600000000005,0
thin0.60000002384185791_browse0.800000011920929_clear5,0,32,sitka-spruce,1545.025390625,9.9439878463745117,7.7167024612426758,2.2272853851318359,1.1002418994903564,0.10472236573696136,1.5027073621749878,4,43.1971549987793,0.13585662841796875,0.057153709232807159,0.049444075673818588,128,27,44.9591,0
thin0.60000002384185791_browse0.800000011920929_clear5,0,33,sitka-spruce,627.45855712890625,6.6689352989196777,5.2333908081054688,1.4355452060699463,0.98086577653884888,0.11175895482301712,0,0,47.337921142578125,0.14012505114078522,0.072464510798454285,0.062580384314060211,126,29,41.0035,0
thin0.60000002384185791_browse0.800000011920929_clear5,0,34,sitka-spruce,616.68115234375,6.7552080154418945,2.6878397464752197,4.0673680305480957,0.924597978591919,0.10022896528244019,0,0,49.000934600830078,0.14867125451564789,0.082520298659801483,0.071013838052749634,120,35,37.9533,0
thin0.60000002384185791_browse0.800000011920929_clear5,0,35,sitka-spruce,607.837890625,6.6792764663696289,6.0360126495361328,0.64326387643814087,1.0360814332962036,0.03556906059384346,0,0,25.601343154907227,0.10082128643989563,2.197436879214365E-05,0,115,40,37.238,19
thin0.60000002384185791_browse0.800000011920929_clear5,0,36,sitka-spruce,599.9566650390625,6.84965705871582,6.1614198684692383,0.68823730945587158,0.89011156558990479,0.058119695633649826,0.52948939800262451,1,30.285041809082031,0.12188014388084412,0.033217210322618484,0.028828751295804977,111,45,37.8155,0
thin0.60000002384185791_browse0.800000011920929_clear5,0,37,sitka-spruce,596.12554931640625,6.9612908363342285,6.1049027442932129,0.856387734413147,0.63048213720321655,0.081271640956401825,0.29708713293075562,1,35.381103515625,0.13855718076229095,0.05516742542386055,0.047319330275058746,108,49,34.8115,0
thin0.60000002384185791_browse0.800000011920929_clear5,0,38,sitka-spruce,601.5831298828125,6.9542994499206543,6.1674160957336426,0.786882758140564,0.88693606853485107,0.091076165437698364,0.64817893505096436,2,39.922328948974609,0.15092602372169495,0.070039749145507813,0.059612248092889786,107,52,37.4722,0
thin0.60000002384185791_browse0.800000011920929_clear5,0,39,sitka-spruce,1518.2447509765625,10.301687240600586,8.90017318725586,1.401512622833252,1.0065079927444458,0.0910094827413559,0.66703939437866211,1,47.057945251464844,0.15848325192928314,0.079733774065971375,0.066585823893547058,106,54,34.8438,0
thin0.60000002384185791_browse0.800000011920929_clear5,0,40,sitka-spruce,599.60797119140625,7.0253891944885254,6.152376651763916,0.873012900352478,1.0300192832946777,0.042483992874622345,0,0,27.40513801574707,0.11380255967378616,0.00108736427500844,0,102,58,33.0171,18
thin0.60000002384185791_browse0.800000011920929_clear5,0,41,sitka-spruce,1480.3782958984375,10.40929126739502,8.6785764694213867,1.7307137250900269,1.4079170227050781,0.063085854053497314,1.6633024215698242,3,32.949409484863281,0.13445974886417389,0.029920270666480064,0.022734023630619049,102,61,37.0317,0
thin0.60000002384185791_browse0.800000011920929_clear5,0,42,sitka-spruce,1501.6839599609375,10.231487274169922,8.416956901550293,1.8145323991775513,1.0992761850357056,0.096688002347946167,0.21928954124450684,1,39.95111083984375,0.14822454750537872,0.04901837557554245,0.038044087588787079,99,65,34.182300000000005,0
thin0.60000002384185791_browse0.800000011920929_clear5,0,43,sitka-spruce,1485.28759765625,10.400282859802246,8.63039779663086,1.7698850631713867,0.9560973048210144,0.11264994740486145,0.56297701597213745,2,46.949783325195313,0.16149680316448212,0.061853118240833282,0.048937011510133743,97,69,34.417500000000004,0
thin0.60000002384185791_browse0.800000011920929_clear5,0,44,sitka-spruce,1483.0693359375,10.603610992431641,4.69422721862793,5.9093856811523438,1.2677680253982544,0.11416319012641907,0.28317466378211975,1,49.978904724121094,0.17432287335395813,0.069970816373825073,0.054996751248836517,94,73,33.164300000000004,0
thin0.60000002384185791_browse0.800000011920929_clear5,0,45,sitka-spruce,1471.2486572265625,10.759942054748535,8.4121894836425781,2.3477516174316406,0.91791754961013794,0.042954862117767334,0.42389872670173645,2,30.8742618560791,0.12897895276546478,0.0007124087424017489,0,91,78,33.2025,18
thin0.60000002384185791_browse0.800000011920929_clear5,0,46,sitka-spruce,577.97528076171875,7.3092718124389648,5.9326505661010742,1.3766218423843384,0.83482933044433594,0.074023716151714325,0.80769217014312744,1,35.090366363525391,0.15637142956256866,0.025963112711906433,0.018514474853873253,87,83,30.2635,0
thin0.60000002384185791_browse0.800000011920929_clear5,0,47,sitka-spruce,1414.8299560546875,10.929378509521484,8.4026050567626953,2.5267729759216309,0.85170567035675049,0.09086078405380249,0.011415275745093822,1,42.538990020751953,0.17428642511367798,0.0439722016453743,0.032222330570220947,84,87,29.907,0
thin0.60000002384185791_browse0.800000011920929_clear5,0,48,sitka-spruce,560.06744384765625,7.1066093444824219,5.4810390472412109,1.6255706548690796,1.0857133865356445,0.10321272909641266,0.48607125878334045,1,46.34503173828125,0.19005875289440155,0.054316423833370209,0.040643375366926193,82,90,29.6916,0
thin0.60000002384185791_browse0.800000011920929_clear5,0,49,sitka-spruce,570.3890380859375,7.0606889724731445,4.8846478462219238,2.1760406494140625,1.1962084770202637,0.096422053873538971,0.069046162068843842,1,49.868003845214844,0.20469905436038971,0.05953531339764595,0.04532724991440773,82,91,28.0664,0
thin0.60000002384185791_browse0.800000011920929_clear5,0,50,sitka-spruce,2187.19970703125,11.401432991027832,9.3915071487426758,2.0099232196807861,1.0562996864318848,0.0349508598446846,0.34224846959114075,1,32.339515686035156,0.14491657912731171,0.00022617337526753545,0,81,93,28.816300000000002,18
thin0.60000002384185791_browse0.800000011920929_clear5,0,51,sitka-spruce,588.85211181640625,6.9256858825683594,5.2102699279785156,1.7154169082641602,0.93649888038635254,0.071079663932323456,2.5566849708557129,6,33.985519409179688,0.17695611715316772,0.017471782863140106,0.013182682916522026,86,94,37.1618,0
thin0.60000002384185791_browse0.800000011920929_clear5,0,52,sitka-spruce,2267.81640625,10.643181800842285,8.8755044937133789,1.7676752805709839,0.83964145183563232,0.087316006422042847,0,0,41.934066772460938,0.19521565735340118,0.028457416221499443,0.021659523248672485,84,96,29.9666,0
thin0.60000002384185791_browse0.800000011920929_clear5,0,53,sitka-spruce,1491.3245849609375,9.8348388671875,7.894935131072998,1.9399032592773438,0.81573653221130371,0.10460454225540161,0.40953269600868225,1,48.499130249023438,0.2108234316110611,0.035918362438678741,0.027852199971675873,81,100,30.7904,0
thin0.60000002384185791_browse0.800000011920929_clear5,0,54,sitka-spruce,594.71514892578125,6.6140775680541992,3.3209764957427979,3.2930984497070313,0.78313535451889038,0.1046900600194931,0.29818019270896912,1,50.634101867675781,0.22137145698070526,0.0417286679148674,0.032991006970405579,78,104,29.776,0
thin0.60000002384185791_browse0.800000011920929_clear5,0,55,sitka-spruce,1427.3319091796875,9.8563566207885742,6.6687183380126953,3.1876382827758789,0.68579161167144775,0.047478035092353821,1.27491295337677,2,35.8967170715332,0.17563644051551819,0.0011723674833774567,9.5596449682489038E-05,76,108,29.28,13
thin0.60000002384185791_browse0.800000011920929_clear5,0,56,sitka-spruce,579.6375732421875,6.3803443908691406,4.1172900199890137,2.2630550861358643,0.68549144268035889,0.064610905945301056,0,0,39.2639045715332,0.19504533708095551,0.016464520245790482,0.012536040507256985,75,109,25.4906,0
thin0.60000002384185791_browse0.800000011920929_clear5,0,57,sitka-spruce,1401.490966796875,9.82598876953125,6.2526407241821289,3.5733523368835449,0.89944607019424438,0.0710427463054657,0.58692640066146851,1,43.959129333496094,0.2150634229183197,0.026327181607484818,0.020820850506424904,70,115,28.7805,0
thin0.60000002384185791_browse0.800000011920929_clear5,0,58,sitka-spruce,2102.8193359375,10.65837574005127,6.4006099700927734,4.2577662467956543,0.90446043014526367,0.078011751174926758,2.1762666702270508,6,47.201000213623047,0.22653248906135559,0.034256257116794586,0.027240702882409096,74,117,34.8389,0
thin0.60000002384185791_browse0.800000011920929_clear5,0,59,sitka-spruce,1430.2027587890625,9.353266716003418,4.3136401176452637,5.0396270751953125,0.90355849266052246,0.08166542649269104,0.24698437750339508,1,50.282432556152344,0.23418259620666504,0.038341715931892395,0.03089757077395916,73,119,29.637900000000002,0
thin0.60000002384185791_browse0.800000011920929_clear5,0,60,sitka-spruce,1448.649658203125,9.169041633605957,6.0306463241577148,3.1383957862854004,0.87783640623092651,0.044833112508058548,0.96826183795928955,2,37.922145843505859,0.19693954288959503,0.00024224212393164635,0,74,120,29.4124,11
thin0.60000002384185791_browse0.800000011920929_clear5,0,61,sitka-spruce,2138.505615234375,10.217193603515625,6.1681060791015625,4.0490884780883789,0.84951388835906982,0.062053993344306946,0.96632146835327148,2,42.212364196777344,0.21679754555225372,0.013721498660743237,0.011212967336177826,67,129,30.821800000000003,0
thin0.60000002384185791_browse0.800000011920929_clear5,0,62,sitka-spruce,1400.5284423828125,9.4709148406982422,5.8815302848815918,3.589383602142334,0.7678380012512207,0.079838410019874573,1.2740041017532349,3,45.972213745117188,0.23534500598907471,0.022323934361338615,0.018447218462824821,66,133,30.382800000000003,0
thin0.60000002384185791_browse0.800000011920929_clear5,0,63,sitka-spruce,1394.14892578125,9.28296184539795,5.7609982490539551,3.5219640731811523,0.74783343076705933,0.0865500420331955,0.89721000194549561,2,50.001617431640625,0.24876530468463898,0.027597367763519287,0.02301902137696743,64,137,26.700400000000002,0
thin0.60000002384185791_browse0.800000011920929_clear5,0,64,sitka-spruce,543.33819580078125,6.1307439804077148,2.4559304714202881,3.674813985824585,0.69285285472869873,0.084078393876552582,1.1361095905303955,2,50.544509887695313,0.25971409678459167,0.0313476026058197,0.026159757748246193,61,142,26.6311,0
thin0.60000002384185791_browse0.800000011920929_clear5,0,65,sitka-spruce,533.9813232421875,5.947659969329834,3.8897824287414551,2.057877779006958,0.92211717367172241,0.040650203824043274,0.73967170715332031,2,36.240528106689453,0.21447548270225525,5.1986585276608821E-06,0,61,144,26.683200000000003,11
thin0.60000002384185791_browse0.800000011920929_clear5,0,66,sitka-spruce,539.11187744140625,5.7476081848144531,3.6922039985656738,2.0554041862487793,0.82393264770507813,0.051114477217197418,0.72814083099365234,2,38.329544067382813,0.23071591556072235,0.011316699907183647,0.0099011994898319244,62,145,25.831500000000002,0
thin0.60000002384185791_browse0.800000011920929_clear5,0,67,sitka-spruce,1308.20361328125,9.3053808212280273,6.6176896095275879,2.6876895427703857,0.99897295236587524,0.061383623629808426,1.971014142036438,3,41.915863037109375,0.24953098595142365,0.01907784678041935,0.0167560838162899,58,152,29.0302,0
thin0.60000002384185791_browse0.800000011920929_clear5,0,68,sitka-spruce,1294.6239013671875,9.1133232116699219,6.7647137641906738,2.3486106395721436,1.008114218711853,0.078284800052642822,1.6728644371032715,4,45.921314239501953,0.26308941841125488,0.023902876302599907,0.021251214668154716,58,156,29.116600000000002,0
thin0.60000002384185791_browse0.800000011920929_clear5,0,69,sitka-spruce,512.84527587890625,5.6468586921691895,4.2289977073669434,1.4178614616394043,1.0264450311660767,0.091403260827064514,0.55561447143554688,1,48.476848602294922,0.2717740535736084,0.026662945747375488,0.024151112884283066,54,161,23.9768,0
thin0.60000002384185791_browse0.800000011920929_clear5,0,70,sitka-spruce,507.7255859375,5.4730253219604492,4.0850248336791992,1.38800048828125,0.96433562040328979,0.058498725295066833,1.86929452419281,4,37.962329864501953,0.23513452708721161,0.00010111231677001342,0,56,163,26.4819,9
thin0.60000002384185791_browse0.800000011920929_clear5,0,71,sitka-spruce,499.05206298828125,5.4174118041992188,3.8678479194641113,1.5495636463165283,0.73815822601318359,0.066932961344718933,0.86202991008758545,3,40.163055419921875,0.25334444642066956,0.009432472288608551,0.0086438460275530815,54,168,27.689,0
thin0.60000002384185791_browse0.800000011920929_clear5,0,72,sitka-spruce,1222.3321533203125,8.5115633010864258,6.1099224090576172,2.4016411304473877,0.82921379804611206,0.070980452001094818,0.12235462665557861,2,45.250431060791016,0.26695600152015686,0.015815470367670059,0.01469095516949892,53,171,24.9438,0
thin0.60000002384185791_browse0.800000011920929_clear5,0,73,sitka-spruce,1196.0689697265625,8.5647201538085938,5.9261445999145508,2.6385762691497803,0.8260347843170166,0.082929357886314392,1.8281261920928955,5,48.439483642578125,0.27850484848022461,0.020382339134812355,0.018741287291049957,54,175,30.1995,0
thin0.60000002384185791_browse0.800000011920929_clear5,0,74,sitka-spruce,1750.0283203125,9.5455398559570313,6.3407320976257324,3.2048075199127197,0.86968362331390381,0.088769309222698212,1.5034646987915039,2,52.31829833984375,0.28800559043884277,0.023227253928780556,0.021373530849814415,50,181,26.2494,0
thin0.60000002384185791_browse0.800000011920929_clear5,0,75,sitka-spruce,1141.4473876953125,8.4750051498413086,5.2688231468200684,3.2061831951141357,1.1231845617294312,0.072371974587440491,0.93286335468292236,2,46.992828369140625,0.2737155556678772,5.0888256737380289E-06,0,49,184,23.994,6
thin0.60000002384185791_browse0.800000011920929_clear5,0,76,sitka-spruce,1113.743896484375,8.4322280883789063,4.6535201072692871,3.778705358505249,0.93285179138183594,0.0786190778017044,0.74475562572479248,2,49.8901252746582,0.2845417857170105,0.0083606410771608353,0.0077654663473367691,48,187,22.7131,0
thin0.60000002384185791_browse0.800000011920929_clear5,0,77,sitka-spruce,1091.1572265625,8.3431930541992188,4.3589010238647461,3.9842915534973145,0.85567057132720947,0.084441974759101868,2.5280845165252686,6,50.780826568603516,0.28927242755889893,0.015642723068594933,0.014191186055541039,51,190,30.4315,0
thin0.60000002384185791_browse0.800000011920929_clear5,0,78,sitka-spruce,428.23834228515625,4.993992805480957,2.8584926128387451,2.1355009078979492,0.79657113552093506,0.086600072681903839,3.1228408813476563,5,49.633308410644531,0.29554113745689392,0.02029033936560154,0.018173208460211754,49,197,29.907,0
thin0.60000002384185791_browse0.800000011920929_clear5,0,79,sitka-spruce,430.91268920898438,4.7083835601806641,2.9567484855651855,1.7516356706619263,0.71265250444412231,0.0795300230383873,0.56050682067871094,1,51.237369537353516,0.29348331689834595,0.023122930899262428,0.020433219149708748,49,198,22.7265,0
thin0.60000002384185791_browse0.800000011920929_clear5,0,80,sitka-spruce,1042.64208984375,8.3268260955810547,4.9125990867614746,3.4142248630523682,0.6437302827835083,0.062649562954902649,0.16838712990283966,1,49.775222778320313,0.29249557852745056,0.001140133710578084,0.0003793112700805068,44,204,22.889,4
thin0.60000002384185791_browse0.800000011920929_clear5,0,81,sitka-spruce,407.90509033203125,4.98615837097168,2.6289215087890625,2.3572366237640381,0.60366302728652954,0.070729836821556091,0.99806147813797,3,50.731689453125,0.30165049433708191,0.010260965675115585,0.00748732453212142,45,206,25.2009,0
thin0.60000002384185791_browse0.800000011920929_clear5,0,82,sitka-spruce,1501.25927734375,9.4761533737182617,4.967778205871582,4.5083756446838379,0.53314673900604248,0.0682954490184784,1.6957988739013672,5,53.402225494384766,0.30805808305740356,0.016444938257336617,0.01204734668135643,46,210,27.7042,0
thin0.60000002384185791_browse0.800000011920929_clear5,0,83,sitka-spruce,1006.3355102539063,8.0065288543701172,4.4284119606018066,3.5781168937683105,0.55346912145614624,0.074319787323474884,0.53732186555862427,1,56.66552734375,0.3085990846157074,0.01998513750731945,0.014180376194417477,44,213,21.0108,0
thin0.60000002384185791_browse0.800000011920929_clear5,0,84,sitka-spruce,387.88995361328125,4.7574028968811035,2.4353127479553223,2.3220906257629395,0.67799657583236694,0.077634632587432861,1.2040798664093018,2,57.141128540039063,0.31181433796882629,0.022831641137599945,0.015511956997215748,42,217,22.6319,0
thin0.60000002384185791_browse0.800000011920929_clear5,0,85,sitka-spruce,970.41314697265625,7.874537467956543,4.6858963966369629,3.1886405944824219,0.61053544282913208,0.058796588331460953,0.37358647584915161,2,52.240264892578125,0.28851574659347534,5.6309859246539418E-06,0,44,217,18.3169,6
thin0.60000002384185791_browse0.800000011920929_clear5,0,86,sitka-spruce,944.6588134765625,8.1919937133789063,4.2903409004211426,3.9016523361206055,0.70227187871932983,0.067571207880973816,1.5709530115127563,2,54.1898078918457,0.298686146736145,0.0081335948780179024,0.0048906574957072735,41,222,24.206300000000002,0
thin0.60000002384185791_browse0.800000011920929_clear5,0,87,sitka-spruce,921.96795654296875,8.1826581954956055,4.5141878128051758,3.6684706211090088,0.62744647264480591,0.073318898677825928,2.8194501399993896,9,55.183780670166016,0.30886411666870117,0.013404148630797863,0.0081517491489648819,47,225,32.8746,0
thin0.60000002384185791_browse0.800000011920929_clear5,0,88,sitka-spruce,372.41119384765625,4.3765592575073242,2.8143882751464844,1.5621718168258667,0.61603677272796631,0.07993723452091217,0.029783634468913078,1,57.272411346435547,0.30703422427177429,0.016103196889162064,0.0096059488132596016,45,228,22.461100000000002,0
thin0.60000002384185791_browse0.800000011920929_clear5,0,89,sitka-spruce,893.8033447265625,8.10864543914795,5.1576414108276367,2.9510035514831543,0.834378719329834,0.07344122976064682,1.6308798789978027,6,59.891349792480469,0.31685924530029297,0.017990924417972565,0.010869689285755157,43,236,30.815700000000003,0
thin0.60000002384185791_browse0.800000011920929_clear5,0,90,sitka-spruce,893.8033447265625,7.7821745872497559,4.6550173759460449,3.12715744972229,0.78492629528045654,0.059211757034063339,1.4752663373947144,4,53.833919525146484,0.2949238121509552,6.4524130721110851E-05,0,44,239,27.1112,6
thin0.60000002384185791_browse0.800000011920929_clear5,0,91,sitka-spruce,865.0771484375,8.0819339752197266,4.8496918678283691,3.2322432994842529,0.79264813661575317,0.070437699556350708,2.6682860851287842,6,55.152240753173828,0.31185805797576904,0.0062208203598856926,0.0039552352391183376,42,247,31.5546,0
thin0.60000002384185791_browse0.800000011920929_clear5,0,92,sitka-spruce,845.439697265625,7.9784870147705078,4.8603816032409668,3.118105411529541,0.69880807399749756,0.082810215651988983,1.729426383972168,5,57.5015754699707,0.32444608211517334,0.010590237565338612,0.0067023918963968754,40,254,29.1827,0
thin0.60000002384185791_browse0.800000011920929_clear5,0,93,sitka-spruce,338.17593383789063,4.2929248809814453,2.5468220710754395,1.7461028099060059,1.0328631401062012,0.088443741202354431,3.0842244625091553,7,55.842868804931641,0.32974815368652344,0.0132855623960495,0.0084426309913396835,44,257,30.8545,0
thin0.60000002384185791_browse0.800000011920929_clear5,0,94,sitka-spruce,343.58529663085938,4.1622586250305176,2.4151568412780762,1.7471020221710205,0.79819697141647339,0.078326113522052765,1.5311033725738525,2,55.850399017333984,0.3289848268032074,0.014770699664950371,0.0095282327383756638,41,262,24.3974,0
thin0.60000002384185791_browse0.800000011920929_clear5,0,95,sitka-spruce,326.91409301757813,4.32703161239624,2.6524930000305176,1.6745386123657227,0.94863063097000122,0.057777151465415955,1.699519157409668,5,49.935577392578125,0.31864631175994873,3.2473990358994342E-06,0,39,269,29.6247,5
thin0.60000002384185791_browse0.800000011920929_clear5,0,96,sitka-spruce,1241.4578857421875,8.8857126235961914,5.5153822898864746,3.3703286647796631,0.81309658288955688,0.053262416273355484,0.81603693962097168,2,53.7685661315918,0.32826247811317444,0.0049952161498367786,0.0034242919646203518,40,270,22.9935,0
thin0.60000002384185791_browse0.800000011920929_clear5,0,97,sitka-spruce,319.824951171875,4.1186094284057617,2.4705197811126709,1.6480902433395386,0.757297158241272,0.066006958484649658,1.9502546787261963,5,53.465526580810547,0.33749553561210632,0.00826459750533104,0.0057032317854464054,38,277,27.6702,0
thin0.60000002384185791_browse0.800000011920929_clear5,0,98,sitka-spruce,329.558837890625,4.050260066986084,2.6128830909729004,1.4373775720596313,1.0347111225128174,0.065359652042388916,0.66502463817596436,2,54.313312530517578,0.33940514922142029,0.01031032856553793,0.0071483394131064415,38,279,22.6968,0
thin0.60000002384185791_browse0.800000011920929_clear5,0,99,sitka-spruce,1164.1280517578125,8.8811397552490234,5.7697854042053223,3.1113533973693848,0.7203214168548584,0.062081675976514816,0.98655104637146,3,58.314144134521484,0.34865337610244751,0.011472377926111221,0.0079983826726675034,35,285,24.1611,0
thin0.60000002384185791_browse0.800000011920929_clear5,0,100,sitka-spruce,776.08544921875,7.2871441841125488,4.440453052520752,2.8466920852661133,0.7057916522026062,0.05804307758808136,2.6512813568115234,7,55.014865875244141,0.33632469177246094,1.6343655317996308E-07,0,39,288,31.4815,4
thin0.60000002384185791_browse0.800000011920929_clear5,1,1,sitka-spruce,180.627197265625,2.3341326713562012,2.3341326713562012,0,0,0,0,0,2.3341331481933594,0.12058307230472565,0,0,134,0,66.30210000000001,14
thin0.60000002384185791_browse0.800000011920929_clear5,1,2,sitka-spruce,137.00523376464844,1.808189868927002,1.808189868927002,0,0.023135019466280937,0.011092798784375191,0,0,4.108095645904541,0.13137996196746826,0.0384015291929245,0.02792818658053875,134,0,62.2548,0
thin0.60000002384185791_browse0.800000011920929_clear5,1,3,sitka-spruce,490.90802001953125,5.1451425552368164,5.1451425552368164,0,0.027875855565071106,0.019585076719522476,0,0,9.2057771682739258,0.13811576366424561,0.064905345439910889,0.047702658921480179,134,0,56.4561,0
thin0.60000002384185791_browse0.800000011920929_clear5,1,4,sitka-spruce,252.00164794921875,3.1079609394073486,3.1079609394073486,0,0.0771469920873642,0.039881765842437744,0,0,12.196708679199219,0.14224675297737122,0.083298482000827789,0.06167902797460556,134,0,55.9896,0
thin0.60000002384185791_browse0.800000011920929_clear5,1,5,sitka-spruce,305.25326538085938,3.596811056137085,3.596811056137085,0,0.098459765315055847,0.019476141780614853,0,0,8.0247097015380859,0.11601445823907852,5.7701603509485722E-05,0,134,0,54.0805,16
thin0.60000002384185791_browse0.800000011920929_clear5,1,6,sitka-spruce,892.92962646484375,7.186622142791748,7.186622142791748,0,0.12379360198974609,0.032558280974626541,0,0,15.05497932434082,0.1279045045375824,0.03784465417265892,0.029075050726532936,134,0,55.759,0
thin0.60000002384185791_browse0.800000011920929_clear5,1,7,sitka-spruce,1021.4639282226563,7.726931095123291,7.726931095123291,0,0.198418527841568,0.060379881411790848,0,0,22.523111343383789,0.1370951384305954,0.064412616193294525,0.04990619421005249,134,0,54.8412,0
thin0.60000002384185791_browse0.800000011920929_clear5,1,8,sitka-spruce,1725.52880859375,9.2084550857543945,9.2084550857543945,0,0.24759392440319061,0.08561389148235321,0,0,31.398361206054688,0.1445920318365097,0.082990668714046478,0.064959950745105743,134,0,54.955000000000005,0
thin0.60000002384185791_browse0.800000011920929_clear5,1,9,sitka-spruce,512.3380126953125,5.54224157333374,5.54224157333374,0,0.29673835635185242,0.10910804569721222,0,0,36.534755706787109,0.15093083679676056,0.095931962132453918,0.075925163924694061,134,0,54.0458,0
thin0.60000002384185791_browse0.800000011920929_clear5,1,10,sitka-spruce,565.55914306640625,6.0132789611816406,6.0132789611816406,0,0.30488976836204529,0.040912706404924393,0,0,18.5377254486084,0.11292679607868195,1.0647625458659604E-05,0,134,0,52.7911,19
thin0.60000002384185791_browse0.800000011920929_clear5,1,11,sitka-spruce,563.72137451171875,6.1055693626403809,6.0110468864440918,0.0945228785276413,0.31792372465133667,0.059563454240560532,0,0,24.171283721923828,0.13080646097660065,0.037381794303655624,0.031085172668099403,134,0,48.5852,0
thin0.60000002384185791_browse0.800000011920929_clear5,1,12,sitka-spruce,1408.656982421875,9.4214572906494141,8.381805419921875,1.0396512746810913,0.32978770136833191,0.078717969357967377,0,0,32.144584655761719,0.14407283067703247,0.063246279954910278,0.053046360611915588,134,0,45.636700000000005,0
thin0.60000002384185791_browse0.800000011920929_clear5,1,13,sitka-spruce,1411.3460693359375,9.5500173568725586,7.8562073707580566,1.6938097476959229,0.38496166467666626,0.0987190306186676,0,0,39.517108917236328,0.15397894382476807,0.081027522683143616,0.068540461361408234,134,0,43.0554,0
thin0.60000002384185791_browse0.800000011920929_clear5,1,14,sitka-spruce,566.7406005859375,6.3625173568725586,5.2164444923400879,1.1460725069046021,0.43105268478393555,0.10927295684814453,0,0,44.193229675292969,0.16140908002853394,0.093125768005847931,0.079422995448112488,134,0,40.3849,0
thin0.60000002384185791_browse0.800000011920929_clear5,1,15,sitka-spruce,2137.094482421875,10.544578552246094,8.6221628189086914,1.9224174022674561,0.42238441109657288,0.033192172646522522,0,0,27.646560668945313,0.12555532157421112,5.3587842785418616E-07,0,134,0,37.6353,19
thin0.60000002384185791_browse0.800000011920929_clear5,1,16,sitka-spruce,573.84234619140625,6.4975857734680176,5.2042012214660645,1.2933844327926636,0.47180548310279846,0.066511869430541992,0,0,32.312442779541016,0.14216989278793335,0.035649608820676804,0.03128843754529953,134,0,34.2053,0
thin0.60000002384185791_browse0.800000011920929_clear5,1,17,sitka-spruce,578.4642333984375,6.5518550872802734,5.2500991821289063,1.3017570972442627,0.58950638771057129,0.085308298468589783,0,0,36.887725830078125,0.15386581420898438,0.060135822743177414,0.0530313141644001,134,0,32.0957,0
thin0.60000002384185791_browse0.800000011920929_clear5,1,18,sitka-spruce,1459.1220703125,9.9023160934448242,7.9643988609313965,1.9379177093505859,0.55592638254165649,0.086267434060573578,0,0,44.209934234619141,0.16201475262641907,0.076720878481864929,0.067998290061950684,134,0,28.395500000000002,0
thin0.60000002384185791_browse0.800000011920929_clear5,1,19,sitka-spruce,589.30419921875,6.63592529296875,5.1930532455444336,1.4428726434707642,0.57549023628234863,0.092620931565761566,0.603104829788208,2,48.131771087646484,0.1675257682800293,0.0877608135342598,0.078176453709602356,136,0,30.928900000000002,0
thin0.60000002384185791_browse0.800000011920929_clear5,1,20,sitka-spruce,595.2274169921875,6.5633296966552734,5.6037473678588867,0.95958238840103149,0.71560901403427124,0.028062116354703903,0.593751072883606,2,25.707075119018555,0.12234099209308624,2.6969924959985292E-08,0,138,0,33.1094,19
thin0.60000002384185791_browse0.800000011920929_clear5,1,21,sitka-spruce,1503.4573974609375,9.546473503112793,8.4948606491088867,1.0516115427017212,0.66131716966629028,0.049309246242046356,0.88010513782501221,2,32.611202239990234,0.13431625068187714,0.032859243452548981,0.029904596507549286,140,0,31.5824,0
thin0.60000002384185791_browse0.800000011920929_clear5,1,22,sitka-spruce,2279.1279296875,10.056377410888672,9.03341293334961,1.022963285446167,0.88814753293991089,0.08552725613117218,0.31891375780105591,1,40.352031707763672,0.14160297811031342,0.055248238146305084,0.050480753183364868,141,0,32.1302,0
thin0.60000002384185791_browse0.800000011920929_clear5,1,23,sitka-spruce,1539.449462890625,9.2618398666381836,8.4289121627807617,0.83292710781097412,1.3442815542221069,0.11114686727523804,0.49408465623855591,1,46.831428527832031,0.14579345285892487,0.070305556058883667,0.064511597156524658,142,0,30.6814,0
thin0.60000002384185791_browse0.800000011920929_clear5,1,24,sitka-spruce,1549.53857421875,9.1581583023071289,4.5160679817199707,4.642092227935791,1.291759729385376,0.11733777821063995,0.90656530857086182,2,49.031833648681641,0.14796161651611328,0.080209001898765564,0.073892638087272644,143,1,46.1785,0
thin0.60000002384185791_browse0.800000011920929_clear5,1,25,sitka-spruce,2336.691650390625,9.68350887298584,8.8556241989135742,0.82788538932800293,1.1665796041488647,0.033590205013751984,0.42225092649459839,1,27.769533157348633,0.093229308724403381,1.3573543400369203E-09,0,143,2,45.284600000000005,19
thin0.60000002384185791_browse0.800000011920929_clear5,1,26,sitka-spruce,1565.5760498046875,8.9878759384155273,8.2821969985961914,0.70567780733108521,1.2809545993804932,0.068352788686752319,0.3944740891456604,1,34.307949066162109,0.10964729636907578,0.02972068265080452,0.028107710182666779,142,4,45.4073,0
thin0.60000002384185791_browse0.800000011920929_clear5,1,27,sitka-spruce,606.2000732421875,6.497617244720459,5.8984618186950684,0.59915536642074585,1.0361156463623047,0.10153043270111084,0,0,39.068763732910156,0.1248491033911705,0.05251866951584816,0.049297388643026352,135,11,42.484700000000004,0
thin0.60000002384185791_browse0.800000011920929_clear5,1,28,sitka-spruce,1506.07568359375,9.6625576019287109,8.69258975982666,0.969967246055603,0.89455306529998779,0.10577496886253357,0,0,46.761024475097656,0.13595126569271088,0.069081000983715057,0.064942501485347748,132,14,41.1027,0
thin0.60000002384185791_browse0.800000011920929_clear5,1,29,sitka-spruce,1517.3511962890625,9.7490787506103516,5.1706399917602539,4.5784397125244141,1.4092104434967041,0.10595998913049698,1.8083522319793701,4,48.6081428527832,0.14680959284305573,0.079619839787483215,0.075334407389163971,133,17,46.087500000000006,0
thin0.60000002384185791_browse0.800000011920929_clear5,1,30,sitka-spruce,2264.134521484375,10.556912422180176,8.8453769683837891,1.7115354537963867,0.99997174739837646,0.048632390797138214,0.76771080493927,1,30.514923095703125,0.11457070708274841,0.00029004050884395838,0,129,22,42.6841,17
thin0.60000002384185791_browse0.800000011920929_clear5,1,31,sitka-spruce,2271.8466796875,10.74545955657959,8.571934700012207,2.1735262870788574,0.81802999973297119,0.080703437328338623,0,0,38.188125610351563,0.12660422921180725,0.034071795642375946,0.029216565191745758,125,26,40.4167,0
thin0.60000002384185791_browse0.800000011920929_clear5,1,32,sitka-spruce,1545.025390625,9.9439878463745117,7.7167024612426758,2.2272853851318359,1.1002418994903564,0.10472236573696136,1.5027073621749878,4,43.1971549987793,0.13585662841796875,0.057153709232807159,0.049444075673818588,128,27,44.096900000000005,0
thin0.60000002384185791_browse0.800000011920929_clear5,1,33,sitka-spruce,627.45855712890625,6.6689352989196777,5.2333908081054688,1.4355452060699463,0.98086577653884888,0.11175895482301712,0,0,47.337921142578125,0.14012505114078522,0.072464510798454285,0.062580384314060211,126,29,38.8328,0
thin0.60000002384185791_browse0.800000011920929_clear5,1,34,sitka-spruce,616.68115234375,6.7552080154418945,2.6878397464752197,4.0673680305480957,0.924597978591919,0.10022896528244019,0,0,49.000934600830078,0.14867125451564789,0.082520298659801483,0.071013838052749634,120,35,40.2729,0
thin0.60000002384185791_browse0.800000011920929_clear5,1,35,sitka-spruce,607.837890625,6.6792764663696289,6.0360126495361328,0.64326387643814087,1.0360814332962036,0.03556906059384346,0,0,25.601343154907227,0.10082128643989563,2.197436879214365E-05,0,115,40,37.7524,19
thin0.60000002384185791_browse0.800000011920929_clear5,1,36,sitka-spruce,599.9566650390625,6.84965705871582,6.1614198684692383,0.68823730945587158,0.89011156558990479,0.058119695633649826,0.52948939800262451,1,30.285041809082031,0.12188014388084412,0.033217210322618484,0.028828751295804977,111,45,37.601400000000005,0
thin0.60000002384185791_browse0.800000011920929_clear5,1,37,sitka-spruce,596.12554931640625,6.9612908363342285,6.1049027442932129,0.856387734413147,0.63048213720321655,0.081271640956401825,0.29708713293075562,1,35.381103515625,0.13855718076229095,0.05516742542386055,0.047319330275058746,108,49,35.6965,0
thin0.60000002384185791_browse0.800000011920929_clear5,1,38,sitka-spruce,601.5831298828125,6.9542994499206543,6.1674160957336426,0.786882758140564,0.88693606853485107,0.091076165437698364,0.64817893505096436,2,39.922328948974609,0.15092602372169495,0.070039749145507813,0.059612248092889786,107,52,38.138400000000004,0
thin0.60000002384185791_browse0.800000011920929_clear5,1,39,sitka-spruce,1518.2447509765625,10.301687240600586,8.90017318725586,1.401512622833252,1.0065079927444458,0.0910094827413559,0.66703939437866211,1,47.057945251464844,0.15848325192928314,0.079733774065971375,0.066585823893547058,106,54,34.341300000000004,0
thin0.60000002384185791_browse0.800000011920929_clear5,1,40,sitka-spruce,599.60797119140625,7.0253891944885254,6.152376651763916,0.873012900352478,1.0300192832946777,0.042483992874622345,0,0,27.40513801574707,0.11380255967378616,0.00108736427500844,0,102,58,33.4452,18
thin0.60000002384185791_browse0.800000011920929_clear5,1,41,sitka-spruce,1480.3782958984375,10.40929126739502,8.6785764694213867,1.7307137250900269,1.4079170227050781,0.063085854053497314,1.6633024215698242,3,32.949409484863281,0.13445974886417389,0.029920270666480064,0.022734023630619049,102,61,36.977900000000005,0
thin0.60000002384185791_browse0.800000011920929_clear5,1,42,sitka-spruce,1501.6839599609375,10.231487274169922,8.416956901550293,1.8145323991775513,1.0992761850357056,0.096688002347946167,0.21928954124450684,1,39.95111083984375,0.14822454750537872,0.04901837557554245,0.038044087588787079,99,65,35.0107,0
thin0.60000002384185791_browse0.800000011920929_clear5,1,43,sitka-spruce,1485.28759765625,10.400282859802246,8.63039779663086,1.7698850631713867,0.9560973048210144,0.11264994740486145,0.56297701597213745,2,46.949783325195313,0.16149680316448212,0.061853118240833282,0.048937011510133743,97,69,35.069,0
thin0.60000002384185791_browse0.800000011920929_clear5,1,44,sitka-spruce,1483.0693359375,10.603610992431641,4.69422721862793,5.9093856811523438,1.2677680253982544,0.11416319012641907,0.28317466378211975,1,49.978904724121094,0.17432287335395813,0.069970816373825073,0.054996751248836517,94,73,32.4727,0
thin0.60000002384185791_browse0.800000011920929_clear5,1,45,sitka-spruce,1471.2486572265625,10.759942054748535,8.4121894836425781,2.3477516174316406,0.91791754961013794,0.042954862117767334,0.42389872670173645,2,30.8742618560791,0.12897895276546478,0.0007124087424017489,0,91,78,34.9558,18
thin0.60000002384185791_browse0.800000011920929_clear5,1,46,sitka-spruce,577.97528076171875,7.3092718124389648,5.9326505661010742,1.3766218423843384,0.83482933044433594,0.074023716151714325,0.80769217014312744,1,35.090366363525391,0.15637142956256866,0.025963112711906433,0.018514474853873253,87,83,29.7419,0
thin0.60000002384185791_browse0.800000011920929_clear5,1,47,sitka-spruce,1414.8299560546875,10.929378509521484,8.4026050567626953,2.5267729759216309,0.85170567035675049,0.09086078405380249,0.011415275745093822,1,42.538990020751953,0.17428642511367798,0.0439722016453743,0.032222330570220947,84,87,31.480700000000002,0
thin0.60000002384185791_browse0.800000011920929_clear5,1,48,sitka-spruce,560.06744384765625,7.1066093444824219,5.4810390472412109,1.6255706548690796,1.0857133865356445,0.10321272909641266,0.48607125878334045,1,46.34503173828125,0.19005875289440155,0.054316423833370209,0.040643375366926193,82,90,29.7957,0
thin0.60000002384185791_browse0.800000011920929_clear5,1,49,sitka-spruce,570.3890380859375,7.0606889724731445,4.8846478462219238,2.1760406494140625,1.1962084770202637,0.096422053873538971,0.069046162068843842,1,49.868003845214844,0.20469905436038971,0.05953531339764595,0.04532724991440773,82,91,29.624100000000002,0
thin0.60000002384185791_browse0.800000011920929_clear5,1,50,sitka-spruce,2187.19970703125,11.401432991027832,9.3915071487426758,2.0099232196807861,1.0562996864318848,0.0349508598446846,0.34224846959114075,1,32.339515686035156,0.14491657912731171,0.00022617337526753545,0,81,93,30.3428,18
thin0.60000002384185791_browse0.800000011920929_clear5,1,51,sitka-spruce,588.85211181640625,6.9256858825683594,5.2102699279785156,1.7154169082641602,0.93649888038635254,0.071079663932323456,2.5566849708557129,6,33.985519409179688,0.17695611715316772,0.017471782863140106,0.013182682916522026,86,94,36.453900000000004,0
thin0.60000002384185791_browse0.800000011920929_clear5,1,52,sitka-spruce,2267.81640625,10.643181800842285,8.8755044937133789,1.7676752805709839,0.83964145183563232,0.087316006422042847,0,0,41.934066772460938,0.19521565735340118,0.028457416221499443,0.021659523248672485,84,96,30.4391,0
thin0.60000002384185791_browse0.800000011920929_clear5,1,53,sitka-spruce,1491.3245849609375,9.8348388671875,7.894935131072998,1.9399032592773438,0.81573653221130371,0.10460454225540161,0.40953269600868225,1,48.499130249023438,0.2108234316110611,0.035918362438678741,0.027852199971675873,81,100,30.992800000000003,0
thin0.60000002384185791_browse0.800000011920929_clear5,1,54,sitka-spruce,594.71514892578125,6.6140775680541992,3.3209764957427979,3.2930984497070313,0.78313535451889038,0.1046900600194931,0.29818019270896912,1,50.634101867675781,0.22137145698070526,0.0417286679148674,0.032991006970405579,78,104,29.3477,0
thin0.60000002384185791_browse0.800000011920929_clear5,1,55,sitka-spruce,1427.3319091796875,9.8563566207885742,6.6687183380126953,3.1876382827758789,0.68579161167144775,0.047478035092353821,1.27491295337677,2,35.8967170715332,0.17563644051551819,0.0011723674833774567,9.5596449682489038E-05,76,108,30.7754,13
thin0.60000002384185791_browse0.800000011920929_clear5,1,56,sitka-spruce,579.6375732421875,6.3803443908691406,4.1172900199890137,2.2630550861358643,0.68549144268035889,0.064610905945301056,0,0,39.2639045715332,0.19504533708095551,0.016464520245790482,0.012536040507256985,75,109,25.378700000000002,0
thin0.60000002384185791_browse0.800000011920929_clear5,1,57,sitka-spruce,1401.490966796875,9.82598876953125,6.2526407241821289,3.5733523368835449,0.89944607019424438,0.0710427463054657,0.58692640066146851,1,43.959129333496094,0.2150634229183197,0.026327181607484818,0.020820850506424904,70,115,27.4094,0
thin0.60000002384185791_browse0.800000011920929_clear5,1,58,sitka-spruce,2102.8193359375,10.65837574005127,6.4006099700927734,4.2577662467956543,0.90446043014526367,0.078011751174926758,2.1762666702270508,6,47.201000213623047,0.22653248906135559,0.034256257116794586,0.027240702882409096,74,117,35.897600000000004,0
thin0.60000002384185791_browse0.800000011920929_clear5,1,59,sitka-spruce,1430.2027587890625,9.353266716003418,4.3136401176452637,5.0396270751953125,0.90355849266052246,0.08166542649269104,0.24698437750339508,1,50.282432556152344,0.23418259620666504,0.038341715931892395,0.03089757077395916,73,119,29.4498,0
thin0.60000002384185791_browse0.800000011920929_clear5,1,60,sitka-spruce,1448.649658203125,9.169041633605957,6.0306463241577148,3.1383957862854004,0.87783640623092651,0.044833112508058548,0.96826183795928955,2,37.922145843505859,0.19693954288959503,0.00024224212393164635,0,74,120,29.273200000000003,11
thin0.60000002384185791_browse0.800000011920929_clear5,1,61,sitka-spruce,2138.505615234375,10.217193603515625,6.1681060791015625,4.0490884780883789,0.84951388835906982,0.062053993344306946,0.96632146835327148,2,42.212364196777344,0.21679754555225372,0.013721498660743237,0.011212967336177826,67,129,31.206200000000003,0
thin0.60000002384185791_browse0.800000011920929_clear5,1,62,sitka-spruce,1400.5284423828125,9.4709148406982422,5.8815302848815918,3.589383602142334,0.7678380012512207,0.079838410019874573,1.2740041017532349,3,45.972213745117188,0.23534500598907471,0.022323934361338615,0.018447218462824821,66,133,28.3426,0
thin0.60000002384185791_browse0.800000011920929_clear5,1,63,sitka-spruce,1394.14892578125,9.28296184539795,5.7609982490539551,3.5219640731811523,0.74783343076705933,0.0865500420331955,0.89721000194549561,2,50.001617431640625,0.24876530468463898,0.027597367763519287,0.02301902137696743,64,137,26.5168,0
thin0.60000002384185791_browse0.800000011920929_clear5,1,64,sitka-spruce,543.33819580078125,6.1307439804077148,2.4559304714202881,3.674813985824585,0.69285285472869873,0.084078393876552582,1.1361095905303955,2,50.544509887695313,0.25971409678459167,0.0313476026058197,0.026159757748246193,61,142,27.1244,0
thin0.60000002384185791_browse0.800000011920929_clear5,1,65,sitka-spruce,533.9813232421875,5.947659969329834,3.8897824287414551,2.057877779006958,0.92211717367172241,0.040650203824043274,0.73967170715332031,2,36.240528106689453,0.21447548270225525,5.1986585276608821E-06,0,61,144,24.886400000000002,11
thin0.60000002384185791_browse0.800000011920929_clear5,1,66,sitka-spruce,539.11187744140625,5.7476081848144531,3.6922039985656738,2.0554041862487793,0.82393264770507813,0.051114477217197418,0.72814083099365234,2,38.329544067382813,0.23071591556072235,0.011316699907183647,0.0099011994898319244,62,145,25.4529,0
thin0.60000002384185791_browse0.800000011920929_clear5,1,67,sitka-spruce,1308.20361328125,9.3053808212280273,6.6176896095275879,2.6876895427703857,0.99897295236587524,0.061383623629808426,1.971014142036438,3,41.915863037109375,0.24953098595142365,0.01907784678041935,0.0167560838162899,58,152,27.977700000000002,0
thin0.60000002384185791_browse0.800000011920929_clear5,1,68,sitka-spruce,1294.6239013671875,9.1133232116699219,6.7647137641906738,2.3486106395721436,1.008114218711853,0.078284800052642822,1.6728644371032715,4,45.921314239501953,0.26308941841125488,0.023902876302599907,0.021251214668154716,58,156,27.3656,0
thin0.60000002384185791_browse0.800000011920929_clear5,1,69,sitka-spruce,512.84527587890625,5.6468586921691895,4.2289977073669434,1.4178614616394043,1.0264450311660767,0.091403260827064514,0.55561447143554688,1,48.476848602294922,0.2717740535736084,0.026662945747375488,0.024151112884283066,54,161,25.0881,0
thin0.60000002384185791_browse0.800000011920929_clear5,1,70,sitka-spruce,507.7255859375,5.4730253219604492,4.0850248336791992,1.38800048828125,0.96433562040328979,0.058498725295066833,1.86929452419281,4,37.962329864501953,0.23513452708721161,0.00010111231677001342,0,56,163,26.1769,9
thin0.60000002384185791_browse0.800000011920929_clear5,1,71,sitka-spruce,499.05206298828125,5.4174118041992188,3.8678479194641113,1.5495636463165283,0.73815822601318359,0.066932961344718933,0.86202991008758545,3,40.163055419921875,0.25334444642066956,0.009432472288608551,0.0086438460275530815,54,168,30.456400000000002,0
thin0.60000002384185791_browse0.800000011920929_clear5,1,72,sitka-spruce,1222.3321533203125,8.5115633010864258,6.1099224090576172,2.4016411304473877,0.82921379804611206,0.070980452001094818,0.12235462665557861,2,45.250431060791016,0.26695600152015686,0.015815470367670059,0.01469095516949892,53,171,26.9657,0
thin0.60000002384185791_browse0.800000011920929_clear5,1,73,sitka-spruce,1196.0689697265625,8.5647201538085938,5.9261445999145508,2.6385762691497803,0.8260347843170166,0.082929357886314392,1.8281261920928955,5,48.439483642578125,0.27850484848022461,0.020382339134812355,0.018741287291049957,54,175,29.697300000000002,0
thin0.60000002384185791_browse0.800000011920929_clear5,1,74,sitka-spruce,1750.0283203125,9.5455398559570313,6.3407320976257324,3.2048075199127197,0.86968362331390381,0.088769309222698212,1.5034646987915039,2,52.31829833984375,0.28800559043884277,0.023227253928780556,0.021373530849814415,50,181,25.1715,0
thin0.60000002384185791_browse0.800000011920929_clear5,1,75,sitka-spruce,1141.4473876953125,8.4750051498413086,5.2688231468200684,3.2061831951141357,1.1231845617294312,0.072371974587440491,0.93286335468292236,2,46.992828369140625,0.2737155556678772,5.0888256737380289E-06,0,49,184,22.5303,6
thin0.60000002384185791_browse0.800000011920929_clear5,1,76,sitka-spruce,1113.743896484375,8.4322280883789063,4.6535201072692871,3.778705358505249,0.93285179138183594,0.0786190778017044,0.74475562572479248,2,49.8901252746582,0.2845417857170105,0.0083606410771608353,0.0077654663473367691,48,187,22.678800000000003,0
thin0.60000002384185791_browse0.800000011920929_clear5,1,77,sitka-spruce,1091.1572265625,8.3431930541992188,4.3589010238647461,3.9842915534973145,0.85567057132720947,0.084441974759101868,2.5280845165252686,6,50.780826568603516,0.28927242755889893,0.015642723068594933,0.014191186055541039,51,190,29.7465,0
thin0.60000002384185791_browse0.800000011920929_clear5,1,78,sitka-spruce,428.23834228515625,4.993992805480957,2.8584926128387451,2.1355009078979492,0.79657113552093506,0.086600072681903839,3.1228408813476563,5,49.633308410644531,0.29554113745689392,0.02029033936560154,0.018173208460211754,49,197,29.736500000000003,0
thin0.60000002384185791_browse0.800000011920929_clear5,1,79,sitka-spruce,430.91268920898438,4.7083835601806641,2.9567484855651855,1.7516356706619263,0.71265250444412231,0.0795300230383873,0.56050682067871094,1,51.237369537353516,0.29348331689834595,0.023122930899262428,0.020433219149708748,49,198,20.9866,0
thin0.60000002384185791_browse0.800000011920929_clear5,1,80,sitka-spruce,1042.64208984375,8.3268260955810547,4.9125990867614746,3.4142248630523682,0.6437302827835083,0.062649562954902649,0.16838712990283966,1,49.775222778320313,0.29249557852745056,0.001140133710578084,0.0003793112700805068,44,204,23.5207,4
thin0.60000002384185791_browse0.800000011920929_clear5,1,81,sitka-spruce,407.90509033203125,4.98615837097168,2.6289215087890625,2.3572366237640381,0.60366302728652954,0.070729836821556091,0.99806147813797,3,50.731689453125,0.30165049433708191,0.010260965675115585,0.00748732453212142,45,206,22.6964,0
thin0.60000002384185791_browse0.800000011920929_clear5,1,82,sitka-spruce,1501.25927734375,9.4761533737182617,4.967778205871582,4.5083756446838379,0.53314673900604248,0.0682954490184784,1.6957988739013672,5,53.402225494384766,0.30805808305740356,0.016444938257336617,0.01204734668135643,46,210,27.014000000000003,0
thin0.60000002384185791_browse0.800000011920929_clear5,1,83,sitka-spruce,1006.3355102539063,8.0065288543701172,4.4284119606018066,3.5781168937683105,0.55346912145614624,0.074319787323474884,0.53732186555862427,1,56.66552734375,0.3085990846157074,0.01998513750731945,0.014180376194417477,44,213,23.503800000000002,0
thin0.60000002384185791_browse0.800000011920929_clear5,1,84,sitka-spruce,387.88995361328125,4.7574028968811035,2.4353127479553223,2.3220906257629395,0.67799657583236694,0.077634632587432861,1.2040798664093018,2,57.141128540039063,0.31181433796882629,0.022831641137599945,0.015511956997215748,42,217,22.8768,0
thin0.60000002384185791_browse0.800000011920929_clear5,1,85,sitka-spruce,970.41314697265625,7.874537467956543,4.6858963966369629,3.1886405944824219,0.61053544282913208,0.058796588331460953,0.37358647584915161,2,52.240264892578125,0.28851574659347534,5.6309859246539418E-06,0,44,217,18.8003,6
thin0.60000002384185791_browse0.800000011920929_clear5,1,86,sitka-spruce,944.6588134765625,8.1919937133789063,4.2903409004211426,3.9016523361206055,0.70227187871932983,0.067571207880973816,1.5709530115127563,2,54.1898078918457,0.298686146736145,0.0081335948780179024,0.0048906574957072735,41,222,22.2951,0
thin0.60000002384185791_browse0.800000011920929_clear5,1,87,sitka-spruce,921.96795654296875,8.1826581954956055,4.5141878128051758,3.6684706211090088,0.62744647264480591,0.073318898677825928,2.8194501399993896,9,55.183780670166016,0.30886411666870117,0.013404148630797863,0.0081517491489648819,47,225,33.2673,0
thin0.60000002384185791_browse0.800000011920929_clear5,1,88,sitka-spruce,372.41119384765625,4.3765592575073242,2.8143882751464844,1.5621718168258667,0.61603677272796631,0.07993723452091217,0.029783634468913078,1,57.272411346435547,0.30703422427177429,0.016103196889162064,0.0096059488132596016,45,228,23.1976,0
thin0.60000002384185791_browse0.800000011920929_clear5,1,89,sitka-spruce,893.8033447265625,8.10864543914795,5.1576414108276367,2.9510035514831543,0.834378719329834,0.07344122976064682,1.6308798789978027,6,59.891349792480469,0.31685924530029297,0.017990924417972565,0.010869689285755157,43,236,30.764200000000002,0
thin0.60000002384185791_browse0.800000011920929_clear5,1,90,sitka-spruce,893.8033447265625,7.7821745872497559,4.6550173759460449,3.12715744972229,0.78492629528045654,0.059211757034063339,1.4752663373947144,4,53.833919525146484,0.2949238121509552,6.4524130721110851E-05,0,44,239,25.4399,6
thin0.60000002384185791_browse0.800000011920929_clear5,1,91,sitka-spruce,865.0771484375,8.0819339752197266,4.8496918678283691,3.2322432994842529,0.79264813661575317,0.070437699556350708,2.6682860851287842,6,55.152240753173828,0.31185805797576904,0.0062208203598856926,0.0039552352391183376,42,247,30.277700000000003,0
thin0.60000002384185791_browse0.800000011920929_clear5,1,92,sitka-spruce,845.439697265625,7.9784870147705078,4.8603816032409668,3.118105411529541,0.69880807399749756,0.082810215651988983,1.729426383972168,5,57.5015754699707,0.32444608211517334,0.010590237565338612,0.0067023918963968754,40,254,29.0558,0
thin0.60000002384185791_browse0.800000011920929_clear5,1,93,sitka-spruce,338.17593383789063,4.2929248809814453,2.5468220710754395,1.7461028099060059,1.0328631401062012,0.088443741202354431,3.0842244625091553,7,55.842868804931641,0.32974815368652344,0.0132855623960495,0.0084426309913396835,44,257,30.4888,0
thin0.60000002384185791_browse0.800000011920929_clear5,1,94,sitka-spruce,343.58529663085938,4.1622586250305176,2.4151568412780762,1.7471020221710205,0.79819697141647339,0.078326113522052765,1.5311033725738525,2,55.850399017333984,0.3289848268032074,0.014770699664950371,0.0095282327383756638,41,262,23.8247,0
thin0.60000002384185791_browse0.800000011920929_clear5,1,95,sitka-spruce,326.91409301757813,4.32703161239624,2.6524930000305176,1.6745386123657227,0.94863063097000122,0.057777151465415955,1.699519157409668,5,49.935577392578125,0.31864631175994873,3.2473990358994342E-06,0,39,269,29.4389,5
thin0.60000002384185791_browse0.800000011920929_clear5,1,96,sitka-spruce,1241.4578857421875,8.8857126235961914,5.5153822898864746,3.3703286647796631,0.81309658288955688,0.053262416273355484,0.81603693962097168,2,53.7685661315918,0.32826247811317444,0.0049952161498367786,0.0034242919646203518,40,270,23.0597,0
thin0.60000002384185791_browse0.800000011920929_clear5,1,97,sitka-spruce,319.824951171875,4.1186094284057617,2.4705197811126709,1.6480902433395386,0.757297158241272,0.066006958484649658,1.9502546787261963,5,53.465526580810547,0.33749553561210632,0.00826459750533104,0.0057032317854464054,38,277,28.5009,0
thin0.60000002384185791_browse0.800000011920929_clear5,1,98,sitka-spruce,329.558837890625,4.050260066986084,2.6128830909729004,1.4373775720596313,1.0347111225128174,0.065359652042388916,0.66502463817596436,2,54.313312530517578,0.33940514922142029,0.01031032856553793,0.0071483394131064415,38,279,21.7921,0
thin0.60000002384185791_browse0.800000011920929_clear5,1,99,sitka-spruce,1164.1280517578125,8.8811397552490234,5.7697854042053223,3.1113533973693848,0.7203214168548584,0.062081675976514816,0.98655104637146,3,58.314144134521484,0.34865337610244751,0.011472377926111221,0.0079983826726675034,35,285,24.5336,0
thin0.60000002384185791_browse0.800000011920929_clear5,1,100,sitka-spruce,776.08544921875,7.2871441841125488,4.440453052520752,2.8466920852661133,0.7057916522026062,0.05804307758808136,2.6512813568115234,7,55.014865875244141,0.33632469177246094,1.6343655317996308E-07,0,39,288,28.9086,4
