run,repeat,year,species,natural_remaining,requested,accepted,rejected,light_loss,browse_loss,promotion_export,exact_natural_recruits,planted_alive_unpromoted,planted_promoted,planted_dead,living_trees,deadwood_records,stand_total_clearance_removed_abundance,stand_total_clearance_removed_planted,seed_arrival
browse0_protectFalse_clear0,0,1,sitka-spruce,0.800000011920929,0,0,0,0,0,0,0,4,0,0,0,0,0,0,0
browse0_protectFalse_clear0,0,1,sessile-oak,0.800000011920929,0,0,0,0,0,0,0,4,0,0,0,0,0,0,0
browse0_protectFalse_clear0,0,1,beech,0.800000011920929,0,0,0,0,0,0,0,4,0,0,0,0,0,0,0
browse0_protectFalse_clear0,0,2,sitka-spruce,0.800000011920929,0,0,0,0,0,0,0,4,0,0,0,0,0,0,0
browse0_protectFalse_clear0,0,2,sessile-oak,0.800000011920929,0,0,0,0,0,0,0,4,0,0,0,0,0,0,0
browse0_protectFalse_clear0,0,2,beech,0.800000011920929,0,0,0,0,0,0,0,4,0,0,0,0,0,0,0
browse0_protectFalse_clear0,0,3,sitka-spruce,0.800000011920929,0,0,0,0,0,0,0,4,0,0,0,0,0,0,0
browse0_protectFalse_clear0,0,3,sessile-oak,0.800000011920929,0,0,0,0,0,0,0,4,0,0,0,0,0,0,0
browse0_protectFalse_clear0,0,3,beech,0.800000011920929,0,0,0,0,0,0,0,4,0,0,0,0,0,0,0
browse0_protectFalse_clear0,0,4,sitka-spruce,0.800000011920929,0,0,0,0,0,0,0,4,0,0,0,0,0,0,0
browse0_protectFalse_clear0,0,4,sessile-oak,0.800000011920929,0,0,0,0,0,0,0,4,0,0,0,0,0,0,0
browse0_protectFalse_clear0,0,4,beech,0.800000011920929,0,0,0,0,0,0,0,4,0,0,0,0,0,0,0
browse0_protectFalse_clear0,0,5,sitka-spruce,0.800000011920929,0,0,0,0,0,0,0,4,0,0,0,0,0,0,0
browse0_protectFalse_clear0,0,5,sessile-oak,0.800000011920929,0,0,0,0,0,0,0,4,0,0,0,0,0,0,0
browse0_protectFalse_clear0,0,5,beech,0.800000011920929,0,0,0,0,0,0,0,4,0,0,0,0,0,0,0
browse0_protectFalse_clear0,0,6,sitka-spruce,0.800000011920929,0,0,0,0,0,0,0,4,0,0,0,0,0,0,0
browse0_protectFalse_clear0,0,6,sessile-oak,0.800000011920929,0,0,0,0,0,0,0,4,0,0,0,0,0,0,0
browse0_protectFalse_clear0,0,6,beech,0.800000011920929,0,0,0,0,0,0,0,4,0,0,0,0,0,0,0
browse0_protectFalse_clear0,0,7,sitka-spruce,0.800000011920929,0,0,0,0,0,0,0,4,0,0,0,0,0,0,0
browse0_protectFalse_clear0,0,7,sessile-oak,0.800000011920929,0,0,0,0,0,0,0,4,0,0,0,0,0,0,0
browse0_protectFalse_clear0,0,7,beech,0.800000011920929,0,0,0,0,0,0,0,4,0,0,0,0,0,0,0
browse0_protectFalse_clear0,0,8,sitka-spruce,0.800000011920929,0,0,0,0,0,0,0,4,0,0,0,0,0,0,0
browse0_protectFalse_clear0,0,8,sessile-oak,0.800000011920929,0,0,0,0,0,0,0,4,0,0,0,0,0,0,0
browse0_protectFalse_clear0,0,8,beech,0.800000011920929,0,0,0,0,0,0,0,4,0,0,0,0,0,0,0
browse0_protectFalse_clear0,0,9,sitka-spruce,0.800000011920929,0,0,0,0,0,0,0,4,0,0,8,0,0,0,0
browse0_protectFalse_clear0,0,9,sessile-oak,0.800000011920929,0,0,0,0,0,0,0,0,4,0,8,0,0,0,0
browse0_protectFalse_clear0,0,9,beech,0.800000011920929,0,0,0,0,0,0,0,0,4,0,8,0,0,0,0
browse0_protectFalse_clear0,0,10,sitka-spruce,0.800000011920929,0,0,0,0,0,0,0,4,0,0,12,0,0,0,0
browse0_protectFalse_clear0,0,10,sessile-oak,0.800000011920929,0,0,0,0,0,0,0,0,4,0,12,0,0,0,0
browse0_protectFalse_clear0,0,10,beech,0,0,0,0,0,0,0.800000011920929,4,0,4,0,12,0,0,0,0
browse0_protectFalse_clear0,0,11,sitka-spruce,0.75999999046325684,0,0,0,0.040000006556510925,0,0,0,4,0,0,12,0,0,0,0
browse0_protectFalse_clear0,0,11,sessile-oak,0.70032203197479248,0,0,0,0.099677950143814087,0,0,0,0,4,0,12,0,0,0,0
browse0_protectFalse_clear0,0,11,beech,0,0,0,0,0,0,0,0,0,4,0,12,0,0,0,0
browse0_protectFalse_clear0,0,12,sitka-spruce,0.64800000190734863,0,0,0,0.11200001835823059,0,0,0,2,0,2,12,0,0,0,0
browse0_protectFalse_clear0,0,12,sessile-oak,0.551340639591217,0,0,0,0.14898142218589783,0,0,0,0,4,0,12,0,0,0,0
browse0_protectFalse_clear0,0,12,beech,0,0,0,0,0,0,0,0,0,4,0,12,0,0,0,0
browse0_protectFalse_clear0,0,13,sitka-spruce,0.51839995384216309,0,0,0,0.12960001826286316,0,0,0,2,0,2,12,0,0,0,0
browse0_protectFalse_clear0,0,13,sessile-oak,0.38735166192054749,0,0,0,0.16398897767066956,0,0,0,0,4,0,12,0,0,0,0
browse0_protectFalse_clear0,0,13,beech,0,0,0,0,0,0,0,0,0,4,0,12,0,0,0,0
browse0_protectFalse_clear0,0,14,sitka-spruce,0.41471996903419495,0,0,0,0.10368000715970993,0,0,0,1,0,3,12,0,0,0,0
browse0_protectFalse_clear0,0,14,sessile-oak,0.23813992738723755,0,0,0,0.14921174943447113,0,0,0,0,4,0,12,0,0,0,0
browse0_protectFalse_clear0,0,14,beech,0,0,0,0,0,0,0,0,0,4,0,12,0,0,0,0
browse0_protectFalse_clear0,0,15,sitka-spruce,0.331775963306427,0,0,0,0.082943998277187347,0,0,0,0,0,4,12,0,0,0,0
browse0_protectFalse_clear0,0,15,sessile-oak,0.12771303951740265,0,0,0,0.1104268804192543,0,0,0,0,4,0,12,0,0,0,0
browse0_protectFalse_clear0,0,15,beech,0,0,0,0,0,0,0,0,0,4,0,12,0,0,0,0
browse0_protectFalse_clear0,0,16,sitka-spruce,0.26542076468467712,0,0,0,0.066355198621749878,0,0,0,0,0,4,12,0,0,0,0
browse0_protectFalse_clear0,0,16,sessile-oak,0.057341050356626511,0,0,0,0.07037198543548584,0,0,0,0,4,0,12,0,0,0,0
browse0_protectFalse_clear0,0,16,beech,0,0,0,0,0,0,0,0,0,4,0,12,0,0,0,0
browse0_protectFalse_clear0,0,17,sitka-spruce,0.21233661472797394,0,0,0,0.053084153681993484,0,0,0,0,0,4,12,0,0,0,0
browse0_protectFalse_clear0,0,17,sessile-oak,0.021476557478308678,0,0,0,0.035864494740962982,0,0,0,0,4,0,12,0,0,0,0
browse0_protectFalse_clear0,0,17,beech,0,0,0,0,0,0,0,0,0,4,0,12,0,0,0,0
browse0_protectFalse_clear0,0,18,sitka-spruce,0.16986928880214691,0,0,0,0.042467322200536728,0,0,0,0,0,4,12,0,0,0,0
browse0_protectFalse_clear0,0,18,sessile-oak,0.0067889001220464706,0,0,0,0.014687658287584782,0,0,0,0,4,0,12,0,0,0,0
browse0_protectFalse_clear0,0,18,beech,0,0,0,0,0,0,0,0,0,4,0,12,0,0,0,0
browse0_protectFalse_clear0,0,19,sitka-spruce,0.13589543104171753,0,0,0,0.033973857760429382,0,0,0,0,0,4,12,0,0,0,0
browse0_protectFalse_clear0,0,19,sessile-oak,0.0017767652170732617,0,0,0,0.0050121350213885307,0,0,0,0,4,0,12,0,0,0,0
browse0_protectFalse_clear0,0,19,beech,0,0,0,0,0,0,0,0,0,4,0,12,0,0,0,0
browse0_protectFalse_clear0,0,20,sitka-spruce,0.10871634632349014,0,0,0,0.027179086580872536,0,0,0,0,0,4,12,0,0,0,0
browse0_protectFalse_clear0,0,20,sessile-oak,0.00039162582834251225,0,0,0,0.0013851393014192581,0,0,0,0,4,0,12,0,0,0,0
browse0_protectFalse_clear0,0,20,beech,0,0,0,0,0,0,0,0,0,4,0,12,0,0,0,0
browse0_protectFalse_clear0,0,21,sitka-spruce,0.086973078548908234,0,0,0,0.021743267774581909,0,0,0,0,0,4,12,0,0,0,0
browse0_protectFalse_clear0,0,21,sessile-oak,7.8971301263663918E-05,0,0,0,0.00031265450525097549,0,0,0,0,4,0,12,0,0,0,0
browse0_protectFalse_clear0,0,21,beech,0,0,0,0,0,0,0,0,0,4,0,12,0,0,0,0
browse0_protectFalse_clear0,0,22,sitka-spruce,0.069578461349010468,0,0,0,0.017394615337252617,0,0,0,0,0,4,12,0,0,0,0
browse0_protectFalse_clear0,0,22,sessile-oak,1.5794261344126426E-05,0,0,0,6.31770453765057E-05,0,0,0,0,4,0,12,0,0,0,0
browse0_protectFalse_clear0,0,22,beech,0,0,0,0,0,0,0,0,0,4,0,12,0,0,0,0
browse0_protectFalse_clear0,0,23,sitka-spruce,0.055662769824266434,0,0,0,0.013915692456066608,0,0,0,0,0,4,12,0,0,0,0
browse0_protectFalse_clear0,0,23,sessile-oak,3.15885222335055E-06,0,0,0,1.2635407983907498E-05,0,0,0,0,4,0,12,0,0,0,0
browse0_protectFalse_clear0,0,23,beech,0,0,0,0,0,0,0,0,0,4,0,12,0,0,0,0
browse0_protectFalse_clear0,0,24,sitka-spruce,0.044530216604471207,0,0,0,0.011132554151117802,0,0,0,0,0,4,12,0,0,0,0
browse0_protectFalse_clear0,0,24,sessile-oak,6.3177043330142624E-07,0,0,0,2.5270819605793804E-06,0,0,0,0,4,0,12,0,0,0,0
browse0_protectFalse_clear0,0,24,beech,0,0,0,0,0,0,0,0,0,4,0,12,0,0,0,0
browse0_protectFalse_clear0,0,25,sitka-spruce,0.035624172538518906,0,0,0,0.008906044065952301,0,0,0,0,0,4,12,0,0,0,0
browse0_protectFalse_clear0,0,25,sessile-oak,1.2635409518679808E-07,0,0,0,5.0541632390377345E-07,0,0,0,0,4,0,12,0,0,0,0
browse0_protectFalse_clear0,0,25,beech,0,0,0,0,0,0,0,0,0,4,0,12,0,0,0,0
browse0_protectFalse_clear0,0,26,sitka-spruce,0.028499338775873184,0,0,0,0.0071248346939682961,0,0,0,0,0,4,12,0,0,0,0
browse0_protectFalse_clear0,0,26,sessile-oak,2.527081832681688E-08,0,0,0,1.0108327330726752E-07,0,0,0,0,4,0,12,0,0,0,0
browse0_protectFalse_clear0,0,26,beech,0,0,0,0,0,0,0,0,0,4,0,12,0,0,0,0
browse0_protectFalse_clear0,0,27,sitka-spruce,0.022799471393227577,0,0,0,0.005699867382645607,0,0,0,0,0,4,12,0,0,0,0
browse0_protectFalse_clear0,0,27,sessile-oak,5.0541637541812179E-09,0,0,0,2.0216655016724872E-08,0,0,0,0,4,0,12,0,0,0,0
browse0_protectFalse_clear0,0,27,beech,0,0,0,0,0,0,0,0,0,4,0,12,0,0,0,0
browse0_protectFalse_clear0,0,28,sitka-spruce,0.018239576369524002,0,0,0,0.0045598936267197132,0,0,0,0,0,4,12,0,0,0,0
browse0_protectFalse_clear0,0,28,sessile-oak,1.0108327508362436E-09,0,0,0,4.0433310033449743E-09,0,0,0,0,4,0,12,0,0,0,0
browse0_protectFalse_clear0,0,28,beech,0,0,0,0,0,0,0,0,0,4,0,12,0,0,0,0
browse0_protectFalse_clear0,0,29,sitka-spruce,0.014591662213206291,0,0,0,0.0036479150876402855,0,0,0,0,0,4,12,0,0,0,0
browse0_protectFalse_clear0,0,29,sessile-oak,2.0216656126947896E-10,0,0,0,8.0866618956676461E-10,0,0,0,0,4,0,12,0,0,0,0
browse0_protectFalse_clear0,0,29,beech,0,0,0,0,0,0,0,0,0,4,0,12,0,0,0,0
browse0_protectFalse_clear0,0,30,sitka-spruce,0.011673329398036003,0,0,0,0.0029183323495090008,0,0,0,0,0,4,12,0,0,0,0
browse0_protectFalse_clear0,0,30,sessile-oak,4.0433312947785183E-11,0,0,0,1.6173325179114073E-10,0,0,0,0,4,0,12,0,0,0,0
browse0_protectFalse_clear0,0,30,beech,0,0,0,0,0,0,0,0,0,4,0,12,0,0,0,0
browse0_protectFalse_clear0,0,31,sitka-spruce,0.0093386638909578323,0,0,0,0.0023346659727394581,0,0,0,0,0,4,12,0,0,0,0
browse0_protectFalse_clear0,0,31,sessile-oak,8.0866624160846889E-12,0,0,0,3.2346649664338756E-11,0,0,0,0,4,0,12,0,0,0,0
browse0_protectFalse_clear0,0,31,beech,0,0,0,0,0,0,0,0,0,4,0,12,0,0,0,0
browse0_protectFalse_clear0,0,32,sitka-spruce,0.0074709309265017509,0,0,0,0.0018677327316254377,0,0,0,0,0,4,12,0,0,0,0
browse0_protectFalse_clear0,0,32,sessile-oak,1.6173325699531116E-12,0,0,0,6.4693302798124463E-12,0,0,0,0,4,0,12,0,0,0,0
browse0_protectFalse_clear0,0,32,beech,0,0,0,0,0,0,0,0,0,4,0,12,0,0,0,0
browse0_protectFalse_clear0,0,33,sitka-spruce,0.0059767449274659157,0,0,0,0.0014941861154511571,0,0,0,0,0,4,12,0,0,0,0
browse0_protectFalse_clear0,0,33,sessile-oak,3.2346651399062232E-13,0,0,0,1.2938660559624893E-12,0,0,0,0,4,0,12,0,0,0,0
browse0_protectFalse_clear0,0,33,beech,0,0,0,0,0,0,0,0,0,4,0,12,0,0,0,0
browse0_protectFalse_clear0,0,34,sitka-spruce,0.0047813961282372475,0,0,0,0.00119534891564399,0,0,0,0,0,4,12,0,0,0,0
browse0_protectFalse_clear0,0,34,sessile-oak,6.469330686388261E-14,0,0,0,2.5877322745553044E-13,0,0,0,0,4,0,12,0,0,0,0
browse0_protectFalse_clear0,0,34,beech,0,0,0,0,0,0,0,0,0,4,0,12,0,0,0,0
browse0_protectFalse_clear0,0,35,sitka-spruce,0.003825116902589798,0,0,0,0.00095627922564744949,0,0,0,0,0,4,12,0,0,0,0
browse0_protectFalse_clear0,0,35,sessile-oak,1.2938661203369933E-14,0,0,0,5.175464481347973E-14,0,0,0,0,4,0,12,0,0,0,0
browse0_protectFalse_clear0,0,35,beech,0,0,0,0,0,0,0,0,0,4,0,12,0,0,0,0
browse0_protectFalse_clear0,0,36,sitka-spruce,0.0030600936152040958,0,0,0,0.000765023403801024,0,0,0,0,0,4,12,0,0,0,0
browse0_protectFalse_clear0,0,36,sessile-oak,2.5877322406739865E-15,0,0,0,1.0350928962695946E-14,0,0,0,0,4,0,12,0,0,0,0
browse0_protectFalse_clear0,0,36,beech,0,0,0,0,0,0,0,0,0,4,0,12,0,0,0,0
browse0_protectFalse_clear0,0,37,sitka-spruce,0.0024480747524648905,0,0,0,0.00061201868811622262,0,0,0,0,0,4,12,0,0,0,0
browse0_protectFalse_clear0,0,37,sessile-oak,5.175464481347973E-16,0,0,0,2.070186004297426E-15,0,0,0,0,4,0,12,0,0,0,0
browse0_protectFalse_clear0,0,37,beech,0,0,0,0,0,0,0,0,0,4,0,12,0,0,0,0
browse0_protectFalse_clear0,0,38,sitka-spruce,0.0019584598485380411,0,0,0,0.00048961496213451028,0,0,0,0,0,4,12,0,0,0,0
browse0_protectFalse_clear0,0,38,sessile-oak,1.0350929889138232E-16,0,0,0,4.1403716909574968E-16,0,0,0,0,4,0,12,0,0,0,0
browse0_protectFalse_clear0,0,38,beech,0,0,0,0,0,0,0,0,0,4,0,12,0,0,0,0
browse0_protectFalse_clear0,0,39,sitka-spruce,0.0015667679253965616,0,0,0,0.00039169198134914041,0,0,0,0,0,4,12,0,0,0,0
browse0_protectFalse_clear0,0,39,sessile-oak,2.0701859116531974E-17,0,0,0,8.28074364661279E-17,0,0,0,0,4,0,12,0,0,0,0
browse0_protectFalse_clear0,0,39,beech,0,0,0,0,0,0,0,0,0,4,0,12,0,0,0,0
browse0_protectFalse_clear0,0,40,sitka-spruce,0.0012534143170341849,0,0,0,0.00031335357925854623,0,0,0,0,0,4,12,0,0,0,0
browse0_protectFalse_clear0,0,40,sessile-oak,4.1403719060244561E-18,0,0,0,1.6561487624097824E-17,0,0,0,0,4,0,12,0,0,0,0.023461947217583656
browse0_protectFalse_clear0,0,40,beech,0,0,0,0,0,0,0,0,0,4,0,12,0,0,0,0.087974607944488525
browse0_protectFalse_clear0,0,41,sitka-spruce,0.0010027313837781549,0,0,0,0.00025068287504836917,0,0,0,0,0,4,12,0,0,0,0
browse0_protectFalse_clear0,0,41,sessile-oak,8.2807443290367951E-19,0,0,0,3.3122975248195649E-18,0,0,0,0,4,0,12,0,0,0,0.011904085986316204
browse0_protectFalse_clear0,0,41,beech,0,0,0,0,0,0,0,0,0,4,0,12,0,0,0,0.07017786055803299
browse0_protectFalse_clear0,0,42,sitka-spruce,0.0008021850953809917,0,0,0,0.00020054630294907838,0,0,0,0,0,4,12,0,0,0,0
browse0_protectFalse_clear0,0,42,sessile-oak,1.6561488399579649E-19,0,0,0,6.6245953598318595E-19,0,0,0,0,4,0,12,0,0,0,0.07247374951839447
browse0_protectFalse_clear0,0,42,beech,0,0,0,0,0,0,0,0,0,4,0,12,0,0,0,0.47712969779968262
browse0_protectFalse_clear0,0,43,sitka-spruce,0.00064174807630479336,0,0,0,0.00016043703362811357,0,0,0,0,0,4,12,0,0,0,0
browse0_protectFalse_clear0,0,43,sessile-oak,3.3122977445394151E-20,0,0,0,1.324919097815766E-19,0,0,0,0,4,0,12,0,0,0,0.098042607307434082
browse0_protectFalse_clear0,0,43,beech,0,0,0,0,0,0,0,0,0,4,0,12,0,0,0,0.16930153965950012
browse0_protectFalse_clear0,0,44,sitka-spruce,0.00051339843776077032,0,0,0,0.00012834960944019258,0,0,0,0,0,4,12,0,0,0,0
browse0_protectFalse_clear0,0,44,sessile-oak,6.62459548907883E-21,0,0,0,2.6498381956315321E-20,0,0,0,0,4,0,12,0,0,0,0.12432973086833954
browse0_protectFalse_clear0,0,44,beech,0,0,0,0,0,0,0,0,0,4,0,12,0,0,0,0.88091081380844116
browse0_protectFalse_clear0,0,45,sitka-spruce,0.0004107187851332128,0,0,0,0.00010267968900734559,0,0,0,0,0,4,12,0,0,0,0
browse0_protectFalse_clear0,0,45,sessile-oak,1.3249191785951227E-21,0,0,0,5.2996763104837075E-21,0,0,0,0,4,0,12,0,0,0,0.03783508762717247
browse0_protectFalse_clear0,0,45,beech,0,0,0,0,0,0,0,0,0,4,0,12,0,0,0,1.0882091522216797
browse0_protectFalse_clear0,0,46,sitka-spruce,0.00032857502810657024,0,0,0,8.2143749750684947E-05,0,0,0,0,0,4,12,0,0,0,0
browse0_protectFalse_clear0,0,46,sessile-oak,2.6498383067031475E-22,0,0,0,1.059935322681259E-21,0,0,0,0,4,0,12,0,0,0,0.17907840013504028
browse0_protectFalse_clear0,0,46,beech,0,0,0,0,0,0,0,0,0,4,0,12,0,0,0,0.32476562261581421
browse0_protectFalse_clear0,0,47,sitka-spruce,0.00026286003412678838,0,0,0,6.5714993979781866E-05,0,0,0,0,0,4,12,0,0,0,0
browse0_protectFalse_clear0,0,47,sessile-oak,5.29967673962404E-23,0,0,0,2.119870695849616E-22,0,0,0,0,4,0,12,0,0,0,0.20754706859588623
browse0_protectFalse_clear0,0,47,beech,0.0054889321327209473,0.0054889321327209473,0.0054889321327209473,0,0,0,0,0,0,4,0,12,0,0,0,1.5134299993515015
browse0_protectFalse_clear0,0,48,sitka-spruce,0.00021028802439104766,0,0,0,5.25719988218043E-05,0,0,0,0,0,4,12,0,0,0,0
browse0_protectFalse_clear0,0,48,sessile-oak,1.0599354425881166E-23,0,0,0,4.2397414548081043E-23,0,0,0,0,4,0,12,0,0,0,0.059187073260545731
browse0_protectFalse_clear0,0,48,beech,0.016898900270462036,0.011409968137741089,0.011409968137741089,0,0,0,0,0,0,4,0,12,0,0,0,1.7312687635421753
browse0_protectFalse_clear0,0,49,sitka-spruce,0.00016823042824398726,0,0,0,4.20575997850392E-05,0,0,0,0,0,4,12,0,0,0,0
browse0_protectFalse_clear0,0,49,sessile-oak,2.1198708062901427E-24,0,0,0,8.4794832251605708E-24,0,0,0,0,4,0,12,0,0,0,0.26668339967727661
browse0_protectFalse_clear0,0,49,beech,0.056295305490493774,0.039396405220031738,0.039396405220031738,0,0,0,0,0,0,4,0,12,0,0,0,1.9525344371795654
browse0_protectFalse_clear0,0,50,sitka-spruce,0.0001345843484159559,0,0,0,3.3646079828031361E-05,0,0,0,0,0,4,12,0,0,0,0
browse0_protectFalse_clear0,0,50,sessile-oak,0.029195845127105713,0.029195845127105713,0.029195845127105713,0,1.6958967239182047E-24,0,0,0,0,4,0,12,0,0,0,0.99117720127105713
browse0_protectFalse_clear0,0,50,beech,0.056295305490493774,0,0,0,0,0,0,0,0,4,0,12,0,0,0,0.54429537057876587
browse0_protectFalse_clear0,0,51,sitka-spruce,0.00010766748164314777,0,0,0,2.6916866772808135E-05,0,0,0,0,0,4,12,0,0,0,0
browse0_protectFalse_clear0,0,51,sessile-oak,0.0058391690254211426,0,0,0,0.02335667610168457,0,0,0,0,4,0,12,0,0,0,0.082189440727233887
browse0_protectFalse_clear0,0,51,beech,0.12116971611976624,0.064874410629272461,0.064874410629272461,0,0,0,0,0,0,4,0,12,0,0,0,2.405165433883667
browse0_protectFalse_clear0,0,52,sitka-spruce,8.6133979493752122E-05,0,0,0,2.1533496692427434E-05,0,0,0,0,0,4,12,0,0,0,0
browse0_protectFalse_clear0,0,52,sessile-oak,0.0011678339214995503,0,0,0,0.0046713352203369141,0,0,0,0,4,0,12,0,0,0,0.0902242586016655
browse0_protectFalse_clear0,0,52,beech,0.558605968952179,0.43743625283241272,0.43743625283241272,0,0,0,0,0,0,4,0,12,0,0,0,6.5911040306091309
browse0_protectFalse_clear0,0,53,sitka-spruce,6.8907182139810175E-05,0,0,0,1.7226797353941947E-05,0,0,0,0,0,4,12,0,0,0,0
browse0_protectFalse_clear0,0,53,sessile-oak,0.00023356678138952702,0,0,0,0.00093426712555810809,0,0,0,0,4,0,12,0,0,0,0.39377045631408691
browse0_protectFalse_clear0,0,53,beech,0.6738429069519043,0.11523693799972534,0.11523693799972534,0,0,0,0,0,0,4,0,12,0,0,0,2.8709640502929688
browse0_protectFalse_clear0,0,54,sitka-spruce,5.5125747167039663E-05,0,0,0,1.3781436791759916E-05,0,0,0,0,0,4,12,0,0,0,0
browse0_protectFalse_clear0,0,54,sessile-oak,4.6713357733096927E-05,0,0,0,0.00018685343093238771,0,0,0,0,4,0,12,0,0,0,0.1068442165851593
browse0_protectFalse_clear0,0,54,beech,0.6738429069519043,0,0,0,0,0,0,0,0,4,0,12,0,0,0,0.77717256546020508
browse0_protectFalse_clear0,0,55,sitka-spruce,4.410059773363173E-05,0,0,0,1.1025149433407933E-05,0,0,0,0,0,4,12,0,0,0,0
browse0_protectFalse_clear0,0,55,sessile-oak,9.3426715466193855E-06,0,0,0,3.7370686186477542E-05,0,0,0,0,4,0,12,0,0,0,0.46171534061431885
browse0_protectFalse_clear0,0,55,beech,0.6738429069519043,0,0,0,0,0,0,0,0,4,0,12,0,0,0,0.83739352226257324
browse0_protectFalse_clear0,0,56,sitka-spruce,3.5280478186905384E-05,0,0,0,8.820119546726346E-06,0,0,0,0,0,4,12,0,0,0,0
browse0_protectFalse_clear0,0,56,sessile-oak,1.8685342411117745E-06,0,0,0,7.4741369644470979E-06,0,0,0,0,4,0,12,0,0,0,0.12419611215591431
browse0_protectFalse_clear0,0,56,beech,0.6738429069519043,0,0,0,0,0,0,0,0,4,0,12,0,0,0,0.898393988609314
browse0_protectFalse_clear0,0,57,sitka-spruce,2.8224383640917949E-05,0,0,0,7.0560950007347856E-06,0,0,0,0,0,4,12,0,0,0,0
browse0_protectFalse_clear0,0,57,sessile-oak,3.7370685390669678E-07,0,0,0,1.4948274156267871E-06,0,0,0,0,4,0,12,0,0,0,0.53258264064788818
browse0_protectFalse_clear0,0,57,beech,0.6738429069519043,0,0,0,0,0,0,0,0,4,0,12,0,0,0,0.96016281843185425
browse0_protectFalse_clear0,0,58,sitka-spruce,2.2579508367925882E-05,0,0,0,5.6448761824867688E-06,0,0,0,0,0,4,13,0,0,0,0
browse0_protectFalse_clear0,0,58,sessile-oak,7.4741372202424827E-08,0,0,0,2.9896548880969931E-07,0,0,0,0,4,0,13,0,0,0,0.14227709174156189
browse0_protectFalse_clear0,0,58,beech,1.428947925567627,0.76688492298126221,0.76688492298126221,0,0,0,0.011779904365539551,1,0,4,0,13,0,0,0,10.226902008056641
browse0_protectFalse_clear0,0,59,sitka-spruce,1.8063607058138587E-05,0,0,0,4.5159013097872958E-06,0,0,0,0,0,4,14,0,0,0,0
browse0_protectFalse_clear0,0,59,sessile-oak,0.10708526521921158,0.10708525031805038,0.10708525031805038,0,5.9793102025196276E-08,0,0,0,0,4,0,14,0,0,0,2.0203320980072021
browse0_protectFalse_clear0,0,59,beech,2.2308151721954346,0.81276035308837891,0.81276035308837891,0,0,0,0.010893166065216064,1,0,4,0,14,0,0,0,10.850974082946777
browse0_protectFalse_clear0,0,60,sitka-spruce,1.4450884918915108E-05,0,0,0,3.6127210023551015E-06,0,0,0,0,0,4,20,0,0,0,0
browse0_protectFalse_clear0,0,60,sessile-oak,0.059946950525045395,0,0,0,0.047138314694166183,0,0,0,0,4,0,20,0,0,0,0.61298871040344238
browse0_protectFalse_clear0,0,60,beech,2.4013130664825439,0.24553126096725464,0.24553126096725464,0,0,0,0.075033336877822876,6,0,4,0,20,0,0,0,4.4902276992797852
browse0_protectFalse_clear0,0,61,sitka-spruce,1.1560709026525728E-05,0,0,0,2.8901768018840812E-06,0,0,0,0,0,4,20,0,0,0,0
browse0_protectFalse_clear0,0,61,sessile-oak,0.050519287586212158,0,0,0,0.0094276629388332367,0,0,0,0,4,0,20,0,0,0,0.15456250309944153
browse0_protectFalse_clear0,0,61,beech,2.6475570201873779,0.24624386429786682,0.24624386429786682,0,0,0,0,0,0,4,0,20,0,0,0,4.5044522285461426
browse0_protectFalse_clear0,0,62,sitka-spruce,9.2485670393216424E-06,0,0,0,2.3121415324567351E-06,0,0,0,0,0,4,38,0,0,0,0
browse0_protectFalse_clear0,0,62,sessile-oak,0.048633754253387451,0,0,0,0.0018855327507480979,0,0,0,0,4,0,38,0,0,0,0.15591056644916534
browse0_protectFalse_clear0,0,62,beech,3.1641454696655273,0.85118842124938965,0.85118842124938965,0,0,0,0.33459985256195068,18,0,4,0,38,0,0,0,11.300810813903809
browse0_protectFalse_clear0,0,63,sitka-spruce,7.3988535405078437E-06,0,0,0,1.8497133851269609E-06,0,0,0,0,0,4,38,0,0,0,0
browse0_protectFalse_clear0,0,63,sessile-oak,0.053293835371732712,0.0050371885299682617,0.0050371885299682617,0,0.0003771065385080874,0,0,0,0,4,0,38,0,0,0,0.6262052059173584
browse0_protectFalse_clear0,0,63,beech,3.4080517292022705,0.2439064085483551,0.2439064085483551,0,0,0,0,0,0,4,0,38,0,0,0,4.5151290893554688
browse0_protectFalse_clear0,0,64,sitka-spruce,5.9190829233557452E-06,0,0,0,1.4797707308389363E-06,0,0,0,0,0,4,38,0,0,0,0
browse0_protectFalse_clear0,0,64,sessile-oak,0.049188662320375443,0,0,0,0.0041051721200346947,0,0,0,0,4,0,38,0,0,0,0.15727560222148895
browse0_protectFalse_clear0,0,64,beech,3.6501846313476563,0.24213272333145142,0.24213272333145142,0,0,0,0,0,0,4,0,38,0,0,0,4.5137453079223633
browse0_protectFalse_clear0,0,65,sitka-spruce,4.7352664296340663E-06,0,0,0,1.1838164937216789E-06,0,0,0,0,0,4,48,0,0,0,0
browse0_protectFalse_clear0,0,65,sessile-oak,0.048367630690336227,0,0,0,0.00082103448221459985,0,0,0,0,4,0,48,0,0,0,0.15807273983955383
browse0_protectFalse_clear0,0,65,beech,3.7465488910675049,0.24063941836357117,0.24063941836357117,0,0,0,0.14427495002746582,10,0,4,0,48,0,0,0,4.5155677795410156
browse0_protectFalse_clear0,0,66,sitka-spruce,3.7882132346567232E-06,0,0,0,9.4705319497734308E-07,0,0,0,0,0,4,55,0,0,0,0
browse0_protectFalse_clear0,0,66,sessile-oak,0.053211893886327744,0.0051137208938598633,0.0051137208938598633,0,0.0002694556606002152,0,0,0,0,4,0,55,0,0,0,0.635733425617218
browse0_protectFalse_clear0,0,66,beech,3.888899564743042,0.23869848251342773,0.23869848251342773,0,0,0,0.096347808837890625,7,0,4,0,55,0,0,0,4.5200901031494141
browse0_protectFalse_clear0,0,67,sitka-spruce,3.0305704967759084E-06,0,0,0,7.576426241939771E-07,0,0,0,0,0,4,55,0,0,0,0
browse0_protectFalse_clear0,0,67,sessile-oak,0.053782649338245392,0.0051431581377983093,0.0051431581377983093,0,0.0045724022202193737,0,0,0,0,4,0,55,0,0,0,0.63940119743347168
browse0_protectFalse_clear0,0,67,beech,4.714388370513916,0.825488805770874,0.825488805770874,0,0,0,0,0,0,4,0,55,0,0,0,11.317263603210449
browse0_protectFalse_clear0,0,68,sitka-spruce,2.4244563974207267E-06,0,0,0,6.0611409935518168E-07,0,0,0,0,0,4,68,0,0,0,0
browse0_protectFalse_clear0,0,68,sessile-oak,0.16647644340991974,0.11841463297605515,0.11841463297605515,0,0.0057208393700420856,0,0,0,0,4,0,68,0,0,0,2.1442177295684814
browse0_protectFalse_clear0,0,68,beech,4.51453971862793,0.23406438529491425,0.23406438529491425,0,0,0,0.43391343951225281,13,0,4,0,68,0,0,0,4.5356502532958984
browse0_protectFalse_clear0,0,69,sitka-spruce,1.9395652088860516E-06,0,0,0,4.84891245378094E-07,0,0,0,0,0,4,107,0,0,0,0
browse0_protectFalse_clear0,0,69,sessile-oak,0.11315830051898956,0,0,0,0.053318146616220474,0,0,0,0,4,0,107,0,0,0,0.16168515384197235
browse0_protectFalse_clear0,0,69,beech,3.6660866737365723,0.22732438147068024,0.22732438147068024,0,0,0,1.0757771730422974,39,0,4,0,107,0,0,0,4.5414361953735352
browse0_protectFalse_clear0,0,70,sitka-spruce,1.5516523035330465E-06,0,0,0,3.8791301903984277E-07,0,0,0,0,0,4,107,0,0,0,0
browse0_protectFalse_clear0,0,70,sessile-oak,0.2187536209821701,0.11940266191959381,0.11940266191959381,0,0.013807344250380993,0,0,0,0,4,0,107,0,0,0,2.1630611419677734
browse0_protectFalse_clear0,0,70,beech,3.880805492401123,0.21471886336803436,0.21471886336803436,0,0,0,0,0,0,4,0,107,0,0,0,4.5378212928771973
browse0_protectFalse_clear0,0,71,sitka-spruce,1.2413217973517021E-06,0,0,0,3.1033044933792553E-07,0,0,0,0,0,4,114,0,0,0,0
browse0_protectFalse_clear0,0,71,sessile-oak,0.17437693476676941,0.015342839062213898,0.015342839062213898,0,0.0597195103764534,0,0,0,0,4,0,114,0,0,0,0.65141409635543823
browse0_protectFalse_clear0,0,71,beech,3.8953258991241455,0.21259491145610809,0.21259491145610809,0,0,0,0.19807463884353638,7,0,4,0,114,0,0,0,4.5373415946960449
browse0_protectFalse_clear0,0,72,sitka-spruce,9.9305748335609678E-07,0,0,0,2.4826434241731477E-07,0,0,0,0,0,4,138,0,0,0,0
browse0_protectFalse_clear0,0,72,sessile-oak,0.26712071895599365,0.12510833144187927,0.12510833144187927,0,0.032364547252655029,0,0,0,0,4,0,138,0,0,0,2.179715633392334
browse0_protectFalse_clear0,0,72,beech,3.8928930759429932,0.75950473546981812,0.75950473546981812,0,0,0,0.76193761825561523,24,0,4,0,138,0,0,0,11.338413238525391
browse0_protectFalse_clear0,0,73,sitka-spruce,7.94446009422245E-07,0,0,0,1.9861147393385181E-07,0,0,0,0,0,4,145,0,0,0,0
browse0_protectFalse_clear0,0,73,sessile-oak,0.21215549111366272,0.015441164374351501,0.015441164374351501,0,0.070406407117843628,0,0,0,0,4,0,145,0,0,0,0.65492326021194458
browse0_protectFalse_clear0,0,73,beech,3.7223422527313232,0.17160280048847198,0.17160280048847198,0,0.03369145467877388,0,0.30846220254898071,7,0,4,0,145,0,0,0,4.5224123001098633
browse0_protectFalse_clear0,0,74,sitka-spruce,6.3555677343174466E-07,0,0,0,1.5888920756879088E-07,0,0,0,0,0,4,147,0,0,0,0
browse0_protectFalse_clear0,0,74,sessile-oak,0.16580928862094879,0,0,0,0.035886440426111221,0,0.010459750890731812,1,0,4,0,147,0,0,0,0.16404466331005096
browse0_protectFalse_clear0,0,74,beech,3.8376724720001221,0.15907754004001617,0.15907754004001617,0,0.026953160762786865,0,0.01679399237036705,1,0,4,0,147,0,0,0,4.5131015777587891
browse0_protectFalse_clear0,0,75,sitka-spruce,5.0844539600802818E-07,0,0,0,1.2711137742371648E-07,0,0,0,0,0,4,165,0,0,0,0
browse0_protectFalse_clear0,0,75,sessile-oak,0.15185859799385071,0.01552717387676239,0.01552717387676239,0,0.017054686322808266,0,0.012423187494277954,1,0,4,0,165,0,0,0,0.6574089527130127
browse0_protectFalse_clear0,0,75,beech,3.4911677837371826,0,0,0,0.021562529727816582,0,0.32494226098060608,17,0,4,0,165,0,0,0,1.1261670589447021
browse0_protectFalse_clear0,0,76,sitka-spruce,4.0675632817510632E-07,0,0,0,1.0168908204377658E-07,0,0,0,0,0,4,171,0,0,0,0
browse0_protectFalse_clear0,0,76,sessile-oak,0.12580645084381104,0.015569284558296204,0.015569284558296204,0,0.028808964416384697,0,0.01281246542930603,1,0,4,0,171,0,0,0,0.65866678953170776
browse0_protectFalse_clear0,0,76,beech,3.368990421295166,0.1336047500371933,0.1336047500371933,0,0.017250023782253265,0,0.23853194713592529,5,0,4,0,171,0,0,0,4.4974641799926758
browse0_protectFalse_clear0,0,77,sitka-spruce,3.2540506822442694E-07,0,0,0,8.1351259950679378E-08,0,0,0,0,0,4,183,0,0,0,0
browse0_protectFalse_clear0,0,77,sessile-oak,0.21755461394786835,0.12068439275026321,0.12068439275026321,0,0.028936225920915604,0,0,0,0,4,0,183,0,0,0,2.1987590789794922
browse0_protectFalse_clear0,0,77,beech,2.9649310111999512,0.10363610088825226,0.10363610088825226,0,0.013800017535686493,0,0.49389564990997314,12,0,4,0,183,0,0,0,4.4883041381835938
browse0_protectFalse_clear0,0,78,sitka-spruce,2.6032404321085778E-07,0,0,0,6.5081010802714445E-08,0,0,0,0,0,4,188,0,0,0,0
browse0_protectFalse_clear0,0,78,sessile-oak,0.13629244267940521,0,0,0,0.081262178719043732,0,0,0,0,4,0,188,0,0,0,0.16508464515209198
browse0_protectFalse_clear0,0,78,beech,3.3942356109619141,0.51362615823745728,0.51362615823745728,0,0.011040015146136284,0,0.0732814148068428,5,0,4,0,188,0,0,0,11.1942720413208
browse0_protectFalse_clear0,0,79,sitka-spruce,2.0825923741085717E-07,0,0,0,5.2064809352714292E-08,0,0,0,0,0,4,196,0,0,0,0
browse0_protectFalse_clear0,0,79,sessile-oak,0.10433727502822876,0,0,0,0.031955167651176453,0,0,0,0,4,0,196,0,0,0,0.16536231338977814
browse0_protectFalse_clear0,0,79,beech,3.5174977779388428,0.47687911987304688,0.47687911987304688,0,0.019388452172279358,0,0.33422854542732239,8,0,4,0,196,0,0,0,11.176872253417969
browse0_protectFalse_clear0,0,80,sitka-spruce,1.6660739277085668E-07,0,0,0,4.1651848192714169E-08,0,0,0,0,0,4,206,0,0,0,0
browse0_protectFalse_clear0,0,80,sessile-oak,0.084732182323932648,0,0,0,0.019605092704296112,0,0,0,0,4,0,206,0,0,0,0.16561441123485565
browse0_protectFalse_clear0,0,80,beech,3.2478494644165039,0.050041113048791885,0.050041113048791885,0,0.015510763041675091,0,0.30417871475219727,10,0,4,0,206,0,0,0,4.463263988494873
browse0_protectFalse_clear0,0,81,sitka-spruce,1.3328590853234346E-07,0,0,0,3.3321480685799543E-08,0,0,0,0,0,4,212,0,0,0,0
browse0_protectFalse_clear0,0,81,sessile-oak,0.0706634670495987,0,0,0,0.014068709686398506,0,0,0,0,4,0,212,0,0,0,0.16588617861270905
browse0_protectFalse_clear0,0,81,beech,3.1132655143737793,0,0,0,0.014697928912937641,0,0.11988601088523865,6,0,4,0,212,0,0,0,1.114177942276001
browse0_protectFalse_clear0,0,82,sitka-spruce,1.0662873251021665E-07,0,0,0,2.6657183127554163E-08,0,0,0,0,0,4,217,0,0,0,0
browse0_protectFalse_clear0,0,82,sessile-oak,0.059684794396162033,0,0,0,0.010978677310049534,0,0,0,0,4,0,217,0,0,0,0.1661490797996521
browse0_protectFalse_clear0,0,82,beech,2.9742448329925537,0.016851048916578293,0.016851048916578293,0,0.011758343316614628,0,0.14411327242851257,5,0,4,0,217,0,0,0,4.450782299041748
browse0_protectFalse_clear0,0,83,sitka-spruce,8.530298600817332E-08,0,0,0,2.1325744725686491E-08,0,0,0,0,0,4,220,0,0,0,0
browse0_protectFalse_clear0,0,83,sessile-oak,0.16730581223964691,0.11597751080989838,0.11597751080989838,0,0.0083565004169940948,0,0,0,0,4,0,220,0,0,0,2.2193212509155273
browse0_protectFalse_clear0,0,83,beech,2.8486678600311279,0,0,0,0.010220571421086788,0,0.11535654962062836,3,0,4,0,220,0,0,0,1.1115461587905884
browse0_protectFalse_clear0,0,84,sitka-spruce,6.8242385964367713E-08,0,0,0,1.7060596491091928E-08,0,0,0,0,0,4,223,0,0,0,0
browse0_protectFalse_clear0,0,84,sessile-oak,0.10921704024076462,0.0158698707818985,0.0158698707818985,0,0.0739586353302002,0,0,0,0,4,0,223,0,0,0,0.66706794500350952
browse0_protectFalse_clear0,0,84,beech,2.7545633316040039,0,0,0,0.041237320750951767,0,0.052867051213979721,3,0,4,0,223,0,0,0,1.1105360984802246
browse0_protectFalse_clear0,0,85,sitka-spruce,5.4593911613665114E-08,0,0,0,1.3648477015237859E-08,0,0,0,0,0,4,233,0,0,0,0
browse0_protectFalse_clear0,0,85,sessile-oak,0.087618201971054077,0.015921592712402344,0.015921592712402344,0,0.037520430982112885,0,0,0,0,4,0,233,0,0,0,0.6686444878578186
browse0_protectFalse_clear0,0,85,beech,2.5968923568725586,0.015258683823049068,0.015258683823049068,0,0.032989855855703354,0,0.13993990421295166,10,0,4,0,233,0,0,0,4.4406085014343262
browse0_protectFalse_clear0,0,86,sitka-spruce,4.3675129290932091E-08,0,0,0,1.0918781434554603E-08,0,0,0,0,0,4,243,0,0,0,0
browse0_protectFalse_clear0,0,86,sessile-oak,0.060553506016731262,0,0,0,0.027064694091677666,0,0,0,0,4,0,243,0,0,0,0.1676219254732132
browse0_protectFalse_clear0,0,86,beech,2.2422037124633789,0.015230147168040276,0.015230147168040276,0,0.026391882449388504,0,0.34352704882621765,10,0,4,0,243,0,0,0,4.4411916732788086
browse0_protectFalse_clear0,0,87,sitka-spruce,3.4940104143288409E-08,0,0,0,8.7350251476436824E-09,0,0,0,0,0,4,248,0,0,0,0
browse0_protectFalse_clear0,0,87,sessile-oak,0.16420532763004303,0.11664737015962601,0.11664737015962601,0,0.012995554134249687,0,0,0,0,4,0,248,0,0,0,2.2399396896362305
browse0_protectFalse_clear0,0,87,beech,2.0648515224456787,0,0,0,0.07518363744020462,0,0.10216836631298065,5,0,4,0,248,0,0,0,1.1096928119659424
browse0_protectFalse_clear0,0,88,sitka-spruce,2.7952083314630727E-08,0,0,0,6.9880203845684719E-09,0,0,0,0,0,4,250,0,0,0,0
browse0_protectFalse_clear0,0,88,sessile-oak,0.085745327174663544,0,0,0,0.078459993004798889,0,0,0,0,4,0,250,0,0,0,0.16840112209320068
browse0_protectFalse_clear0,0,88,beech,2.146120548248291,0.201345294713974,0.201345294713974,0,0.060146909207105637,0,0.059929341077804565,2,0,4,0,250,0,0,0,11.095165252685547
browse0_protectFalse_clear0,0,89,sitka-spruce,2.2361668072790053E-08,0,0,0,5.5904161300190935E-09,0,0,0,0,0,4,253,0,0,0,0
browse0_protectFalse_clear0,0,89,sessile-oak,0.06286216527223587,0.01613500714302063,0.01613500714302063,0,0.026000814512372017,0,0.013017356395721436,1,0,4,0,253,0,0,0,0.67537176609039307
browse0_protectFalse_clear0,0,89,beech,2.0194778442382813,0,0,0,0.055534116923809052,0,0.071108736097812653,2,0,4,0,253,0,0,0,1.1142342090606689
browse0_protectFalse_clear0,0,90,sitka-spruce,1.7889334458232042E-08,0,0,0,4.4723331704688007E-09,0,0,0,0,0,4,255,0,0,0,0
browse0_protectFalse_clear0,0,90,sessile-oak,0.05478416383266449,0.016187556087970734,0.016187556087970734,0,0.024265563115477562,0,0,0,0,4,0,255,0,0,0,0.67714118957519531
browse0_protectFalse_clear0,0,90,beech,1.9105798006057739,0,0,0,0.0552864708006382,0,0.053611531853675842,2,0,4,0,255,0,0,0,1.1233406066894531
browse0_protectFalse_clear0,0,91,sitka-spruce,1.4311467566585634E-08,0,0,0,3.5778668916464085E-09,0,0,0,0,0,4,257,0,0,0,0
browse0_protectFalse_clear0,0,91,sessile-oak,0.15100684762001038,0.11777861416339874,0.11777861416339874,0,0.021555930376052856,0,0,0,0,4,0,257,0,0,0,2.2637848854064941
browse0_protectFalse_clear0,0,91,beech,1.7710684537887573,0.010618886910378933,0.010618886910378933,0,0.0442291721701622,0,0.1059010922908783,2,0,4,0,257,0,0,0,4.6282014846801758
browse0_protectFalse_clear0,0,92,sitka-spruce,1.1449174053268507E-08,0,0,0,2.8622935133171268E-09,0,0,0,0,0,4,260,0,0,0,0
browse0_protectFalse_clear0,0,92,sessile-oak,0.08857765793800354,0.016302399337291718,0.016302399337291718,0,0.078731589019298553,0,0,0,0,4,0,260,0,0,0,0.68122977018356323
browse0_protectFalse_clear0,0,92,beech,1.6654386520385742,0,0,0,0.035383336246013641,0,0.070246428251266479,3,0,4,0,260,0,0,0,1.19085693359375
browse0_protectFalse_clear0,0,93,sitka-spruce,9.1593390649791218E-09,0,0,0,2.2898347662447804E-09,0,0,0,0,0,4,263,0,0,0,0
browse0_protectFalse_clear0,0,93,sessile-oak,0.051194790750741959,0,0,0,0.03738287091255188,0,0,0,0,4,0,263,0,0,0,0.17081156373023987
browse0_protectFalse_clear0,0,93,beech,1.5608521699905396,0,0,0,0.0393398143351078,0,0.065246716141700745,3,0,4,0,263,0,0,0,1.3041164875030518
browse0_protectFalse_clear0,0,94,sitka-spruce,7.3274710743476135E-09,0,0,0,1.8318678796092058E-09,0,0,0,0,0,4,269,0,0,0,0
browse0_protectFalse_clear0,0,94,sessile-oak,0.055233437567949295,0.016415610909461975,0.016415610909461975,0,0.012376963160932064,0,0,0,0,4,0,269,0,0,0,0.68544965982437134
browse0_protectFalse_clear0,0,94,beech,1.3691370487213135,0.011719689704477787,0.011719689704477787,0,0.032824184745550156,0,0.17061057686805725,6,0,4,0,269,0,0,0,5.668276309967041
browse0_protectFalse_clear0,0,95,sitka-spruce,5.8619766818424068E-09,0,0,0,1.4654942814829042E-09,0,0,0,0,0,4,272,0,0,0,0
browse0_protectFalse_clear0,0,95,sessile-oak,0.036543790251016617,0,0,0,0.018689647316932678,0,0,0,0,4,0,272,0,0,0,0.17191827297210693
browse0_protectFalse_clear0,0,95,beech,1.283907413482666,0,0,0,0.038466744124889374,0,0.046762920916080475,3,0,4,0,272,0,0,0,1.529550313949585
browse0_protectFalse_clear0,0,96,sitka-spruce,4.6895811678382415E-09,0,0,0,1.1723952919595604E-09,0,0,0,0,0,4,275,0,0,0,0
browse0_protectFalse_clear0,0,96,sessile-oak,0.15023525059223175,0.11911587417125702,0.11911587417125702,0,0.0054244170896708965,0,0,0,0,4,0,275,0,0,0,2.3001830577850342
browse0_protectFalse_clear0,0,96,beech,1.1842497587203979,0.0300685353577137,0.0300685353577137,0,0.030773390084505081,0,0.098952785134315491,3,0,4,0,275,0,0,0,6.770453929901123
browse0_protectFalse_clear0,0,97,sitka-spruce,3.7516652007241191E-09,0,0,0,9.3791618915872732E-10,0,0,0,0,0,4,279,0,0,0,0
browse0_protectFalse_clear0,0,97,sessile-oak,0.19143038988113403,0.11930184066295624,0.11930184066295624,0,0.078106701374053955,0,0,0,0,4,0,279,0,0,0,2.3076224327087402
browse0_protectFalse_clear0,0,97,beech,1.0881369113922119,0,0,0,0.035848066210746765,0,0.060264725238084793,4,0,4,0,279,0,0,0,1.8992339372634888
browse0_protectFalse_clear0,0,98,sitka-spruce,3.0013320717614533E-09,0,0,0,7.5033301794036333E-10,0,0,0,0,0,4,282,0,0,0,0
browse0_protectFalse_clear0,0,98,sessile-oak,0.092164985835552216,0,0,0,0.099265389144420624,0,0,0,0,4,0,282,0,0,0,0.1736675500869751
browse0_protectFalse_clear0,0,98,beech,0.93490910530090332,0,0,0,0.028678450733423233,0,0.12454941123723984,3,0,4,0,282,0,0,0,2.1053876876831055
browse0_protectFalse_clear0,0,99,sitka-spruce,2.4010655685913207E-09,0,0,0,6.0026644765898141E-10,0,0,0,0,0,4,283,0,0,0,0
browse0_protectFalse_clear0,0,99,sessile-oak,0.17903357744216919,0.11955096572637558,0.11955096572637558,0,0.032682370394468307,0,0,0,0,4,0,283,0,0,0,2.3229291439056396
browse0_protectFalse_clear0,0,99,beech,1.0103787183761597,0.11947781592607498,0.11947781592607498,0,0.031914286315441132,0,0.012093851342797279,1,0,4,0,283,0,0,0,9.4659490585327148
browse0_protectFalse_clear0,0,100,sitka-spruce,1.9208523660552146E-09,0,0,0,4.8021314702495488E-10,0,0,0,0,0,4,284,0,0,0,0
browse0_protectFalse_clear0,0,100,sessile-oak,0.20888805389404297,0.1198759451508522,0.1198759451508522,0,0.090021461248397827,0,0,0,0,4,0,284,0,0,0,2.3307874202728271
browse0_protectFalse_clear0,0,100,beech,1.1600244045257568,0.19759204983711243,0.19759204983711243,0,0.025531431660056114,0,0.022414911538362503,1,0,4,0,284,0,0,0,11.287632942199707
browse0_protectFalse_clear0,1,1,sitka-spruce,0.800000011920929,0,0,0,0,0,0,0,4,0,0,0,0,0,0,0
browse0_protectFalse_clear0,1,1,sessile-oak,0.800000011920929,0,0,0,0,0,0,0,4,0,0,0,0,0,0,0
browse0_protectFalse_clear0,1,1,beech,0.800000011920929,0,0,0,0,0,0,0,4,0,0,0,0,0,0,0
browse0_protectFalse_clear0,1,2,sitka-spruce,0.800000011920929,0,0,0,0,0,0,0,4,0,0,0,0,0,0,0
browse0_protectFalse_clear0,1,2,sessile-oak,0.800000011920929,0,0,0,0,0,0,0,4,0,0,0,0,0,0,0
browse0_protectFalse_clear0,1,2,beech,0.800000011920929,0,0,0,0,0,0,0,4,0,0,0,0,0,0,0
browse0_protectFalse_clear0,1,3,sitka-spruce,0.800000011920929,0,0,0,0,0,0,0,4,0,0,0,0,0,0,0
browse0_protectFalse_clear0,1,3,sessile-oak,0.800000011920929,0,0,0,0,0,0,0,4,0,0,0,0,0,0,0
browse0_protectFalse_clear0,1,3,beech,0.800000011920929,0,0,0,0,0,0,0,4,0,0,0,0,0,0,0
browse0_protectFalse_clear0,1,4,sitka-spruce,0.800000011920929,0,0,0,0,0,0,0,4,0,0,0,0,0,0,0
browse0_protectFalse_clear0,1,4,sessile-oak,0.800000011920929,0,0,0,0,0,0,0,4,0,0,0,0,0,0,0
browse0_protectFalse_clear0,1,4,beech,0.800000011920929,0,0,0,0,0,0,0,4,0,0,0,0,0,0,0
browse0_protectFalse_clear0,1,5,sitka-spruce,0.800000011920929,0,0,0,0,0,0,0,4,0,0,0,0,0,0,0
browse0_protectFalse_clear0,1,5,sessile-oak,0.800000011920929,0,0,0,0,0,0,0,4,0,0,0,0,0,0,0
browse0_protectFalse_clear0,1,5,beech,0.800000011920929,0,0,0,0,0,0,0,4,0,0,0,0,0,0,0
browse0_protectFalse_clear0,1,6,sitka-spruce,0.800000011920929,0,0,0,0,0,0,0,4,0,0,0,0,0,0,0
browse0_protectFalse_clear0,1,6,sessile-oak,0.800000011920929,0,0,0,0,0,0,0,4,0,0,0,0,0,0,0
browse0_protectFalse_clear0,1,6,beech,0.800000011920929,0,0,0,0,0,0,0,4,0,0,0,0,0,0,0
browse0_protectFalse_clear0,1,7,sitka-spruce,0.800000011920929,0,0,0,0,0,0,0,4,0,0,0,0,0,0,0
browse0_protectFalse_clear0,1,7,sessile-oak,0.800000011920929,0,0,0,0,0,0,0,4,0,0,0,0,0,0,0
browse0_protectFalse_clear0,1,7,beech,0.800000011920929,0,0,0,0,0,0,0,4,0,0,0,0,0,0,0
browse0_protectFalse_clear0,1,8,sitka-spruce,0.800000011920929,0,0,0,0,0,0,0,4,0,0,0,0,0,0,0
browse0_protectFalse_clear0,1,8,sessile-oak,0.800000011920929,0,0,0,0,0,0,0,4,0,0,0,0,0,0,0
browse0_protectFalse_clear0,1,8,beech,0.800000011920929,0,0,0,0,0,0,0,4,0,0,0,0,0,0,0
browse0_protectFalse_clear0,1,9,sitka-spruce,0.800000011920929,0,0,0,0,0,0,0,4,0,0,8,0,0,0,0
browse0_protectFalse_clear0,1,9,sessile-oak,0.800000011920929,0,0,0,0,0,0,0,0,4,0,8,0,0,0,0
browse0_protectFalse_clear0,1,9,beech,0.800000011920929,0,0,0,0,0,0,0,0,4,0,8,0,0,0,0
browse0_protectFalse_clear0,1,10,sitka-spruce,0.800000011920929,0,0,0,0,0,0,0,4,0,0,12,0,0,0,0
browse0_protectFalse_clear0,1,10,sessile-oak,0.800000011920929,0,0,0,0,0,0,0,0,4,0,12,0,0,0,0
browse0_protectFalse_clear0,1,10,beech,0,0,0,0,0,0,0.800000011920929,4,0,4,0,12,0,0,0,0
browse0_protectFalse_clear0,1,11,sitka-spruce,0.75999999046325684,0,0,0,0.040000006556510925,0,0,0,4,0,0,12,0,0,0,0
browse0_protectFalse_clear0,1,11,sessile-oak,0.70032203197479248,0,0,0,0.099677950143814087,0,0,0,0,4,0,12,0,0,0,0
browse0_protectFalse_clear0,1,11,beech,0,0,0,0,0,0,0,0,0,4,0,12,0,0,0,0
browse0_protectFalse_clear0,1,12,sitka-spruce,0.64800000190734863,0,0,0,0.11200001835823059,0,0,0,2,0,2,12,0,0,0,0
browse0_protectFalse_clear0,1,12,sessile-oak,0.551340639591217,0,0,0,0.14898142218589783,0,0,0,0,4,0,12,0,0,0,0
browse0_protectFalse_clear0,1,12,beech,0,0,0,0,0,0,0,0,0,4,0,12,0,0,0,0
browse0_protectFalse_clear0,1,13,sitka-spruce,0.51839995384216309,0,0,0,0.12960001826286316,0,0,0,2,0,2,12,0,0,0,0
browse0_protectFalse_clear0,1,13,sessile-oak,0.38735166192054749,0,0,0,0.16398897767066956,0,0,0,0,4,0,12,0,0,0,0
browse0_protectFalse_clear0,1,13,beech,0,0,0,0,0,0,0,0,0,4,0,12,0,0,0,0
browse0_protectFalse_clear0,1,14,sitka-spruce,0.41471996903419495,0,0,0,0.10368000715970993,0,0,0,1,0,3,12,0,0,0,0
browse0_protectFalse_clear0,1,14,sessile-oak,0.23813992738723755,0,0,0,0.14921174943447113,0,0,0,0,4,0,12,0,0,0,0
browse0_protectFalse_clear0,1,14,beech,0,0,0,0,0,0,0,0,0,4,0,12,0,0,0,0
browse0_protectFalse_clear0,1,15,sitka-spruce,0.331775963306427,0,0,0,0.082943998277187347,0,0,0,0,0,4,12,0,0,0,0
browse0_protectFalse_clear0,1,15,sessile-oak,0.12771303951740265,0,0,0,0.1104268804192543,0,0,0,0,4,0,12,0,0,0,0
browse0_protectFalse_clear0,1,15,beech,0,0,0,0,0,0,0,0,0,4,0,12,0,0,0,0
browse0_protectFalse_clear0,1,16,sitka-spruce,0.26542076468467712,0,0,0,0.066355198621749878,0,0,0,0,0,4,12,0,0,0,0
browse0_protectFalse_clear0,1,16,sessile-oak,0.057341050356626511,0,0,0,0.07037198543548584,0,0,0,0,4,0,12,0,0,0,0
browse0_protectFalse_clear0,1,16,beech,0,0,0,0,0,0,0,0,0,4,0,12,0,0,0,0
browse0_protectFalse_clear0,1,17,sitka-spruce,0.21233661472797394,0,0,0,0.053084153681993484,0,0,0,0,0,4,12,0,0,0,0
browse0_protectFalse_clear0,1,17,sessile-oak,0.021476557478308678,0,0,0,0.035864494740962982,0,0,0,0,4,0,12,0,0,0,0
browse0_protectFalse_clear0,1,17,beech,0,0,0,0,0,0,0,0,0,4,0,12,0,0,0,0
browse0_protectFalse_clear0,1,18,sitka-spruce,0.16986928880214691,0,0,0,0.042467322200536728,0,0,0,0,0,4,12,0,0,0,0
browse0_protectFalse_clear0,1,18,sessile-oak,0.0067889001220464706,0,0,0,0.014687658287584782,0,0,0,0,4,0,12,0,0,0,0
browse0_protectFalse_clear0,1,18,beech,0,0,0,0,0,0,0,0,0,4,0,12,0,0,0,0
browse0_protectFalse_clear0,1,19,sitka-spruce,0.13589543104171753,0,0,0,0.033973857760429382,0,0,0,0,0,4,12,0,0,0,0
browse0_protectFalse_clear0,1,19,sessile-oak,0.0017767652170732617,0,0,0,0.0050121350213885307,0,0,0,0,4,0,12,0,0,0,0
browse0_protectFalse_clear0,1,19,beech,0,0,0,0,0,0,0,0,0,4,0,12,0,0,0,0
browse0_protectFalse_clear0,1,20,sitka-spruce,0.10871634632349014,0,0,0,0.027179086580872536,0,0,0,0,0,4,12,0,0,0,0
browse0_protectFalse_clear0,1,20,sessile-oak,0.00039162582834251225,0,0,0,0.0013851393014192581,0,0,0,0,4,0,12,0,0,0,0
browse0_protectFalse_clear0,1,20,beech,0,0,0,0,0,0,0,0,0,4,0,12,0,0,0,0
browse0_protectFalse_clear0,1,21,sitka-spruce,0.086973078548908234,0,0,0,0.021743267774581909,0,0,0,0,0,4,12,0,0,0,0
browse0_protectFalse_clear0,1,21,sessile-oak,7.8971301263663918E-05,0,0,0,0.00031265450525097549,0,0,0,0,4,0,12,0,0,0,0
browse0_protectFalse_clear0,1,21,beech,0,0,0,0,0,0,0,0,0,4,0,12,0,0,0,0
browse0_protectFalse_clear0,1,22,sitka-spruce,0.069578461349010468,0,0,0,0.017394615337252617,0,0,0,0,0,4,12,0,0,0,0
browse0_protectFalse_clear0,1,22,sessile-oak,1.5794261344126426E-05,0,0,0,6.31770453765057E-05,0,0,0,0,4,0,12,0,0,0,0
browse0_protectFalse_clear0,1,22,beech,0,0,0,0,0,0,0,0,0,4,0,12,0,0,0,0
browse0_protectFalse_clear0,1,23,sitka-spruce,0.055662769824266434,0,0,0,0.013915692456066608,0,0,0,0,0,4,12,0,0,0,0
browse0_protectFalse_clear0,1,23,sessile-oak,3.15885222335055E-06,0,0,0,1.2635407983907498E-05,0,0,0,0,4,0,12,0,0,0,0
browse0_protectFalse_clear0,1,23,beech,0,0,0,0,0,0,0,0,0,4,0,12,0,0,0,0
browse0_protectFalse_clear0,1,24,sitka-spruce,0.044530216604471207,0,0,0,0.011132554151117802,0,0,0,0,0,4,12,0,0,0,0
browse0_protectFalse_clear0,1,24,sessile-oak,6.3177043330142624E-07,0,0,0,2.5270819605793804E-06,0,0,0,0,4,0,12,0,0,0,0
browse0_protectFalse_clear0,1,24,beech,0,0,0,0,0,0,0,0,0,4,0,12,0,0,0,0
browse0_protectFalse_clear0,1,25,sitka-spruce,0.035624172538518906,0,0,0,0.008906044065952301,0,0,0,0,0,4,12,0,0,0,0
browse0_protectFalse_clear0,1,25,sessile-oak,1.2635409518679808E-07,0,0,0,5.0541632390377345E-07,0,0,0,0,4,0,12,0,0,0,0
browse0_protectFalse_clear0,1,25,beech,0,0,0,0,0,0,0,0,0,4,0,12,0,0,0,0
browse0_protectFalse_clear0,1,26,sitka-spruce,0.028499338775873184,0,0,0,0.0071248346939682961,0,0,0,0,0,4,12,0,0,0,0
browse0_protectFalse_clear0,1,26,sessile-oak,2.527081832681688E-08,0,0,0,1.0108327330726752E-07,0,0,0,0,4,0,12,0,0,0,0
browse0_protectFalse_clear0,1,26,beech,0,0,0,0,0,0,0,0,0,4,0,12,0,0,0,0
browse0_protectFalse_clear0,1,27,sitka-spruce,0.022799471393227577,0,0,0,0.005699867382645607,0,0,0,0,0,4,12,0,0,0,0
browse0_protectFalse_clear0,1,27,sessile-oak,5.0541637541812179E-09,0,0,0,2.0216655016724872E-08,0,0,0,0,4,0,12,0,0,0,0
browse0_protectFalse_clear0,1,27,beech,0,0,0,0,0,0,0,0,0,4,0,12,0,0,0,0
browse0_protectFalse_clear0,1,28,sitka-spruce,0.018239576369524002,0,0,0,0.0045598936267197132,0,0,0,0,0,4,12,0,0,0,0
browse0_protectFalse_clear0,1,28,sessile-oak,1.0108327508362436E-09,0,0,0,4.0433310033449743E-09,0,0,0,0,4,0,12,0,0,0,0
browse0_protectFalse_clear0,1,28,beech,0,0,0,0,0,0,0,0,0,4,0,12,0,0,0,0
browse0_protectFalse_clear0,1,29,sitka-spruce,0.014591662213206291,0,0,0,0.0036479150876402855,0,0,0,0,0,4,12,0,0,0,0
browse0_protectFalse_clear0,1,29,sessile-oak,2.0216656126947896E-10,0,0,0,8.0866618956676461E-10,0,0,0,0,4,0,12,0,0,0,0
browse0_protectFalse_clear0,1,29,beech,0,0,0,0,0,0,0,0,0,4,0,12,0,0,0,0
browse0_protectFalse_clear0,1,30,sitka-spruce,0.011673329398036003,0,0,0,0.0029183323495090008,0,0,0,0,0,4,12,0,0,0,0
browse0_protectFalse_clear0,1,30,sessile-oak,4.0433312947785183E-11,0,0,0,1.6173325179114073E-10,0,0,0,0,4,0,12,0,0,0,0
browse0_protectFalse_clear0,1,30,beech,0,0,0,0,0,0,0,0,0,4,0,12,0,0,0,0
browse0_protectFalse_clear0,1,31,sitka-spruce,0.0093386638909578323,0,0,0,0.0023346659727394581,0,0,0,0,0,4,12,0,0,0,0
browse0_protectFalse_clear0,1,31,sessile-oak,8.0866624160846889E-12,0,0,0,3.2346649664338756E-11,0,0,0,0,4,0,12,0,0,0,0
browse0_protectFalse_clear0,1,31,beech,0,0,0,0,0,0,0,0,0,4,0,12,0,0,0,0
browse0_protectFalse_clear0,1,32,sitka-spruce,0.0074709309265017509,0,0,0,0.0018677327316254377,0,0,0,0,0,4,12,0,0,0,0
browse0_protectFalse_clear0,1,32,sessile-oak,1.6173325699531116E-12,0,0,0,6.4693302798124463E-12,0,0,0,0,4,0,12,0,0,0,0
browse0_protectFalse_clear0,1,32,beech,0,0,0,0,0,0,0,0,0,4,0,12,0,0,0,0
browse0_protectFalse_clear0,1,33,sitka-spruce,0.0059767449274659157,0,0,0,0.0014941861154511571,0,0,0,0,0,4,12,0,0,0,0
browse0_protectFalse_clear0,1,33,sessile-oak,3.2346651399062232E-13,0,0,0,1.2938660559624893E-12,0,0,0,0,4,0,12,0,0,0,0
browse0_protectFalse_clear0,1,33,beech,0,0,0,0,0,0,0,0,0,4,0,12,0,0,0,0
browse0_protectFalse_clear0,1,34,sitka-spruce,0.0047813961282372475,0,0,0,0.00119534891564399,0,0,0,0,0,4,12,0,0,0,0
browse0_protectFalse_clear0,1,34,sessile-oak,6.469330686388261E-14,0,0,0,2.5877322745553044E-13,0,0,0,0,4,0,12,0,0,0,0
browse0_protectFalse_clear0,1,34,beech,0,0,0,0,0,0,0,0,0,4,0,12,0,0,0,0
browse0_protectFalse_clear0,1,35,sitka-spruce,0.003825116902589798,0,0,0,0.00095627922564744949,0,0,0,0,0,4,12,0,0,0,0
browse0_protectFalse_clear0,1,35,sessile-oak,1.2938661203369933E-14,0,0,0,5.175464481347973E-14,0,0,0,0,4,0,12,0,0,0,0
browse0_protectFalse_clear0,1,35,beech,0,0,0,0,0,0,0,0,0,4,0,12,0,0,0,0
browse0_protectFalse_clear0,1,36,sitka-spruce,0.0030600936152040958,0,0,0,0.000765023403801024,0,0,0,0,0,4,12,0,0,0,0
browse0_protectFalse_clear0,1,36,sessile-oak,2.5877322406739865E-15,0,0,0,1.0350928962695946E-14,0,0,0,0,4,0,12,0,0,0,0
browse0_protectFalse_clear0,1,36,beech,0,0,0,0,0,0,0,0,0,4,0,12,0,0,0,0
browse0_protectFalse_clear0,1,37,sitka-spruce,0.0024480747524648905,0,0,0,0.00061201868811622262,0,0,0,0,0,4,12,0,0,0,0
browse0_protectFalse_clear0,1,37,sessile-oak,5.175464481347973E-16,0,0,0,2.070186004297426E-15,0,0,0,0,4,0,12,0,0,0,0
browse0_protectFalse_clear0,1,37,beech,0,0,0,0,0,0,0,0,0,4,0,12,0,0,0,0
browse0_protectFalse_clear0,1,38,sitka-spruce,0.0019584598485380411,0,0,0,0.00048961496213451028,0,0,0,0,0,4,12,0,0,0,0
browse0_protectFalse_clear0,1,38,sessile-oak,1.0350929889138232E-16,0,0,0,4.1403716909574968E-16,0,0,0,0,4,0,12,0,0,0,0
browse0_protectFalse_clear0,1,38,beech,0,0,0,0,0,0,0,0,0,4,0,12,0,0,0,0
browse0_protectFalse_clear0,1,39,sitka-spruce,0.0015667679253965616,0,0,0,0.00039169198134914041,0,0,0,0,0,4,12,0,0,0,0
browse0_protectFalse_clear0,1,39,sessile-oak,2.0701859116531974E-17,0,0,0,8.28074364661279E-17,0,0,0,0,4,0,12,0,0,0,0
browse0_protectFalse_clear0,1,39,beech,0,0,0,0,0,0,0,0,0,4,0,12,0,0,0,0
browse0_protectFalse_clear0,1,40,sitka-spruce,0.0012534143170341849,0,0,0,0.00031335357925854623,0,0,0,0,0,4,12,0,0,0,0
browse0_protectFalse_clear0,1,40,sessile-oak,4.1403719060244561E-18,0,0,0,1.6561487624097824E-17,0,0,0,0,4,0,12,0,0,0,0.023461947217583656
browse0_protectFalse_clear0,1,40,beech,0,0,0,0,0,0,0,0,0,4,0,12,0,0,0,0.087974607944488525
browse0_protectFalse_clear0,1,41,sitka-spruce,0.0010027313837781549,0,0,0,0.00025068287504836917,0,0,0,0,0,4,12,0,0,0,0
browse0_protectFalse_clear0,1,41,sessile-oak,8.2807443290367951E-19,0,0,0,3.3122975248195649E-18,0,0,0,0,4,0,12,0,0,0,0.011904085986316204
browse0_protectFalse_clear0,1,41,beech,0,0,0,0,0,0,0,0,0,4,0,12,0,0,0,0.07017786055803299
browse0_protectFalse_clear0,1,42,sitka-spruce,0.0008021850953809917,0,0,0,0.00020054630294907838,0,0,0,0,0,4,12,0,0,0,0
browse0_protectFalse_clear0,1,42,sessile-oak,1.6561488399579649E-19,0,0,0,6.6245953598318595E-19,0,0,0,0,4,0,12,0,0,0,0.07247374951839447
browse0_protectFalse_clear0,1,42,beech,0,0,0,0,0,0,0,0,0,4,0,12,0,0,0,0.47712969779968262
browse0_protectFalse_clear0,1,43,sitka-spruce,0.00064174807630479336,0,0,0,0.00016043703362811357,0,0,0,0,0,4,12,0,0,0,0
browse0_protectFalse_clear0,1,43,sessile-oak,3.3122977445394151E-20,0,0,0,1.324919097815766E-19,0,0,0,0,4,0,12,0,0,0,0.098042607307434082
browse0_protectFalse_clear0,1,43,beech,0,0,0,0,0,0,0,0,0,4,0,12,0,0,0,0.16930153965950012
browse0_protectFalse_clear0,1,44,sitka-spruce,0.00051339843776077032,0,0,0,0.00012834960944019258,0,0,0,0,0,4,12,0,0,0,0
browse0_protectFalse_clear0,1,44,sessile-oak,6.62459548907883E-21,0,0,0,2.6498381956315321E-20,0,0,0,0,4,0,12,0,0,0,0.12432973086833954
browse0_protectFalse_clear0,1,44,beech,0,0,0,0,0,0,0,0,0,4,0,12,0,0,0,0.88091081380844116
browse0_protectFalse_clear0,1,45,sitka-spruce,0.0004107187851332128,0,0,0,0.00010267968900734559,0,0,0,0,0,4,12,0,0,0,0
browse0_protectFalse_clear0,1,45,sessile-oak,1.3249191785951227E-21,0,0,0,5.2996763104837075E-21,0,0,0,0,4,0,12,0,0,0,0.03783508762717247
browse0_protectFalse_clear0,1,45,beech,0,0,0,0,0,0,0,0,0,4,0,12,0,0,0,1.0882091522216797
browse0_protectFalse_clear0,1,46,sitka-spruce,0.00032857502810657024,0,0,0,8.2143749750684947E-05,0,0,0,0,0,4,12,0,0,0,0
browse0_protectFalse_clear0,1,46,sessile-oak,2.6498383067031475E-22,0,0,0,1.059935322681259E-21,0,0,0,0,4,0,12,0,0,0,0.17907840013504028
browse0_protectFalse_clear0,1,46,beech,0,0,0,0,0,0,0,0,0,4,0,12,0,0,0,0.32476562261581421
browse0_protectFalse_clear0,1,47,sitka-spruce,0.00026286003412678838,0,0,0,6.5714993979781866E-05,0,0,0,0,0,4,12,0,0,0,0
browse0_protectFalse_clear0,1,47,sessile-oak,5.29967673962404E-23,0,0,0,2.119870695849616E-22,0,0,0,0,4,0,12,0,0,0,0.20754706859588623
browse0_protectFalse_clear0,1,47,beech,0.0054889321327209473,0.0054889321327209473,0.0054889321327209473,0,0,0,0,0,0,4,0,12,0,0,0,1.5134299993515015
browse0_protectFalse_clear0,1,48,sitka-spruce,0.00021028802439104766,0,0,0,5.25719988218043E-05,0,0,0,0,0,4,12,0,0,0,0
browse0_protectFalse_clear0,1,48,sessile-oak,1.0599354425881166E-23,0,0,0,4.2397414548081043E-23,0,0,0,0,4,0,12,0,0,0,0.059187073260545731
browse0_protectFalse_clear0,1,48,beech,0.016898900270462036,0.011409968137741089,0.011409968137741089,0,0,0,0,0,0,4,0,12,0,0,0,1.7312687635421753
browse0_protectFalse_clear0,1,49,sitka-spruce,0.00016823042824398726,0,0,0,4.20575997850392E-05,0,0,0,0,0,4,12,0,0,0,0
browse0_protectFalse_clear0,1,49,sessile-oak,2.1198708062901427E-24,0,0,0,8.4794832251605708E-24,0,0,0,0,4,0,12,0,0,0,0.26668339967727661
browse0_protectFalse_clear0,1,49,beech,0.056295305490493774,0.039396405220031738,0.039396405220031738,0,0,0,0,0,0,4,0,12,0,0,0,1.9525344371795654
browse0_protectFalse_clear0,1,50,sitka-spruce,0.0001345843484159559,0,0,0,3.3646079828031361E-05,0,0,0,0,0,4,12,0,0,0,0
browse0_protectFalse_clear0,1,50,sessile-oak,0.029195845127105713,0.029195845127105713,0.029195845127105713,0,1.6958967239182047E-24,0,0,0,0,4,0,12,0,0,0,0.99117720127105713
browse0_protectFalse_clear0,1,50,beech,0.056295305490493774,0,0,0,0,0,0,0,0,4,0,12,0,0,0,0.54429537057876587
browse0_protectFalse_clear0,1,51,sitka-spruce,0.00010766748164314777,0,0,0,2.6916866772808135E-05,0,0,0,0,0,4,12,0,0,0,0
browse0_protectFalse_clear0,1,51,sessile-oak,0.0058391690254211426,0,0,0,0.02335667610168457,0,0,0,0,4,0,12,0,0,0,0.082189440727233887
browse0_protectFalse_clear0,1,51,beech,0.12116971611976624,0.064874410629272461,0.064874410629272461,0,0,0,0,0,0,4,0,12,0,0,0,2.405165433883667
browse0_protectFalse_clear0,1,52,sitka-spruce,8.6133979493752122E-05,0,0,0,2.1533496692427434E-05,0,0,0,0,0,4,12,0,0,0,0
browse0_protectFalse_clear0,1,52,sessile-oak,0.0011678339214995503,0,0,0,0.0046713352203369141,0,0,0,0,4,0,12,0,0,0,0.0902242586016655
browse0_protectFalse_clear0,1,52,beech,0.558605968952179,0.43743625283241272,0.43743625283241272,0,0,0,0,0,0,4,0,12,0,0,0,6.5911040306091309
browse0_protectFalse_clear0,1,53,sitka-spruce,6.8907182139810175E-05,0,0,0,1.7226797353941947E-05,0,0,0,0,0,4,12,0,0,0,0
browse0_protectFalse_clear0,1,53,sessile-oak,0.00023356678138952702,0,0,0,0.00093426712555810809,0,0,0,0,4,0,12,0,0,0,0.39377045631408691
browse0_protectFalse_clear0,1,53,beech,0.6738429069519043,0.11523693799972534,0.11523693799972534,0,0,0,0,0,0,4,0,12,0,0,0,2.8709640502929688
browse0_protectFalse_clear0,1,54,sitka-spruce,5.5125747167039663E-05,0,0,0,1.3781436791759916E-05,0,0,0,0,0,4,12,0,0,0,0
browse0_protectFalse_clear0,1,54,sessile-oak,4.6713357733096927E-05,0,0,0,0.00018685343093238771,0,0,0,0,4,0,12,0,0,0,0.1068442165851593
browse0_protectFalse_clear0,1,54,beech,0.6738429069519043,0,0,0,0,0,0,0,0,4,0,12,0,0,0,0.77717256546020508
browse0_protectFalse_clear0,1,55,sitka-spruce,4.410059773363173E-05,0,0,0,1.1025149433407933E-05,0,0,0,0,0,4,12,0,0,0,0
browse0_protectFalse_clear0,1,55,sessile-oak,9.3426715466193855E-06,0,0,0,3.7370686186477542E-05,0,0,0,0,4,0,12,0,0,0,0.46171534061431885
browse0_protectFalse_clear0,1,55,beech,0.6738429069519043,0,0,0,0,0,0,0,0,4,0,12,0,0,0,0.83739352226257324
browse0_protectFalse_clear0,1,56,sitka-spruce,3.5280478186905384E-05,0,0,0,8.820119546726346E-06,0,0,0,0,0,4,12,0,0,0,0
browse0_protectFalse_clear0,1,56,sessile-oak,1.8685342411117745E-06,0,0,0,7.4741369644470979E-06,0,0,0,0,4,0,12,0,0,0,0.12419611215591431
browse0_protectFalse_clear0,1,56,beech,0.6738429069519043,0,0,0,0,0,0,0,0,4,0,12,0,0,0,0.898393988609314
browse0_protectFalse_clear0,1,57,sitka-spruce,2.8224383640917949E-05,0,0,0,7.0560950007347856E-06,0,0,0,0,0,4,12,0,0,0,0
browse0_protectFalse_clear0,1,57,sessile-oak,3.7370685390669678E-07,0,0,0,1.4948274156267871E-06,0,0,0,0,4,0,12,0,0,0,0.53258264064788818
browse0_protectFalse_clear0,1,57,beech,0.6738429069519043,0,0,0,0,0,0,0,0,4,0,12,0,0,0,0.96016281843185425
browse0_protectFalse_clear0,1,58,sitka-spruce,2.2579508367925882E-05,0,0,0,5.6448761824867688E-06,0,0,0,0,0,4,13,0,0,0,0
browse0_protectFalse_clear0,1,58,sessile-oak,7.4741372202424827E-08,0,0,0,2.9896548880969931E-07,0,0,0,0,4,0,13,0,0,0,0.14227709174156189
browse0_protectFalse_clear0,1,58,beech,1.428947925567627,0.76688492298126221,0.76688492298126221,0,0,0,0.011779904365539551,1,0,4,0,13,0,0,0,10.226902008056641
browse0_protectFalse_clear0,1,59,sitka-spruce,1.8063607058138587E-05,0,0,0,4.5159013097872958E-06,0,0,0,0,0,4,14,0,0,0,0
browse0_protectFalse_clear0,1,59,sessile-oak,0.10708526521921158,0.10708525031805038,0.10708525031805038,0,5.9793102025196276E-08,0,0,0,0,4,0,14,0,0,0,2.0203320980072021
browse0_protectFalse_clear0,1,59,beech,2.2308151721954346,0.81276035308837891,0.81276035308837891,0,0,0,0.010893166065216064,1,0,4,0,14,0,0,0,10.850974082946777
browse0_protectFalse_clear0,1,60,sitka-spruce,1.4450884918915108E-05,0,0,0,3.6127210023551015E-06,0,0,0,0,0,4,20,0,0,0,0
browse0_protectFalse_clear0,1,60,sessile-oak,0.059946950525045395,0,0,0,0.047138314694166183,0,0,0,0,4,0,20,0,0,0,0.61298871040344238
browse0_protectFalse_clear0,1,60,beech,2.4013130664825439,0.24553126096725464,0.24553126096725464,0,0,0,0.075033336877822876,6,0,4,0,20,0,0,0,4.4902276992797852
browse0_protectFalse_clear0,1,61,sitka-spruce,1.1560709026525728E-05,0,0,0,2.8901768018840812E-06,0,0,0,0,0,4,20,0,0,0,0
browse0_protectFalse_clear0,1,61,sessile-oak,0.050519287586212158,0,0,0,0.0094276629388332367,0,0,0,0,4,0,20,0,0,0,0.15456250309944153
browse0_protectFalse_clear0,1,61,beech,2.6475570201873779,0.24624386429786682,0.24624386429786682,0,0,0,0,0,0,4,0,20,0,0,0,4.5044522285461426
browse0_protectFalse_clear0,1,62,sitka-spruce,9.2485670393216424E-06,0,0,0,2.3121415324567351E-06,0,0,0,0,0,4,38,0,0,0,0
browse0_protectFalse_clear0,1,62,sessile-oak,0.048633754253387451,0,0,0,0.0018855327507480979,0,0,0,0,4,0,38,0,0,0,0.15591056644916534
browse0_protectFalse_clear0,1,62,beech,3.1641454696655273,0.85118842124938965,0.85118842124938965,0,0,0,0.33459985256195068,18,0,4,0,38,0,0,0,11.300810813903809
browse0_protectFalse_clear0,1,63,sitka-spruce,7.3988535405078437E-06,0,0,0,1.8497133851269609E-06,0,0,0,0,0,4,38,0,0,0,0
browse0_protectFalse_clear0,1,63,sessile-oak,0.053293835371732712,0.0050371885299682617,0.0050371885299682617,0,0.0003771065385080874,0,0,0,0,4,0,38,0,0,0,0.6262052059173584
browse0_protectFalse_clear0,1,63,beech,3.4080517292022705,0.2439064085483551,0.2439064085483551,0,0,0,0,0,0,4,0,38,0,0,0,4.5151290893554688
browse0_protectFalse_clear0,1,64,sitka-spruce,5.9190829233557452E-06,0,0,0,1.4797707308389363E-06,0,0,0,0,0,4,38,0,0,0,0
browse0_protectFalse_clear0,1,64,sessile-oak,0.049188662320375443,0,0,0,0.0041051721200346947,0,0,0,0,4,0,38,0,0,0,0.15727560222148895
browse0_protectFalse_clear0,1,64,beech,3.6501846313476563,0.24213272333145142,0.24213272333145142,0,0,0,0,0,0,4,0,38,0,0,0,4.5137453079223633
browse0_protectFalse_clear0,1,65,sitka-spruce,4.7352664296340663E-06,0,0,0,1.1838164937216789E-06,0,0,0,0,0,4,48,0,0,0,0
browse0_protectFalse_clear0,1,65,sessile-oak,0.048367630690336227,0,0,0,0.00082103448221459985,0,0,0,0,4,0,48,0,0,0,0.15807273983955383
browse0_protectFalse_clear0,1,65,beech,3.7465488910675049,0.24063941836357117,0.24063941836357117,0,0,0,0.14427495002746582,10,0,4,0,48,0,0,0,4.5155677795410156
browse0_protectFalse_clear0,1,66,sitka-spruce,3.7882132346567232E-06,0,0,0,9.4705319497734308E-07,0,0,0,0,0,4,55,0,0,0,0
browse0_protectFalse_clear0,1,66,sessile-oak,0.053211893886327744,0.0051137208938598633,0.0051137208938598633,0,0.0002694556606002152,0,0,0,0,4,0,55,0,0,0,0.635733425617218
browse0_protectFalse_clear0,1,66,beech,3.888899564743042,0.23869848251342773,0.23869848251342773,0,0,0,0.096347808837890625,7,0,4,0,55,0,0,0,4.5200901031494141
browse0_protectFalse_clear0,1,67,sitka-spruce,3.0305704967759084E-06,0,0,0,7.576426241939771E-07,0,0,0,0,0,4,55,0,0,0,0
browse0_protectFalse_clear0,1,67,sessile-oak,0.053782649338245392,0.0051431581377983093,0.0051431581377983093,0,0.0045724022202193737,0,0,0,0,4,0,55,0,0,0,0.63940119743347168
browse0_protectFalse_clear0,1,67,beech,4.714388370513916,0.825488805770874,0.825488805770874,0,0,0,0,0,0,4,0,55,0,0,0,11.317263603210449
browse0_protectFalse_clear0,1,68,sitka-spruce,2.4244563974207267E-06,0,0,0,6.0611409935518168E-07,0,0,0,0,0,4,68,0,0,0,0
browse0_protectFalse_clear0,1,68,sessile-oak,0.16647644340991974,0.11841463297605515,0.11841463297605515,0,0.0057208393700420856,0,0,0,0,4,0,68,0,0,0,2.1442177295684814
browse0_protectFalse_clear0,1,68,beech,4.51453971862793,0.23406438529491425,0.23406438529491425,0,0,0,0.43391343951225281,13,0,4,0,68,0,0,0,4.5356502532958984
browse0_protectFalse_clear0,1,69,sitka-spruce,1.9395652088860516E-06,0,0,0,4.84891245378094E-07,0,0,0,0,0,4,107,0,0,0,0
browse0_protectFalse_clear0,1,69,sessile-oak,0.11315830051898956,0,0,0,0.053318146616220474,0,0,0,0,4,0,107,0,0,0,0.16168515384197235
browse0_protectFalse_clear0,1,69,beech,3.6660866737365723,0.22732438147068024,0.22732438147068024,0,0,0,1.0757771730422974,39,0,4,0,107,0,0,0,4.5414361953735352
browse0_protectFalse_clear0,1,70,sitka-spruce,1.5516523035330465E-06,0,0,0,3.8791301903984277E-07,0,0,0,0,0,4,107,0,0,0,0
browse0_protectFalse_clear0,1,70,sessile-oak,0.2187536209821701,0.11940266191959381,0.11940266191959381,0,0.013807344250380993,0,0,0,0,4,0,107,0,0,0,2.1630611419677734
browse0_protectFalse_clear0,1,70,beech,3.880805492401123,0.21471886336803436,0.21471886336803436,0,0,0,0,0,0,4,0,107,0,0,0,4.5378212928771973
browse0_protectFalse_clear0,1,71,sitka-spruce,1.2413217973517021E-06,0,0,0,3.1033044933792553E-07,0,0,0,0,0,4,114,0,0,0,0
browse0_protectFalse_clear0,1,71,sessile-oak,0.17437693476676941,0.015342839062213898,0.015342839062213898,0,0.0597195103764534,0,0,0,0,4,0,114,0,0,0,0.65141409635543823
browse0_protectFalse_clear0,1,71,beech,3.8953258991241455,0.21259491145610809,0.21259491145610809,0,0,0,0.19807463884353638,7,0,4,0,114,0,0,0,4.5373415946960449
browse0_protectFalse_clear0,1,72,sitka-spruce,9.9305748335609678E-07,0,0,0,2.4826434241731477E-07,0,0,0,0,0,4,138,0,0,0,0
browse0_protectFalse_clear0,1,72,sessile-oak,0.26712071895599365,0.12510833144187927,0.12510833144187927,0,0.032364547252655029,0,0,0,0,4,0,138,0,0,0,2.179715633392334
browse0_protectFalse_clear0,1,72,beech,3.8928930759429932,0.75950473546981812,0.75950473546981812,0,0,0,0.76193761825561523,24,0,4,0,138,0,0,0,11.338413238525391
browse0_protectFalse_clear0,1,73,sitka-spruce,7.94446009422245E-07,0,0,0,1.9861147393385181E-07,0,0,0,0,0,4,145,0,0,0,0
browse0_protectFalse_clear0,1,73,sessile-oak,0.21215549111366272,0.015441164374351501,0.015441164374351501,0,0.070406407117843628,0,0,0,0,4,0,145,0,0,0,0.65492326021194458
browse0_protectFalse_clear0,1,73,beech,3.7223422527313232,0.17160280048847198,0.17160280048847198,0,0.03369145467877388,0,0.30846220254898071,7,0,4,0,145,0,0,0,4.5224123001098633
browse0_protectFalse_clear0,1,74,sitka-spruce,6.3555677343174466E-07,0,0,0,1.5888920756879088E-07,0,0,0,0,0,4,147,0,0,0,0
browse0_protectFalse_clear0,1,74,sessile-oak,0.16580928862094879,0,0,0,0.035886440426111221,0,0.010459750890731812,1,0,4,0,147,0,0,0,0.16404466331005096
browse0_protectFalse_clear0,1,74,beech,3.8376724720001221,0.15907754004001617,0.15907754004001617,0,0.026953160762786865,0,0.01679399237036705,1,0,4,0,147,0,0,0,4.5131015777587891
browse0_protectFalse_clear0,1,75,sitka-spruce,5.0844539600802818E-07,0,0,0,1.2711137742371648E-07,0,0,0,0,0,4,165,0,0,0,0
browse0_protectFalse_clear0,1,75,sessile-oak,0.15185859799385071,0.01552717387676239,0.01552717387676239,0,0.017054686322808266,0,0.012423187494277954,1,0,4,0,165,0,0,0,0.6574089527130127
browse0_protectFalse_clear0,1,75,beech,3.4911677837371826,0,0,0,0.021562529727816582,0,0.32494226098060608,17,0,4,0,165,0,0,0,1.1261670589447021
browse0_protectFalse_clear0,1,76,sitka-spruce,4.0675632817510632E-07,0,0,0,1.0168908204377658E-07,0,0,0,0,0,4,171,0,0,0,0
browse0_protectFalse_clear0,1,76,sessile-oak,0.12580645084381104,0.015569284558296204,0.015569284558296204,0,0.028808964416384697,0,0.01281246542930603,1,0,4,0,171,0,0,0,0.65866678953170776
browse0_protectFalse_clear0,1,76,beech,3.368990421295166,0.1336047500371933,0.1336047500371933,0,0.017250023782253265,0,0.23853194713592529,5,0,4,0,171,0,0,0,4.4974641799926758
browse0_protectFalse_clear0,1,77,sitka-spruce,3.2540506822442694E-07,0,0,0,8.1351259950679378E-08,0,0,0,0,0,4,183,0,0,0,0
browse0_protectFalse_clear0,1,77,sessile-oak,0.21755461394786835,0.12068439275026321,0.12068439275026321,0,0.028936225920915604,0,0,0,0,4,0,183,0,0,0,2.1987590789794922
browse0_protectFalse_clear0,1,77,beech,2.9649310111999512,0.10363610088825226,0.10363610088825226,0,0.013800017535686493,0,0.49389564990997314,12,0,4,0,183,0,0,0,4.4883041381835938
browse0_protectFalse_clear0,1,78,sitka-spruce,2.6032404321085778E-07,0,0,0,6.5081010802714445E-08,0,0,0,0,0,4,188,0,0,0,0
browse0_protectFalse_clear0,1,78,sessile-oak,0.13629244267940521,0,0,0,0.081262178719043732,0,0,0,0,4,0,188,0,0,0,0.16508464515209198
browse0_protectFalse_clear0,1,78,beech,3.3942356109619141,0.51362615823745728,0.51362615823745728,0,0.011040015146136284,0,0.0732814148068428,5,0,4,0,188,0,0,0,11.1942720413208
browse0_protectFalse_clear0,1,79,sitka-spruce,2.0825923741085717E-07,0,0,0,5.2064809352714292E-08,0,0,0,0,0,4,196,0,0,0,0
browse0_protectFalse_clear0,1,79,sessile-oak,0.10433727502822876,0,0,0,0.031955167651176453,0,0,0,0,4,0,196,0,0,0,0.16536231338977814
browse0_protectFalse_clear0,1,79,beech,3.5174977779388428,0.47687911987304688,0.47687911987304688,0,0.019388452172279358,0,0.33422854542732239,8,0,4,0,196,0,0,0,11.176872253417969
browse0_protectFalse_clear0,1,80,sitka-spruce,1.6660739277085668E-07,0,0,0,4.1651848192714169E-08,0,0,0,0,0,4,206,0,0,0,0
browse0_protectFalse_clear0,1,80,sessile-oak,0.084732182323932648,0,0,0,0.019605092704296112,0,0,0,0,4,0,206,0,0,0,0.16561441123485565
browse0_protectFalse_clear0,1,80,beech,3.2478494644165039,0.050041113048791885,0.050041113048791885,0,0.015510763041675091,0,0.30417871475219727,10,0,4,0,206,0,0,0,4.463263988494873
browse0_protectFalse_clear0,1,81,sitka-spruce,1.3328590853234346E-07,0,0,0,3.3321480685799543E-08,0,0,0,0,0,4,212,0,0,0,0
browse0_protectFalse_clear0,1,81,sessile-oak,0.0706634670495987,0,0,0,0.014068709686398506,0,0,0,0,4,0,212,0,0,0,0.16588617861270905
browse0_protectFalse_clear0,1,81,beech,3.1132655143737793,0,0,0,0.014697928912937641,0,0.11988601088523865,6,0,4,0,212,0,0,0,1.114177942276001
browse0_protectFalse_clear0,1,82,sitka-spruce,1.0662873251021665E-07,0,0,0,2.6657183127554163E-08,0,0,0,0,0,4,217,0,0,0,0
browse0_protectFalse_clear0,1,82,sessile-oak,0.059684794396162033,0,0,0,0.010978677310049534,0,0,0,0,4,0,217,0,0,0,0.1661490797996521
browse0_protectFalse_clear0,1,82,beech,2.9742448329925537,0.016851048916578293,0.016851048916578293,0,0.011758343316614628,0,0.14411327242851257,5,0,4,0,217,0,0,0,4.450782299041748
browse0_protectFalse_clear0,1,83,sitka-spruce,8.530298600817332E-08,0,0,0,2.1325744725686491E-08,0,0,0,0,0,4,220,0,0,0,0
browse0_protectFalse_clear0,1,83,sessile-oak,0.16730581223964691,0.11597751080989838,0.11597751080989838,0,0.0083565004169940948,0,0,0,0,4,0,220,0,0,0,2.2193212509155273
browse0_protectFalse_clear0,1,83,beech,2.8486678600311279,0,0,0,0.010220571421086788,0,0.11535654962062836,3,0,4,0,220,0,0,0,1.1115461587905884
browse0_protectFalse_clear0,1,84,sitka-spruce,6.8242385964367713E-08,0,0,0,1.7060596491091928E-08,0,0,0,0,0,4,223,0,0,0,0
browse0_protectFalse_clear0,1,84,sessile-oak,0.10921704024076462,0.0158698707818985,0.0158698707818985,0,0.0739586353302002,0,0,0,0,4,0,223,0,0,0,0.66706794500350952
browse0_protectFalse_clear0,1,84,beech,2.7545633316040039,0,0,0,0.041237320750951767,0,0.052867051213979721,3,0,4,0,223,0,0,0,1.1105360984802246
browse0_protectFalse_clear0,1,85,sitka-spruce,5.4593911613665114E-08,0,0,0,1.3648477015237859E-08,0,0,0,0,0,4,233,0,0,0,0
browse0_protectFalse_clear0,1,85,sessile-oak,0.087618201971054077,0.015921592712402344,0.015921592712402344,0,0.037520430982112885,0,0,0,0,4,0,233,0,0,0,0.6686444878578186
browse0_protectFalse_clear0,1,85,beech,2.5968923568725586,0.015258683823049068,0.015258683823049068,0,0.032989855855703354,0,0.13993990421295166,10,0,4,0,233,0,0,0,4.4406085014343262
browse0_protectFalse_clear0,1,86,sitka-spruce,4.3675129290932091E-08,0,0,0,1.0918781434554603E-08,0,0,0,0,0,4,243,0,0,0,0
browse0_protectFalse_clear0,1,86,sessile-oak,0.060553506016731262,0,0,0,0.027064694091677666,0,0,0,0,4,0,243,0,0,0,0.1676219254732132
browse0_protectFalse_clear0,1,86,beech,2.2422037124633789,0.015230147168040276,0.015230147168040276,0,0.026391882449388504,0,0.34352704882621765,10,0,4,0,243,0,0,0,4.4411916732788086
browse0_protectFalse_clear0,1,87,sitka-spruce,3.4940104143288409E-08,0,0,0,8.7350251476436824E-09,0,0,0,0,0,4,248,0,0,0,0
browse0_protectFalse_clear0,1,87,sessile-oak,0.16420532763004303,0.11664737015962601,0.11664737015962601,0,0.012995554134249687,0,0,0,0,4,0,248,0,0,0,2.2399396896362305
browse0_protectFalse_clear0,1,87,beech,2.0648515224456787,0,0,0,0.07518363744020462,0,0.10216836631298065,5,0,4,0,248,0,0,0,1.1096928119659424
browse0_protectFalse_clear0,1,88,sitka-spruce,2.7952083314630727E-08,0,0,0,6.9880203845684719E-09,0,0,0,0,0,4,250,0,0,0,0
browse0_protectFalse_clear0,1,88,sessile-oak,0.085745327174663544,0,0,0,0.078459993004798889,0,0,0,0,4,0,250,0,0,0,0.16840112209320068
browse0_protectFalse_clear0,1,88,beech,2.146120548248291,0.201345294713974,0.201345294713974,0,0.060146909207105637,0,0.059929341077804565,2,0,4,0,250,0,0,0,11.095165252685547
browse0_protectFalse_clear0,1,89,sitka-spruce,2.2361668072790053E-08,0,0,0,5.5904161300190935E-09,0,0,0,0,0,4,253,0,0,0,0
browse0_protectFalse_clear0,1,89,sessile-oak,0.06286216527223587,0.01613500714302063,0.01613500714302063,0,0.026000814512372017,0,0.013017356395721436,1,0,4,0,253,0,0,0,0.67537176609039307
browse0_protectFalse_clear0,1,89,beech,2.0194778442382813,0,0,0,0.055534116923809052,0,0.071108736097812653,2,0,4,0,253,0,0,0,1.1142342090606689
browse0_protectFalse_clear0,1,90,sitka-spruce,1.7889334458232042E-08,0,0,0,4.4723331704688007E-09,0,0,0,0,0,4,255,0,0,0,0
browse0_protectFalse_clear0,1,90,sessile-oak,0.05478416383266449,0.016187556087970734,0.016187556087970734,0,0.024265563115477562,0,0,0,0,4,0,255,0,0,0,0.67714118957519531
browse0_protectFalse_clear0,1,90,beech,1.9105798006057739,0,0,0,0.0552864708006382,0,0.053611531853675842,2,0,4,0,255,0,0,0,1.1233406066894531
browse0_protectFalse_clear0,1,91,sitka-spruce,1.4311467566585634E-08,0,0,0,3.5778668916464085E-09,0,0,0,0,0,4,257,0,0,0,0
browse0_protectFalse_clear0,1,91,sessile-oak,0.15100684762001038,0.11777861416339874,0.11777861416339874,0,0.021555930376052856,0,0,0,0,4,0,257,0,0,0,2.2637848854064941
browse0_protectFalse_clear0,1,91,beech,1.7710684537887573,0.010618886910378933,0.010618886910378933,0,0.0442291721701622,0,0.1059010922908783,2,0,4,0,257,0,0,0,4.6282014846801758
browse0_protectFalse_clear0,1,92,sitka-spruce,1.1449174053268507E-08,0,0,0,2.8622935133171268E-09,0,0,0,0,0,4,260,0,0,0,0
browse0_protectFalse_clear0,1,92,sessile-oak,0.08857765793800354,0.016302399337291718,0.016302399337291718,0,0.078731589019298553,0,0,0,0,4,0,260,0,0,0,0.68122977018356323
browse0_protectFalse_clear0,1,92,beech,1.6654386520385742,0,0,0,0.035383336246013641,0,0.070246428251266479,3,0,4,0,260,0,0,0,1.19085693359375
browse0_protectFalse_clear0,1,93,sitka-spruce,9.1593390649791218E-09,0,0,0,2.2898347662447804E-09,0,0,0,0,0,4,263,0,0,0,0
browse0_protectFalse_clear0,1,93,sessile-oak,0.051194790750741959,0,0,0,0.03738287091255188,0,0,0,0,4,0,263,0,0,0,0.17081156373023987
browse0_protectFalse_clear0,1,93,beech,1.5608521699905396,0,0,0,0.0393398143351078,0,0.065246716141700745,3,0,4,0,263,0,0,0,1.3041164875030518
browse0_protectFalse_clear0,1,94,sitka-spruce,7.3274710743476135E-09,0,0,0,1.8318678796092058E-09,0,0,0,0,0,4,269,0,0,0,0
browse0_protectFalse_clear0,1,94,sessile-oak,0.055233437567949295,0.016415610909461975,0.016415610909461975,0,0.012376963160932064,0,0,0,0,4,0,269,0,0,0,0.68544965982437134
browse0_protectFalse_clear0,1,94,beech,1.3691370487213135,0.011719689704477787,0.011719689704477787,0,0.032824184745550156,0,0.17061057686805725,6,0,4,0,269,0,0,0,5.668276309967041
browse0_protectFalse_clear0,1,95,sitka-spruce,5.8619766818424068E-09,0,0,0,1.4654942814829042E-09,0,0,0,0,0,4,272,0,0,0,0
browse0_protectFalse_clear0,1,95,sessile-oak,0.036543790251016617,0,0,0,0.018689647316932678,0,0,0,0,4,0,272,0,0,0,0.17191827297210693
browse0_protectFalse_clear0,1,95,beech,1.283907413482666,0,0,0,0.038466744124889374,0,0.046762920916080475,3,0,4,0,272,0,0,0,1.529550313949585
browse0_protectFalse_clear0,1,96,sitka-spruce,4.6895811678382415E-09,0,0,0,1.1723952919595604E-09,0,0,0,0,0,4,275,0,0,0,0
browse0_protectFalse_clear0,1,96,sessile-oak,0.15023525059223175,0.11911587417125702,0.11911587417125702,0,0.0054244170896708965,0,0,0,0,4,0,275,0,0,0,2.3001830577850342
browse0_protectFalse_clear0,1,96,beech,1.1842497587203979,0.0300685353577137,0.0300685353577137,0,0.030773390084505081,0,0.098952785134315491,3,0,4,0,275,0,0,0,6.770453929901123
browse0_protectFalse_clear0,1,97,sitka-spruce,3.7516652007241191E-09,0,0,0,9.3791618915872732E-10,0,0,0,0,0,4,279,0,0,0,0
browse0_protectFalse_clear0,1,97,sessile-oak,0.19143038988113403,0.11930184066295624,0.11930184066295624,0,0.078106701374053955,0,0,0,0,4,0,279,0,0,0,2.3076224327087402
browse0_protectFalse_clear0,1,97,beech,1.0881369113922119,0,0,0,0.035848066210746765,0,0.060264725238084793,4,0,4,0,279,0,0,0,1.8992339372634888
browse0_protectFalse_clear0,1,98,sitka-spruce,3.0013320717614533E-09,0,0,0,7.5033301794036333E-10,0,0,0,0,0,4,282,0,0,0,0
browse0_protectFalse_clear0,1,98,sessile-oak,0.092164985835552216,0,0,0,0.099265389144420624,0,0,0,0,4,0,282,0,0,0,0.1736675500869751
browse0_protectFalse_clear0,1,98,beech,0.93490910530090332,0,0,0,0.028678450733423233,0,0.12454941123723984,3,0,4,0,282,0,0,0,2.1053876876831055
browse0_protectFalse_clear0,1,99,sitka-spruce,2.4010655685913207E-09,0,0,0,6.0026644765898141E-10,0,0,0,0,0,4,283,0,0,0,0
browse0_protectFalse_clear0,1,99,sessile-oak,0.17903357744216919,0.11955096572637558,0.11955096572637558,0,0.032682370394468307,0,0,0,0,4,0,283,0,0,0,2.3229291439056396
browse0_protectFalse_clear0,1,99,beech,1.0103787183761597,0.11947781592607498,0.11947781592607498,0,0.031914286315441132,0,0.012093851342797279,1,0,4,0,283,0,0,0,9.4659490585327148
browse0_protectFalse_clear0,1,100,sitka-spruce,1.9208523660552146E-09,0,0,0,4.8021314702495488E-10,0,0,0,0,0,4,284,0,0,0,0
browse0_protectFalse_clear0,1,100,sessile-oak,0.20888805389404297,0.1198759451508522,0.1198759451508522,0,0.090021461248397827,0,0,0,0,4,0,284,0,0,0,2.3307874202728271
browse0_protectFalse_clear0,1,100,beech,1.1600244045257568,0.19759204983711243,0.19759204983711243,0,0.025531431660056114,0,0.022414911538362503,1,0,4,0,284,0,0,0,11.287632942199707
browse0_protectFalse_clear1,0,1,sitka-spruce,0,0,0,0,0,0,0,0,0,0,4,0,0,2.4000000953674316,12,0
browse0_protectFalse_clear1,0,1,sessile-oak,0,0,0,0,0,0,0,0,0,0,4,0,0,2.4000000953674316,12,0
browse0_protectFalse_clear1,0,1,beech,0,0,0,0,0,0,0,0,0,0,4,0,0,2.4000000953674316,12,0
browse0_protectFalse_clear1,0,2,sitka-spruce,0,0,0,0,0,0,0,0,0,0,4,0,0,0,0,0
browse0_protectFalse_clear1,0,2,sessile-oak,0,0,0,0,0,0,0,0,0,0,4,0,0,0,0,0
browse0_protectFalse_clear1,0,2,beech,0,0,0,0,0,0,0,0,0,0,4,0,0,0,0,0
browse0_protectFalse_clear1,0,3,sitka-spruce,0,0,0,0,0,0,0,0,0,0,4,0,0,0,0,0
browse0_protectFalse_clear1,0,3,sessile-oak,0,0,0,0,0,0,0,0,0,0,4,0,0,0,0,0
browse0_protectFalse_clear1,0,3,beech,0,0,0,0,0,0,0,0,0,0,4,0,0,0,0,0
browse0_protectFalse_clear1,0,4,sitka-spruce,0,0,0,0,0,0,0,0,0,0,4,0,0,0,0,0
browse0_protectFalse_clear1,0,4,sessile-oak,0,0,0,0,0,0,0,0,0,0,4,0,0,0,0,0
browse0_protectFalse_clear1,0,4,beech,0,0,0,0,0,0,0,0,0,0,4,0,0,0,0,0
browse0_protectFalse_clear1,0,5,sitka-spruce,0,0,0,0,0,0,0,0,0,0,4,0,0,0,0,0
browse0_protectFalse_clear1,0,5,sessile-oak,0,0,0,0,0,0,0,0,0,0,4,0,0,0,0,0
browse0_protectFalse_clear1,0,5,beech,0,0,0,0,0,0,0,0,0,0,4,0,0,0,0,0
browse0_protectFalse_clear1,0,6,sitka-spruce,0,0,0,0,0,0,0,0,0,0,4,0,0,0,0,0
browse0_protectFalse_clear1,0,6,sessile-oak,0,0,0,0,0,0,0,0,0,0,4,0,0,0,0,0
browse0_protectFalse_clear1,0,6,beech,0,0,0,0,0,0,0,0,0,0,4,0,0,0,0,0
browse0_protectFalse_clear1,0,7,sitka-spruce,0,0,0,0,0,0,0,0,0,0,4,0,0,0,0,0
browse0_protectFalse_clear1,0,7,sessile-oak,0,0,0,0,0,0,0,0,0,0,4,0,0,0,0,0
browse0_protectFalse_clear1,0,7,beech,0,0,0,0,0,0,0,0,0,0,4,0,0,0,0,0
browse0_protectFalse_clear1,0,8,sitka-spruce,0,0,0,0,0,0,0,0,0,0,4,0,0,0,0,0
browse0_protectFalse_clear1,0,8,sessile-oak,0,0,0,0,0,0,0,0,0,0,4,0,0,0,0,0
browse0_protectFalse_clear1,0,8,beech,0,0,0,0,0,0,0,0,0,0,4,0,0,0,0,0
browse0_protectFalse_clear1,0,9,sitka-spruce,0,0,0,0,0,0,0,0,0,0,4,0,0,0,0,0
browse0_protectFalse_clear1,0,9,sessile-oak,0,0,0,0,0,0,0,0,0,0,4,0,0,0,0,0
browse0_protectFalse_clear1,0,9,beech,0,0,0,0,0,0,0,0,0,0,4,0,0,0,0,0
browse0_protectFalse_clear1,0,10,sitka-spruce,0,0,0,0,0,0,0,0,0,0,4,0,0,0,0,0
browse0_protectFalse_clear1,0,10,sessile-oak,0,0,0,0,0,0,0,0,0,0,4,0,0,0,0,0
browse0_protectFalse_clear1,0,10,beech,0,0,0,0,0,0,0,0,0,0,4,0,0,0,0,0
browse0_protectFalse_clear1,0,11,sitka-spruce,0,0,0,0,0,0,0,0,0,0,4,0,0,0,0,0
browse0_protectFalse_clear1,0,11,sessile-oak,0,0,0,0,0,0,0,0,0,0,4,0,0,0,0,0
browse0_protectFalse_clear1,0,11,beech,0,0,0,0,0,0,0,0,0,0,4,0,0,0,0,0
browse0_protectFalse_clear1,0,12,sitka-spruce,0,0,0,0,0,0,0,0,0,0,4,0,0,0,0,0
browse0_protectFalse_clear1,0,12,sessile-oak,0,0,0,0,0,0,0,0,0,0,4,0,0,0,0,0
browse0_protectFalse_clear1,0,12,beech,0,0,0,0,0,0,0,0,0,0,4,0,0,0,0,0
browse0_protectFalse_clear1,0,13,sitka-spruce,0,0,0,0,0,0,0,0,0,0,4,0,0,0,0,0
browse0_protectFalse_clear1,0,13,sessile-oak,0,0,0,0,0,0,0,0,0,0,4,0,0,0,0,0
browse0_protectFalse_clear1,0,13,beech,0,0,0,0,0,0,0,0,0,0,4,0,0,0,0,0
browse0_protectFalse_clear1,0,14,sitka-spruce,0,0,0,0,0,0,0,0,0,0,4,0,0,0,0,0
browse0_protectFalse_clear1,0,14,sessile-oak,0,0,0,0,0,0,0,0,0,0,4,0,0,0,0,0
browse0_protectFalse_clear1,0,14,beech,0,0,0,0,0,0,0,0,0,0,4,0,0,0,0,0
browse0_protectFalse_clear1,0,15,sitka-spruce,0,0,0,0,0,0,0,0,0,0,4,0,0,0,0,0
browse0_protectFalse_clear1,0,15,sessile-oak,0,0,0,0,0,0,0,0,0,0,4,0,0,0,0,0
browse0_protectFalse_clear1,0,15,beech,0,0,0,0,0,0,0,0,0,0,4,0,0,0,0,0
browse0_protectFalse_clear1,0,16,sitka-spruce,0,0,0,0,0,0,0,0,0,0,4,0,0,0,0,0
browse0_protectFalse_clear1,0,16,sessile-oak,0,0,0,0,0,0,0,0,0,0,4,0,0,0,0,0
browse0_protectFalse_clear1,0,16,beech,0,0,0,0,0,0,0,0,0,0,4,0,0,0,0,0
browse0_protectFalse_clear1,0,17,sitka-spruce,0,0,0,0,0,0,0,0,0,0,4,0,0,0,0,0
browse0_protectFalse_clear1,0,17,sessile-oak,0,0,0,0,0,0,0,0,0,0,4,0,0,0,0,0
browse0_protectFalse_clear1,0,17,beech,0,0,0,0,0,0,0,0,0,0,4,0,0,0,0,0
browse0_protectFalse_clear1,0,18,sitka-spruce,0,0,0,0,0,0,0,0,0,0,4,0,0,0,0,0
browse0_protectFalse_clear1,0,18,sessile-oak,0,0,0,0,0,0,0,0,0,0,4,0,0,0,0,0
browse0_protectFalse_clear1,0,18,beech,0,0,0,0,0,0,0,0,0,0,4,0,0,0,0,0
browse0_protectFalse_clear1,0,19,sitka-spruce,0,0,0,0,0,0,0,0,0,0,4,0,0,0,0,0
browse0_protectFalse_clear1,0,19,sessile-oak,0,0,0,0,0,0,0,0,0,0,4,0,0,0,0,0
browse0_protectFalse_clear1,0,19,beech,0,0,0,0,0,0,0,0,0,0,4,0,0,0,0,0
browse0_protectFalse_clear1,0,20,sitka-spruce,0,0,0,0,0,0,0,0,0,0,4,0,0,0,0,0
browse0_protectFalse_clear1,0,20,sessile-oak,0,0,0,0,0,0,0,0,0,0,4,0,0,0,0,0
browse0_protectFalse_clear1,0,20,beech,0,0,0,0,0,0,0,0,0,0,4,0,0,0,0,0
browse0_protectFalse_clear1,0,21,sitka-spruce,0,0,0,0,0,0,0,0,0,0,4,0,0,0,0,0
browse0_protectFalse_clear1,0,21,sessile-oak,0,0,0,0,0,0,0,0,0,0,4,0,0,0,0,0
browse0_protectFalse_clear1,0,21,beech,0,0,0,0,0,0,0,0,0,0,4,0,0,0,0,0
browse0_protectFalse_clear1,0,22,sitka-spruce,0,0,0,0,0,0,0,0,0,0,4,0,0,0,0,0
browse0_protectFalse_clear1,0,22,sessile-oak,0,0,0,0,0,0,0,0,0,0,4,0,0,0,0,0
browse0_protectFalse_clear1,0,22,beech,0,0,0,0,0,0,0,0,0,0,4,0,0,0,0,0
browse0_protectFalse_clear1,0,23,sitka-spruce,0,0,0,0,0,0,0,0,0,0,4,0,0,0,0,0
browse0_protectFalse_clear1,0,23,sessile-oak,0,0,0,0,0,0,0,0,0,0,4,0,0,0,0,0
browse0_protectFalse_clear1,0,23,beech,0,0,0,0,0,0,0,0,0,0,4,0,0,0,0,0
browse0_protectFalse_clear1,0,24,sitka-spruce,0,0,0,0,0,0,0,0,0,0,4,0,0,0,0,0
browse0_protectFalse_clear1,0,24,sessile-oak,0,0,0,0,0,0,0,0,0,0,4,0,0,0,0,0
browse0_protectFalse_clear1,0,24,beech,0,0,0,0,0,0,0,0,0,0,4,0,0,0,0,0
browse0_protectFalse_clear1,0,25,sitka-spruce,0,0,0,0,0,0,0,0,0,0,4,0,0,0,0,0
browse0_protectFalse_clear1,0,25,sessile-oak,0,0,0,0,0,0,0,0,0,0,4,0,0,0,0,0
browse0_protectFalse_clear1,0,25,beech,0,0,0,0,0,0,0,0,0,0,4,0,0,0,0,0
browse0_protectFalse_clear1,0,26,sitka-spruce,0,0,0,0,0,0,0,0,0,0,4,0,0,0,0,0
browse0_protectFalse_clear1,0,26,sessile-oak,0,0,0,0,0,0,0,0,0,0,4,0,0,0,0,0
browse0_protectFalse_clear1,0,26,beech,0,0,0,0,0,0,0,0,0,0,4,0,0,0,0,0
browse0_protectFalse_clear1,0,27,sitka-spruce,0,0,0,0,0,0,0,0,0,0,4,0,0,0,0,0
browse0_protectFalse_clear1,0,27,sessile-oak,0,0,0,0,0,0,0,0,0,0,4,0,0,0,0,0
browse0_protectFalse_clear1,0,27,beech,0,0,0,0,0,0,0,0,0,0,4,0,0,0,0,0
browse0_protectFalse_clear1,0,28,sitka-spruce,0,0,0,0,0,0,0,0,0,0,4,0,0,0,0,0
browse0_protectFalse_clear1,0,28,sessile-oak,0,0,0,0,0,0,0,0,0,0,4,0,0,0,0,0
browse0_protectFalse_clear1,0,28,beech,0,0,0,0,0,0,0,0,0,0,4,0,0,0,0,0
browse0_protectFalse_clear1,0,29,sitka-spruce,0,0,0,0,0,0,0,0,0,0,4,0,0,0,0,0
browse0_protectFalse_clear1,0,29,sessile-oak,0,0,0,0,0,0,0,0,0,0,4,0,0,0,0,0
browse0_protectFalse_clear1,0,29,beech,0,0,0,0,0,0,0,0,0,0,4,0,0,0,0,0
browse0_protectFalse_clear1,0,30,sitka-spruce,0,0,0,0,0,0,0,0,0,0,4,0,0,0,0,0
browse0_protectFalse_clear1,0,30,sessile-oak,0,0,0,0,0,0,0,0,0,0,4,0,0,0,0,0
browse0_protectFalse_clear1,0,30,beech,0,0,0,0,0,0,0,0,0,0,4,0,0,0,0,0
browse0_protectFalse_clear1,0,31,sitka-spruce,0,0,0,0,0,0,0,0,0,0,4,0,0,0,0,0
browse0_protectFalse_clear1,0,31,sessile-oak,0,0,0,0,0,0,0,0,0,0,4,0,0,0,0,0
browse0_protectFalse_clear1,0,31,beech,0,0,0,0,0,0,0,0,0,0,4,0,0,0,0,0
browse0_protectFalse_clear1,0,32,sitka-spruce,0,0,0,0,0,0,0,0,0,0,4,0,0,0,0,0
browse0_protectFalse_clear1,0,32,sessile-oak,0,0,0,0,0,0,0,0,0,0,4,0,0,0,0,0
browse0_protectFalse_clear1,0,32,beech,0,0,0,0,0,0,0,0,0,0,4,0,0,0,0,0
browse0_protectFalse_clear1,0,33,sitka-spruce,0,0,0,0,0,0,0,0,0,0,4,0,0,0,0,0
browse0_protectFalse_clear1,0,33,sessile-oak,0,0,0,0,0,0,0,0,0,0,4,0,0,0,0,0
browse0_protectFalse_clear1,0,33,beech,0,0,0,0,0,0,0,0,0,0,4,0,0,0,0,0
browse0_protectFalse_clear1,0,34,sitka-spruce,0,0,0,0,0,0,0,0,0,0,4,0,0,0,0,0
browse0_protectFalse_clear1,0,34,sessile-oak,0,0,0,0,0,0,0,0,0,0,4,0,0,0,0,0
browse0_protectFalse_clear1,0,34,beech,0,0,0,0,0,0,0,0,0,0,4,0,0,0,0,0
browse0_protectFalse_clear1,0,35,sitka-spruce,0,0,0,0,0,0,0,0,0,0,4,0,0,0,0,0
browse0_protectFalse_clear1,0,35,sessile-oak,0,0,0,0,0,0,0,0,0,0,4,0,0,0,0,0
browse0_protectFalse_clear1,0,35,beech,0,0,0,0,0,0,0,0,0,0,4,0,0,0,0,0
browse0_protectFalse_clear1,0,36,sitka-spruce,0,0,0,0,0,0,0,0,0,0,4,0,0,0,0,0
browse0_protectFalse_clear1,0,36,sessile-oak,0,0,0,0,0,0,0,0,0,0,4,0,0,0,0,0
browse0_protectFalse_clear1,0,36,beech,0,0,0,0,0,0,0,0,0,0,4,0,0,0,0,0
browse0_protectFalse_clear1,0,37,sitka-spruce,0,0,0,0,0,0,0,0,0,0,4,0,0,0,0,0
browse0_protectFalse_clear1,0,37,sessile-oak,0,0,0,0,0,0,0,0,0,0,4,0,0,0,0,0
browse0_protectFalse_clear1,0,37,beech,0,0,0,0,0,0,0,0,0,0,4,0,0,0,0,0
browse0_protectFalse_clear1,0,38,sitka-spruce,0,0,0,0,0,0,0,0,0,0,4,0,0,0,0,0
browse0_protectFalse_clear1,0,38,sessile-oak,0,0,0,0,0,0,0,0,0,0,4,0,0,0,0,0
browse0_protectFalse_clear1,0,38,beech,0,0,0,0,0,0,0,0,0,0,4,0,0,0,0,0
browse0_protectFalse_clear1,0,39,sitka-spruce,0,0,0,0,0,0,0,0,0,0,4,0,0,0,0,0
browse0_protectFalse_clear1,0,39,sessile-oak,0,0,0,0,0,0,0,0,0,0,4,0,0,0,0,0
browse0_protectFalse_clear1,0,39,beech,0,0,0,0,0,0,0,0,0,0,4,0,0,0,0,0
browse0_protectFalse_clear1,0,40,sitka-spruce,0,0,0,0,0,0,0,0,0,0,4,0,0,0,0,0
browse0_protectFalse_clear1,0,40,sessile-oak,0,0,0,0,0,0,0,0,0,0,4,0,0,0,0,0
browse0_protectFalse_clear1,0,40,beech,0,0,0,0,0,0,0,0,0,0,4,0,0,0,0,0
browse0_protectFalse_clear1,0,41,sitka-spruce,0,0,0,0,0,0,0,0,0,0,4,0,0,0,0,0
browse0_protectFalse_clear1,0,41,sessile-oak,0,0,0,0,0,0,0,0,0,0,4,0,0,0,0,0
browse0_protectFalse_clear1,0,41,beech,0,0,0,0,0,0,0,0,0,0,4,0,0,0,0,0
browse0_protectFalse_clear1,0,42,sitka-spruce,0,0,0,0,0,0,0,0,0,0,4,0,0,0,0,0
browse0_protectFalse_clear1,0,42,sessile-oak,0,0,0,0,0,0,0,0,0,0,4,0,0,0,0,0
browse0_protectFalse_clear1,0,42,beech,0,0,0,0,0,0,0,0,0,0,4,0,0,0,0,0
browse0_protectFalse_clear1,0,43,sitka-spruce,0,0,0,0,0,0,0,0,0,0,4,0,0,0,0,0
browse0_protectFalse_clear1,0,43,sessile-oak,0,0,0,0,0,0,0,0,0,0,4,0,0,0,0,0
browse0_protectFalse_clear1,0,43,beech,0,0,0,0,0,0,0,0,0,0,4,0,0,0,0,0
browse0_protectFalse_clear1,0,44,sitka-spruce,0,0,0,0,0,0,0,0,0,0,4,0,0,0,0,0
browse0_protectFalse_clear1,0,44,sessile-oak,0,0,0,0,0,0,0,0,0,0,4,0,0,0,0,0
browse0_protectFalse_clear1,0,44,beech,0,0,0,0,0,0,0,0,0,0,4,0,0,0,0,0
browse0_protectFalse_clear1,0,45,sitka-spruce,0,0,0,0,0,0,0,0,0,0,4,0,0,0,0,0
browse0_protectFalse_clear1,0,45,sessile-oak,0,0,0,0,0,0,0,0,0,0,4,0,0,0,0,0
browse0_protectFalse_clear1,0,45,beech,0,0,0,0,0,0,0,0,0,0,4,0,0,0,0,0
browse0_protectFalse_clear1,0,46,sitka-spruce,0,0,0,0,0,0,0,0,0,0,4,0,0,0,0,0
browse0_protectFalse_clear1,0,46,sessile-oak,0,0,0,0,0,0,0,0,0,0,4,0,0,0,0,0
browse0_protectFalse_clear1,0,46,beech,0,0,0,0,0,0,0,0,0,0,4,0,0,0,0,0
browse0_protectFalse_clear1,0,47,sitka-spruce,0,0,0,0,0,0,0,0,0,0,4,0,0,0,0,0
browse0_protectFalse_clear1,0,47,sessile-oak,0,0,0,0,0,0,0,0,0,0,4,0,0,0,0,0
browse0_protectFalse_clear1,0,47,beech,0,0,0,0,0,0,0,0,0,0,4,0,0,0,0,0
browse0_protectFalse_clear1,0,48,sitka-spruce,0,0,0,0,0,0,0,0,0,0,4,0,0,0,0,0
browse0_protectFalse_clear1,0,48,sessile-oak,0,0,0,0,0,0,0,0,0,0,4,0,0,0,0,0
browse0_protectFalse_clear1,0,48,beech,0,0,0,0,0,0,0,0,0,0,4,0,0,0,0,0
browse0_protectFalse_clear1,0,49,sitka-spruce,0,0,0,0,0,0,0,0,0,0,4,0,0,0,0,0
browse0_protectFalse_clear1,0,49,sessile-oak,0,0,0,0,0,0,0,0,0,0,4,0,0,0,0,0
browse0_protectFalse_clear1,0,49,beech,0,0,0,0,0,0,0,0,0,0,4,0,0,0,0,0
browse0_protectFalse_clear1,0,50,sitka-spruce,0,0,0,0,0,0,0,0,0,0,4,0,0,0,0,0
browse0_protectFalse_clear1,0,50,sessile-oak,0,0,0,0,0,0,0,0,0,0,4,0,0,0,0,0
browse0_protectFalse_clear1,0,50,beech,0,0,0,0,0,0,0,0,0,0,4,0,0,0,0,0
browse0_protectFalse_clear1,0,51,sitka-spruce,0,0,0,0,0,0,0,0,0,0,4,0,0,0,0,0
browse0_protectFalse_clear1,0,51,sessile-oak,0,0,0,0,0,0,0,0,0,0,4,0,0,0,0,0
browse0_protectFalse_clear1,0,51,beech,0,0,0,0,0,0,0,0,0,0,4,0,0,0,0,0
browse0_protectFalse_clear1,0,52,sitka-spruce,0,0,0,0,0,0,0,0,0,0,4,0,0,0,0,0
browse0_protectFalse_clear1,0,52,sessile-oak,0,0,0,0,0,0,0,0,0,0,4,0,0,0,0,0
browse0_protectFalse_clear1,0,52,beech,0,0,0,0,0,0,0,0,0,0,4,0,0,0,0,0
browse0_protectFalse_clear1,0,53,sitka-spruce,0,0,0,0,0,0,0,0,0,0,4,0,0,0,0,0
browse0_protectFalse_clear1,0,53,sessile-oak,0,0,0,0,0,0,0,0,0,0,4,0,0,0,0,0
browse0_protectFalse_clear1,0,53,beech,0,0,0,0,0,0,0,0,0,0,4,0,0,0,0,0
browse0_protectFalse_clear1,0,54,sitka-spruce,0,0,0,0,0,0,0,0,0,0,4,0,0,0,0,0
browse0_protectFalse_clear1,0,54,sessile-oak,0,0,0,0,0,0,0,0,0,0,4,0,0,0,0,0
browse0_protectFalse_clear1,0,54,beech,0,0,0,0,0,0,0,0,0,0,4,0,0,0,0,0
browse0_protectFalse_clear1,0,55,sitka-spruce,0,0,0,0,0,0,0,0,0,0,4,0,0,0,0,0
browse0_protectFalse_clear1,0,55,sessile-oak,0,0,0,0,0,0,0,0,0,0,4,0,0,0,0,0
browse0_protectFalse_clear1,0,55,beech,0,0,0,0,0,0,0,0,0,0,4,0,0,0,0,0
browse0_protectFalse_clear1,0,56,sitka-spruce,0,0,0,0,0,0,0,0,0,0,4,0,0,0,0,0
browse0_protectFalse_clear1,0,56,sessile-oak,0,0,0,0,0,0,0,0,0,0,4,0,0,0,0,0
browse0_protectFalse_clear1,0,56,beech,0,0,0,0,0,0,0,0,0,0,4,0,0,0,0,0
browse0_protectFalse_clear1,0,57,sitka-spruce,0,0,0,0,0,0,0,0,0,0,4,0,0,0,0,0
browse0_protectFalse_clear1,0,57,sessile-oak,0,0,0,0,0,0,0,0,0,0,4,0,0,0,0,0
browse0_protectFalse_clear1,0,57,beech,0,0,0,0,0,0,0,0,0,0,4,0,0,0,0,0
browse0_protectFalse_clear1,0,58,sitka-spruce,0,0,0,0,0,0,0,0,0,0,4,0,0,0,0,0
browse0_protectFalse_clear1,0,58,sessile-oak,0,0,0,0,0,0,0,0,0,0,4,0,0,0,0,0
browse0_protectFalse_clear1,0,58,beech,0,0,0,0,0,0,0,0,0,0,4,0,0,0,0,0
browse0_protectFalse_clear1,0,59,sitka-spruce,0,0,0,0,0,0,0,0,0,0,4,0,0,0,0,0
browse0_protectFalse_clear1,0,59,sessile-oak,0,0,0,0,0,0,0,0,0,0,4,0,0,0,0,0
browse0_protectFalse_clear1,0,59,beech,0,0,0,0,0,0,0,0,0,0,4,0,0,0,0,0
browse0_protectFalse_clear1,0,60,sitka-spruce,0,0,0,0,0,0,0,0,0,0,4,0,0,0,0,0
browse0_protectFalse_clear1,0,60,sessile-oak,0,0,0,0,0,0,0,0,0,0,4,0,0,0,0,0
browse0_protectFalse_clear1,0,60,beech,0,0,0,0,0,0,0,0,0,0,4,0,0,0,0,0
browse0_protectFalse_clear1,0,61,sitka-spruce,0,0,0,0,0,0,0,0,0,0,4,0,0,0,0,0
browse0_protectFalse_clear1,0,61,sessile-oak,0,0,0,0,0,0,0,0,0,0,4,0,0,0,0,0
browse0_protectFalse_clear1,0,61,beech,0,0,0,0,0,0,0,0,0,0,4,0,0,0,0,0
browse0_protectFalse_clear1,0,62,sitka-spruce,0,0,0,0,0,0,0,0,0,0,4,0,0,0,0,0
browse0_protectFalse_clear1,0,62,sessile-oak,0,0,0,0,0,0,0,0,0,0,4,0,0,0,0,0
browse0_protectFalse_clear1,0,62,beech,0,0,0,0,0,0,0,0,0,0,4,0,0,0,0,0
browse0_protectFalse_clear1,0,63,sitka-spruce,0,0,0,0,0,0,0,0,0,0,4,0,0,0,0,0
browse0_protectFalse_clear1,0,63,sessile-oak,0,0,0,0,0,0,0,0,0,0,4,0,0,0,0,0
browse0_protectFalse_clear1,0,63,beech,0,0,0,0,0,0,0,0,0,0,4,0,0,0,0,0
browse0_protectFalse_clear1,0,64,sitka-spruce,0,0,0,0,0,0,0,0,0,0,4,0,0,0,0,0
browse0_protectFalse_clear1,0,64,sessile-oak,0,0,0,0,0,0,0,0,0,0,4,0,0,0,0,0
browse0_protectFalse_clear1,0,64,beech,0,0,0,0,0,0,0,0,0,0,4,0,0,0,0,0
browse0_protectFalse_clear1,0,65,sitka-spruce,0,0,0,0,0,0,0,0,0,0,4,0,0,0,0,0
browse0_protectFalse_clear1,0,65,sessile-oak,0,0,0,0,0,0,0,0,0,0,4,0,0,0,0,0
browse0_protectFalse_clear1,0,65,beech,0,0,0,0,0,0,0,0,0,0,4,0,0,0,0,0
browse0_protectFalse_clear1,0,66,sitka-spruce,0,0,0,0,0,0,0,0,0,0,4,0,0,0,0,0
browse0_protectFalse_clear1,0,66,sessile-oak,0,0,0,0,0,0,0,0,0,0,4,0,0,0,0,0
browse0_protectFalse_clear1,0,66,beech,0,0,0,0,0,0,0,0,0,0,4,0,0,0,0,0
browse0_protectFalse_clear1,0,67,sitka-spruce,0,0,0,0,0,0,0,0,0,0,4,0,0,0,0,0
browse0_protectFalse_clear1,0,67,sessile-oak,0,0,0,0,0,0,0,0,0,0,4,0,0,0,0,0
browse0_protectFalse_clear1,0,67,beech,0,0,0,0,0,0,0,0,0,0,4,0,0,0,0,0
browse0_protectFalse_clear1,0,68,sitka-spruce,0,0,0,0,0,0,0,0,0,0,4,0,0,0,0,0
browse0_protectFalse_clear1,0,68,sessile-oak,0,0,0,0,0,0,0,0,0,0,4,0,0,0,0,0
browse0_protectFalse_clear1,0,68,beech,0,0,0,0,0,0,0,0,0,0,4,0,0,0,0,0
browse0_protectFalse_clear1,0,69,sitka-spruce,0,0,0,0,0,0,0,0,0,0,4,0,0,0,0,0
browse0_protectFalse_clear1,0,69,sessile-oak,0,0,0,0,0,0,0,0,0,0,4,0,0,0,0,0
browse0_protectFalse_clear1,0,69,beech,0,0,0,0,0,0,0,0,0,0,4,0,0,0,0,0
browse0_protectFalse_clear1,0,70,sitka-spruce,0,0,0,0,0,0,0,0,0,0,4,0,0,0,0,0
browse0_protectFalse_clear1,0,70,sessile-oak,0,0,0,0,0,0,0,0,0,0,4,0,0,0,0,0
browse0_protectFalse_clear1,0,70,beech,0,0,0,0,0,0,0,0,0,0,4,0,0,0,0,0
browse0_protectFalse_clear1,0,71,sitka-spruce,0,0,0,0,0,0,0,0,0,0,4,0,0,0,0,0
browse0_protectFalse_clear1,0,71,sessile-oak,0,0,0,0,0,0,0,0,0,0,4,0,0,0,0,0
browse0_protectFalse_clear1,0,71,beech,0,0,0,0,0,0,0,0,0,0,4,0,0,0,0,0
browse0_protectFalse_clear1,0,72,sitka-spruce,0,0,0,0,0,0,0,0,0,0,4,0,0,0,0,0
browse0_protectFalse_clear1,0,72,sessile-oak,0,0,0,0,0,0,0,0,0,0,4,0,0,0,0,0
browse0_protectFalse_clear1,0,72,beech,0,0,0,0,0,0,0,0,0,0,4,0,0,0,0,0
browse0_protectFalse_clear1,0,73,sitka-spruce,0,0,0,0,0,0,0,0,0,0,4,0,0,0,0,0
browse0_protectFalse_clear1,0,73,sessile-oak,0,0,0,0,0,0,0,0,0,0,4,0,0,0,0,0
browse0_protectFalse_clear1,0,73,beech,0,0,0,0,0,0,0,0,0,0,4,0,0,0,0,0
browse0_protectFalse_clear1,0,74,sitka-spruce,0,0,0,0,0,0,0,0,0,0,4,0,0,0,0,0
browse0_protectFalse_clear1,0,74,sessile-oak,0,0,0,0,0,0,0,0,0,0,4,0,0,0,0,0
browse0_protectFalse_clear1,0,74,beech,0,0,0,0,0,0,0,0,0,0,4,0,0,0,0,0
browse0_protectFalse_clear1,0,75,sitka-spruce,0,0,0,0,0,0,0,0,0,0,4,0,0,0,0,0
browse0_protectFalse_clear1,0,75,sessile-oak,0,0,0,0,0,0,0,0,0,0,4,0,0,0,0,0
browse0_protectFalse_clear1,0,75,beech,0,0,0,0,0,0,0,0,0,0,4,0,0,0,0,0
browse0_protectFalse_clear1,0,76,sitka-spruce,0,0,0,0,0,0,0,0,0,0,4,0,0,0,0,0
browse0_protectFalse_clear1,0,76,sessile-oak,0,0,0,0,0,0,0,0,0,0,4,0,0,0,0,0
browse0_protectFalse_clear1,0,76,beech,0,0,0,0,0,0,0,0,0,0,4,0,0,0,0,0
browse0_protectFalse_clear1,0,77,sitka-spruce,0,0,0,0,0,0,0,0,0,0,4,0,0,0,0,0
browse0_protectFalse_clear1,0,77,sessile-oak,0,0,0,0,0,0,0,0,0,0,4,0,0,0,0,0
browse0_protectFalse_clear1,0,77,beech,0,0,0,0,0,0,0,0,0,0,4,0,0,0,0,0
browse0_protectFalse_clear1,0,78,sitka-spruce,0,0,0,0,0,0,0,0,0,0,4,0,0,0,0,0
browse0_protectFalse_clear1,0,78,sessile-oak,0,0,0,0,0,0,0,0,0,0,4,0,0,0,0,0
browse0_protectFalse_clear1,0,78,beech,0,0,0,0,0,0,0,0,0,0,4,0,0,0,0,0
browse0_protectFalse_clear1,0,79,sitka-spruce,0,0,0,0,0,0,0,0,0,0,4,0,0,0,0,0
browse0_protectFalse_clear1,0,79,sessile-oak,0,0,0,0,0,0,0,0,0,0,4,0,0,0,0,0
browse0_protectFalse_clear1,0,79,beech,0,0,0,0,0,0,0,0,0,0,4,0,0,0,0,0
browse0_protectFalse_clear1,0,80,sitka-spruce,0,0,0,0,0,0,0,0,0,0,4,0,0,0,0,0
browse0_protectFalse_clear1,0,80,sessile-oak,0,0,0,0,0,0,0,0,0,0,4,0,0,0,0,0
browse0_protectFalse_clear1,0,80,beech,0,0,0,0,0,0,0,0,0,0,4,0,0,0,0,0
browse0_protectFalse_clear1,0,81,sitka-spruce,0,0,0,0,0,0,0,0,0,0,4,0,0,0,0,0
browse0_protectFalse_clear1,0,81,sessile-oak,0,0,0,0,0,0,0,0,0,0,4,0,0,0,0,0
browse0_protectFalse_clear1,0,81,beech,0,0,0,0,0,0,0,0,0,0,4,0,0,0,0,0
browse0_protectFalse_clear1,0,82,sitka-spruce,0,0,0,0,0,0,0,0,0,0,4,0,0,0,0,0
browse0_protectFalse_clear1,0,82,sessile-oak,0,0,0,0,0,0,0,0,0,0,4,0,0,0,0,0
browse0_protectFalse_clear1,0,82,beech,0,0,0,0,0,0,0,0,0,0,4,0,0,0,0,0
browse0_protectFalse_clear1,0,83,sitka-spruce,0,0,0,0,0,0,0,0,0,0,4,0,0,0,0,0
browse0_protectFalse_clear1,0,83,sessile-oak,0,0,0,0,0,0,0,0,0,0,4,0,0,0,0,0
browse0_protectFalse_clear1,0,83,beech,0,0,0,0,0,0,0,0,0,0,4,0,0,0,0,0
browse0_protectFalse_clear1,0,84,sitka-spruce,0,0,0,0,0,0,0,0,0,0,4,0,0,0,0,0
browse0_protectFalse_clear1,0,84,sessile-oak,0,0,0,0,0,0,0,0,0,0,4,0,0,0,0,0
browse0_protectFalse_clear1,0,84,beech,0,0,0,0,0,0,0,0,0,0,4,0,0,0,0,0
browse0_protectFalse_clear1,0,85,sitka-spruce,0,0,0,0,0,0,0,0,0,0,4,0,0,0,0,0
browse0_protectFalse_clear1,0,85,sessile-oak,0,0,0,0,0,0,0,0,0,0,4,0,0,0,0,0
browse0_protectFalse_clear1,0,85,beech,0,0,0,0,0,0,0,0,0,0,4,0,0,0,0,0
browse0_protectFalse_clear1,0,86,sitka-spruce,0,0,0,0,0,0,0,0,0,0,4,0,0,0,0,0
browse0_protectFalse_clear1,0,86,sessile-oak,0,0,0,0,0,0,0,0,0,0,4,0,0,0,0,0
browse0_protectFalse_clear1,0,86,beech,0,0,0,0,0,0,0,0,0,0,4,0,0,0,0,0
browse0_protectFalse_clear1,0,87,sitka-spruce,0,0,0,0,0,0,0,0,0,0,4,0,0,0,0,0
browse0_protectFalse_clear1,0,87,sessile-oak,0,0,0,0,0,0,0,0,0,0,4,0,0,0,0,0
browse0_protectFalse_clear1,0,87,beech,0,0,0,0,0,0,0,0,0,0,4,0,0,0,0,0
browse0_protectFalse_clear1,0,88,sitka-spruce,0,0,0,0,0,0,0,0,0,0,4,0,0,0,0,0
browse0_protectFalse_clear1,0,88,sessile-oak,0,0,0,0,0,0,0,0,0,0,4,0,0,0,0,0
browse0_protectFalse_clear1,0,88,beech,0,0,0,0,0,0,0,0,0,0,4,0,0,0,0,0
browse0_protectFalse_clear1,0,89,sitka-spruce,0,0,0,0,0,0,0,0,0,0,4,0,0,0,0,0
browse0_protectFalse_clear1,0,89,sessile-oak,0,0,0,0,0,0,0,0,0,0,4,0,0,0,0,0
browse0_protectFalse_clear1,0,89,beech,0,0,0,0,0,0,0,0,0,0,4,0,0,0,0,0
browse0_protectFalse_clear1,0,90,sitka-spruce,0,0,0,0,0,0,0,0,0,0,4,0,0,0,0,0
browse0_protectFalse_clear1,0,90,sessile-oak,0,0,0,0,0,0,0,0,0,0,4,0,0,0,0,0
browse0_protectFalse_clear1,0,90,beech,0,0,0,0,0,0,0,0,0,0,4,0,0,0,0,0
browse0_protectFalse_clear1,0,91,sitka-spruce,0,0,0,0,0,0,0,0,0,0,4,0,0,0,0,0
browse0_protectFalse_clear1,0,91,sessile-oak,0,0,0,0,0,0,0,0,0,0,4,0,0,0,0,0
browse0_protectFalse_clear1,0,91,beech,0,0,0,0,0,0,0,0,0,0,4,0,0,0,0,0
browse0_protectFalse_clear1,0,92,sitka-spruce,0,0,0,0,0,0,0,0,0,0,4,0,0,0,0,0
browse0_protectFalse_clear1,0,92,sessile-oak,0,0,0,0,0,0,0,0,0,0,4,0,0,0,0,0
browse0_protectFalse_clear1,0,92,beech,0,0,0,0,0,0,0,0,0,0,4,0,0,0,0,0
browse0_protectFalse_clear1,0,93,sitka-spruce,0,0,0,0,0,0,0,0,0,0,4,0,0,0,0,0
browse0_protectFalse_clear1,0,93,sessile-oak,0,0,0,0,0,0,0,0,0,0,4,0,0,0,0,0
browse0_protectFalse_clear1,0,93,beech,0,0,0,0,0,0,0,0,0,0,4,0,0,0,0,0
browse0_protectFalse_clear1,0,94,sitka-spruce,0,0,0,0,0,0,0,0,0,0,4,0,0,0,0,0
browse0_protectFalse_clear1,0,94,sessile-oak,0,0,0,0,0,0,0,0,0,0,4,0,0,0,0,0
browse0_protectFalse_clear1,0,94,beech,0,0,0,0,0,0,0,0,0,0,4,0,0,0,0,0
browse0_protectFalse_clear1,0,95,sitka-spruce,0,0,0,0,0,0,0,0,0,0,4,0,0,0,0,0
browse0_protectFalse_clear1,0,95,sessile-oak,0,0,0,0,0,0,0,0,0,0,4,0,0,0,0,0
browse0_protectFalse_clear1,0,95,beech,0,0,0,0,0,0,0,0,0,0,4,0,0,0,0,0
browse0_protectFalse_clear1,0,96,sitka-spruce,0,0,0,0,0,0,0,0,0,0,4,0,0,0,0,0
browse0_protectFalse_clear1,0,96,sessile-oak,0,0,0,0,0,0,0,0,0,0,4,0,0,0,0,0
browse0_protectFalse_clear1,0,96,beech,0,0,0,0,0,0,0,0,0,0,4,0,0,0,0,0
browse0_protectFalse_clear1,0,97,sitka-spruce,0,0,0,0,0,0,0,0,0,0,4,0,0,0,0,0
browse0_protectFalse_clear1,0,97,sessile-oak,0,0,0,0,0,0,0,0,0,0,4,0,0,0,0,0
browse0_protectFalse_clear1,0,97,beech,0,0,0,0,0,0,0,0,0,0,4,0,0,0,0,0
browse0_protectFalse_clear1,0,98,sitka-spruce,0,0,0,0,0,0,0,0,0,0,4,0,0,0,0,0
browse0_protectFalse_clear1,0,98,sessile-oak,0,0,0,0,0,0,0,0,0,0,4,0,0,0,0,0
browse0_protectFalse_clear1,0,98,beech,0,0,0,0,0,0,0,0,0,0,4,0,0,0,0,0
browse0_protectFalse_clear1,0,99,sitka-spruce,0,0,0,0,0,0,0,0,0,0,4,0,0,0,0,0
browse0_protectFalse_clear1,0,99,sessile-oak,0,0,0,0,0,0,0,0,0,0,4,0,0,0,0,0
browse0_protectFalse_clear1,0,99,beech,0,0,0,0,0,0,0,0,0,0,4,0,0,0,0,0
browse0_protectFalse_clear1,0,100,sitka-spruce,0,0,0,0,0,0,0,0,0,0,4,0,0,0,0,0
browse0_protectFalse_clear1,0,100,sessile-oak,0,0,0,0,0,0,0,0,0,0,4,0,0,0,0,0
browse0_protectFalse_clear1,0,100,beech,0,0,0,0,0,0,0,0,0,0,4,0,0,0,0,0
browse0_protectFalse_clear1,1,1,sitka-spruce,0,0,0,0,0,0,0,0,0,0,4,0,0,2.4000000953674316,12,0
browse0_protectFalse_clear1,1,1,sessile-oak,0,0,0,0,0,0,0,0,0,0,4,0,0,2.4000000953674316,12,0
browse0_protectFalse_clear1,1,1,beech,0,0,0,0,0,0,0,0,0,0,4,0,0,2.4000000953674316,12,0
browse0_protectFalse_clear1,1,2,sitka-spruce,0,0,0,0,0,0,0,0,0,0,4,0,0,0,0,0
browse0_protectFalse_clear1,1,2,sessile-oak,0,0,0,0,0,0,0,0,0,0,4,0,0,0,0,0
browse0_protectFalse_clear1,1,2,beech,0,0,0,0,0,0,0,0,0,0,4,0,0,0,0,0
browse0_protectFalse_clear1,1,3,sitka-spruce,0,0,0,0,0,0,0,0,0,0,4,0,0,0,0,0
browse0_protectFalse_clear1,1,3,sessile-oak,0,0,0,0,0,0,0,0,0,0,4,0,0,0,0,0
browse0_protectFalse_clear1,1,3,beech,0,0,0,0,0,0,0,0,0,0,4,0,0,0,0,0
browse0_protectFalse_clear1,1,4,sitka-spruce,0,0,0,0,0,0,0,0,0,0,4,0,0,0,0,0
browse0_protectFalse_clear1,1,4,sessile-oak,0,0,0,0,0,0,0,0,0,0,4,0,0,0,0,0
browse0_protectFalse_clear1,1,4,beech,0,0,0,0,0,0,0,0,0,0,4,0,0,0,0,0
browse0_protectFalse_clear1,1,5,sitka-spruce,0,0,0,0,0,0,0,0,0,0,4,0,0,0,0,0
browse0_protectFalse_clear1,1,5,sessile-oak,0,0,0,0,0,0,0,0,0,0,4,0,0,0,0,0
browse0_protectFalse_clear1,1,5,beech,0,0,0,0,0,0,0,0,0,0,4,0,0,0,0,0
browse0_protectFalse_clear1,1,6,sitka-spruce,0,0,0,0,0,0,0,0,0,0,4,0,0,0,0,0
browse0_protectFalse_clear1,1,6,sessile-oak,0,0,0,0,0,0,0,0,0,0,4,0,0,0,0,0
browse0_protectFalse_clear1,1,6,beech,0,0,0,0,0,0,0,0,0,0,4,0,0,0,0,0
browse0_protectFalse_clear1,1,7,sitka-spruce,0,0,0,0,0,0,0,0,0,0,4,0,0,0,0,0
browse0_protectFalse_clear1,1,7,sessile-oak,0,0,0,0,0,0,0,0,0,0,4,0,0,0,0,0
browse0_protectFalse_clear1,1,7,beech,0,0,0,0,0,0,0,0,0,0,4,0,0,0,0,0
browse0_protectFalse_clear1,1,8,sitka-spruce,0,0,0,0,0,0,0,0,0,0,4,0,0,0,0,0
browse0_protectFalse_clear1,1,8,sessile-oak,0,0,0,0,0,0,0,0,0,0,4,0,0,0,0,0
browse0_protectFalse_clear1,1,8,beech,0,0,0,0,0,0,0,0,0,0,4,0,0,0,0,0
browse0_protectFalse_clear1,1,9,sitka-spruce,0,0,0,0,0,0,0,0,0,0,4,0,0,0,0,0
browse0_protectFalse_clear1,1,9,sessile-oak,0,0,0,0,0,0,0,0,0,0,4,0,0,0,0,0
browse0_protectFalse_clear1,1,9,beech,0,0,0,0,0,0,0,0,0,0,4,0,0,0,0,0
browse0_protectFalse_clear1,1,10,sitka-spruce,0,0,0,0,0,0,0,0,0,0,4,0,0,0,0,0
browse0_protectFalse_clear1,1,10,sessile-oak,0,0,0,0,0,0,0,0,0,0,4,0,0,0,0,0
browse0_protectFalse_clear1,1,10,beech,0,0,0,0,0,0,0,0,0,0,4,0,0,0,0,0
browse0_protectFalse_clear1,1,11,sitka-spruce,0,0,0,0,0,0,0,0,0,0,4,0,0,0,0,0
browse0_protectFalse_clear1,1,11,sessile-oak,0,0,0,0,0,0,0,0,0,0,4,0,0,0,0,0
browse0_protectFalse_clear1,1,11,beech,0,0,0,0,0,0,0,0,0,0,4,0,0,0,0,0
browse0_protectFalse_clear1,1,12,sitka-spruce,0,0,0,0,0,0,0,0,0,0,4,0,0,0,0,0
browse0_protectFalse_clear1,1,12,sessile-oak,0,0,0,0,0,0,0,0,0,0,4,0,0,0,0,0
browse0_protectFalse_clear1,1,12,beech,0,0,0,0,0,0,0,0,0,0,4,0,0,0,0,0
browse0_protectFalse_clear1,1,13,sitka-spruce,0,0,0,0,0,0,0,0,0,0,4,0,0,0,0,0
browse0_protectFalse_clear1,1,13,sessile-oak,0,0,0,0,0,0,0,0,0,0,4,0,0,0,0,0
browse0_protectFalse_clear1,1,13,beech,0,0,0,0,0,0,0,0,0,0,4,0,0,0,0,0
browse0_protectFalse_clear1,1,14,sitka-spruce,0,0,0,0,0,0,0,0,0,0,4,0,0,0,0,0
browse0_protectFalse_clear1,1,14,sessile-oak,0,0,0,0,0,0,0,0,0,0,4,0,0,0,0,0
browse0_protectFalse_clear1,1,14,beech,0,0,0,0,0,0,0,0,0,0,4,0,0,0,0,0
browse0_protectFalse_clear1,1,15,sitka-spruce,0,0,0,0,0,0,0,0,0,0,4,0,0,0,0,0
browse0_protectFalse_clear1,1,15,sessile-oak,0,0,0,0,0,0,0,0,0,0,4,0,0,0,0,0
browse0_protectFalse_clear1,1,15,beech,0,0,0,0,0,0,0,0,0,0,4,0,0,0,0,0
browse0_protectFalse_clear1,1,16,sitka-spruce,0,0,0,0,0,0,0,0,0,0,4,0,0,0,0,0
browse0_protectFalse_clear1,1,16,sessile-oak,0,0,0,0,0,0,0,0,0,0,4,0,0,0,0,0
browse0_protectFalse_clear1,1,16,beech,0,0,0,0,0,0,0,0,0,0,4,0,0,0,0,0
browse0_protectFalse_clear1,1,17,sitka-spruce,0,0,0,0,0,0,0,0,0,0,4,0,0,0,0,0
browse0_protectFalse_clear1,1,17,sessile-oak,0,0,0,0,0,0,0,0,0,0,4,0,0,0,0,0
browse0_protectFalse_clear1,1,17,beech,0,0,0,0,0,0,0,0,0,0,4,0,0,0,0,0
browse0_protectFalse_clear1,1,18,sitka-spruce,0,0,0,0,0,0,0,0,0,0,4,0,0,0,0,0
browse0_protectFalse_clear1,1,18,sessile-oak,0,0,0,0,0,0,0,0,0,0,4,0,0,0,0,0
browse0_protectFalse_clear1,1,18,beech,0,0,0,0,0,0,0,0,0,0,4,0,0,0,0,0
browse0_protectFalse_clear1,1,19,sitka-spruce,0,0,0,0,0,0,0,0,0,0,4,0,0,0,0,0
browse0_protectFalse_clear1,1,19,sessile-oak,0,0,0,0,0,0,0,0,0,0,4,0,0,0,0,0
browse0_protectFalse_clear1,1,19,beech,0,0,0,0,0,0,0,0,0,0,4,0,0,0,0,0
browse0_protectFalse_clear1,1,20,sitka-spruce,0,0,0,0,0,0,0,0,0,0,4,0,0,0,0,0
browse0_protectFalse_clear1,1,20,sessile-oak,0,0,0,0,0,0,0,0,0,0,4,0,0,0,0,0
browse0_protectFalse_clear1,1,20,beech,0,0,0,0,0,0,0,0,0,0,4,0,0,0,0,0
browse0_protectFalse_clear1,1,21,sitka-spruce,0,0,0,0,0,0,0,0,0,0,4,0,0,0,0,0
browse0_protectFalse_clear1,1,21,sessile-oak,0,0,0,0,0,0,0,0,0,0,4,0,0,0,0,0
browse0_protectFalse_clear1,1,21,beech,0,0,0,0,0,0,0,0,0,0,4,0,0,0,0,0
browse0_protectFalse_clear1,1,22,sitka-spruce,0,0,0,0,0,0,0,0,0,0,4,0,0,0,0,0
browse0_protectFalse_clear1,1,22,sessile-oak,0,0,0,0,0,0,0,0,0,0,4,0,0,0,0,0
browse0_protectFalse_clear1,1,22,beech,0,0,0,0,0,0,0,0,0,0,4,0,0,0,0,0
browse0_protectFalse_clear1,1,23,sitka-spruce,0,0,0,0,0,0,0,0,0,0,4,0,0,0,0,0
browse0_protectFalse_clear1,1,23,sessile-oak,0,0,0,0,0,0,0,0,0,0,4,0,0,0,0,0
browse0_protectFalse_clear1,1,23,beech,0,0,0,0,0,0,0,0,0,0,4,0,0,0,0,0
browse0_protectFalse_clear1,1,24,sitka-spruce,0,0,0,0,0,0,0,0,0,0,4,0,0,0,0,0
browse0_protectFalse_clear1,1,24,sessile-oak,0,0,0,0,0,0,0,0,0,0,4,0,0,0,0,0
browse0_protectFalse_clear1,1,24,beech,0,0,0,0,0,0,0,0,0,0,4,0,0,0,0,0
browse0_protectFalse_clear1,1,25,sitka-spruce,0,0,0,0,0,0,0,0,0,0,4,0,0,0,0,0
browse0_protectFalse_clear1,1,25,sessile-oak,0,0,0,0,0,0,0,0,0,0,4,0,0,0,0,0
browse0_protectFalse_clear1,1,25,beech,0,0,0,0,0,0,0,0,0,0,4,0,0,0,0,0
browse0_protectFalse_clear1,1,26,sitka-spruce,0,0,0,0,0,0,0,0,0,0,4,0,0,0,0,0
browse0_protectFalse_clear1,1,26,sessile-oak,0,0,0,0,0,0,0,0,0,0,4,0,0,0,0,0
browse0_protectFalse_clear1,1,26,beech,0,0,0,0,0,0,0,0,0,0,4,0,0,0,0,0
browse0_protectFalse_clear1,1,27,sitka-spruce,0,0,0,0,0,0,0,0,0,0,4,0,0,0,0,0
browse0_protectFalse_clear1,1,27,sessile-oak,0,0,0,0,0,0,0,0,0,0,4,0,0,0,0,0
browse0_protectFalse_clear1,1,27,beech,0,0,0,0,0,0,0,0,0,0,4,0,0,0,0,0
browse0_protectFalse_clear1,1,28,sitka-spruce,0,0,0,0,0,0,0,0,0,0,4,0,0,0,0,0
browse0_protectFalse_clear1,1,28,sessile-oak,0,0,0,0,0,0,0,0,0,0,4,0,0,0,0,0
browse0_protectFalse_clear1,1,28,beech,0,0,0,0,0,0,0,0,0,0,4,0,0,0,0,0
browse0_protectFalse_clear1,1,29,sitka-spruce,0,0,0,0,0,0,0,0,0,0,4,0,0,0,0,0
browse0_protectFalse_clear1,1,29,sessile-oak,0,0,0,0,0,0,0,0,0,0,4,0,0,0,0,0
browse0_protectFalse_clear1,1,29,beech,0,0,0,0,0,0,0,0,0,0,4,0,0,0,0,0
browse0_protectFalse_clear1,1,30,sitka-spruce,0,0,0,0,0,0,0,0,0,0,4,0,0,0,0,0
browse0_protectFalse_clear1,1,30,sessile-oak,0,0,0,0,0,0,0,0,0,0,4,0,0,0,0,0
browse0_protectFalse_clear1,1,30,beech,0,0,0,0,0,0,0,0,0,0,4,0,0,0,0,0
browse0_protectFalse_clear1,1,31,sitka-spruce,0,0,0,0,0,0,0,0,0,0,4,0,0,0,0,0
browse0_protectFalse_clear1,1,31,sessile-oak,0,0,0,0,0,0,0,0,0,0,4,0,0,0,0,0
browse0_protectFalse_clear1,1,31,beech,0,0,0,0,0,0,0,0,0,0,4,0,0,0,0,0
browse0_protectFalse_clear1,1,32,sitka-spruce,0,0,0,0,0,0,0,0,0,0,4,0,0,0,0,0
browse0_protectFalse_clear1,1,32,sessile-oak,0,0,0,0,0,0,0,0,0,0,4,0,0,0,0,0
browse0_protectFalse_clear1,1,32,beech,0,0,0,0,0,0,0,0,0,0,4,0,0,0,0,0
browse0_protectFalse_clear1,1,33,sitka-spruce,0,0,0,0,0,0,0,0,0,0,4,0,0,0,0,0
browse0_protectFalse_clear1,1,33,sessile-oak,0,0,0,0,0,0,0,0,0,0,4,0,0,0,0,0
browse0_protectFalse_clear1,1,33,beech,0,0,0,0,0,0,0,0,0,0,4,0,0,0,0,0
browse0_protectFalse_clear1,1,34,sitka-spruce,0,0,0,0,0,0,0,0,0,0,4,0,0,0,0,0
browse0_protectFalse_clear1,1,34,sessile-oak,0,0,0,0,0,0,0,0,0,0,4,0,0,0,0,0
browse0_protectFalse_clear1,1,34,beech,0,0,0,0,0,0,0,0,0,0,4,0,0,0,0,0
browse0_protectFalse_clear1,1,35,sitka-spruce,0,0,0,0,0,0,0,0,0,0,4,0,0,0,0,0
browse0_protectFalse_clear1,1,35,sessile-oak,0,0,0,0,0,0,0,0,0,0,4,0,0,0,0,0
browse0_protectFalse_clear1,1,35,beech,0,0,0,0,0,0,0,0,0,0,4,0,0,0,0,0
browse0_protectFalse_clear1,1,36,sitka-spruce,0,0,0,0,0,0,0,0,0,0,4,0,0,0,0,0
browse0_protectFalse_clear1,1,36,sessile-oak,0,0,0,0,0,0,0,0,0,0,4,0,0,0,0,0
browse0_protectFalse_clear1,1,36,beech,0,0,0,0,0,0,0,0,0,0,4,0,0,0,0,0
browse0_protectFalse_clear1,1,37,sitka-spruce,0,0,0,0,0,0,0,0,0,0,4,0,0,0,0,0
browse0_protectFalse_clear1,1,37,sessile-oak,0,0,0,0,0,0,0,0,0,0,4,0,0,0,0,0
browse0_protectFalse_clear1,1,37,beech,0,0,0,0,0,0,0,0,0,0,4,0,0,0,0,0
browse0_protectFalse_clear1,1,38,sitka-spruce,0,0,0,0,0,0,0,0,0,0,4,0,0,0,0,0
browse0_protectFalse_clear1,1,38,sessile-oak,0,0,0,0,0,0,0,0,0,0,4,0,0,0,0,0
browse0_protectFalse_clear1,1,38,beech,0,0,0,0,0,0,0,0,0,0,4,0,0,0,0,0
browse0_protectFalse_clear1,1,39,sitka-spruce,0,0,0,0,0,0,0,0,0,0,4,0,0,0,0,0
browse0_protectFalse_clear1,1,39,sessile-oak,0,0,0,0,0,0,0,0,0,0,4,0,0,0,0,0
browse0_protectFalse_clear1,1,39,beech,0,0,0,0,0,0,0,0,0,0,4,0,0,0,0,0
browse0_protectFalse_clear1,1,40,sitka-spruce,0,0,0,0,0,0,0,0,0,0,4,0,0,0,0,0
browse0_protectFalse_clear1,1,40,sessile-oak,0,0,0,0,0,0,0,0,0,0,4,0,0,0,0,0
browse0_protectFalse_clear1,1,40,beech,0,0,0,0,0,0,0,0,0,0,4,0,0,0,0,0
browse0_protectFalse_clear1,1,41,sitka-spruce,0,0,0,0,0,0,0,0,0,0,4,0,0,0,0,0
browse0_protectFalse_clear1,1,41,sessile-oak,0,0,0,0,0,0,0,0,0,0,4,0,0,0,0,0
browse0_protectFalse_clear1,1,41,beech,0,0,0,0,0,0,0,0,0,0,4,0,0,0,0,0
browse0_protectFalse_clear1,1,42,sitka-spruce,0,0,0,0,0,0,0,0,0,0,4,0,0,0,0,0
browse0_protectFalse_clear1,1,42,sessile-oak,0,0,0,0,0,0,0,0,0,0,4,0,0,0,0,0
browse0_protectFalse_clear1,1,42,beech,0,0,0,0,0,0,0,0,0,0,4,0,0,0,0,0
browse0_protectFalse_clear1,1,43,sitka-spruce,0,0,0,0,0,0,0,0,0,0,4,0,0,0,0,0
browse0_protectFalse_clear1,1,43,sessile-oak,0,0,0,0,0,0,0,0,0,0,4,0,0,0,0,0
browse0_protectFalse_clear1,1,43,beech,0,0,0,0,0,0,0,0,0,0,4,0,0,0,0,0
browse0_protectFalse_clear1,1,44,sitka-spruce,0,0,0,0,0,0,0,0,0,0,4,0,0,0,0,0
browse0_protectFalse_clear1,1,44,sessile-oak,0,0,0,0,0,0,0,0,0,0,4,0,0,0,0,0
browse0_protectFalse_clear1,1,44,beech,0,0,0,0,0,0,0,0,0,0,4,0,0,0,0,0
browse0_protectFalse_clear1,1,45,sitka-spruce,0,0,0,0,0,0,0,0,0,0,4,0,0,0,0,0
browse0_protectFalse_clear1,1,45,sessile-oak,0,0,0,0,0,0,0,0,0,0,4,0,0,0,0,0
browse0_protectFalse_clear1,1,45,beech,0,0,0,0,0,0,0,0,0,0,4,0,0,0,0,0
browse0_protectFalse_clear1,1,46,sitka-spruce,0,0,0,0,0,0,0,0,0,0,4,0,0,0,0,0
browse0_protectFalse_clear1,1,46,sessile-oak,0,0,0,0,0,0,0,0,0,0,4,0,0,0,0,0
browse0_protectFalse_clear1,1,46,beech,0,0,0,0,0,0,0,0,0,0,4,0,0,0,0,0
browse0_protectFalse_clear1,1,47,sitka-spruce,0,0,0,0,0,0,0,0,0,0,4,0,0,0,0,0
browse0_protectFalse_clear1,1,47,sessile-oak,0,0,0,0,0,0,0,0,0,0,4,0,0,0,0,0
browse0_protectFalse_clear1,1,47,beech,0,0,0,0,0,0,0,0,0,0,4,0,0,0,0,0
browse0_protectFalse_clear1,1,48,sitka-spruce,0,0,0,0,0,0,0,0,0,0,4,0,0,0,0,0
browse0_protectFalse_clear1,1,48,sessile-oak,0,0,0,0,0,0,0,0,0,0,4,0,0,0,0,0
browse0_protectFalse_clear1,1,48,beech,0,0,0,0,0,0,0,0,0,0,4,0,0,0,0,0
browse0_protectFalse_clear1,1,49,sitka-spruce,0,0,0,0,0,0,0,0,0,0,4,0,0,0,0,0
browse0_protectFalse_clear1,1,49,sessile-oak,0,0,0,0,0,0,0,0,0,0,4,0,0,0,0,0
browse0_protectFalse_clear1,1,49,beech,0,0,0,0,0,0,0,0,0,0,4,0,0,0,0,0
browse0_protectFalse_clear1,1,50,sitka-spruce,0,0,0,0,0,0,0,0,0,0,4,0,0,0,0,0
browse0_protectFalse_clear1,1,50,sessile-oak,0,0,0,0,0,0,0,0,0,0,4,0,0,0,0,0
browse0_protectFalse_clear1,1,50,beech,0,0,0,0,0,0,0,0,0,0,4,0,0,0,0,0
browse0_protectFalse_clear1,1,51,sitka-spruce,0,0,0,0,0,0,0,0,0,0,4,0,0,0,0,0
browse0_protectFalse_clear1,1,51,sessile-oak,0,0,0,0,0,0,0,0,0,0,4,0,0,0,0,0
browse0_protectFalse_clear1,1,51,beech,0,0,0,0,0,0,0,0,0,0,4,0,0,0,0,0
browse0_protectFalse_clear1,1,52,sitka-spruce,0,0,0,0,0,0,0,0,0,0,4,0,0,0,0,0
browse0_protectFalse_clear1,1,52,sessile-oak,0,0,0,0,0,0,0,0,0,0,4,0,0,0,0,0
browse0_protectFalse_clear1,1,52,beech,0,0,0,0,0,0,0,0,0,0,4,0,0,0,0,0
browse0_protectFalse_clear1,1,53,sitka-spruce,0,0,0,0,0,0,0,0,0,0,4,0,0,0,0,0
browse0_protectFalse_clear1,1,53,sessile-oak,0,0,0,0,0,0,0,0,0,0,4,0,0,0,0,0
browse0_protectFalse_clear1,1,53,beech,0,0,0,0,0,0,0,0,0,0,4,0,0,0,0,0
browse0_protectFalse_clear1,1,54,sitka-spruce,0,0,0,0,0,0,0,0,0,0,4,0,0,0,0,0
browse0_protectFalse_clear1,1,54,sessile-oak,0,0,0,0,0,0,0,0,0,0,4,0,0,0,0,0
browse0_protectFalse_clear1,1,54,beech,0,0,0,0,0,0,0,0,0,0,4,0,0,0,0,0
browse0_protectFalse_clear1,1,55,sitka-spruce,0,0,0,0,0,0,0,0,0,0,4,0,0,0,0,0
browse0_protectFalse_clear1,1,55,sessile-oak,0,0,0,0,0,0,0,0,0,0,4,0,0,0,0,0
browse0_protectFalse_clear1,1,55,beech,0,0,0,0,0,0,0,0,0,0,4,0,0,0,0,0
browse0_protectFalse_clear1,1,56,sitka-spruce,0,0,0,0,0,0,0,0,0,0,4,0,0,0,0,0
browse0_protectFalse_clear1,1,56,sessile-oak,0,0,0,0,0,0,0,0,0,0,4,0,0,0,0,0
browse0_protectFalse_clear1,1,56,beech,0,0,0,0,0,0,0,0,0,0,4,0,0,0,0,0
browse0_protectFalse_clear1,1,57,sitka-spruce,0,0,0,0,0,0,0,0,0,0,4,0,0,0,0,0
browse0_protectFalse_clear1,1,57,sessile-oak,0,0,0,0,0,0,0,0,0,0,4,0,0,0,0,0
browse0_protectFalse_clear1,1,57,beech,0,0,0,0,0,0,0,0,0,0,4,0,0,0,0,0
browse0_protectFalse_clear1,1,58,sitka-spruce,0,0,0,0,0,0,0,0,0,0,4,0,0,0,0,0
browse0_protectFalse_clear1,1,58,sessile-oak,0,0,0,0,0,0,0,0,0,0,4,0,0,0,0,0
browse0_protectFalse_clear1,1,58,beech,0,0,0,0,0,0,0,0,0,0,4,0,0,0,0,0
browse0_protectFalse_clear1,1,59,sitka-spruce,0,0,0,0,0,0,0,0,0,0,4,0,0,0,0,0
browse0_protectFalse_clear1,1,59,sessile-oak,0,0,0,0,0,0,0,0,0,0,4,0,0,0,0,0
browse0_protectFalse_clear1,1,59,beech,0,0,0,0,0,0,0,0,0,0,4,0,0,0,0,0
browse0_protectFalse_clear1,1,60,sitka-spruce,0,0,0,0,0,0,0,0,0,0,4,0,0,0,0,0
browse0_protectFalse_clear1,1,60,sessile-oak,0,0,0,0,0,0,0,0,0,0,4,0,0,0,0,0
browse0_protectFalse_clear1,1,60,beech,0,0,0,0,0,0,0,0,0,0,4,0,0,0,0,0
browse0_protectFalse_clear1,1,61,sitka-spruce,0,0,0,0,0,0,0,0,0,0,4,0,0,0,0,0
browse0_protectFalse_clear1,1,61,sessile-oak,0,0,0,0,0,0,0,0,0,0,4,0,0,0,0,0
browse0_protectFalse_clear1,1,61,beech,0,0,0,0,0,0,0,0,0,0,4,0,0,0,0,0
browse0_protectFalse_clear1,1,62,sitka-spruce,0,0,0,0,0,0,0,0,0,0,4,0,0,0,0,0
browse0_protectFalse_clear1,1,62,sessile-oak,0,0,0,0,0,0,0,0,0,0,4,0,0,0,0,0
browse0_protectFalse_clear1,1,62,beech,0,0,0,0,0,0,0,0,0,0,4,0,0,0,0,0
browse0_protectFalse_clear1,1,63,sitka-spruce,0,0,0,0,0,0,0,0,0,0,4,0,0,0,0,0
browse0_protectFalse_clear1,1,63,sessile-oak,0,0,0,0,0,0,0,0,0,0,4,0,0,0,0,0
browse0_protectFalse_clear1,1,63,beech,0,0,0,0,0,0,0,0,0,0,4,0,0,0,0,0
browse0_protectFalse_clear1,1,64,sitka-spruce,0,0,0,0,0,0,0,0,0,0,4,0,0,0,0,0
browse0_protectFalse_clear1,1,64,sessile-oak,0,0,0,0,0,0,0,0,0,0,4,0,0,0,0,0
browse0_protectFalse_clear1,1,64,beech,0,0,0,0,0,0,0,0,0,0,4,0,0,0,0,0
browse0_protectFalse_clear1,1,65,sitka-spruce,0,0,0,0,0,0,0,0,0,0,4,0,0,0,0,0
browse0_protectFalse_clear1,1,65,sessile-oak,0,0,0,0,0,0,0,0,0,0,4,0,0,0,0,0
browse0_protectFalse_clear1,1,65,beech,0,0,0,0,0,0,0,0,0,0,4,0,0,0,0,0
browse0_protectFalse_clear1,1,66,sitka-spruce,0,0,0,0,0,0,0,0,0,0,4,0,0,0,0,0
browse0_protectFalse_clear1,1,66,sessile-oak,0,0,0,0,0,0,0,0,0,0,4,0,0,0,0,0
browse0_protectFalse_clear1,1,66,beech,0,0,0,0,0,0,0,0,0,0,4,0,0,0,0,0
browse0_protectFalse_clear1,1,67,sitka-spruce,0,0,0,0,0,0,0,0,0,0,4,0,0,0,0,0
browse0_protectFalse_clear1,1,67,sessile-oak,0,0,0,0,0,0,0,0,0,0,4,0,0,0,0,0
browse0_protectFalse_clear1,1,67,beech,0,0,0,0,0,0,0,0,0,0,4,0,0,0,0,0
browse0_protectFalse_clear1,1,68,sitka-spruce,0,0,0,0,0,0,0,0,0,0,4,0,0,0,0,0
browse0_protectFalse_clear1,1,68,sessile-oak,0,0,0,0,0,0,0,0,0,0,4,0,0,0,0,0
browse0_protectFalse_clear1,1,68,beech,0,0,0,0,0,0,0,0,0,0,4,0,0,0,0,0
browse0_protectFalse_clear1,1,69,sitka-spruce,0,0,0,0,0,0,0,0,0,0,4,0,0,0,0,0
browse0_protectFalse_clear1,1,69,sessile-oak,0,0,0,0,0,0,0,0,0,0,4,0,0,0,0,0
browse0_protectFalse_clear1,1,69,beech,0,0,0,0,0,0,0,0,0,0,4,0,0,0,0,0
browse0_protectFalse_clear1,1,70,sitka-spruce,0,0,0,0,0,0,0,0,0,0,4,0,0,0,0,0
browse0_protectFalse_clear1,1,70,sessile-oak,0,0,0,0,0,0,0,0,0,0,4,0,0,0,0,0
browse0_protectFalse_clear1,1,70,beech,0,0,0,0,0,0,0,0,0,0,4,0,0,0,0,0
browse0_protectFalse_clear1,1,71,sitka-spruce,0,0,0,0,0,0,0,0,0,0,4,0,0,0,0,0
browse0_protectFalse_clear1,1,71,sessile-oak,0,0,0,0,0,0,0,0,0,0,4,0,0,0,0,0
browse0_protectFalse_clear1,1,71,beech,0,0,0,0,0,0,0,0,0,0,4,0,0,0,0,0
browse0_protectFalse_clear1,1,72,sitka-spruce,0,0,0,0,0,0,0,0,0,0,4,0,0,0,0,0
browse0_protectFalse_clear1,1,72,sessile-oak,0,0,0,0,0,0,0,0,0,0,4,0,0,0,0,0
browse0_protectFalse_clear1,1,72,beech,0,0,0,0,0,0,0,0,0,0,4,0,0,0,0,0
browse0_protectFalse_clear1,1,73,sitka-spruce,0,0,0,0,0,0,0,0,0,0,4,0,0,0,0,0
browse0_protectFalse_clear1,1,73,sessile-oak,0,0,0,0,0,0,0,0,0,0,4,0,0,0,0,0
browse0_protectFalse_clear1,1,73,beech,0,0,0,0,0,0,0,0,0,0,4,0,0,0,0,0
browse0_protectFalse_clear1,1,74,sitka-spruce,0,0,0,0,0,0,0,0,0,0,4,0,0,0,0,0
browse0_protectFalse_clear1,1,74,sessile-oak,0,0,0,0,0,0,0,0,0,0,4,0,0,0,0,0
browse0_protectFalse_clear1,1,74,beech,0,0,0,0,0,0,0,0,0,0,4,0,0,0,0,0
browse0_protectFalse_clear1,1,75,sitka-spruce,0,0,0,0,0,0,0,0,0,0,4,0,0,0,0,0
browse0_protectFalse_clear1,1,75,sessile-oak,0,0,0,0,0,0,0,0,0,0,4,0,0,0,0,0
browse0_protectFalse_clear1,1,75,beech,0,0,0,0,0,0,0,0,0,0,4,0,0,0,0,0
browse0_protectFalse_clear1,1,76,sitka-spruce,0,0,0,0,0,0,0,0,0,0,4,0,0,0,0,0
browse0_protectFalse_clear1,1,76,sessile-oak,0,0,0,0,0,0,0,0,0,0,4,0,0,0,0,0
browse0_protectFalse_clear1,1,76,beech,0,0,0,0,0,0,0,0,0,0,4,0,0,0,0,0
browse0_protectFalse_clear1,1,77,sitka-spruce,0,0,0,0,0,0,0,0,0,0,4,0,0,0,0,0
browse0_protectFalse_clear1,1,77,sessile-oak,0,0,0,0,0,0,0,0,0,0,4,0,0,0,0,0
browse0_protectFalse_clear1,1,77,beech,0,0,0,0,0,0,0,0,0,0,4,0,0,0,0,0
browse0_protectFalse_clear1,1,78,sitka-spruce,0,0,0,0,0,0,0,0,0,0,4,0,0,0,0,0
browse0_protectFalse_clear1,1,78,sessile-oak,0,0,0,0,0,0,0,0,0,0,4,0,0,0,0,0
browse0_protectFalse_clear1,1,78,beech,0,0,0,0,0,0,0,0,0,0,4,0,0,0,0,0
browse0_protectFalse_clear1,1,79,sitka-spruce,0,0,0,0,0,0,0,0,0,0,4,0,0,0,0,0
browse0_protectFalse_clear1,1,79,sessile-oak,0,0,0,0,0,0,0,0,0,0,4,0,0,0,0,0
browse0_protectFalse_clear1,1,79,beech,0,0,0,0,0,0,0,0,0,0,4,0,0,0,0,0
browse0_protectFalse_clear1,1,80,sitka-spruce,0,0,0,0,0,0,0,0,0,0,4,0,0,0,0,0
browse0_protectFalse_clear1,1,80,sessile-oak,0,0,0,0,0,0,0,0,0,0,4,0,0,0,0,0
browse0_protectFalse_clear1,1,80,beech,0,0,0,0,0,0,0,0,0,0,4,0,0,0,0,0
browse0_protectFalse_clear1,1,81,sitka-spruce,0,0,0,0,0,0,0,0,0,0,4,0,0,0,0,0
browse0_protectFalse_clear1,1,81,sessile-oak,0,0,0,0,0,0,0,0,0,0,4,0,0,0,0,0
browse0_protectFalse_clear1,1,81,beech,0,0,0,0,0,0,0,0,0,0,4,0,0,0,0,0
browse0_protectFalse_clear1,1,82,sitka-spruce,0,0,0,0,0,0,0,0,0,0,4,0,0,0,0,0
browse0_protectFalse_clear1,1,82,sessile-oak,0,0,0,0,0,0,0,0,0,0,4,0,0,0,0,0
browse0_protectFalse_clear1,1,82,beech,0,0,0,0,0,0,0,0,0,0,4,0,0,0,0,0
browse0_protectFalse_clear1,1,83,sitka-spruce,0,0,0,0,0,0,0,0,0,0,4,0,0,0,0,0
browse0_protectFalse_clear1,1,83,sessile-oak,0,0,0,0,0,0,0,0,0,0,4,0,0,0,0,0
browse0_protectFalse_clear1,1,83,beech,0,0,0,0,0,0,0,0,0,0,4,0,0,0,0,0
browse0_protectFalse_clear1,1,84,sitka-spruce,0,0,0,0,0,0,0,0,0,0,4,0,0,0,0,0
browse0_protectFalse_clear1,1,84,sessile-oak,0,0,0,0,0,0,0,0,0,0,4,0,0,0,0,0
browse0_protectFalse_clear1,1,84,beech,0,0,0,0,0,0,0,0,0,0,4,0,0,0,0,0
browse0_protectFalse_clear1,1,85,sitka-spruce,0,0,0,0,0,0,0,0,0,0,4,0,0,0,0,0
browse0_protectFalse_clear1,1,85,sessile-oak,0,0,0,0,0,0,0,0,0,0,4,0,0,0,0,0
browse0_protectFalse_clear1,1,85,beech,0,0,0,0,0,0,0,0,0,0,4,0,0,0,0,0
browse0_protectFalse_clear1,1,86,sitka-spruce,0,0,0,0,0,0,0,0,0,0,4,0,0,0,0,0
browse0_protectFalse_clear1,1,86,sessile-oak,0,0,0,0,0,0,0,0,0,0,4,0,0,0,0,0
browse0_protectFalse_clear1,1,86,beech,0,0,0,0,0,0,0,0,0,0,4,0,0,0,0,0
browse0_protectFalse_clear1,1,87,sitka-spruce,0,0,0,0,0,0,0,0,0,0,4,0,0,0,0,0
browse0_protectFalse_clear1,1,87,sessile-oak,0,0,0,0,0,0,0,0,0,0,4,0,0,0,0,0
browse0_protectFalse_clear1,1,87,beech,0,0,0,0,0,0,0,0,0,0,4,0,0,0,0,0
browse0_protectFalse_clear1,1,88,sitka-spruce,0,0,0,0,0,0,0,0,0,0,4,0,0,0,0,0
browse0_protectFalse_clear1,1,88,sessile-oak,0,0,0,0,0,0,0,0,0,0,4,0,0,0,0,0
browse0_protectFalse_clear1,1,88,beech,0,0,0,0,0,0,0,0,0,0,4,0,0,0,0,0
browse0_protectFalse_clear1,1,89,sitka-spruce,0,0,0,0,0,0,0,0,0,0,4,0,0,0,0,0
browse0_protectFalse_clear1,1,89,sessile-oak,0,0,0,0,0,0,0,0,0,0,4,0,0,0,0,0
browse0_protectFalse_clear1,1,89,beech,0,0,0,0,0,0,0,0,0,0,4,0,0,0,0,0
browse0_protectFalse_clear1,1,90,sitka-spruce,0,0,0,0,0,0,0,0,0,0,4,0,0,0,0,0
browse0_protectFalse_clear1,1,90,sessile-oak,0,0,0,0,0,0,0,0,0,0,4,0,0,0,0,0
browse0_protectFalse_clear1,1,90,beech,0,0,0,0,0,0,0,0,0,0,4,0,0,0,0,0
browse0_protectFalse_clear1,1,91,sitka-spruce,0,0,0,0,0,0,0,0,0,0,4,0,0,0,0,0
browse0_protectFalse_clear1,1,91,sessile-oak,0,0,0,0,0,0,0,0,0,0,4,0,0,0,0,0
browse0_protectFalse_clear1,1,91,beech,0,0,0,0,0,0,0,0,0,0,4,0,0,0,0,0
browse0_protectFalse_clear1,1,92,sitka-spruce,0,0,0,0,0,0,0,0,0,0,4,0,0,0,0,0
browse0_protectFalse_clear1,1,92,sessile-oak,0,0,0,0,0,0,0,0,0,0,4,0,0,0,0,0
browse0_protectFalse_clear1,1,92,beech,0,0,0,0,0,0,0,0,0,0,4,0,0,0,0,0
browse0_protectFalse_clear1,1,93,sitka-spruce,0,0,0,0,0,0,0,0,0,0,4,0,0,0,0,0
browse0_protectFalse_clear1,1,93,sessile-oak,0,0,0,0,0,0,0,0,0,0,4,0,0,0,0,0
browse0_protectFalse_clear1,1,93,beech,0,0,0,0,0,0,0,0,0,0,4,0,0,0,0,0
browse0_protectFalse_clear1,1,94,sitka-spruce,0,0,0,0,0,0,0,0,0,0,4,0,0,0,0,0
browse0_protectFalse_clear1,1,94,sessile-oak,0,0,0,0,0,0,0,0,0,0,4,0,0,0,0,0
browse0_protectFalse_clear1,1,94,beech,0,0,0,0,0,0,0,0,0,0,4,0,0,0,0,0
browse0_protectFalse_clear1,1,95,sitka-spruce,0,0,0,0,0,0,0,0,0,0,4,0,0,0,0,0
browse0_protectFalse_clear1,1,95,sessile-oak,0,0,0,0,0,0,0,0,0,0,4,0,0,0,0,0
browse0_protectFalse_clear1,1,95,beech,0,0,0,0,0,0,0,0,0,0,4,0,0,0,0,0
browse0_protectFalse_clear1,1,96,sitka-spruce,0,0,0,0,0,0,0,0,0,0,4,0,0,0,0,0
browse0_protectFalse_clear1,1,96,sessile-oak,0,0,0,0,0,0,0,0,0,0,4,0,0,0,0,0
browse0_protectFalse_clear1,1,96,beech,0,0,0,0,0,0,0,0,0,0,4,0,0,0,0,0
browse0_protectFalse_clear1,1,97,sitka-spruce,0,0,0,0,0,0,0,0,0,0,4,0,0,0,0,0
browse0_protectFalse_clear1,1,97,sessile-oak,0,0,0,0,0,0,0,0,0,0,4,0,0,0,0,0
browse0_protectFalse_clear1,1,97,beech,0,0,0,0,0,0,0,0,0,0,4,0,0,0,0,0
browse0_protectFalse_clear1,1,98,sitka-spruce,0,0,0,0,0,0,0,0,0,0,4,0,0,0,0,0
browse0_protectFalse_clear1,1,98,sessile-oak,0,0,0,0,0,0,0,0,0,0,4,0,0,0,0,0
browse0_protectFalse_clear1,1,98,beech,0,0,0,0,0,0,0,0,0,0,4,0,0,0,0,0
browse0_protectFalse_clear1,1,99,sitka-spruce,0,0,0,0,0,0,0,0,0,0,4,0,0,0,0,0
browse0_protectFalse_clear1,1,99,sessile-oak,0,0,0,0,0,0,0,0,0,0,4,0,0,0,0,0
browse0_protectFalse_clear1,1,99,beech,0,0,0,0,0,0,0,0,0,0,4,0,0,0,0,0
browse0_protectFalse_clear1,1,100,sitka-spruce,0,0,0,0,0,0,0,0,0,0,4,0,0,0,0,0
browse0_protectFalse_clear1,1,100,sessile-oak,0,0,0,0,0,0,0,0,0,0,4,0,0,0,0,0
browse0_protectFalse_clear1,1,100,beech,0,0,0,0,0,0,0,0,0,0,4,0,0,0,0,0
browse0_protectFalse_clear3,0,1,sitka-spruce,0.800000011920929,0,0,0,0,0,0,0,4,0,0,0,0,0,0,0
browse0_protectFalse_clear3,0,1,sessile-oak,0.800000011920929,0,0,0,0,0,0,0,4,0,0,0,0,0,0,0
browse0_protectFalse_clear3,0,1,beech,0.800000011920929,0,0,0,0,0,0,0,4,0,0,0,0,0,0,0
browse0_protectFalse_clear3,0,2,sitka-spruce,0.800000011920929,0,0,0,0,0,0,0,4,0,0,0,0,0,0,0
browse0_protectFalse_clear3,0,2,sessile-oak,0.800000011920929,0,0,0,0,0,0,0,4,0,0,0,0,0,0,0
browse0_protectFalse_clear3,0,2,beech,0.800000011920929,0,0,0,0,0,0,0,4,0,0,0,0,0,0,0
browse0_protectFalse_clear3,0,3,sitka-spruce,0,0,0,0,0,0,0,0,0,0,4,0,0,2.4000000953674316,12,0
browse0_protectFalse_clear3,0,3,sessile-oak,0,0,0,0,0,0,0,0,0,0,4,0,0,2.4000000953674316,12,0
browse0_protectFalse_clear3,0,3,beech,0,0,0,0,0,0,0,0,0,0,4,0,0,2.4000000953674316,12,0
browse0_protectFalse_clear3,0,4,sitka-spruce,0,0,0,0,0,0,0,0,0,0,4,0,0,0,0,0
browse0_protectFalse_clear3,0,4,sessile-oak,0,0,0,0,0,0,0,0,0,0,4,0,0,0,0,0
browse0_protectFalse_clear3,0,4,beech,0,0,0,0,0,0,0,0,0,0,4,0,0,0,0,0
browse0_protectFalse_clear3,0,5,sitka-spruce,0,0,0,0,0,0,0,0,0,0,4,0,0,0,0,0
browse0_protectFalse_clear3,0,5,sessile-oak,0,0,0,0,0,0,0,0,0,0,4,0,0,0,0,0
browse0_protectFalse_clear3,0,5,beech,0,0,0,0,0,0,0,0,0,0,4,0,0,0,0,0
browse0_protectFalse_clear3,0,6,sitka-spruce,0,0,0,0,0,0,0,0,0,0,4,0,0,0,0,0
browse0_protectFalse_clear3,0,6,sessile-oak,0,0,0,0,0,0,0,0,0,0,4,0,0,0,0,0
browse0_protectFalse_clear3,0,6,beech,0,0,0,0,0,0,0,0,0,0,4,0,0,0,0,0
browse0_protectFalse_clear3,0,7,sitka-spruce,0,0,0,0,0,0,0,0,0,0,4,0,0,0,0,0
browse0_protectFalse_clear3,0,7,sessile-oak,0,0,0,0,0,0,0,0,0,0,4,0,0,0,0,0
browse0_protectFalse_clear3,0,7,beech,0,0,0,0,0,0,0,0,0,0,4,0,0,0,0,0
browse0_protectFalse_clear3,0,8,sitka-spruce,0,0,0,0,0,0,0,0,0,0,4,0,0,0,0,0
browse0_protectFalse_clear3,0,8,sessile-oak,0,0,0,0,0,0,0,0,0,0,4,0,0,0,0,0
browse0_protectFalse_clear3,0,8,beech,0,0,0,0,0,0,0,0,0,0,4,0,0,0,0,0
browse0_protectFalse_clear3,0,9,sitka-spruce,0,0,0,0,0,0,0,0,0,0,4,0,0,0,0,0
browse0_protectFalse_clear3,0,9,sessile-oak,0,0,0,0,0,0,0,0,0,0,4,0,0,0,0,0
browse0_protectFalse_clear3,0,9,beech,0,0,0,0,0,0,0,0,0,0,4,0,0,0,0,0
browse0_protectFalse_clear3,0,10,sitka-spruce,0,0,0,0,0,0,0,0,0,0,4,0,0,0,0,0
browse0_protectFalse_clear3,0,10,sessile-oak,0,0,0,0,0,0,0,0,0,0,4,0,0,0,0,0
browse0_protectFalse_clear3,0,10,beech,0,0,0,0,0,0,0,0,0,0,4,0,0,0,0,0
browse0_protectFalse_clear3,0,11,sitka-spruce,0,0,0,0,0,0,0,0,0,0,4,0,0,0,0,0
browse0_protectFalse_clear3,0,11,sessile-oak,0,0,0,0,0,0,0,0,0,0,4,0,0,0,0,0
browse0_protectFalse_clear3,0,11,beech,0,0,0,0,0,0,0,0,0,0,4,0,0,0,0,0
browse0_protectFalse_clear3,0,12,sitka-spruce,0,0,0,0,0,0,0,0,0,0,4,0,0,0,0,0
browse0_protectFalse_clear3,0,12,sessile-oak,0,0,0,0,0,0,0,0,0,0,4,0,0,0,0,0
browse0_protectFalse_clear3,0,12,beech,0,0,0,0,0,0,0,0,0,0,4,0,0,0,0,0
browse0_protectFalse_clear3,0,13,sitka-spruce,0,0,0,0,0,0,0,0,0,0,4,0,0,0,0,0
browse0_protectFalse_clear3,0,13,sessile-oak,0,0,0,0,0,0,0,0,0,0,4,0,0,0,0,0
browse0_protectFalse_clear3,0,13,beech,0,0,0,0,0,0,0,0,0,0,4,0,0,0,0,0
browse0_protectFalse_clear3,0,14,sitka-spruce,0,0,0,0,0,0,0,0,0,0,4,0,0,0,0,0
browse0_protectFalse_clear3,0,14,sessile-oak,0,0,0,0,0,0,0,0,0,0,4,0,0,0,0,0
browse0_protectFalse_clear3,0,14,beech,0,0,0,0,0,0,0,0,0,0,4,0,0,0,0,0
browse0_protectFalse_clear3,0,15,sitka-spruce,0,0,0,0,0,0,0,0,0,0,4,0,0,0,0,0
browse0_protectFalse_clear3,0,15,sessile-oak,0,0,0,0,0,0,0,0,0,0,4,0,0,0,0,0
browse0_protectFalse_clear3,0,15,beech,0,0,0,0,0,0,0,0,0,0,4,0,0,0,0,0
browse0_protectFalse_clear3,0,16,sitka-spruce,0,0,0,0,0,0,0,0,0,0,4,0,0,0,0,0
browse0_protectFalse_clear3,0,16,sessile-oak,0,0,0,0,0,0,0,0,0,0,4,0,0,0,0,0
browse0_protectFalse_clear3,0,16,beech,0,0,0,0,0,0,0,0,0,0,4,0,0,0,0,0
browse0_protectFalse_clear3,0,17,sitka-spruce,0,0,0,0,0,0,0,0,0,0,4,0,0,0,0,0
browse0_protectFalse_clear3,0,17,sessile-oak,0,0,0,0,0,0,0,0,0,0,4,0,0,0,0,0
browse0_protectFalse_clear3,0,17,beech,0,0,0,0,0,0,0,0,0,0,4,0,0,0,0,0
browse0_protectFalse_clear3,0,18,sitka-spruce,0,0,0,0,0,0,0,0,0,0,4,0,0,0,0,0
browse0_protectFalse_clear3,0,18,sessile-oak,0,0,0,0,0,0,0,0,0,0,4,0,0,0,0,0
browse0_protectFalse_clear3,0,18,beech,0,0,0,0,0,0,0,0,0,0,4,0,0,0,0,0
browse0_protectFalse_clear3,0,19,sitka-spruce,0,0,0,0,0,0,0,0,0,0,4,0,0,0,0,0
browse0_protectFalse_clear3,0,19,sessile-oak,0,0,0,0,0,0,0,0,0,0,4,0,0,0,0,0
browse0_protectFalse_clear3,0,19,beech,0,0,0,0,0,0,0,0,0,0,4,0,0,0,0,0
browse0_protectFalse_clear3,0,20,sitka-spruce,0,0,0,0,0,0,0,0,0,0,4,0,0,0,0,0
browse0_protectFalse_clear3,0,20,sessile-oak,0,0,0,0,0,0,0,0,0,0,4,0,0,0,0,0
browse0_protectFalse_clear3,0,20,beech,0,0,0,0,0,0,0,0,0,0,4,0,0,0,0,0
browse0_protectFalse_clear3,0,21,sitka-spruce,0,0,0,0,0,0,0,0,0,0,4,0,0,0,0,0
browse0_protectFalse_clear3,0,21,sessile-oak,0,0,0,0,0,0,0,0,0,0,4,0,0,0,0,0
browse0_protectFalse_clear3,0,21,beech,0,0,0,0,0,0,0,0,0,0,4,0,0,0,0,0
browse0_protectFalse_clear3,0,22,sitka-spruce,0,0,0,0,0,0,0,0,0,0,4,0,0,0,0,0
browse0_protectFalse_clear3,0,22,sessile-oak,0,0,0,0,0,0,0,0,0,0,4,0,0,0,0,0
browse0_protectFalse_clear3,0,22,beech,0,0,0,0,0,0,0,0,0,0,4,0,0,0,0,0
browse0_protectFalse_clear3,0,23,sitka-spruce,0,0,0,0,0,0,0,0,0,0,4,0,0,0,0,0
browse0_protectFalse_clear3,0,23,sessile-oak,0,0,0,0,0,0,0,0,0,0,4,0,0,0,0,0
browse0_protectFalse_clear3,0,23,beech,0,0,0,0,0,0,0,0,0,0,4,0,0,0,0,0
browse0_protectFalse_clear3,0,24,sitka-spruce,0,0,0,0,0,0,0,0,0,0,4,0,0,0,0,0
browse0_protectFalse_clear3,0,24,sessile-oak,0,0,0,0,0,0,0,0,0,0,4,0,0,0,0,0
browse0_protectFalse_clear3,0,24,beech,0,0,0,0,0,0,0,0,0,0,4,0,0,0,0,0
browse0_protectFalse_clear3,0,25,sitka-spruce,0,0,0,0,0,0,0,0,0,0,4,0,0,0,0,0
browse0_protectFalse_clear3,0,25,sessile-oak,0,0,0,0,0,0,0,0,0,0,4,0,0,0,0,0
browse0_protectFalse_clear3,0,25,beech,0,0,0,0,0,0,0,0,0,0,4,0,0,0,0,0
browse0_protectFalse_clear3,0,26,sitka-spruce,0,0,0,0,0,0,0,0,0,0,4,0,0,0,0,0
browse0_protectFalse_clear3,0,26,sessile-oak,0,0,0,0,0,0,0,0,0,0,4,0,0,0,0,0
browse0_protectFalse_clear3,0,26,beech,0,0,0,0,0,0,0,0,0,0,4,0,0,0,0,0
browse0_protectFalse_clear3,0,27,sitka-spruce,0,0,0,0,0,0,0,0,0,0,4,0,0,0,0,0
browse0_protectFalse_clear3,0,27,sessile-oak,0,0,0,0,0,0,0,0,0,0,4,0,0,0,0,0
browse0_protectFalse_clear3,0,27,beech,0,0,0,0,0,0,0,0,0,0,4,0,0,0,0,0
browse0_protectFalse_clear3,0,28,sitka-spruce,0,0,0,0,0,0,0,0,0,0,4,0,0,0,0,0
browse0_protectFalse_clear3,0,28,sessile-oak,0,0,0,0,0,0,0,0,0,0,4,0,0,0,0,0
browse0_protectFalse_clear3,0,28,beech,0,0,0,0,0,0,0,0,0,0,4,0,0,0,0,0
browse0_protectFalse_clear3,0,29,sitka-spruce,0,0,0,0,0,0,0,0,0,0,4,0,0,0,0,0
browse0_protectFalse_clear3,0,29,sessile-oak,0,0,0,0,0,0,0,0,0,0,4,0,0,0,0,0
browse0_protectFalse_clear3,0,29,beech,0,0,0,0,0,0,0,0,0,0,4,0,0,0,0,0
browse0_protectFalse_clear3,0,30,sitka-spruce,0,0,0,0,0,0,0,0,0,0,4,0,0,0,0,0
browse0_protectFalse_clear3,0,30,sessile-oak,0,0,0,0,0,0,0,0,0,0,4,0,0,0,0,0
browse0_protectFalse_clear3,0,30,beech,0,0,0,0,0,0,0,0,0,0,4,0,0,0,0,0
browse0_protectFalse_clear3,0,31,sitka-spruce,0,0,0,0,0,0,0,0,0,0,4,0,0,0,0,0
browse0_protectFalse_clear3,0,31,sessile-oak,0,0,0,0,0,0,0,0,0,0,4,0,0,0,0,0
browse0_protectFalse_clear3,0,31,beech,0,0,0,0,0,0,0,0,0,0,4,0,0,0,0,0
browse0_protectFalse_clear3,0,32,sitka-spruce,0,0,0,0,0,0,0,0,0,0,4,0,0,0,0,0
browse0_protectFalse_clear3,0,32,sessile-oak,0,0,0,0,0,0,0,0,0,0,4,0,0,0,0,0
browse0_protectFalse_clear3,0,32,beech,0,0,0,0,0,0,0,0,0,0,4,0,0,0,0,0
browse0_protectFalse_clear3,0,33,sitka-spruce,0,0,0,0,0,0,0,0,0,0,4,0,0,0,0,0
browse0_protectFalse_clear3,0,33,sessile-oak,0,0,0,0,0,0,0,0,0,0,4,0,0,0,0,0
browse0_protectFalse_clear3,0,33,beech,0,0,0,0,0,0,0,0,0,0,4,0,0,0,0,0
browse0_protectFalse_clear3,0,34,sitka-spruce,0,0,0,0,0,0,0,0,0,0,4,0,0,0,0,0
browse0_protectFalse_clear3,0,34,sessile-oak,0,0,0,0,0,0,0,0,0,0,4,0,0,0,0,0
browse0_protectFalse_clear3,0,34,beech,0,0,0,0,0,0,0,0,0,0,4,0,0,0,0,0
browse0_protectFalse_clear3,0,35,sitka-spruce,0,0,0,0,0,0,0,0,0,0,4,0,0,0,0,0
browse0_protectFalse_clear3,0,35,sessile-oak,0,0,0,0,0,0,0,0,0,0,4,0,0,0,0,0
browse0_protectFalse_clear3,0,35,beech,0,0,0,0,0,0,0,0,0,0,4,0,0,0,0,0
browse0_protectFalse_clear3,0,36,sitka-spruce,0,0,0,0,0,0,0,0,0,0,4,0,0,0,0,0
browse0_protectFalse_clear3,0,36,sessile-oak,0,0,0,0,0,0,0,0,0,0,4,0,0,0,0,0
browse0_protectFalse_clear3,0,36,beech,0,0,0,0,0,0,0,0,0,0,4,0,0,0,0,0
browse0_protectFalse_clear3,0,37,sitka-spruce,0,0,0,0,0,0,0,0,0,0,4,0,0,0,0,0
browse0_protectFalse_clear3,0,37,sessile-oak,0,0,0,0,0,0,0,0,0,0,4,0,0,0,0,0
browse0_protectFalse_clear3,0,37,beech,0,0,0,0,0,0,0,0,0,0,4,0,0,0,0,0
browse0_protectFalse_clear3,0,38,sitka-spruce,0,0,0,0,0,0,0,0,0,0,4,0,0,0,0,0
browse0_protectFalse_clear3,0,38,sessile-oak,0,0,0,0,0,0,0,0,0,0,4,0,0,0,0,0
browse0_protectFalse_clear3,0,38,beech,0,0,0,0,0,0,0,0,0,0,4,0,0,0,0,0
browse0_protectFalse_clear3,0,39,sitka-spruce,0,0,0,0,0,0,0,0,0,0,4,0,0,0,0,0
browse0_protectFalse_clear3,0,39,sessile-oak,0,0,0,0,0,0,0,0,0,0,4,0,0,0,0,0
browse0_protectFalse_clear3,0,39,beech,0,0,0,0,0,0,0,0,0,0,4,0,0,0,0,0
browse0_protectFalse_clear3,0,40,sitka-spruce,0,0,0,0,0,0,0,0,0,0,4,0,0,0,0,0
browse0_protectFalse_clear3,0,40,sessile-oak,0,0,0,0,0,0,0,0,0,0,4,0,0,0,0,0
browse0_protectFalse_clear3,0,40,beech,0,0,0,0,0,0,0,0,0,0,4,0,0,0,0,0
browse0_protectFalse_clear3,0,41,sitka-spruce,0,0,0,0,0,0,0,0,0,0,4,0,0,0,0,0
browse0_protectFalse_clear3,0,41,sessile-oak,0,0,0,0,0,0,0,0,0,0,4,0,0,0,0,0
browse0_protectFalse_clear3,0,41,beech,0,0,0,0,0,0,0,0,0,0,4,0,0,0,0,0
browse0_protectFalse_clear3,0,42,sitka-spruce,0,0,0,0,0,0,0,0,0,0,4,0,0,0,0,0
browse0_protectFalse_clear3,0,42,sessile-oak,0,0,0,0,0,0,0,0,0,0,4,0,0,0,0,0
browse0_protectFalse_clear3,0,42,beech,0,0,0,0,0,0,0,0,0,0,4,0,0,0,0,0
browse0_protectFalse_clear3,0,43,sitka-spruce,0,0,0,0,0,0,0,0,0,0,4,0,0,0,0,0
browse0_protectFalse_clear3,0,43,sessile-oak,0,0,0,0,0,0,0,0,0,0,4,0,0,0,0,0
browse0_protectFalse_clear3,0,43,beech,0,0,0,0,0,0,0,0,0,0,4,0,0,0,0,0
browse0_protectFalse_clear3,0,44,sitka-spruce,0,0,0,0,0,0,0,0,0,0,4,0,0,0,0,0
browse0_protectFalse_clear3,0,44,sessile-oak,0,0,0,0,0,0,0,0,0,0,4,0,0,0,0,0
browse0_protectFalse_clear3,0,44,beech,0,0,0,0,0,0,0,0,0,0,4,0,0,0,0,0
browse0_protectFalse_clear3,0,45,sitka-spruce,0,0,0,0,0,0,0,0,0,0,4,0,0,0,0,0
browse0_protectFalse_clear3,0,45,sessile-oak,0,0,0,0,0,0,0,0,0,0,4,0,0,0,0,0
browse0_protectFalse_clear3,0,45,beech,0,0,0,0,0,0,0,0,0,0,4,0,0,0,0,0
browse0_protectFalse_clear3,0,46,sitka-spruce,0,0,0,0,0,0,0,0,0,0,4,0,0,0,0,0
browse0_protectFalse_clear3,0,46,sessile-oak,0,0,0,0,0,0,0,0,0,0,4,0,0,0,0,0
browse0_protectFalse_clear3,0,46,beech,0,0,0,0,0,0,0,0,0,0,4,0,0,0,0,0
browse0_protectFalse_clear3,0,47,sitka-spruce,0,0,0,0,0,0,0,0,0,0,4,0,0,0,0,0
browse0_protectFalse_clear3,0,47,sessile-oak,0,0,0,0,0,0,0,0,0,0,4,0,0,0,0,0
browse0_protectFalse_clear3,0,47,beech,0,0,0,0,0,0,0,0,0,0,4,0,0,0,0,0
browse0_protectFalse_clear3,0,48,sitka-spruce,0,0,0,0,0,0,0,0,0,0,4,0,0,0,0,0
browse0_protectFalse_clear3,0,48,sessile-oak,0,0,0,0,0,0,0,0,0,0,4,0,0,0,0,0
browse0_protectFalse_clear3,0,48,beech,0,0,0,0,0,0,0,0,0,0,4,0,0,0,0,0
browse0_protectFalse_clear3,0,49,sitka-spruce,0,0,0,0,0,0,0,0,0,0,4,0,0,0,0,0
browse0_protectFalse_clear3,0,49,sessile-oak,0,0,0,0,0,0,0,0,0,0,4,0,0,0,0,0
browse0_protectFalse_clear3,0,49,beech,0,0,0,0,0,0,0,0,0,0,4,0,0,0,0,0
browse0_protectFalse_clear3,0,50,sitka-spruce,0,0,0,0,0,0,0,0,0,0,4,0,0,0,0,0
browse0_protectFalse_clear3,0,50,sessile-oak,0,0,0,0,0,0,0,0,0,0,4,0,0,0,0,0
browse0_protectFalse_clear3,0,50,beech,0,0,0,0,0,0,0,0,0,0,4,0,0,0,0,0
browse0_protectFalse_clear3,0,51,sitka-spruce,0,0,0,0,0,0,0,0,0,0,4,0,0,0,0,0
browse0_protectFalse_clear3,0,51,sessile-oak,0,0,0,0,0,0,0,0,0,0,4,0,0,0,0,0
browse0_protectFalse_clear3,0,51,beech,0,0,0,0,0,0,0,0,0,0,4,0,0,0,0,0
browse0_protectFalse_clear3,0,52,sitka-spruce,0,0,0,0,0,0,0,0,0,0,4,0,0,0,0,0
browse0_protectFalse_clear3,0,52,sessile-oak,0,0,0,0,0,0,0,0,0,0,4,0,0,0,0,0
browse0_protectFalse_clear3,0,52,beech,0,0,0,0,0,0,0,0,0,0,4,0,0,0,0,0
browse0_protectFalse_clear3,0,53,sitka-spruce,0,0,0,0,0,0,0,0,0,0,4,0,0,0,0,0
browse0_protectFalse_clear3,0,53,sessile-oak,0,0,0,0,0,0,0,0,0,0,4,0,0,0,0,0
browse0_protectFalse_clear3,0,53,beech,0,0,0,0,0,0,0,0,0,0,4,0,0,0,0,0
browse0_protectFalse_clear3,0,54,sitka-spruce,0,0,0,0,0,0,0,0,0,0,4,0,0,0,0,0
browse0_protectFalse_clear3,0,54,sessile-oak,0,0,0,0,0,0,0,0,0,0,4,0,0,0,0,0
browse0_protectFalse_clear3,0,54,beech,0,0,0,0,0,0,0,0,0,0,4,0,0,0,0,0
browse0_protectFalse_clear3,0,55,sitka-spruce,0,0,0,0,0,0,0,0,0,0,4,0,0,0,0,0
browse0_protectFalse_clear3,0,55,sessile-oak,0,0,0,0,0,0,0,0,0,0,4,0,0,0,0,0
browse0_protectFalse_clear3,0,55,beech,0,0,0,0,0,0,0,0,0,0,4,0,0,0,0,0
browse0_protectFalse_clear3,0,56,sitka-spruce,0,0,0,0,0,0,0,0,0,0,4,0,0,0,0,0
browse0_protectFalse_clear3,0,56,sessile-oak,0,0,0,0,0,0,0,0,0,0,4,0,0,0,0,0
browse0_protectFalse_clear3,0,56,beech,0,0,0,0,0,0,0,0,0,0,4,0,0,0,0,0
browse0_protectFalse_clear3,0,57,sitka-spruce,0,0,0,0,0,0,0,0,0,0,4,0,0,0,0,0
browse0_protectFalse_clear3,0,57,sessile-oak,0,0,0,0,0,0,0,0,0,0,4,0,0,0,0,0
browse0_protectFalse_clear3,0,57,beech,0,0,0,0,0,0,0,0,0,0,4,0,0,0,0,0
browse0_protectFalse_clear3,0,58,sitka-spruce,0,0,0,0,0,0,0,0,0,0,4,0,0,0,0,0
browse0_protectFalse_clear3,0,58,sessile-oak,0,0,0,0,0,0,0,0,0,0,4,0,0,0,0,0
browse0_protectFalse_clear3,0,58,beech,0,0,0,0,0,0,0,0,0,0,4,0,0,0,0,0
browse0_protectFalse_clear3,0,59,sitka-spruce,0,0,0,0,0,0,0,0,0,0,4,0,0,0,0,0
browse0_protectFalse_clear3,0,59,sessile-oak,0,0,0,0,0,0,0,0,0,0,4,0,0,0,0,0
browse0_protectFalse_clear3,0,59,beech,0,0,0,0,0,0,0,0,0,0,4,0,0,0,0,0
browse0_protectFalse_clear3,0,60,sitka-spruce,0,0,0,0,0,0,0,0,0,0,4,0,0,0,0,0
browse0_protectFalse_clear3,0,60,sessile-oak,0,0,0,0,0,0,0,0,0,0,4,0,0,0,0,0
browse0_protectFalse_clear3,0,60,beech,0,0,0,0,0,0,0,0,0,0,4,0,0,0,0,0
browse0_protectFalse_clear3,0,61,sitka-spruce,0,0,0,0,0,0,0,0,0,0,4,0,0,0,0,0
browse0_protectFalse_clear3,0,61,sessile-oak,0,0,0,0,0,0,0,0,0,0,4,0,0,0,0,0
browse0_protectFalse_clear3,0,61,beech,0,0,0,0,0,0,0,0,0,0,4,0,0,0,0,0
browse0_protectFalse_clear3,0,62,sitka-spruce,0,0,0,0,0,0,0,0,0,0,4,0,0,0,0,0
browse0_protectFalse_clear3,0,62,sessile-oak,0,0,0,0,0,0,0,0,0,0,4,0,0,0,0,0
browse0_protectFalse_clear3,0,62,beech,0,0,0,0,0,0,0,0,0,0,4,0,0,0,0,0
browse0_protectFalse_clear3,0,63,sitka-spruce,0,0,0,0,0,0,0,0,0,0,4,0,0,0,0,0
browse0_protectFalse_clear3,0,63,sessile-oak,0,0,0,0,0,0,0,0,0,0,4,0,0,0,0,0
browse0_protectFalse_clear3,0,63,beech,0,0,0,0,0,0,0,0,0,0,4,0,0,0,0,0
browse0_protectFalse_clear3,0,64,sitka-spruce,0,0,0,0,0,0,0,0,0,0,4,0,0,0,0,0
browse0_protectFalse_clear3,0,64,sessile-oak,0,0,0,0,0,0,0,0,0,0,4,0,0,0,0,0
browse0_protectFalse_clear3,0,64,beech,0,0,0,0,0,0,0,0,0,0,4,0,0,0,0,0
browse0_protectFalse_clear3,0,65,sitka-spruce,0,0,0,0,0,0,0,0,0,0,4,0,0,0,0,0
browse0_protectFalse_clear3,0,65,sessile-oak,0,0,0,0,0,0,0,0,0,0,4,0,0,0,0,0
browse0_protectFalse_clear3,0,65,beech,0,0,0,0,0,0,0,0,0,0,4,0,0,0,0,0
browse0_protectFalse_clear3,0,66,sitka-spruce,0,0,0,0,0,0,0,0,0,0,4,0,0,0,0,0
browse0_protectFalse_clear3,0,66,sessile-oak,0,0,0,0,0,0,0,0,0,0,4,0,0,0,0,0
browse0_protectFalse_clear3,0,66,beech,0,0,0,0,0,0,0,0,0,0,4,0,0,0,0,0
browse0_protectFalse_clear3,0,67,sitka-spruce,0,0,0,0,0,0,0,0,0,0,4,0,0,0,0,0
browse0_protectFalse_clear3,0,67,sessile-oak,0,0,0,0,0,0,0,0,0,0,4,0,0,0,0,0
browse0_protectFalse_clear3,0,67,beech,0,0,0,0,0,0,0,0,0,0,4,0,0,0,0,0
browse0_protectFalse_clear3,0,68,sitka-spruce,0,0,0,0,0,0,0,0,0,0,4,0,0,0,0,0
browse0_protectFalse_clear3,0,68,sessile-oak,0,0,0,0,0,0,0,0,0,0,4,0,0,0,0,0
browse0_protectFalse_clear3,0,68,beech,0,0,0,0,0,0,0,0,0,0,4,0,0,0,0,0
browse0_protectFalse_clear3,0,69,sitka-spruce,0,0,0,0,0,0,0,0,0,0,4,0,0,0,0,0
browse0_protectFalse_clear3,0,69,sessile-oak,0,0,0,0,0,0,0,0,0,0,4,0,0,0,0,0
browse0_protectFalse_clear3,0,69,beech,0,0,0,0,0,0,0,0,0,0,4,0,0,0,0,0
browse0_protectFalse_clear3,0,70,sitka-spruce,0,0,0,0,0,0,0,0,0,0,4,0,0,0,0,0
browse0_protectFalse_clear3,0,70,sessile-oak,0,0,0,0,0,0,0,0,0,0,4,0,0,0,0,0
browse0_protectFalse_clear3,0,70,beech,0,0,0,0,0,0,0,0,0,0,4,0,0,0,0,0
browse0_protectFalse_clear3,0,71,sitka-spruce,0,0,0,0,0,0,0,0,0,0,4,0,0,0,0,0
browse0_protectFalse_clear3,0,71,sessile-oak,0,0,0,0,0,0,0,0,0,0,4,0,0,0,0,0
browse0_protectFalse_clear3,0,71,beech,0,0,0,0,0,0,0,0,0,0,4,0,0,0,0,0
browse0_protectFalse_clear3,0,72,sitka-spruce,0,0,0,0,0,0,0,0,0,0,4,0,0,0,0,0
browse0_protectFalse_clear3,0,72,sessile-oak,0,0,0,0,0,0,0,0,0,0,4,0,0,0,0,0
browse0_protectFalse_clear3,0,72,beech,0,0,0,0,0,0,0,0,0,0,4,0,0,0,0,0
browse0_protectFalse_clear3,0,73,sitka-spruce,0,0,0,0,0,0,0,0,0,0,4,0,0,0,0,0
browse0_protectFalse_clear3,0,73,sessile-oak,0,0,0,0,0,0,0,0,0,0,4,0,0,0,0,0
browse0_protectFalse_clear3,0,73,beech,0,0,0,0,0,0,0,0,0,0,4,0,0,0,0,0
browse0_protectFalse_clear3,0,74,sitka-spruce,0,0,0,0,0,0,0,0,0,0,4,0,0,0,0,0
browse0_protectFalse_clear3,0,74,sessile-oak,0,0,0,0,0,0,0,0,0,0,4,0,0,0,0,0
browse0_protectFalse_clear3,0,74,beech,0,0,0,0,0,0,0,0,0,0,4,0,0,0,0,0
browse0_protectFalse_clear3,0,75,sitka-spruce,0,0,0,0,0,0,0,0,0,0,4,0,0,0,0,0
browse0_protectFalse_clear3,0,75,sessile-oak,0,0,0,0,0,0,0,0,0,0,4,0,0,0,0,0
browse0_protectFalse_clear3,0,75,beech,0,0,0,0,0,0,0,0,0,0,4,0,0,0,0,0
browse0_protectFalse_clear3,0,76,sitka-spruce,0,0,0,0,0,0,0,0,0,0,4,0,0,0,0,0
browse0_protectFalse_clear3,0,76,sessile-oak,0,0,0,0,0,0,0,0,0,0,4,0,0,0,0,0
browse0_protectFalse_clear3,0,76,beech,0,0,0,0,0,0,0,0,0,0,4,0,0,0,0,0
browse0_protectFalse_clear3,0,77,sitka-spruce,0,0,0,0,0,0,0,0,0,0,4,0,0,0,0,0
browse0_protectFalse_clear3,0,77,sessile-oak,0,0,0,0,0,0,0,0,0,0,4,0,0,0,0,0
browse0_protectFalse_clear3,0,77,beech,0,0,0,0,0,0,0,0,0,0,4,0,0,0,0,0
browse0_protectFalse_clear3,0,78,sitka-spruce,0,0,0,0,0,0,0,0,0,0,4,0,0,0,0,0
browse0_protectFalse_clear3,0,78,sessile-oak,0,0,0,0,0,0,0,0,0,0,4,0,0,0,0,0
browse0_protectFalse_clear3,0,78,beech,0,0,0,0,0,0,0,0,0,0,4,0,0,0,0,0
browse0_protectFalse_clear3,0,79,sitka-spruce,0,0,0,0,0,0,0,0,0,0,4,0,0,0,0,0
browse0_protectFalse_clear3,0,79,sessile-oak,0,0,0,0,0,0,0,0,0,0,4,0,0,0,0,0
browse0_protectFalse_clear3,0,79,beech,0,0,0,0,0,0,0,0,0,0,4,0,0,0,0,0
browse0_protectFalse_clear3,0,80,sitka-spruce,0,0,0,0,0,0,0,0,0,0,4,0,0,0,0,0
browse0_protectFalse_clear3,0,80,sessile-oak,0,0,0,0,0,0,0,0,0,0,4,0,0,0,0,0
browse0_protectFalse_clear3,0,80,beech,0,0,0,0,0,0,0,0,0,0,4,0,0,0,0,0
browse0_protectFalse_clear3,0,81,sitka-spruce,0,0,0,0,0,0,0,0,0,0,4,0,0,0,0,0
browse0_protectFalse_clear3,0,81,sessile-oak,0,0,0,0,0,0,0,0,0,0,4,0,0,0,0,0
browse0_protectFalse_clear3,0,81,beech,0,0,0,0,0,0,0,0,0,0,4,0,0,0,0,0
browse0_protectFalse_clear3,0,82,sitka-spruce,0,0,0,0,0,0,0,0,0,0,4,0,0,0,0,0
browse0_protectFalse_clear3,0,82,sessile-oak,0,0,0,0,0,0,0,0,0,0,4,0,0,0,0,0
browse0_protectFalse_clear3,0,82,beech,0,0,0,0,0,0,0,0,0,0,4,0,0,0,0,0
browse0_protectFalse_clear3,0,83,sitka-spruce,0,0,0,0,0,0,0,0,0,0,4,0,0,0,0,0
browse0_protectFalse_clear3,0,83,sessile-oak,0,0,0,0,0,0,0,0,0,0,4,0,0,0,0,0
browse0_protectFalse_clear3,0,83,beech,0,0,0,0,0,0,0,0,0,0,4,0,0,0,0,0
browse0_protectFalse_clear3,0,84,sitka-spruce,0,0,0,0,0,0,0,0,0,0,4,0,0,0,0,0
browse0_protectFalse_clear3,0,84,sessile-oak,0,0,0,0,0,0,0,0,0,0,4,0,0,0,0,0
browse0_protectFalse_clear3,0,84,beech,0,0,0,0,0,0,0,0,0,0,4,0,0,0,0,0
browse0_protectFalse_clear3,0,85,sitka-spruce,0,0,0,0,0,0,0,0,0,0,4,0,0,0,0,0
browse0_protectFalse_clear3,0,85,sessile-oak,0,0,0,0,0,0,0,0,0,0,4,0,0,0,0,0
browse0_protectFalse_clear3,0,85,beech,0,0,0,0,0,0,0,0,0,0,4,0,0,0,0,0
browse0_protectFalse_clear3,0,86,sitka-spruce,0,0,0,0,0,0,0,0,0,0,4,0,0,0,0,0
browse0_protectFalse_clear3,0,86,sessile-oak,0,0,0,0,0,0,0,0,0,0,4,0,0,0,0,0
browse0_protectFalse_clear3,0,86,beech,0,0,0,0,0,0,0,0,0,0,4,0,0,0,0,0
browse0_protectFalse_clear3,0,87,sitka-spruce,0,0,0,0,0,0,0,0,0,0,4,0,0,0,0,0
browse0_protectFalse_clear3,0,87,sessile-oak,0,0,0,0,0,0,0,0,0,0,4,0,0,0,0,0
browse0_protectFalse_clear3,0,87,beech,0,0,0,0,0,0,0,0,0,0,4,0,0,0,0,0
browse0_protectFalse_clear3,0,88,sitka-spruce,0,0,0,0,0,0,0,0,0,0,4,0,0,0,0,0
browse0_protectFalse_clear3,0,88,sessile-oak,0,0,0,0,0,0,0,0,0,0,4,0,0,0,0,0
browse0_protectFalse_clear3,0,88,beech,0,0,0,0,0,0,0,0,0,0,4,0,0,0,0,0
browse0_protectFalse_clear3,0,89,sitka-spruce,0,0,0,0,0,0,0,0,0,0,4,0,0,0,0,0
browse0_protectFalse_clear3,0,89,sessile-oak,0,0,0,0,0,0,0,0,0,0,4,0,0,0,0,0
browse0_protectFalse_clear3,0,89,beech,0,0,0,0,0,0,0,0,0,0,4,0,0,0,0,0
browse0_protectFalse_clear3,0,90,sitka-spruce,0,0,0,0,0,0,0,0,0,0,4,0,0,0,0,0
browse0_protectFalse_clear3,0,90,sessile-oak,0,0,0,0,0,0,0,0,0,0,4,0,0,0,0,0
browse0_protectFalse_clear3,0,90,beech,0,0,0,0,0,0,0,0,0,0,4,0,0,0,0,0
browse0_protectFalse_clear3,0,91,sitka-spruce,0,0,0,0,0,0,0,0,0,0,4,0,0,0,0,0
browse0_protectFalse_clear3,0,91,sessile-oak,0,0,0,0,0,0,0,0,0,0,4,0,0,0,0,0
browse0_protectFalse_clear3,0,91,beech,0,0,0,0,0,0,0,0,0,0,4,0,0,0,0,0
browse0_protectFalse_clear3,0,92,sitka-spruce,0,0,0,0,0,0,0,0,0,0,4,0,0,0,0,0
browse0_protectFalse_clear3,0,92,sessile-oak,0,0,0,0,0,0,0,0,0,0,4,0,0,0,0,0
browse0_protectFalse_clear3,0,92,beech,0,0,0,0,0,0,0,0,0,0,4,0,0,0,0,0
browse0_protectFalse_clear3,0,93,sitka-spruce,0,0,0,0,0,0,0,0,0,0,4,0,0,0,0,0
browse0_protectFalse_clear3,0,93,sessile-oak,0,0,0,0,0,0,0,0,0,0,4,0,0,0,0,0
browse0_protectFalse_clear3,0,93,beech,0,0,0,0,0,0,0,0,0,0,4,0,0,0,0,0
browse0_protectFalse_clear3,0,94,sitka-spruce,0,0,0,0,0,0,0,0,0,0,4,0,0,0,0,0
browse0_protectFalse_clear3,0,94,sessile-oak,0,0,0,0,0,0,0,0,0,0,4,0,0,0,0,0
browse0_protectFalse_clear3,0,94,beech,0,0,0,0,0,0,0,0,0,0,4,0,0,0,0,0
browse0_protectFalse_clear3,0,95,sitka-spruce,0,0,0,0,0,0,0,0,0,0,4,0,0,0,0,0
browse0_protectFalse_clear3,0,95,sessile-oak,0,0,0,0,0,0,0,0,0,0,4,0,0,0,0,0
browse0_protectFalse_clear3,0,95,beech,0,0,0,0,0,0,0,0,0,0,4,0,0,0,0,0
browse0_protectFalse_clear3,0,96,sitka-spruce,0,0,0,0,0,0,0,0,0,0,4,0,0,0,0,0
browse0_protectFalse_clear3,0,96,sessile-oak,0,0,0,0,0,0,0,0,0,0,4,0,0,0,0,0
browse0_protectFalse_clear3,0,96,beech,0,0,0,0,0,0,0,0,0,0,4,0,0,0,0,0
browse0_protectFalse_clear3,0,97,sitka-spruce,0,0,0,0,0,0,0,0,0,0,4,0,0,0,0,0
browse0_protectFalse_clear3,0,97,sessile-oak,0,0,0,0,0,0,0,0,0,0,4,0,0,0,0,0
browse0_protectFalse_clear3,0,97,beech,0,0,0,0,0,0,0,0,0,0,4,0,0,0,0,0
browse0_protectFalse_clear3,0,98,sitka-spruce,0,0,0,0,0,0,0,0,0,0,4,0,0,0,0,0
browse0_protectFalse_clear3,0,98,sessile-oak,0,0,0,0,0,0,0,0,0,0,4,0,0,0,0,0
browse0_protectFalse_clear3,0,98,beech,0,0,0,0,0,0,0,0,0,0,4,0,0,0,0,0
browse0_protectFalse_clear3,0,99,sitka-spruce,0,0,0,0,0,0,0,0,0,0,4,0,0,0,0,0
browse0_protectFalse_clear3,0,99,sessile-oak,0,0,0,0,0,0,0,0,0,0,4,0,0,0,0,0
browse0_protectFalse_clear3,0,99,beech,0,0,0,0,0,0,0,0,0,0,4,0,0,0,0,0
browse0_protectFalse_clear3,0,100,sitka-spruce,0,0,0,0,0,0,0,0,0,0,4,0,0,0,0,0
browse0_protectFalse_clear3,0,100,sessile-oak,0,0,0,0,0,0,0,0,0,0,4,0,0,0,0,0
browse0_protectFalse_clear3,0,100,beech,0,0,0,0,0,0,0,0,0,0,4,0,0,0,0,0
browse0_protectFalse_clear3,1,1,sitka-spruce,0.800000011920929,0,0,0,0,0,0,0,4,0,0,0,0,0,0,0
browse0_protectFalse_clear3,1,1,sessile-oak,0.800000011920929,0,0,0,0,0,0,0,4,0,0,0,0,0,0,0
browse0_protectFalse_clear3,1,1,beech,0.800000011920929,0,0,0,0,0,0,0,4,0,0,0,0,0,0,0
browse0_protectFalse_clear3,1,2,sitka-spruce,0.800000011920929,0,0,0,0,0,0,0,4,0,0,0,0,0,0,0
browse0_protectFalse_clear3,1,2,sessile-oak,0.800000011920929,0,0,0,0,0,0,0,4,0,0,0,0,0,0,0
browse0_protectFalse_clear3,1,2,beech,0.800000011920929,0,0,0,0,0,0,0,4,0,0,0,0,0,0,0
browse0_protectFalse_clear3,1,3,sitka-spruce,0,0,0,0,0,0,0,0,0,0,4,0,0,2.4000000953674316,12,0
browse0_protectFalse_clear3,1,3,sessile-oak,0,0,0,0,0,0,0,0,0,0,4,0,0,2.4000000953674316,12,0
browse0_protectFalse_clear3,1,3,beech,0,0,0,0,0,0,0,0,0,0,4,0,0,2.4000000953674316,12,0
browse0_protectFalse_clear3,1,4,sitka-spruce,0,0,0,0,0,0,0,0,0,0,4,0,0,0,0,0
browse0_protectFalse_clear3,1,4,sessile-oak,0,0,0,0,0,0,0,0,0,0,4,0,0,0,0,0
browse0_protectFalse_clear3,1,4,beech,0,0,0,0,0,0,0,0,0,0,4,0,0,0,0,0
browse0_protectFalse_clear3,1,5,sitka-spruce,0,0,0,0,0,0,0,0,0,0,4,0,0,0,0,0
browse0_protectFalse_clear3,1,5,sessile-oak,0,0,0,0,0,0,0,0,0,0,4,0,0,0,0,0
browse0_protectFalse_clear3,1,5,beech,0,0,0,0,0,0,0,0,0,0,4,0,0,0,0,0
browse0_protectFalse_clear3,1,6,sitka-spruce,0,0,0,0,0,0,0,0,0,0,4,0,0,0,0,0
browse0_protectFalse_clear3,1,6,sessile-oak,0,0,0,0,0,0,0,0,0,0,4,0,0,0,0,0
browse0_protectFalse_clear3,1,6,beech,0,0,0,0,0,0,0,0,0,0,4,0,0,0,0,0
browse0_protectFalse_clear3,1,7,sitka-spruce,0,0,0,0,0,0,0,0,0,0,4,0,0,0,0,0
browse0_protectFalse_clear3,1,7,sessile-oak,0,0,0,0,0,0,0,0,0,0,4,0,0,0,0,0
browse0_protectFalse_clear3,1,7,beech,0,0,0,0,0,0,0,0,0,0,4,0,0,0,0,0
browse0_protectFalse_clear3,1,8,sitka-spruce,0,0,0,0,0,0,0,0,0,0,4,0,0,0,0,0
browse0_protectFalse_clear3,1,8,sessile-oak,0,0,0,0,0,0,0,0,0,0,4,0,0,0,0,0
browse0_protectFalse_clear3,1,8,beech,0,0,0,0,0,0,0,0,0,0,4,0,0,0,0,0
browse0_protectFalse_clear3,1,9,sitka-spruce,0,0,0,0,0,0,0,0,0,0,4,0,0,0,0,0
browse0_protectFalse_clear3,1,9,sessile-oak,0,0,0,0,0,0,0,0,0,0,4,0,0,0,0,0
browse0_protectFalse_clear3,1,9,beech,0,0,0,0,0,0,0,0,0,0,4,0,0,0,0,0
browse0_protectFalse_clear3,1,10,sitka-spruce,0,0,0,0,0,0,0,0,0,0,4,0,0,0,0,0
browse0_protectFalse_clear3,1,10,sessile-oak,0,0,0,0,0,0,0,0,0,0,4,0,0,0,0,0
browse0_protectFalse_clear3,1,10,beech,0,0,0,0,0,0,0,0,0,0,4,0,0,0,0,0
browse0_protectFalse_clear3,1,11,sitka-spruce,0,0,0,0,0,0,0,0,0,0,4,0,0,0,0,0
browse0_protectFalse_clear3,1,11,sessile-oak,0,0,0,0,0,0,0,0,0,0,4,0,0,0,0,0
browse0_protectFalse_clear3,1,11,beech,0,0,0,0,0,0,0,0,0,0,4,0,0,0,0,0
browse0_protectFalse_clear3,1,12,sitka-spruce,0,0,0,0,0,0,0,0,0,0,4,0,0,0,0,0
browse0_protectFalse_clear3,1,12,sessile-oak,0,0,0,0,0,0,0,0,0,0,4,0,0,0,0,0
browse0_protectFalse_clear3,1,12,beech,0,0,0,0,0,0,0,0,0,0,4,0,0,0,0,0
browse0_protectFalse_clear3,1,13,sitka-spruce,0,0,0,0,0,0,0,0,0,0,4,0,0,0,0,0
browse0_protectFalse_clear3,1,13,sessile-oak,0,0,0,0,0,0,0,0,0,0,4,0,0,0,0,0
browse0_protectFalse_clear3,1,13,beech,0,0,0,0,0,0,0,0,0,0,4,0,0,0,0,0
browse0_protectFalse_clear3,1,14,sitka-spruce,0,0,0,0,0,0,0,0,0,0,4,0,0,0,0,0
browse0_protectFalse_clear3,1,14,sessile-oak,0,0,0,0,0,0,0,0,0,0,4,0,0,0,0,0
browse0_protectFalse_clear3,1,14,beech,0,0,0,0,0,0,0,0,0,0,4,0,0,0,0,0
browse0_protectFalse_clear3,1,15,sitka-spruce,0,0,0,0,0,0,0,0,0,0,4,0,0,0,0,0
browse0_protectFalse_clear3,1,15,sessile-oak,0,0,0,0,0,0,0,0,0,0,4,0,0,0,0,0
browse0_protectFalse_clear3,1,15,beech,0,0,0,0,0,0,0,0,0,0,4,0,0,0,0,0
browse0_protectFalse_clear3,1,16,sitka-spruce,0,0,0,0,0,0,0,0,0,0,4,0,0,0,0,0
browse0_protectFalse_clear3,1,16,sessile-oak,0,0,0,0,0,0,0,0,0,0,4,0,0,0,0,0
browse0_protectFalse_clear3,1,16,beech,0,0,0,0,0,0,0,0,0,0,4,0,0,0,0,0
browse0_protectFalse_clear3,1,17,sitka-spruce,0,0,0,0,0,0,0,0,0,0,4,0,0,0,0,0
browse0_protectFalse_clear3,1,17,sessile-oak,0,0,0,0,0,0,0,0,0,0,4,0,0,0,0,0
browse0_protectFalse_clear3,1,17,beech,0,0,0,0,0,0,0,0,0,0,4,0,0,0,0,0
browse0_protectFalse_clear3,1,18,sitka-spruce,0,0,0,0,0,0,0,0,0,0,4,0,0,0,0,0
browse0_protectFalse_clear3,1,18,sessile-oak,0,0,0,0,0,0,0,0,0,0,4,0,0,0,0,0
browse0_protectFalse_clear3,1,18,beech,0,0,0,0,0,0,0,0,0,0,4,0,0,0,0,0
browse0_protectFalse_clear3,1,19,sitka-spruce,0,0,0,0,0,0,0,0,0,0,4,0,0,0,0,0
browse0_protectFalse_clear3,1,19,sessile-oak,0,0,0,0,0,0,0,0,0,0,4,0,0,0,0,0
browse0_protectFalse_clear3,1,19,beech,0,0,0,0,0,0,0,0,0,0,4,0,0,0,0,0
browse0_protectFalse_clear3,1,20,sitka-spruce,0,0,0,0,0,0,0,0,0,0,4,0,0,0,0,0
browse0_protectFalse_clear3,1,20,sessile-oak,0,0,0,0,0,0,0,0,0,0,4,0,0,0,0,0
browse0_protectFalse_clear3,1,20,beech,0,0,0,0,0,0,0,0,0,0,4,0,0,0,0,0
browse0_protectFalse_clear3,1,21,sitka-spruce,0,0,0,0,0,0,0,0,0,0,4,0,0,0,0,0
browse0_protectFalse_clear3,1,21,sessile-oak,0,0,0,0,0,0,0,0,0,0,4,0,0,0,0,0
browse0_protectFalse_clear3,1,21,beech,0,0,0,0,0,0,0,0,0,0,4,0,0,0,0,0
browse0_protectFalse_clear3,1,22,sitka-spruce,0,0,0,0,0,0,0,0,0,0,4,0,0,0,0,0
browse0_protectFalse_clear3,1,22,sessile-oak,0,0,0,0,0,0,0,0,0,0,4,0,0,0,0,0
browse0_protectFalse_clear3,1,22,beech,0,0,0,0,0,0,0,0,0,0,4,0,0,0,0,0
browse0_protectFalse_clear3,1,23,sitka-spruce,0,0,0,0,0,0,0,0,0,0,4,0,0,0,0,0
browse0_protectFalse_clear3,1,23,sessile-oak,0,0,0,0,0,0,0,0,0,0,4,0,0,0,0,0
browse0_protectFalse_clear3,1,23,beech,0,0,0,0,0,0,0,0,0,0,4,0,0,0,0,0
browse0_protectFalse_clear3,1,24,sitka-spruce,0,0,0,0,0,0,0,0,0,0,4,0,0,0,0,0
browse0_protectFalse_clear3,1,24,sessile-oak,0,0,0,0,0,0,0,0,0,0,4,0,0,0,0,0
browse0_protectFalse_clear3,1,24,beech,0,0,0,0,0,0,0,0,0,0,4,0,0,0,0,0
browse0_protectFalse_clear3,1,25,sitka-spruce,0,0,0,0,0,0,0,0,0,0,4,0,0,0,0,0
browse0_protectFalse_clear3,1,25,sessile-oak,0,0,0,0,0,0,0,0,0,0,4,0,0,0,0,0
browse0_protectFalse_clear3,1,25,beech,0,0,0,0,0,0,0,0,0,0,4,0,0,0,0,0
browse0_protectFalse_clear3,1,26,sitka-spruce,0,0,0,0,0,0,0,0,0,0,4,0,0,0,0,0
browse0_protectFalse_clear3,1,26,sessile-oak,0,0,0,0,0,0,0,0,0,0,4,0,0,0,0,0
browse0_protectFalse_clear3,1,26,beech,0,0,0,0,0,0,0,0,0,0,4,0,0,0,0,0
browse0_protectFalse_clear3,1,27,sitka-spruce,0,0,0,0,0,0,0,0,0,0,4,0,0,0,0,0
browse0_protectFalse_clear3,1,27,sessile-oak,0,0,0,0,0,0,0,0,0,0,4,0,0,0,0,0
browse0_protectFalse_clear3,1,27,beech,0,0,0,0,0,0,0,0,0,0,4,0,0,0,0,0
browse0_protectFalse_clear3,1,28,sitka-spruce,0,0,0,0,0,0,0,0,0,0,4,0,0,0,0,0
browse0_protectFalse_clear3,1,28,sessile-oak,0,0,0,0,0,0,0,0,0,0,4,0,0,0,0,0
browse0_protectFalse_clear3,1,28,beech,0,0,0,0,0,0,0,0,0,0,4,0,0,0,0,0
browse0_protectFalse_clear3,1,29,sitka-spruce,0,0,0,0,0,0,0,0,0,0,4,0,0,0,0,0
browse0_protectFalse_clear3,1,29,sessile-oak,0,0,0,0,0,0,0,0,0,0,4,0,0,0,0,0
browse0_protectFalse_clear3,1,29,beech,0,0,0,0,0,0,0,0,0,0,4,0,0,0,0,0
browse0_protectFalse_clear3,1,30,sitka-spruce,0,0,0,0,0,0,0,0,0,0,4,0,0,0,0,0
browse0_protectFalse_clear3,1,30,sessile-oak,0,0,0,0,0,0,0,0,0,0,4,0,0,0,0,0
browse0_protectFalse_clear3,1,30,beech,0,0,0,0,0,0,0,0,0,0,4,0,0,0,0,0
browse0_protectFalse_clear3,1,31,sitka-spruce,0,0,0,0,0,0,0,0,0,0,4,0,0,0,0,0
browse0_protectFalse_clear3,1,31,sessile-oak,0,0,0,0,0,0,0,0,0,0,4,0,0,0,0,0
browse0_protectFalse_clear3,1,31,beech,0,0,0,0,0,0,0,0,0,0,4,0,0,0,0,0
browse0_protectFalse_clear3,1,32,sitka-spruce,0,0,0,0,0,0,0,0,0,0,4,0,0,0,0,0
browse0_protectFalse_clear3,1,32,sessile-oak,0,0,0,0,0,0,0,0,0,0,4,0,0,0,0,0
browse0_protectFalse_clear3,1,32,beech,0,0,0,0,0,0,0,0,0,0,4,0,0,0,0,0
browse0_protectFalse_clear3,1,33,sitka-spruce,0,0,0,0,0,0,0,0,0,0,4,0,0,0,0,0
browse0_protectFalse_clear3,1,33,sessile-oak,0,0,0,0,0,0,0,0,0,0,4,0,0,0,0,0
browse0_protectFalse_clear3,1,33,beech,0,0,0,0,0,0,0,0,0,0,4,0,0,0,0,0
browse0_protectFalse_clear3,1,34,sitka-spruce,0,0,0,0,0,0,0,0,0,0,4,0,0,0,0,0
browse0_protectFalse_clear3,1,34,sessile-oak,0,0,0,0,0,0,0,0,0,0,4,0,0,0,0,0
browse0_protectFalse_clear3,1,34,beech,0,0,0,0,0,0,0,0,0,0,4,0,0,0,0,0
browse0_protectFalse_clear3,1,35,sitka-spruce,0,0,0,0,0,0,0,0,0,0,4,0,0,0,0,0
browse0_protectFalse_clear3,1,35,sessile-oak,0,0,0,0,0,0,0,0,0,0,4,0,0,0,0,0
browse0_protectFalse_clear3,1,35,beech,0,0,0,0,0,0,0,0,0,0,4,0,0,0,0,0
browse0_protectFalse_clear3,1,36,sitka-spruce,0,0,0,0,0,0,0,0,0,0,4,0,0,0,0,0
browse0_protectFalse_clear3,1,36,sessile-oak,0,0,0,0,0,0,0,0,0,0,4,0,0,0,0,0
browse0_protectFalse_clear3,1,36,beech,0,0,0,0,0,0,0,0,0,0,4,0,0,0,0,0
browse0_protectFalse_clear3,1,37,sitka-spruce,0,0,0,0,0,0,0,0,0,0,4,0,0,0,0,0
browse0_protectFalse_clear3,1,37,sessile-oak,0,0,0,0,0,0,0,0,0,0,4,0,0,0,0,0
browse0_protectFalse_clear3,1,37,beech,0,0,0,0,0,0,0,0,0,0,4,0,0,0,0,0
browse0_protectFalse_clear3,1,38,sitka-spruce,0,0,0,0,0,0,0,0,0,0,4,0,0,0,0,0
browse0_protectFalse_clear3,1,38,sessile-oak,0,0,0,0,0,0,0,0,0,0,4,0,0,0,0,0
browse0_protectFalse_clear3,1,38,beech,0,0,0,0,0,0,0,0,0,0,4,0,0,0,0,0
browse0_protectFalse_clear3,1,39,sitka-spruce,0,0,0,0,0,0,0,0,0,0,4,0,0,0,0,0
browse0_protectFalse_clear3,1,39,sessile-oak,0,0,0,0,0,0,0,0,0,0,4,0,0,0,0,0
browse0_protectFalse_clear3,1,39,beech,0,0,0,0,0,0,0,0,0,0,4,0,0,0,0,0
browse0_protectFalse_clear3,1,40,sitka-spruce,0,0,0,0,0,0,0,0,0,0,4,0,0,0,0,0
browse0_protectFalse_clear3,1,40,sessile-oak,0,0,0,0,0,0,0,0,0,0,4,0,0,0,0,0
browse0_protectFalse_clear3,1,40,beech,0,0,0,0,0,0,0,0,0,0,4,0,0,0,0,0
browse0_protectFalse_clear3,1,41,sitka-spruce,0,0,0,0,0,0,0,0,0,0,4,0,0,0,0,0
browse0_protectFalse_clear3,1,41,sessile-oak,0,0,0,0,0,0,0,0,0,0,4,0,0,0,0,0
browse0_protectFalse_clear3,1,41,beech,0,0,0,0,0,0,0,0,0,0,4,0,0,0,0,0
browse0_protectFalse_clear3,1,42,sitka-spruce,0,0,0,0,0,0,0,0,0,0,4,0,0,0,0,0
browse0_protectFalse_clear3,1,42,sessile-oak,0,0,0,0,0,0,0,0,0,0,4,0,0,0,0,0
browse0_protectFalse_clear3,1,42,beech,0,0,0,0,0,0,0,0,0,0,4,0,0,0,0,0
browse0_protectFalse_clear3,1,43,sitka-spruce,0,0,0,0,0,0,0,0,0,0,4,0,0,0,0,0
browse0_protectFalse_clear3,1,43,sessile-oak,0,0,0,0,0,0,0,0,0,0,4,0,0,0,0,0
browse0_protectFalse_clear3,1,43,beech,0,0,0,0,0,0,0,0,0,0,4,0,0,0,0,0
browse0_protectFalse_clear3,1,44,sitka-spruce,0,0,0,0,0,0,0,0,0,0,4,0,0,0,0,0
browse0_protectFalse_clear3,1,44,sessile-oak,0,0,0,0,0,0,0,0,0,0,4,0,0,0,0,0
browse0_protectFalse_clear3,1,44,beech,0,0,0,0,0,0,0,0,0,0,4,0,0,0,0,0
browse0_protectFalse_clear3,1,45,sitka-spruce,0,0,0,0,0,0,0,0,0,0,4,0,0,0,0,0
browse0_protectFalse_clear3,1,45,sessile-oak,0,0,0,0,0,0,0,0,0,0,4,0,0,0,0,0
browse0_protectFalse_clear3,1,45,beech,0,0,0,0,0,0,0,0,0,0,4,0,0,0,0,0
browse0_protectFalse_clear3,1,46,sitka-spruce,0,0,0,0,0,0,0,0,0,0,4,0,0,0,0,0
browse0_protectFalse_clear3,1,46,sessile-oak,0,0,0,0,0,0,0,0,0,0,4,0,0,0,0,0
browse0_protectFalse_clear3,1,46,beech,0,0,0,0,0,0,0,0,0,0,4,0,0,0,0,0
browse0_protectFalse_clear3,1,47,sitka-spruce,0,0,0,0,0,0,0,0,0,0,4,0,0,0,0,0
browse0_protectFalse_clear3,1,47,sessile-oak,0,0,0,0,0,0,0,0,0,0,4,0,0,0,0,0
browse0_protectFalse_clear3,1,47,beech,0,0,0,0,0,0,0,0,0,0,4,0,0,0,0,0
browse0_protectFalse_clear3,1,48,sitka-spruce,0,0,0,0,0,0,0,0,0,0,4,0,0,0,0,0
browse0_protectFalse_clear3,1,48,sessile-oak,0,0,0,0,0,0,0,0,0,0,4,0,0,0,0,0
browse0_protectFalse_clear3,1,48,beech,0,0,0,0,0,0,0,0,0,0,4,0,0,0,0,0
browse0_protectFalse_clear3,1,49,sitka-spruce,0,0,0,0,0,0,0,0,0,0,4,0,0,0,0,0
browse0_protectFalse_clear3,1,49,sessile-oak,0,0,0,0,0,0,0,0,0,0,4,0,0,0,0,0
browse0_protectFalse_clear3,1,49,beech,0,0,0,0,0,0,0,0,0,0,4,0,0,0,0,0
browse0_protectFalse_clear3,1,50,sitka-spruce,0,0,0,0,0,0,0,0,0,0,4,0,0,0,0,0
browse0_protectFalse_clear3,1,50,sessile-oak,0,0,0,0,0,0,0,0,0,0,4,0,0,0,0,0
browse0_protectFalse_clear3,1,50,beech,0,0,0,0,0,0,0,0,0,0,4,0,0,0,0,0
browse0_protectFalse_clear3,1,51,sitka-spruce,0,0,0,0,0,0,0,0,0,0,4,0,0,0,0,0
browse0_protectFalse_clear3,1,51,sessile-oak,0,0,0,0,0,0,0,0,0,0,4,0,0,0,0,0
browse0_protectFalse_clear3,1,51,beech,0,0,0,0,0,0,0,0,0,0,4,0,0,0,0,0
browse0_protectFalse_clear3,1,52,sitka-spruce,0,0,0,0,0,0,0,0,0,0,4,0,0,0,0,0
browse0_protectFalse_clear3,1,52,sessile-oak,0,0,0,0,0,0,0,0,0,0,4,0,0,0,0,0
browse0_protectFalse_clear3,1,52,beech,0,0,0,0,0,0,0,0,0,0,4,0,0,0,0,0
browse0_protectFalse_clear3,1,53,sitka-spruce,0,0,0,0,0,0,0,0,0,0,4,0,0,0,0,0
browse0_protectFalse_clear3,1,53,sessile-oak,0,0,0,0,0,0,0,0,0,0,4,0,0,0,0,0
browse0_protectFalse_clear3,1,53,beech,0,0,0,0,0,0,0,0,0,0,4,0,0,0,0,0
browse0_protectFalse_clear3,1,54,sitka-spruce,0,0,0,0,0,0,0,0,0,0,4,0,0,0,0,0
browse0_protectFalse_clear3,1,54,sessile-oak,0,0,0,0,0,0,0,0,0,0,4,0,0,0,0,0
browse0_protectFalse_clear3,1,54,beech,0,0,0,0,0,0,0,0,0,0,4,0,0,0,0,0
browse0_protectFalse_clear3,1,55,sitka-spruce,0,0,0,0,0,0,0,0,0,0,4,0,0,0,0,0
browse0_protectFalse_clear3,1,55,sessile-oak,0,0,0,0,0,0,0,0,0,0,4,0,0,0,0,0
browse0_protectFalse_clear3,1,55,beech,0,0,0,0,0,0,0,0,0,0,4,0,0,0,0,0
browse0_protectFalse_clear3,1,56,sitka-spruce,0,0,0,0,0,0,0,0,0,0,4,0,0,0,0,0
browse0_protectFalse_clear3,1,56,sessile-oak,0,0,0,0,0,0,0,0,0,0,4,0,0,0,0,0
browse0_protectFalse_clear3,1,56,beech,0,0,0,0,0,0,0,0,0,0,4,0,0,0,0,0
browse0_protectFalse_clear3,1,57,sitka-spruce,0,0,0,0,0,0,0,0,0,0,4,0,0,0,0,0
browse0_protectFalse_clear3,1,57,sessile-oak,0,0,0,0,0,0,0,0,0,0,4,0,0,0,0,0
browse0_protectFalse_clear3,1,57,beech,0,0,0,0,0,0,0,0,0,0,4,0,0,0,0,0
browse0_protectFalse_clear3,1,58,sitka-spruce,0,0,0,0,0,0,0,0,0,0,4,0,0,0,0,0
browse0_protectFalse_clear3,1,58,sessile-oak,0,0,0,0,0,0,0,0,0,0,4,0,0,0,0,0
browse0_protectFalse_clear3,1,58,beech,0,0,0,0,0,0,0,0,0,0,4,0,0,0,0,0
browse0_protectFalse_clear3,1,59,sitka-spruce,0,0,0,0,0,0,0,0,0,0,4,0,0,0,0,0
browse0_protectFalse_clear3,1,59,sessile-oak,0,0,0,0,0,0,0,0,0,0,4,0,0,0,0,0
browse0_protectFalse_clear3,1,59,beech,0,0,0,0,0,0,0,0,0,0,4,0,0,0,0,0
browse0_protectFalse_clear3,1,60,sitka-spruce,0,0,0,0,0,0,0,0,0,0,4,0,0,0,0,0
browse0_protectFalse_clear3,1,60,sessile-oak,0,0,0,0,0,0,0,0,0,0,4,0,0,0,0,0
browse0_protectFalse_clear3,1,60,beech,0,0,0,0,0,0,0,0,0,0,4,0,0,0,0,0
browse0_protectFalse_clear3,1,61,sitka-spruce,0,0,0,0,0,0,0,0,0,0,4,0,0,0,0,0
browse0_protectFalse_clear3,1,61,sessile-oak,0,0,0,0,0,0,0,0,0,0,4,0,0,0,0,0
browse0_protectFalse_clear3,1,61,beech,0,0,0,0,0,0,0,0,0,0,4,0,0,0,0,0
browse0_protectFalse_clear3,1,62,sitka-spruce,0,0,0,0,0,0,0,0,0,0,4,0,0,0,0,0
browse0_protectFalse_clear3,1,62,sessile-oak,0,0,0,0,0,0,0,0,0,0,4,0,0,0,0,0
browse0_protectFalse_clear3,1,62,beech,0,0,0,0,0,0,0,0,0,0,4,0,0,0,0,0
browse0_protectFalse_clear3,1,63,sitka-spruce,0,0,0,0,0,0,0,0,0,0,4,0,0,0,0,0
browse0_protectFalse_clear3,1,63,sessile-oak,0,0,0,0,0,0,0,0,0,0,4,0,0,0,0,0
browse0_protectFalse_clear3,1,63,beech,0,0,0,0,0,0,0,0,0,0,4,0,0,0,0,0
browse0_protectFalse_clear3,1,64,sitka-spruce,0,0,0,0,0,0,0,0,0,0,4,0,0,0,0,0
browse0_protectFalse_clear3,1,64,sessile-oak,0,0,0,0,0,0,0,0,0,0,4,0,0,0,0,0
browse0_protectFalse_clear3,1,64,beech,0,0,0,0,0,0,0,0,0,0,4,0,0,0,0,0
browse0_protectFalse_clear3,1,65,sitka-spruce,0,0,0,0,0,0,0,0,0,0,4,0,0,0,0,0
browse0_protectFalse_clear3,1,65,sessile-oak,0,0,0,0,0,0,0,0,0,0,4,0,0,0,0,0
browse0_protectFalse_clear3,1,65,beech,0,0,0,0,0,0,0,0,0,0,4,0,0,0,0,0
browse0_protectFalse_clear3,1,66,sitka-spruce,0,0,0,0,0,0,0,0,0,0,4,0,0,0,0,0
browse0_protectFalse_clear3,1,66,sessile-oak,0,0,0,0,0,0,0,0,0,0,4,0,0,0,0,0
browse0_protectFalse_clear3,1,66,beech,0,0,0,0,0,0,0,0,0,0,4,0,0,0,0,0
browse0_protectFalse_clear3,1,67,sitka-spruce,0,0,0,0,0,0,0,0,0,0,4,0,0,0,0,0
browse0_protectFalse_clear3,1,67,sessile-oak,0,0,0,0,0,0,0,0,0,0,4,0,0,0,0,0
browse0_protectFalse_clear3,1,67,beech,0,0,0,0,0,0,0,0,0,0,4,0,0,0,0,0
browse0_protectFalse_clear3,1,68,sitka-spruce,0,0,0,0,0,0,0,0,0,0,4,0,0,0,0,0
browse0_protectFalse_clear3,1,68,sessile-oak,0,0,0,0,0,0,0,0,0,0,4,0,0,0,0,0
browse0_protectFalse_clear3,1,68,beech,0,0,0,0,0,0,0,0,0,0,4,0,0,0,0,0
browse0_protectFalse_clear3,1,69,sitka-spruce,0,0,0,0,0,0,0,0,0,0,4,0,0,0,0,0
browse0_protectFalse_clear3,1,69,sessile-oak,0,0,0,0,0,0,0,0,0,0,4,0,0,0,0,0
browse0_protectFalse_clear3,1,69,beech,0,0,0,0,0,0,0,0,0,0,4,0,0,0,0,0
browse0_protectFalse_clear3,1,70,sitka-spruce,0,0,0,0,0,0,0,0,0,0,4,0,0,0,0,0
browse0_protectFalse_clear3,1,70,sessile-oak,0,0,0,0,0,0,0,0,0,0,4,0,0,0,0,0
browse0_protectFalse_clear3,1,70,beech,0,0,0,0,0,0,0,0,0,0,4,0,0,0,0,0
browse0_protectFalse_clear3,1,71,sitka-spruce,0,0,0,0,0,0,0,0,0,0,4,0,0,0,0,0
browse0_protectFalse_clear3,1,71,sessile-oak,0,0,0,0,0,0,0,0,0,0,4,0,0,0,0,0
browse0_protectFalse_clear3,1,71,beech,0,0,0,0,0,0,0,0,0,0,4,0,0,0,0,0
browse0_protectFalse_clear3,1,72,sitka-spruce,0,0,0,0,0,0,0,0,0,0,4,0,0,0,0,0
browse0_protectFalse_clear3,1,72,sessile-oak,0,0,0,0,0,0,0,0,0,0,4,0,0,0,0,0
browse0_protectFalse_clear3,1,72,beech,0,0,0,0,0,0,0,0,0,0,4,0,0,0,0,0
browse0_protectFalse_clear3,1,73,sitka-spruce,0,0,0,0,0,0,0,0,0,0,4,0,0,0,0,0
browse0_protectFalse_clear3,1,73,sessile-oak,0,0,0,0,0,0,0,0,0,0,4,0,0,0,0,0
browse0_protectFalse_clear3,1,73,beech,0,0,0,0,0,0,0,0,0,0,4,0,0,0,0,0
browse0_protectFalse_clear3,1,74,sitka-spruce,0,0,0,0,0,0,0,0,0,0,4,0,0,0,0,0
browse0_protectFalse_clear3,1,74,sessile-oak,0,0,0,0,0,0,0,0,0,0,4,0,0,0,0,0
browse0_protectFalse_clear3,1,74,beech,0,0,0,0,0,0,0,0,0,0,4,0,0,0,0,0
browse0_protectFalse_clear3,1,75,sitka-spruce,0,0,0,0,0,0,0,0,0,0,4,0,0,0,0,0
browse0_protectFalse_clear3,1,75,sessile-oak,0,0,0,0,0,0,0,0,0,0,4,0,0,0,0,0
browse0_protectFalse_clear3,1,75,beech,0,0,0,0,0,0,0,0,0,0,4,0,0,0,0,0
browse0_protectFalse_clear3,1,76,sitka-spruce,0,0,0,0,0,0,0,0,0,0,4,0,0,0,0,0
browse0_protectFalse_clear3,1,76,sessile-oak,0,0,0,0,0,0,0,0,0,0,4,0,0,0,0,0
browse0_protectFalse_clear3,1,76,beech,0,0,0,0,0,0,0,0,0,0,4,0,0,0,0,0
browse0_protectFalse_clear3,1,77,sitka-spruce,0,0,0,0,0,0,0,0,0,0,4,0,0,0,0,0
browse0_protectFalse_clear3,1,77,sessile-oak,0,0,0,0,0,0,0,0,0,0,4,0,0,0,0,0
browse0_protectFalse_clear3,1,77,beech,0,0,0,0,0,0,0,0,0,0,4,0,0,0,0,0
browse0_protectFalse_clear3,1,78,sitka-spruce,0,0,0,0,0,0,0,0,0,0,4,0,0,0,0,0
browse0_protectFalse_clear3,1,78,sessile-oak,0,0,0,0,0,0,0,0,0,0,4,0,0,0,0,0
browse0_protectFalse_clear3,1,78,beech,0,0,0,0,0,0,0,0,0,0,4,0,0,0,0,0
browse0_protectFalse_clear3,1,79,sitka-spruce,0,0,0,0,0,0,0,0,0,0,4,0,0,0,0,0
browse0_protectFalse_clear3,1,79,sessile-oak,0,0,0,0,0,0,0,0,0,0,4,0,0,0,0,0
browse0_protectFalse_clear3,1,79,beech,0,0,0,0,0,0,0,0,0,0,4,0,0,0,0,0
browse0_protectFalse_clear3,1,80,sitka-spruce,0,0,0,0,0,0,0,0,0,0,4,0,0,0,0,0
browse0_protectFalse_clear3,1,80,sessile-oak,0,0,0,0,0,0,0,0,0,0,4,0,0,0,0,0
browse0_protectFalse_clear3,1,80,beech,0,0,0,0,0,0,0,0,0,0,4,0,0,0,0,0
browse0_protectFalse_clear3,1,81,sitka-spruce,0,0,0,0,0,0,0,0,0,0,4,0,0,0,0,0
browse0_protectFalse_clear3,1,81,sessile-oak,0,0,0,0,0,0,0,0,0,0,4,0,0,0,0,0
browse0_protectFalse_clear3,1,81,beech,0,0,0,0,0,0,0,0,0,0,4,0,0,0,0,0
browse0_protectFalse_clear3,1,82,sitka-spruce,0,0,0,0,0,0,0,0,0,0,4,0,0,0,0,0
browse0_protectFalse_clear3,1,82,sessile-oak,0,0,0,0,0,0,0,0,0,0,4,0,0,0,0,0
browse0_protectFalse_clear3,1,82,beech,0,0,0,0,0,0,0,0,0,0,4,0,0,0,0,0
browse0_protectFalse_clear3,1,83,sitka-spruce,0,0,0,0,0,0,0,0,0,0,4,0,0,0,0,0
browse0_protectFalse_clear3,1,83,sessile-oak,0,0,0,0,0,0,0,0,0,0,4,0,0,0,0,0
browse0_protectFalse_clear3,1,83,beech,0,0,0,0,0,0,0,0,0,0,4,0,0,0,0,0
browse0_protectFalse_clear3,1,84,sitka-spruce,0,0,0,0,0,0,0,0,0,0,4,0,0,0,0,0
browse0_protectFalse_clear3,1,84,sessile-oak,0,0,0,0,0,0,0,0,0,0,4,0,0,0,0,0
browse0_protectFalse_clear3,1,84,beech,0,0,0,0,0,0,0,0,0,0,4,0,0,0,0,0
browse0_protectFalse_clear3,1,85,sitka-spruce,0,0,0,0,0,0,0,0,0,0,4,0,0,0,0,0
browse0_protectFalse_clear3,1,85,sessile-oak,0,0,0,0,0,0,0,0,0,0,4,0,0,0,0,0
browse0_protectFalse_clear3,1,85,beech,0,0,0,0,0,0,0,0,0,0,4,0,0,0,0,0
browse0_protectFalse_clear3,1,86,sitka-spruce,0,0,0,0,0,0,0,0,0,0,4,0,0,0,0,0
browse0_protectFalse_clear3,1,86,sessile-oak,0,0,0,0,0,0,0,0,0,0,4,0,0,0,0,0
browse0_protectFalse_clear3,1,86,beech,0,0,0,0,0,0,0,0,0,0,4,0,0,0,0,0
browse0_protectFalse_clear3,1,87,sitka-spruce,0,0,0,0,0,0,0,0,0,0,4,0,0,0,0,0
browse0_protectFalse_clear3,1,87,sessile-oak,0,0,0,0,0,0,0,0,0,0,4,0,0,0,0,0
browse0_protectFalse_clear3,1,87,beech,0,0,0,0,0,0,0,0,0,0,4,0,0,0,0,0
browse0_protectFalse_clear3,1,88,sitka-spruce,0,0,0,0,0,0,0,0,0,0,4,0,0,0,0,0
browse0_protectFalse_clear3,1,88,sessile-oak,0,0,0,0,0,0,0,0,0,0,4,0,0,0,0,0
browse0_protectFalse_clear3,1,88,beech,0,0,0,0,0,0,0,0,0,0,4,0,0,0,0,0
browse0_protectFalse_clear3,1,89,sitka-spruce,0,0,0,0,0,0,0,0,0,0,4,0,0,0,0,0
browse0_protectFalse_clear3,1,89,sessile-oak,0,0,0,0,0,0,0,0,0,0,4,0,0,0,0,0
browse0_protectFalse_clear3,1,89,beech,0,0,0,0,0,0,0,0,0,0,4,0,0,0,0,0
browse0_protectFalse_clear3,1,90,sitka-spruce,0,0,0,0,0,0,0,0,0,0,4,0,0,0,0,0
browse0_protectFalse_clear3,1,90,sessile-oak,0,0,0,0,0,0,0,0,0,0,4,0,0,0,0,0
browse0_protectFalse_clear3,1,90,beech,0,0,0,0,0,0,0,0,0,0,4,0,0,0,0,0
browse0_protectFalse_clear3,1,91,sitka-spruce,0,0,0,0,0,0,0,0,0,0,4,0,0,0,0,0
browse0_protectFalse_clear3,1,91,sessile-oak,0,0,0,0,0,0,0,0,0,0,4,0,0,0,0,0
browse0_protectFalse_clear3,1,91,beech,0,0,0,0,0,0,0,0,0,0,4,0,0,0,0,0
browse0_protectFalse_clear3,1,92,sitka-spruce,0,0,0,0,0,0,0,0,0,0,4,0,0,0,0,0
browse0_protectFalse_clear3,1,92,sessile-oak,0,0,0,0,0,0,0,0,0,0,4,0,0,0,0,0
browse0_protectFalse_clear3,1,92,beech,0,0,0,0,0,0,0,0,0,0,4,0,0,0,0,0
browse0_protectFalse_clear3,1,93,sitka-spruce,0,0,0,0,0,0,0,0,0,0,4,0,0,0,0,0
browse0_protectFalse_clear3,1,93,sessile-oak,0,0,0,0,0,0,0,0,0,0,4,0,0,0,0,0
browse0_protectFalse_clear3,1,93,beech,0,0,0,0,0,0,0,0,0,0,4,0,0,0,0,0
browse0_protectFalse_clear3,1,94,sitka-spruce,0,0,0,0,0,0,0,0,0,0,4,0,0,0,0,0
browse0_protectFalse_clear3,1,94,sessile-oak,0,0,0,0,0,0,0,0,0,0,4,0,0,0,0,0
browse0_protectFalse_clear3,1,94,beech,0,0,0,0,0,0,0,0,0,0,4,0,0,0,0,0
browse0_protectFalse_clear3,1,95,sitka-spruce,0,0,0,0,0,0,0,0,0,0,4,0,0,0,0,0
browse0_protectFalse_clear3,1,95,sessile-oak,0,0,0,0,0,0,0,0,0,0,4,0,0,0,0,0
browse0_protectFalse_clear3,1,95,beech,0,0,0,0,0,0,0,0,0,0,4,0,0,0,0,0
browse0_protectFalse_clear3,1,96,sitka-spruce,0,0,0,0,0,0,0,0,0,0,4,0,0,0,0,0
browse0_protectFalse_clear3,1,96,sessile-oak,0,0,0,0,0,0,0,0,0,0,4,0,0,0,0,0
browse0_protectFalse_clear3,1,96,beech,0,0,0,0,0,0,0,0,0,0,4,0,0,0,0,0
browse0_protectFalse_clear3,1,97,sitka-spruce,0,0,0,0,0,0,0,0,0,0,4,0,0,0,0,0
browse0_protectFalse_clear3,1,97,sessile-oak,0,0,0,0,0,0,0,0,0,0,4,0,0,0,0,0
browse0_protectFalse_clear3,1,97,beech,0,0,0,0,0,0,0,0,0,0,4,0,0,0,0,0
browse0_protectFalse_clear3,1,98,sitka-spruce,0,0,0,0,0,0,0,0,0,0,4,0,0,0,0,0
browse0_protectFalse_clear3,1,98,sessile-oak,0,0,0,0,0,0,0,0,0,0,4,0,0,0,0,0
browse0_protectFalse_clear3,1,98,beech,0,0,0,0,0,0,0,0,0,0,4,0,0,0,0,0
browse0_protectFalse_clear3,1,99,sitka-spruce,0,0,0,0,0,0,0,0,0,0,4,0,0,0,0,0
browse0_protectFalse_clear3,1,99,sessile-oak,0,0,0,0,0,0,0,0,0,0,4,0,0,0,0,0
browse0_protectFalse_clear3,1,99,beech,0,0,0,0,0,0,0,0,0,0,4,0,0,0,0,0
browse0_protectFalse_clear3,1,100,sitka-spruce,0,0,0,0,0,0,0,0,0,0,4,0,0,0,0,0
browse0_protectFalse_clear3,1,100,sessile-oak,0,0,0,0,0,0,0,0,0,0,4,0,0,0,0,0
browse0_protectFalse_clear3,1,100,beech,0,0,0,0,0,0,0,0,0,0,4,0,0,0,0,0
browse0_protectFalse_clear5,0,1,sitka-spruce,0,0,0,0,0,0,0,0,0,0,4,0,0,2.4000000953674316,12,0
browse0_protectFalse_clear5,0,1,sessile-oak,0,0,0,0,0,0,0,0,0,0,4,0,0,2.4000000953674316,12,0
browse0_protectFalse_clear5,0,1,beech,0,0,0,0,0,0,0,0,0,0,4,0,0,2.4000000953674316,12,0
browse0_protectFalse_clear5,0,2,sitka-spruce,0,0,0,0,0,0,0,0,0,0,4,0,0,0,0,0
browse0_protectFalse_clear5,0,2,sessile-oak,0,0,0,0,0,0,0,0,0,0,4,0,0,0,0,0
browse0_protectFalse_clear5,0,2,beech,0,0,0,0,0,0,0,0,0,0,4,0,0,0,0,0
browse0_protectFalse_clear5,0,3,sitka-spruce,0,0,0,0,0,0,0,0,0,0,4,0,0,0,0,0
browse0_protectFalse_clear5,0,3,sessile-oak,0,0,0,0,0,0,0,0,0,0,4,0,0,0,0,0
browse0_protectFalse_clear5,0,3,beech,0,0,0,0,0,0,0,0,0,0,4,0,0,0,0,0
browse0_protectFalse_clear5,0,4,sitka-spruce,0,0,0,0,0,0,0,0,0,0,4,0,0,0,0,0
browse0_protectFalse_clear5,0,4,sessile-oak,0,0,0,0,0,0,0,0,0,0,4,0,0,0,0,0
browse0_protectFalse_clear5,0,4,beech,0,0,0,0,0,0,0,0,0,0,4,0,0,0,0,0
browse0_protectFalse_clear5,0,5,sitka-spruce,0,0,0,0,0,0,0,0,0,0,4,0,0,0,0,0
browse0_protectFalse_clear5,0,5,sessile-oak,0,0,0,0,0,0,0,0,0,0,4,0,0,0,0,0
browse0_protectFalse_clear5,0,5,beech,0,0,0,0,0,0,0,0,0,0,4,0,0,0,0,0
browse0_protectFalse_clear5,0,6,sitka-spruce,0,0,0,0,0,0,0,0,0,0,4,0,0,0,0,0
browse0_protectFalse_clear5,0,6,sessile-oak,0,0,0,0,0,0,0,0,0,0,4,0,0,0,0,0
browse0_protectFalse_clear5,0,6,beech,0,0,0,0,0,0,0,0,0,0,4,0,0,0,0,0
browse0_protectFalse_clear5,0,7,sitka-spruce,0,0,0,0,0,0,0,0,0,0,4,0,0,0,0,0
browse0_protectFalse_clear5,0,7,sessile-oak,0,0,0,0,0,0,0,0,0,0,4,0,0,0,0,0
browse0_protectFalse_clear5,0,7,beech,0,0,0,0,0,0,0,0,0,0,4,0,0,0,0,0
browse0_protectFalse_clear5,0,8,sitka-spruce,0,0,0,0,0,0,0,0,0,0,4,0,0,0,0,0
browse0_protectFalse_clear5,0,8,sessile-oak,0,0,0,0,0,0,0,0,0,0,4,0,0,0,0,0
browse0_protectFalse_clear5,0,8,beech,0,0,0,0,0,0,0,0,0,0,4,0,0,0,0,0
browse0_protectFalse_clear5,0,9,sitka-spruce,0,0,0,0,0,0,0,0,0,0,4,0,0,0,0,0
browse0_protectFalse_clear5,0,9,sessile-oak,0,0,0,0,0,0,0,0,0,0,4,0,0,0,0,0
browse0_protectFalse_clear5,0,9,beech,0,0,0,0,0,0,0,0,0,0,4,0,0,0,0,0
browse0_protectFalse_clear5,0,10,sitka-spruce,0,0,0,0,0,0,0,0,0,0,4,0,0,0,0,0
browse0_protectFalse_clear5,0,10,sessile-oak,0,0,0,0,0,0,0,0,0,0,4,0,0,0,0,0
browse0_protectFalse_clear5,0,10,beech,0,0,0,0,0,0,0,0,0,0,4,0,0,0,0,0
browse0_protectFalse_clear5,0,11,sitka-spruce,0,0,0,0,0,0,0,0,0,0,4,0,0,0,0,0
browse0_protectFalse_clear5,0,11,sessile-oak,0,0,0,0,0,0,0,0,0,0,4,0,0,0,0,0
browse0_protectFalse_clear5,0,11,beech,0,0,0,0,0,0,0,0,0,0,4,0,0,0,0,0
browse0_protectFalse_clear5,0,12,sitka-spruce,0,0,0,0,0,0,0,0,0,0,4,0,0,0,0,0
browse0_protectFalse_clear5,0,12,sessile-oak,0,0,0,0,0,0,0,0,0,0,4,0,0,0,0,0
browse0_protectFalse_clear5,0,12,beech,0,0,0,0,0,0,0,0,0,0,4,0,0,0,0,0
browse0_protectFalse_clear5,0,13,sitka-spruce,0,0,0,0,0,0,0,0,0,0,4,0,0,0,0,0
browse0_protectFalse_clear5,0,13,sessile-oak,0,0,0,0,0,0,0,0,0,0,4,0,0,0,0,0
browse0_protectFalse_clear5,0,13,beech,0,0,0,0,0,0,0,0,0,0,4,0,0,0,0,0
browse0_protectFalse_clear5,0,14,sitka-spruce,0,0,0,0,0,0,0,0,0,0,4,0,0,0,0,0
browse0_protectFalse_clear5,0,14,sessile-oak,0,0,0,0,0,0,0,0,0,0,4,0,0,0,0,0
browse0_protectFalse_clear5,0,14,beech,0,0,0,0,0,0,0,0,0,0,4,0,0,0,0,0
browse0_protectFalse_clear5,0,15,sitka-spruce,0,0,0,0,0,0,0,0,0,0,4,0,0,0,0,0
browse0_protectFalse_clear5,0,15,sessile-oak,0,0,0,0,0,0,0,0,0,0,4,0,0,0,0,0
browse0_protectFalse_clear5,0,15,beech,0,0,0,0,0,0,0,0,0,0,4,0,0,0,0,0
browse0_protectFalse_clear5,0,16,sitka-spruce,0,0,0,0,0,0,0,0,0,0,4,0,0,0,0,0
browse0_protectFalse_clear5,0,16,sessile-oak,0,0,0,0,0,0,0,0,0,0,4,0,0,0,0,0
browse0_protectFalse_clear5,0,16,beech,0,0,0,0,0,0,0,0,0,0,4,0,0,0,0,0
browse0_protectFalse_clear5,0,17,sitka-spruce,0,0,0,0,0,0,0,0,0,0,4,0,0,0,0,0
browse0_protectFalse_clear5,0,17,sessile-oak,0,0,0,0,0,0,0,0,0,0,4,0,0,0,0,0
browse0_protectFalse_clear5,0,17,beech,0,0,0,0,0,0,0,0,0,0,4,0,0,0,0,0
browse0_protectFalse_clear5,0,18,sitka-spruce,0,0,0,0,0,0,0,0,0,0,4,0,0,0,0,0
browse0_protectFalse_clear5,0,18,sessile-oak,0,0,0,0,0,0,0,0,0,0,4,0,0,0,0,0
browse0_protectFalse_clear5,0,18,beech,0,0,0,0,0,0,0,0,0,0,4,0,0,0,0,0
browse0_protectFalse_clear5,0,19,sitka-spruce,0,0,0,0,0,0,0,0,0,0,4,0,0,0,0,0
browse0_protectFalse_clear5,0,19,sessile-oak,0,0,0,0,0,0,0,0,0,0,4,0,0,0,0,0
browse0_protectFalse_clear5,0,19,beech,0,0,0,0,0,0,0,0,0,0,4,0,0,0,0,0
browse0_protectFalse_clear5,0,20,sitka-spruce,0,0,0,0,0,0,0,0,0,0,4,0,0,0,0,0
browse0_protectFalse_clear5,0,20,sessile-oak,0,0,0,0,0,0,0,0,0,0,4,0,0,0,0,0
browse0_protectFalse_clear5,0,20,beech,0,0,0,0,0,0,0,0,0,0,4,0,0,0,0,0
browse0_protectFalse_clear5,0,21,sitka-spruce,0,0,0,0,0,0,0,0,0,0,4,0,0,0,0,0
browse0_protectFalse_clear5,0,21,sessile-oak,0,0,0,0,0,0,0,0,0,0,4,0,0,0,0,0
browse0_protectFalse_clear5,0,21,beech,0,0,0,0,0,0,0,0,0,0,4,0,0,0,0,0
browse0_protectFalse_clear5,0,22,sitka-spruce,0,0,0,0,0,0,0,0,0,0,4,0,0,0,0,0
browse0_protectFalse_clear5,0,22,sessile-oak,0,0,0,0,0,0,0,0,0,0,4,0,0,0,0,0
browse0_protectFalse_clear5,0,22,beech,0,0,0,0,0,0,0,0,0,0,4,0,0,0,0,0
browse0_protectFalse_clear5,0,23,sitka-spruce,0,0,0,0,0,0,0,0,0,0,4,0,0,0,0,0
browse0_protectFalse_clear5,0,23,sessile-oak,0,0,0,0,0,0,0,0,0,0,4,0,0,0,0,0
browse0_protectFalse_clear5,0,23,beech,0,0,0,0,0,0,0,0,0,0,4,0,0,0,0,0
browse0_protectFalse_clear5,0,24,sitka-spruce,0,0,0,0,0,0,0,0,0,0,4,0,0,0,0,0
browse0_protectFalse_clear5,0,24,sessile-oak,0,0,0,0,0,0,0,0,0,0,4,0,0,0,0,0
browse0_protectFalse_clear5,0,24,beech,0,0,0,0,0,0,0,0,0,0,4,0,0,0,0,0
browse0_protectFalse_clear5,0,25,sitka-spruce,0,0,0,0,0,0,0,0,0,0,4,0,0,0,0,0
browse0_protectFalse_clear5,0,25,sessile-oak,0,0,0,0,0,0,0,0,0,0,4,0,0,0,0,0
browse0_protectFalse_clear5,0,25,beech,0,0,0,0,0,0,0,0,0,0,4,0,0,0,0,0
browse0_protectFalse_clear5,0,26,sitka-spruce,0,0,0,0,0,0,0,0,0,0,4,0,0,0,0,0
browse0_protectFalse_clear5,0,26,sessile-oak,0,0,0,0,0,0,0,0,0,0,4,0,0,0,0,0
browse0_protectFalse_clear5,0,26,beech,0,0,0,0,0,0,0,0,0,0,4,0,0,0,0,0
browse0_protectFalse_clear5,0,27,sitka-spruce,0,0,0,0,0,0,0,0,0,0,4,0,0,0,0,0
browse0_protectFalse_clear5,0,27,sessile-oak,0,0,0,0,0,0,0,0,0,0,4,0,0,0,0,0
browse0_protectFalse_clear5,0,27,beech,0,0,0,0,0,0,0,0,0,0,4,0,0,0,0,0
browse0_protectFalse_clear5,0,28,sitka-spruce,0,0,0,0,0,0,0,0,0,0,4,0,0,0,0,0
browse0_protectFalse_clear5,0,28,sessile-oak,0,0,0,0,0,0,0,0,0,0,4,0,0,0,0,0
browse0_protectFalse_clear5,0,28,beech,0,0,0,0,0,0,0,0,0,0,4,0,0,0,0,0
browse0_protectFalse_clear5,0,29,sitka-spruce,0,0,0,0,0,0,0,0,0,0,4,0,0,0,0,0
browse0_protectFalse_clear5,0,29,sessile-oak,0,0,0,0,0,0,0,0,0,0,4,0,0,0,0,0
browse0_protectFalse_clear5,0,29,beech,0,0,0,0,0,0,0,0,0,0,4,0,0,0,0,0
browse0_protectFalse_clear5,0,30,sitka-spruce,0,0,0,0,0,0,0,0,0,0,4,0,0,0,0,0
browse0_protectFalse_clear5,0,30,sessile-oak,0,0,0,0,0,0,0,0,0,0,4,0,0,0,0,0
browse0_protectFalse_clear5,0,30,beech,0,0,0,0,0,0,0,0,0,0,4,0,0,0,0,0
browse0_protectFalse_clear5,0,31,sitka-spruce,0,0,0,0,0,0,0,0,0,0,4,0,0,0,0,0
browse0_protectFalse_clear5,0,31,sessile-oak,0,0,0,0,0,0,0,0,0,0,4,0,0,0,0,0
browse0_protectFalse_clear5,0,31,beech,0,0,0,0,0,0,0,0,0,0,4,0,0,0,0,0
browse0_protectFalse_clear5,0,32,sitka-spruce,0,0,0,0,0,0,0,0,0,0,4,0,0,0,0,0
browse0_protectFalse_clear5,0,32,sessile-oak,0,0,0,0,0,0,0,0,0,0,4,0,0,0,0,0
browse0_protectFalse_clear5,0,32,beech,0,0,0,0,0,0,0,0,0,0,4,0,0,0,0,0
browse0_protectFalse_clear5,0,33,sitka-spruce,0,0,0,0,0,0,0,0,0,0,4,0,0,0,0,0
browse0_protectFalse_clear5,0,33,sessile-oak,0,0,0,0,0,0,0,0,0,0,4,0,0,0,0,0
browse0_protectFalse_clear5,0,33,beech,0,0,0,0,0,0,0,0,0,0,4,0,0,0,0,0
browse0_protectFalse_clear5,0,34,sitka-spruce,0,0,0,0,0,0,0,0,0,0,4,0,0,0,0,0
browse0_protectFalse_clear5,0,34,sessile-oak,0,0,0,0,0,0,0,0,0,0,4,0,0,0,0,0
browse0_protectFalse_clear5,0,34,beech,0,0,0,0,0,0,0,0,0,0,4,0,0,0,0,0
browse0_protectFalse_clear5,0,35,sitka-spruce,0,0,0,0,0,0,0,0,0,0,4,0,0,0,0,0
browse0_protectFalse_clear5,0,35,sessile-oak,0,0,0,0,0,0,0,0,0,0,4,0,0,0,0,0
browse0_protectFalse_clear5,0,35,beech,0,0,0,0,0,0,0,0,0,0,4,0,0,0,0,0
browse0_protectFalse_clear5,0,36,sitka-spruce,0,0,0,0,0,0,0,0,0,0,4,0,0,0,0,0
browse0_protectFalse_clear5,0,36,sessile-oak,0,0,0,0,0,0,0,0,0,0,4,0,0,0,0,0
browse0_protectFalse_clear5,0,36,beech,0,0,0,0,0,0,0,0,0,0,4,0,0,0,0,0
browse0_protectFalse_clear5,0,37,sitka-spruce,0,0,0,0,0,0,0,0,0,0,4,0,0,0,0,0
browse0_protectFalse_clear5,0,37,sessile-oak,0,0,0,0,0,0,0,0,0,0,4,0,0,0,0,0
browse0_protectFalse_clear5,0,37,beech,0,0,0,0,0,0,0,0,0,0,4,0,0,0,0,0
browse0_protectFalse_clear5,0,38,sitka-spruce,0,0,0,0,0,0,0,0,0,0,4,0,0,0,0,0
browse0_protectFalse_clear5,0,38,sessile-oak,0,0,0,0,0,0,0,0,0,0,4,0,0,0,0,0
browse0_protectFalse_clear5,0,38,beech,0,0,0,0,0,0,0,0,0,0,4,0,0,0,0,0
browse0_protectFalse_clear5,0,39,sitka-spruce,0,0,0,0,0,0,0,0,0,0,4,0,0,0,0,0
browse0_protectFalse_clear5,0,39,sessile-oak,0,0,0,0,0,0,0,0,0,0,4,0,0,0,0,0
browse0_protectFalse_clear5,0,39,beech,0,0,0,0,0,0,0,0,0,0,4,0,0,0,0,0
browse0_protectFalse_clear5,0,40,sitka-spruce,0,0,0,0,0,0,0,0,0,0,4,0,0,0,0,0
browse0_protectFalse_clear5,0,40,sessile-oak,0,0,0,0,0,0,0,0,0,0,4,0,0,0,0,0
browse0_protectFalse_clear5,0,40,beech,0,0,0,0,0,0,0,0,0,0,4,0,0,0,0,0
browse0_protectFalse_clear5,0,41,sitka-spruce,0,0,0,0,0,0,0,0,0,0,4,0,0,0,0,0
browse0_protectFalse_clear5,0,41,sessile-oak,0,0,0,0,0,0,0,0,0,0,4,0,0,0,0,0
browse0_protectFalse_clear5,0,41,beech,0,0,0,0,0,0,0,0,0,0,4,0,0,0,0,0
browse0_protectFalse_clear5,0,42,sitka-spruce,0,0,0,0,0,0,0,0,0,0,4,0,0,0,0,0
browse0_protectFalse_clear5,0,42,sessile-oak,0,0,0,0,0,0,0,0,0,0,4,0,0,0,0,0
browse0_protectFalse_clear5,0,42,beech,0,0,0,0,0,0,0,0,0,0,4,0,0,0,0,0
browse0_protectFalse_clear5,0,43,sitka-spruce,0,0,0,0,0,0,0,0,0,0,4,0,0,0,0,0
browse0_protectFalse_clear5,0,43,sessile-oak,0,0,0,0,0,0,0,0,0,0,4,0,0,0,0,0
browse0_protectFalse_clear5,0,43,beech,0,0,0,0,0,0,0,0,0,0,4,0,0,0,0,0
browse0_protectFalse_clear5,0,44,sitka-spruce,0,0,0,0,0,0,0,0,0,0,4,0,0,0,0,0
browse0_protectFalse_clear5,0,44,sessile-oak,0,0,0,0,0,0,0,0,0,0,4,0,0,0,0,0
browse0_protectFalse_clear5,0,44,beech,0,0,0,0,0,0,0,0,0,0,4,0,0,0,0,0
browse0_protectFalse_clear5,0,45,sitka-spruce,0,0,0,0,0,0,0,0,0,0,4,0,0,0,0,0
browse0_protectFalse_clear5,0,45,sessile-oak,0,0,0,0,0,0,0,0,0,0,4,0,0,0,0,0
browse0_protectFalse_clear5,0,45,beech,0,0,0,0,0,0,0,0,0,0,4,0,0,0,0,0
browse0_protectFalse_clear5,0,46,sitka-spruce,0,0,0,0,0,0,0,0,0,0,4,0,0,0,0,0
browse0_protectFalse_clear5,0,46,sessile-oak,0,0,0,0,0,0,0,0,0,0,4,0,0,0,0,0
browse0_protectFalse_clear5,0,46,beech,0,0,0,0,0,0,0,0,0,0,4,0,0,0,0,0
browse0_protectFalse_clear5,0,47,sitka-spruce,0,0,0,0,0,0,0,0,0,0,4,0,0,0,0,0
browse0_protectFalse_clear5,0,47,sessile-oak,0,0,0,0,0,0,0,0,0,0,4,0,0,0,0,0
browse0_protectFalse_clear5,0,47,beech,0,0,0,0,0,0,0,0,0,0,4,0,0,0,0,0
browse0_protectFalse_clear5,0,48,sitka-spruce,0,0,0,0,0,0,0,0,0,0,4,0,0,0,0,0
browse0_protectFalse_clear5,0,48,sessile-oak,0,0,0,0,0,0,0,0,0,0,4,0,0,0,0,0
browse0_protectFalse_clear5,0,48,beech,0,0,0,0,0,0,0,0,0,0,4,0,0,0,0,0
browse0_protectFalse_clear5,0,49,sitka-spruce,0,0,0,0,0,0,0,0,0,0,4,0,0,0,0,0
browse0_protectFalse_clear5,0,49,sessile-oak,0,0,0,0,0,0,0,0,0,0,4,0,0,0,0,0
browse0_protectFalse_clear5,0,49,beech,0,0,0,0,0,0,0,0,0,0,4,0,0,0,0,0
browse0_protectFalse_clear5,0,50,sitka-spruce,0,0,0,0,0,0,0,0,0,0,4,0,0,0,0,0
browse0_protectFalse_clear5,0,50,sessile-oak,0,0,0,0,0,0,0,0,0,0,4,0,0,0,0,0
browse0_protectFalse_clear5,0,50,beech,0,0,0,0,0,0,0,0,0,0,4,0,0,0,0,0
browse0_protectFalse_clear5,0,51,sitka-spruce,0,0,0,0,0,0,0,0,0,0,4,0,0,0,0,0
browse0_protectFalse_clear5,0,51,sessile-oak,0,0,0,0,0,0,0,0,0,0,4,0,0,0,0,0
browse0_protectFalse_clear5,0,51,beech,0,0,0,0,0,0,0,0,0,0,4,0,0,0,0,0
browse0_protectFalse_clear5,0,52,sitka-spruce,0,0,0,0,0,0,0,0,0,0,4,0,0,0,0,0
browse0_protectFalse_clear5,0,52,sessile-oak,0,0,0,0,0,0,0,0,0,0,4,0,0,0,0,0
browse0_protectFalse_clear5,0,52,beech,0,0,0,0,0,0,0,0,0,0,4,0,0,0,0,0
browse0_protectFalse_clear5,0,53,sitka-spruce,0,0,0,0,0,0,0,0,0,0,4,0,0,0,0,0
browse0_protectFalse_clear5,0,53,sessile-oak,0,0,0,0,0,0,0,0,0,0,4,0,0,0,0,0
browse0_protectFalse_clear5,0,53,beech,0,0,0,0,0,0,0,0,0,0,4,0,0,0,0,0
browse0_protectFalse_clear5,0,54,sitka-spruce,0,0,0,0,0,0,0,0,0,0,4,0,0,0,0,0
browse0_protectFalse_clear5,0,54,sessile-oak,0,0,0,0,0,0,0,0,0,0,4,0,0,0,0,0
browse0_protectFalse_clear5,0,54,beech,0,0,0,0,0,0,0,0,0,0,4,0,0,0,0,0
browse0_protectFalse_clear5,0,55,sitka-spruce,0,0,0,0,0,0,0,0,0,0,4,0,0,0,0,0
browse0_protectFalse_clear5,0,55,sessile-oak,0,0,0,0,0,0,0,0,0,0,4,0,0,0,0,0
browse0_protectFalse_clear5,0,55,beech,0,0,0,0,0,0,0,0,0,0,4,0,0,0,0,0
browse0_protectFalse_clear5,0,56,sitka-spruce,0,0,0,0,0,0,0,0,0,0,4,0,0,0,0,0
browse0_protectFalse_clear5,0,56,sessile-oak,0,0,0,0,0,0,0,0,0,0,4,0,0,0,0,0
browse0_protectFalse_clear5,0,56,beech,0,0,0,0,0,0,0,0,0,0,4,0,0,0,0,0
browse0_protectFalse_clear5,0,57,sitka-spruce,0,0,0,0,0,0,0,0,0,0,4,0,0,0,0,0
browse0_protectFalse_clear5,0,57,sessile-oak,0,0,0,0,0,0,0,0,0,0,4,0,0,0,0,0
browse0_protectFalse_clear5,0,57,beech,0,0,0,0,0,0,0,0,0,0,4,0,0,0,0,0
browse0_protectFalse_clear5,0,58,sitka-spruce,0,0,0,0,0,0,0,0,0,0,4,0,0,0,0,0
browse0_protectFalse_clear5,0,58,sessile-oak,0,0,0,0,0,0,0,0,0,0,4,0,0,0,0,0
browse0_protectFalse_clear5,0,58,beech,0,0,0,0,0,0,0,0,0,0,4,0,0,0,0,0
browse0_protectFalse_clear5,0,59,sitka-spruce,0,0,0,0,0,0,0,0,0,0,4,0,0,0,0,0
browse0_protectFalse_clear5,0,59,sessile-oak,0,0,0,0,0,0,0,0,0,0,4,0,0,0,0,0
browse0_protectFalse_clear5,0,59,beech,0,0,0,0,0,0,0,0,0,0,4,0,0,0,0,0
browse0_protectFalse_clear5,0,60,sitka-spruce,0,0,0,0,0,0,0,0,0,0,4,0,0,0,0,0
browse0_protectFalse_clear5,0,60,sessile-oak,0,0,0,0,0,0,0,0,0,0,4,0,0,0,0,0
browse0_protectFalse_clear5,0,60,beech,0,0,0,0,0,0,0,0,0,0,4,0,0,0,0,0
browse0_protectFalse_clear5,0,61,sitka-spruce,0,0,0,0,0,0,0,0,0,0,4,0,0,0,0,0
browse0_protectFalse_clear5,0,61,sessile-oak,0,0,0,0,0,0,0,0,0,0,4,0,0,0,0,0
browse0_protectFalse_clear5,0,61,beech,0,0,0,0,0,0,0,0,0,0,4,0,0,0,0,0
browse0_protectFalse_clear5,0,62,sitka-spruce,0,0,0,0,0,0,0,0,0,0,4,0,0,0,0,0
browse0_protectFalse_clear5,0,62,sessile-oak,0,0,0,0,0,0,0,0,0,0,4,0,0,0,0,0
browse0_protectFalse_clear5,0,62,beech,0,0,0,0,0,0,0,0,0,0,4,0,0,0,0,0
browse0_protectFalse_clear5,0,63,sitka-spruce,0,0,0,0,0,0,0,0,0,0,4,0,0,0,0,0
browse0_protectFalse_clear5,0,63,sessile-oak,0,0,0,0,0,0,0,0,0,0,4,0,0,0,0,0
browse0_protectFalse_clear5,0,63,beech,0,0,0,0,0,0,0,0,0,0,4,0,0,0,0,0
browse0_protectFalse_clear5,0,64,sitka-spruce,0,0,0,0,0,0,0,0,0,0,4,0,0,0,0,0
browse0_protectFalse_clear5,0,64,sessile-oak,0,0,0,0,0,0,0,0,0,0,4,0,0,0,0,0
browse0_protectFalse_clear5,0,64,beech,0,0,0,0,0,0,0,0,0,0,4,0,0,0,0,0
browse0_protectFalse_clear5,0,65,sitka-spruce,0,0,0,0,0,0,0,0,0,0,4,0,0,0,0,0
browse0_protectFalse_clear5,0,65,sessile-oak,0,0,0,0,0,0,0,0,0,0,4,0,0,0,0,0
browse0_protectFalse_clear5,0,65,beech,0,0,0,0,0,0,0,0,0,0,4,0,0,0,0,0
browse0_protectFalse_clear5,0,66,sitka-spruce,0,0,0,0,0,0,0,0,0,0,4,0,0,0,0,0
browse0_protectFalse_clear5,0,66,sessile-oak,0,0,0,0,0,0,0,0,0,0,4,0,0,0,0,0
browse0_protectFalse_clear5,0,66,beech,0,0,0,0,0,0,0,0,0,0,4,0,0,0,0,0
browse0_protectFalse_clear5,0,67,sitka-spruce,0,0,0,0,0,0,0,0,0,0,4,0,0,0,0,0
browse0_protectFalse_clear5,0,67,sessile-oak,0,0,0,0,0,0,0,0,0,0,4,0,0,0,0,0
browse0_protectFalse_clear5,0,67,beech,0,0,0,0,0,0,0,0,0,0,4,0,0,0,0,0
browse0_protectFalse_clear5,0,68,sitka-spruce,0,0,0,0,0,0,0,0,0,0,4,0,0,0,0,0
browse0_protectFalse_clear5,0,68,sessile-oak,0,0,0,0,0,0,0,0,0,0,4,0,0,0,0,0
browse0_protectFalse_clear5,0,68,beech,0,0,0,0,0,0,0,0,0,0,4,0,0,0,0,0
browse0_protectFalse_clear5,0,69,sitka-spruce,0,0,0,0,0,0,0,0,0,0,4,0,0,0,0,0
browse0_protectFalse_clear5,0,69,sessile-oak,0,0,0,0,0,0,0,0,0,0,4,0,0,0,0,0
browse0_protectFalse_clear5,0,69,beech,0,0,0,0,0,0,0,0,0,0,4,0,0,0,0,0
browse0_protectFalse_clear5,0,70,sitka-spruce,0,0,0,0,0,0,0,0,0,0,4,0,0,0,0,0
browse0_protectFalse_clear5,0,70,sessile-oak,0,0,0,0,0,0,0,0,0,0,4,0,0,0,0,0
browse0_protectFalse_clear5,0,70,beech,0,0,0,0,0,0,0,0,0,0,4,0,0,0,0,0
browse0_protectFalse_clear5,0,71,sitka-spruce,0,0,0,0,0,0,0,0,0,0,4,0,0,0,0,0
browse0_protectFalse_clear5,0,71,sessile-oak,0,0,0,0,0,0,0,0,0,0,4,0,0,0,0,0
browse0_protectFalse_clear5,0,71,beech,0,0,0,0,0,0,0,0,0,0,4,0,0,0,0,0
browse0_protectFalse_clear5,0,72,sitka-spruce,0,0,0,0,0,0,0,0,0,0,4,0,0,0,0,0
browse0_protectFalse_clear5,0,72,sessile-oak,0,0,0,0,0,0,0,0,0,0,4,0,0,0,0,0
browse0_protectFalse_clear5,0,72,beech,0,0,0,0,0,0,0,0,0,0,4,0,0,0,0,0
browse0_protectFalse_clear5,0,73,sitka-spruce,0,0,0,0,0,0,0,0,0,0,4,0,0,0,0,0
browse0_protectFalse_clear5,0,73,sessile-oak,0,0,0,0,0,0,0,0,0,0,4,0,0,0,0,0
browse0_protectFalse_clear5,0,73,beech,0,0,0,0,0,0,0,0,0,0,4,0,0,0,0,0
browse0_protectFalse_clear5,0,74,sitka-spruce,0,0,0,0,0,0,0,0,0,0,4,0,0,0,0,0
browse0_protectFalse_clear5,0,74,sessile-oak,0,0,0,0,0,0,0,0,0,0,4,0,0,0,0,0
browse0_protectFalse_clear5,0,74,beech,0,0,0,0,0,0,0,0,0,0,4,0,0,0,0,0
browse0_protectFalse_clear5,0,75,sitka-spruce,0,0,0,0,0,0,0,0,0,0,4,0,0,0,0,0
browse0_protectFalse_clear5,0,75,sessile-oak,0,0,0,0,0,0,0,0,0,0,4,0,0,0,0,0
browse0_protectFalse_clear5,0,75,beech,0,0,0,0,0,0,0,0,0,0,4,0,0,0,0,0
browse0_protectFalse_clear5,0,76,sitka-spruce,0,0,0,0,0,0,0,0,0,0,4,0,0,0,0,0
browse0_protectFalse_clear5,0,76,sessile-oak,0,0,0,0,0,0,0,0,0,0,4,0,0,0,0,0
browse0_protectFalse_clear5,0,76,beech,0,0,0,0,0,0,0,0,0,0,4,0,0,0,0,0
browse0_protectFalse_clear5,0,77,sitka-spruce,0,0,0,0,0,0,0,0,0,0,4,0,0,0,0,0
browse0_protectFalse_clear5,0,77,sessile-oak,0,0,0,0,0,0,0,0,0,0,4,0,0,0,0,0
browse0_protectFalse_clear5,0,77,beech,0,0,0,0,0,0,0,0,0,0,4,0,0,0,0,0
browse0_protectFalse_clear5,0,78,sitka-spruce,0,0,0,0,0,0,0,0,0,0,4,0,0,0,0,0
browse0_protectFalse_clear5,0,78,sessile-oak,0,0,0,0,0,0,0,0,0,0,4,0,0,0,0,0
browse0_protectFalse_clear5,0,78,beech,0,0,0,0,0,0,0,0,0,0,4,0,0,0,0,0
browse0_protectFalse_clear5,0,79,sitka-spruce,0,0,0,0,0,0,0,0,0,0,4,0,0,0,0,0
browse0_protectFalse_clear5,0,79,sessile-oak,0,0,0,0,0,0,0,0,0,0,4,0,0,0,0,0
browse0_protectFalse_clear5,0,79,beech,0,0,0,0,0,0,0,0,0,0,4,0,0,0,0,0
browse0_protectFalse_clear5,0,80,sitka-spruce,0,0,0,0,0,0,0,0,0,0,4,0,0,0,0,0
browse0_protectFalse_clear5,0,80,sessile-oak,0,0,0,0,0,0,0,0,0,0,4,0,0,0,0,0
browse0_protectFalse_clear5,0,80,beech,0,0,0,0,0,0,0,0,0,0,4,0,0,0,0,0
browse0_protectFalse_clear5,0,81,sitka-spruce,0,0,0,0,0,0,0,0,0,0,4,0,0,0,0,0
browse0_protectFalse_clear5,0,81,sessile-oak,0,0,0,0,0,0,0,0,0,0,4,0,0,0,0,0
browse0_protectFalse_clear5,0,81,beech,0,0,0,0,0,0,0,0,0,0,4,0,0,0,0,0
browse0_protectFalse_clear5,0,82,sitka-spruce,0,0,0,0,0,0,0,0,0,0,4,0,0,0,0,0
browse0_protectFalse_clear5,0,82,sessile-oak,0,0,0,0,0,0,0,0,0,0,4,0,0,0,0,0
browse0_protectFalse_clear5,0,82,beech,0,0,0,0,0,0,0,0,0,0,4,0,0,0,0,0
browse0_protectFalse_clear5,0,83,sitka-spruce,0,0,0,0,0,0,0,0,0,0,4,0,0,0,0,0
browse0_protectFalse_clear5,0,83,sessile-oak,0,0,0,0,0,0,0,0,0,0,4,0,0,0,0,0
browse0_protectFalse_clear5,0,83,beech,0,0,0,0,0,0,0,0,0,0,4,0,0,0,0,0
browse0_protectFalse_clear5,0,84,sitka-spruce,0,0,0,0,0,0,0,0,0,0,4,0,0,0,0,0
browse0_protectFalse_clear5,0,84,sessile-oak,0,0,0,0,0,0,0,0,0,0,4,0,0,0,0,0
browse0_protectFalse_clear5,0,84,beech,0,0,0,0,0,0,0,0,0,0,4,0,0,0,0,0
browse0_protectFalse_clear5,0,85,sitka-spruce,0,0,0,0,0,0,0,0,0,0,4,0,0,0,0,0
browse0_protectFalse_clear5,0,85,sessile-oak,0,0,0,0,0,0,0,0,0,0,4,0,0,0,0,0
browse0_protectFalse_clear5,0,85,beech,0,0,0,0,0,0,0,0,0,0,4,0,0,0,0,0
browse0_protectFalse_clear5,0,86,sitka-spruce,0,0,0,0,0,0,0,0,0,0,4,0,0,0,0,0
browse0_protectFalse_clear5,0,86,sessile-oak,0,0,0,0,0,0,0,0,0,0,4,0,0,0,0,0
browse0_protectFalse_clear5,0,86,beech,0,0,0,0,0,0,0,0,0,0,4,0,0,0,0,0
browse0_protectFalse_clear5,0,87,sitka-spruce,0,0,0,0,0,0,0,0,0,0,4,0,0,0,0,0
browse0_protectFalse_clear5,0,87,sessile-oak,0,0,0,0,0,0,0,0,0,0,4,0,0,0,0,0
browse0_protectFalse_clear5,0,87,beech,0,0,0,0,0,0,0,0,0,0,4,0,0,0,0,0
browse0_protectFalse_clear5,0,88,sitka-spruce,0,0,0,0,0,0,0,0,0,0,4,0,0,0,0,0
browse0_protectFalse_clear5,0,88,sessile-oak,0,0,0,0,0,0,0,0,0,0,4,0,0,0,0,0
browse0_protectFalse_clear5,0,88,beech,0,0,0,0,0,0,0,0,0,0,4,0,0,0,0,0
browse0_protectFalse_clear5,0,89,sitka-spruce,0,0,0,0,0,0,0,0,0,0,4,0,0,0,0,0
browse0_protectFalse_clear5,0,89,sessile-oak,0,0,0,0,0,0,0,0,0,0,4,0,0,0,0,0
browse0_protectFalse_clear5,0,89,beech,0,0,0,0,0,0,0,0,0,0,4,0,0,0,0,0
browse0_protectFalse_clear5,0,90,sitka-spruce,0,0,0,0,0,0,0,0,0,0,4,0,0,0,0,0
browse0_protectFalse_clear5,0,90,sessile-oak,0,0,0,0,0,0,0,0,0,0,4,0,0,0,0,0
browse0_protectFalse_clear5,0,90,beech,0,0,0,0,0,0,0,0,0,0,4,0,0,0,0,0
browse0_protectFalse_clear5,0,91,sitka-spruce,0,0,0,0,0,0,0,0,0,0,4,0,0,0,0,0
browse0_protectFalse_clear5,0,91,sessile-oak,0,0,0,0,0,0,0,0,0,0,4,0,0,0,0,0
browse0_protectFalse_clear5,0,91,beech,0,0,0,0,0,0,0,0,0,0,4,0,0,0,0,0
browse0_protectFalse_clear5,0,92,sitka-spruce,0,0,0,0,0,0,0,0,0,0,4,0,0,0,0,0
browse0_protectFalse_clear5,0,92,sessile-oak,0,0,0,0,0,0,0,0,0,0,4,0,0,0,0,0
browse0_protectFalse_clear5,0,92,beech,0,0,0,0,0,0,0,0,0,0,4,0,0,0,0,0
browse0_protectFalse_clear5,0,93,sitka-spruce,0,0,0,0,0,0,0,0,0,0,4,0,0,0,0,0
browse0_protectFalse_clear5,0,93,sessile-oak,0,0,0,0,0,0,0,0,0,0,4,0,0,0,0,0
browse0_protectFalse_clear5,0,93,beech,0,0,0,0,0,0,0,0,0,0,4,0,0,0,0,0
browse0_protectFalse_clear5,0,94,sitka-spruce,0,0,0,0,0,0,0,0,0,0,4,0,0,0,0,0
browse0_protectFalse_clear5,0,94,sessile-oak,0,0,0,0,0,0,0,0,0,0,4,0,0,0,0,0
browse0_protectFalse_clear5,0,94,beech,0,0,0,0,0,0,0,0,0,0,4,0,0,0,0,0
browse0_protectFalse_clear5,0,95,sitka-spruce,0,0,0,0,0,0,0,0,0,0,4,0,0,0,0,0
browse0_protectFalse_clear5,0,95,sessile-oak,0,0,0,0,0,0,0,0,0,0,4,0,0,0,0,0
browse0_protectFalse_clear5,0,95,beech,0,0,0,0,0,0,0,0,0,0,4,0,0,0,0,0
browse0_protectFalse_clear5,0,96,sitka-spruce,0,0,0,0,0,0,0,0,0,0,4,0,0,0,0,0
browse0_protectFalse_clear5,0,96,sessile-oak,0,0,0,0,0,0,0,0,0,0,4,0,0,0,0,0
browse0_protectFalse_clear5,0,96,beech,0,0,0,0,0,0,0,0,0,0,4,0,0,0,0,0
browse0_protectFalse_clear5,0,97,sitka-spruce,0,0,0,0,0,0,0,0,0,0,4,0,0,0,0,0
browse0_protectFalse_clear5,0,97,sessile-oak,0,0,0,0,0,0,0,0,0,0,4,0,0,0,0,0
browse0_protectFalse_clear5,0,97,beech,0,0,0,0,0,0,0,0,0,0,4,0,0,0,0,0
browse0_protectFalse_clear5,0,98,sitka-spruce,0,0,0,0,0,0,0,0,0,0,4,0,0,0,0,0
browse0_protectFalse_clear5,0,98,sessile-oak,0,0,0,0,0,0,0,0,0,0,4,0,0,0,0,0
browse0_protectFalse_clear5,0,98,beech,0,0,0,0,0,0,0,0,0,0,4,0,0,0,0,0
browse0_protectFalse_clear5,0,99,sitka-spruce,0,0,0,0,0,0,0,0,0,0,4,0,0,0,0,0
browse0_protectFalse_clear5,0,99,sessile-oak,0,0,0,0,0,0,0,0,0,0,4,0,0,0,0,0
browse0_protectFalse_clear5,0,99,beech,0,0,0,0,0,0,0,0,0,0,4,0,0,0,0,0
browse0_protectFalse_clear5,0,100,sitka-spruce,0,0,0,0,0,0,0,0,0,0,4,0,0,0,0,0
browse0_protectFalse_clear5,0,100,sessile-oak,0,0,0,0,0,0,0,0,0,0,4,0,0,0,0,0
browse0_protectFalse_clear5,0,100,beech,0,0,0,0,0,0,0,0,0,0,4,0,0,0,0,0
browse0_protectFalse_clear5,1,1,sitka-spruce,0,0,0,0,0,0,0,0,0,0,4,0,0,2.4000000953674316,12,0
browse0_protectFalse_clear5,1,1,sessile-oak,0,0,0,0,0,0,0,0,0,0,4,0,0,2.4000000953674316,12,0
browse0_protectFalse_clear5,1,1,beech,0,0,0,0,0,0,0,0,0,0,4,0,0,2.4000000953674316,12,0
browse0_protectFalse_clear5,1,2,sitka-spruce,0,0,0,0,0,0,0,0,0,0,4,0,0,0,0,0
browse0_protectFalse_clear5,1,2,sessile-oak,0,0,0,0,0,0,0,0,0,0,4,0,0,0,0,0
browse0_protectFalse_clear5,1,2,beech,0,0,0,0,0,0,0,0,0,0,4,0,0,0,0,0
browse0_protectFalse_clear5,1,3,sitka-spruce,0,0,0,0,0,0,0,0,0,0,4,0,0,0,0,0
browse0_protectFalse_clear5,1,3,sessile-oak,0,0,0,0,0,0,0,0,0,0,4,0,0,0,0,0
browse0_protectFalse_clear5,1,3,beech,0,0,0,0,0,0,0,0,0,0,4,0,0,0,0,0
browse0_protectFalse_clear5,1,4,sitka-spruce,0,0,0,0,0,0,0,0,0,0,4,0,0,0,0,0
browse0_protectFalse_clear5,1,4,sessile-oak,0,0,0,0,0,0,0,0,0,0,4,0,0,0,0,0
browse0_protectFalse_clear5,1,4,beech,0,0,0,0,0,0,0,0,0,0,4,0,0,0,0,0
browse0_protectFalse_clear5,1,5,sitka-spruce,0,0,0,0,0,0,0,0,0,0,4,0,0,0,0,0
browse0_protectFalse_clear5,1,5,sessile-oak,0,0,0,0,0,0,0,0,0,0,4,0,0,0,0,0
browse0_protectFalse_clear5,1,5,beech,0,0,0,0,0,0,0,0,0,0,4,0,0,0,0,0
browse0_protectFalse_clear5,1,6,sitka-spruce,0,0,0,0,0,0,0,0,0,0,4,0,0,0,0,0
browse0_protectFalse_clear5,1,6,sessile-oak,0,0,0,0,0,0,0,0,0,0,4,0,0,0,0,0
browse0_protectFalse_clear5,1,6,beech,0,0,0,0,0,0,0,0,0,0,4,0,0,0,0,0
browse0_protectFalse_clear5,1,7,sitka-spruce,0,0,0,0,0,0,0,0,0,0,4,0,0,0,0,0
browse0_protectFalse_clear5,1,7,sessile-oak,0,0,0,0,0,0,0,0,0,0,4,0,0,0,0,0
browse0_protectFalse_clear5,1,7,beech,0,0,0,0,0,0,0,0,0,0,4,0,0,0,0,0
browse0_protectFalse_clear5,1,8,sitka-spruce,0,0,0,0,0,0,0,0,0,0,4,0,0,0,0,0
browse0_protectFalse_clear5,1,8,sessile-oak,0,0,0,0,0,0,0,0,0,0,4,0,0,0,0,0
browse0_protectFalse_clear5,1,8,beech,0,0,0,0,0,0,0,0,0,0,4,0,0,0,0,0
browse0_protectFalse_clear5,1,9,sitka-spruce,0,0,0,0,0,0,0,0,0,0,4,0,0,0,0,0
browse0_protectFalse_clear5,1,9,sessile-oak,0,0,0,0,0,0,0,0,0,0,4,0,0,0,0,0
browse0_protectFalse_clear5,1,9,beech,0,0,0,0,0,0,0,0,0,0,4,0,0,0,0,0
browse0_protectFalse_clear5,1,10,sitka-spruce,0,0,0,0,0,0,0,0,0,0,4,0,0,0,0,0
browse0_protectFalse_clear5,1,10,sessile-oak,0,0,0,0,0,0,0,0,0,0,4,0,0,0,0,0
browse0_protectFalse_clear5,1,10,beech,0,0,0,0,0,0,0,0,0,0,4,0,0,0,0,0
browse0_protectFalse_clear5,1,11,sitka-spruce,0,0,0,0,0,0,0,0,0,0,4,0,0,0,0,0
browse0_protectFalse_clear5,1,11,sessile-oak,0,0,0,0,0,0,0,0,0,0,4,0,0,0,0,0
browse0_protectFalse_clear5,1,11,beech,0,0,0,0,0,0,0,0,0,0,4,0,0,0,0,0
browse0_protectFalse_clear5,1,12,sitka-spruce,0,0,0,0,0,0,0,0,0,0,4,0,0,0,0,0
browse0_protectFalse_clear5,1,12,sessile-oak,0,0,0,0,0,0,0,0,0,0,4,0,0,0,0,0
browse0_protectFalse_clear5,1,12,beech,0,0,0,0,0,0,0,0,0,0,4,0,0,0,0,0
browse0_protectFalse_clear5,1,13,sitka-spruce,0,0,0,0,0,0,0,0,0,0,4,0,0,0,0,0
browse0_protectFalse_clear5,1,13,sessile-oak,0,0,0,0,0,0,0,0,0,0,4,0,0,0,0,0
browse0_protectFalse_clear5,1,13,beech,0,0,0,0,0,0,0,0,0,0,4,0,0,0,0,0
browse0_protectFalse_clear5,1,14,sitka-spruce,0,0,0,0,0,0,0,0,0,0,4,0,0,0,0,0
browse0_protectFalse_clear5,1,14,sessile-oak,0,0,0,0,0,0,0,0,0,0,4,0,0,0,0,0
browse0_protectFalse_clear5,1,14,beech,0,0,0,0,0,0,0,0,0,0,4,0,0,0,0,0
browse0_protectFalse_clear5,1,15,sitka-spruce,0,0,0,0,0,0,0,0,0,0,4,0,0,0,0,0
browse0_protectFalse_clear5,1,15,sessile-oak,0,0,0,0,0,0,0,0,0,0,4,0,0,0,0,0
browse0_protectFalse_clear5,1,15,beech,0,0,0,0,0,0,0,0,0,0,4,0,0,0,0,0
browse0_protectFalse_clear5,1,16,sitka-spruce,0,0,0,0,0,0,0,0,0,0,4,0,0,0,0,0
browse0_protectFalse_clear5,1,16,sessile-oak,0,0,0,0,0,0,0,0,0,0,4,0,0,0,0,0
browse0_protectFalse_clear5,1,16,beech,0,0,0,0,0,0,0,0,0,0,4,0,0,0,0,0
browse0_protectFalse_clear5,1,17,sitka-spruce,0,0,0,0,0,0,0,0,0,0,4,0,0,0,0,0
browse0_protectFalse_clear5,1,17,sessile-oak,0,0,0,0,0,0,0,0,0,0,4,0,0,0,0,0
browse0_protectFalse_clear5,1,17,beech,0,0,0,0,0,0,0,0,0,0,4,0,0,0,0,0
browse0_protectFalse_clear5,1,18,sitka-spruce,0,0,0,0,0,0,0,0,0,0,4,0,0,0,0,0
browse0_protectFalse_clear5,1,18,sessile-oak,0,0,0,0,0,0,0,0,0,0,4,0,0,0,0,0
browse0_protectFalse_clear5,1,18,beech,0,0,0,0,0,0,0,0,0,0,4,0,0,0,0,0
browse0_protectFalse_clear5,1,19,sitka-spruce,0,0,0,0,0,0,0,0,0,0,4,0,0,0,0,0
browse0_protectFalse_clear5,1,19,sessile-oak,0,0,0,0,0,0,0,0,0,0,4,0,0,0,0,0
browse0_protectFalse_clear5,1,19,beech,0,0,0,0,0,0,0,0,0,0,4,0,0,0,0,0
browse0_protectFalse_clear5,1,20,sitka-spruce,0,0,0,0,0,0,0,0,0,0,4,0,0,0,0,0
browse0_protectFalse_clear5,1,20,sessile-oak,0,0,0,0,0,0,0,0,0,0,4,0,0,0,0,0
browse0_protectFalse_clear5,1,20,beech,0,0,0,0,0,0,0,0,0,0,4,0,0,0,0,0
browse0_protectFalse_clear5,1,21,sitka-spruce,0,0,0,0,0,0,0,0,0,0,4,0,0,0,0,0
browse0_protectFalse_clear5,1,21,sessile-oak,0,0,0,0,0,0,0,0,0,0,4,0,0,0,0,0
browse0_protectFalse_clear5,1,21,beech,0,0,0,0,0,0,0,0,0,0,4,0,0,0,0,0
browse0_protectFalse_clear5,1,22,sitka-spruce,0,0,0,0,0,0,0,0,0,0,4,0,0,0,0,0
browse0_protectFalse_clear5,1,22,sessile-oak,0,0,0,0,0,0,0,0,0,0,4,0,0,0,0,0
browse0_protectFalse_clear5,1,22,beech,0,0,0,0,0,0,0,0,0,0,4,0,0,0,0,0
browse0_protectFalse_clear5,1,23,sitka-spruce,0,0,0,0,0,0,0,0,0,0,4,0,0,0,0,0
browse0_protectFalse_clear5,1,23,sessile-oak,0,0,0,0,0,0,0,0,0,0,4,0,0,0,0,0
browse0_protectFalse_clear5,1,23,beech,0,0,0,0,0,0,0,0,0,0,4,0,0,0,0,0
browse0_protectFalse_clear5,1,24,sitka-spruce,0,0,0,0,0,0,0,0,0,0,4,0,0,0,0,0
browse0_protectFalse_clear5,1,24,sessile-oak,0,0,0,0,0,0,0,0,0,0,4,0,0,0,0,0
browse0_protectFalse_clear5,1,24,beech,0,0,0,0,0,0,0,0,0,0,4,0,0,0,0,0
browse0_protectFalse_clear5,1,25,sitka-spruce,0,0,0,0,0,0,0,0,0,0,4,0,0,0,0,0
browse0_protectFalse_clear5,1,25,sessile-oak,0,0,0,0,0,0,0,0,0,0,4,0,0,0,0,0
browse0_protectFalse_clear5,1,25,beech,0,0,0,0,0,0,0,0,0,0,4,0,0,0,0,0
browse0_protectFalse_clear5,1,26,sitka-spruce,0,0,0,0,0,0,0,0,0,0,4,0,0,0,0,0
browse0_protectFalse_clear5,1,26,sessile-oak,0,0,0,0,0,0,0,0,0,0,4,0,0,0,0,0
browse0_protectFalse_clear5,1,26,beech,0,0,0,0,0,0,0,0,0,0,4,0,0,0,0,0
browse0_protectFalse_clear5,1,27,sitka-spruce,0,0,0,0,0,0,0,0,0,0,4,0,0,0,0,0
browse0_protectFalse_clear5,1,27,sessile-oak,0,0,0,0,0,0,0,0,0,0,4,0,0,0,0,0
browse0_protectFalse_clear5,1,27,beech,0,0,0,0,0,0,0,0,0,0,4,0,0,0,0,0
browse0_protectFalse_clear5,1,28,sitka-spruce,0,0,0,0,0,0,0,0,0,0,4,0,0,0,0,0
browse0_protectFalse_clear5,1,28,sessile-oak,0,0,0,0,0,0,0,0,0,0,4,0,0,0,0,0
browse0_protectFalse_clear5,1,28,beech,0,0,0,0,0,0,0,0,0,0,4,0,0,0,0,0
browse0_protectFalse_clear5,1,29,sitka-spruce,0,0,0,0,0,0,0,0,0,0,4,0,0,0,0,0
browse0_protectFalse_clear5,1,29,sessile-oak,0,0,0,0,0,0,0,0,0,0,4,0,0,0,0,0
browse0_protectFalse_clear5,1,29,beech,0,0,0,0,0,0,0,0,0,0,4,0,0,0,0,0
browse0_protectFalse_clear5,1,30,sitka-spruce,0,0,0,0,0,0,0,0,0,0,4,0,0,0,0,0
browse0_protectFalse_clear5,1,30,sessile-oak,0,0,0,0,0,0,0,0,0,0,4,0,0,0,0,0
browse0_protectFalse_clear5,1,30,beech,0,0,0,0,0,0,0,0,0,0,4,0,0,0,0,0
browse0_protectFalse_clear5,1,31,sitka-spruce,0,0,0,0,0,0,0,0,0,0,4,0,0,0,0,0
browse0_protectFalse_clear5,1,31,sessile-oak,0,0,0,0,0,0,0,0,0,0,4,0,0,0,0,0
browse0_protectFalse_clear5,1,31,beech,0,0,0,0,0,0,0,0,0,0,4,0,0,0,0,0
browse0_protectFalse_clear5,1,32,sitka-spruce,0,0,0,0,0,0,0,0,0,0,4,0,0,0,0,0
browse0_protectFalse_clear5,1,32,sessile-oak,0,0,0,0,0,0,0,0,0,0,4,0,0,0,0,0
browse0_protectFalse_clear5,1,32,beech,0,0,0,0,0,0,0,0,0,0,4,0,0,0,0,0
browse0_protectFalse_clear5,1,33,sitka-spruce,0,0,0,0,0,0,0,0,0,0,4,0,0,0,0,0
browse0_protectFalse_clear5,1,33,sessile-oak,0,0,0,0,0,0,0,0,0,0,4,0,0,0,0,0
browse0_protectFalse_clear5,1,33,beech,0,0,0,0,0,0,0,0,0,0,4,0,0,0,0,0
browse0_protectFalse_clear5,1,34,sitka-spruce,0,0,0,0,0,0,0,0,0,0,4,0,0,0,0,0
browse0_protectFalse_clear5,1,34,sessile-oak,0,0,0,0,0,0,0,0,0,0,4,0,0,0,0,0
browse0_protectFalse_clear5,1,34,beech,0,0,0,0,0,0,0,0,0,0,4,0,0,0,0,0
browse0_protectFalse_clear5,1,35,sitka-spruce,0,0,0,0,0,0,0,0,0,0,4,0,0,0,0,0
browse0_protectFalse_clear5,1,35,sessile-oak,0,0,0,0,0,0,0,0,0,0,4,0,0,0,0,0
browse0_protectFalse_clear5,1,35,beech,0,0,0,0,0,0,0,0,0,0,4,0,0,0,0,0
browse0_protectFalse_clear5,1,36,sitka-spruce,0,0,0,0,0,0,0,0,0,0,4,0,0,0,0,0
browse0_protectFalse_clear5,1,36,sessile-oak,0,0,0,0,0,0,0,0,0,0,4,0,0,0,0,0
browse0_protectFalse_clear5,1,36,beech,0,0,0,0,0,0,0,0,0,0,4,0,0,0,0,0
browse0_protectFalse_clear5,1,37,sitka-spruce,0,0,0,0,0,0,0,0,0,0,4,0,0,0,0,0
browse0_protectFalse_clear5,1,37,sessile-oak,0,0,0,0,0,0,0,0,0,0,4,0,0,0,0,0
browse0_protectFalse_clear5,1,37,beech,0,0,0,0,0,0,0,0,0,0,4,0,0,0,0,0
browse0_protectFalse_clear5,1,38,sitka-spruce,0,0,0,0,0,0,0,0,0,0,4,0,0,0,0,0
browse0_protectFalse_clear5,1,38,sessile-oak,0,0,0,0,0,0,0,0,0,0,4,0,0,0,0,0
browse0_protectFalse_clear5,1,38,beech,0,0,0,0,0,0,0,0,0,0,4,0,0,0,0,0
browse0_protectFalse_clear5,1,39,sitka-spruce,0,0,0,0,0,0,0,0,0,0,4,0,0,0,0,0
browse0_protectFalse_clear5,1,39,sessile-oak,0,0,0,0,0,0,0,0,0,0,4,0,0,0,0,0
browse0_protectFalse_clear5,1,39,beech,0,0,0,0,0,0,0,0,0,0,4,0,0,0,0,0
browse0_protectFalse_clear5,1,40,sitka-spruce,0,0,0,0,0,0,0,0,0,0,4,0,0,0,0,0
browse0_protectFalse_clear5,1,40,sessile-oak,0,0,0,0,0,0,0,0,0,0,4,0,0,0,0,0
browse0_protectFalse_clear5,1,40,beech,0,0,0,0,0,0,0,0,0,0,4,0,0,0,0,0
browse0_protectFalse_clear5,1,41,sitka-spruce,0,0,0,0,0,0,0,0,0,0,4,0,0,0,0,0
browse0_protectFalse_clear5,1,41,sessile-oak,0,0,0,0,0,0,0,0,0,0,4,0,0,0,0,0
browse0_protectFalse_clear5,1,41,beech,0,0,0,0,0,0,0,0,0,0,4,0,0,0,0,0
browse0_protectFalse_clear5,1,42,sitka-spruce,0,0,0,0,0,0,0,0,0,0,4,0,0,0,0,0
browse0_protectFalse_clear5,1,42,sessile-oak,0,0,0,0,0,0,0,0,0,0,4,0,0,0,0,0
browse0_protectFalse_clear5,1,42,beech,0,0,0,0,0,0,0,0,0,0,4,0,0,0,0,0
browse0_protectFalse_clear5,1,43,sitka-spruce,0,0,0,0,0,0,0,0,0,0,4,0,0,0,0,0
browse0_protectFalse_clear5,1,43,sessile-oak,0,0,0,0,0,0,0,0,0,0,4,0,0,0,0,0
browse0_protectFalse_clear5,1,43,beech,0,0,0,0,0,0,0,0,0,0,4,0,0,0,0,0
browse0_protectFalse_clear5,1,44,sitka-spruce,0,0,0,0,0,0,0,0,0,0,4,0,0,0,0,0
browse0_protectFalse_clear5,1,44,sessile-oak,0,0,0,0,0,0,0,0,0,0,4,0,0,0,0,0
browse0_protectFalse_clear5,1,44,beech,0,0,0,0,0,0,0,0,0,0,4,0,0,0,0,0
browse0_protectFalse_clear5,1,45,sitka-spruce,0,0,0,0,0,0,0,0,0,0,4,0,0,0,0,0
browse0_protectFalse_clear5,1,45,sessile-oak,0,0,0,0,0,0,0,0,0,0,4,0,0,0,0,0
browse0_protectFalse_clear5,1,45,beech,0,0,0,0,0,0,0,0,0,0,4,0,0,0,0,0
browse0_protectFalse_clear5,1,46,sitka-spruce,0,0,0,0,0,0,0,0,0,0,4,0,0,0,0,0
browse0_protectFalse_clear5,1,46,sessile-oak,0,0,0,0,0,0,0,0,0,0,4,0,0,0,0,0
browse0_protectFalse_clear5,1,46,beech,0,0,0,0,0,0,0,0,0,0,4,0,0,0,0,0
browse0_protectFalse_clear5,1,47,sitka-spruce,0,0,0,0,0,0,0,0,0,0,4,0,0,0,0,0
browse0_protectFalse_clear5,1,47,sessile-oak,0,0,0,0,0,0,0,0,0,0,4,0,0,0,0,0
browse0_protectFalse_clear5,1,47,beech,0,0,0,0,0,0,0,0,0,0,4,0,0,0,0,0
browse0_protectFalse_clear5,1,48,sitka-spruce,0,0,0,0,0,0,0,0,0,0,4,0,0,0,0,0
browse0_protectFalse_clear5,1,48,sessile-oak,0,0,0,0,0,0,0,0,0,0,4,0,0,0,0,0
browse0_protectFalse_clear5,1,48,beech,0,0,0,0,0,0,0,0,0,0,4,0,0,0,0,0
browse0_protectFalse_clear5,1,49,sitka-spruce,0,0,0,0,0,0,0,0,0,0,4,0,0,0,0,0
browse0_protectFalse_clear5,1,49,sessile-oak,0,0,0,0,0,0,0,0,0,0,4,0,0,0,0,0
browse0_protectFalse_clear5,1,49,beech,0,0,0,0,0,0,0,0,0,0,4,0,0,0,0,0
browse0_protectFalse_clear5,1,50,sitka-spruce,0,0,0,0,0,0,0,0,0,0,4,0,0,0,0,0
browse0_protectFalse_clear5,1,50,sessile-oak,0,0,0,0,0,0,0,0,0,0,4,0,0,0,0,0
browse0_protectFalse_clear5,1,50,beech,0,0,0,0,0,0,0,0,0,0,4,0,0,0,0,0
browse0_protectFalse_clear5,1,51,sitka-spruce,0,0,0,0,0,0,0,0,0,0,4,0,0,0,0,0
browse0_protectFalse_clear5,1,51,sessile-oak,0,0,0,0,0,0,0,0,0,0,4,0,0,0,0,0
browse0_protectFalse_clear5,1,51,beech,0,0,0,0,0,0,0,0,0,0,4,0,0,0,0,0
browse0_protectFalse_clear5,1,52,sitka-spruce,0,0,0,0,0,0,0,0,0,0,4,0,0,0,0,0
browse0_protectFalse_clear5,1,52,sessile-oak,0,0,0,0,0,0,0,0,0,0,4,0,0,0,0,0
browse0_protectFalse_clear5,1,52,beech,0,0,0,0,0,0,0,0,0,0,4,0,0,0,0,0
browse0_protectFalse_clear5,1,53,sitka-spruce,0,0,0,0,0,0,0,0,0,0,4,0,0,0,0,0
browse0_protectFalse_clear5,1,53,sessile-oak,0,0,0,0,0,0,0,0,0,0,4,0,0,0,0,0
browse0_protectFalse_clear5,1,53,beech,0,0,0,0,0,0,0,0,0,0,4,0,0,0,0,0
browse0_protectFalse_clear5,1,54,sitka-spruce,0,0,0,0,0,0,0,0,0,0,4,0,0,0,0,0
browse0_protectFalse_clear5,1,54,sessile-oak,0,0,0,0,0,0,0,0,0,0,4,0,0,0,0,0
browse0_protectFalse_clear5,1,54,beech,0,0,0,0,0,0,0,0,0,0,4,0,0,0,0,0
browse0_protectFalse_clear5,1,55,sitka-spruce,0,0,0,0,0,0,0,0,0,0,4,0,0,0,0,0
browse0_protectFalse_clear5,1,55,sessile-oak,0,0,0,0,0,0,0,0,0,0,4,0,0,0,0,0
browse0_protectFalse_clear5,1,55,beech,0,0,0,0,0,0,0,0,0,0,4,0,0,0,0,0
browse0_protectFalse_clear5,1,56,sitka-spruce,0,0,0,0,0,0,0,0,0,0,4,0,0,0,0,0
browse0_protectFalse_clear5,1,56,sessile-oak,0,0,0,0,0,0,0,0,0,0,4,0,0,0,0,0
browse0_protectFalse_clear5,1,56,beech,0,0,0,0,0,0,0,0,0,0,4,0,0,0,0,0
browse0_protectFalse_clear5,1,57,sitka-spruce,0,0,0,0,0,0,0,0,0,0,4,0,0,0,0,0
browse0_protectFalse_clear5,1,57,sessile-oak,0,0,0,0,0,0,0,0,0,0,4,0,0,0,0,0
browse0_protectFalse_clear5,1,57,beech,0,0,0,0,0,0,0,0,0,0,4,0,0,0,0,0
browse0_protectFalse_clear5,1,58,sitka-spruce,0,0,0,0,0,0,0,0,0,0,4,0,0,0,0,0
browse0_protectFalse_clear5,1,58,sessile-oak,0,0,0,0,0,0,0,0,0,0,4,0,0,0,0,0
browse0_protectFalse_clear5,1,58,beech,0,0,0,0,0,0,0,0,0,0,4,0,0,0,0,0
browse0_protectFalse_clear5,1,59,sitka-spruce,0,0,0,0,0,0,0,0,0,0,4,0,0,0,0,0
browse0_protectFalse_clear5,1,59,sessile-oak,0,0,0,0,0,0,0,0,0,0,4,0,0,0,0,0
browse0_protectFalse_clear5,1,59,beech,0,0,0,0,0,0,0,0,0,0,4,0,0,0,0,0
browse0_protectFalse_clear5,1,60,sitka-spruce,0,0,0,0,0,0,0,0,0,0,4,0,0,0,0,0
browse0_protectFalse_clear5,1,60,sessile-oak,0,0,0,0,0,0,0,0,0,0,4,0,0,0,0,0
browse0_protectFalse_clear5,1,60,beech,0,0,0,0,0,0,0,0,0,0,4,0,0,0,0,0
browse0_protectFalse_clear5,1,61,sitka-spruce,0,0,0,0,0,0,0,0,0,0,4,0,0,0,0,0
browse0_protectFalse_clear5,1,61,sessile-oak,0,0,0,0,0,0,0,0,0,0,4,0,0,0,0,0
browse0_protectFalse_clear5,1,61,beech,0,0,0,0,0,0,0,0,0,0,4,0,0,0,0,0
browse0_protectFalse_clear5,1,62,sitka-spruce,0,0,0,0,0,0,0,0,0,0,4,0,0,0,0,0
browse0_protectFalse_clear5,1,62,sessile-oak,0,0,0,0,0,0,0,0,0,0,4,0,0,0,0,0
browse0_protectFalse_clear5,1,62,beech,0,0,0,0,0,0,0,0,0,0,4,0,0,0,0,0
browse0_protectFalse_clear5,1,63,sitka-spruce,0,0,0,0,0,0,0,0,0,0,4,0,0,0,0,0
browse0_protectFalse_clear5,1,63,sessile-oak,0,0,0,0,0,0,0,0,0,0,4,0,0,0,0,0
browse0_protectFalse_clear5,1,63,beech,0,0,0,0,0,0,0,0,0,0,4,0,0,0,0,0
browse0_protectFalse_clear5,1,64,sitka-spruce,0,0,0,0,0,0,0,0,0,0,4,0,0,0,0,0
browse0_protectFalse_clear5,1,64,sessile-oak,0,0,0,0,0,0,0,0,0,0,4,0,0,0,0,0
browse0_protectFalse_clear5,1,64,beech,0,0,0,0,0,0,0,0,0,0,4,0,0,0,0,0
browse0_protectFalse_clear5,1,65,sitka-spruce,0,0,0,0,0,0,0,0,0,0,4,0,0,0,0,0
browse0_protectFalse_clear5,1,65,sessile-oak,0,0,0,0,0,0,0,0,0,0,4,0,0,0,0,0
browse0_protectFalse_clear5,1,65,beech,0,0,0,0,0,0,0,0,0,0,4,0,0,0,0,0
browse0_protectFalse_clear5,1,66,sitka-spruce,0,0,0,0,0,0,0,0,0,0,4,0,0,0,0,0
browse0_protectFalse_clear5,1,66,sessile-oak,0,0,0,0,0,0,0,0,0,0,4,0,0,0,0,0
browse0_protectFalse_clear5,1,66,beech,0,0,0,0,0,0,0,0,0,0,4,0,0,0,0,0
browse0_protectFalse_clear5,1,67,sitka-spruce,0,0,0,0,0,0,0,0,0,0,4,0,0,0,0,0
browse0_protectFalse_clear5,1,67,sessile-oak,0,0,0,0,0,0,0,0,0,0,4,0,0,0,0,0
browse0_protectFalse_clear5,1,67,beech,0,0,0,0,0,0,0,0,0,0,4,0,0,0,0,0
browse0_protectFalse_clear5,1,68,sitka-spruce,0,0,0,0,0,0,0,0,0,0,4,0,0,0,0,0
browse0_protectFalse_clear5,1,68,sessile-oak,0,0,0,0,0,0,0,0,0,0,4,0,0,0,0,0
browse0_protectFalse_clear5,1,68,beech,0,0,0,0,0,0,0,0,0,0,4,0,0,0,0,0
browse0_protectFalse_clear5,1,69,sitka-spruce,0,0,0,0,0,0,0,0,0,0,4,0,0,0,0,0
browse0_protectFalse_clear5,1,69,sessile-oak,0,0,0,0,0,0,0,0,0,0,4,0,0,0,0,0
browse0_protectFalse_clear5,1,69,beech,0,0,0,0,0,0,0,0,0,0,4,0,0,0,0,0
browse0_protectFalse_clear5,1,70,sitka-spruce,0,0,0,0,0,0,0,0,0,0,4,0,0,0,0,0
browse0_protectFalse_clear5,1,70,sessile-oak,0,0,0,0,0,0,0,0,0,0,4,0,0,0,0,0
browse0_protectFalse_clear5,1,70,beech,0,0,0,0,0,0,0,0,0,0,4,0,0,0,0,0
browse0_protectFalse_clear5,1,71,sitka-spruce,0,0,0,0,0,0,0,0,0,0,4,0,0,0,0,0
browse0_protectFalse_clear5,1,71,sessile-oak,0,0,0,0,0,0,0,0,0,0,4,0,0,0,0,0
browse0_protectFalse_clear5,1,71,beech,0,0,0,0,0,0,0,0,0,0,4,0,0,0,0,0
browse0_protectFalse_clear5,1,72,sitka-spruce,0,0,0,0,0,0,0,0,0,0,4,0,0,0,0,0
browse0_protectFalse_clear5,1,72,sessile-oak,0,0,0,0,0,0,0,0,0,0,4,0,0,0,0,0
browse0_protectFalse_clear5,1,72,beech,0,0,0,0,0,0,0,0,0,0,4,0,0,0,0,0
browse0_protectFalse_clear5,1,73,sitka-spruce,0,0,0,0,0,0,0,0,0,0,4,0,0,0,0,0
browse0_protectFalse_clear5,1,73,sessile-oak,0,0,0,0,0,0,0,0,0,0,4,0,0,0,0,0
browse0_protectFalse_clear5,1,73,beech,0,0,0,0,0,0,0,0,0,0,4,0,0,0,0,0
browse0_protectFalse_clear5,1,74,sitka-spruce,0,0,0,0,0,0,0,0,0,0,4,0,0,0,0,0
browse0_protectFalse_clear5,1,74,sessile-oak,0,0,0,0,0,0,0,0,0,0,4,0,0,0,0,0
browse0_protectFalse_clear5,1,74,beech,0,0,0,0,0,0,0,0,0,0,4,0,0,0,0,0
browse0_protectFalse_clear5,1,75,sitka-spruce,0,0,0,0,0,0,0,0,0,0,4,0,0,0,0,0
browse0_protectFalse_clear5,1,75,sessile-oak,0,0,0,0,0,0,0,0,0,0,4,0,0,0,0,0
browse0_protectFalse_clear5,1,75,beech,0,0,0,0,0,0,0,0,0,0,4,0,0,0,0,0
browse0_protectFalse_clear5,1,76,sitka-spruce,0,0,0,0,0,0,0,0,0,0,4,0,0,0,0,0
browse0_protectFalse_clear5,1,76,sessile-oak,0,0,0,0,0,0,0,0,0,0,4,0,0,0,0,0
browse0_protectFalse_clear5,1,76,beech,0,0,0,0,0,0,0,0,0,0,4,0,0,0,0,0
browse0_protectFalse_clear5,1,77,sitka-spruce,0,0,0,0,0,0,0,0,0,0,4,0,0,0,0,0
browse0_protectFalse_clear5,1,77,sessile-oak,0,0,0,0,0,0,0,0,0,0,4,0,0,0,0,0
browse0_protectFalse_clear5,1,77,beech,0,0,0,0,0,0,0,0,0,0,4,0,0,0,0,0
browse0_protectFalse_clear5,1,78,sitka-spruce,0,0,0,0,0,0,0,0,0,0,4,0,0,0,0,0
browse0_protectFalse_clear5,1,78,sessile-oak,0,0,0,0,0,0,0,0,0,0,4,0,0,0,0,0
browse0_protectFalse_clear5,1,78,beech,0,0,0,0,0,0,0,0,0,0,4,0,0,0,0,0
browse0_protectFalse_clear5,1,79,sitka-spruce,0,0,0,0,0,0,0,0,0,0,4,0,0,0,0,0
browse0_protectFalse_clear5,1,79,sessile-oak,0,0,0,0,0,0,0,0,0,0,4,0,0,0,0,0
browse0_protectFalse_clear5,1,79,beech,0,0,0,0,0,0,0,0,0,0,4,0,0,0,0,0
browse0_protectFalse_clear5,1,80,sitka-spruce,0,0,0,0,0,0,0,0,0,0,4,0,0,0,0,0
browse0_protectFalse_clear5,1,80,sessile-oak,0,0,0,0,0,0,0,0,0,0,4,0,0,0,0,0
browse0_protectFalse_clear5,1,80,beech,0,0,0,0,0,0,0,0,0,0,4,0,0,0,0,0
browse0_protectFalse_clear5,1,81,sitka-spruce,0,0,0,0,0,0,0,0,0,0,4,0,0,0,0,0
browse0_protectFalse_clear5,1,81,sessile-oak,0,0,0,0,0,0,0,0,0,0,4,0,0,0,0,0
browse0_protectFalse_clear5,1,81,beech,0,0,0,0,0,0,0,0,0,0,4,0,0,0,0,0
browse0_protectFalse_clear5,1,82,sitka-spruce,0,0,0,0,0,0,0,0,0,0,4,0,0,0,0,0
browse0_protectFalse_clear5,1,82,sessile-oak,0,0,0,0,0,0,0,0,0,0,4,0,0,0,0,0
browse0_protectFalse_clear5,1,82,beech,0,0,0,0,0,0,0,0,0,0,4,0,0,0,0,0
browse0_protectFalse_clear5,1,83,sitka-spruce,0,0,0,0,0,0,0,0,0,0,4,0,0,0,0,0
browse0_protectFalse_clear5,1,83,sessile-oak,0,0,0,0,0,0,0,0,0,0,4,0,0,0,0,0
browse0_protectFalse_clear5,1,83,beech,0,0,0,0,0,0,0,0,0,0,4,0,0,0,0,0
browse0_protectFalse_clear5,1,84,sitka-spruce,0,0,0,0,0,0,0,0,0,0,4,0,0,0,0,0
browse0_protectFalse_clear5,1,84,sessile-oak,0,0,0,0,0,0,0,0,0,0,4,0,0,0,0,0
browse0_protectFalse_clear5,1,84,beech,0,0,0,0,0,0,0,0,0,0,4,0,0,0,0,0
browse0_protectFalse_clear5,1,85,sitka-spruce,0,0,0,0,0,0,0,0,0,0,4,0,0,0,0,0
browse0_protectFalse_clear5,1,85,sessile-oak,0,0,0,0,0,0,0,0,0,0,4,0,0,0,0,0
browse0_protectFalse_clear5,1,85,beech,0,0,0,0,0,0,0,0,0,0,4,0,0,0,0,0
browse0_protectFalse_clear5,1,86,sitka-spruce,0,0,0,0,0,0,0,0,0,0,4,0,0,0,0,0
browse0_protectFalse_clear5,1,86,sessile-oak,0,0,0,0,0,0,0,0,0,0,4,0,0,0,0,0
browse0_protectFalse_clear5,1,86,beech,0,0,0,0,0,0,0,0,0,0,4,0,0,0,0,0
browse0_protectFalse_clear5,1,87,sitka-spruce,0,0,0,0,0,0,0,0,0,0,4,0,0,0,0,0
browse0_protectFalse_clear5,1,87,sessile-oak,0,0,0,0,0,0,0,0,0,0,4,0,0,0,0,0
browse0_protectFalse_clear5,1,87,beech,0,0,0,0,0,0,0,0,0,0,4,0,0,0,0,0
browse0_protectFalse_clear5,1,88,sitka-spruce,0,0,0,0,0,0,0,0,0,0,4,0,0,0,0,0
browse0_protectFalse_clear5,1,88,sessile-oak,0,0,0,0,0,0,0,0,0,0,4,0,0,0,0,0
browse0_protectFalse_clear5,1,88,beech,0,0,0,0,0,0,0,0,0,0,4,0,0,0,0,0
browse0_protectFalse_clear5,1,89,sitka-spruce,0,0,0,0,0,0,0,0,0,0,4,0,0,0,0,0
browse0_protectFalse_clear5,1,89,sessile-oak,0,0,0,0,0,0,0,0,0,0,4,0,0,0,0,0
browse0_protectFalse_clear5,1,89,beech,0,0,0,0,0,0,0,0,0,0,4,0,0,0,0,0
browse0_protectFalse_clear5,1,90,sitka-spruce,0,0,0,0,0,0,0,0,0,0,4,0,0,0,0,0
browse0_protectFalse_clear5,1,90,sessile-oak,0,0,0,0,0,0,0,0,0,0,4,0,0,0,0,0
browse0_protectFalse_clear5,1,90,beech,0,0,0,0,0,0,0,0,0,0,4,0,0,0,0,0
browse0_protectFalse_clear5,1,91,sitka-spruce,0,0,0,0,0,0,0,0,0,0,4,0,0,0,0,0
browse0_protectFalse_clear5,1,91,sessile-oak,0,0,0,0,0,0,0,0,0,0,4,0,0,0,0,0
browse0_protectFalse_clear5,1,91,beech,0,0,0,0,0,0,0,0,0,0,4,0,0,0,0,0
browse0_protectFalse_clear5,1,92,sitka-spruce,0,0,0,0,0,0,0,0,0,0,4,0,0,0,0,0
browse0_protectFalse_clear5,1,92,sessile-oak,0,0,0,0,0,0,0,0,0,0,4,0,0,0,0,0
browse0_protectFalse_clear5,1,92,beech,0,0,0,0,0,0,0,0,0,0,4,0,0,0,0,0
browse0_protectFalse_clear5,1,93,sitka-spruce,0,0,0,0,0,0,0,0,0,0,4,0,0,0,0,0
browse0_protectFalse_clear5,1,93,sessile-oak,0,0,0,0,0,0,0,0,0,0,4,0,0,0,0,0
browse0_protectFalse_clear5,1,93,beech,0,0,0,0,0,0,0,0,0,0,4,0,0,0,0,0
browse0_protectFalse_clear5,1,94,sitka-spruce,0,0,0,0,0,0,0,0,0,0,4,0,0,0,0,0
browse0_protectFalse_clear5,1,94,sessile-oak,0,0,0,0,0,0,0,0,0,0,4,0,0,0,0,0
browse0_protectFalse_clear5,1,94,beech,0,0,0,0,0,0,0,0,0,0,4,0,0,0,0,0
browse0_protectFalse_clear5,1,95,sitka-spruce,0,0,0,0,0,0,0,0,0,0,4,0,0,0,0,0
browse0_protectFalse_clear5,1,95,sessile-oak,0,0,0,0,0,0,0,0,0,0,4,0,0,0,0,0
browse0_protectFalse_clear5,1,95,beech,0,0,0,0,0,0,0,0,0,0,4,0,0,0,0,0
browse0_protectFalse_clear5,1,96,sitka-spruce,0,0,0,0,0,0,0,0,0,0,4,0,0,0,0,0
browse0_protectFalse_clear5,1,96,sessile-oak,0,0,0,0,0,0,0,0,0,0,4,0,0,0,0,0
browse0_protectFalse_clear5,1,96,beech,0,0,0,0,0,0,0,0,0,0,4,0,0,0,0,0
browse0_protectFalse_clear5,1,97,sitka-spruce,0,0,0,0,0,0,0,0,0,0,4,0,0,0,0,0
browse0_protectFalse_clear5,1,97,sessile-oak,0,0,0,0,0,0,0,0,0,0,4,0,0,0,0,0
browse0_protectFalse_clear5,1,97,beech,0,0,0,0,0,0,0,0,0,0,4,0,0,0,0,0
browse0_protectFalse_clear5,1,98,sitka-spruce,0,0,0,0,0,0,0,0,0,0,4,0,0,0,0,0
browse0_protectFalse_clear5,1,98,sessile-oak,0,0,0,0,0,0,0,0,0,0,4,0,0,0,0,0
browse0_protectFalse_clear5,1,98,beech,0,0,0,0,0,0,0,0,0,0,4,0,0,0,0,0
browse0_protectFalse_clear5,1,99,sitka-spruce,0,0,0,0,0,0,0,0,0,0,4,0,0,0,0,0
browse0_protectFalse_clear5,1,99,sessile-oak,0,0,0,0,0,0,0,0,0,0,4,0,0,0,0,0
browse0_protectFalse_clear5,1,99,beech,0,0,0,0,0,0,0,0,0,0,4,0,0,0,0,0
browse0_protectFalse_clear5,1,100,sitka-spruce,0,0,0,0,0,0,0,0,0,0,4,0,0,0,0,0
browse0_protectFalse_clear5,1,100,sessile-oak,0,0,0,0,0,0,0,0,0,0,4,0,0,0,0,0
browse0_protectFalse_clear5,1,100,beech,0,0,0,0,0,0,0,0,0,0,4,0,0,0,0,0
browse0.800000011920929_protectFalse_clear0,0,1,sitka-spruce,0.79615998268127441,0,0,0,0,0.003840029239654541,0,0,4,0,0,0,0,0,0,0
browse0.800000011920929_protectFalse_clear0,0,1,sessile-oak,0.774399995803833,0,0,0,0,0.025600016117095947,0,0,4,0,0,0,0,0,0,0
browse0.800000011920929_protectFalse_clear0,0,1,beech,0.78720003366470337,0,0,0,0,0.012799978256225586,0,0,4,0,0,0,0,0,0,0
browse0.800000011920929_protectFalse_clear0,0,2,sitka-spruce,0.79233843088150024,0,0,0,0,0.00382155179977417,0,0,4,0,0,0,0,0,0,0
browse0.800000011920929_protectFalse_clear0,0,2,sessile-oak,0.74961918592453,0,0,0,0,0.024780809879302979,0,0,4,0,0,0,0,0,0,0
browse0.800000011920929_protectFalse_clear0,0,2,beech,0.774604856967926,0,0,0,0,0.012595176696777344,0,0,4,0,0,0,0,0,0,0
browse0.800000011920929_protectFalse_clear0,0,3,sitka-spruce,0.79106462001800537,0,0,0,0,0.001273810863494873,0,0,4,0,0,0,0,0,0,0
browse0.800000011920929_protectFalse_clear0,0,3,sessile-oak,0.72563135623931885,0,0,0,0,0.023987829685211182,0,0,4,0,0,0,0,0,0,0
browse0.800000011920929_protectFalse_clear0,0,3,beech,0.76221120357513428,0,0,0,0,0.012393653392791748,0,0,4,0,0,0,0,0,0,0
browse0.800000011920929_protectFalse_clear0,0,4,sitka-spruce,0.79106462001800537,0,0,0,0,0,0,0,4,0,0,0,0,0,0,0
browse0.800000011920929_protectFalse_clear0,0,4,sessile-oak,0.70241117477416992,0,0,0,0,0.023220181465148926,0,0,4,0,0,0,0,0,0,0
browse0.800000011920929_protectFalse_clear0,0,4,beech,0.75001579523086548,0,0,0,0,0.012195408344268799,0,0,4,0,0,0,0,0,0,0
browse0.800000011920929_protectFalse_clear0,0,5,sitka-spruce,0.79106462001800537,0,0,0,0,0,0,0,4,0,0,0,0,0,0,0
browse0.800000011920929_protectFalse_clear0,0,5,sessile-oak,0.679934024810791,0,0,0,0,0.022477149963378906,0,0,4,0,0,0,0,0,0,0
browse0.800000011920929_protectFalse_clear0,0,5,beech,0.73801553249359131,0,0,0,0,0.01200026273727417,0,0,4,0,0,0,0,0,0,0
browse0.800000011920929_protectFalse_clear0,0,6,sitka-spruce,0.79106462001800537,0,0,0,0,0,0,0,4,0,0,0,0,0,0,0
browse0.800000011920929_protectFalse_clear0,0,6,sessile-oak,0.65817612409591675,0,0,0,0,0.021757900714874268,0,0,4,0,0,0,0,0,0,0
browse0.800000011920929_protectFalse_clear0,0,6,beech,0.7285689115524292,0,0,0,0,0.00944662094116211,0,0,4,0,0,0,0,0,0,0
browse0.800000011920929_protectFalse_clear0,0,7,sitka-spruce,0.79106462001800537,0,0,0,0,0,0,0,4,0,0,0,0,0,0,0
browse0.800000011920929_protectFalse_clear0,0,7,sessile-oak,0.63711446523666382,0,0,0,0,0.02106165885925293,0,0,4,0,0,0,0,0,0,0
browse0.800000011920929_protectFalse_clear0,0,7,beech,0.72408479452133179,0,0,0,0,0.0044841170310974121,0,0,4,0,0,0,0,0,0,0
browse0.800000011920929_protectFalse_clear0,0,8,sitka-spruce,0.79106462001800537,0,0,0,0,0,0,0,4,0,0,0,0,0,0,0
browse0.800000011920929_protectFalse_clear0,0,8,sessile-oak,0.616726815700531,0,0,0,0,0.020387649536132813,0,0,4,0,0,0,0,0,0,0
browse0.800000011920929_protectFalse_clear0,0,8,beech,0.72408479452133179,0,0,0,0,0,0,0,4,0,0,0,0,0,0,0
browse0.800000011920929_protectFalse_clear0,0,9,sitka-spruce,0.79106462001800537,0,0,0,0,0,0,0,4,0,0,1,0,0,0,0
browse0.800000011920929_protectFalse_clear0,0,9,sessile-oak,0.59699153900146484,0,0,0,0,0.019735276699066162,0,0,4,0,0,1,0,0,0,0
browse0.800000011920929_protectFalse_clear0,0,9,beech,0.72408479452133179,0,0,0,0,0,0,0,3,1,0,1,0,0,0,0
browse0.800000011920929_protectFalse_clear0,0,10,sitka-spruce,0.79106462001800537,0,0,0,0,0,0,0,4,0,0,1,0,0,0,0
browse0.800000011920929_protectFalse_clear0,0,10,sessile-oak,0.57788783311843872,0,0,0,0,0.019103705883026123,0,0,4,0,0,1,0,0,0,0
browse0.800000011920929_protectFalse_clear0,0,10,beech,0.72408479452133179,0,0,0,0,0,0,0,3,1,0,1,0,0,0,0
browse0.800000011920929_protectFalse_clear0,0,11,sitka-spruce,0.79106462001800537,0,0,0,0,0,0,0,0,4,0,6,0,0,0,0
browse0.800000011920929_protectFalse_clear0,0,11,sessile-oak,0.559395432472229,0,0,0,0,0.018492400646209717,0,0,4,0,0,6,0,0,0,0
browse0.800000011920929_protectFalse_clear0,0,11,beech,0.72408479452133179,0,0,0,0,0,0,0,2,2,0,6,0,0,0,0
browse0.800000011920929_protectFalse_clear0,0,12,sitka-spruce,0.79106462001800537,0,0,0,0,0,0,0,0,4,0,10,0,0,0,0
browse0.800000011920929_protectFalse_clear0,0,12,sessile-oak,0.54278385639190674,0,0,0,0.00095872581005096436,0.015652835369110107,0,0,4,0,0,10,0,0,0,0
browse0.800000011920929_protectFalse_clear0,0,12,beech,0.18102119863033295,0,0,0,0,0,0.54306358098983765,3,1,3,0,10,0,0,0,0
browse0.800000011920929_protectFalse_clear0,0,13,sitka-spruce,0.39553231000900269,0,0,0,0,0,0.39553231000900269,2,0,4,0,13,0,0,0,0
browse0.800000011920929_protectFalse_clear0,0,13,sessile-oak,0.50767266750335693,0,0,0,0.023003019392490387,0.012108169496059418,0,0,4,0,0,13,0,0,0,0
browse0.800000011920929_protectFalse_clear0,0,13,beech,0,0,0,0,0,0,0.18102119863033295,1,1,3,0,13,0,0,0,0
browse0.800000011920929_protectFalse_clear0,0,14,sitka-spruce,0.15821292996406555,0,0,0,0.039553225040435791,0,0.19776615500450134,1,0,4,0,14,0,0,0,0
browse0.800000011920929_protectFalse_clear0,0,14,sessile-oak,0.41514080762863159,0,0,0,0.08420909196138382,0.00832279771566391,0,0,3,0,1,14,0,0,0,0
browse0.800000011920929_protectFalse_clear0,0,14,beech,0,0,0,0,0,0,0,0,1,3,0,14,0,0,0,0
browse0.800000011920929_protectFalse_clear0,0,15,sitka-spruce,0.12657034397125244,0,0,0,0.03164258599281311,0,0,0,0,4,0,14,0,0,0,0
browse0.800000011920929_protectFalse_clear0,0,15,sessile-oak,0.311596542596817,0,0,0,0.098517611622810364,0.0050266534090042114,0,0,3,0,1,14,0,0,0,0
browse0.800000011920929_protectFalse_clear0,0,15,beech,0,0,0,0,0,0,0,0,1,3,0,14,0,0,0,0
browse0.800000011920929_protectFalse_clear0,0,16,sitka-spruce,0.10125627368688583,0,0,0,0.025314070284366608,0,0,0,0,4,0,15,0,0,0,0
browse0.800000011920929_protectFalse_clear0,0,16,sessile-oak,0.22768229246139526,0,0,0,0.081413418054580688,0.0025008320808410645,0,0,2,0,2,15,0,0,0,0
browse0.800000011920929_protectFalse_clear0,0,16,beech,0,0,0,0,0,0,0,0,0,4,0,15,0,0,0,0
browse0.800000011920929_protectFalse_clear0,0,17,sitka-spruce,0.0810050219297409,0,0,0,0.020251251757144928,0,0,0,0,4,0,15,0,0,0,0
browse0.800000011920929_protectFalse_clear0,0,17,sessile-oak,0.13070560991764069,0,0,0,0.09594939649105072,0.001027274876832962,0,0,1,0,3,15,0,0,0,0
browse0.800000011920929_protectFalse_clear0,0,17,beech,0,0,0,0,0,0,0,0,0,4,0,15,0,0,0,0
browse0.800000011920929_protectFalse_clear0,0,18,sitka-spruce,0.064804017543792725,0,0,0,0.016201004385948181,0,0,0,0,4,0,15,0,0,0,0
browse0.800000011920929_protectFalse_clear0,0,18,sessile-oak,0.066493324935436249,0,0,0,0.063809335231781,0.000402944628149271,0,0,1,0,3,15,0,0,0,0
browse0.800000011920929_protectFalse_clear0,0,18,beech,0,0,0,0,0,0,0,0,0,4,0,15,0,0,0,0
browse0.800000011920929_protectFalse_clear0,0,19,sitka-spruce,0.051843214780092239,0,0,0,0.012960802763700485,0,0,0,0,4,0,15,0,0,0,0
browse0.800000011920929_protectFalse_clear0,0,19,sessile-oak,0.029489930719137192,0,0,0,0.036869395524263382,0.00013400078751146793,0,0,0,0,4,15,0,0,0,0
browse0.800000011920929_protectFalse_clear0,0,19,beech,0,0,0,0,0,0,0,0,0,4,0,15,0,0,0,0
browse0.800000011920929_protectFalse_clear0,0,20,sitka-spruce,0.041474573314189911,0,0,0,0.010368641465902328,0,0,0,0,4,0,15,0,0,0,1.1005549430847168
browse0.800000011920929_protectFalse_clear0,0,20,sessile-oak,0.011203561909496784,0,0,0,0.018248284235596657,3.8085127016529441E-05,0,0,0,0,4,15,0,0,0,0
browse0.800000011920929_protectFalse_clear0,0,20,beech,0,0,0,0,0,0,0,0,0,4,0,15,0,0,0,0
browse0.800000011920929_protectFalse_clear0,0,21,sitka-spruce,0.084820747375488281,0.051641084253787994,0.051641084253787994,0,0.0082949139177799225,0,0,0,0,4,0,15,0,0,0,7.5591230392456055
browse0.800000011920929_protectFalse_clear0,0,21,sessile-oak,0.0036462300922721624,0,0,0,0.0075482763350009918,9.0552130131982267E-06,0,0,0,0,4,15,0,0,0,0
browse0.800000011920929_protectFalse_clear0,0,21,beech,0,0,0,0,0,0,0,0,0,4,0,15,0,0,0,0
browse0.800000011920929_protectFalse_clear0,0,22,sitka-spruce,0.76813650131225586,0.69019955396652222,0.69019955396652222,0,0.0066359322518110275,0.0002478770911693573,0,0,0,4,0,15,0,0,0,18.871364593505859
browse0.800000011920929_protectFalse_clear0,0,22,sessile-oak,0.0010272534564137459,0,0,0,0.0026170592755079269,1.9173930922988802E-06,0,0,0,0,4,15,0,0,0,0
browse0.800000011920929_protectFalse_clear0,0,22,beech,0,0,0,0,0,0,0,0,0,4,0,15,0,0,0,0
browse0.800000011920929_protectFalse_clear0,0,23,sitka-spruce,1.4130681753158569,0.65380007028579712,0.65380007028579712,0,0.0053087454289197922,0.0035596443340182304,0,0,0,4,0,15,0,0,0,17.859664916992188
browse0.800000011920929_protectFalse_clear0,0,23,sessile-oak,0.00023970566689968109,0,0,0,0.00078716594725847244,3.8182975004019681E-07,0,0,0,0,4,15,0,0,0,0
browse0.800000011920929_protectFalse_clear0,0,23,beech,0,0,0,0,0,0,0,0,0,4,0,15,0,0,0,0
browse0.800000011920929_protectFalse_clear0,0,24,sitka-spruce,2.2563345432281494,0.85406816005706787,0.85406816005706787,0,0.0042469967156648636,0.0065546473488211632,0,0,0,4,0,15,0,0,0,23.428703308105469
browse0.800000011920929_protectFalse_clear0,0,24,sessile-oak,4.8102083383128047E-05,0,0,0,0.00019152875756844878,7.482930186597514E-08,0,0,0,0,4,15,0,0,0,0
browse0.800000011920929_protectFalse_clear0,0,24,beech,0,0,0,0,0,0,0,0,0,4,0,15,0,0,0,0
browse0.800000011920929_protectFalse_clear0,0,25,sitka-spruce,3.8218255043029785,1.5778160095214844,1.5778160095214844,0,0.003397597000002861,0.008927423506975174,0,0,0,4,0,15,0,0,0,43.9703254699707
browse0.800000011920929_protectFalse_clear0,0,25,sessile-oak,9.60575562203303E-06,0,0,0,3.8481666706502438E-05,1.4661608815913496E-08,0,0,0,0,4,15,0,0,0,0
browse0.800000011920929_protectFalse_clear0,0,25,beech,0,0,0,0,0,0,0,0,0,4,0,15,0,0,0,0
browse0.800000011920929_protectFalse_clear0,0,26,sitka-spruce,5.0894246101379395,1.2834445238113403,1.2834445238113403,0,0.0027180779725313187,0.013127982616424561,0,0,0,4,0,15,0,0,0,35.533515930175781
browse0.800000011920929_protectFalse_clear0,0,26,sessile-oak,1.9182782580173807E-06,0,0,0,7.6846044976264238E-06,2.8727242806780851E-09,0,0,0,0,4,15,0,0,0,0
browse0.800000011920929_protectFalse_clear0,0,26,beech,0,0,0,0,0,0,0,0,0,4,0,15,0,0,0,0
browse0.800000011920929_protectFalse_clear0,0,27,sitka-spruce,5.6886858940124512,0.6171574592590332,0.6171574592590332,0,0.00217446219176054,0.015721462666988373,0,0,0,4,0,15,0,0,0,16.841154098510742
browse0.800000011920929_protectFalse_clear0,0,27,sessile-oak,3.8309278238557454E-07,0,0,0,1.5346226973633748E-06,5.6287374761154751E-10,0,0,0,0,4,15,0,0,0,0
browse0.800000011920929_protectFalse_clear0,0,27,beech,0,0,0,0,0,0,0,0,0,4,0,15,0,0,0,0
browse0.800000011920929_protectFalse_clear0,0,28,sitka-spruce,7.4280405044555664,1.7527278661727905,1.7527278661727905,0,0.0017395694740116596,0.011633777059614658,0,0,0,4,0,15,0,0,0,49.031902313232422
browse0.800000011920929_protectFalse_clear0,0,28,sessile-oak,7.6508271718012111E-08,0,0,0,3.0647422022411774E-07,1.1028900015475074E-10,0,0,0,0,4,15,0,0,0,0
browse0.800000011920929_protectFalse_clear0,0,28,beech,0,0,0,0,0,0,0,0,0,4,0,15,0,0,0,0
browse0.800000011920929_protectFalse_clear0,0,29,sitka-spruce,9.41711711883545,2.002300500869751,2.002300500869751,0,0.0013916557654738426,0.011832298710942268,0,0,0,4,0,15,0,0,0,56.327583312988281
browse0.800000011920929_protectFalse_clear0,0,29,sessile-oak,1.5280043896837014E-08,0,0,0,6.1206620216580632E-08,2.1610102596270053E-11,0,0,0,0,4,15,0,0,0,0
browse0.800000011920929_protectFalse_clear0,0,29,beech,0,0,0,0,0,0,0,0,0,4,0,15,0,0,0,0
browse0.800000011920929_protectFalse_clear0,0,30,sitka-spruce,12.535545349121094,3.1398777961730957,3.1398777961730957,0,0.0011133244261145592,0.02033538930118084,0,0,0,4,0,15,0,0,0,90.670158386230469
browse0.800000011920929_protectFalse_clear0,0,30,sessile-oak,3.0517746107960875E-09,0,0,0,1.2224036005648031E-08,4.2343385742160677E-12,0,0,0,0,4,15,0,0,0,0
browse0.800000011920929_protectFalse_clear0,0,30,beech,0,0,0,0,0,0,0,0,0,4,0,15,0,0,0,0
browse0.800000011920929_protectFalse_clear0,0,31,sitka-spruce,15.726564407348633,3.2231693267822266,3.2231693267822266,0,0.0008906596340239048,0.031260225921869278,0,0,0,4,0,15,0,0,0,93.25775146484375
browse0.800000011920929_protectFalse_clear0,0,31,sessile-oak,6.0952520808399413E-10,0,0,0,2.441419733045791E-09,8.2969351875017416E-13,0,0,0,0,4,15,0,0,0,0
browse0.800000011920929_protectFalse_clear0,0,31,beech,0,0,0,0,0,0,0,0,0,4,0,15,0,0,0,0
browse0.800000011920929_protectFalse_clear0,0,32,sitka-spruce,17.952657699584961,2.2592391967773438,2.2592391967773438,0,0.00071252766065299511,0.03243337944149971,0,0,0,4,0,15,0,0,0,63.9202880859375
browse0.800000011920929_protectFalse_clear0,0,32,sessile-oak,1.2174247721041809E-10,0,0,0,4.876201664671953E-10,1.6257535682268065E-13,0,0,0,0,4,15,0,0,0,0
browse0.800000011920929_protectFalse_clear0,0,32,beech,0,0,0,0,0,0,0,0,0,4,0,15,0,0,0,0
browse0.800000011920929_protectFalse_clear0,0,33,sitka-spruce,18.871129989624023,0.95599043369293213,0.95599043369293213,0,0.00057002226822078228,0.036949001252651215,0,0,0,4,0,15,0,0,0,26.274633407592773
browse0.800000011920929_protectFalse_clear0,0,33,sessile-oak,2.4316637245447303E-11,0,0,0,9.7393974829440566E-11,3.18562721774579E-14,0,0,0,0,4,15,0,0,0,0
browse0.800000011920929_protectFalse_clear0,0,33,beech,0,0,0,0,0,0,0,0,0,4,0,15,0,0,0,0
browse0.800000011920929_protectFalse_clear0,0,34,sitka-spruce,19.8314151763916,0.9813617467880249,0.9813617467880249,0,0.00045601767487823963,0.02061949111521244,0,0,0,4,0,15,0,0,0,26.986415863037109
browse0.800000011920929_protectFalse_clear0,0,34,sessile-oak,4.8570852201335057E-12,0,0,0,1.9453310490247233E-11,6.2422194691859334E-15,0,0,0,0,4,15,0,0,0,0
browse0.800000011920929_protectFalse_clear0,0,34,beech,0,0,0,0,0,0,0,0,0,4,0,15,0,0,0,0
browse0.800000011920929_protectFalse_clear0,0,35,sitka-spruce,20.524347305297852,1.0068372488021851,1.0068372488021851,0,0.00036481418646872044,0.00599387101829052,0.30754742026329041,19,0,4,0,34,0,0,0,27.701868057250977
browse0.800000011920929_protectFalse_clear0,0,35,sessile-oak,9.701939772399637E-13,0,0,0,3.8856682628429784E-12,1.2231723270426757E-15,0,0,0,0,4,34,0,0,0,0
browse0.800000011920929_protectFalse_clear0,0,35,beech,0,0,0,0,0,0,0,0,0,4,0,34,0,0,0,0
browse0.800000011920929_protectFalse_clear0,0,36,sitka-spruce,21.479867935180664,1.0556882619857788,1.0556882619857788,0,0.00029185134917497635,0.010797921568155289,0.089076995849609375,1,0,4,0,35,0,0,0,28.412254333496094
browse0.800000011920929_protectFalse_clear0,0,36,sessile-oak,1.9379910545271051E-13,0,0,0,7.7615512758186234E-13,2.3968427780983893E-16,0,0,0,0,4,35,0,0,0,0
browse0.800000011920929_protectFalse_clear0,0,36,beech,0,0,0,0,0,0,0,0,0,4,0,35,0,0,0,0
browse0.800000011920929_protectFalse_clear0,0,37,sitka-spruce,19.045829772949219,1.0821328163146973,1.0821328163146973,0,0.00023348105605691671,0.01366295013576746,3.502274751663208,40,0,4,0,75,0,0,0,29.114782333374023
browse0.800000011920929_protectFalse_clear0,0,37,sessile-oak,3.8712854807682745E-14,0,0,0,1.5503928436216841E-13,4.6967500469218123E-17,0,0,0,0,4,75,0,0,0,0
browse0.800000011920929_protectFalse_clear0,0,37,beech,0,0,0,0,0,0,0,0,0,4,0,75,0,0,0,0
browse0.800000011920929_protectFalse_clear0,0,38,sitka-spruce,19.019412994384766,1.1645952463150024,1.1645952463150024,0,0.0001867848914116621,0.016128195449709892,1.174695611000061,19,0,4,0,94,0,0,0,29.719905853271484
browse0.800000011920929_protectFalse_clear0,0,38,sessile-oak,7.7333676097514521E-15,0,0,0,3.097028249089348E-14,9.20358207217941E-18,0,0,0,0,4,94,0,0,0,0
browse0.800000011920929_protectFalse_clear0,0,38,beech,0,0,0,0,0,0,0,0,0,4,0,94,0,0,0,0
browse0.800000011920929_protectFalse_clear0,0,39,sitka-spruce,21.770902633666992,2.7607212066650391,2.7607212066650391,0,0.00014942791312932968,0.009083133190870285,0,0,0,4,0,94,0,0,0,75.804763793945313
browse0.800000011920929_protectFalse_clear0,0,39,sessile-oak,1.5448700405748203E-15,0,0,0,6.1866939183945723E-15,1.8035233962452926E-18,0,0,0,0,4,94,0,0,0,0
browse0.800000011920929_protectFalse_clear0,0,39,beech,0,0,0,0,0,0,0,0,0,4,0,94,0,0,0,0
browse0.800000011920929_protectFalse_clear0,0,40,sitka-spruce,22.7379093170166,1.1488441228866577,1.1488441228866577,0,0.0001195422955788672,0.019536085426807404,0.16218209266662598,2,0,4,0,96,0,0,0,30.924079895019531
browse0.800000011920929_protectFalse_clear0,0,40,sessile-oak,3.0862058361772219E-16,0,0,0,1.2358960324598562E-15,3.5341912056787522E-19,0,0,0,0,4,96,0,0,0,0
browse0.800000011920929_protectFalse_clear0,0,40,beech,0,0,0,0,0,0,0,0,0,4,0,96,0,0,0,0.046109452843666077
browse0.800000011920929_protectFalse_clear0,0,41,sitka-spruce,22.5230655670166,2.7480642795562744,2.7480642795562744,0,9.563384810462594E-05,0.022850325331091881,2.9399628639221191,39,0,4,0,135,0,0,0,78.775131225585938
browse0.800000011920929_protectFalse_clear0,0,41,sessile-oak,6.1654859868705579E-17,0,0,0,2.4689644571835407E-16,6.9256627364191364E-20,0,0,0,0,4,135,0,0,0,0
browse0.800000011920929_protectFalse_clear0,0,41,beech,0,0,0,0,0,0,0,0,0,4,0,135,0,0,0,0.046508766710758209
browse0.800000011920929_protectFalse_clear0,0,42,sitka-spruce,24.102165222167969,2.4545857906341553,2.4545857906341553,0,7.6507072662934661E-05,0.031147204339504242,0.84426212310791016,5,0,4,0,140,0,0,0,80.044181823730469
browse0.800000011920929_protectFalse_clear0,0,42,sessile-oak,1.2317400917739326E-17,0,0,0,4.9323889880197933E-17,1.3571810804098948E-20,0,0,0,0,4,140,0,0,0,0
browse0.800000011920929_protectFalse_clear0,0,42,beech,0,0,0,0,0,0,0,0,0,4,0,140,0,0,0,0.32122611999511719
browse0.800000011920929_protectFalse_clear0,0,43,sitka-spruce,23.880115509033203,2.7324581146240234,2.7324581146240234,0,6.1205675592646E-05,0.022899854928255081,2.931546688079834,17,0,4,0,157,0,0,0,96.273506164550781
browse0.800000011920929_protectFalse_clear0,0,43,sessile-oak,2.4608205497243234E-18,0,0,0,9.8539205687553381E-18,2.6596070047953273E-21,0,0,0,0,4,157,0,0,0,0
browse0.800000011920929_protectFalse_clear0,0,43,beech,0,0,0,0,0,0,0,0,0,4,0,157,0,0,0,0.1130361333489418
browse0.800000011920929_protectFalse_clear0,0,44,sitka-spruce,22.107625961303711,2.7503159046173096,2.7503159046173096,0,0.07494354248046875,0.028061762452125549,4.4197998046875,26,0,4,0,183,0,0,0,112.44594573974609
browse0.800000011920929_protectFalse_clear0,0,44,sessile-oak,4.9164291378065268E-19,0,0,0,1.9686565638565506E-18,5.211964873294326E-22,0,0,0,0,4,183,0,0,0,0
browse0.800000011920929_protectFalse_clear0,0,44,beech,0,0,0,0,0,0,0,0,0,4,0,183,0,0,0,0.578788697719574
browse0.800000011920929_protectFalse_clear0,0,45,sitka-spruce,24.116445541381836,2.9706954956054688,2.9706954956054688,0,0.061819840222597122,0.039110593497753143,0.86094450950622559,5,0,4,0,188,0,0,0,159.99336242675781
browse0.800000011920929_protectFalse_clear0,0,45,sessile-oak,9.8226444045056136E-20,0,0,0,3.9331435170403745E-19,1.0213852932084676E-22,0,0,0,0,4,188,0,0,0,0
browse0.800000011920929_protectFalse_clear0,0,45,beech,0,0,0,0,0,0,0,0,0,4,0,188,0,0,0,0.69967907667160034
browse0.800000011920929_protectFalse_clear0,0,46,sitka-spruce,25.15179443359375,1.532605767250061,1.532605767250061,0,0.10642068088054657,0.045684050768613815,0.3451535701751709,2,0,4,0,190,0,0,0,87.9393310546875
browse0.800000011920929_protectFalse_clear0,0,46,sessile-oak,1.9625273623126858E-20,0,0,0,7.8581156528514616E-20,2.0016215821166898E-23,0,0,0,0,4,190,0,0,0,0
browse0.800000011920929_protectFalse_clear0,0,46,beech,0,0,0,0,0,0,0,0,0,4,0,190,0,0,0,0.20418575406074524
browse0.800000011920929_protectFalse_clear0,0,47,sitka-spruce,27.9888858795166,3.8207623958587646,3.8207623958587646,0,0.612702488899231,0.040239006280899048,0.33072894811630249,5,0,4,0,195,0,0,0,279.54278564453125
browse0.800000011920929_protectFalse_clear0,0,47,sessile-oak,3.921132159843637E-21,0,0,0,1.5700219221618913E-20,3.9226392502040692E-24,0,0,0,0,4,195,0,0,0,0
browse0.800000011920929_protectFalse_clear0,0,47,beech,0,0,0,0,0,0,0,0,0,4,0,195,0,0,0,0.93058538436889648
browse0.800000011920929_protectFalse_clear0,0,48,sitka-spruce,28.12785530090332,1.7972604036331177,1.7972604036331177,0,1.0066981315612793,0.04688301682472229,0.604709804058075,8,0,4,0,203,0,0,0,135.76914978027344
browse0.800000011920929_protectFalse_clear0,0,48,sessile-oak,7.834577255130017E-22,0,0,0,3.1369055663161962E-21,7.6873706352882379E-25,0,0,0,0,4,203,0,0,0,0
browse0.800000011920929_protectFalse_clear0,0,48,beech,0,0,0,0,0,0,0,0,0,4,0,203,0,0,0,1.0410996675491333
browse0.800000011920929_protectFalse_clear0,0,49,sitka-spruce,27.958589553833008,1.8080013990402222,1.8080013990402222,0,1.3568313121795654,0.044793732464313507,0.57564109563827515,8,0,4,0,211,0,0,0,170.05130004882813
browse0.800000011920929_protectFalse_clear0,0,49,sessile-oak,1.5654088907800996E-22,0,0,0,6.2676617031298177E-22,1.5065428909639317E-25,0,0,0,0,4,211,0,0,0,0
browse0.800000011920929_protectFalse_clear0,0,49,beech,0,0,0,0,0,0,0,0,0,4,0,211,0,0,0,1.1477408409118652
browse0.800000011920929_protectFalse_clear0,0,50,sitka-spruce,30.423873901367188,4.262331485748291,4.262331485748291,0,1.6842725276947021,0.044687148183584213,0.068088382482528687,1,0,4,0,212,0,0,0,765.79718017578125
browse0.800000011920929_protectFalse_clear0,0,50,sessile-oak,3.1278653591818827E-23,0,0,0,1.2523270368934327E-22,2.952494361873969E-26,0,0,0,0,4,212,0,0,0,0
browse0.800000011920929_protectFalse_clear0,0,50,beech,0,0,0,0,0,0,0,0,0,4,0,212,0,0,0,0.31274056434631348
browse0.800000011920929_protectFalse_clear0,0,51,sitka-spruce,29.875146865844727,1.6761586666107178,1.6761586666107178,0,1.960638165473938,0.053266216069459915,0.21098035573959351,3,0,4,0,215,0,0,0,242.62580871582031
browse0.800000011920929_protectFalse_clear0,0,51,sessile-oak,6.2499441869656978E-24,0,0,0,2.5022921926821976E-23,5.78631939169941E-27,0,0,0,0,4,215,0,0,0,0
browse0.800000011920929_protectFalse_clear0,0,51,beech,0,0,0,0,0,0,0,0,0,4,0,215,0,0,0,1.3517106771469116
browse0.800000011920929_protectFalse_clear0,0,52,sitka-spruce,31.025976181030273,3.7224361896514893,3.7224361896514893,0,2.1611332893371582,0.050969980657100677,0.35950374603271484,4,0,4,0,219,0,0,0,1089.27490234375
browse0.800000011920929_protectFalse_clear0,0,52,sessile-oak,1.248854869563407E-24,0,0,0,4.9999554284586488E-24,1.1340129735304704E-27,0,0,0,0,4,219,0,0,0,0
browse0.800000011920929_protectFalse_clear0,0,52,beech,0.027771767228841782,0.027771765366196632,0.027771765366196632,0,0,0,0,0,0,4,0,219,0,0,0,3.62642502784729
browse0.800000011920929_protectFalse_clear0,0,53,sitka-spruce,29.790109634399414,2.8377628326416016,2.8091416358947754,0.028621211647987366,3.9868471622467041,0.058161299675703049,0,0,0,4,0,219,0,0,0,829.9990234375
browse0.800000011920929_protectFalse_clear0,0,53,sessile-oak,2.4954872714377735E-25,0,0,0,9.9908385620768033E-25,2.2224788594341493E-28,0,0,0,0,4,219,0,0,0,0
browse0.800000011920929_protectFalse_clear0,0,53,beech,0.027327418327331543,0,0,0,0,0.00044434797018766403,0,0,0,4,0,219,0,0,0,1.5467109680175781
browse0.800000011920929_protectFalse_clear0,0,54,sitka-spruce,27.532817840576172,1.5910208225250244,1.4318990707397461,0.15912172198295593,3.4914801120758057,0.060459226369857788,0.13725171983242035,1,0,4,0,220,0,0,0,373.96115112304688
browse0.800000011920929_protectFalse_clear0,0,54,sessile-oak,4.9866190446025955E-26,0,0,0,1.9963898911059287E-25,4.3557481623617957E-29,0,0,0,0,4,220,0,0,0,0
browse0.800000011920929_protectFalse_clear0,0,54,beech,0.026890179142355919,0,0,0,0,0.00043723871931433678,0,0,0,4,0,220,0,0,0,0.41033542156219482
browse0.800000011920929_protectFalse_clear0,0,55,sitka-spruce,26.541641235351563,2.4675204753875732,2.1800341606140137,0.28748637437820435,2.956254243850708,0.053621832281351089,0.16133362054824829,2,0,4,0,222,0,0,0,1012.2835083007813
browse0.800000011920929_protectFalse_clear0,0,55,sessile-oak,9.9647014432452934E-27,0,0,0,3.9892951740523182E-26,8.5366965155585753E-30,0,0,0,0,4,222,0,0,0,0
browse0.800000011920929_protectFalse_clear0,0,55,beech,0.026459936052560806,0,0,0,0,0.00043024308979511261,0,0,0,4,0,222,0,0,0,0.43365585803985596
browse0.800000011920929_protectFalse_clear0,0,56,sitka-spruce,24.572345733642578,1.3440713882446289,1.253935694694519,0.090135738253593445,3.1705052852630615,0.052726760506629944,0,0,0,4,0,222,0,0,0,431.57388305664063
browse0.800000011920929_protectFalse_clear0,0,56,sessile-oak,1.9912673103435673E-27,0,0,0,7.9717614627450258E-27,1.6730974724067253E-30,0,0,0,0,4,222,0,0,0,0
browse0.800000011920929_protectFalse_clear0,0,56,beech,0.026036577299237251,0,0,0,0,0.0004233592189848423,0,0,0,4,0,222,0,0,0,0.45657026767730713
browse0.800000011920929_protectFalse_clear0,0,57,sitka-spruce,23.610851287841797,2.1373970508575439,2.0099375247955322,0.12745939195156097,2.9257261753082275,0.045705299824476242,0,0,0,4,0,222,0,0,0,1155.1077880859375
browse0.800000011920929_protectFalse_clear0,0,57,sessile-oak,3.9792555805120694E-28,0,0,0,1.5930137904969555E-27,3.2791233060255882E-31,0,0,0,0,4,222,0,0,0,0
browse0.800000011920929_protectFalse_clear0,0,57,beech,0.0256199911236763,0,0,0,0,0.00041658524423837662,0,0,0,4,0,222,0,0,0,0.47921270132064819
browse0.800000011920929_protectFalse_clear0,0,58,sitka-spruce,22.61248779296875,2.2857863903045654,1.8681005239486694,0.41768604516983032,2.8237125873565674,0.042752660810947418,0,0,0,4,0,222,0,0,0,1848.5279541015625
browse0.800000011920929_protectFalse_clear0,0,58,sessile-oak,7.9520846939115832E-29,0,0,0,3.1834045125579042E-28,6.426836687979532E-32,0,0,0,0,4,222,0,0,0,0
browse0.800000011920929_protectFalse_clear0,0,58,beech,0.050421666353940964,0.025211594998836517,0.025211594998836517,0,0,0.00040992023423314095,0,0,0,4,0,222,0,0,0,5.0160799026489258
browse0.800000011920929_protectFalse_clear0,0,59,sitka-spruce,21.490987777709961,2.0029683113098145,1.4930208921432495,0.50994724035263062,2.5614426136016846,0.040900964289903641,0.012177305296063423,1,0,4,0,223,0,0,0,1285.70947265625
browse0.800000011920929_protectFalse_clear0,0,59,sessile-oak,1.5891573204133766E-29,0,0,0,6.361667394017402E-29,1.2596291834880419E-32,0,0,0,0,4,223,0,0,0,0
browse0.800000011920929_protectFalse_clear0,0,59,beech,0.063605792820453644,0.025780070573091507,0.013990875333547592,0.011789195239543915,0,0.00080674700438976288,0,0,0,4,0,223,0,0,0,5.2377786636352539
browse0.800000011920929_protectFalse_clear0,0,60,sitka-spruce,19.975625991821289,1.8991632461547852,1.4607710838317871,0.4383920431137085,2.5352222919464111,0.037933405488729477,0.40297740697860718,2,0,4,0,225,0,0,0,1345.7247314453125
browse0.800000011920929_protectFalse_clear0,0,60,sessile-oak,3.175845688916015E-30,0,0,0,1.2713257660527352E-29,2.4688261328427552E-33,0,0,0,0,4,225,0,0,0,0
browse0.800000011920929_protectFalse_clear0,0,60,beech,0.062588103115558624,0,0,0,0,0.0010176931973546743,0,0,0,4,0,225,0,0,0,2.1491813659667969
browse0.800000011920929_protectFalse_clear0,0,61,sitka-spruce,19.321012496948242,1.9410990476608276,1.6776359081268311,0.26346310973167419,2.2961933612823486,0.036055609583854675,0,0,0,4,0,225,0,0,0,2092.423828125
browse0.800000011920929_protectFalse_clear0,0,61,sessile-oak,6.3468527609654012E-31,0,0,0,2.5406766263644504E-30,4.8388380065034812E-34,0,0,0,0,4,225,0,0,0,0
browse0.800000011920929_protectFalse_clear0,0,61,beech,0.061586692929267883,0,0,0,0,0.0010014091385528445,0,0,0,4,0,225,0,0,0,2.1294865608215332
browse0.800000011920929_protectFalse_clear0,0,62,sitka-spruce,18.368228912353516,1.7353416681289673,1.502902626991272,0.23243902623653412,2.42008900642395,0.0355985201895237,0,0,0,4,0,225,0,0,0,1423.8203125
browse0.800000011920929_protectFalse_clear0,0,62,sessile-oak,1.2684221163310628E-31,0,0,0,5.0774820206932248E-31,9.48414097004865E-35,0,0,0,0,4,225,0,0,0,0
browse0.800000011920929_protectFalse_clear0,0,62,beech,0.079459980130195618,0.023582996800541878,0.018858673050999641,0.004724323283880949,0,0.00098538713064044714,0,0,0,4,0,225,0,0,0,5.2773594856262207
browse0.800000011920929_protectFalse_clear0,0,63,sitka-spruce,17.513044357299805,1.680561900138855,1.4051131010055542,0.27544859051704407,2.202488899230957,0.034730009734630585,0.02307923324406147,1,0,4,0,226,0,0,0,1453.3604736328125
browse0.800000011920929_protectFalse_clear0,0,63,sessile-oak,2.5349855997693229E-32,0,0,0,1.0147377400846243E-31,1.8589042666938068E-35,0,0,0,0,4,226,0,0,0,0
browse0.800000011920929_protectFalse_clear0,0,63,beech,0.078188613057136536,0,0,0,0,0.0012713600881397724,0,0,0,4,0,226,0,0,0,2.0934445858001709
browse0.800000011920929_protectFalse_clear0,0,64,sitka-spruce,15.587469100952148,1.0848885774612427,1.015249490737915,0.069639116525650024,2.9083900451660156,0.032435063272714615,0,0,0,4,0,226,0,0,0,594.594970703125
browse0.800000011920929_protectFalse_clear0,0,64,sessile-oak,5.0663277547982722E-33,0,0,0,2.0279884210407408E-32,3.6435302621794773E-36,0,0,0,0,4,226,0,0,0,0
browse0.800000011920929_protectFalse_clear0,0,64,beech,0.07693760097026825,0,0,0,0,0.0012510181404650211,0,0,0,4,0,226,0,0,0,2.076674222946167
browse0.800000011920929_protectFalse_clear0,0,65,sitka-spruce,13.395028114318848,1.0576261281967163,1.0065217018127441,0.051104523241519928,2.8174929618835449,0.028790757060050964,0.35267719626426697,1,0,4,0,227,0,0,0,605.74298095703125
browse0.800000011920929_protectFalse_clear0,0,65,sessile-oak,1.012551364673133E-33,0,0,0,4.0530622773070147E-33,7.1415156122448131E-37,0,0,0,0,4,227,0,0,0,0
browse0.800000011920929_protectFalse_clear0,0,65,beech,0.075714901089668274,0,0,0,0,0.001222697552293539,0,0,0,4,0,227,0,0,0,2.0608043670654297
browse0.800000011920929_protectFalse_clear0,0,66,sitka-spruce,11.703885078430176,1.0141710042953491,1.0141710042953491,0,2.6790049076080322,0.026308983564376831,0,0,0,4,0,227,0,0,0,617.76861572265625
browse0.800000011920929_protectFalse_clear0,0,66,sessile-oak,2.0237028349605816E-34,0,0,0,8.10041146839804E-34,1.3997890977229235E-37,0,0,0,0,4,227,0,0,0,0
browse0.800000011920929_protectFalse_clear0,0,66,beech,0.07454613596200943,0,0,0,0,0.0011687623336911201,0,0,0,4,0,227,0,0,0,2.0457553863525391
browse0.800000011920929_protectFalse_clear0,0,67,sitka-spruce,10.801394462585449,1.4624937772750854,1.4624937772750854,0,2.3407766819000244,0.024207090958952904,0,0,0,4,0,227,0,0,0,1566.7989501953125
browse0.800000011920929_protectFalse_clear0,0,67,sessile-oak,4.0446622566649985E-35,0,0,0,1.6189623368450874E-34,2.743708761984848E-38,0,0,0,0,4,227,0,0,0,0
browse0.800000011920929_protectFalse_clear0,0,67,beech,0.079983584582805634,0.0065233903005719185,0.0065233903005719185,0,0,0.0010859437752515078,0,0,0,4,0,227,0,0,0,5.0786528587341309
browse0.800000011920929_protectFalse_clear0,0,68,sitka-spruce,10.037209510803223,1.4205856323242188,1.4205856323242188,0,2.1602795124053955,0.024492070078849792,0,0,0,4,0,227,0,0,0,1589.6627197265625
browse0.800000011920929_protectFalse_clear0,0,68,sessile-oak,8.0839472580440211E-36,0,0,0,3.2357298627291839E-35,5.3779705087120705E-39,0,0,0,0,4,227,0,0,0,0
browse0.800000011920929_protectFalse_clear0,0,68,beech,0.07887701690196991,0,0,0,0,0.0011065686121582985,0,0,0,4,0,227,0,0,0,2.01785945892334
browse0.800000011920929_protectFalse_clear0,0,69,sitka-spruce,8.8829870223999023,0.94403761625289917,0.94403761625289917,0,2.007441520690918,0.024681998416781425,0.066135779023170471,1,0,4,0,228,0,0,0,645.1875
browse0.800000011920929_protectFalse_clear0,0,69,sessile-oak,1.6157352446847437E-36,0,0,0,6.4671575194492914E-36,1.0541505918622372E-39,0,0,0,0,4,228,0,0,0,0
browse0.800000011920929_protectFalse_clear0,0,69,beech,0.077857241034507751,0,0,0,0,0.0010197772644460201,0,0,0,4,0,228,0,0,0,2.0048973560333252
browse0.800000011920929_protectFalse_clear0,0,70,sitka-spruce,7.9950909614562988,0.91181093454360962,0.91181093454360962,0,1.7765974998474121,0.023109961301088333,0,0,0,4,0,228,0,0,0,657.76483154296875
browse0.800000011920929_protectFalse_clear0,0,70,sessile-oak,3.2294041907059326E-37,0,0,0,1.292588195747795E-36,2.0663126765394455E-40,0,0,0,0,4,228,0,0,0,0
browse0.800000011920929_protectFalse_clear0,0,70,beech,0.0769260972738266,0,0,0,0,0.0009311409667134285,0,0,0,4,0,228,0,0,0,1.9925272464752197
browse0.800000011920929_protectFalse_clear0,0,71,sitka-spruce,7.2600593566894531,0.8858526349067688,0.8858526349067688,0,1.5990186929702759,0.021865803748369217,0,0,0,4,0,228,0,0,0,666.0982666015625
browse0.800000011920929_protectFalse_clear0,0,71,sessile-oak,6.4547579562267037E-38,0,0,0,2.5835235319309495E-37,4.0503130812844513E-41,0,0,0,0,4,228,0,0,0,0
browse0.800000011920929_protectFalse_clear0,0,71,beech,0.076086677610874176,0,0,0,0,0.00083941849879920483,0,0,0,4,0,228,0,0,0,1.9807039499282837
browse0.800000011920929_protectFalse_clear0,0,72,sitka-spruce,7.0684518814086914,1.2811685800552368,1.2811685800552368,0,1.4520117044448853,0.020764235407114029,0,0,0,4,0,226,2,0,0,1674.8853759765625
browse0.800000011920929_protectFalse_clear0,0,72,sessile-oak,1.2901576996133622E-38,0,0,0,5.1638061407736086E-38,7.9397570988644135E-42,0,0,0,0,4,226,2,0,0,0
browse0.800000011920929_protectFalse_clear0,0,72,beech,0.080229781568050385,0.0058392737992107868,0.0058392737992107868,0,0.00093100732192397118,0.00076516321860253811,0,0,0,4,0,226,2,0,0,4.9234781265258789
browse0.800000011920929_protectFalse_clear0,0,73,sitka-spruce,6.8806056976318359,1.2471972703933716,1.2471972703933716,0,1.4136902093887329,0.021353308111429214,0,0,0,4,0,226,2,0,0,1698.2352294921875
browse0.800000011920929_protectFalse_clear0,0,73,sessile-oak,2.5787591171522452E-39,0,0,0,1.0321261036387511E-38,1.5568425938648718E-42,0,0,0,0,4,226,2,0,0,0
browse0.800000011920929_protectFalse_clear0,0,73,beech,0.078685611486434937,0,0,0,0.0007337694987654686,0.00081040267832577229,0,0,0,4,0,226,2,0,0,1.958554744720459
browse0.800000011920929_protectFalse_clear0,0,74,sitka-spruce,6.7610878944396973,1.2783265113830566,1.2783265113830566,0,1.3761208057403564,0.021722890436649323,0,0,0,4,0,225,3,0,0,2577.13818359375
browse0.800000011920929_protectFalse_clear0,0,74,sessile-oak,5.1544662062491909E-40,0,0,0,2.0630070134621033E-39,3.0548306522281012E-43,0,0,0,0,4,225,3,0,0,0
browse0.800000011920929_protectFalse_clear0,0,74,beech,0.077356785535812378,0,0,0,0.00057884771376848221,0.00074997893534600735,0,0,0,4,0,225,3,0,0,1.9481619596481323
browse0.800000011920929_protectFalse_clear0,0,75,sitka-spruce,6.5729641914367676,1.1863298416137695,1.1863298416137695,0,1.3522183895111084,0.022235892713069916,0,0,0,4,0,224,4,0,0,1733.4156494140625
browse0.800000011920929_protectFalse_clear0,0,75,sessile-oak,1.0303046958948218E-40,0,0,0,4.1235729649993527E-40,5.8854535501642317E-44,0,0,0,0,4,224,4,0,0,0
browse0.800000011920929_protectFalse_clear0,0,75,beech,0.0762191191315651,0,0,0,0.00045703467912971973,0.0006806299788877368,0,0,0,4,0,224,4,0,0,0.48454663157463074
browse0.800000011920929_protectFalse_clear0,0,76,sitka-spruce,6.4153079986572266,1.1790459156036377,1.1790459156036377,0,1.314592719078064,0.022109583020210266,0,0,0,4,0,222,6,0,0,1744.9288330078125
browse0.800000011920929_protectFalse_clear0,0,76,sessile-oak,2.0594883530181836E-41,0,0,0,8.2422974373121415E-41,1.2611686178923354E-44,0,0,0,0,4,222,6,0,0,0
browse0.800000011920929_protectFalse_clear0,0,76,beech,0.07524380087852478,0,0,0,0.00036115606781095266,0.0006141619523987174,0,0,0,4,0,222,6,0,0,1.9286010265350342
browse0.800000011920929_protectFalse_clear0,0,77,sitka-spruce,6.2854318618774414,1.1752121448516846,1.1752121448516846,0,1.2830613851547241,0.022026591002941132,0,0,0,4,0,219,9,0,0,1754.6834716796875
browse0.800000011920929_protectFalse_clear0,0,77,sessile-oak,4.1184161866506374E-42,0,0,0,1.64764673435312E-41,0,0,0,0,0,4,219,9,0,0,0
browse0.800000011920929_protectFalse_clear0,0,77,beech,0.07440832257270813,0,0,0,0.00028561509680002928,0.00054986379109323025,0,0,0,4,0,219,9,0,0,1.9206099510192871
browse0.800000011920929_protectFalse_clear0,0,78,sitka-spruce,5.8499689102172852,0.84363752603530884,0.84363752603530884,0,1.2570863962173462,0.022014051675796509,0,0,0,4,0,215,13,0,0,706.13140869140625
browse0.800000011920929_protectFalse_clear0,0,78,sessile-oak,8.2256219855866762E-43,0,0,0,3.29585398809197E-42,0,0,0,0,0,4,215,13,0,0,0
browse0.800000011920929_protectFalse_clear0,0,78,beech,0.0737144947052002,0,0,0,0.00022604083642363548,0.0004677883698605001,0,0,0,4,0,215,13,0,0,4.0060925483703613
browse0.800000011920929_protectFalse_clear0,0,79,sitka-spruce,5.4950942993164063,0.83592140674591064,0.83592140674591064,0,1.1699936389923096,0.020802466198801994,0,0,0,4,0,211,17,0,0,709.72198486328125
browse0.800000011920929_protectFalse_clear0,0,79,sessile-oak,1.639519203260036E-43,0,0,0,6.58610278232664E-43,0,0,0,0,0,4,211,17,0,0,0
browse0.800000011920929_protectFalse_clear0,0,79,beech,0.078702554106712341,0.0055472226813435555,0.0055472226813435555,0,0.00017901480896398425,0.00038014276651665568,0,0,0,4,0,211,17,0,0,3.0415689945220947
browse0.800000011920929_protectFalse_clear0,0,80,sitka-spruce,5.5419373512268066,1.1656022071838379,1.1656022071838379,0,1.0990186929702759,0.019739884883165359,0,0,0,4,0,208,20,0,0,1792.672607421875
browse0.800000011920929_protectFalse_clear0,0,80,sessile-oak,3.2229864679470793E-44,0,0,0,1.317220556465328E-43,0,0,0,0,0,4,208,20,0,0,0
browse0.800000011920929_protectFalse_clear0,0,80,beech,0.078302398324012756,0,0,0,0,0.0004001602646894753,0,0,0,4,0,208,20,0,0,1.0359729528427124
browse0.800000011920929_protectFalse_clear0,0,81,sitka-spruce,5.3133487701416016,0.878984808921814,0.878984808921814,0,1.0872864723205566,0.020286973565816879,0,0,0,4,0,203,25,0,0,715.78253173828125
browse0.800000011920929_protectFalse_clear0,0,81,sessile-oak,7.0064923216240854E-45,0,0,0,2.5223372357846707E-44,0,0,0,0,0,4,203,25,0,0,0
browse0.800000011920929_protectFalse_clear0,0,81,beech,0.077975347638130188,0,0,0,0,0.00032704841578379273,0,0,0,4,0,203,25,0,0,0.25878933072090149
browse0.800000011920929_protectFalse_clear0,0,82,sitka-spruce,5.820744514465332,1.5370314121246338,1.5370314121246338,0,1.0097966194152832,0.019838955253362656,0,0,0,4,0,194,34,0,0,2631.6650390625
browse0.800000011920929_protectFalse_clear0,0,82,sessile-oak,1.4012984643248171E-45,0,0,0,5.6051938572992683E-45,0,0,0,0,0,4,194,34,0,0,0
browse0.800000011920929_protectFalse_clear0,0,82,beech,0.077700003981590271,0,0,0,0,0.00027534895343706012,0,0,0,4,0,194,34,0,0,0.73912668228149414
browse0.800000011920929_protectFalse_clear0,0,83,sitka-spruce,6.34547233581543,1.5982880592346191,1.5982880592346191,0,1.0513664484024048,0.022193990647792816,0,0,0,4,0,189,39,0,0,1763.7818603515625
browse0.800000011920929_protectFalse_clear0,0,83,sessile-oak,0,0,0,0,1.4012984643248171E-45,0,0,0,0,0,4,189,39,0,0,0
browse0.800000011920929_protectFalse_clear0,0,83,beech,0.07746800035238266,0,0,0,0,0.00023200386203825474,0,0,0,4,0,189,39,0,0,0.11546370387077332
browse0.800000011920929_protectFalse_clear0,0,84,sitka-spruce,6.8451323509216309,1.4928175210952759,1.4928175210952759,0,0.9680057168006897,0.025151873007416725,0,0,0,4,0,179,50,0,0,692.43121337890625
browse0.800000011920929_protectFalse_clear0,0,84,sessile-oak,0,0,0,0,0,0,0,0,0,0,4,179,50,0,0,0
browse0.800000011920929_protectFalse_clear0,0,84,beech,0.064325839281082153,0,0,0,0,0.00019956170581281185,0.012942598201334476,1,0,4,0,179,50,0,0,0.11591949313879013
browse0.800000011920929_protectFalse_clear0,0,85,sitka-spruce,7.9310731887817383,2.1073620319366455,2.1073620319366455,0,0.99403887987136841,0.027382710948586464,0,0,0,4,0,173,56,0,0,1735.58349609375
browse0.800000011920929_protectFalse_clear0,0,85,sessile-oak,0,0,0,0,0,0,0,0,0,0,4,173,56,0,0,0
browse0.800000011920929_protectFalse_clear0,0,85,beech,0.064135044813156128,0,0,0,0,0.00019079004414379597,0,0,0,4,0,173,56,0,0,0
browse0.800000011920929_protectFalse_clear0,0,86,sitka-spruce,9.43882942199707,2.5421004295349121,2.5421004295349121,0,1.00193190574646,0.0324116088449955,0,0,0,4,0,165,64,0,0,1710.6175537109375
browse0.800000011920929_protectFalse_clear0,0,86,sessile-oak,0,0,0,0,0,0,0,0,0,0,4,165,64,0,0,0
browse0.800000011920929_protectFalse_clear0,0,86,beech,0.063952699303627014,0,0,0,0,0.00018235226161777973,0,0,0,4,0,165,64,0,0,0
browse0.800000011920929_protectFalse_clear0,0,87,sitka-spruce,11.50279712677002,3.109304666519165,3.109304666519165,0,1.0061134099960327,0.039223778992891312,0,0,0,4,0,158,71,0,0,1688.14208984375
browse0.800000011920929_protectFalse_clear0,0,87,sessile-oak,0,0,0,0,0,0,0,0,0,0,4,158,71,0,0,0
browse0.800000011920929_protectFalse_clear0,0,87,beech,0.063778437674045563,0,0,0,0,0.000174257205799222,0,0,0,4,0,158,71,0,0,0
browse0.800000011920929_protectFalse_clear0,0,88,sitka-spruce,12.696417808532715,2.3239259719848633,2.3239259719848633,0,1.0822863578796387,0.048018824309110641,0,0,0,4,0,154,75,0,0,679.47705078125
browse0.800000011920929_protectFalse_clear0,0,88,sessile-oak,0,0,0,0,0,0,0,0,0,0,4,154,75,0,0,0
browse0.800000011920929_protectFalse_clear0,0,88,beech,0.0636119619011879,0,0,0,0,0.00016647554002702236,0,0,0,4,0,154,75,0,0,0
browse0.800000011920929_protectFalse_clear0,0,89,sitka-spruce,15.090747833251953,3.4979605674743652,3.3701450824737549,0.12781542539596558,0.9247204065322876,0.051095981150865555,0,0,0,4,0,147,82,0,0,1676.167724609375
browse0.800000011920929_protectFalse_clear0,0,89,sessile-oak,0,0,0,0,0,0,0,0,0,0,4,147,82,0,0,0
browse0.800000011920929_protectFalse_clear0,0,89,beech,0.058296073228120804,0,0,0,0.00515693100169301,0.0001589595340192318,0,0,0,4,0,147,82,0,0,0
browse0.800000011920929_protectFalse_clear0,0,90,sitka-spruce,17.048604965209961,3.5308122634887695,3.0564520359039307,0.47436034679412842,1.0410561561584473,0.057537637650966644,0,0,0,4,0,142,87,0,0,1673.7315673828125
browse0.800000011920929_protectFalse_clear0,0,90,sessile-oak,0,0,0,0,0,0,0,0,0,0,4,142,87,0,0,0
browse0.800000011920929_protectFalse_clear0,0,90,beech,0.050844185054302216,0,0,0,0.007317353505641222,0.00013453303836286068,0,0,0,4,0,142,87,0,0,0
browse0.800000011920929_protectFalse_clear0,0,91,sitka-spruce,18.838611602783203,3.8291616439819336,2.8279914855957031,1.0011701583862305,0.98038774728775024,0.057598579674959183,0,0,0,4,0,132,97,0,0,1611.060302734375
browse0.800000011920929_protectFalse_clear0,0,91,sessile-oak,0,0,0,0,0,0,0,0,0,0,4,132,97,0,0,0
browse0.800000011920929_protectFalse_clear0,0,91,beech,0.049235541373491287,0,0,0,0.0015041171573102474,0.00010452698916196823,0,0,0,4,0,132,97,0,0,0
browse0.800000011920929_protectFalse_clear0,0,92,sitka-spruce,21.142812728881836,4.5186862945556641,3.3346004486083984,1.1840859651565552,0.97264641523361206,0.057752948254346848,0,0,0,4,0,122,107,0,0,1549.2403564453125
browse0.800000011920929_protectFalse_clear0,0,92,sessile-oak,0,0,0,0,0,0,0,0,0,0,4,122,107,0,0,0
browse0.800000011920929_protectFalse_clear0,0,92,beech,0.047953646630048752,0,0,0,0.0012032934464514256,7.860083132982254E-05,0,0,0,4,0,122,107,0,0,0
browse0.800000011920929_protectFalse_clear0,0,93,sitka-spruce,22.697942733764648,3.4415595531463623,2.5760622024536133,0.86549711227416992,0.96065384149551392,0.060277286916971207,0,0,0,4,0,116,113,0,0,610.61480712890625
browse0.800000011920929_protectFalse_clear0,0,93,sessile-oak,0,0,0,0,0,0,0,0,0,0,4,116,113,0,0,0
browse0.800000011920929_protectFalse_clear0,0,93,beech,0.0479012057185173,0,0,0,0,5.2439048886299133E-05,0,0,0,4,0,116,113,0,0,0
browse0.800000011920929_protectFalse_clear0,0,94,sitka-spruce,24.083185195922852,3.3586139678955078,2.2855710983276367,1.0730432271957397,0.83681339025497437,0.063516139984130859,0,0,0,4,0,113,116,0,0,613.72418212890625
browse0.800000011920929_protectFalse_clear0,0,94,sessile-oak,0,0,0,0,0,0,0,0,0,0,4,113,116,0,0,0
browse0.800000011920929_protectFalse_clear0,0,94,beech,0.0478752963244915,0,0,0,0,2.5910325348377228E-05,0,0,0,4,0,113,116,0,0,0
browse0.800000011920929_protectFalse_clear0,0,95,sitka-spruce,25.317197799682617,3.3191664218902588,2.2304301261901855,1.0887361764907837,0.93454575538635254,0.061871170997619629,0,0,0,4,0,111,118,0,0,618.55657958984375
browse0.800000011920929_protectFalse_clear0,0,95,sessile-oak,0,0,0,0,0,0,0,0,0,0,4,111,118,0,0,0
browse0.800000011920929_protectFalse_clear0,0,95,beech,0.0478752963244915,0,0,0,0,0,0,0,0,4,0,111,118,0,0,0
browse0.800000011920929_protectFalse_clear0,0,96,sitka-spruce,27.856164932250977,5.7600173950195313,3.6477603912353516,2.1122572422027588,1.0005842447280884,0.059026733040809631,0.049181904643774033,2,0,4,0,110,123,0,0,2293.756591796875
browse0.800000011920929_protectFalse_clear0,0,96,sessile-oak,0,0,0,0,0,0,0,0,0,0,4,110,123,0,0,0
browse0.800000011920929_protectFalse_clear0,0,96,beech,0.022296689450740814,0,0,0,0.00096263480372726917,0,0.024615973234176636,2,0,4,0,110,123,0,0,0
browse0.800000011920929_protectFalse_clear0,0,97,sitka-spruce,28.626018524169922,3.7198917865753174,2.1996774673461914,1.5202142000198364,1.368935227394104,0.0608876571059227,0,0,0,4,0,104,129,0,0,608.78375244140625
browse0.800000011920929_protectFalse_clear0,0,97,sessile-oak,0,0,0,0,0,0,0,0,0,0,4,104,129,0,0,0
browse0.800000011920929_protectFalse_clear0,0,97,beech,0.021526580676436424,0,0,0,0.00077010784298181534,0,0,0,0,4,0,104,129,0,0,0
browse0.800000011920929_protectFalse_clear0,0,98,sitka-spruce,29.402561187744141,4.07396936416626,2.0929548740386963,1.9810149669647217,1.2616590261459351,0.054755151271820068,0,0,0,4,0,99,134,0,0,599.47442626953125
browse0.800000011920929_protectFalse_clear0,0,98,sessile-oak,0,0,0,0,0,0,0,0,0,0,4,99,134,0,0,0
browse0.800000011920929_protectFalse_clear0,0,98,beech,0.019730262458324432,0,0,0,0.0017963196150958538,0,0,0,0,4,0,99,134,0,0,0.0075912238098680973
browse0.800000011920929_protectFalse_clear0,0,99,sitka-spruce,30.655773162841797,6.6363682746887207,3.23482346534729,3.4015440940856934,1.0746382474899292,0.048500049859285355,0.85847187042236328,1,0,4,0,97,137,0,0,2241.36328125
browse0.800000011920929_protectFalse_clear0,0,99,sessile-oak,0,0,0,0,0,0,0,0,0,0,4,97,137,0,0,0
browse0.800000011920929_protectFalse_clear0,0,99,beech,0.019730262458324432,0,0,0,0,0,0,0,0,4,0,97,137,0,0,0.05303863063454628
browse0.800000011920929_protectFalse_clear0,0,100,sitka-spruce,32.367713928222656,6.1266603469848633,3.0234177112579346,3.1032423973083496,1.2236430644989014,0.050740692764520645,0.037094194442033768,2,0,4,0,95,141,0,0,1504.45361328125
browse0.800000011920929_protectFalse_clear0,0,100,sessile-oak,0,0,0,0,0,0,0,0,0,0,4,95,141,0,0,0
browse0.800000011920929_protectFalse_clear0,0,100,beech,0.019730262458324432,0,0,0,0,0,0,0,0,4,0,95,141,0,0,0
browse0.800000011920929_protectFalse_clear0,1,1,sitka-spruce,0.79615998268127441,0,0,0,0,0.003840029239654541,0,0,4,0,0,0,0,0,0,0
browse0.800000011920929_protectFalse_clear0,1,1,sessile-oak,0.774399995803833,0,0,0,0,0.025600016117095947,0,0,4,0,0,0,0,0,0,0
browse0.800000011920929_protectFalse_clear0,1,1,beech,0.78720003366470337,0,0,0,0,0.012799978256225586,0,0,4,0,0,0,0,0,0,0
browse0.800000011920929_protectFalse_clear0,1,2,sitka-spruce,0.79233843088150024,0,0,0,0,0.00382155179977417,0,0,4,0,0,0,0,0,0,0
browse0.800000011920929_protectFalse_clear0,1,2,sessile-oak,0.74961918592453,0,0,0,0,0.024780809879302979,0,0,4,0,0,0,0,0,0,0
browse0.800000011920929_protectFalse_clear0,1,2,beech,0.774604856967926,0,0,0,0,0.012595176696777344,0,0,4,0,0,0,0,0,0,0
browse0.800000011920929_protectFalse_clear0,1,3,sitka-spruce,0.79106462001800537,0,0,0,0,0.001273810863494873,0,0,4,0,0,0,0,0,0,0
browse0.800000011920929_protectFalse_clear0,1,3,sessile-oak,0.72563135623931885,0,0,0,0,0.023987829685211182,0,0,4,0,0,0,0,0,0,0
browse0.800000011920929_protectFalse_clear0,1,3,beech,0.76221120357513428,0,0,0,0,0.012393653392791748,0,0,4,0,0,0,0,0,0,0
browse0.800000011920929_protectFalse_clear0,1,4,sitka-spruce,0.79106462001800537,0,0,0,0,0,0,0,4,0,0,0,0,0,0,0
browse0.800000011920929_protectFalse_clear0,1,4,sessile-oak,0.70241117477416992,0,0,0,0,0.023220181465148926,0,0,4,0,0,0,0,0,0,0
browse0.800000011920929_protectFalse_clear0,1,4,beech,0.75001579523086548,0,0,0,0,0.012195408344268799,0,0,4,0,0,0,0,0,0,0
browse0.800000011920929_protectFalse_clear0,1,5,sitka-spruce,0.79106462001800537,0,0,0,0,0,0,0,4,0,0,0,0,0,0,0
browse0.800000011920929_protectFalse_clear0,1,5,sessile-oak,0.679934024810791,0,0,0,0,0.022477149963378906,0,0,4,0,0,0,0,0,0,0
browse0.800000011920929_protectFalse_clear0,1,5,beech,0.73801553249359131,0,0,0,0,0.01200026273727417,0,0,4,0,0,0,0,0,0,0
browse0.800000011920929_protectFalse_clear0,1,6,sitka-spruce,0.79106462001800537,0,0,0,0,0,0,0,4,0,0,0,0,0,0,0
browse0.800000011920929_protectFalse_clear0,1,6,sessile-oak,0.65817612409591675,0,0,0,0,0.021757900714874268,0,0,4,0,0,0,0,0,0,0
browse0.800000011920929_protectFalse_clear0,1,6,beech,0.7285689115524292,0,0,0,0,0.00944662094116211,0,0,4,0,0,0,0,0,0,0
browse0.800000011920929_protectFalse_clear0,1,7,sitka-spruce,0.79106462001800537,0,0,0,0,0,0,0,4,0,0,0,0,0,0,0
browse0.800000011920929_protectFalse_clear0,1,7,sessile-oak,0.63711446523666382,0,0,0,0,0.02106165885925293,0,0,4,0,0,0,0,0,0,0
browse0.800000011920929_protectFalse_clear0,1,7,beech,0.72408479452133179,0,0,0,0,0.0044841170310974121,0,0,4,0,0,0,0,0,0,0
browse0.800000011920929_protectFalse_clear0,1,8,sitka-spruce,0.79106462001800537,0,0,0,0,0,0,0,4,0,0,0,0,0,0,0
browse0.800000011920929_protectFalse_clear0,1,8,sessile-oak,0.616726815700531,0,0,0,0,0.020387649536132813,0,0,4,0,0,0,0,0,0,0
browse0.800000011920929_protectFalse_clear0,1,8,beech,0.72408479452133179,0,0,0,0,0,0,0,4,0,0,0,0,0,0,0
browse0.800000011920929_protectFalse_clear0,1,9,sitka-spruce,0.79106462001800537,0,0,0,0,0,0,0,4,0,0,1,0,0,0,0
browse0.800000011920929_protectFalse_clear0,1,9,sessile-oak,0.59699153900146484,0,0,0,0,0.019735276699066162,0,0,4,0,0,1,0,0,0,0
browse0.800000011920929_protectFalse_clear0,1,9,beech,0.72408479452133179,0,0,0,0,0,0,0,3,1,0,1,0,0,0,0
browse0.800000011920929_protectFalse_clear0,1,10,sitka-spruce,0.79106462001800537,0,0,0,0,0,0,0,4,0,0,1,0,0,0,0
browse0.800000011920929_protectFalse_clear0,1,10,sessile-oak,0.57788783311843872,0,0,0,0,0.019103705883026123,0,0,4,0,0,1,0,0,0,0
browse0.800000011920929_protectFalse_clear0,1,10,beech,0.72408479452133179,0,0,0,0,0,0,0,3,1,0,1,0,0,0,0
browse0.800000011920929_protectFalse_clear0,1,11,sitka-spruce,0.79106462001800537,0,0,0,0,0,0,0,0,4,0,6,0,0,0,0
browse0.800000011920929_protectFalse_clear0,1,11,sessile-oak,0.559395432472229,0,0,0,0,0.018492400646209717,0,0,4,0,0,6,0,0,0,0
browse0.800000011920929_protectFalse_clear0,1,11,beech,0.72408479452133179,0,0,0,0,0,0,0,2,2,0,6,0,0,0,0
browse0.800000011920929_protectFalse_clear0,1,12,sitka-spruce,0.79106462001800537,0,0,0,0,0,0,0,0,4,0,10,0,0,0,0
browse0.800000011920929_protectFalse_clear0,1,12,sessile-oak,0.54278385639190674,0,0,0,0.00095872581005096436,0.015652835369110107,0,0,4,0,0,10,0,0,0,0
browse0.800000011920929_protectFalse_clear0,1,12,beech,0.18102119863033295,0,0,0,0,0,0.54306358098983765,3,1,3,0,10,0,0,0,0
browse0.800000011920929_protectFalse_clear0,1,13,sitka-spruce,0.39553231000900269,0,0,0,0,0,0.39553231000900269,2,0,4,0,13,0,0,0,0
browse0.800000011920929_protectFalse_clear0,1,13,sessile-oak,0.50767266750335693,0,0,0,0.023003019392490387,0.012108169496059418,0,0,4,0,0,13,0,0,0,0
browse0.800000011920929_protectFalse_clear0,1,13,beech,0,0,0,0,0,0,0.18102119863033295,1,1,3,0,13,0,0,0,0
browse0.800000011920929_protectFalse_clear0,1,14,sitka-spruce,0.15821292996406555,0,0,0,0.039553225040435791,0,0.19776615500450134,1,0,4,0,14,0,0,0,0
browse0.800000011920929_protectFalse_clear0,1,14,sessile-oak,0.41514080762863159,0,0,0,0.08420909196138382,0.00832279771566391,0,0,3,0,1,14,0,0,0,0
browse0.800000011920929_protectFalse_clear0,1,14,beech,0,0,0,0,0,0,0,0,1,3,0,14,0,0,0,0
browse0.800000011920929_protectFalse_clear0,1,15,sitka-spruce,0.12657034397125244,0,0,0,0.03164258599281311,0,0,0,0,4,0,14,0,0,0,0
browse0.800000011920929_protectFalse_clear0,1,15,sessile-oak,0.311596542596817,0,0,0,0.098517611622810364,0.0050266534090042114,0,0,3,0,1,14,0,0,0,0
browse0.800000011920929_protectFalse_clear0,1,15,beech,0,0,0,0,0,0,0,0,1,3,0,14,0,0,0,0
browse0.800000011920929_protectFalse_clear0,1,16,sitka-spruce,0.10125627368688583,0,0,0,0.025314070284366608,0,0,0,0,4,0,15,0,0,0,0
browse0.800000011920929_protectFalse_clear0,1,16,sessile-oak,0.22768229246139526,0,0,0,0.081413418054580688,0.0025008320808410645,0,0,2,0,2,15,0,0,0,0
browse0.800000011920929_protectFalse_clear0,1,16,beech,0,0,0,0,0,0,0,0,0,4,0,15,0,0,0,0
browse0.800000011920929_protectFalse_clear0,1,17,sitka-spruce,0.0810050219297409,0,0,0,0.020251251757144928,0,0,0,0,4,0,15,0,0,0,0
browse0.800000011920929_protectFalse_clear0,1,17,sessile-oak,0.13070560991764069,0,0,0,0.09594939649105072,0.001027274876832962,0,0,1,0,3,15,0,0,0,0
browse0.800000011920929_protectFalse_clear0,1,17,beech,0,0,0,0,0,0,0,0,0,4,0,15,0,0,0,0
browse0.800000011920929_protectFalse_clear0,1,18,sitka-spruce,0.064804017543792725,0,0,0,0.016201004385948181,0,0,0,0,4,0,15,0,0,0,0
browse0.800000011920929_protectFalse_clear0,1,18,sessile-oak,0.066493324935436249,0,0,0,0.063809335231781,0.000402944628149271,0,0,1,0,3,15,0,0,0,0
browse0.800000011920929_protectFalse_clear0,1,18,beech,0,0,0,0,0,0,0,0,0,4,0,15,0,0,0,0
browse0.800000011920929_protectFalse_clear0,1,19,sitka-spruce,0.051843214780092239,0,0,0,0.012960802763700485,0,0,0,0,4,0,15,0,0,0,0
browse0.800000011920929_protectFalse_clear0,1,19,sessile-oak,0.029489930719137192,0,0,0,0.036869395524263382,0.00013400078751146793,0,0,0,0,4,15,0,0,0,0
browse0.800000011920929_protectFalse_clear0,1,19,beech,0,0,0,0,0,0,0,0,0,4,0,15,0,0,0,0
browse0.800000011920929_protectFalse_clear0,1,20,sitka-spruce,0.041474573314189911,0,0,0,0.010368641465902328,0,0,0,0,4,0,15,0,0,0,1.1005549430847168
browse0.800000011920929_protectFalse_clear0,1,20,sessile-oak,0.011203561909496784,0,0,0,0.018248284235596657,3.8085127016529441E-05,0,0,0,0,4,15,0,0,0,0
browse0.800000011920929_protectFalse_clear0,1,20,beech,0,0,0,0,0,0,0,0,0,4,0,15,0,0,0,0
browse0.800000011920929_protectFalse_clear0,1,21,sitka-spruce,0.084820747375488281,0.051641084253787994,0.051641084253787994,0,0.0082949139177799225,0,0,0,0,4,0,15,0,0,0,7.5591230392456055
browse0.800000011920929_protectFalse_clear0,1,21,sessile-oak,0.0036462300922721624,0,0,0,0.0075482763350009918,9.0552130131982267E-06,0,0,0,0,4,15,0,0,0,0
browse0.800000011920929_protectFalse_clear0,1,21,beech,0,0,0,0,0,0,0,0,0,4,0,15,0,0,0,0
browse0.800000011920929_protectFalse_clear0,1,22,sitka-spruce,0.76813650131225586,0.69019955396652222,0.69019955396652222,0,0.0066359322518110275,0.0002478770911693573,0,0,0,4,0,15,0,0,0,18.871364593505859
browse0.800000011920929_protectFalse_clear0,1,22,sessile-oak,0.0010272534564137459,0,0,0,0.0026170592755079269,1.9173930922988802E-06,0,0,0,0,4,15,0,0,0,0
browse0.800000011920929_protectFalse_clear0,1,22,beech,0,0,0,0,0,0,0,0,0,4,0,15,0,0,0,0
browse0.800000011920929_protectFalse_clear0,1,23,sitka-spruce,1.4130681753158569,0.65380007028579712,0.65380007028579712,0,0.0053087454289197922,0.0035596443340182304,0,0,0,4,0,15,0,0,0,17.859664916992188
browse0.800000011920929_protectFalse_clear0,1,23,sessile-oak,0.00023970566689968109,0,0,0,0.00078716594725847244,3.8182975004019681E-07,0,0,0,0,4,15,0,0,0,0
browse0.800000011920929_protectFalse_clear0,1,23,beech,0,0,0,0,0,0,0,0,0,4,0,15,0,0,0,0
browse0.800000011920929_protectFalse_clear0,1,24,sitka-spruce,2.2563345432281494,0.85406816005706787,0.85406816005706787,0,0.0042469967156648636,0.0065546473488211632,0,0,0,4,0,15,0,0,0,23.428703308105469
browse0.800000011920929_protectFalse_clear0,1,24,sessile-oak,4.8102083383128047E-05,0,0,0,0.00019152875756844878,7.482930186597514E-08,0,0,0,0,4,15,0,0,0,0
browse0.800000011920929_protectFalse_clear0,1,24,beech,0,0,0,0,0,0,0,0,0,4,0,15,0,0,0,0
browse0.800000011920929_protectFalse_clear0,1,25,sitka-spruce,3.8218255043029785,1.5778160095214844,1.5778160095214844,0,0.003397597000002861,0.008927423506975174,0,0,0,4,0,15,0,0,0,43.9703254699707
browse0.800000011920929_protectFalse_clear0,1,25,sessile-oak,9.60575562203303E-06,0,0,0,3.8481666706502438E-05,1.4661608815913496E-08,0,0,0,0,4,15,0,0,0,0
browse0.800000011920929_protectFalse_clear0,1,25,beech,0,0,0,0,0,0,0,0,0,4,0,15,0,0,0,0
browse0.800000011920929_protectFalse_clear0,1,26,sitka-spruce,5.0894246101379395,1.2834445238113403,1.2834445238113403,0,0.0027180779725313187,0.013127982616424561,0,0,0,4,0,15,0,0,0,35.533515930175781
browse0.800000011920929_protectFalse_clear0,1,26,sessile-oak,1.9182782580173807E-06,0,0,0,7.6846044976264238E-06,2.8727242806780851E-09,0,0,0,0,4,15,0,0,0,0
browse0.800000011920929_protectFalse_clear0,1,26,beech,0,0,0,0,0,0,0,0,0,4,0,15,0,0,0,0
browse0.800000011920929_protectFalse_clear0,1,27,sitka-spruce,5.6886858940124512,0.6171574592590332,0.6171574592590332,0,0.00217446219176054,0.015721462666988373,0,0,0,4,0,15,0,0,0,16.841154098510742
browse0.800000011920929_protectFalse_clear0,1,27,sessile-oak,3.8309278238557454E-07,0,0,0,1.5346226973633748E-06,5.6287374761154751E-10,0,0,0,0,4,15,0,0,0,0
browse0.800000011920929_protectFalse_clear0,1,27,beech,0,0,0,0,0,0,0,0,0,4,0,15,0,0,0,0
browse0.800000011920929_protectFalse_clear0,1,28,sitka-spruce,7.4280405044555664,1.7527278661727905,1.7527278661727905,0,0.0017395694740116596,0.011633777059614658,0,0,0,4,0,15,0,0,0,49.031902313232422
browse0.800000011920929_protectFalse_clear0,1,28,sessile-oak,7.6508271718012111E-08,0,0,0,3.0647422022411774E-07,1.1028900015475074E-10,0,0,0,0,4,15,0,0,0,0
browse0.800000011920929_protectFalse_clear0,1,28,beech,0,0,0,0,0,0,0,0,0,4,0,15,0,0,0,0
browse0.800000011920929_protectFalse_clear0,1,29,sitka-spruce,9.41711711883545,2.002300500869751,2.002300500869751,0,0.0013916557654738426,0.011832298710942268,0,0,0,4,0,15,0,0,0,56.327583312988281
browse0.800000011920929_protectFalse_clear0,1,29,sessile-oak,1.5280043896837014E-08,0,0,0,6.1206620216580632E-08,2.1610102596270053E-11,0,0,0,0,4,15,0,0,0,0
browse0.800000011920929_protectFalse_clear0,1,29,beech,0,0,0,0,0,0,0,0,0,4,0,15,0,0,0,0
browse0.800000011920929_protectFalse_clear0,1,30,sitka-spruce,12.535545349121094,3.1398777961730957,3.1398777961730957,0,0.0011133244261145592,0.02033538930118084,0,0,0,4,0,15,0,0,0,90.670158386230469
browse0.800000011920929_protectFalse_clear0,1,30,sessile-oak,3.0517746107960875E-09,0,0,0,1.2224036005648031E-08,4.2343385742160677E-12,0,0,0,0,4,15,0,0,0,0
browse0.800000011920929_protectFalse_clear0,1,30,beech,0,0,0,0,0,0,0,0,0,4,0,15,0,0,0,0
browse0.800000011920929_protectFalse_clear0,1,31,sitka-spruce,15.726564407348633,3.2231693267822266,3.2231693267822266,0,0.0008906596340239048,0.031260225921869278,0,0,0,4,0,15,0,0,0,93.25775146484375
browse0.800000011920929_protectFalse_clear0,1,31,sessile-oak,6.0952520808399413E-10,0,0,0,2.441419733045791E-09,8.2969351875017416E-13,0,0,0,0,4,15,0,0,0,0
browse0.800000011920929_protectFalse_clear0,1,31,beech,0,0,0,0,0,0,0,0,0,4,0,15,0,0,0,0
browse0.800000011920929_protectFalse_clear0,1,32,sitka-spruce,17.952657699584961,2.2592391967773438,2.2592391967773438,0,0.00071252766065299511,0.03243337944149971,0,0,0,4,0,15,0,0,0,63.9202880859375
browse0.800000011920929_protectFalse_clear0,1,32,sessile-oak,1.2174247721041809E-10,0,0,0,4.876201664671953E-10,1.6257535682268065E-13,0,0,0,0,4,15,0,0,0,0
browse0.800000011920929_protectFalse_clear0,1,32,beech,0,0,0,0,0,0,0,0,0,4,0,15,0,0,0,0
browse0.800000011920929_protectFalse_clear0,1,33,sitka-spruce,18.871129989624023,0.95599043369293213,0.95599043369293213,0,0.00057002226822078228,0.036949001252651215,0,0,0,4,0,15,0,0,0,26.274633407592773
browse0.800000011920929_protectFalse_clear0,1,33,sessile-oak,2.4316637245447303E-11,0,0,0,9.7393974829440566E-11,3.18562721774579E-14,0,0,0,0,4,15,0,0,0,0
browse0.800000011920929_protectFalse_clear0,1,33,beech,0,0,0,0,0,0,0,0,0,4,0,15,0,0,0,0
browse0.800000011920929_protectFalse_clear0,1,34,sitka-spruce,19.8314151763916,0.9813617467880249,0.9813617467880249,0,0.00045601767487823963,0.02061949111521244,0,0,0,4,0,15,0,0,0,26.986415863037109
browse0.800000011920929_protectFalse_clear0,1,34,sessile-oak,4.8570852201335057E-12,0,0,0,1.9453310490247233E-11,6.2422194691859334E-15,0,0,0,0,4,15,0,0,0,0
browse0.800000011920929_protectFalse_clear0,1,34,beech,0,0,0,0,0,0,0,0,0,4,0,15,0,0,0,0
browse0.800000011920929_protectFalse_clear0,1,35,sitka-spruce,20.524347305297852,1.0068372488021851,1.0068372488021851,0,0.00036481418646872044,0.00599387101829052,0.30754742026329041,19,0,4,0,34,0,0,0,27.701868057250977
browse0.800000011920929_protectFalse_clear0,1,35,sessile-oak,9.701939772399637E-13,0,0,0,3.8856682628429784E-12,1.2231723270426757E-15,0,0,0,0,4,34,0,0,0,0
browse0.800000011920929_protectFalse_clear0,1,35,beech,0,0,0,0,0,0,0,0,0,4,0,34,0,0,0,0
browse0.800000011920929_protectFalse_clear0,1,36,sitka-spruce,21.479867935180664,1.0556882619857788,1.0556882619857788,0,0.00029185134917497635,0.010797921568155289,0.089076995849609375,1,0,4,0,35,0,0,0,28.412254333496094
browse0.800000011920929_protectFalse_clear0,1,36,sessile-oak,1.9379910545271051E-13,0,0,0,7.7615512758186234E-13,2.3968427780983893E-16,0,0,0,0,4,35,0,0,0,0
browse0.800000011920929_protectFalse_clear0,1,36,beech,0,0,0,0,0,0,0,0,0,4,0,35,0,0,0,0
browse0.800000011920929_protectFalse_clear0,1,37,sitka-spruce,19.045829772949219,1.0821328163146973,1.0821328163146973,0,0.00023348105605691671,0.01366295013576746,3.502274751663208,40,0,4,0,75,0,0,0,29.114782333374023
browse0.800000011920929_protectFalse_clear0,1,37,sessile-oak,3.8712854807682745E-14,0,0,0,1.5503928436216841E-13,4.6967500469218123E-17,0,0,0,0,4,75,0,0,0,0
browse0.800000011920929_protectFalse_clear0,1,37,beech,0,0,0,0,0,0,0,0,0,4,0,75,0,0,0,0
browse0.800000011920929_protectFalse_clear0,1,38,sitka-spruce,19.019412994384766,1.1645952463150024,1.1645952463150024,0,0.0001867848914116621,0.016128195449709892,1.174695611000061,19,0,4,0,94,0,0,0,29.719905853271484
browse0.800000011920929_protectFalse_clear0,1,38,sessile-oak,7.7333676097514521E-15,0,0,0,3.097028249089348E-14,9.20358207217941E-18,0,0,0,0,4,94,0,0,0,0
browse0.800000011920929_protectFalse_clear0,1,38,beech,0,0,0,0,0,0,0,0,0,4,0,94,0,0,0,0
browse0.800000011920929_protectFalse_clear0,1,39,sitka-spruce,21.770902633666992,2.7607212066650391,2.7607212066650391,0,0.00014942791312932968,0.009083133190870285,0,0,0,4,0,94,0,0,0,75.804763793945313
browse0.800000011920929_protectFalse_clear0,1,39,sessile-oak,1.5448700405748203E-15,0,0,0,6.1866939183945723E-15,1.8035233962452926E-18,0,0,0,0,4,94,0,0,0,0
browse0.800000011920929_protectFalse_clear0,1,39,beech,0,0,0,0,0,0,0,0,0,4,0,94,0,0,0,0
browse0.800000011920929_protectFalse_clear0,1,40,sitka-spruce,22.7379093170166,1.1488441228866577,1.1488441228866577,0,0.0001195422955788672,0.019536085426807404,0.16218209266662598,2,0,4,0,96,0,0,0,30.924079895019531
browse0.800000011920929_protectFalse_clear0,1,40,sessile-oak,3.0862058361772219E-16,0,0,0,1.2358960324598562E-15,3.5341912056787522E-19,0,0,0,0,4,96,0,0,0,0
browse0.800000011920929_protectFalse_clear0,1,40,beech,0,0,0,0,0,0,0,0,0,4,0,96,0,0,0,0.046109452843666077
browse0.800000011920929_protectFalse_clear0,1,41,sitka-spruce,22.5230655670166,2.7480642795562744,2.7480642795562744,0,9.563384810462594E-05,0.022850325331091881,2.9399628639221191,39,0,4,0,135,0,0,0,78.775131225585938
browse0.800000011920929_protectFalse_clear0,1,41,sessile-oak,6.1654859868705579E-17,0,0,0,2.4689644571835407E-16,6.9256627364191364E-20,0,0,0,0,4,135,0,0,0,0
browse0.800000011920929_protectFalse_clear0,1,41,beech,0,0,0,0,0,0,0,0,0,4,0,135,0,0,0,0.046508766710758209
browse0.800000011920929_protectFalse_clear0,1,42,sitka-spruce,24.102165222167969,2.4545857906341553,2.4545857906341553,0,7.6507072662934661E-05,0.031147204339504242,0.84426212310791016,5,0,4,0,140,0,0,0,80.044181823730469
browse0.800000011920929_protectFalse_clear0,1,42,sessile-oak,1.2317400917739326E-17,0,0,0,4.9323889880197933E-17,1.3571810804098948E-20,0,0,0,0,4,140,0,0,0,0
browse0.800000011920929_protectFalse_clear0,1,42,beech,0,0,0,0,0,0,0,0,0,4,0,140,0,0,0,0.32122611999511719
browse0.800000011920929_protectFalse_clear0,1,43,sitka-spruce,23.880115509033203,2.7324581146240234,2.7324581146240234,0,6.1205675592646E-05,0.022899854928255081,2.931546688079834,17,0,4,0,157,0,0,0,96.273506164550781
browse0.800000011920929_protectFalse_clear0,1,43,sessile-oak,2.4608205497243234E-18,0,0,0,9.8539205687553381E-18,2.6596070047953273E-21,0,0,0,0,4,157,0,0,0,0
browse0.800000011920929_protectFalse_clear0,1,43,beech,0,0,0,0,0,0,0,0,0,4,0,157,0,0,0,0.1130361333489418
browse0.800000011920929_protectFalse_clear0,1,44,sitka-spruce,22.107625961303711,2.7503159046173096,2.7503159046173096,0,0.07494354248046875,0.028061762452125549,4.4197998046875,26,0,4,0,183,0,0,0,112.44594573974609
browse0.800000011920929_protectFalse_clear0,1,44,sessile-oak,4.9164291378065268E-19,0,0,0,1.9686565638565506E-18,5.211964873294326E-22,0,0,0,0,4,183,0,0,0,0
browse0.800000011920929_protectFalse_clear0,1,44,beech,0,0,0,0,0,0,0,0,0,4,0,183,0,0,0,0.578788697719574
browse0.800000011920929_protectFalse_clear0,1,45,sitka-spruce,24.116445541381836,2.9706954956054688,2.9706954956054688,0,0.061819840222597122,0.039110593497753143,0.86094450950622559,5,0,4,0,188,0,0,0,159.99336242675781
browse0.800000011920929_protectFalse_clear0,1,45,sessile-oak,9.8226444045056136E-20,0,0,0,3.9331435170403745E-19,1.0213852932084676E-22,0,0,0,0,4,188,0,0,0,0
browse0.800000011920929_protectFalse_clear0,1,45,beech,0,0,0,0,0,0,0,0,0,4,0,188,0,0,0,0.69967907667160034
browse0.800000011920929_protectFalse_clear0,1,46,sitka-spruce,25.15179443359375,1.532605767250061,1.532605767250061,0,0.10642068088054657,0.045684050768613815,0.3451535701751709,2,0,4,0,190,0,0,0,87.9393310546875
browse0.800000011920929_protectFalse_clear0,1,46,sessile-oak,1.9625273623126858E-20,0,0,0,7.8581156528514616E-20,2.0016215821166898E-23,0,0,0,0,4,190,0,0,0,0
browse0.800000011920929_protectFalse_clear0,1,46,beech,0,0,0,0,0,0,0,0,0,4,0,190,0,0,0,0.20418575406074524
browse0.800000011920929_protectFalse_clear0,1,47,sitka-spruce,27.9888858795166,3.8207623958587646,3.8207623958587646,0,0.612702488899231,0.040239006280899048,0.33072894811630249,5,0,4,0,195,0,0,0,279.54278564453125
browse0.800000011920929_protectFalse_clear0,1,47,sessile-oak,3.921132159843637E-21,0,0,0,1.5700219221618913E-20,3.9226392502040692E-24,0,0,0,0,4,195,0,0,0,0
browse0.800000011920929_protectFalse_clear0,1,47,beech,0,0,0,0,0,0,0,0,0,4,0,195,0,0,0,0.93058538436889648
browse0.800000011920929_protectFalse_clear0,1,48,sitka-spruce,28.12785530090332,1.7972604036331177,1.7972604036331177,0,1.0066981315612793,0.04688301682472229,0.604709804058075,8,0,4,0,203,0,0,0,135.76914978027344
browse0.800000011920929_protectFalse_clear0,1,48,sessile-oak,7.834577255130017E-22,0,0,0,3.1369055663161962E-21,7.6873706352882379E-25,0,0,0,0,4,203,0,0,0,0
browse0.800000011920929_protectFalse_clear0,1,48,beech,0,0,0,0,0,0,0,0,0,4,0,203,0,0,0,1.0410996675491333
browse0.800000011920929_protectFalse_clear0,1,49,sitka-spruce,27.958589553833008,1.8080013990402222,1.8080013990402222,0,1.3568313121795654,0.044793732464313507,0.57564109563827515,8,0,4,0,211,0,0,0,170.05130004882813
browse0.800000011920929_protectFalse_clear0,1,49,sessile-oak,1.5654088907800996E-22,0,0,0,6.2676617031298177E-22,1.5065428909639317E-25,0,0,0,0,4,211,0,0,0,0
browse0.800000011920929_protectFalse_clear0,1,49,beech,0,0,0,0,0,0,0,0,0,4,0,211,0,0,0,1.1477408409118652
browse0.800000011920929_protectFalse_clear0,1,50,sitka-spruce,30.423873901367188,4.262331485748291,4.262331485748291,0,1.6842725276947021,0.044687148183584213,0.068088382482528687,1,0,4,0,212,0,0,0,765.79718017578125
browse0.800000011920929_protectFalse_clear0,1,50,sessile-oak,3.1278653591818827E-23,0,0,0,1.2523270368934327E-22,2.952494361873969E-26,0,0,0,0,4,212,0,0,0,0
browse0.800000011920929_protectFalse_clear0,1,50,beech,0,0,0,0,0,0,0,0,0,4,0,212,0,0,0,0.31274056434631348
browse0.800000011920929_protectFalse_clear0,1,51,sitka-spruce,29.875146865844727,1.6761586666107178,1.6761586666107178,0,1.960638165473938,0.053266216069459915,0.21098035573959351,3,0,4,0,215,0,0,0,242.62580871582031
browse0.800000011920929_protectFalse_clear0,1,51,sessile-oak,6.2499441869656978E-24,0,0,0,2.5022921926821976E-23,5.78631939169941E-27,0,0,0,0,4,215,0,0,0,0
browse0.800000011920929_protectFalse_clear0,1,51,beech,0,0,0,0,0,0,0,0,0,4,0,215,0,0,0,1.3517106771469116
browse0.800000011920929_protectFalse_clear0,1,52,sitka-spruce,31.025976181030273,3.7224361896514893,3.7224361896514893,0,2.1611332893371582,0.050969980657100677,0.35950374603271484,4,0,4,0,219,0,0,0,1089.27490234375
browse0.800000011920929_protectFalse_clear0,1,52,sessile-oak,1.248854869563407E-24,0,0,0,4.9999554284586488E-24,1.1340129735304704E-27,0,0,0,0,4,219,0,0,0,0
browse0.800000011920929_protectFalse_clear0,1,52,beech,0.027771767228841782,0.027771765366196632,0.027771765366196632,0,0,0,0,0,0,4,0,219,0,0,0,3.62642502784729
browse0.800000011920929_protectFalse_clear0,1,53,sitka-spruce,29.790109634399414,2.8377628326416016,2.8091416358947754,0.028621211647987366,3.9868471622467041,0.058161299675703049,0,0,0,4,0,219,0,0,0,829.9990234375
browse0.800000011920929_protectFalse_clear0,1,53,sessile-oak,2.4954872714377735E-25,0,0,0,9.9908385620768033E-25,2.2224788594341493E-28,0,0,0,0,4,219,0,0,0,0
browse0.800000011920929_protectFalse_clear0,1,53,beech,0.027327418327331543,0,0,0,0,0.00044434797018766403,0,0,0,4,0,219,0,0,0,1.5467109680175781
browse0.800000011920929_protectFalse_clear0,1,54,sitka-spruce,27.532817840576172,1.5910208225250244,1.4318990707397461,0.15912172198295593,3.4914801120758057,0.060459226369857788,0.13725171983242035,1,0,4,0,220,0,0,0,373.96115112304688
browse0.800000011920929_protectFalse_clear0,1,54,sessile-oak,4.9866190446025955E-26,0,0,0,1.9963898911059287E-25,4.3557481623617957E-29,0,0,0,0,4,220,0,0,0,0
browse0.800000011920929_protectFalse_clear0,1,54,beech,0.026890179142355919,0,0,0,0,0.00043723871931433678,0,0,0,4,0,220,0,0,0,0.41033542156219482
browse0.800000011920929_protectFalse_clear0,1,55,sitka-spruce,26.541641235351563,2.4675204753875732,2.1800341606140137,0.28748637437820435,2.956254243850708,0.053621832281351089,0.16133362054824829,2,0,4,0,222,0,0,0,1012.2835083007813
browse0.800000011920929_protectFalse_clear0,1,55,sessile-oak,9.9647014432452934E-27,0,0,0,3.9892951740523182E-26,8.5366965155585753E-30,0,0,0,0,4,222,0,0,0,0
browse0.800000011920929_protectFalse_clear0,1,55,beech,0.026459936052560806,0,0,0,0,0.00043024308979511261,0,0,0,4,0,222,0,0,0,0.43365585803985596
browse0.800000011920929_protectFalse_clear0,1,56,sitka-spruce,24.572345733642578,1.3440713882446289,1.253935694694519,0.090135738253593445,3.1705052852630615,0.052726760506629944,0,0,0,4,0,222,0,0,0,431.57388305664063
browse0.800000011920929_protectFalse_clear0,1,56,sessile-oak,1.9912673103435673E-27,0,0,0,7.9717614627450258E-27,1.6730974724067253E-30,0,0,0,0,4,222,0,0,0,0
browse0.800000011920929_protectFalse_clear0,1,56,beech,0.026036577299237251,0,0,0,0,0.0004233592189848423,0,0,0,4,0,222,0,0,0,0.45657026767730713
browse0.800000011920929_protectFalse_clear0,1,57,sitka-spruce,23.610851287841797,2.1373970508575439,2.0099375247955322,0.12745939195156097,2.9257261753082275,0.045705299824476242,0,0,0,4,0,222,0,0,0,1155.1077880859375
browse0.800000011920929_protectFalse_clear0,1,57,sessile-oak,3.9792555805120694E-28,0,0,0,1.5930137904969555E-27,3.2791233060255882E-31,0,0,0,0,4,222,0,0,0,0
browse0.800000011920929_protectFalse_clear0,1,57,beech,0.0256199911236763,0,0,0,0,0.00041658524423837662,0,0,0,4,0,222,0,0,0,0.47921270132064819
browse0.800000011920929_protectFalse_clear0,1,58,sitka-spruce,22.61248779296875,2.2857863903045654,1.8681005239486694,0.41768604516983032,2.8237125873565674,0.042752660810947418,0,0,0,4,0,222,0,0,0,1848.5279541015625
browse0.800000011920929_protectFalse_clear0,1,58,sessile-oak,7.9520846939115832E-29,0,0,0,3.1834045125579042E-28,6.426836687979532E-32,0,0,0,0,4,222,0,0,0,0
browse0.800000011920929_protectFalse_clear0,1,58,beech,0.050421666353940964,0.025211594998836517,0.025211594998836517,0,0,0.00040992023423314095,0,0,0,4,0,222,0,0,0,5.0160799026489258
browse0.800000011920929_protectFalse_clear0,1,59,sitka-spruce,21.490987777709961,2.0029683113098145,1.4930208921432495,0.50994724035263062,2.5614426136016846,0.040900964289903641,0.012177305296063423,1,0,4,0,223,0,0,0,1285.70947265625
browse0.800000011920929_protectFalse_clear0,1,59,sessile-oak,1.5891573204133766E-29,0,0,0,6.361667394017402E-29,1.2596291834880419E-32,0,0,0,0,4,223,0,0,0,0
browse0.800000011920929_protectFalse_clear0,1,59,beech,0.063605792820453644,0.025780070573091507,0.013990875333547592,0.011789195239543915,0,0.00080674700438976288,0,0,0,4,0,223,0,0,0,5.2377786636352539
browse0.800000011920929_protectFalse_clear0,1,60,sitka-spruce,19.975625991821289,1.8991632461547852,1.4607710838317871,0.4383920431137085,2.5352222919464111,0.037933405488729477,0.40297740697860718,2,0,4,0,225,0,0,0,1345.7247314453125
browse0.800000011920929_protectFalse_clear0,1,60,sessile-oak,3.175845688916015E-30,0,0,0,1.2713257660527352E-29,2.4688261328427552E-33,0,0,0,0,4,225,0,0,0,0
browse0.800000011920929_protectFalse_clear0,1,60,beech,0.062588103115558624,0,0,0,0,0.0010176931973546743,0,0,0,4,0,225,0,0,0,2.1491813659667969
browse0.800000011920929_protectFalse_clear0,1,61,sitka-spruce,19.321012496948242,1.9410990476608276,1.6776359081268311,0.26346310973167419,2.2961933612823486,0.036055609583854675,0,0,0,4,0,225,0,0,0,2092.423828125
browse0.800000011920929_protectFalse_clear0,1,61,sessile-oak,6.3468527609654012E-31,0,0,0,2.5406766263644504E-30,4.8388380065034812E-34,0,0,0,0,4,225,0,0,0,0
browse0.800000011920929_protectFalse_clear0,1,61,beech,0.061586692929267883,0,0,0,0,0.0010014091385528445,0,0,0,4,0,225,0,0,0,2.1294865608215332
browse0.800000011920929_protectFalse_clear0,1,62,sitka-spruce,18.368228912353516,1.7353416681289673,1.502902626991272,0.23243902623653412,2.42008900642395,0.0355985201895237,0,0,0,4,0,225,0,0,0,1423.8203125
browse0.800000011920929_protectFalse_clear0,1,62,sessile-oak,1.2684221163310628E-31,0,0,0,5.0774820206932248E-31,9.48414097004865E-35,0,0,0,0,4,225,0,0,0,0
browse0.800000011920929_protectFalse_clear0,1,62,beech,0.079459980130195618,0.023582996800541878,0.018858673050999641,0.004724323283880949,0,0.00098538713064044714,0,0,0,4,0,225,0,0,0,5.2773594856262207
browse0.800000011920929_protectFalse_clear0,1,63,sitka-spruce,17.513044357299805,1.680561900138855,1.4051131010055542,0.27544859051704407,2.202488899230957,0.034730009734630585,0.02307923324406147,1,0,4,0,226,0,0,0,1453.3604736328125
browse0.800000011920929_protectFalse_clear0,1,63,sessile-oak,2.5349855997693229E-32,0,0,0,1.0147377400846243E-31,1.8589042666938068E-35,0,0,0,0,4,226,0,0,0,0
browse0.800000011920929_protectFalse_clear0,1,63,beech,0.078188613057136536,0,0,0,0,0.0012713600881397724,0,0,0,4,0,226,0,0,0,2.0934445858001709
browse0.800000011920929_protectFalse_clear0,1,64,sitka-spruce,15.587469100952148,1.0848885774612427,1.015249490737915,0.069639116525650024,2.9083900451660156,0.032435063272714615,0,0,0,4,0,226,0,0,0,594.594970703125
browse0.800000011920929_protectFalse_clear0,1,64,sessile-oak,5.0663277547982722E-33,0,0,0,2.0279884210407408E-32,3.6435302621794773E-36,0,0,0,0,4,226,0,0,0,0
browse0.800000011920929_protectFalse_clear0,1,64,beech,0.07693760097026825,0,0,0,0,0.0012510181404650211,0,0,0,4,0,226,0,0,0,2.076674222946167
browse0.800000011920929_protectFalse_clear0,1,65,sitka-spruce,13.395028114318848,1.0576261281967163,1.0065217018127441,0.051104523241519928,2.8174929618835449,0.028790757060050964,0.35267719626426697,1,0,4,0,227,0,0,0,605.74298095703125
browse0.800000011920929_protectFalse_clear0,1,65,sessile-oak,1.012551364673133E-33,0,0,0,4.0530622773070147E-33,7.1415156122448131E-37,0,0,0,0,4,227,0,0,0,0
browse0.800000011920929_protectFalse_clear0,1,65,beech,0.075714901089668274,0,0,0,0,0.001222697552293539,0,0,0,4,0,227,0,0,0,2.0608043670654297
browse0.800000011920929_protectFalse_clear0,1,66,sitka-spruce,11.703885078430176,1.0141710042953491,1.0141710042953491,0,2.6790049076080322,0.026308983564376831,0,0,0,4,0,227,0,0,0,617.76861572265625
browse0.800000011920929_protectFalse_clear0,1,66,sessile-oak,2.0237028349605816E-34,0,0,0,8.10041146839804E-34,1.3997890977229235E-37,0,0,0,0,4,227,0,0,0,0
browse0.800000011920929_protectFalse_clear0,1,66,beech,0.07454613596200943,0,0,0,0,0.0011687623336911201,0,0,0,4,0,227,0,0,0,2.0457553863525391
browse0.800000011920929_protectFalse_clear0,1,67,sitka-spruce,10.801394462585449,1.4624937772750854,1.4624937772750854,0,2.3407766819000244,0.024207090958952904,0,0,0,4,0,227,0,0,0,1566.7989501953125
browse0.800000011920929_protectFalse_clear0,1,67,sessile-oak,4.0446622566649985E-35,0,0,0,1.6189623368450874E-34,2.743708761984848E-38,0,0,0,0,4,227,0,0,0,0
browse0.800000011920929_protectFalse_clear0,1,67,beech,0.079983584582805634,0.0065233903005719185,0.0065233903005719185,0,0,0.0010859437752515078,0,0,0,4,0,227,0,0,0,5.0786528587341309
browse0.800000011920929_protectFalse_clear0,1,68,sitka-spruce,10.037209510803223,1.4205856323242188,1.4205856323242188,0,2.1602795124053955,0.024492070078849792,0,0,0,4,0,227,0,0,0,1589.6627197265625
browse0.800000011920929_protectFalse_clear0,1,68,sessile-oak,8.0839472580440211E-36,0,0,0,3.2357298627291839E-35,5.3779705087120705E-39,0,0,0,0,4,227,0,0,0,0
browse0.800000011920929_protectFalse_clear0,1,68,beech,0.07887701690196991,0,0,0,0,0.0011065686121582985,0,0,0,4,0,227,0,0,0,2.01785945892334
browse0.800000011920929_protectFalse_clear0,1,69,sitka-spruce,8.8829870223999023,0.94403761625289917,0.94403761625289917,0,2.007441520690918,0.024681998416781425,0.066135779023170471,1,0,4,0,228,0,0,0,645.1875
browse0.800000011920929_protectFalse_clear0,1,69,sessile-oak,1.6157352446847437E-36,0,0,0,6.4671575194492914E-36,1.0541505918622372E-39,0,0,0,0,4,228,0,0,0,0
browse0.800000011920929_protectFalse_clear0,1,69,beech,0.077857241034507751,0,0,0,0,0.0010197772644460201,0,0,0,4,0,228,0,0,0,2.0048973560333252
browse0.800000011920929_protectFalse_clear0,1,70,sitka-spruce,7.9950909614562988,0.91181093454360962,0.91181093454360962,0,1.7765974998474121,0.023109961301088333,0,0,0,4,0,228,0,0,0,657.76483154296875
browse0.800000011920929_protectFalse_clear0,1,70,sessile-oak,3.2294041907059326E-37,0,0,0,1.292588195747795E-36,2.0663126765394455E-40,0,0,0,0,4,228,0,0,0,0
browse0.800000011920929_protectFalse_clear0,1,70,beech,0.0769260972738266,0,0,0,0,0.0009311409667134285,0,0,0,4,0,228,0,0,0,1.9925272464752197
browse0.800000011920929_protectFalse_clear0,1,71,sitka-spruce,7.2600593566894531,0.8858526349067688,0.8858526349067688,0,1.5990186929702759,0.021865803748369217,0,0,0,4,0,228,0,0,0,666.0982666015625
browse0.800000011920929_protectFalse_clear0,1,71,sessile-oak,6.4547579562267037E-38,0,0,0,2.5835235319309495E-37,4.0503130812844513E-41,0,0,0,0,4,228,0,0,0,0
browse0.800000011920929_protectFalse_clear0,1,71,beech,0.076086677610874176,0,0,0,0,0.00083941849879920483,0,0,0,4,0,228,0,0,0,1.9807039499282837
browse0.800000011920929_protectFalse_clear0,1,72,sitka-spruce,7.0684518814086914,1.2811685800552368,1.2811685800552368,0,1.4520117044448853,0.020764235407114029,0,0,0,4,0,226,2,0,0,1674.8853759765625
browse0.800000011920929_protectFalse_clear0,1,72,sessile-oak,1.2901576996133622E-38,0,0,0,5.1638061407736086E-38,7.9397570988644135E-42,0,0,0,0,4,226,2,0,0,0
browse0.800000011920929_protectFalse_clear0,1,72,beech,0.080229781568050385,0.0058392737992107868,0.0058392737992107868,0,0.00093100732192397118,0.00076516321860253811,0,0,0,4,0,226,2,0,0,4.9234781265258789
browse0.800000011920929_protectFalse_clear0,1,73,sitka-spruce,6.8806056976318359,1.2471972703933716,1.2471972703933716,0,1.4136902093887329,0.021353308111429214,0,0,0,4,0,226,2,0,0,1698.2352294921875
browse0.800000011920929_protectFalse_clear0,1,73,sessile-oak,2.5787591171522452E-39,0,0,0,1.0321261036387511E-38,1.5568425938648718E-42,0,0,0,0,4,226,2,0,0,0
browse0.800000011920929_protectFalse_clear0,1,73,beech,0.078685611486434937,0,0,0,0.0007337694987654686,0.00081040267832577229,0,0,0,4,0,226,2,0,0,1.958554744720459
browse0.800000011920929_protectFalse_clear0,1,74,sitka-spruce,6.7610878944396973,1.2783265113830566,1.2783265113830566,0,1.3761208057403564,0.021722890436649323,0,0,0,4,0,225,3,0,0,2577.13818359375
browse0.800000011920929_protectFalse_clear0,1,74,sessile-oak,5.1544662062491909E-40,0,0,0,2.0630070134621033E-39,3.0548306522281012E-43,0,0,0,0,4,225,3,0,0,0
browse0.800000011920929_protectFalse_clear0,1,74,beech,0.077356785535812378,0,0,0,0.00057884771376848221,0.00074997893534600735,0,0,0,4,0,225,3,0,0,1.9481619596481323
browse0.800000011920929_protectFalse_clear0,1,75,sitka-spruce,6.5729641914367676,1.1863298416137695,1.1863298416137695,0,1.3522183895111084,0.022235892713069916,0,0,0,4,0,224,4,0,0,1733.4156494140625
browse0.800000011920929_protectFalse_clear0,1,75,sessile-oak,1.0303046958948218E-40,0,0,0,4.1235729649993527E-40,5.8854535501642317E-44,0,0,0,0,4,224,4,0,0,0
browse0.800000011920929_protectFalse_clear0,1,75,beech,0.0762191191315651,0,0,0,0.00045703467912971973,0.0006806299788877368,0,0,0,4,0,224,4,0,0,0.48454663157463074
browse0.800000011920929_protectFalse_clear0,1,76,sitka-spruce,6.4153079986572266,1.1790459156036377,1.1790459156036377,0,1.314592719078064,0.022109583020210266,0,0,0,4,0,222,6,0,0,1744.9288330078125
browse0.800000011920929_protectFalse_clear0,1,76,sessile-oak,2.0594883530181836E-41,0,0,0,8.2422974373121415E-41,1.2611686178923354E-44,0,0,0,0,4,222,6,0,0,0
browse0.800000011920929_protectFalse_clear0,1,76,beech,0.07524380087852478,0,0,0,0.00036115606781095266,0.0006141619523987174,0,0,0,4,0,222,6,0,0,1.9286010265350342
browse0.800000011920929_protectFalse_clear0,1,77,sitka-spruce,6.2854318618774414,1.1752121448516846,1.1752121448516846,0,1.2830613851547241,0.022026591002941132,0,0,0,4,0,219,9,0,0,1754.6834716796875
browse0.800000011920929_protectFalse_clear0,1,77,sessile-oak,4.1184161866506374E-42,0,0,0,1.64764673435312E-41,0,0,0,0,0,4,219,9,0,0,0
browse0.800000011920929_protectFalse_clear0,1,77,beech,0.07440832257270813,0,0,0,0.00028561509680002928,0.00054986379109323025,0,0,0,4,0,219,9,0,0,1.9206099510192871
browse0.800000011920929_protectFalse_clear0,1,78,sitka-spruce,5.8499689102172852,0.84363752603530884,0.84363752603530884,0,1.2570863962173462,0.022014051675796509,0,0,0,4,0,215,13,0,0,706.13140869140625
browse0.800000011920929_protectFalse_clear0,1,78,sessile-oak,8.2256219855866762E-43,0,0,0,3.29585398809197E-42,0,0,0,0,0,4,215,13,0,0,0
browse0.800000011920929_protectFalse_clear0,1,78,beech,0.0737144947052002,0,0,0,0.00022604083642363548,0.0004677883698605001,0,0,0,4,0,215,13,0,0,4.0060925483703613
browse0.800000011920929_protectFalse_clear0,1,79,sitka-spruce,5.4950942993164063,0.83592140674591064,0.83592140674591064,0,1.1699936389923096,0.020802466198801994,0,0,0,4,0,211,17,0,0,709.72198486328125
browse0.800000011920929_protectFalse_clear0,1,79,sessile-oak,1.639519203260036E-43,0,0,0,6.58610278232664E-43,0,0,0,0,0,4,211,17,0,0,0
browse0.800000011920929_protectFalse_clear0,1,79,beech,0.078702554106712341,0.0055472226813435555,0.0055472226813435555,0,0.00017901480896398425,0.00038014276651665568,0,0,0,4,0,211,17,0,0,3.0415689945220947
browse0.800000011920929_protectFalse_clear0,1,80,sitka-spruce,5.5419373512268066,1.1656022071838379,1.1656022071838379,0,1.0990186929702759,0.019739884883165359,0,0,0,4,0,208,20,0,0,1792.672607421875
browse0.800000011920929_protectFalse_clear0,1,80,sessile-oak,3.2229864679470793E-44,0,0,0,1.317220556465328E-43,0,0,0,0,0,4,208,20,0,0,0
browse0.800000011920929_protectFalse_clear0,1,80,beech,0.078302398324012756,0,0,0,0,0.0004001602646894753,0,0,0,4,0,208,20,0,0,1.0359729528427124
browse0.800000011920929_protectFalse_clear0,1,81,sitka-spruce,5.3133487701416016,0.878984808921814,0.878984808921814,0,1.0872864723205566,0.020286973565816879,0,0,0,4,0,203,25,0,0,715.78253173828125
browse0.800000011920929_protectFalse_clear0,1,81,sessile-oak,7.0064923216240854E-45,0,0,0,2.5223372357846707E-44,0,0,0,0,0,4,203,25,0,0,0
browse0.800000011920929_protectFalse_clear0,1,81,beech,0.077975347638130188,0,0,0,0,0.00032704841578379273,0,0,0,4,0,203,25,0,0,0.25878933072090149
browse0.800000011920929_protectFalse_clear0,1,82,sitka-spruce,5.820744514465332,1.5370314121246338,1.5370314121246338,0,1.0097966194152832,0.019838955253362656,0,0,0,4,0,194,34,0,0,2631.6650390625
browse0.800000011920929_protectFalse_clear0,1,82,sessile-oak,1.4012984643248171E-45,0,0,0,5.6051938572992683E-45,0,0,0,0,0,4,194,34,0,0,0
browse0.800000011920929_protectFalse_clear0,1,82,beech,0.077700003981590271,0,0,0,0,0.00027534895343706012,0,0,0,4,0,194,34,0,0,0.73912668228149414
browse0.800000011920929_protectFalse_clear0,1,83,sitka-spruce,6.34547233581543,1.5982880592346191,1.5982880592346191,0,1.0513664484024048,0.022193990647792816,0,0,0,4,0,189,39,0,0,1763.7818603515625
browse0.800000011920929_protectFalse_clear0,1,83,sessile-oak,0,0,0,0,1.4012984643248171E-45,0,0,0,0,0,4,189,39,0,0,0
browse0.800000011920929_protectFalse_clear0,1,83,beech,0.07746800035238266,0,0,0,0,0.00023200386203825474,0,0,0,4,0,189,39,0,0,0.11546370387077332
browse0.800000011920929_protectFalse_clear0,1,84,sitka-spruce,6.8451323509216309,1.4928175210952759,1.4928175210952759,0,0.9680057168006897,0.025151873007416725,0,0,0,4,0,179,50,0,0,692.43121337890625
browse0.800000011920929_protectFalse_clear0,1,84,sessile-oak,0,0,0,0,0,0,0,0,0,0,4,179,50,0,0,0
browse0.800000011920929_protectFalse_clear0,1,84,beech,0.064325839281082153,0,0,0,0,0.00019956170581281185,0.012942598201334476,1,0,4,0,179,50,0,0,0.11591949313879013
browse0.800000011920929_protectFalse_clear0,1,85,sitka-spruce,7.9310731887817383,2.1073620319366455,2.1073620319366455,0,0.99403887987136841,0.027382710948586464,0,0,0,4,0,173,56,0,0,1735.58349609375
browse0.800000011920929_protectFalse_clear0,1,85,sessile-oak,0,0,0,0,0,0,0,0,0,0,4,173,56,0,0,0
browse0.800000011920929_protectFalse_clear0,1,85,beech,0.064135044813156128,0,0,0,0,0.00019079004414379597,0,0,0,4,0,173,56,0,0,0
browse0.800000011920929_protectFalse_clear0,1,86,sitka-spruce,9.43882942199707,2.5421004295349121,2.5421004295349121,0,1.00193190574646,0.0324116088449955,0,0,0,4,0,165,64,0,0,1710.6175537109375
browse0.800000011920929_protectFalse_clear0,1,86,sessile-oak,0,0,0,0,0,0,0,0,0,0,4,165,64,0,0,0
browse0.800000011920929_protectFalse_clear0,1,86,beech,0.063952699303627014,0,0,0,0,0.00018235226161777973,0,0,0,4,0,165,64,0,0,0
browse0.800000011920929_protectFalse_clear0,1,87,sitka-spruce,11.50279712677002,3.109304666519165,3.109304666519165,0,1.0061134099960327,0.039223778992891312,0,0,0,4,0,158,71,0,0,1688.14208984375
browse0.800000011920929_protectFalse_clear0,1,87,sessile-oak,0,0,0,0,0,0,0,0,0,0,4,158,71,0,0,0
browse0.800000011920929_protectFalse_clear0,1,87,beech,0.063778437674045563,0,0,0,0,0.000174257205799222,0,0,0,4,0,158,71,0,0,0
browse0.800000011920929_protectFalse_clear0,1,88,sitka-spruce,12.696417808532715,2.3239259719848633,2.3239259719848633,0,1.0822863578796387,0.048018824309110641,0,0,0,4,0,154,75,0,0,679.47705078125
browse0.800000011920929_protectFalse_clear0,1,88,sessile-oak,0,0,0,0,0,0,0,0,0,0,4,154,75,0,0,0
browse0.800000011920929_protectFalse_clear0,1,88,beech,0.0636119619011879,0,0,0,0,0.00016647554002702236,0,0,0,4,0,154,75,0,0,0
browse0.800000011920929_protectFalse_clear0,1,89,sitka-spruce,15.090747833251953,3.4979605674743652,3.3701450824737549,0.12781542539596558,0.9247204065322876,0.051095981150865555,0,0,0,4,0,147,82,0,0,1676.167724609375
browse0.800000011920929_protectFalse_clear0,1,89,sessile-oak,0,0,0,0,0,0,0,0,0,0,4,147,82,0,0,0
browse0.800000011920929_protectFalse_clear0,1,89,beech,0.058296073228120804,0,0,0,0.00515693100169301,0.0001589595340192318,0,0,0,4,0,147,82,0,0,0
browse0.800000011920929_protectFalse_clear0,1,90,sitka-spruce,17.048604965209961,3.5308122634887695,3.0564520359039307,0.47436034679412842,1.0410561561584473,0.057537637650966644,0,0,0,4,0,142,87,0,0,1673.7315673828125
browse0.800000011920929_protectFalse_clear0,1,90,sessile-oak,0,0,0,0,0,0,0,0,0,0,4,142,87,0,0,0
browse0.800000011920929_protectFalse_clear0,1,90,beech,0.050844185054302216,0,0,0,0.007317353505641222,0.00013453303836286068,0,0,0,4,0,142,87,0,0,0
browse0.800000011920929_protectFalse_clear0,1,91,sitka-spruce,18.838611602783203,3.8291616439819336,2.8279914855957031,1.0011701583862305,0.98038774728775024,0.057598579674959183,0,0,0,4,0,132,97,0,0,1611.060302734375
browse0.800000011920929_protectFalse_clear0,1,91,sessile-oak,0,0,0,0,0,0,0,0,0,0,4,132,97,0,0,0
browse0.800000011920929_protectFalse_clear0,1,91,beech,0.049235541373491287,0,0,0,0.0015041171573102474,0.00010452698916196823,0,0,0,4,0,132,97,0,0,0
browse0.800000011920929_protectFalse_clear0,1,92,sitka-spruce,21.142812728881836,4.5186862945556641,3.3346004486083984,1.1840859651565552,0.97264641523361206,0.057752948254346848,0,0,0,4,0,122,107,0,0,1549.2403564453125
browse0.800000011920929_protectFalse_clear0,1,92,sessile-oak,0,0,0,0,0,0,0,0,0,0,4,122,107,0,0,0
browse0.800000011920929_protectFalse_clear0,1,92,beech,0.047953646630048752,0,0,0,0.0012032934464514256,7.860083132982254E-05,0,0,0,4,0,122,107,0,0,0
browse0.800000011920929_protectFalse_clear0,1,93,sitka-spruce,22.697942733764648,3.4415595531463623,2.5760622024536133,0.86549711227416992,0.96065384149551392,0.060277286916971207,0,0,0,4,0,116,113,0,0,610.61480712890625
browse0.800000011920929_protectFalse_clear0,1,93,sessile-oak,0,0,0,0,0,0,0,0,0,0,4,116,113,0,0,0
browse0.800000011920929_protectFalse_clear0,1,93,beech,0.0479012057185173,0,0,0,0,5.2439048886299133E-05,0,0,0,4,0,116,113,0,0,0
browse0.800000011920929_protectFalse_clear0,1,94,sitka-spruce,24.083185195922852,3.3586139678955078,2.2855710983276367,1.0730432271957397,0.83681339025497437,0.063516139984130859,0,0,0,4,0,113,116,0,0,613.72418212890625
browse0.800000011920929_protectFalse_clear0,1,94,sessile-oak,0,0,0,0,0,0,0,0,0,0,4,113,116,0,0,0
browse0.800000011920929_protectFalse_clear0,1,94,beech,0.0478752963244915,0,0,0,0,2.5910325348377228E-05,0,0,0,4,0,113,116,0,0,0
browse0.800000011920929_protectFalse_clear0,1,95,sitka-spruce,25.317197799682617,3.3191664218902588,2.2304301261901855,1.0887361764907837,0.93454575538635254,0.061871170997619629,0,0,0,4,0,111,118,0,0,618.55657958984375
browse0.800000011920929_protectFalse_clear0,1,95,sessile-oak,0,0,0,0,0,0,0,0,0,0,4,111,118,0,0,0
browse0.800000011920929_protectFalse_clear0,1,95,beech,0.0478752963244915,0,0,0,0,0,0,0,0,4,0,111,118,0,0,0
browse0.800000011920929_protectFalse_clear0,1,96,sitka-spruce,27.856164932250977,5.7600173950195313,3.6477603912353516,2.1122572422027588,1.0005842447280884,0.059026733040809631,0.049181904643774033,2,0,4,0,110,123,0,0,2293.756591796875
browse0.800000011920929_protectFalse_clear0,1,96,sessile-oak,0,0,0,0,0,0,0,0,0,0,4,110,123,0,0,0
browse0.800000011920929_protectFalse_clear0,1,96,beech,0.022296689450740814,0,0,0,0.00096263480372726917,0,0.024615973234176636,2,0,4,0,110,123,0,0,0
browse0.800000011920929_protectFalse_clear0,1,97,sitka-spruce,28.626018524169922,3.7198917865753174,2.1996774673461914,1.5202142000198364,1.368935227394104,0.0608876571059227,0,0,0,4,0,104,129,0,0,608.78375244140625
browse0.800000011920929_protectFalse_clear0,1,97,sessile-oak,0,0,0,0,0,0,0,0,0,0,4,104,129,0,0,0
browse0.800000011920929_protectFalse_clear0,1,97,beech,0.021526580676436424,0,0,0,0.00077010784298181534,0,0,0,0,4,0,104,129,0,0,0
browse0.800000011920929_protectFalse_clear0,1,98,sitka-spruce,29.402561187744141,4.07396936416626,2.0929548740386963,1.9810149669647217,1.2616590261459351,0.054755151271820068,0,0,0,4,0,99,134,0,0,599.47442626953125
browse0.800000011920929_protectFalse_clear0,1,98,sessile-oak,0,0,0,0,0,0,0,0,0,0,4,99,134,0,0,0
browse0.800000011920929_protectFalse_clear0,1,98,beech,0.019730262458324432,0,0,0,0.0017963196150958538,0,0,0,0,4,0,99,134,0,0,0.0075912238098680973
browse0.800000011920929_protectFalse_clear0,1,99,sitka-spruce,30.655773162841797,6.6363682746887207,3.23482346534729,3.4015440940856934,1.0746382474899292,0.048500049859285355,0.85847187042236328,1,0,4,0,97,137,0,0,2241.36328125
browse0.800000011920929_protectFalse_clear0,1,99,sessile-oak,0,0,0,0,0,0,0,0,0,0,4,97,137,0,0,0
browse0.800000011920929_protectFalse_clear0,1,99,beech,0.019730262458324432,0,0,0,0,0,0,0,0,4,0,97,137,0,0,0.05303863063454628
browse0.800000011920929_protectFalse_clear0,1,100,sitka-spruce,32.367713928222656,6.1266603469848633,3.0234177112579346,3.1032423973083496,1.2236430644989014,0.050740692764520645,0.037094194442033768,2,0,4,0,95,141,0,0,1504.45361328125
browse0.800000011920929_protectFalse_clear0,1,100,sessile-oak,0,0,0,0,0,0,0,0,0,0,4,95,141,0,0,0
browse0.800000011920929_protectFalse_clear0,1,100,beech,0.019730262458324432,0,0,0,0,0,0,0,0,4,0,95,141,0,0,0
browse0.800000011920929_protectFalse_clear3,0,1,sitka-spruce,0.79615998268127441,0,0,0,0,0.003840029239654541,0,0,4,0,0,0,0,0,0,0
browse0.800000011920929_protectFalse_clear3,0,1,sessile-oak,0.774399995803833,0,0,0,0,0.025600016117095947,0,0,4,0,0,0,0,0,0,0
browse0.800000011920929_protectFalse_clear3,0,1,beech,0.78720003366470337,0,0,0,0,0.012799978256225586,0,0,4,0,0,0,0,0,0,0
browse0.800000011920929_protectFalse_clear3,0,2,sitka-spruce,0.79233843088150024,0,0,0,0,0.00382155179977417,0,0,4,0,0,0,0,0,0,0
browse0.800000011920929_protectFalse_clear3,0,2,sessile-oak,0.74961918592453,0,0,0,0,0.024780809879302979,0,0,4,0,0,0,0,0,0,0
browse0.800000011920929_protectFalse_clear3,0,2,beech,0.774604856967926,0,0,0,0,0.012595176696777344,0,0,4,0,0,0,0,0,0,0
browse0.800000011920929_protectFalse_clear3,0,3,sitka-spruce,0,0,0,0,0,0,0,0,0,0,4,0,0,2.3165624141693115,12,0
browse0.800000011920929_protectFalse_clear3,0,3,sessile-oak,0,0,0,0,0,0,0,0,0,0,4,0,0,2.3165624141693115,12,0
browse0.800000011920929_protectFalse_clear3,0,3,beech,0,0,0,0,0,0,0,0,0,0,4,0,0,2.3165624141693115,12,0
browse0.800000011920929_protectFalse_clear3,0,4,sitka-spruce,0,0,0,0,0,0,0,0,0,0,4,0,0,0,0,0
browse0.800000011920929_protectFalse_clear3,0,4,sessile-oak,0,0,0,0,0,0,0,0,0,0,4,0,0,0,0,0
browse0.800000011920929_protectFalse_clear3,0,4,beech,0,0,0,0,0,0,0,0,0,0,4,0,0,0,0,0
browse0.800000011920929_protectFalse_clear3,0,5,sitka-spruce,0,0,0,0,0,0,0,0,0,0,4,0,0,0,0,0
browse0.800000011920929_protectFalse_clear3,0,5,sessile-oak,0,0,0,0,0,0,0,0,0,0,4,0,0,0,0,0
browse0.800000011920929_protectFalse_clear3,0,5,beech,0,0,0,0,0,0,0,0,0,0,4,0,0,0,0,0
browse0.800000011920929_protectFalse_clear3,0,6,sitka-spruce,0,0,0,0,0,0,0,0,0,0,4,0,0,0,0,0
browse0.800000011920929_protectFalse_clear3,0,6,sessile-oak,0,0,0,0,0,0,0,0,0,0,4,0,0,0,0,0
browse0.800000011920929_protectFalse_clear3,0,6,beech,0,0,0,0,0,0,0,0,0,0,4,0,0,0,0,0
browse0.800000011920929_protectFalse_clear3,0,7,sitka-spruce,0,0,0,0,0,0,0,0,0,0,4,0,0,0,0,0
browse0.800000011920929_protectFalse_clear3,0,7,sessile-oak,0,0,0,0,0,0,0,0,0,0,4,0,0,0,0,0
browse0.800000011920929_protectFalse_clear3,0,7,beech,0,0,0,0,0,0,0,0,0,0,4,0,0,0,0,0
browse0.800000011920929_protectFalse_clear3,0,8,sitka-spruce,0,0,0,0,0,0,0,0,0,0,4,0,0,0,0,0
browse0.800000011920929_protectFalse_clear3,0,8,sessile-oak,0,0,0,0,0,0,0,0,0,0,4,0,0,0,0,0
browse0.800000011920929_protectFalse_clear3,0,8,beech,0,0,0,0,0,0,0,0,0,0,4,0,0,0,0,0
browse0.800000011920929_protectFalse_clear3,0,9,sitka-spruce,0,0,0,0,0,0,0,0,0,0,4,0,0,0,0,0
browse0.800000011920929_protectFalse_clear3,0,9,sessile-oak,0,0,0,0,0,0,0,0,0,0,4,0,0,0,0,0
browse0.800000011920929_protectFalse_clear3,0,9,beech,0,0,0,0,0,0,0,0,0,0,4,0,0,0,0,0
browse0.800000011920929_protectFalse_clear3,0,10,sitka-spruce,0,0,0,0,0,0,0,0,0,0,4,0,0,0,0,0
browse0.800000011920929_protectFalse_clear3,0,10,sessile-oak,0,0,0,0,0,0,0,0,0,0,4,0,0,0,0,0
browse0.800000011920929_protectFalse_clear3,0,10,beech,0,0,0,0,0,0,0,0,0,0,4,0,0,0,0,0
browse0.800000011920929_protectFalse_clear3,0,11,sitka-spruce,0,0,0,0,0,0,0,0,0,0,4,0,0,0,0,0
browse0.800000011920929_protectFalse_clear3,0,11,sessile-oak,0,0,0,0,0,0,0,0,0,0,4,0,0,0,0,0
browse0.800000011920929_protectFalse_clear3,0,11,beech,0,0,0,0,0,0,0,0,0,0,4,0,0,0,0,0
browse0.800000011920929_protectFalse_clear3,0,12,sitka-spruce,0,0,0,0,0,0,0,0,0,0,4,0,0,0,0,0
browse0.800000011920929_protectFalse_clear3,0,12,sessile-oak,0,0,0,0,0,0,0,0,0,0,4,0,0,0,0,0
browse0.800000011920929_protectFalse_clear3,0,12,beech,0,0,0,0,0,0,0,0,0,0,4,0,0,0,0,0
browse0.800000011920929_protectFalse_clear3,0,13,sitka-spruce,0,0,0,0,0,0,0,0,0,0,4,0,0,0,0,0
browse0.800000011920929_protectFalse_clear3,0,13,sessile-oak,0,0,0,0,0,0,0,0,0,0,4,0,0,0,0,0
browse0.800000011920929_protectFalse_clear3,0,13,beech,0,0,0,0,0,0,0,0,0,0,4,0,0,0,0,0
browse0.800000011920929_protectFalse_clear3,0,14,sitka-spruce,0,0,0,0,0,0,0,0,0,0,4,0,0,0,0,0
browse0.800000011920929_protectFalse_clear3,0,14,sessile-oak,0,0,0,0,0,0,0,0,0,0,4,0,0,0,0,0
browse0.800000011920929_protectFalse_clear3,0,14,beech,0,0,0,0,0,0,0,0,0,0,4,0,0,0,0,0
browse0.800000011920929_protectFalse_clear3,0,15,sitka-spruce,0,0,0,0,0,0,0,0,0,0,4,0,0,0,0,0
browse0.800000011920929_protectFalse_clear3,0,15,sessile-oak,0,0,0,0,0,0,0,0,0,0,4,0,0,0,0,0
browse0.800000011920929_protectFalse_clear3,0,15,beech,0,0,0,0,0,0,0,0,0,0,4,0,0,0,0,0
browse0.800000011920929_protectFalse_clear3,0,16,sitka-spruce,0,0,0,0,0,0,0,0,0,0,4,0,0,0,0,0
browse0.800000011920929_protectFalse_clear3,0,16,sessile-oak,0,0,0,0,0,0,0,0,0,0,4,0,0,0,0,0
browse0.800000011920929_protectFalse_clear3,0,16,beech,0,0,0,0,0,0,0,0,0,0,4,0,0,0,0,0
browse0.800000011920929_protectFalse_clear3,0,17,sitka-spruce,0,0,0,0,0,0,0,0,0,0,4,0,0,0,0,0
browse0.800000011920929_protectFalse_clear3,0,17,sessile-oak,0,0,0,0,0,0,0,0,0,0,4,0,0,0,0,0
browse0.800000011920929_protectFalse_clear3,0,17,beech,0,0,0,0,0,0,0,0,0,0,4,0,0,0,0,0
browse0.800000011920929_protectFalse_clear3,0,18,sitka-spruce,0,0,0,0,0,0,0,0,0,0,4,0,0,0,0,0
browse0.800000011920929_protectFalse_clear3,0,18,sessile-oak,0,0,0,0,0,0,0,0,0,0,4,0,0,0,0,0
browse0.800000011920929_protectFalse_clear3,0,18,beech,0,0,0,0,0,0,0,0,0,0,4,0,0,0,0,0
browse0.800000011920929_protectFalse_clear3,0,19,sitka-spruce,0,0,0,0,0,0,0,0,0,0,4,0,0,0,0,0
browse0.800000011920929_protectFalse_clear3,0,19,sessile-oak,0,0,0,0,0,0,0,0,0,0,4,0,0,0,0,0
browse0.800000011920929_protectFalse_clear3,0,19,beech,0,0,0,0,0,0,0,0,0,0,4,0,0,0,0,0
browse0.800000011920929_protectFalse_clear3,0,20,sitka-spruce,0,0,0,0,0,0,0,0,0,0,4,0,0,0,0,0
browse0.800000011920929_protectFalse_clear3,0,20,sessile-oak,0,0,0,0,0,0,0,0,0,0,4,0,0,0,0,0
browse0.800000011920929_protectFalse_clear3,0,20,beech,0,0,0,0,0,0,0,0,0,0,4,0,0,0,0,0
browse0.800000011920929_protectFalse_clear3,0,21,sitka-spruce,0,0,0,0,0,0,0,0,0,0,4,0,0,0,0,0
browse0.800000011920929_protectFalse_clear3,0,21,sessile-oak,0,0,0,0,0,0,0,0,0,0,4,0,0,0,0,0
browse0.800000011920929_protectFalse_clear3,0,21,beech,0,0,0,0,0,0,0,0,0,0,4,0,0,0,0,0
browse0.800000011920929_protectFalse_clear3,0,22,sitka-spruce,0,0,0,0,0,0,0,0,0,0,4,0,0,0,0,0
browse0.800000011920929_protectFalse_clear3,0,22,sessile-oak,0,0,0,0,0,0,0,0,0,0,4,0,0,0,0,0
browse0.800000011920929_protectFalse_clear3,0,22,beech,0,0,0,0,0,0,0,0,0,0,4,0,0,0,0,0
browse0.800000011920929_protectFalse_clear3,0,23,sitka-spruce,0,0,0,0,0,0,0,0,0,0,4,0,0,0,0,0
browse0.800000011920929_protectFalse_clear3,0,23,sessile-oak,0,0,0,0,0,0,0,0,0,0,4,0,0,0,0,0
browse0.800000011920929_protectFalse_clear3,0,23,beech,0,0,0,0,0,0,0,0,0,0,4,0,0,0,0,0
browse0.800000011920929_protectFalse_clear3,0,24,sitka-spruce,0,0,0,0,0,0,0,0,0,0,4,0,0,0,0,0
browse0.800000011920929_protectFalse_clear3,0,24,sessile-oak,0,0,0,0,0,0,0,0,0,0,4,0,0,0,0,0
browse0.800000011920929_protectFalse_clear3,0,24,beech,0,0,0,0,0,0,0,0,0,0,4,0,0,0,0,0
browse0.800000011920929_protectFalse_clear3,0,25,sitka-spruce,0,0,0,0,0,0,0,0,0,0,4,0,0,0,0,0
browse0.800000011920929_protectFalse_clear3,0,25,sessile-oak,0,0,0,0,0,0,0,0,0,0,4,0,0,0,0,0
browse0.800000011920929_protectFalse_clear3,0,25,beech,0,0,0,0,0,0,0,0,0,0,4,0,0,0,0,0
browse0.800000011920929_protectFalse_clear3,0,26,sitka-spruce,0,0,0,0,0,0,0,0,0,0,4,0,0,0,0,0
browse0.800000011920929_protectFalse_clear3,0,26,sessile-oak,0,0,0,0,0,0,0,0,0,0,4,0,0,0,0,0
browse0.800000011920929_protectFalse_clear3,0,26,beech,0,0,0,0,0,0,0,0,0,0,4,0,0,0,0,0
browse0.800000011920929_protectFalse_clear3,0,27,sitka-spruce,0,0,0,0,0,0,0,0,0,0,4,0,0,0,0,0
browse0.800000011920929_protectFalse_clear3,0,27,sessile-oak,0,0,0,0,0,0,0,0,0,0,4,0,0,0,0,0
browse0.800000011920929_protectFalse_clear3,0,27,beech,0,0,0,0,0,0,0,0,0,0,4,0,0,0,0,0
browse0.800000011920929_protectFalse_clear3,0,28,sitka-spruce,0,0,0,0,0,0,0,0,0,0,4,0,0,0,0,0
browse0.800000011920929_protectFalse_clear3,0,28,sessile-oak,0,0,0,0,0,0,0,0,0,0,4,0,0,0,0,0
browse0.800000011920929_protectFalse_clear3,0,28,beech,0,0,0,0,0,0,0,0,0,0,4,0,0,0,0,0
browse0.800000011920929_protectFalse_clear3,0,29,sitka-spruce,0,0,0,0,0,0,0,0,0,0,4,0,0,0,0,0
browse0.800000011920929_protectFalse_clear3,0,29,sessile-oak,0,0,0,0,0,0,0,0,0,0,4,0,0,0,0,0
browse0.800000011920929_protectFalse_clear3,0,29,beech,0,0,0,0,0,0,0,0,0,0,4,0,0,0,0,0
browse0.800000011920929_protectFalse_clear3,0,30,sitka-spruce,0,0,0,0,0,0,0,0,0,0,4,0,0,0,0,0
browse0.800000011920929_protectFalse_clear3,0,30,sessile-oak,0,0,0,0,0,0,0,0,0,0,4,0,0,0,0,0
browse0.800000011920929_protectFalse_clear3,0,30,beech,0,0,0,0,0,0,0,0,0,0,4,0,0,0,0,0
browse0.800000011920929_protectFalse_clear3,0,31,sitka-spruce,0,0,0,0,0,0,0,0,0,0,4,0,0,0,0,0
browse0.800000011920929_protectFalse_clear3,0,31,sessile-oak,0,0,0,0,0,0,0,0,0,0,4,0,0,0,0,0
browse0.800000011920929_protectFalse_clear3,0,31,beech,0,0,0,0,0,0,0,0,0,0,4,0,0,0,0,0
browse0.800000011920929_protectFalse_clear3,0,32,sitka-spruce,0,0,0,0,0,0,0,0,0,0,4,0,0,0,0,0
browse0.800000011920929_protectFalse_clear3,0,32,sessile-oak,0,0,0,0,0,0,0,0,0,0,4,0,0,0,0,0
browse0.800000011920929_protectFalse_clear3,0,32,beech,0,0,0,0,0,0,0,0,0,0,4,0,0,0,0,0
browse0.800000011920929_protectFalse_clear3,0,33,sitka-spruce,0,0,0,0,0,0,0,0,0,0,4,0,0,0,0,0
browse0.800000011920929_protectFalse_clear3,0,33,sessile-oak,0,0,0,0,0,0,0,0,0,0,4,0,0,0,0,0
browse0.800000011920929_protectFalse_clear3,0,33,beech,0,0,0,0,0,0,0,0,0,0,4,0,0,0,0,0
browse0.800000011920929_protectFalse_clear3,0,34,sitka-spruce,0,0,0,0,0,0,0,0,0,0,4,0,0,0,0,0
browse0.800000011920929_protectFalse_clear3,0,34,sessile-oak,0,0,0,0,0,0,0,0,0,0,4,0,0,0,0,0
browse0.800000011920929_protectFalse_clear3,0,34,beech,0,0,0,0,0,0,0,0,0,0,4,0,0,0,0,0
browse0.800000011920929_protectFalse_clear3,0,35,sitka-spruce,0,0,0,0,0,0,0,0,0,0,4,0,0,0,0,0
browse0.800000011920929_protectFalse_clear3,0,35,sessile-oak,0,0,0,0,0,0,0,0,0,0,4,0,0,0,0,0
browse0.800000011920929_protectFalse_clear3,0,35,beech,0,0,0,0,0,0,0,0,0,0,4,0,0,0,0,0
browse0.800000011920929_protectFalse_clear3,0,36,sitka-spruce,0,0,0,0,0,0,0,0,0,0,4,0,0,0,0,0
browse0.800000011920929_protectFalse_clear3,0,36,sessile-oak,0,0,0,0,0,0,0,0,0,0,4,0,0,0,0,0
browse0.800000011920929_protectFalse_clear3,0,36,beech,0,0,0,0,0,0,0,0,0,0,4,0,0,0,0,0
browse0.800000011920929_protectFalse_clear3,0,37,sitka-spruce,0,0,0,0,0,0,0,0,0,0,4,0,0,0,0,0
browse0.800000011920929_protectFalse_clear3,0,37,sessile-oak,0,0,0,0,0,0,0,0,0,0,4,0,0,0,0,0
browse0.800000011920929_protectFalse_clear3,0,37,beech,0,0,0,0,0,0,0,0,0,0,4,0,0,0,0,0
browse0.800000011920929_protectFalse_clear3,0,38,sitka-spruce,0,0,0,0,0,0,0,0,0,0,4,0,0,0,0,0
browse0.800000011920929_protectFalse_clear3,0,38,sessile-oak,0,0,0,0,0,0,0,0,0,0,4,0,0,0,0,0
browse0.800000011920929_protectFalse_clear3,0,38,beech,0,0,0,0,0,0,0,0,0,0,4,0,0,0,0,0
browse0.800000011920929_protectFalse_clear3,0,39,sitka-spruce,0,0,0,0,0,0,0,0,0,0,4,0,0,0,0,0
browse0.800000011920929_protectFalse_clear3,0,39,sessile-oak,0,0,0,0,0,0,0,0,0,0,4,0,0,0,0,0
browse0.800000011920929_protectFalse_clear3,0,39,beech,0,0,0,0,0,0,0,0,0,0,4,0,0,0,0,0
browse0.800000011920929_protectFalse_clear3,0,40,sitka-spruce,0,0,0,0,0,0,0,0,0,0,4,0,0,0,0,0
browse0.800000011920929_protectFalse_clear3,0,40,sessile-oak,0,0,0,0,0,0,0,0,0,0,4,0,0,0,0,0
browse0.800000011920929_protectFalse_clear3,0,40,beech,0,0,0,0,0,0,0,0,0,0,4,0,0,0,0,0
browse0.800000011920929_protectFalse_clear3,0,41,sitka-spruce,0,0,0,0,0,0,0,0,0,0,4,0,0,0,0,0
browse0.800000011920929_protectFalse_clear3,0,41,sessile-oak,0,0,0,0,0,0,0,0,0,0,4,0,0,0,0,0
browse0.800000011920929_protectFalse_clear3,0,41,beech,0,0,0,0,0,0,0,0,0,0,4,0,0,0,0,0
browse0.800000011920929_protectFalse_clear3,0,42,sitka-spruce,0,0,0,0,0,0,0,0,0,0,4,0,0,0,0,0
browse0.800000011920929_protectFalse_clear3,0,42,sessile-oak,0,0,0,0,0,0,0,0,0,0,4,0,0,0,0,0
browse0.800000011920929_protectFalse_clear3,0,42,beech,0,0,0,0,0,0,0,0,0,0,4,0,0,0,0,0
browse0.800000011920929_protectFalse_clear3,0,43,sitka-spruce,0,0,0,0,0,0,0,0,0,0,4,0,0,0,0,0
browse0.800000011920929_protectFalse_clear3,0,43,sessile-oak,0,0,0,0,0,0,0,0,0,0,4,0,0,0,0,0
browse0.800000011920929_protectFalse_clear3,0,43,beech,0,0,0,0,0,0,0,0,0,0,4,0,0,0,0,0
browse0.800000011920929_protectFalse_clear3,0,44,sitka-spruce,0,0,0,0,0,0,0,0,0,0,4,0,0,0,0,0
browse0.800000011920929_protectFalse_clear3,0,44,sessile-oak,0,0,0,0,0,0,0,0,0,0,4,0,0,0,0,0
browse0.800000011920929_protectFalse_clear3,0,44,beech,0,0,0,0,0,0,0,0,0,0,4,0,0,0,0,0
browse0.800000011920929_protectFalse_clear3,0,45,sitka-spruce,0,0,0,0,0,0,0,0,0,0,4,0,0,0,0,0
browse0.800000011920929_protectFalse_clear3,0,45,sessile-oak,0,0,0,0,0,0,0,0,0,0,4,0,0,0,0,0
browse0.800000011920929_protectFalse_clear3,0,45,beech,0,0,0,0,0,0,0,0,0,0,4,0,0,0,0,0
browse0.800000011920929_protectFalse_clear3,0,46,sitka-spruce,0,0,0,0,0,0,0,0,0,0,4,0,0,0,0,0
browse0.800000011920929_protectFalse_clear3,0,46,sessile-oak,0,0,0,0,0,0,0,0,0,0,4,0,0,0,0,0
browse0.800000011920929_protectFalse_clear3,0,46,beech,0,0,0,0,0,0,0,0,0,0,4,0,0,0,0,0
browse0.800000011920929_protectFalse_clear3,0,47,sitka-spruce,0,0,0,0,0,0,0,0,0,0,4,0,0,0,0,0
browse0.800000011920929_protectFalse_clear3,0,47,sessile-oak,0,0,0,0,0,0,0,0,0,0,4,0,0,0,0,0
browse0.800000011920929_protectFalse_clear3,0,47,beech,0,0,0,0,0,0,0,0,0,0,4,0,0,0,0,0
browse0.800000011920929_protectFalse_clear3,0,48,sitka-spruce,0,0,0,0,0,0,0,0,0,0,4,0,0,0,0,0
browse0.800000011920929_protectFalse_clear3,0,48,sessile-oak,0,0,0,0,0,0,0,0,0,0,4,0,0,0,0,0
browse0.800000011920929_protectFalse_clear3,0,48,beech,0,0,0,0,0,0,0,0,0,0,4,0,0,0,0,0
browse0.800000011920929_protectFalse_clear3,0,49,sitka-spruce,0,0,0,0,0,0,0,0,0,0,4,0,0,0,0,0
browse0.800000011920929_protectFalse_clear3,0,49,sessile-oak,0,0,0,0,0,0,0,0,0,0,4,0,0,0,0,0
browse0.800000011920929_protectFalse_clear3,0,49,beech,0,0,0,0,0,0,0,0,0,0,4,0,0,0,0,0
browse0.800000011920929_protectFalse_clear3,0,50,sitka-spruce,0,0,0,0,0,0,0,0,0,0,4,0,0,0,0,0
browse0.800000011920929_protectFalse_clear3,0,50,sessile-oak,0,0,0,0,0,0,0,0,0,0,4,0,0,0,0,0
browse0.800000011920929_protectFalse_clear3,0,50,beech,0,0,0,0,0,0,0,0,0,0,4,0,0,0,0,0
browse0.800000011920929_protectFalse_clear3,0,51,sitka-spruce,0,0,0,0,0,0,0,0,0,0,4,0,0,0,0,0
browse0.800000011920929_protectFalse_clear3,0,51,sessile-oak,0,0,0,0,0,0,0,0,0,0,4,0,0,0,0,0
browse0.800000011920929_protectFalse_clear3,0,51,beech,0,0,0,0,0,0,0,0,0,0,4,0,0,0,0,0
browse0.800000011920929_protectFalse_clear3,0,52,sitka-spruce,0,0,0,0,0,0,0,0,0,0,4,0,0,0,0,0
browse0.800000011920929_protectFalse_clear3,0,52,sessile-oak,0,0,0,0,0,0,0,0,0,0,4,0,0,0,0,0
browse0.800000011920929_protectFalse_clear3,0,52,beech,0,0,0,0,0,0,0,0,0,0,4,0,0,0,0,0
browse0.800000011920929_protectFalse_clear3,0,53,sitka-spruce,0,0,0,0,0,0,0,0,0,0,4,0,0,0,0,0
browse0.800000011920929_protectFalse_clear3,0,53,sessile-oak,0,0,0,0,0,0,0,0,0,0,4,0,0,0,0,0
browse0.800000011920929_protectFalse_clear3,0,53,beech,0,0,0,0,0,0,0,0,0,0,4,0,0,0,0,0
browse0.800000011920929_protectFalse_clear3,0,54,sitka-spruce,0,0,0,0,0,0,0,0,0,0,4,0,0,0,0,0
browse0.800000011920929_protectFalse_clear3,0,54,sessile-oak,0,0,0,0,0,0,0,0,0,0,4,0,0,0,0,0
browse0.800000011920929_protectFalse_clear3,0,54,beech,0,0,0,0,0,0,0,0,0,0,4,0,0,0,0,0
browse0.800000011920929_protectFalse_clear3,0,55,sitka-spruce,0,0,0,0,0,0,0,0,0,0,4,0,0,0,0,0
browse0.800000011920929_protectFalse_clear3,0,55,sessile-oak,0,0,0,0,0,0,0,0,0,0,4,0,0,0,0,0
browse0.800000011920929_protectFalse_clear3,0,55,beech,0,0,0,0,0,0,0,0,0,0,4,0,0,0,0,0
browse0.800000011920929_protectFalse_clear3,0,56,sitka-spruce,0,0,0,0,0,0,0,0,0,0,4,0,0,0,0,0
browse0.800000011920929_protectFalse_clear3,0,56,sessile-oak,0,0,0,0,0,0,0,0,0,0,4,0,0,0,0,0
browse0.800000011920929_protectFalse_clear3,0,56,beech,0,0,0,0,0,0,0,0,0,0,4,0,0,0,0,0
browse0.800000011920929_protectFalse_clear3,0,57,sitka-spruce,0,0,0,0,0,0,0,0,0,0,4,0,0,0,0,0
browse0.800000011920929_protectFalse_clear3,0,57,sessile-oak,0,0,0,0,0,0,0,0,0,0,4,0,0,0,0,0
browse0.800000011920929_protectFalse_clear3,0,57,beech,0,0,0,0,0,0,0,0,0,0,4,0,0,0,0,0
browse0.800000011920929_protectFalse_clear3,0,58,sitka-spruce,0,0,0,0,0,0,0,0,0,0,4,0,0,0,0,0
browse0.800000011920929_protectFalse_clear3,0,58,sessile-oak,0,0,0,0,0,0,0,0,0,0,4,0,0,0,0,0
browse0.800000011920929_protectFalse_clear3,0,58,beech,0,0,0,0,0,0,0,0,0,0,4,0,0,0,0,0
browse0.800000011920929_protectFalse_clear3,0,59,sitka-spruce,0,0,0,0,0,0,0,0,0,0,4,0,0,0,0,0
browse0.800000011920929_protectFalse_clear3,0,59,sessile-oak,0,0,0,0,0,0,0,0,0,0,4,0,0,0,0,0
browse0.800000011920929_protectFalse_clear3,0,59,beech,0,0,0,0,0,0,0,0,0,0,4,0,0,0,0,0
browse0.800000011920929_protectFalse_clear3,0,60,sitka-spruce,0,0,0,0,0,0,0,0,0,0,4,0,0,0,0,0
browse0.800000011920929_protectFalse_clear3,0,60,sessile-oak,0,0,0,0,0,0,0,0,0,0,4,0,0,0,0,0
browse0.800000011920929_protectFalse_clear3,0,60,beech,0,0,0,0,0,0,0,0,0,0,4,0,0,0,0,0
browse0.800000011920929_protectFalse_clear3,0,61,sitka-spruce,0,0,0,0,0,0,0,0,0,0,4,0,0,0,0,0
browse0.800000011920929_protectFalse_clear3,0,61,sessile-oak,0,0,0,0,0,0,0,0,0,0,4,0,0,0,0,0
browse0.800000011920929_protectFalse_clear3,0,61,beech,0,0,0,0,0,0,0,0,0,0,4,0,0,0,0,0
browse0.800000011920929_protectFalse_clear3,0,62,sitka-spruce,0,0,0,0,0,0,0,0,0,0,4,0,0,0,0,0
browse0.800000011920929_protectFalse_clear3,0,62,sessile-oak,0,0,0,0,0,0,0,0,0,0,4,0,0,0,0,0
browse0.800000011920929_protectFalse_clear3,0,62,beech,0,0,0,0,0,0,0,0,0,0,4,0,0,0,0,0
browse0.800000011920929_protectFalse_clear3,0,63,sitka-spruce,0,0,0,0,0,0,0,0,0,0,4,0,0,0,0,0
browse0.800000011920929_protectFalse_clear3,0,63,sessile-oak,0,0,0,0,0,0,0,0,0,0,4,0,0,0,0,0
browse0.800000011920929_protectFalse_clear3,0,63,beech,0,0,0,0,0,0,0,0,0,0,4,0,0,0,0,0
browse0.800000011920929_protectFalse_clear3,0,64,sitka-spruce,0,0,0,0,0,0,0,0,0,0,4,0,0,0,0,0
browse0.800000011920929_protectFalse_clear3,0,64,sessile-oak,0,0,0,0,0,0,0,0,0,0,4,0,0,0,0,0
browse0.800000011920929_protectFalse_clear3,0,64,beech,0,0,0,0,0,0,0,0,0,0,4,0,0,0,0,0
browse0.800000011920929_protectFalse_clear3,0,65,sitka-spruce,0,0,0,0,0,0,0,0,0,0,4,0,0,0,0,0
browse0.800000011920929_protectFalse_clear3,0,65,sessile-oak,0,0,0,0,0,0,0,0,0,0,4,0,0,0,0,0
browse0.800000011920929_protectFalse_clear3,0,65,beech,0,0,0,0,0,0,0,0,0,0,4,0,0,0,0,0
browse0.800000011920929_protectFalse_clear3,0,66,sitka-spruce,0,0,0,0,0,0,0,0,0,0,4,0,0,0,0,0
browse0.800000011920929_protectFalse_clear3,0,66,sessile-oak,0,0,0,0,0,0,0,0,0,0,4,0,0,0,0,0
browse0.800000011920929_protectFalse_clear3,0,66,beech,0,0,0,0,0,0,0,0,0,0,4,0,0,0,0,0
browse0.800000011920929_protectFalse_clear3,0,67,sitka-spruce,0,0,0,0,0,0,0,0,0,0,4,0,0,0,0,0
browse0.800000011920929_protectFalse_clear3,0,67,sessile-oak,0,0,0,0,0,0,0,0,0,0,4,0,0,0,0,0
browse0.800000011920929_protectFalse_clear3,0,67,beech,0,0,0,0,0,0,0,0,0,0,4,0,0,0,0,0
browse0.800000011920929_protectFalse_clear3,0,68,sitka-spruce,0,0,0,0,0,0,0,0,0,0,4,0,0,0,0,0
browse0.800000011920929_protectFalse_clear3,0,68,sessile-oak,0,0,0,0,0,0,0,0,0,0,4,0,0,0,0,0
browse0.800000011920929_protectFalse_clear3,0,68,beech,0,0,0,0,0,0,0,0,0,0,4,0,0,0,0,0
browse0.800000011920929_protectFalse_clear3,0,69,sitka-spruce,0,0,0,0,0,0,0,0,0,0,4,0,0,0,0,0
browse0.800000011920929_protectFalse_clear3,0,69,sessile-oak,0,0,0,0,0,0,0,0,0,0,4,0,0,0,0,0
browse0.800000011920929_protectFalse_clear3,0,69,beech,0,0,0,0,0,0,0,0,0,0,4,0,0,0,0,0
browse0.800000011920929_protectFalse_clear3,0,70,sitka-spruce,0,0,0,0,0,0,0,0,0,0,4,0,0,0,0,0
browse0.800000011920929_protectFalse_clear3,0,70,sessile-oak,0,0,0,0,0,0,0,0,0,0,4,0,0,0,0,0
browse0.800000011920929_protectFalse_clear3,0,70,beech,0,0,0,0,0,0,0,0,0,0,4,0,0,0,0,0
browse0.800000011920929_protectFalse_clear3,0,71,sitka-spruce,0,0,0,0,0,0,0,0,0,0,4,0,0,0,0,0
browse0.800000011920929_protectFalse_clear3,0,71,sessile-oak,0,0,0,0,0,0,0,0,0,0,4,0,0,0,0,0
browse0.800000011920929_protectFalse_clear3,0,71,beech,0,0,0,0,0,0,0,0,0,0,4,0,0,0,0,0
browse0.800000011920929_protectFalse_clear3,0,72,sitka-spruce,0,0,0,0,0,0,0,0,0,0,4,0,0,0,0,0
browse0.800000011920929_protectFalse_clear3,0,72,sessile-oak,0,0,0,0,0,0,0,0,0,0,4,0,0,0,0,0
browse0.800000011920929_protectFalse_clear3,0,72,beech,0,0,0,0,0,0,0,0,0,0,4,0,0,0,0,0
browse0.800000011920929_protectFalse_clear3,0,73,sitka-spruce,0,0,0,0,0,0,0,0,0,0,4,0,0,0,0,0
browse0.800000011920929_protectFalse_clear3,0,73,sessile-oak,0,0,0,0,0,0,0,0,0,0,4,0,0,0,0,0
browse0.800000011920929_protectFalse_clear3,0,73,beech,0,0,0,0,0,0,0,0,0,0,4,0,0,0,0,0
browse0.800000011920929_protectFalse_clear3,0,74,sitka-spruce,0,0,0,0,0,0,0,0,0,0,4,0,0,0,0,0
browse0.800000011920929_protectFalse_clear3,0,74,sessile-oak,0,0,0,0,0,0,0,0,0,0,4,0,0,0,0,0
browse0.800000011920929_protectFalse_clear3,0,74,beech,0,0,0,0,0,0,0,0,0,0,4,0,0,0,0,0
browse0.800000011920929_protectFalse_clear3,0,75,sitka-spruce,0,0,0,0,0,0,0,0,0,0,4,0,0,0,0,0
browse0.800000011920929_protectFalse_clear3,0,75,sessile-oak,0,0,0,0,0,0,0,0,0,0,4,0,0,0,0,0
browse0.800000011920929_protectFalse_clear3,0,75,beech,0,0,0,0,0,0,0,0,0,0,4,0,0,0,0,0
browse0.800000011920929_protectFalse_clear3,0,76,sitka-spruce,0,0,0,0,0,0,0,0,0,0,4,0,0,0,0,0
browse0.800000011920929_protectFalse_clear3,0,76,sessile-oak,0,0,0,0,0,0,0,0,0,0,4,0,0,0,0,0
browse0.800000011920929_protectFalse_clear3,0,76,beech,0,0,0,0,0,0,0,0,0,0,4,0,0,0,0,0
browse0.800000011920929_protectFalse_clear3,0,77,sitka-spruce,0,0,0,0,0,0,0,0,0,0,4,0,0,0,0,0
browse0.800000011920929_protectFalse_clear3,0,77,sessile-oak,0,0,0,0,0,0,0,0,0,0,4,0,0,0,0,0
browse0.800000011920929_protectFalse_clear3,0,77,beech,0,0,0,0,0,0,0,0,0,0,4,0,0,0,0,0
browse0.800000011920929_protectFalse_clear3,0,78,sitka-spruce,0,0,0,0,0,0,0,0,0,0,4,0,0,0,0,0
browse0.800000011920929_protectFalse_clear3,0,78,sessile-oak,0,0,0,0,0,0,0,0,0,0,4,0,0,0,0,0
browse0.800000011920929_protectFalse_clear3,0,78,beech,0,0,0,0,0,0,0,0,0,0,4,0,0,0,0,0
browse0.800000011920929_protectFalse_clear3,0,79,sitka-spruce,0,0,0,0,0,0,0,0,0,0,4,0,0,0,0,0
browse0.800000011920929_protectFalse_clear3,0,79,sessile-oak,0,0,0,0,0,0,0,0,0,0,4,0,0,0,0,0
browse0.800000011920929_protectFalse_clear3,0,79,beech,0,0,0,0,0,0,0,0,0,0,4,0,0,0,0,0
browse0.800000011920929_protectFalse_clear3,0,80,sitka-spruce,0,0,0,0,0,0,0,0,0,0,4,0,0,0,0,0
browse0.800000011920929_protectFalse_clear3,0,80,sessile-oak,0,0,0,0,0,0,0,0,0,0,4,0,0,0,0,0
browse0.800000011920929_protectFalse_clear3,0,80,beech,0,0,0,0,0,0,0,0,0,0,4,0,0,0,0,0
browse0.800000011920929_protectFalse_clear3,0,81,sitka-spruce,0,0,0,0,0,0,0,0,0,0,4,0,0,0,0,0
browse0.800000011920929_protectFalse_clear3,0,81,sessile-oak,0,0,0,0,0,0,0,0,0,0,4,0,0,0,0,0
browse0.800000011920929_protectFalse_clear3,0,81,beech,0,0,0,0,0,0,0,0,0,0,4,0,0,0,0,0
browse0.800000011920929_protectFalse_clear3,0,82,sitka-spruce,0,0,0,0,0,0,0,0,0,0,4,0,0,0,0,0
browse0.800000011920929_protectFalse_clear3,0,82,sessile-oak,0,0,0,0,0,0,0,0,0,0,4,0,0,0,0,0
browse0.800000011920929_protectFalse_clear3,0,82,beech,0,0,0,0,0,0,0,0,0,0,4,0,0,0,0,0
browse0.800000011920929_protectFalse_clear3,0,83,sitka-spruce,0,0,0,0,0,0,0,0,0,0,4,0,0,0,0,0
browse0.800000011920929_protectFalse_clear3,0,83,sessile-oak,0,0,0,0,0,0,0,0,0,0,4,0,0,0,0,0
browse0.800000011920929_protectFalse_clear3,0,83,beech,0,0,0,0,0,0,0,0,0,0,4,0,0,0,0,0
browse0.800000011920929_protectFalse_clear3,0,84,sitka-spruce,0,0,0,0,0,0,0,0,0,0,4,0,0,0,0,0
browse0.800000011920929_protectFalse_clear3,0,84,sessile-oak,0,0,0,0,0,0,0,0,0,0,4,0,0,0,0,0
browse0.800000011920929_protectFalse_clear3,0,84,beech,0,0,0,0,0,0,0,0,0,0,4,0,0,0,0,0
browse0.800000011920929_protectFalse_clear3,0,85,sitka-spruce,0,0,0,0,0,0,0,0,0,0,4,0,0,0,0,0
browse0.800000011920929_protectFalse_clear3,0,85,sessile-oak,0,0,0,0,0,0,0,0,0,0,4,0,0,0,0,0
browse0.800000011920929_protectFalse_clear3,0,85,beech,0,0,0,0,0,0,0,0,0,0,4,0,0,0,0,0
browse0.800000011920929_protectFalse_clear3,0,86,sitka-spruce,0,0,0,0,0,0,0,0,0,0,4,0,0,0,0,0
browse0.800000011920929_protectFalse_clear3,0,86,sessile-oak,0,0,0,0,0,0,0,0,0,0,4,0,0,0,0,0
browse0.800000011920929_protectFalse_clear3,0,86,beech,0,0,0,0,0,0,0,0,0,0,4,0,0,0,0,0
browse0.800000011920929_protectFalse_clear3,0,87,sitka-spruce,0,0,0,0,0,0,0,0,0,0,4,0,0,0,0,0
browse0.800000011920929_protectFalse_clear3,0,87,sessile-oak,0,0,0,0,0,0,0,0,0,0,4,0,0,0,0,0
browse0.800000011920929_protectFalse_clear3,0,87,beech,0,0,0,0,0,0,0,0,0,0,4,0,0,0,0,0
browse0.800000011920929_protectFalse_clear3,0,88,sitka-spruce,0,0,0,0,0,0,0,0,0,0,4,0,0,0,0,0
browse0.800000011920929_protectFalse_clear3,0,88,sessile-oak,0,0,0,0,0,0,0,0,0,0,4,0,0,0,0,0
browse0.800000011920929_protectFalse_clear3,0,88,beech,0,0,0,0,0,0,0,0,0,0,4,0,0,0,0,0
browse0.800000011920929_protectFalse_clear3,0,89,sitka-spruce,0,0,0,0,0,0,0,0,0,0,4,0,0,0,0,0
browse0.800000011920929_protectFalse_clear3,0,89,sessile-oak,0,0,0,0,0,0,0,0,0,0,4,0,0,0,0,0
browse0.800000011920929_protectFalse_clear3,0,89,beech,0,0,0,0,0,0,0,0,0,0,4,0,0,0,0,0
browse0.800000011920929_protectFalse_clear3,0,90,sitka-spruce,0,0,0,0,0,0,0,0,0,0,4,0,0,0,0,0
browse0.800000011920929_protectFalse_clear3,0,90,sessile-oak,0,0,0,0,0,0,0,0,0,0,4,0,0,0,0,0
browse0.800000011920929_protectFalse_clear3,0,90,beech,0,0,0,0,0,0,0,0,0,0,4,0,0,0,0,0
browse0.800000011920929_protectFalse_clear3,0,91,sitka-spruce,0,0,0,0,0,0,0,0,0,0,4,0,0,0,0,0
browse0.800000011920929_protectFalse_clear3,0,91,sessile-oak,0,0,0,0,0,0,0,0,0,0,4,0,0,0,0,0
browse0.800000011920929_protectFalse_clear3,0,91,beech,0,0,0,0,0,0,0,0,0,0,4,0,0,0,0,0
browse0.800000011920929_protectFalse_clear3,0,92,sitka-spruce,0,0,0,0,0,0,0,0,0,0,4,0,0,0,0,0
browse0.800000011920929_protectFalse_clear3,0,92,sessile-oak,0,0,0,0,0,0,0,0,0,0,4,0,0,0,0,0
browse0.800000011920929_protectFalse_clear3,0,92,beech,0,0,0,0,0,0,0,0,0,0,4,0,0,0,0,0
browse0.800000011920929_protectFalse_clear3,0,93,sitka-spruce,0,0,0,0,0,0,0,0,0,0,4,0,0,0,0,0
browse0.800000011920929_protectFalse_clear3,0,93,sessile-oak,0,0,0,0,0,0,0,0,0,0,4,0,0,0,0,0
browse0.800000011920929_protectFalse_clear3,0,93,beech,0,0,0,0,0,0,0,0,0,0,4,0,0,0,0,0
browse0.800000011920929_protectFalse_clear3,0,94,sitka-spruce,0,0,0,0,0,0,0,0,0,0,4,0,0,0,0,0
browse0.800000011920929_protectFalse_clear3,0,94,sessile-oak,0,0,0,0,0,0,0,0,0,0,4,0,0,0,0,0
browse0.800000011920929_protectFalse_clear3,0,94,beech,0,0,0,0,0,0,0,0,0,0,4,0,0,0,0,0
browse0.800000011920929_protectFalse_clear3,0,95,sitka-spruce,0,0,0,0,0,0,0,0,0,0,4,0,0,0,0,0
browse0.800000011920929_protectFalse_clear3,0,95,sessile-oak,0,0,0,0,0,0,0,0,0,0,4,0,0,0,0,0
browse0.800000011920929_protectFalse_clear3,0,95,beech,0,0,0,0,0,0,0,0,0,0,4,0,0,0,0,0
browse0.800000011920929_protectFalse_clear3,0,96,sitka-spruce,0,0,0,0,0,0,0,0,0,0,4,0,0,0,0,0
browse0.800000011920929_protectFalse_clear3,0,96,sessile-oak,0,0,0,0,0,0,0,0,0,0,4,0,0,0,0,0
browse0.800000011920929_protectFalse_clear3,0,96,beech,0,0,0,0,0,0,0,0,0,0,4,0,0,0,0,0
browse0.800000011920929_protectFalse_clear3,0,97,sitka-spruce,0,0,0,0,0,0,0,0,0,0,4,0,0,0,0,0
browse0.800000011920929_protectFalse_clear3,0,97,sessile-oak,0,0,0,0,0,0,0,0,0,0,4,0,0,0,0,0
browse0.800000011920929_protectFalse_clear3,0,97,beech,0,0,0,0,0,0,0,0,0,0,4,0,0,0,0,0
browse0.800000011920929_protectFalse_clear3,0,98,sitka-spruce,0,0,0,0,0,0,0,0,0,0,4,0,0,0,0,0
browse0.800000011920929_protectFalse_clear3,0,98,sessile-oak,0,0,0,0,0,0,0,0,0,0,4,0,0,0,0,0
browse0.800000011920929_protectFalse_clear3,0,98,beech,0,0,0,0,0,0,0,0,0,0,4,0,0,0,0,0
browse0.800000011920929_protectFalse_clear3,0,99,sitka-spruce,0,0,0,0,0,0,0,0,0,0,4,0,0,0,0,0
browse0.800000011920929_protectFalse_clear3,0,99,sessile-oak,0,0,0,0,0,0,0,0,0,0,4,0,0,0,0,0
browse0.800000011920929_protectFalse_clear3,0,99,beech,0,0,0,0,0,0,0,0,0,0,4,0,0,0,0,0
browse0.800000011920929_protectFalse_clear3,0,100,sitka-spruce,0,0,0,0,0,0,0,0,0,0,4,0,0,0,0,0
browse0.800000011920929_protectFalse_clear3,0,100,sessile-oak,0,0,0,0,0,0,0,0,0,0,4,0,0,0,0,0
browse0.800000011920929_protectFalse_clear3,0,100,beech,0,0,0,0,0,0,0,0,0,0,4,0,0,0,0,0
browse0.800000011920929_protectFalse_clear3,1,1,sitka-spruce,0.79615998268127441,0,0,0,0,0.003840029239654541,0,0,4,0,0,0,0,0,0,0
browse0.800000011920929_protectFalse_clear3,1,1,sessile-oak,0.774399995803833,0,0,0,0,0.025600016117095947,0,0,4,0,0,0,0,0,0,0
browse0.800000011920929_protectFalse_clear3,1,1,beech,0.78720003366470337,0,0,0,0,0.012799978256225586,0,0,4,0,0,0,0,0,0,0
browse0.800000011920929_protectFalse_clear3,1,2,sitka-spruce,0.79233843088150024,0,0,0,0,0.00382155179977417,0,0,4,0,0,0,0,0,0,0
browse0.800000011920929_protectFalse_clear3,1,2,sessile-oak,0.74961918592453,0,0,0,0,0.024780809879302979,0,0,4,0,0,0,0,0,0,0
browse0.800000011920929_protectFalse_clear3,1,2,beech,0.774604856967926,0,0,0,0,0.012595176696777344,0,0,4,0,0,0,0,0,0,0
browse0.800000011920929_protectFalse_clear3,1,3,sitka-spruce,0,0,0,0,0,0,0,0,0,0,4,0,0,2.3165624141693115,12,0
browse0.800000011920929_protectFalse_clear3,1,3,sessile-oak,0,0,0,0,0,0,0,0,0,0,4,0,0,2.3165624141693115,12,0
browse0.800000011920929_protectFalse_clear3,1,3,beech,0,0,0,0,0,0,0,0,0,0,4,0,0,2.3165624141693115,12,0
browse0.800000011920929_protectFalse_clear3,1,4,sitka-spruce,0,0,0,0,0,0,0,0,0,0,4,0,0,0,0,0
browse0.800000011920929_protectFalse_clear3,1,4,sessile-oak,0,0,0,0,0,0,0,0,0,0,4,0,0,0,0,0
browse0.800000011920929_protectFalse_clear3,1,4,beech,0,0,0,0,0,0,0,0,0,0,4,0,0,0,0,0
browse0.800000011920929_protectFalse_clear3,1,5,sitka-spruce,0,0,0,0,0,0,0,0,0,0,4,0,0,0,0,0
browse0.800000011920929_protectFalse_clear3,1,5,sessile-oak,0,0,0,0,0,0,0,0,0,0,4,0,0,0,0,0
browse0.800000011920929_protectFalse_clear3,1,5,beech,0,0,0,0,0,0,0,0,0,0,4,0,0,0,0,0
browse0.800000011920929_protectFalse_clear3,1,6,sitka-spruce,0,0,0,0,0,0,0,0,0,0,4,0,0,0,0,0
browse0.800000011920929_protectFalse_clear3,1,6,sessile-oak,0,0,0,0,0,0,0,0,0,0,4,0,0,0,0,0
browse0.800000011920929_protectFalse_clear3,1,6,beech,0,0,0,0,0,0,0,0,0,0,4,0,0,0,0,0
browse0.800000011920929_protectFalse_clear3,1,7,sitka-spruce,0,0,0,0,0,0,0,0,0,0,4,0,0,0,0,0
browse0.800000011920929_protectFalse_clear3,1,7,sessile-oak,0,0,0,0,0,0,0,0,0,0,4,0,0,0,0,0
browse0.800000011920929_protectFalse_clear3,1,7,beech,0,0,0,0,0,0,0,0,0,0,4,0,0,0,0,0
browse0.800000011920929_protectFalse_clear3,1,8,sitka-spruce,0,0,0,0,0,0,0,0,0,0,4,0,0,0,0,0
browse0.800000011920929_protectFalse_clear3,1,8,sessile-oak,0,0,0,0,0,0,0,0,0,0,4,0,0,0,0,0
browse0.800000011920929_protectFalse_clear3,1,8,beech,0,0,0,0,0,0,0,0,0,0,4,0,0,0,0,0
browse0.800000011920929_protectFalse_clear3,1,9,sitka-spruce,0,0,0,0,0,0,0,0,0,0,4,0,0,0,0,0
browse0.800000011920929_protectFalse_clear3,1,9,sessile-oak,0,0,0,0,0,0,0,0,0,0,4,0,0,0,0,0
browse0.800000011920929_protectFalse_clear3,1,9,beech,0,0,0,0,0,0,0,0,0,0,4,0,0,0,0,0
browse0.800000011920929_protectFalse_clear3,1,10,sitka-spruce,0,0,0,0,0,0,0,0,0,0,4,0,0,0,0,0
browse0.800000011920929_protectFalse_clear3,1,10,sessile-oak,0,0,0,0,0,0,0,0,0,0,4,0,0,0,0,0
browse0.800000011920929_protectFalse_clear3,1,10,beech,0,0,0,0,0,0,0,0,0,0,4,0,0,0,0,0
browse0.800000011920929_protectFalse_clear3,1,11,sitka-spruce,0,0,0,0,0,0,0,0,0,0,4,0,0,0,0,0
browse0.800000011920929_protectFalse_clear3,1,11,sessile-oak,0,0,0,0,0,0,0,0,0,0,4,0,0,0,0,0
browse0.800000011920929_protectFalse_clear3,1,11,beech,0,0,0,0,0,0,0,0,0,0,4,0,0,0,0,0
browse0.800000011920929_protectFalse_clear3,1,12,sitka-spruce,0,0,0,0,0,0,0,0,0,0,4,0,0,0,0,0
browse0.800000011920929_protectFalse_clear3,1,12,sessile-oak,0,0,0,0,0,0,0,0,0,0,4,0,0,0,0,0
browse0.800000011920929_protectFalse_clear3,1,12,beech,0,0,0,0,0,0,0,0,0,0,4,0,0,0,0,0
browse0.800000011920929_protectFalse_clear3,1,13,sitka-spruce,0,0,0,0,0,0,0,0,0,0,4,0,0,0,0,0
browse0.800000011920929_protectFalse_clear3,1,13,sessile-oak,0,0,0,0,0,0,0,0,0,0,4,0,0,0,0,0
browse0.800000011920929_protectFalse_clear3,1,13,beech,0,0,0,0,0,0,0,0,0,0,4,0,0,0,0,0
browse0.800000011920929_protectFalse_clear3,1,14,sitka-spruce,0,0,0,0,0,0,0,0,0,0,4,0,0,0,0,0
browse0.800000011920929_protectFalse_clear3,1,14,sessile-oak,0,0,0,0,0,0,0,0,0,0,4,0,0,0,0,0
browse0.800000011920929_protectFalse_clear3,1,14,beech,0,0,0,0,0,0,0,0,0,0,4,0,0,0,0,0
browse0.800000011920929_protectFalse_clear3,1,15,sitka-spruce,0,0,0,0,0,0,0,0,0,0,4,0,0,0,0,0
browse0.800000011920929_protectFalse_clear3,1,15,sessile-oak,0,0,0,0,0,0,0,0,0,0,4,0,0,0,0,0
browse0.800000011920929_protectFalse_clear3,1,15,beech,0,0,0,0,0,0,0,0,0,0,4,0,0,0,0,0
browse0.800000011920929_protectFalse_clear3,1,16,sitka-spruce,0,0,0,0,0,0,0,0,0,0,4,0,0,0,0,0
browse0.800000011920929_protectFalse_clear3,1,16,sessile-oak,0,0,0,0,0,0,0,0,0,0,4,0,0,0,0,0
browse0.800000011920929_protectFalse_clear3,1,16,beech,0,0,0,0,0,0,0,0,0,0,4,0,0,0,0,0
browse0.800000011920929_protectFalse_clear3,1,17,sitka-spruce,0,0,0,0,0,0,0,0,0,0,4,0,0,0,0,0
browse0.800000011920929_protectFalse_clear3,1,17,sessile-oak,0,0,0,0,0,0,0,0,0,0,4,0,0,0,0,0
browse0.800000011920929_protectFalse_clear3,1,17,beech,0,0,0,0,0,0,0,0,0,0,4,0,0,0,0,0
browse0.800000011920929_protectFalse_clear3,1,18,sitka-spruce,0,0,0,0,0,0,0,0,0,0,4,0,0,0,0,0
browse0.800000011920929_protectFalse_clear3,1,18,sessile-oak,0,0,0,0,0,0,0,0,0,0,4,0,0,0,0,0
browse0.800000011920929_protectFalse_clear3,1,18,beech,0,0,0,0,0,0,0,0,0,0,4,0,0,0,0,0
browse0.800000011920929_protectFalse_clear3,1,19,sitka-spruce,0,0,0,0,0,0,0,0,0,0,4,0,0,0,0,0
browse0.800000011920929_protectFalse_clear3,1,19,sessile-oak,0,0,0,0,0,0,0,0,0,0,4,0,0,0,0,0
browse0.800000011920929_protectFalse_clear3,1,19,beech,0,0,0,0,0,0,0,0,0,0,4,0,0,0,0,0
browse0.800000011920929_protectFalse_clear3,1,20,sitka-spruce,0,0,0,0,0,0,0,0,0,0,4,0,0,0,0,0
browse0.800000011920929_protectFalse_clear3,1,20,sessile-oak,0,0,0,0,0,0,0,0,0,0,4,0,0,0,0,0
browse0.800000011920929_protectFalse_clear3,1,20,beech,0,0,0,0,0,0,0,0,0,0,4,0,0,0,0,0
browse0.800000011920929_protectFalse_clear3,1,21,sitka-spruce,0,0,0,0,0,0,0,0,0,0,4,0,0,0,0,0
browse0.800000011920929_protectFalse_clear3,1,21,sessile-oak,0,0,0,0,0,0,0,0,0,0,4,0,0,0,0,0
browse0.800000011920929_protectFalse_clear3,1,21,beech,0,0,0,0,0,0,0,0,0,0,4,0,0,0,0,0
browse0.800000011920929_protectFalse_clear3,1,22,sitka-spruce,0,0,0,0,0,0,0,0,0,0,4,0,0,0,0,0
browse0.800000011920929_protectFalse_clear3,1,22,sessile-oak,0,0,0,0,0,0,0,0,0,0,4,0,0,0,0,0
browse0.800000011920929_protectFalse_clear3,1,22,beech,0,0,0,0,0,0,0,0,0,0,4,0,0,0,0,0
browse0.800000011920929_protectFalse_clear3,1,23,sitka-spruce,0,0,0,0,0,0,0,0,0,0,4,0,0,0,0,0
browse0.800000011920929_protectFalse_clear3,1,23,sessile-oak,0,0,0,0,0,0,0,0,0,0,4,0,0,0,0,0
browse0.800000011920929_protectFalse_clear3,1,23,beech,0,0,0,0,0,0,0,0,0,0,4,0,0,0,0,0
browse0.800000011920929_protectFalse_clear3,1,24,sitka-spruce,0,0,0,0,0,0,0,0,0,0,4,0,0,0,0,0
browse0.800000011920929_protectFalse_clear3,1,24,sessile-oak,0,0,0,0,0,0,0,0,0,0,4,0,0,0,0,0
browse0.800000011920929_protectFalse_clear3,1,24,beech,0,0,0,0,0,0,0,0,0,0,4,0,0,0,0,0
browse0.800000011920929_protectFalse_clear3,1,25,sitka-spruce,0,0,0,0,0,0,0,0,0,0,4,0,0,0,0,0
browse0.800000011920929_protectFalse_clear3,1,25,sessile-oak,0,0,0,0,0,0,0,0,0,0,4,0,0,0,0,0
browse0.800000011920929_protectFalse_clear3,1,25,beech,0,0,0,0,0,0,0,0,0,0,4,0,0,0,0,0
browse0.800000011920929_protectFalse_clear3,1,26,sitka-spruce,0,0,0,0,0,0,0,0,0,0,4,0,0,0,0,0
browse0.800000011920929_protectFalse_clear3,1,26,sessile-oak,0,0,0,0,0,0,0,0,0,0,4,0,0,0,0,0
browse0.800000011920929_protectFalse_clear3,1,26,beech,0,0,0,0,0,0,0,0,0,0,4,0,0,0,0,0
browse0.800000011920929_protectFalse_clear3,1,27,sitka-spruce,0,0,0,0,0,0,0,0,0,0,4,0,0,0,0,0
browse0.800000011920929_protectFalse_clear3,1,27,sessile-oak,0,0,0,0,0,0,0,0,0,0,4,0,0,0,0,0
browse0.800000011920929_protectFalse_clear3,1,27,beech,0,0,0,0,0,0,0,0,0,0,4,0,0,0,0,0
browse0.800000011920929_protectFalse_clear3,1,28,sitka-spruce,0,0,0,0,0,0,0,0,0,0,4,0,0,0,0,0
browse0.800000011920929_protectFalse_clear3,1,28,sessile-oak,0,0,0,0,0,0,0,0,0,0,4,0,0,0,0,0
browse0.800000011920929_protectFalse_clear3,1,28,beech,0,0,0,0,0,0,0,0,0,0,4,0,0,0,0,0
browse0.800000011920929_protectFalse_clear3,1,29,sitka-spruce,0,0,0,0,0,0,0,0,0,0,4,0,0,0,0,0
browse0.800000011920929_protectFalse_clear3,1,29,sessile-oak,0,0,0,0,0,0,0,0,0,0,4,0,0,0,0,0
browse0.800000011920929_protectFalse_clear3,1,29,beech,0,0,0,0,0,0,0,0,0,0,4,0,0,0,0,0
browse0.800000011920929_protectFalse_clear3,1,30,sitka-spruce,0,0,0,0,0,0,0,0,0,0,4,0,0,0,0,0
browse0.800000011920929_protectFalse_clear3,1,30,sessile-oak,0,0,0,0,0,0,0,0,0,0,4,0,0,0,0,0
browse0.800000011920929_protectFalse_clear3,1,30,beech,0,0,0,0,0,0,0,0,0,0,4,0,0,0,0,0
browse0.800000011920929_protectFalse_clear3,1,31,sitka-spruce,0,0,0,0,0,0,0,0,0,0,4,0,0,0,0,0
browse0.800000011920929_protectFalse_clear3,1,31,sessile-oak,0,0,0,0,0,0,0,0,0,0,4,0,0,0,0,0
browse0.800000011920929_protectFalse_clear3,1,31,beech,0,0,0,0,0,0,0,0,0,0,4,0,0,0,0,0
browse0.800000011920929_protectFalse_clear3,1,32,sitka-spruce,0,0,0,0,0,0,0,0,0,0,4,0,0,0,0,0
browse0.800000011920929_protectFalse_clear3,1,32,sessile-oak,0,0,0,0,0,0,0,0,0,0,4,0,0,0,0,0
browse0.800000011920929_protectFalse_clear3,1,32,beech,0,0,0,0,0,0,0,0,0,0,4,0,0,0,0,0
browse0.800000011920929_protectFalse_clear3,1,33,sitka-spruce,0,0,0,0,0,0,0,0,0,0,4,0,0,0,0,0
browse0.800000011920929_protectFalse_clear3,1,33,sessile-oak,0,0,0,0,0,0,0,0,0,0,4,0,0,0,0,0
browse0.800000011920929_protectFalse_clear3,1,33,beech,0,0,0,0,0,0,0,0,0,0,4,0,0,0,0,0
browse0.800000011920929_protectFalse_clear3,1,34,sitka-spruce,0,0,0,0,0,0,0,0,0,0,4,0,0,0,0,0
browse0.800000011920929_protectFalse_clear3,1,34,sessile-oak,0,0,0,0,0,0,0,0,0,0,4,0,0,0,0,0
browse0.800000011920929_protectFalse_clear3,1,34,beech,0,0,0,0,0,0,0,0,0,0,4,0,0,0,0,0
browse0.800000011920929_protectFalse_clear3,1,35,sitka-spruce,0,0,0,0,0,0,0,0,0,0,4,0,0,0,0,0
browse0.800000011920929_protectFalse_clear3,1,35,sessile-oak,0,0,0,0,0,0,0,0,0,0,4,0,0,0,0,0
browse0.800000011920929_protectFalse_clear3,1,35,beech,0,0,0,0,0,0,0,0,0,0,4,0,0,0,0,0
browse0.800000011920929_protectFalse_clear3,1,36,sitka-spruce,0,0,0,0,0,0,0,0,0,0,4,0,0,0,0,0
browse0.800000011920929_protectFalse_clear3,1,36,sessile-oak,0,0,0,0,0,0,0,0,0,0,4,0,0,0,0,0
browse0.800000011920929_protectFalse_clear3,1,36,beech,0,0,0,0,0,0,0,0,0,0,4,0,0,0,0,0
browse0.800000011920929_protectFalse_clear3,1,37,sitka-spruce,0,0,0,0,0,0,0,0,0,0,4,0,0,0,0,0
browse0.800000011920929_protectFalse_clear3,1,37,sessile-oak,0,0,0,0,0,0,0,0,0,0,4,0,0,0,0,0
browse0.800000011920929_protectFalse_clear3,1,37,beech,0,0,0,0,0,0,0,0,0,0,4,0,0,0,0,0
browse0.800000011920929_protectFalse_clear3,1,38,sitka-spruce,0,0,0,0,0,0,0,0,0,0,4,0,0,0,0,0
browse0.800000011920929_protectFalse_clear3,1,38,sessile-oak,0,0,0,0,0,0,0,0,0,0,4,0,0,0,0,0
browse0.800000011920929_protectFalse_clear3,1,38,beech,0,0,0,0,0,0,0,0,0,0,4,0,0,0,0,0
browse0.800000011920929_protectFalse_clear3,1,39,sitka-spruce,0,0,0,0,0,0,0,0,0,0,4,0,0,0,0,0
browse0.800000011920929_protectFalse_clear3,1,39,sessile-oak,0,0,0,0,0,0,0,0,0,0,4,0,0,0,0,0
browse0.800000011920929_protectFalse_clear3,1,39,beech,0,0,0,0,0,0,0,0,0,0,4,0,0,0,0,0
browse0.800000011920929_protectFalse_clear3,1,40,sitka-spruce,0,0,0,0,0,0,0,0,0,0,4,0,0,0,0,0
browse0.800000011920929_protectFalse_clear3,1,40,sessile-oak,0,0,0,0,0,0,0,0,0,0,4,0,0,0,0,0
browse0.800000011920929_protectFalse_clear3,1,40,beech,0,0,0,0,0,0,0,0,0,0,4,0,0,0,0,0
browse0.800000011920929_protectFalse_clear3,1,41,sitka-spruce,0,0,0,0,0,0,0,0,0,0,4,0,0,0,0,0
browse0.800000011920929_protectFalse_clear3,1,41,sessile-oak,0,0,0,0,0,0,0,0,0,0,4,0,0,0,0,0
browse0.800000011920929_protectFalse_clear3,1,41,beech,0,0,0,0,0,0,0,0,0,0,4,0,0,0,0,0
browse0.800000011920929_protectFalse_clear3,1,42,sitka-spruce,0,0,0,0,0,0,0,0,0,0,4,0,0,0,0,0
browse0.800000011920929_protectFalse_clear3,1,42,sessile-oak,0,0,0,0,0,0,0,0,0,0,4,0,0,0,0,0
browse0.800000011920929_protectFalse_clear3,1,42,beech,0,0,0,0,0,0,0,0,0,0,4,0,0,0,0,0
browse0.800000011920929_protectFalse_clear3,1,43,sitka-spruce,0,0,0,0,0,0,0,0,0,0,4,0,0,0,0,0
browse0.800000011920929_protectFalse_clear3,1,43,sessile-oak,0,0,0,0,0,0,0,0,0,0,4,0,0,0,0,0
browse0.800000011920929_protectFalse_clear3,1,43,beech,0,0,0,0,0,0,0,0,0,0,4,0,0,0,0,0
browse0.800000011920929_protectFalse_clear3,1,44,sitka-spruce,0,0,0,0,0,0,0,0,0,0,4,0,0,0,0,0
browse0.800000011920929_protectFalse_clear3,1,44,sessile-oak,0,0,0,0,0,0,0,0,0,0,4,0,0,0,0,0
browse0.800000011920929_protectFalse_clear3,1,44,beech,0,0,0,0,0,0,0,0,0,0,4,0,0,0,0,0
browse0.800000011920929_protectFalse_clear3,1,45,sitka-spruce,0,0,0,0,0,0,0,0,0,0,4,0,0,0,0,0
browse0.800000011920929_protectFalse_clear3,1,45,sessile-oak,0,0,0,0,0,0,0,0,0,0,4,0,0,0,0,0
browse0.800000011920929_protectFalse_clear3,1,45,beech,0,0,0,0,0,0,0,0,0,0,4,0,0,0,0,0
browse0.800000011920929_protectFalse_clear3,1,46,sitka-spruce,0,0,0,0,0,0,0,0,0,0,4,0,0,0,0,0
browse0.800000011920929_protectFalse_clear3,1,46,sessile-oak,0,0,0,0,0,0,0,0,0,0,4,0,0,0,0,0
browse0.800000011920929_protectFalse_clear3,1,46,beech,0,0,0,0,0,0,0,0,0,0,4,0,0,0,0,0
browse0.800000011920929_protectFalse_clear3,1,47,sitka-spruce,0,0,0,0,0,0,0,0,0,0,4,0,0,0,0,0
browse0.800000011920929_protectFalse_clear3,1,47,sessile-oak,0,0,0,0,0,0,0,0,0,0,4,0,0,0,0,0
browse0.800000011920929_protectFalse_clear3,1,47,beech,0,0,0,0,0,0,0,0,0,0,4,0,0,0,0,0
browse0.800000011920929_protectFalse_clear3,1,48,sitka-spruce,0,0,0,0,0,0,0,0,0,0,4,0,0,0,0,0
browse0.800000011920929_protectFalse_clear3,1,48,sessile-oak,0,0,0,0,0,0,0,0,0,0,4,0,0,0,0,0
browse0.800000011920929_protectFalse_clear3,1,48,beech,0,0,0,0,0,0,0,0,0,0,4,0,0,0,0,0
browse0.800000011920929_protectFalse_clear3,1,49,sitka-spruce,0,0,0,0,0,0,0,0,0,0,4,0,0,0,0,0
browse0.800000011920929_protectFalse_clear3,1,49,sessile-oak,0,0,0,0,0,0,0,0,0,0,4,0,0,0,0,0
browse0.800000011920929_protectFalse_clear3,1,49,beech,0,0,0,0,0,0,0,0,0,0,4,0,0,0,0,0
browse0.800000011920929_protectFalse_clear3,1,50,sitka-spruce,0,0,0,0,0,0,0,0,0,0,4,0,0,0,0,0
browse0.800000011920929_protectFalse_clear3,1,50,sessile-oak,0,0,0,0,0,0,0,0,0,0,4,0,0,0,0,0
browse0.800000011920929_protectFalse_clear3,1,50,beech,0,0,0,0,0,0,0,0,0,0,4,0,0,0,0,0
browse0.800000011920929_protectFalse_clear3,1,51,sitka-spruce,0,0,0,0,0,0,0,0,0,0,4,0,0,0,0,0
browse0.800000011920929_protectFalse_clear3,1,51,sessile-oak,0,0,0,0,0,0,0,0,0,0,4,0,0,0,0,0
browse0.800000011920929_protectFalse_clear3,1,51,beech,0,0,0,0,0,0,0,0,0,0,4,0,0,0,0,0
browse0.800000011920929_protectFalse_clear3,1,52,sitka-spruce,0,0,0,0,0,0,0,0,0,0,4,0,0,0,0,0
browse0.800000011920929_protectFalse_clear3,1,52,sessile-oak,0,0,0,0,0,0,0,0,0,0,4,0,0,0,0,0
browse0.800000011920929_protectFalse_clear3,1,52,beech,0,0,0,0,0,0,0,0,0,0,4,0,0,0,0,0
browse0.800000011920929_protectFalse_clear3,1,53,sitka-spruce,0,0,0,0,0,0,0,0,0,0,4,0,0,0,0,0
browse0.800000011920929_protectFalse_clear3,1,53,sessile-oak,0,0,0,0,0,0,0,0,0,0,4,0,0,0,0,0
browse0.800000011920929_protectFalse_clear3,1,53,beech,0,0,0,0,0,0,0,0,0,0,4,0,0,0,0,0
browse0.800000011920929_protectFalse_clear3,1,54,sitka-spruce,0,0,0,0,0,0,0,0,0,0,4,0,0,0,0,0
browse0.800000011920929_protectFalse_clear3,1,54,sessile-oak,0,0,0,0,0,0,0,0,0,0,4,0,0,0,0,0
browse0.800000011920929_protectFalse_clear3,1,54,beech,0,0,0,0,0,0,0,0,0,0,4,0,0,0,0,0
browse0.800000011920929_protectFalse_clear3,1,55,sitka-spruce,0,0,0,0,0,0,0,0,0,0,4,0,0,0,0,0
browse0.800000011920929_protectFalse_clear3,1,55,sessile-oak,0,0,0,0,0,0,0,0,0,0,4,0,0,0,0,0
browse0.800000011920929_protectFalse_clear3,1,55,beech,0,0,0,0,0,0,0,0,0,0,4,0,0,0,0,0
browse0.800000011920929_protectFalse_clear3,1,56,sitka-spruce,0,0,0,0,0,0,0,0,0,0,4,0,0,0,0,0
browse0.800000011920929_protectFalse_clear3,1,56,sessile-oak,0,0,0,0,0,0,0,0,0,0,4,0,0,0,0,0
browse0.800000011920929_protectFalse_clear3,1,56,beech,0,0,0,0,0,0,0,0,0,0,4,0,0,0,0,0
browse0.800000011920929_protectFalse_clear3,1,57,sitka-spruce,0,0,0,0,0,0,0,0,0,0,4,0,0,0,0,0
browse0.800000011920929_protectFalse_clear3,1,57,sessile-oak,0,0,0,0,0,0,0,0,0,0,4,0,0,0,0,0
browse0.800000011920929_protectFalse_clear3,1,57,beech,0,0,0,0,0,0,0,0,0,0,4,0,0,0,0,0
browse0.800000011920929_protectFalse_clear3,1,58,sitka-spruce,0,0,0,0,0,0,0,0,0,0,4,0,0,0,0,0
browse0.800000011920929_protectFalse_clear3,1,58,sessile-oak,0,0,0,0,0,0,0,0,0,0,4,0,0,0,0,0
browse0.800000011920929_protectFalse_clear3,1,58,beech,0,0,0,0,0,0,0,0,0,0,4,0,0,0,0,0
browse0.800000011920929_protectFalse_clear3,1,59,sitka-spruce,0,0,0,0,0,0,0,0,0,0,4,0,0,0,0,0
browse0.800000011920929_protectFalse_clear3,1,59,sessile-oak,0,0,0,0,0,0,0,0,0,0,4,0,0,0,0,0
browse0.800000011920929_protectFalse_clear3,1,59,beech,0,0,0,0,0,0,0,0,0,0,4,0,0,0,0,0
browse0.800000011920929_protectFalse_clear3,1,60,sitka-spruce,0,0,0,0,0,0,0,0,0,0,4,0,0,0,0,0
browse0.800000011920929_protectFalse_clear3,1,60,sessile-oak,0,0,0,0,0,0,0,0,0,0,4,0,0,0,0,0
browse0.800000011920929_protectFalse_clear3,1,60,beech,0,0,0,0,0,0,0,0,0,0,4,0,0,0,0,0
browse0.800000011920929_protectFalse_clear3,1,61,sitka-spruce,0,0,0,0,0,0,0,0,0,0,4,0,0,0,0,0
browse0.800000011920929_protectFalse_clear3,1,61,sessile-oak,0,0,0,0,0,0,0,0,0,0,4,0,0,0,0,0
browse0.800000011920929_protectFalse_clear3,1,61,beech,0,0,0,0,0,0,0,0,0,0,4,0,0,0,0,0
browse0.800000011920929_protectFalse_clear3,1,62,sitka-spruce,0,0,0,0,0,0,0,0,0,0,4,0,0,0,0,0
browse0.800000011920929_protectFalse_clear3,1,62,sessile-oak,0,0,0,0,0,0,0,0,0,0,4,0,0,0,0,0
browse0.800000011920929_protectFalse_clear3,1,62,beech,0,0,0,0,0,0,0,0,0,0,4,0,0,0,0,0
browse0.800000011920929_protectFalse_clear3,1,63,sitka-spruce,0,0,0,0,0,0,0,0,0,0,4,0,0,0,0,0
browse0.800000011920929_protectFalse_clear3,1,63,sessile-oak,0,0,0,0,0,0,0,0,0,0,4,0,0,0,0,0
browse0.800000011920929_protectFalse_clear3,1,63,beech,0,0,0,0,0,0,0,0,0,0,4,0,0,0,0,0
browse0.800000011920929_protectFalse_clear3,1,64,sitka-spruce,0,0,0,0,0,0,0,0,0,0,4,0,0,0,0,0
browse0.800000011920929_protectFalse_clear3,1,64,sessile-oak,0,0,0,0,0,0,0,0,0,0,4,0,0,0,0,0
browse0.800000011920929_protectFalse_clear3,1,64,beech,0,0,0,0,0,0,0,0,0,0,4,0,0,0,0,0
browse0.800000011920929_protectFalse_clear3,1,65,sitka-spruce,0,0,0,0,0,0,0,0,0,0,4,0,0,0,0,0
browse0.800000011920929_protectFalse_clear3,1,65,sessile-oak,0,0,0,0,0,0,0,0,0,0,4,0,0,0,0,0
browse0.800000011920929_protectFalse_clear3,1,65,beech,0,0,0,0,0,0,0,0,0,0,4,0,0,0,0,0
browse0.800000011920929_protectFalse_clear3,1,66,sitka-spruce,0,0,0,0,0,0,0,0,0,0,4,0,0,0,0,0
browse0.800000011920929_protectFalse_clear3,1,66,sessile-oak,0,0,0,0,0,0,0,0,0,0,4,0,0,0,0,0
browse0.800000011920929_protectFalse_clear3,1,66,beech,0,0,0,0,0,0,0,0,0,0,4,0,0,0,0,0
browse0.800000011920929_protectFalse_clear3,1,67,sitka-spruce,0,0,0,0,0,0,0,0,0,0,4,0,0,0,0,0
browse0.800000011920929_protectFalse_clear3,1,67,sessile-oak,0,0,0,0,0,0,0,0,0,0,4,0,0,0,0,0
browse0.800000011920929_protectFalse_clear3,1,67,beech,0,0,0,0,0,0,0,0,0,0,4,0,0,0,0,0
browse0.800000011920929_protectFalse_clear3,1,68,sitka-spruce,0,0,0,0,0,0,0,0,0,0,4,0,0,0,0,0
browse0.800000011920929_protectFalse_clear3,1,68,sessile-oak,0,0,0,0,0,0,0,0,0,0,4,0,0,0,0,0
browse0.800000011920929_protectFalse_clear3,1,68,beech,0,0,0,0,0,0,0,0,0,0,4,0,0,0,0,0
browse0.800000011920929_protectFalse_clear3,1,69,sitka-spruce,0,0,0,0,0,0,0,0,0,0,4,0,0,0,0,0
browse0.800000011920929_protectFalse_clear3,1,69,sessile-oak,0,0,0,0,0,0,0,0,0,0,4,0,0,0,0,0
browse0.800000011920929_protectFalse_clear3,1,69,beech,0,0,0,0,0,0,0,0,0,0,4,0,0,0,0,0
browse0.800000011920929_protectFalse_clear3,1,70,sitka-spruce,0,0,0,0,0,0,0,0,0,0,4,0,0,0,0,0
browse0.800000011920929_protectFalse_clear3,1,70,sessile-oak,0,0,0,0,0,0,0,0,0,0,4,0,0,0,0,0
browse0.800000011920929_protectFalse_clear3,1,70,beech,0,0,0,0,0,0,0,0,0,0,4,0,0,0,0,0
browse0.800000011920929_protectFalse_clear3,1,71,sitka-spruce,0,0,0,0,0,0,0,0,0,0,4,0,0,0,0,0
browse0.800000011920929_protectFalse_clear3,1,71,sessile-oak,0,0,0,0,0,0,0,0,0,0,4,0,0,0,0,0
browse0.800000011920929_protectFalse_clear3,1,71,beech,0,0,0,0,0,0,0,0,0,0,4,0,0,0,0,0
browse0.800000011920929_protectFalse_clear3,1,72,sitka-spruce,0,0,0,0,0,0,0,0,0,0,4,0,0,0,0,0
browse0.800000011920929_protectFalse_clear3,1,72,sessile-oak,0,0,0,0,0,0,0,0,0,0,4,0,0,0,0,0
browse0.800000011920929_protectFalse_clear3,1,72,beech,0,0,0,0,0,0,0,0,0,0,4,0,0,0,0,0
browse0.800000011920929_protectFalse_clear3,1,73,sitka-spruce,0,0,0,0,0,0,0,0,0,0,4,0,0,0,0,0
browse0.800000011920929_protectFalse_clear3,1,73,sessile-oak,0,0,0,0,0,0,0,0,0,0,4,0,0,0,0,0
browse0.800000011920929_protectFalse_clear3,1,73,beech,0,0,0,0,0,0,0,0,0,0,4,0,0,0,0,0
browse0.800000011920929_protectFalse_clear3,1,74,sitka-spruce,0,0,0,0,0,0,0,0,0,0,4,0,0,0,0,0
browse0.800000011920929_protectFalse_clear3,1,74,sessile-oak,0,0,0,0,0,0,0,0,0,0,4,0,0,0,0,0
browse0.800000011920929_protectFalse_clear3,1,74,beech,0,0,0,0,0,0,0,0,0,0,4,0,0,0,0,0
browse0.800000011920929_protectFalse_clear3,1,75,sitka-spruce,0,0,0,0,0,0,0,0,0,0,4,0,0,0,0,0
browse0.800000011920929_protectFalse_clear3,1,75,sessile-oak,0,0,0,0,0,0,0,0,0,0,4,0,0,0,0,0
browse0.800000011920929_protectFalse_clear3,1,75,beech,0,0,0,0,0,0,0,0,0,0,4,0,0,0,0,0
browse0.800000011920929_protectFalse_clear3,1,76,sitka-spruce,0,0,0,0,0,0,0,0,0,0,4,0,0,0,0,0
browse0.800000011920929_protectFalse_clear3,1,76,sessile-oak,0,0,0,0,0,0,0,0,0,0,4,0,0,0,0,0
browse0.800000011920929_protectFalse_clear3,1,76,beech,0,0,0,0,0,0,0,0,0,0,4,0,0,0,0,0
browse0.800000011920929_protectFalse_clear3,1,77,sitka-spruce,0,0,0,0,0,0,0,0,0,0,4,0,0,0,0,0
browse0.800000011920929_protectFalse_clear3,1,77,sessile-oak,0,0,0,0,0,0,0,0,0,0,4,0,0,0,0,0
browse0.800000011920929_protectFalse_clear3,1,77,beech,0,0,0,0,0,0,0,0,0,0,4,0,0,0,0,0
browse0.800000011920929_protectFalse_clear3,1,78,sitka-spruce,0,0,0,0,0,0,0,0,0,0,4,0,0,0,0,0
browse0.800000011920929_protectFalse_clear3,1,78,sessile-oak,0,0,0,0,0,0,0,0,0,0,4,0,0,0,0,0
browse0.800000011920929_protectFalse_clear3,1,78,beech,0,0,0,0,0,0,0,0,0,0,4,0,0,0,0,0
browse0.800000011920929_protectFalse_clear3,1,79,sitka-spruce,0,0,0,0,0,0,0,0,0,0,4,0,0,0,0,0
browse0.800000011920929_protectFalse_clear3,1,79,sessile-oak,0,0,0,0,0,0,0,0,0,0,4,0,0,0,0,0
browse0.800000011920929_protectFalse_clear3,1,79,beech,0,0,0,0,0,0,0,0,0,0,4,0,0,0,0,0
browse0.800000011920929_protectFalse_clear3,1,80,sitka-spruce,0,0,0,0,0,0,0,0,0,0,4,0,0,0,0,0
browse0.800000011920929_protectFalse_clear3,1,80,sessile-oak,0,0,0,0,0,0,0,0,0,0,4,0,0,0,0,0
browse0.800000011920929_protectFalse_clear3,1,80,beech,0,0,0,0,0,0,0,0,0,0,4,0,0,0,0,0
browse0.800000011920929_protectFalse_clear3,1,81,sitka-spruce,0,0,0,0,0,0,0,0,0,0,4,0,0,0,0,0
browse0.800000011920929_protectFalse_clear3,1,81,sessile-oak,0,0,0,0,0,0,0,0,0,0,4,0,0,0,0,0
browse0.800000011920929_protectFalse_clear3,1,81,beech,0,0,0,0,0,0,0,0,0,0,4,0,0,0,0,0
browse0.800000011920929_protectFalse_clear3,1,82,sitka-spruce,0,0,0,0,0,0,0,0,0,0,4,0,0,0,0,0
browse0.800000011920929_protectFalse_clear3,1,82,sessile-oak,0,0,0,0,0,0,0,0,0,0,4,0,0,0,0,0
browse0.800000011920929_protectFalse_clear3,1,82,beech,0,0,0,0,0,0,0,0,0,0,4,0,0,0,0,0
browse0.800000011920929_protectFalse_clear3,1,83,sitka-spruce,0,0,0,0,0,0,0,0,0,0,4,0,0,0,0,0
browse0.800000011920929_protectFalse_clear3,1,83,sessile-oak,0,0,0,0,0,0,0,0,0,0,4,0,0,0,0,0
browse0.800000011920929_protectFalse_clear3,1,83,beech,0,0,0,0,0,0,0,0,0,0,4,0,0,0,0,0
browse0.800000011920929_protectFalse_clear3,1,84,sitka-spruce,0,0,0,0,0,0,0,0,0,0,4,0,0,0,0,0
browse0.800000011920929_protectFalse_clear3,1,84,sessile-oak,0,0,0,0,0,0,0,0,0,0,4,0,0,0,0,0
browse0.800000011920929_protectFalse_clear3,1,84,beech,0,0,0,0,0,0,0,0,0,0,4,0,0,0,0,0
browse0.800000011920929_protectFalse_clear3,1,85,sitka-spruce,0,0,0,0,0,0,0,0,0,0,4,0,0,0,0,0
browse0.800000011920929_protectFalse_clear3,1,85,sessile-oak,0,0,0,0,0,0,0,0,0,0,4,0,0,0,0,0
browse0.800000011920929_protectFalse_clear3,1,85,beech,0,0,0,0,0,0,0,0,0,0,4,0,0,0,0,0
browse0.800000011920929_protectFalse_clear3,1,86,sitka-spruce,0,0,0,0,0,0,0,0,0,0,4,0,0,0,0,0
browse0.800000011920929_protectFalse_clear3,1,86,sessile-oak,0,0,0,0,0,0,0,0,0,0,4,0,0,0,0,0
browse0.800000011920929_protectFalse_clear3,1,86,beech,0,0,0,0,0,0,0,0,0,0,4,0,0,0,0,0
browse0.800000011920929_protectFalse_clear3,1,87,sitka-spruce,0,0,0,0,0,0,0,0,0,0,4,0,0,0,0,0
browse0.800000011920929_protectFalse_clear3,1,87,sessile-oak,0,0,0,0,0,0,0,0,0,0,4,0,0,0,0,0
browse0.800000011920929_protectFalse_clear3,1,87,beech,0,0,0,0,0,0,0,0,0,0,4,0,0,0,0,0
browse0.800000011920929_protectFalse_clear3,1,88,sitka-spruce,0,0,0,0,0,0,0,0,0,0,4,0,0,0,0,0
browse0.800000011920929_protectFalse_clear3,1,88,sessile-oak,0,0,0,0,0,0,0,0,0,0,4,0,0,0,0,0
browse0.800000011920929_protectFalse_clear3,1,88,beech,0,0,0,0,0,0,0,0,0,0,4,0,0,0,0,0
browse0.800000011920929_protectFalse_clear3,1,89,sitka-spruce,0,0,0,0,0,0,0,0,0,0,4,0,0,0,0,0
browse0.800000011920929_protectFalse_clear3,1,89,sessile-oak,0,0,0,0,0,0,0,0,0,0,4,0,0,0,0,0
browse0.800000011920929_protectFalse_clear3,1,89,beech,0,0,0,0,0,0,0,0,0,0,4,0,0,0,0,0
browse0.800000011920929_protectFalse_clear3,1,90,sitka-spruce,0,0,0,0,0,0,0,0,0,0,4,0,0,0,0,0
browse0.800000011920929_protectFalse_clear3,1,90,sessile-oak,0,0,0,0,0,0,0,0,0,0,4,0,0,0,0,0
browse0.800000011920929_protectFalse_clear3,1,90,beech,0,0,0,0,0,0,0,0,0,0,4,0,0,0,0,0
browse0.800000011920929_protectFalse_clear3,1,91,sitka-spruce,0,0,0,0,0,0,0,0,0,0,4,0,0,0,0,0
browse0.800000011920929_protectFalse_clear3,1,91,sessile-oak,0,0,0,0,0,0,0,0,0,0,4,0,0,0,0,0
browse0.800000011920929_protectFalse_clear3,1,91,beech,0,0,0,0,0,0,0,0,0,0,4,0,0,0,0,0
browse0.800000011920929_protectFalse_clear3,1,92,sitka-spruce,0,0,0,0,0,0,0,0,0,0,4,0,0,0,0,0
browse0.800000011920929_protectFalse_clear3,1,92,sessile-oak,0,0,0,0,0,0,0,0,0,0,4,0,0,0,0,0
browse0.800000011920929_protectFalse_clear3,1,92,beech,0,0,0,0,0,0,0,0,0,0,4,0,0,0,0,0
browse0.800000011920929_protectFalse_clear3,1,93,sitka-spruce,0,0,0,0,0,0,0,0,0,0,4,0,0,0,0,0
browse0.800000011920929_protectFalse_clear3,1,93,sessile-oak,0,0,0,0,0,0,0,0,0,0,4,0,0,0,0,0
browse0.800000011920929_protectFalse_clear3,1,93,beech,0,0,0,0,0,0,0,0,0,0,4,0,0,0,0,0
browse0.800000011920929_protectFalse_clear3,1,94,sitka-spruce,0,0,0,0,0,0,0,0,0,0,4,0,0,0,0,0
browse0.800000011920929_protectFalse_clear3,1,94,sessile-oak,0,0,0,0,0,0,0,0,0,0,4,0,0,0,0,0
browse0.800000011920929_protectFalse_clear3,1,94,beech,0,0,0,0,0,0,0,0,0,0,4,0,0,0,0,0
browse0.800000011920929_protectFalse_clear3,1,95,sitka-spruce,0,0,0,0,0,0,0,0,0,0,4,0,0,0,0,0
browse0.800000011920929_protectFalse_clear3,1,95,sessile-oak,0,0,0,0,0,0,0,0,0,0,4,0,0,0,0,0
browse0.800000011920929_protectFalse_clear3,1,95,beech,0,0,0,0,0,0,0,0,0,0,4,0,0,0,0,0
browse0.800000011920929_protectFalse_clear3,1,96,sitka-spruce,0,0,0,0,0,0,0,0,0,0,4,0,0,0,0,0
browse0.800000011920929_protectFalse_clear3,1,96,sessile-oak,0,0,0,0,0,0,0,0,0,0,4,0,0,0,0,0
browse0.800000011920929_protectFalse_clear3,1,96,beech,0,0,0,0,0,0,0,0,0,0,4,0,0,0,0,0
browse0.800000011920929_protectFalse_clear3,1,97,sitka-spruce,0,0,0,0,0,0,0,0,0,0,4,0,0,0,0,0
browse0.800000011920929_protectFalse_clear3,1,97,sessile-oak,0,0,0,0,0,0,0,0,0,0,4,0,0,0,0,0
browse0.800000011920929_protectFalse_clear3,1,97,beech,0,0,0,0,0,0,0,0,0,0,4,0,0,0,0,0
browse0.800000011920929_protectFalse_clear3,1,98,sitka-spruce,0,0,0,0,0,0,0,0,0,0,4,0,0,0,0,0
browse0.800000011920929_protectFalse_clear3,1,98,sessile-oak,0,0,0,0,0,0,0,0,0,0,4,0,0,0,0,0
browse0.800000011920929_protectFalse_clear3,1,98,beech,0,0,0,0,0,0,0,0,0,0,4,0,0,0,0,0
browse0.800000011920929_protectFalse_clear3,1,99,sitka-spruce,0,0,0,0,0,0,0,0,0,0,4,0,0,0,0,0
browse0.800000011920929_protectFalse_clear3,1,99,sessile-oak,0,0,0,0,0,0,0,0,0,0,4,0,0,0,0,0
browse0.800000011920929_protectFalse_clear3,1,99,beech,0,0,0,0,0,0,0,0,0,0,4,0,0,0,0,0
browse0.800000011920929_protectFalse_clear3,1,100,sitka-spruce,0,0,0,0,0,0,0,0,0,0,4,0,0,0,0,0
browse0.800000011920929_protectFalse_clear3,1,100,sessile-oak,0,0,0,0,0,0,0,0,0,0,4,0,0,0,0,0
browse0.800000011920929_protectFalse_clear3,1,100,beech,0,0,0,0,0,0,0,0,0,0,4,0,0,0,0,0
browse0.800000011920929_protectTrue_clear0,0,1,sitka-spruce,0.800000011920929,0,0,0,0,0,0,0,4,0,0,0,0,0,0,0
browse0.800000011920929_protectTrue_clear0,0,1,sessile-oak,0.800000011920929,0,0,0,0,0,0,0,4,0,0,0,0,0,0,0
browse0.800000011920929_protectTrue_clear0,0,1,beech,0.800000011920929,0,0,0,0,0,0,0,4,0,0,0,0,0,0,0
browse0.800000011920929_protectTrue_clear0,0,2,sitka-spruce,0.800000011920929,0,0,0,0,0,0,0,4,0,0,0,0,0,0,0
browse0.800000011920929_protectTrue_clear0,0,2,sessile-oak,0.800000011920929,0,0,0,0,0,0,0,4,0,0,0,0,0,0,0
browse0.800000011920929_protectTrue_clear0,0,2,beech,0.800000011920929,0,0,0,0,0,0,0,4,0,0,0,0,0,0,0
browse0.800000011920929_protectTrue_clear0,0,3,sitka-spruce,0.800000011920929,0,0,0,0,0,0,0,4,0,0,0,0,0,0,0
browse0.800000011920929_protectTrue_clear0,0,3,sessile-oak,0.800000011920929,0,0,0,0,0,0,0,4,0,0,0,0,0,0,0
browse0.800000011920929_protectTrue_clear0,0,3,beech,0.800000011920929,0,0,0,0,0,0,0,4,0,0,0,0,0,0,0
browse0.800000011920929_protectTrue_clear0,0,4,sitka-spruce,0.800000011920929,0,0,0,0,0,0,0,4,0,0,0,0,0,0,0
browse0.800000011920929_protectTrue_clear0,0,4,sessile-oak,0.800000011920929,0,0,0,0,0,0,0,4,0,0,0,0,0,0,0
browse0.800000011920929_protectTrue_clear0,0,4,beech,0.800000011920929,0,0,0,0,0,0,0,4,0,0,0,0,0,0,0
browse0.800000011920929_protectTrue_clear0,0,5,sitka-spruce,0.800000011920929,0,0,0,0,0,0,0,4,0,0,0,0,0,0,0
browse0.800000011920929_protectTrue_clear0,0,5,sessile-oak,0.800000011920929,0,0,0,0,0,0,0,4,0,0,0,0,0,0,0
browse0.800000011920929_protectTrue_clear0,0,5,beech,0.800000011920929,0,0,0,0,0,0,0,4,0,0,0,0,0,0,0
browse0.800000011920929_protectTrue_clear0,0,6,sitka-spruce,0.800000011920929,0,0,0,0,0,0,0,4,0,0,0,0,0,0,0
browse0.800000011920929_protectTrue_clear0,0,6,sessile-oak,0.800000011920929,0,0,0,0,0,0,0,4,0,0,0,0,0,0,0
browse0.800000011920929_protectTrue_clear0,0,6,beech,0.800000011920929,0,0,0,0,0,0,0,4,0,0,0,0,0,0,0
browse0.800000011920929_protectTrue_clear0,0,7,sitka-spruce,0.800000011920929,0,0,0,0,0,0,0,4,0,0,0,0,0,0,0
browse0.800000011920929_protectTrue_clear0,0,7,sessile-oak,0.800000011920929,0,0,0,0,0,0,0,4,0,0,0,0,0,0,0
browse0.800000011920929_protectTrue_clear0,0,7,beech,0.800000011920929,0,0,0,0,0,0,0,4,0,0,0,0,0,0,0
browse0.800000011920929_protectTrue_clear0,0,8,sitka-spruce,0.800000011920929,0,0,0,0,0,0,0,4,0,0,0,0,0,0,0
browse0.800000011920929_protectTrue_clear0,0,8,sessile-oak,0.800000011920929,0,0,0,0,0,0,0,4,0,0,0,0,0,0,0
browse0.800000011920929_protectTrue_clear0,0,8,beech,0.800000011920929,0,0,0,0,0,0,0,4,0,0,0,0,0,0,0
browse0.800000011920929_protectTrue_clear0,0,9,sitka-spruce,0.800000011920929,0,0,0,0,0,0,0,4,0,0,8,0,0,0,0
browse0.800000011920929_protectTrue_clear0,0,9,sessile-oak,0.800000011920929,0,0,0,0,0,0,0,0,4,0,8,0,0,0,0
browse0.800000011920929_protectTrue_clear0,0,9,beech,0.800000011920929,0,0,0,0,0,0,0,0,4,0,8,0,0,0,0
browse0.800000011920929_protectTrue_clear0,0,10,sitka-spruce,0.800000011920929,0,0,0,0,0,0,0,4,0,0,12,0,0,0,0
browse0.800000011920929_protectTrue_clear0,0,10,sessile-oak,0.800000011920929,0,0,0,0,0,0,0,0,4,0,12,0,0,0,0
browse0.800000011920929_protectTrue_clear0,0,10,beech,0,0,0,0,0,0,0.800000011920929,4,0,4,0,12,0,0,0,0
browse0.800000011920929_protectTrue_clear0,0,11,sitka-spruce,0.75999999046325684,0,0,0,0.040000006556510925,0,0,0,4,0,0,12,0,0,0,0
browse0.800000011920929_protectTrue_clear0,0,11,sessile-oak,0.70032203197479248,0,0,0,0.099677950143814087,0,0,0,0,4,0,12,0,0,0,0
browse0.800000011920929_protectTrue_clear0,0,11,beech,0,0,0,0,0,0,0,0,0,4,0,12,0,0,0,0
browse0.800000011920929_protectTrue_clear0,0,12,sitka-spruce,0.64800000190734863,0,0,0,0.11200001835823059,0,0,0,2,0,2,12,0,0,0,0
browse0.800000011920929_protectTrue_clear0,0,12,sessile-oak,0.551340639591217,0,0,0,0.14898142218589783,0,0,0,0,4,0,12,0,0,0,0
browse0.800000011920929_protectTrue_clear0,0,12,beech,0,0,0,0,0,0,0,0,0,4,0,12,0,0,0,0
browse0.800000011920929_protectTrue_clear0,0,13,sitka-spruce,0.51839995384216309,0,0,0,0.12960001826286316,0,0,0,2,0,2,12,0,0,0,0
browse0.800000011920929_protectTrue_clear0,0,13,sessile-oak,0.38735166192054749,0,0,0,0.16398897767066956,0,0,0,0,4,0,12,0,0,0,0
browse0.800000011920929_protectTrue_clear0,0,13,beech,0,0,0,0,0,0,0,0,0,4,0,12,0,0,0,0
browse0.800000011920929_protectTrue_clear0,0,14,sitka-spruce,0.41471996903419495,0,0,0,0.10368000715970993,0,0,0,1,0,3,12,0,0,0,0
browse0.800000011920929_protectTrue_clear0,0,14,sessile-oak,0.23813992738723755,0,0,0,0.14921174943447113,0,0,0,0,4,0,12,0,0,0,0
browse0.800000011920929_protectTrue_clear0,0,14,beech,0,0,0,0,0,0,0,0,0,4,0,12,0,0,0,0
browse0.800000011920929_protectTrue_clear0,0,15,sitka-spruce,0.331775963306427,0,0,0,0.082943998277187347,0,0,0,0,0,4,12,0,0,0,0
browse0.800000011920929_protectTrue_clear0,0,15,sessile-oak,0.12771303951740265,0,0,0,0.1104268804192543,0,0,0,0,4,0,12,0,0,0,0
browse0.800000011920929_protectTrue_clear0,0,15,beech,0,0,0,0,0,0,0,0,0,4,0,12,0,0,0,0
browse0.800000011920929_protectTrue_clear0,0,16,sitka-spruce,0.26542076468467712,0,0,0,0.066355198621749878,0,0,0,0,0,4,12,0,0,0,0
browse0.800000011920929_protectTrue_clear0,0,16,sessile-oak,0.057341050356626511,0,0,0,0.07037198543548584,0,0,0,0,4,0,12,0,0,0,0
browse0.800000011920929_protectTrue_clear0,0,16,beech,0,0,0,0,0,0,0,0,0,4,0,12,0,0,0,0
browse0.800000011920929_protectTrue_clear0,0,17,sitka-spruce,0.21233661472797394,0,0,0,0.053084153681993484,0,0,0,0,0,4,12,0,0,0,0
browse0.800000011920929_protectTrue_clear0,0,17,sessile-oak,0.021476557478308678,0,0,0,0.035864494740962982,0,0,0,0,4,0,12,0,0,0,0
browse0.800000011920929_protectTrue_clear0,0,17,beech,0,0,0,0,0,0,0,0,0,4,0,12,0,0,0,0
browse0.800000011920929_protectTrue_clear0,0,18,sitka-spruce,0.16986928880214691,0,0,0,0.042467322200536728,0,0,0,0,0,4,12,0,0,0,0
browse0.800000011920929_protectTrue_clear0,0,18,sessile-oak,0.0067889001220464706,0,0,0,0.014687658287584782,0,0,0,0,4,0,12,0,0,0,0
browse0.800000011920929_protectTrue_clear0,0,18,beech,0,0,0,0,0,0,0,0,0,4,0,12,0,0,0,0
browse0.800000011920929_protectTrue_clear0,0,19,sitka-spruce,0.13589543104171753,0,0,0,0.033973857760429382,0,0,0,0,0,4,12,0,0,0,0
browse0.800000011920929_protectTrue_clear0,0,19,sessile-oak,0.0017767652170732617,0,0,0,0.0050121350213885307,0,0,0,0,4,0,12,0,0,0,0
browse0.800000011920929_protectTrue_clear0,0,19,beech,0,0,0,0,0,0,0,0,0,4,0,12,0,0,0,0
browse0.800000011920929_protectTrue_clear0,0,20,sitka-spruce,0.10871634632349014,0,0,0,0.027179086580872536,0,0,0,0,0,4,12,0,0,0,0
browse0.800000011920929_protectTrue_clear0,0,20,sessile-oak,0.00039162582834251225,0,0,0,0.0013851393014192581,0,0,0,0,4,0,12,0,0,0,0
browse0.800000011920929_protectTrue_clear0,0,20,beech,0,0,0,0,0,0,0,0,0,4,0,12,0,0,0,0
browse0.800000011920929_protectTrue_clear0,0,21,sitka-spruce,0.086973078548908234,0,0,0,0.021743267774581909,0,0,0,0,0,4,12,0,0,0,0
browse0.800000011920929_protectTrue_clear0,0,21,sessile-oak,7.8971301263663918E-05,0,0,0,0.00031265450525097549,0,0,0,0,4,0,12,0,0,0,0
browse0.800000011920929_protectTrue_clear0,0,21,beech,0,0,0,0,0,0,0,0,0,4,0,12,0,0,0,0
browse0.800000011920929_protectTrue_clear0,0,22,sitka-spruce,0.069578461349010468,0,0,0,0.017394615337252617,0,0,0,0,0,4,12,0,0,0,0
browse0.800000011920929_protectTrue_clear0,0,22,sessile-oak,1.5794261344126426E-05,0,0,0,6.31770453765057E-05,0,0,0,0,4,0,12,0,0,0,0
browse0.800000011920929_protectTrue_clear0,0,22,beech,0,0,0,0,0,0,0,0,0,4,0,12,0,0,0,0
browse0.800000011920929_protectTrue_clear0,0,23,sitka-spruce,0.055662769824266434,0,0,0,0.013915692456066608,0,0,0,0,0,4,12,0,0,0,0
browse0.800000011920929_protectTrue_clear0,0,23,sessile-oak,3.15885222335055E-06,0,0,0,1.2635407983907498E-05,0,0,0,0,4,0,12,0,0,0,0
browse0.800000011920929_protectTrue_clear0,0,23,beech,0,0,0,0,0,0,0,0,0,4,0,12,0,0,0,0
browse0.800000011920929_protectTrue_clear0,0,24,sitka-spruce,0.044530216604471207,0,0,0,0.011132554151117802,0,0,0,0,0,4,12,0,0,0,0
browse0.800000011920929_protectTrue_clear0,0,24,sessile-oak,6.3177043330142624E-07,0,0,0,2.5270819605793804E-06,0,0,0,0,4,0,12,0,0,0,0
browse0.800000011920929_protectTrue_clear0,0,24,beech,0,0,0,0,0,0,0,0,0,4,0,12,0,0,0,0
browse0.800000011920929_protectTrue_clear0,0,25,sitka-spruce,0.035624172538518906,0,0,0,0.008906044065952301,0,0,0,0,0,4,12,0,0,0,0
browse0.800000011920929_protectTrue_clear0,0,25,sessile-oak,1.2635409518679808E-07,0,0,0,5.0541632390377345E-07,0,0,0,0,4,0,12,0,0,0,0
browse0.800000011920929_protectTrue_clear0,0,25,beech,0,0,0,0,0,0,0,0,0,4,0,12,0,0,0,0
browse0.800000011920929_protectTrue_clear0,0,26,sitka-spruce,0.028499338775873184,0,0,0,0.0071248346939682961,0,0,0,0,0,4,12,0,0,0,0
browse0.800000011920929_protectTrue_clear0,0,26,sessile-oak,2.527081832681688E-08,0,0,0,1.0108327330726752E-07,0,0,0,0,4,0,12,0,0,0,0
browse0.800000011920929_protectTrue_clear0,0,26,beech,0,0,0,0,0,0,0,0,0,4,0,12,0,0,0,0
browse0.800000011920929_protectTrue_clear0,0,27,sitka-spruce,0.022799471393227577,0,0,0,0.005699867382645607,0,0,0,0,0,4,12,0,0,0,0
browse0.800000011920929_protectTrue_clear0,0,27,sessile-oak,5.0541637541812179E-09,0,0,0,2.0216655016724872E-08,0,0,0,0,4,0,12,0,0,0,0
browse0.800000011920929_protectTrue_clear0,0,27,beech,0,0,0,0,0,0,0,0,0,4,0,12,0,0,0,0
browse0.800000011920929_protectTrue_clear0,0,28,sitka-spruce,0.018239576369524002,0,0,0,0.0045598936267197132,0,0,0,0,0,4,12,0,0,0,0
browse0.800000011920929_protectTrue_clear0,0,28,sessile-oak,1.0108327508362436E-09,0,0,0,4.0433310033449743E-09,0,0,0,0,4,0,12,0,0,0,0
browse0.800000011920929_protectTrue_clear0,0,28,beech,0,0,0,0,0,0,0,0,0,4,0,12,0,0,0,0
browse0.800000011920929_protectTrue_clear0,0,29,sitka-spruce,0.014591662213206291,0,0,0,0.0036479150876402855,0,0,0,0,0,4,12,0,0,0,0
browse0.800000011920929_protectTrue_clear0,0,29,sessile-oak,2.0216656126947896E-10,0,0,0,8.0866618956676461E-10,0,0,0,0,4,0,12,0,0,0,0
browse0.800000011920929_protectTrue_clear0,0,29,beech,0,0,0,0,0,0,0,0,0,4,0,12,0,0,0,0
browse0.800000011920929_protectTrue_clear0,0,30,sitka-spruce,0.011673329398036003,0,0,0,0.0029183323495090008,0,0,0,0,0,4,12,0,0,0,0
browse0.800000011920929_protectTrue_clear0,0,30,sessile-oak,4.0433312947785183E-11,0,0,0,1.6173325179114073E-10,0,0,0,0,4,0,12,0,0,0,0
browse0.800000011920929_protectTrue_clear0,0,30,beech,0,0,0,0,0,0,0,0,0,4,0,12,0,0,0,0
browse0.800000011920929_protectTrue_clear0,0,31,sitka-spruce,0.0093386638909578323,0,0,0,0.0023346659727394581,0,0,0,0,0,4,12,0,0,0,0
browse0.800000011920929_protectTrue_clear0,0,31,sessile-oak,8.0866624160846889E-12,0,0,0,3.2346649664338756E-11,0,0,0,0,4,0,12,0,0,0,0
browse0.800000011920929_protectTrue_clear0,0,31,beech,0,0,0,0,0,0,0,0,0,4,0,12,0,0,0,0
browse0.800000011920929_protectTrue_clear0,0,32,sitka-spruce,0.0074709309265017509,0,0,0,0.0018677327316254377,0,0,0,0,0,4,12,0,0,0,0
browse0.800000011920929_protectTrue_clear0,0,32,sessile-oak,1.6173325699531116E-12,0,0,0,6.4693302798124463E-12,0,0,0,0,4,0,12,0,0,0,0
browse0.800000011920929_protectTrue_clear0,0,32,beech,0,0,0,0,0,0,0,0,0,4,0,12,0,0,0,0
browse0.800000011920929_protectTrue_clear0,0,33,sitka-spruce,0.0059767449274659157,0,0,0,0.0014941861154511571,0,0,0,0,0,4,12,0,0,0,0
browse0.800000011920929_protectTrue_clear0,0,33,sessile-oak,3.2346651399062232E-13,0,0,0,1.2938660559624893E-12,0,0,0,0,4,0,12,0,0,0,0
browse0.800000011920929_protectTrue_clear0,0,33,beech,0,0,0,0,0,0,0,0,0,4,0,12,0,0,0,0
browse0.800000011920929_protectTrue_clear0,0,34,sitka-spruce,0.0047813961282372475,0,0,0,0.00119534891564399,0,0,0,0,0,4,12,0,0,0,0
browse0.800000011920929_protectTrue_clear0,0,34,sessile-oak,6.469330686388261E-14,0,0,0,2.5877322745553044E-13,0,0,0,0,4,0,12,0,0,0,0
browse0.800000011920929_protectTrue_clear0,0,34,beech,0,0,0,0,0,0,0,0,0,4,0,12,0,0,0,0
browse0.800000011920929_protectTrue_clear0,0,35,sitka-spruce,0.003825116902589798,0,0,0,0.00095627922564744949,0,0,0,0,0,4,12,0,0,0,0
browse0.800000011920929_protectTrue_clear0,0,35,sessile-oak,1.2938661203369933E-14,0,0,0,5.175464481347973E-14,0,0,0,0,4,0,12,0,0,0,0
browse0.800000011920929_protectTrue_clear0,0,35,beech,0,0,0,0,0,0,0,0,0,4,0,12,0,0,0,0
browse0.800000011920929_protectTrue_clear0,0,36,sitka-spruce,0.0030600936152040958,0,0,0,0.000765023403801024,0,0,0,0,0,4,12,0,0,0,0
browse0.800000011920929_protectTrue_clear0,0,36,sessile-oak,2.5877322406739865E-15,0,0,0,1.0350928962695946E-14,0,0,0,0,4,0,12,0,0,0,0
browse0.800000011920929_protectTrue_clear0,0,36,beech,0,0,0,0,0,0,0,0,0,4,0,12,0,0,0,0
browse0.800000011920929_protectTrue_clear0,0,37,sitka-spruce,0.0024480747524648905,0,0,0,0.00061201868811622262,0,0,0,0,0,4,12,0,0,0,0
browse0.800000011920929_protectTrue_clear0,0,37,sessile-oak,5.175464481347973E-16,0,0,0,2.070186004297426E-15,0,0,0,0,4,0,12,0,0,0,0
browse0.800000011920929_protectTrue_clear0,0,37,beech,0,0,0,0,0,0,0,0,0,4,0,12,0,0,0,0
browse0.800000011920929_protectTrue_clear0,0,38,sitka-spruce,0.0019584598485380411,0,0,0,0.00048961496213451028,0,0,0,0,0,4,12,0,0,0,0
browse0.800000011920929_protectTrue_clear0,0,38,sessile-oak,1.0350929889138232E-16,0,0,0,4.1403716909574968E-16,0,0,0,0,4,0,12,0,0,0,0
browse0.800000011920929_protectTrue_clear0,0,38,beech,0,0,0,0,0,0,0,0,0,4,0,12,0,0,0,0
browse0.800000011920929_protectTrue_clear0,0,39,sitka-spruce,0.0015667679253965616,0,0,0,0.00039169198134914041,0,0,0,0,0,4,12,0,0,0,0
browse0.800000011920929_protectTrue_clear0,0,39,sessile-oak,2.0701859116531974E-17,0,0,0,8.28074364661279E-17,0,0,0,0,4,0,12,0,0,0,0
browse0.800000011920929_protectTrue_clear0,0,39,beech,0,0,0,0,0,0,0,0,0,4,0,12,0,0,0,0
browse0.800000011920929_protectTrue_clear0,0,40,sitka-spruce,0.0012534143170341849,0,0,0,0.00031335357925854623,0,0,0,0,0,4,12,0,0,0,0
browse0.800000011920929_protectTrue_clear0,0,40,sessile-oak,4.1403719060244561E-18,0,0,0,1.6561487624097824E-17,0,0,0,0,4,0,12,0,0,0,0.023461947217583656
browse0.800000011920929_protectTrue_clear0,0,40,beech,0,0,0,0,0,0,0,0,0,4,0,12,0,0,0,0.087974607944488525
browse0.800000011920929_protectTrue_clear0,0,41,sitka-spruce,0.0010027313837781549,0,0,0,0.00025068287504836917,0,0,0,0,0,4,12,0,0,0,0
browse0.800000011920929_protectTrue_clear0,0,41,sessile-oak,8.2807443290367951E-19,0,0,0,3.3122975248195649E-18,0,0,0,0,4,0,12,0,0,0,0.011904085986316204
browse0.800000011920929_protectTrue_clear0,0,41,beech,0,0,0,0,0,0,0,0,0,4,0,12,0,0,0,0.07017786055803299
browse0.800000011920929_protectTrue_clear0,0,42,sitka-spruce,0.0008021850953809917,0,0,0,0.00020054630294907838,0,0,0,0,0,4,12,0,0,0,0
browse0.800000011920929_protectTrue_clear0,0,42,sessile-oak,1.6561488399579649E-19,0,0,0,6.6245953598318595E-19,0,0,0,0,4,0,12,0,0,0,0.07247374951839447
browse0.800000011920929_protectTrue_clear0,0,42,beech,0,0,0,0,0,0,0,0,0,4,0,12,0,0,0,0.47712969779968262
browse0.800000011920929_protectTrue_clear0,0,43,sitka-spruce,0.00064174807630479336,0,0,0,0.00016043703362811357,0,0,0,0,0,4,12,0,0,0,0
browse0.800000011920929_protectTrue_clear0,0,43,sessile-oak,3.3122977445394151E-20,0,0,0,1.324919097815766E-19,0,0,0,0,4,0,12,0,0,0,0.098042607307434082
browse0.800000011920929_protectTrue_clear0,0,43,beech,0,0,0,0,0,0,0,0,0,4,0,12,0,0,0,0.16930153965950012
browse0.800000011920929_protectTrue_clear0,0,44,sitka-spruce,0.00051339843776077032,0,0,0,0.00012834960944019258,0,0,0,0,0,4,12,0,0,0,0
browse0.800000011920929_protectTrue_clear0,0,44,sessile-oak,6.62459548907883E-21,0,0,0,2.6498381956315321E-20,0,0,0,0,4,0,12,0,0,0,0.12432973086833954
browse0.800000011920929_protectTrue_clear0,0,44,beech,0,0,0,0,0,0,0,0,0,4,0,12,0,0,0,0.88091081380844116
browse0.800000011920929_protectTrue_clear0,0,45,sitka-spruce,0.0004107187851332128,0,0,0,0.00010267968900734559,0,0,0,0,0,4,12,0,0,0,0
browse0.800000011920929_protectTrue_clear0,0,45,sessile-oak,1.3249191785951227E-21,0,0,0,5.2996763104837075E-21,0,0,0,0,4,0,12,0,0,0,0.03783508762717247
browse0.800000011920929_protectTrue_clear0,0,45,beech,0,0,0,0,0,0,0,0,0,4,0,12,0,0,0,1.0882091522216797
browse0.800000011920929_protectTrue_clear0,0,46,sitka-spruce,0.00032857502810657024,0,0,0,8.2143749750684947E-05,0,0,0,0,0,4,12,0,0,0,0
browse0.800000011920929_protectTrue_clear0,0,46,sessile-oak,2.6498383067031475E-22,0,0,0,1.059935322681259E-21,0,0,0,0,4,0,12,0,0,0,0.17907840013504028
browse0.800000011920929_protectTrue_clear0,0,46,beech,0,0,0,0,0,0,0,0,0,4,0,12,0,0,0,0.32476562261581421
browse0.800000011920929_protectTrue_clear0,0,47,sitka-spruce,0.00026286003412678838,0,0,0,6.5714993979781866E-05,0,0,0,0,0,4,12,0,0,0,0
browse0.800000011920929_protectTrue_clear0,0,47,sessile-oak,5.29967673962404E-23,0,0,0,2.119870695849616E-22,0,0,0,0,4,0,12,0,0,0,0.20754706859588623
browse0.800000011920929_protectTrue_clear0,0,47,beech,0.0054889321327209473,0.0054889321327209473,0.0054889321327209473,0,0,0,0,0,0,4,0,12,0,0,0,1.5134299993515015
browse0.800000011920929_protectTrue_clear0,0,48,sitka-spruce,0.00021028802439104766,0,0,0,5.25719988218043E-05,0,0,0,0,0,4,12,0,0,0,0
browse0.800000011920929_protectTrue_clear0,0,48,sessile-oak,1.0599354425881166E-23,0,0,0,4.2397414548081043E-23,0,0,0,0,4,0,12,0,0,0,0.059187073260545731
browse0.800000011920929_protectTrue_clear0,0,48,beech,0.016898900270462036,0.011409968137741089,0.011409968137741089,0,0,0,0,0,0,4,0,12,0,0,0,1.7312687635421753
browse0.800000011920929_protectTrue_clear0,0,49,sitka-spruce,0.00016823042824398726,0,0,0,4.20575997850392E-05,0,0,0,0,0,4,12,0,0,0,0
browse0.800000011920929_protectTrue_clear0,0,49,sessile-oak,2.1198708062901427E-24,0,0,0,8.4794832251605708E-24,0,0,0,0,4,0,12,0,0,0,0.26668339967727661
browse0.800000011920929_protectTrue_clear0,0,49,beech,0.056295305490493774,0.039396405220031738,0.039396405220031738,0,0,0,0,0,0,4,0,12,0,0,0,1.9525344371795654
browse0.800000011920929_protectTrue_clear0,0,50,sitka-spruce,0.0001345843484159559,0,0,0,3.3646079828031361E-05,0,0,0,0,0,4,12,0,0,0,0
browse0.800000011920929_protectTrue_clear0,0,50,sessile-oak,0.029195845127105713,0.029195845127105713,0.029195845127105713,0,1.6958967239182047E-24,0,0,0,0,4,0,12,0,0,0,0.99117720127105713
browse0.800000011920929_protectTrue_clear0,0,50,beech,0.056295305490493774,0,0,0,0,0,0,0,0,4,0,12,0,0,0,0.54429537057876587
browse0.800000011920929_protectTrue_clear0,0,51,sitka-spruce,0.00010766748164314777,0,0,0,2.6916866772808135E-05,0,0,0,0,0,4,12,0,0,0,0
browse0.800000011920929_protectTrue_clear0,0,51,sessile-oak,0.0058391690254211426,0,0,0,0.02335667610168457,0,0,0,0,4,0,12,0,0,0,0.082189440727233887
browse0.800000011920929_protectTrue_clear0,0,51,beech,0.12116971611976624,0.064874410629272461,0.064874410629272461,0,0,0,0,0,0,4,0,12,0,0,0,2.405165433883667
browse0.800000011920929_protectTrue_clear0,0,52,sitka-spruce,8.6133979493752122E-05,0,0,0,2.1533496692427434E-05,0,0,0,0,0,4,12,0,0,0,0
browse0.800000011920929_protectTrue_clear0,0,52,sessile-oak,0.0011678339214995503,0,0,0,0.0046713352203369141,0,0,0,0,4,0,12,0,0,0,0.0902242586016655
browse0.800000011920929_protectTrue_clear0,0,52,beech,0.558605968952179,0.43743625283241272,0.43743625283241272,0,0,0,0,0,0,4,0,12,0,0,0,6.5911040306091309
browse0.800000011920929_protectTrue_clear0,0,53,sitka-spruce,6.8907182139810175E-05,0,0,0,1.7226797353941947E-05,0,0,0,0,0,4,12,0,0,0,0
browse0.800000011920929_protectTrue_clear0,0,53,sessile-oak,0.00023356678138952702,0,0,0,0.00093426712555810809,0,0,0,0,4,0,12,0,0,0,0.39377045631408691
browse0.800000011920929_protectTrue_clear0,0,53,beech,0.6738429069519043,0.11523693799972534,0.11523693799972534,0,0,0,0,0,0,4,0,12,0,0,0,2.8709640502929688
browse0.800000011920929_protectTrue_clear0,0,54,sitka-spruce,5.5125747167039663E-05,0,0,0,1.3781436791759916E-05,0,0,0,0,0,4,12,0,0,0,0
browse0.800000011920929_protectTrue_clear0,0,54,sessile-oak,4.6713357733096927E-05,0,0,0,0.00018685343093238771,0,0,0,0,4,0,12,0,0,0,0.1068442165851593
browse0.800000011920929_protectTrue_clear0,0,54,beech,0.6738429069519043,0,0,0,0,0,0,0,0,4,0,12,0,0,0,0.77717256546020508
browse0.800000011920929_protectTrue_clear0,0,55,sitka-spruce,4.410059773363173E-05,0,0,0,1.1025149433407933E-05,0,0,0,0,0,4,12,0,0,0,0
browse0.800000011920929_protectTrue_clear0,0,55,sessile-oak,9.3426715466193855E-06,0,0,0,3.7370686186477542E-05,0,0,0,0,4,0,12,0,0,0,0.46171534061431885
browse0.800000011920929_protectTrue_clear0,0,55,beech,0.6738429069519043,0,0,0,0,0,0,0,0,4,0,12,0,0,0,0.83739352226257324
browse0.800000011920929_protectTrue_clear0,0,56,sitka-spruce,3.5280478186905384E-05,0,0,0,8.820119546726346E-06,0,0,0,0,0,4,12,0,0,0,0
browse0.800000011920929_protectTrue_clear0,0,56,sessile-oak,1.8685342411117745E-06,0,0,0,7.4741369644470979E-06,0,0,0,0,4,0,12,0,0,0,0.12419611215591431
browse0.800000011920929_protectTrue_clear0,0,56,beech,0.6738429069519043,0,0,0,0,0,0,0,0,4,0,12,0,0,0,0.898393988609314
browse0.800000011920929_protectTrue_clear0,0,57,sitka-spruce,2.8224383640917949E-05,0,0,0,7.0560950007347856E-06,0,0,0,0,0,4,12,0,0,0,0
browse0.800000011920929_protectTrue_clear0,0,57,sessile-oak,3.7370685390669678E-07,0,0,0,1.4948274156267871E-06,0,0,0,0,4,0,12,0,0,0,0.53258264064788818
browse0.800000011920929_protectTrue_clear0,0,57,beech,0.6738429069519043,0,0,0,0,0,0,0,0,4,0,12,0,0,0,0.96016281843185425
browse0.800000011920929_protectTrue_clear0,0,58,sitka-spruce,2.2579508367925882E-05,0,0,0,5.6448761824867688E-06,0,0,0,0,0,4,13,0,0,0,0
browse0.800000011920929_protectTrue_clear0,0,58,sessile-oak,7.4741372202424827E-08,0,0,0,2.9896548880969931E-07,0,0,0,0,4,0,13,0,0,0,0.14227709174156189
browse0.800000011920929_protectTrue_clear0,0,58,beech,1.428947925567627,0.76688492298126221,0.76688492298126221,0,0,0,0.011779904365539551,1,0,4,0,13,0,0,0,10.226902008056641
browse0.800000011920929_protectTrue_clear0,0,59,sitka-spruce,1.8063607058138587E-05,0,0,0,4.5159013097872958E-06,0,0,0,0,0,4,14,0,0,0,0
browse0.800000011920929_protectTrue_clear0,0,59,sessile-oak,0.10708526521921158,0.10708525031805038,0.10708525031805038,0,5.9793102025196276E-08,0,0,0,0,4,0,14,0,0,0,2.0203320980072021
browse0.800000011920929_protectTrue_clear0,0,59,beech,2.2308151721954346,0.81276035308837891,0.81276035308837891,0,0,0,0.010893166065216064,1,0,4,0,14,0,0,0,10.850974082946777
browse0.800000011920929_protectTrue_clear0,0,60,sitka-spruce,1.4450884918915108E-05,0,0,0,3.6127210023551015E-06,0,0,0,0,0,4,20,0,0,0,0
browse0.800000011920929_protectTrue_clear0,0,60,sessile-oak,0.059946950525045395,0,0,0,0.047138314694166183,0,0,0,0,4,0,20,0,0,0,0.61298871040344238
browse0.800000011920929_protectTrue_clear0,0,60,beech,2.4013130664825439,0.24553126096725464,0.24553126096725464,0,0,0,0.075033336877822876,6,0,4,0,20,0,0,0,4.4902276992797852
browse0.800000011920929_protectTrue_clear0,0,61,sitka-spruce,1.1560709026525728E-05,0,0,0,2.8901768018840812E-06,0,0,0,0,0,4,20,0,0,0,0
browse0.800000011920929_protectTrue_clear0,0,61,sessile-oak,0.050519287586212158,0,0,0,0.0094276629388332367,0,0,0,0,4,0,20,0,0,0,0.15456250309944153
browse0.800000011920929_protectTrue_clear0,0,61,beech,2.6475570201873779,0.24624386429786682,0.24624386429786682,0,0,0,0,0,0,4,0,20,0,0,0,4.5044522285461426
browse0.800000011920929_protectTrue_clear0,0,62,sitka-spruce,9.2485670393216424E-06,0,0,0,2.3121415324567351E-06,0,0,0,0,0,4,38,0,0,0,0
browse0.800000011920929_protectTrue_clear0,0,62,sessile-oak,0.048633754253387451,0,0,0,0.0018855327507480979,0,0,0,0,4,0,38,0,0,0,0.15591056644916534
browse0.800000011920929_protectTrue_clear0,0,62,beech,3.1641454696655273,0.85118842124938965,0.85118842124938965,0,0,0,0.33459985256195068,18,0,4,0,38,0,0,0,11.300810813903809
browse0.800000011920929_protectTrue_clear0,0,63,sitka-spruce,7.3988535405078437E-06,0,0,0,1.8497133851269609E-06,0,0,0,0,0,4,38,0,0,0,0
browse0.800000011920929_protectTrue_clear0,0,63,sessile-oak,0.053293835371732712,0.0050371885299682617,0.0050371885299682617,0,0.0003771065385080874,0,0,0,0,4,0,38,0,0,0,0.6262052059173584
browse0.800000011920929_protectTrue_clear0,0,63,beech,3.4080517292022705,0.2439064085483551,0.2439064085483551,0,0,0,0,0,0,4,0,38,0,0,0,4.5151290893554688
browse0.800000011920929_protectTrue_clear0,0,64,sitka-spruce,5.9190829233557452E-06,0,0,0,1.4797707308389363E-06,0,0,0,0,0,4,38,0,0,0,0
browse0.800000011920929_protectTrue_clear0,0,64,sessile-oak,0.049188662320375443,0,0,0,0.0041051721200346947,0,0,0,0,4,0,38,0,0,0,0.15727560222148895
browse0.800000011920929_protectTrue_clear0,0,64,beech,3.6501846313476563,0.24213272333145142,0.24213272333145142,0,0,0,0,0,0,4,0,38,0,0,0,4.5137453079223633
browse0.800000011920929_protectTrue_clear0,0,65,sitka-spruce,4.7352664296340663E-06,0,0,0,1.1838164937216789E-06,0,0,0,0,0,4,48,0,0,0,0
browse0.800000011920929_protectTrue_clear0,0,65,sessile-oak,0.048367630690336227,0,0,0,0.00082103448221459985,0,0,0,0,4,0,48,0,0,0,0.15807273983955383
browse0.800000011920929_protectTrue_clear0,0,65,beech,3.7465488910675049,0.24063941836357117,0.24063941836357117,0,0,0,0.14427495002746582,10,0,4,0,48,0,0,0,4.5155677795410156
browse0.800000011920929_protectTrue_clear0,0,66,sitka-spruce,3.7882132346567232E-06,0,0,0,9.4705319497734308E-07,0,0,0,0,0,4,55,0,0,0,0
browse0.800000011920929_protectTrue_clear0,0,66,sessile-oak,0.053211893886327744,0.0051137208938598633,0.0051137208938598633,0,0.0002694556606002152,0,0,0,0,4,0,55,0,0,0,0.635733425617218
browse0.800000011920929_protectTrue_clear0,0,66,beech,3.888899564743042,0.23869848251342773,0.23869848251342773,0,0,0,0.096347808837890625,7,0,4,0,55,0,0,0,4.5200901031494141
browse0.800000011920929_protectTrue_clear0,0,67,sitka-spruce,3.0305704967759084E-06,0,0,0,7.576426241939771E-07,0,0,0,0,0,4,55,0,0,0,0
browse0.800000011920929_protectTrue_clear0,0,67,sessile-oak,0.053782649338245392,0.0051431581377983093,0.0051431581377983093,0,0.0045724022202193737,0,0,0,0,4,0,55,0,0,0,0.63940119743347168
browse0.800000011920929_protectTrue_clear0,0,67,beech,4.714388370513916,0.825488805770874,0.825488805770874,0,0,0,0,0,0,4,0,55,0,0,0,11.317263603210449
browse0.800000011920929_protectTrue_clear0,0,68,sitka-spruce,2.4244563974207267E-06,0,0,0,6.0611409935518168E-07,0,0,0,0,0,4,68,0,0,0,0
browse0.800000011920929_protectTrue_clear0,0,68,sessile-oak,0.16647644340991974,0.11841463297605515,0.11841463297605515,0,0.0057208393700420856,0,0,0,0,4,0,68,0,0,0,2.1442177295684814
browse0.800000011920929_protectTrue_clear0,0,68,beech,4.51453971862793,0.23406438529491425,0.23406438529491425,0,0,0,0.43391343951225281,13,0,4,0,68,0,0,0,4.5356502532958984
browse0.800000011920929_protectTrue_clear0,0,69,sitka-spruce,1.9395652088860516E-06,0,0,0,4.84891245378094E-07,0,0,0,0,0,4,107,0,0,0,0
browse0.800000011920929_protectTrue_clear0,0,69,sessile-oak,0.11315830051898956,0,0,0,0.053318146616220474,0,0,0,0,4,0,107,0,0,0,0.16168515384197235
browse0.800000011920929_protectTrue_clear0,0,69,beech,3.6660866737365723,0.22732438147068024,0.22732438147068024,0,0,0,1.0757771730422974,39,0,4,0,107,0,0,0,4.5414361953735352
browse0.800000011920929_protectTrue_clear0,0,70,sitka-spruce,1.5516523035330465E-06,0,0,0,3.8791301903984277E-07,0,0,0,0,0,4,107,0,0,0,0
browse0.800000011920929_protectTrue_clear0,0,70,sessile-oak,0.2187536209821701,0.11940266191959381,0.11940266191959381,0,0.013807344250380993,0,0,0,0,4,0,107,0,0,0,2.1630611419677734
browse0.800000011920929_protectTrue_clear0,0,70,beech,3.880805492401123,0.21471886336803436,0.21471886336803436,0,0,0,0,0,0,4,0,107,0,0,0,4.5378212928771973
browse0.800000011920929_protectTrue_clear0,0,71,sitka-spruce,1.2413217973517021E-06,0,0,0,3.1033044933792553E-07,0,0,0,0,0,4,114,0,0,0,0
browse0.800000011920929_protectTrue_clear0,0,71,sessile-oak,0.17437693476676941,0.015342839062213898,0.015342839062213898,0,0.0597195103764534,0,0,0,0,4,0,114,0,0,0,0.65141409635543823
browse0.800000011920929_protectTrue_clear0,0,71,beech,3.8953258991241455,0.21259491145610809,0.21259491145610809,0,0,0,0.19807463884353638,7,0,4,0,114,0,0,0,4.5373415946960449
browse0.800000011920929_protectTrue_clear0,0,72,sitka-spruce,9.9305748335609678E-07,0,0,0,2.4826434241731477E-07,0,0,0,0,0,4,138,0,0,0,0
browse0.800000011920929_protectTrue_clear0,0,72,sessile-oak,0.26712071895599365,0.12510833144187927,0.12510833144187927,0,0.032364547252655029,0,0,0,0,4,0,138,0,0,0,2.179715633392334
browse0.800000011920929_protectTrue_clear0,0,72,beech,3.8928930759429932,0.75950473546981812,0.75950473546981812,0,0,0,0.76193761825561523,24,0,4,0,138,0,0,0,11.338413238525391
browse0.800000011920929_protectTrue_clear0,0,73,sitka-spruce,7.94446009422245E-07,0,0,0,1.9861147393385181E-07,0,0,0,0,0,4,145,0,0,0,0
browse0.800000011920929_protectTrue_clear0,0,73,sessile-oak,0.21215549111366272,0.015441164374351501,0.015441164374351501,0,0.070406407117843628,0,0,0,0,4,0,145,0,0,0,0.65492326021194458
browse0.800000011920929_protectTrue_clear0,0,73,beech,3.7223422527313232,0.17160280048847198,0.17160280048847198,0,0.03369145467877388,0,0.30846220254898071,7,0,4,0,145,0,0,0,4.5224123001098633
browse0.800000011920929_protectTrue_clear0,0,74,sitka-spruce,6.3555677343174466E-07,0,0,0,1.5888920756879088E-07,0,0,0,0,0,4,147,0,0,0,0
browse0.800000011920929_protectTrue_clear0,0,74,sessile-oak,0.16580928862094879,0,0,0,0.035886440426111221,0,0.010459750890731812,1,0,4,0,147,0,0,0,0.16404466331005096
browse0.800000011920929_protectTrue_clear0,0,74,beech,3.8376724720001221,0.15907754004001617,0.15907754004001617,0,0.026953160762786865,0,0.01679399237036705,1,0,4,0,147,0,0,0,4.5131015777587891
browse0.800000011920929_protectTrue_clear0,0,75,sitka-spruce,5.0844539600802818E-07,0,0,0,1.2711137742371648E-07,0,0,0,0,0,4,165,0,0,0,0
browse0.800000011920929_protectTrue_clear0,0,75,sessile-oak,0.15185859799385071,0.01552717387676239,0.01552717387676239,0,0.017054686322808266,0,0.012423187494277954,1,0,4,0,165,0,0,0,0.6574089527130127
browse0.800000011920929_protectTrue_clear0,0,75,beech,3.4911677837371826,0,0,0,0.021562529727816582,0,0.32494226098060608,17,0,4,0,165,0,0,0,1.1261670589447021
browse0.800000011920929_protectTrue_clear0,0,76,sitka-spruce,4.0675632817510632E-07,0,0,0,1.0168908204377658E-07,0,0,0,0,0,4,171,0,0,0,0
browse0.800000011920929_protectTrue_clear0,0,76,sessile-oak,0.12580645084381104,0.015569284558296204,0.015569284558296204,0,0.028808964416384697,0,0.01281246542930603,1,0,4,0,171,0,0,0,0.65866678953170776
browse0.800000011920929_protectTrue_clear0,0,76,beech,3.368990421295166,0.1336047500371933,0.1336047500371933,0,0.017250023782253265,0,0.23853194713592529,5,0,4,0,171,0,0,0,4.4974641799926758
browse0.800000011920929_protectTrue_clear0,0,77,sitka-spruce,3.2540506822442694E-07,0,0,0,8.1351259950679378E-08,0,0,0,0,0,4,183,0,0,0,0
browse0.800000011920929_protectTrue_clear0,0,77,sessile-oak,0.21755461394786835,0.12068439275026321,0.12068439275026321,0,0.028936225920915604,0,0,0,0,4,0,183,0,0,0,2.1987590789794922
browse0.800000011920929_protectTrue_clear0,0,77,beech,2.9649310111999512,0.10363610088825226,0.10363610088825226,0,0.013800017535686493,0,0.49389564990997314,12,0,4,0,183,0,0,0,4.4883041381835938
browse0.800000011920929_protectTrue_clear0,0,78,sitka-spruce,2.6032404321085778E-07,0,0,0,6.5081010802714445E-08,0,0,0,0,0,4,188,0,0,0,0
browse0.800000011920929_protectTrue_clear0,0,78,sessile-oak,0.13629244267940521,0,0,0,0.081262178719043732,0,0,0,0,4,0,188,0,0,0,0.16508464515209198
browse0.800000011920929_protectTrue_clear0,0,78,beech,3.3942356109619141,0.51362615823745728,0.51362615823745728,0,0.011040015146136284,0,0.0732814148068428,5,0,4,0,188,0,0,0,11.1942720413208
browse0.800000011920929_protectTrue_clear0,0,79,sitka-spruce,2.0825923741085717E-07,0,0,0,5.2064809352714292E-08,0,0,0,0,0,4,196,0,0,0,0
browse0.800000011920929_protectTrue_clear0,0,79,sessile-oak,0.10433727502822876,0,0,0,0.031955167651176453,0,0,0,0,4,0,196,0,0,0,0.16536231338977814
browse0.800000011920929_protectTrue_clear0,0,79,beech,3.5174977779388428,0.47687911987304688,0.47687911987304688,0,0.019388452172279358,0,0.33422854542732239,8,0,4,0,196,0,0,0,11.176872253417969
browse0.800000011920929_protectTrue_clear0,0,80,sitka-spruce,1.6660739277085668E-07,0,0,0,4.1651848192714169E-08,0,0,0,0,0,4,206,0,0,0,0
browse0.800000011920929_protectTrue_clear0,0,80,sessile-oak,0.084732182323932648,0,0,0,0.019605092704296112,0,0,0,0,4,0,206,0,0,0,0.16561441123485565
browse0.800000011920929_protectTrue_clear0,0,80,beech,3.2478494644165039,0.050041113048791885,0.050041113048791885,0,0.015510763041675091,0,0.30417871475219727,10,0,4,0,206,0,0,0,4.463263988494873
browse0.800000011920929_protectTrue_clear0,0,81,sitka-spruce,1.3328590853234346E-07,0,0,0,3.3321480685799543E-08,0,0,0,0,0,4,212,0,0,0,0
browse0.800000011920929_protectTrue_clear0,0,81,sessile-oak,0.0706634670495987,0,0,0,0.014068709686398506,0,0,0,0,4,0,212,0,0,0,0.16588617861270905
browse0.800000011920929_protectTrue_clear0,0,81,beech,3.1132655143737793,0,0,0,0.014697928912937641,0,0.11988601088523865,6,0,4,0,212,0,0,0,1.114177942276001
browse0.800000011920929_protectTrue_clear0,0,82,sitka-spruce,1.0662873251021665E-07,0,0,0,2.6657183127554163E-08,0,0,0,0,0,4,217,0,0,0,0
browse0.800000011920929_protectTrue_clear0,0,82,sessile-oak,0.059684794396162033,0,0,0,0.010978677310049534,0,0,0,0,4,0,217,0,0,0,0.1661490797996521
browse0.800000011920929_protectTrue_clear0,0,82,beech,2.9742448329925537,0.016851048916578293,0.016851048916578293,0,0.011758343316614628,0,0.14411327242851257,5,0,4,0,217,0,0,0,4.450782299041748
browse0.800000011920929_protectTrue_clear0,0,83,sitka-spruce,8.530298600817332E-08,0,0,0,2.1325744725686491E-08,0,0,0,0,0,4,220,0,0,0,0
browse0.800000011920929_protectTrue_clear0,0,83,sessile-oak,0.16730581223964691,0.11597751080989838,0.11597751080989838,0,0.0083565004169940948,0,0,0,0,4,0,220,0,0,0,2.2193212509155273
browse0.800000011920929_protectTrue_clear0,0,83,beech,2.8486678600311279,0,0,0,0.010220571421086788,0,0.11535654962062836,3,0,4,0,220,0,0,0,1.1115461587905884
browse0.800000011920929_protectTrue_clear0,0,84,sitka-spruce,6.8242385964367713E-08,0,0,0,1.7060596491091928E-08,0,0,0,0,0,4,223,0,0,0,0
browse0.800000011920929_protectTrue_clear0,0,84,sessile-oak,0.10921704024076462,0.0158698707818985,0.0158698707818985,0,0.0739586353302002,0,0,0,0,4,0,223,0,0,0,0.66706794500350952
browse0.800000011920929_protectTrue_clear0,0,84,beech,2.7545633316040039,0,0,0,0.041237320750951767,0,0.052867051213979721,3,0,4,0,223,0,0,0,1.1105360984802246
browse0.800000011920929_protectTrue_clear0,0,85,sitka-spruce,5.4593911613665114E-08,0,0,0,1.3648477015237859E-08,0,0,0,0,0,4,233,0,0,0,0
browse0.800000011920929_protectTrue_clear0,0,85,sessile-oak,0.087618201971054077,0.015921592712402344,0.015921592712402344,0,0.037520430982112885,0,0,0,0,4,0,233,0,0,0,0.6686444878578186
browse0.800000011920929_protectTrue_clear0,0,85,beech,2.5968923568725586,0.015258683823049068,0.015258683823049068,0,0.032989855855703354,0,0.13993990421295166,10,0,4,0,233,0,0,0,4.4406085014343262
browse0.800000011920929_protectTrue_clear0,0,86,sitka-spruce,4.3675129290932091E-08,0,0,0,1.0918781434554603E-08,0,0,0,0,0,4,243,0,0,0,0
browse0.800000011920929_protectTrue_clear0,0,86,sessile-oak,0.060553506016731262,0,0,0,0.027064694091677666,0,0,0,0,4,0,243,0,0,0,0.1676219254732132
browse0.800000011920929_protectTrue_clear0,0,86,beech,2.2422037124633789,0.015230147168040276,0.015230147168040276,0,0.026391882449388504,0,0.34352704882621765,10,0,4,0,243,0,0,0,4.4411916732788086
browse0.800000011920929_protectTrue_clear0,0,87,sitka-spruce,3.4940104143288409E-08,0,0,0,8.7350251476436824E-09,0,0,0,0,0,4,248,0,0,0,0
browse0.800000011920929_protectTrue_clear0,0,87,sessile-oak,0.16420532763004303,0.11664737015962601,0.11664737015962601,0,0.012995554134249687,0,0,0,0,4,0,248,0,0,0,2.2399396896362305
browse0.800000011920929_protectTrue_clear0,0,87,beech,2.0648515224456787,0,0,0,0.07518363744020462,0,0.10216836631298065,5,0,4,0,248,0,0,0,1.1096928119659424
browse0.800000011920929_protectTrue_clear0,0,88,sitka-spruce,2.7952083314630727E-08,0,0,0,6.9880203845684719E-09,0,0,0,0,0,4,250,0,0,0,0
browse0.800000011920929_protectTrue_clear0,0,88,sessile-oak,0.085745327174663544,0,0,0,0.078459993004798889,0,0,0,0,4,0,250,0,0,0,0.16840112209320068
browse0.800000011920929_protectTrue_clear0,0,88,beech,2.146120548248291,0.201345294713974,0.201345294713974,0,0.060146909207105637,0,0.059929341077804565,2,0,4,0,250,0,0,0,11.095165252685547
browse0.800000011920929_protectTrue_clear0,0,89,sitka-spruce,2.2361668072790053E-08,0,0,0,5.5904161300190935E-09,0,0,0,0,0,4,253,0,0,0,0
browse0.800000011920929_protectTrue_clear0,0,89,sessile-oak,0.06286216527223587,0.01613500714302063,0.01613500714302063,0,0.026000814512372017,0,0.013017356395721436,1,0,4,0,253,0,0,0,0.67537176609039307
browse0.800000011920929_protectTrue_clear0,0,89,beech,2.0194778442382813,0,0,0,0.055534116923809052,0,0.071108736097812653,2,0,4,0,253,0,0,0,1.1142342090606689
browse0.800000011920929_protectTrue_clear0,0,90,sitka-spruce,1.7889334458232042E-08,0,0,0,4.4723331704688007E-09,0,0,0,0,0,4,255,0,0,0,0
browse0.800000011920929_protectTrue_clear0,0,90,sessile-oak,0.05478416383266449,0.016187556087970734,0.016187556087970734,0,0.024265563115477562,0,0,0,0,4,0,255,0,0,0,0.67714118957519531
browse0.800000011920929_protectTrue_clear0,0,90,beech,1.9105798006057739,0,0,0,0.0552864708006382,0,0.053611531853675842,2,0,4,0,255,0,0,0,1.1233406066894531
browse0.800000011920929_protectTrue_clear0,0,91,sitka-spruce,1.4311467566585634E-08,0,0,0,3.5778668916464085E-09,0,0,0,0,0,4,257,0,0,0,0
browse0.800000011920929_protectTrue_clear0,0,91,sessile-oak,0.15100684762001038,0.11777861416339874,0.11777861416339874,0,0.021555930376052856,0,0,0,0,4,0,257,0,0,0,2.2637848854064941
browse0.800000011920929_protectTrue_clear0,0,91,beech,1.7710684537887573,0.010618886910378933,0.010618886910378933,0,0.0442291721701622,0,0.1059010922908783,2,0,4,0,257,0,0,0,4.6282014846801758
browse0.800000011920929_protectTrue_clear0,0,92,sitka-spruce,1.1449174053268507E-08,0,0,0,2.8622935133171268E-09,0,0,0,0,0,4,260,0,0,0,0
browse0.800000011920929_protectTrue_clear0,0,92,sessile-oak,0.08857765793800354,0.016302399337291718,0.016302399337291718,0,0.078731589019298553,0,0,0,0,4,0,260,0,0,0,0.68122977018356323
browse0.800000011920929_protectTrue_clear0,0,92,beech,1.6654386520385742,0,0,0,0.035383336246013641,0,0.070246428251266479,3,0,4,0,260,0,0,0,1.19085693359375
browse0.800000011920929_protectTrue_clear0,0,93,sitka-spruce,9.1593390649791218E-09,0,0,0,2.2898347662447804E-09,0,0,0,0,0,4,263,0,0,0,0
browse0.800000011920929_protectTrue_clear0,0,93,sessile-oak,0.051194790750741959,0,0,0,0.03738287091255188,0,0,0,0,4,0,263,0,0,0,0.17081156373023987
browse0.800000011920929_protectTrue_clear0,0,93,beech,1.5608521699905396,0,0,0,0.0393398143351078,0,0.065246716141700745,3,0,4,0,263,0,0,0,1.3041164875030518
browse0.800000011920929_protectTrue_clear0,0,94,sitka-spruce,7.3274710743476135E-09,0,0,0,1.8318678796092058E-09,0,0,0,0,0,4,269,0,0,0,0
browse0.800000011920929_protectTrue_clear0,0,94,sessile-oak,0.055233437567949295,0.016415610909461975,0.016415610909461975,0,0.012376963160932064,0,0,0,0,4,0,269,0,0,0,0.68544965982437134
browse0.800000011920929_protectTrue_clear0,0,94,beech,1.3691370487213135,0.011719689704477787,0.011719689704477787,0,0.032824184745550156,0,0.17061057686805725,6,0,4,0,269,0,0,0,5.668276309967041
browse0.800000011920929_protectTrue_clear0,0,95,sitka-spruce,5.8619766818424068E-09,0,0,0,1.4654942814829042E-09,0,0,0,0,0,4,272,0,0,0,0
browse0.800000011920929_protectTrue_clear0,0,95,sessile-oak,0.036543790251016617,0,0,0,0.018689647316932678,0,0,0,0,4,0,272,0,0,0,0.17191827297210693
browse0.800000011920929_protectTrue_clear0,0,95,beech,1.283907413482666,0,0,0,0.038466744124889374,0,0.046762920916080475,3,0,4,0,272,0,0,0,1.529550313949585
browse0.800000011920929_protectTrue_clear0,0,96,sitka-spruce,4.6895811678382415E-09,0,0,0,1.1723952919595604E-09,0,0,0,0,0,4,275,0,0,0,0
browse0.800000011920929_protectTrue_clear0,0,96,sessile-oak,0.15023525059223175,0.11911587417125702,0.11911587417125702,0,0.0054244170896708965,0,0,0,0,4,0,275,0,0,0,2.3001830577850342
browse0.800000011920929_protectTrue_clear0,0,96,beech,1.1842497587203979,0.0300685353577137,0.0300685353577137,0,0.030773390084505081,0,0.098952785134315491,3,0,4,0,275,0,0,0,6.770453929901123
browse0.800000011920929_protectTrue_clear0,0,97,sitka-spruce,3.7516652007241191E-09,0,0,0,9.3791618915872732E-10,0,0,0,0,0,4,279,0,0,0,0
browse0.800000011920929_protectTrue_clear0,0,97,sessile-oak,0.19143038988113403,0.11930184066295624,0.11930184066295624,0,0.078106701374053955,0,0,0,0,4,0,279,0,0,0,2.3076224327087402
browse0.800000011920929_protectTrue_clear0,0,97,beech,1.0881369113922119,0,0,0,0.035848066210746765,0,0.060264725238084793,4,0,4,0,279,0,0,0,1.8992339372634888
browse0.800000011920929_protectTrue_clear0,0,98,sitka-spruce,3.0013320717614533E-09,0,0,0,7.5033301794036333E-10,0,0,0,0,0,4,282,0,0,0,0
browse0.800000011920929_protectTrue_clear0,0,98,sessile-oak,0.092164985835552216,0,0,0,0.099265389144420624,0,0,0,0,4,0,282,0,0,0,0.1736675500869751
browse0.800000011920929_protectTrue_clear0,0,98,beech,0.93490910530090332,0,0,0,0.028678450733423233,0,0.12454941123723984,3,0,4,0,282,0,0,0,2.1053876876831055
browse0.800000011920929_protectTrue_clear0,0,99,sitka-spruce,2.4010655685913207E-09,0,0,0,6.0026644765898141E-10,0,0,0,0,0,4,283,0,0,0,0
browse0.800000011920929_protectTrue_clear0,0,99,sessile-oak,0.17903357744216919,0.11955096572637558,0.11955096572637558,0,0.032682370394468307,0,0,0,0,4,0,283,0,0,0,2.3229291439056396
browse0.800000011920929_protectTrue_clear0,0,99,beech,1.0103787183761597,0.11947781592607498,0.11947781592607498,0,0.031914286315441132,0,0.012093851342797279,1,0,4,0,283,0,0,0,9.4659490585327148
browse0.800000011920929_protectTrue_clear0,0,100,sitka-spruce,1.9208523660552146E-09,0,0,0,4.8021314702495488E-10,0,0,0,0,0,4,284,0,0,0,0
browse0.800000011920929_protectTrue_clear0,0,100,sessile-oak,0.20888805389404297,0.1198759451508522,0.1198759451508522,0,0.090021461248397827,0,0,0,0,4,0,284,0,0,0,2.3307874202728271
browse0.800000011920929_protectTrue_clear0,0,100,beech,1.1600244045257568,0.19759204983711243,0.19759204983711243,0,0.025531431660056114,0,0.022414911538362503,1,0,4,0,284,0,0,0,11.287632942199707
browse0.800000011920929_protectTrue_clear0,1,1,sitka-spruce,0.800000011920929,0,0,0,0,0,0,0,4,0,0,0,0,0,0,0
browse0.800000011920929_protectTrue_clear0,1,1,sessile-oak,0.800000011920929,0,0,0,0,0,0,0,4,0,0,0,0,0,0,0
browse0.800000011920929_protectTrue_clear0,1,1,beech,0.800000011920929,0,0,0,0,0,0,0,4,0,0,0,0,0,0,0
browse0.800000011920929_protectTrue_clear0,1,2,sitka-spruce,0.800000011920929,0,0,0,0,0,0,0,4,0,0,0,0,0,0,0
browse0.800000011920929_protectTrue_clear0,1,2,sessile-oak,0.800000011920929,0,0,0,0,0,0,0,4,0,0,0,0,0,0,0
browse0.800000011920929_protectTrue_clear0,1,2,beech,0.800000011920929,0,0,0,0,0,0,0,4,0,0,0,0,0,0,0
browse0.800000011920929_protectTrue_clear0,1,3,sitka-spruce,0.800000011920929,0,0,0,0,0,0,0,4,0,0,0,0,0,0,0
browse0.800000011920929_protectTrue_clear0,1,3,sessile-oak,0.800000011920929,0,0,0,0,0,0,0,4,0,0,0,0,0,0,0
browse0.800000011920929_protectTrue_clear0,1,3,beech,0.800000011920929,0,0,0,0,0,0,0,4,0,0,0,0,0,0,0
browse0.800000011920929_protectTrue_clear0,1,4,sitka-spruce,0.800000011920929,0,0,0,0,0,0,0,4,0,0,0,0,0,0,0
browse0.800000011920929_protectTrue_clear0,1,4,sessile-oak,0.800000011920929,0,0,0,0,0,0,0,4,0,0,0,0,0,0,0
browse0.800000011920929_protectTrue_clear0,1,4,beech,0.800000011920929,0,0,0,0,0,0,0,4,0,0,0,0,0,0,0
browse0.800000011920929_protectTrue_clear0,1,5,sitka-spruce,0.800000011920929,0,0,0,0,0,0,0,4,0,0,0,0,0,0,0
browse0.800000011920929_protectTrue_clear0,1,5,sessile-oak,0.800000011920929,0,0,0,0,0,0,0,4,0,0,0,0,0,0,0
browse0.800000011920929_protectTrue_clear0,1,5,beech,0.800000011920929,0,0,0,0,0,0,0,4,0,0,0,0,0,0,0
browse0.800000011920929_protectTrue_clear0,1,6,sitka-spruce,0.800000011920929,0,0,0,0,0,0,0,4,0,0,0,0,0,0,0
browse0.800000011920929_protectTrue_clear0,1,6,sessile-oak,0.800000011920929,0,0,0,0,0,0,0,4,0,0,0,0,0,0,0
browse0.800000011920929_protectTrue_clear0,1,6,beech,0.800000011920929,0,0,0,0,0,0,0,4,0,0,0,0,0,0,0
browse0.800000011920929_protectTrue_clear0,1,7,sitka-spruce,0.800000011920929,0,0,0,0,0,0,0,4,0,0,0,0,0,0,0
browse0.800000011920929_protectTrue_clear0,1,7,sessile-oak,0.800000011920929,0,0,0,0,0,0,0,4,0,0,0,0,0,0,0
browse0.800000011920929_protectTrue_clear0,1,7,beech,0.800000011920929,0,0,0,0,0,0,0,4,0,0,0,0,0,0,0
browse0.800000011920929_protectTrue_clear0,1,8,sitka-spruce,0.800000011920929,0,0,0,0,0,0,0,4,0,0,0,0,0,0,0
browse0.800000011920929_protectTrue_clear0,1,8,sessile-oak,0.800000011920929,0,0,0,0,0,0,0,4,0,0,0,0,0,0,0
browse0.800000011920929_protectTrue_clear0,1,8,beech,0.800000011920929,0,0,0,0,0,0,0,4,0,0,0,0,0,0,0
browse0.800000011920929_protectTrue_clear0,1,9,sitka-spruce,0.800000011920929,0,0,0,0,0,0,0,4,0,0,8,0,0,0,0
browse0.800000011920929_protectTrue_clear0,1,9,sessile-oak,0.800000011920929,0,0,0,0,0,0,0,0,4,0,8,0,0,0,0
browse0.800000011920929_protectTrue_clear0,1,9,beech,0.800000011920929,0,0,0,0,0,0,0,0,4,0,8,0,0,0,0
browse0.800000011920929_protectTrue_clear0,1,10,sitka-spruce,0.800000011920929,0,0,0,0,0,0,0,4,0,0,12,0,0,0,0
browse0.800000011920929_protectTrue_clear0,1,10,sessile-oak,0.800000011920929,0,0,0,0,0,0,0,0,4,0,12,0,0,0,0
browse0.800000011920929_protectTrue_clear0,1,10,beech,0,0,0,0,0,0,0.800000011920929,4,0,4,0,12,0,0,0,0
browse0.800000011920929_protectTrue_clear0,1,11,sitka-spruce,0.75999999046325684,0,0,0,0.040000006556510925,0,0,0,4,0,0,12,0,0,0,0
browse0.800000011920929_protectTrue_clear0,1,11,sessile-oak,0.70032203197479248,0,0,0,0.099677950143814087,0,0,0,0,4,0,12,0,0,0,0
browse0.800000011920929_protectTrue_clear0,1,11,beech,0,0,0,0,0,0,0,0,0,4,0,12,0,0,0,0
browse0.800000011920929_protectTrue_clear0,1,12,sitka-spruce,0.64800000190734863,0,0,0,0.11200001835823059,0,0,0,2,0,2,12,0,0,0,0
browse0.800000011920929_protectTrue_clear0,1,12,sessile-oak,0.551340639591217,0,0,0,0.14898142218589783,0,0,0,0,4,0,12,0,0,0,0
browse0.800000011920929_protectTrue_clear0,1,12,beech,0,0,0,0,0,0,0,0,0,4,0,12,0,0,0,0
browse0.800000011920929_protectTrue_clear0,1,13,sitka-spruce,0.51839995384216309,0,0,0,0.12960001826286316,0,0,0,2,0,2,12,0,0,0,0
browse0.800000011920929_protectTrue_clear0,1,13,sessile-oak,0.38735166192054749,0,0,0,0.16398897767066956,0,0,0,0,4,0,12,0,0,0,0
browse0.800000011920929_protectTrue_clear0,1,13,beech,0,0,0,0,0,0,0,0,0,4,0,12,0,0,0,0
browse0.800000011920929_protectTrue_clear0,1,14,sitka-spruce,0.41471996903419495,0,0,0,0.10368000715970993,0,0,0,1,0,3,12,0,0,0,0
browse0.800000011920929_protectTrue_clear0,1,14,sessile-oak,0.23813992738723755,0,0,0,0.14921174943447113,0,0,0,0,4,0,12,0,0,0,0
browse0.800000011920929_protectTrue_clear0,1,14,beech,0,0,0,0,0,0,0,0,0,4,0,12,0,0,0,0
browse0.800000011920929_protectTrue_clear0,1,15,sitka-spruce,0.331775963306427,0,0,0,0.082943998277187347,0,0,0,0,0,4,12,0,0,0,0
browse0.800000011920929_protectTrue_clear0,1,15,sessile-oak,0.12771303951740265,0,0,0,0.1104268804192543,0,0,0,0,4,0,12,0,0,0,0
browse0.800000011920929_protectTrue_clear0,1,15,beech,0,0,0,0,0,0,0,0,0,4,0,12,0,0,0,0
browse0.800000011920929_protectTrue_clear0,1,16,sitka-spruce,0.26542076468467712,0,0,0,0.066355198621749878,0,0,0,0,0,4,12,0,0,0,0
browse0.800000011920929_protectTrue_clear0,1,16,sessile-oak,0.057341050356626511,0,0,0,0.07037198543548584,0,0,0,0,4,0,12,0,0,0,0
browse0.800000011920929_protectTrue_clear0,1,16,beech,0,0,0,0,0,0,0,0,0,4,0,12,0,0,0,0
browse0.800000011920929_protectTrue_clear0,1,17,sitka-spruce,0.21233661472797394,0,0,0,0.053084153681993484,0,0,0,0,0,4,12,0,0,0,0
browse0.800000011920929_protectTrue_clear0,1,17,sessile-oak,0.021476557478308678,0,0,0,0.035864494740962982,0,0,0,0,4,0,12,0,0,0,0
browse0.800000011920929_protectTrue_clear0,1,17,beech,0,0,0,0,0,0,0,0,0,4,0,12,0,0,0,0
browse0.800000011920929_protectTrue_clear0,1,18,sitka-spruce,0.16986928880214691,0,0,0,0.042467322200536728,0,0,0,0,0,4,12,0,0,0,0
browse0.800000011920929_protectTrue_clear0,1,18,sessile-oak,0.0067889001220464706,0,0,0,0.014687658287584782,0,0,0,0,4,0,12,0,0,0,0
browse0.800000011920929_protectTrue_clear0,1,18,beech,0,0,0,0,0,0,0,0,0,4,0,12,0,0,0,0
browse0.800000011920929_protectTrue_clear0,1,19,sitka-spruce,0.13589543104171753,0,0,0,0.033973857760429382,0,0,0,0,0,4,12,0,0,0,0
browse0.800000011920929_protectTrue_clear0,1,19,sessile-oak,0.0017767652170732617,0,0,0,0.0050121350213885307,0,0,0,0,4,0,12,0,0,0,0
browse0.800000011920929_protectTrue_clear0,1,19,beech,0,0,0,0,0,0,0,0,0,4,0,12,0,0,0,0
browse0.800000011920929_protectTrue_clear0,1,20,sitka-spruce,0.10871634632349014,0,0,0,0.027179086580872536,0,0,0,0,0,4,12,0,0,0,0
browse0.800000011920929_protectTrue_clear0,1,20,sessile-oak,0.00039162582834251225,0,0,0,0.0013851393014192581,0,0,0,0,4,0,12,0,0,0,0
browse0.800000011920929_protectTrue_clear0,1,20,beech,0,0,0,0,0,0,0,0,0,4,0,12,0,0,0,0
browse0.800000011920929_protectTrue_clear0,1,21,sitka-spruce,0.086973078548908234,0,0,0,0.021743267774581909,0,0,0,0,0,4,12,0,0,0,0
browse0.800000011920929_protectTrue_clear0,1,21,sessile-oak,7.8971301263663918E-05,0,0,0,0.00031265450525097549,0,0,0,0,4,0,12,0,0,0,0
browse0.800000011920929_protectTrue_clear0,1,21,beech,0,0,0,0,0,0,0,0,0,4,0,12,0,0,0,0
browse0.800000011920929_protectTrue_clear0,1,22,sitka-spruce,0.069578461349010468,0,0,0,0.017394615337252617,0,0,0,0,0,4,12,0,0,0,0
browse0.800000011920929_protectTrue_clear0,1,22,sessile-oak,1.5794261344126426E-05,0,0,0,6.31770453765057E-05,0,0,0,0,4,0,12,0,0,0,0
browse0.800000011920929_protectTrue_clear0,1,22,beech,0,0,0,0,0,0,0,0,0,4,0,12,0,0,0,0
browse0.800000011920929_protectTrue_clear0,1,23,sitka-spruce,0.055662769824266434,0,0,0,0.013915692456066608,0,0,0,0,0,4,12,0,0,0,0
browse0.800000011920929_protectTrue_clear0,1,23,sessile-oak,3.15885222335055E-06,0,0,0,1.2635407983907498E-05,0,0,0,0,4,0,12,0,0,0,0
browse0.800000011920929_protectTrue_clear0,1,23,beech,0,0,0,0,0,0,0,0,0,4,0,12,0,0,0,0
browse0.800000011920929_protectTrue_clear0,1,24,sitka-spruce,0.044530216604471207,0,0,0,0.011132554151117802,0,0,0,0,0,4,12,0,0,0,0
browse0.800000011920929_protectTrue_clear0,1,24,sessile-oak,6.3177043330142624E-07,0,0,0,2.5270819605793804E-06,0,0,0,0,4,0,12,0,0,0,0
browse0.800000011920929_protectTrue_clear0,1,24,beech,0,0,0,0,0,0,0,0,0,4,0,12,0,0,0,0
browse0.800000011920929_protectTrue_clear0,1,25,sitka-spruce,0.035624172538518906,0,0,0,0.008906044065952301,0,0,0,0,0,4,12,0,0,0,0
browse0.800000011920929_protectTrue_clear0,1,25,sessile-oak,1.2635409518679808E-07,0,0,0,5.0541632390377345E-07,0,0,0,0,4,0,12,0,0,0,0
browse0.800000011920929_protectTrue_clear0,1,25,beech,0,0,0,0,0,0,0,0,0,4,0,12,0,0,0,0
browse0.800000011920929_protectTrue_clear0,1,26,sitka-spruce,0.028499338775873184,0,0,0,0.0071248346939682961,0,0,0,0,0,4,12,0,0,0,0
browse0.800000011920929_protectTrue_clear0,1,26,sessile-oak,2.527081832681688E-08,0,0,0,1.0108327330726752E-07,0,0,0,0,4,0,12,0,0,0,0
browse0.800000011920929_protectTrue_clear0,1,26,beech,0,0,0,0,0,0,0,0,0,4,0,12,0,0,0,0
browse0.800000011920929_protectTrue_clear0,1,27,sitka-spruce,0.022799471393227577,0,0,0,0.005699867382645607,0,0,0,0,0,4,12,0,0,0,0
browse0.800000011920929_protectTrue_clear0,1,27,sessile-oak,5.0541637541812179E-09,0,0,0,2.0216655016724872E-08,0,0,0,0,4,0,12,0,0,0,0
browse0.800000011920929_protectTrue_clear0,1,27,beech,0,0,0,0,0,0,0,0,0,4,0,12,0,0,0,0
browse0.800000011920929_protectTrue_clear0,1,28,sitka-spruce,0.018239576369524002,0,0,0,0.0045598936267197132,0,0,0,0,0,4,12,0,0,0,0
browse0.800000011920929_protectTrue_clear0,1,28,sessile-oak,1.0108327508362436E-09,0,0,0,4.0433310033449743E-09,0,0,0,0,4,0,12,0,0,0,0
browse0.800000011920929_protectTrue_clear0,1,28,beech,0,0,0,0,0,0,0,0,0,4,0,12,0,0,0,0
browse0.800000011920929_protectTrue_clear0,1,29,sitka-spruce,0.014591662213206291,0,0,0,0.0036479150876402855,0,0,0,0,0,4,12,0,0,0,0
browse0.800000011920929_protectTrue_clear0,1,29,sessile-oak,2.0216656126947896E-10,0,0,0,8.0866618956676461E-10,0,0,0,0,4,0,12,0,0,0,0
browse0.800000011920929_protectTrue_clear0,1,29,beech,0,0,0,0,0,0,0,0,0,4,0,12,0,0,0,0
browse0.800000011920929_protectTrue_clear0,1,30,sitka-spruce,0.011673329398036003,0,0,0,0.0029183323495090008,0,0,0,0,0,4,12,0,0,0,0
browse0.800000011920929_protectTrue_clear0,1,30,sessile-oak,4.0433312947785183E-11,0,0,0,1.6173325179114073E-10,0,0,0,0,4,0,12,0,0,0,0
browse0.800000011920929_protectTrue_clear0,1,30,beech,0,0,0,0,0,0,0,0,0,4,0,12,0,0,0,0
browse0.800000011920929_protectTrue_clear0,1,31,sitka-spruce,0.0093386638909578323,0,0,0,0.0023346659727394581,0,0,0,0,0,4,12,0,0,0,0
browse0.800000011920929_protectTrue_clear0,1,31,sessile-oak,8.0866624160846889E-12,0,0,0,3.2346649664338756E-11,0,0,0,0,4,0,12,0,0,0,0
browse0.800000011920929_protectTrue_clear0,1,31,beech,0,0,0,0,0,0,0,0,0,4,0,12,0,0,0,0
browse0.800000011920929_protectTrue_clear0,1,32,sitka-spruce,0.0074709309265017509,0,0,0,0.0018677327316254377,0,0,0,0,0,4,12,0,0,0,0
browse0.800000011920929_protectTrue_clear0,1,32,sessile-oak,1.6173325699531116E-12,0,0,0,6.4693302798124463E-12,0,0,0,0,4,0,12,0,0,0,0
browse0.800000011920929_protectTrue_clear0,1,32,beech,0,0,0,0,0,0,0,0,0,4,0,12,0,0,0,0
browse0.800000011920929_protectTrue_clear0,1,33,sitka-spruce,0.0059767449274659157,0,0,0,0.0014941861154511571,0,0,0,0,0,4,12,0,0,0,0
browse0.800000011920929_protectTrue_clear0,1,33,sessile-oak,3.2346651399062232E-13,0,0,0,1.2938660559624893E-12,0,0,0,0,4,0,12,0,0,0,0
browse0.800000011920929_protectTrue_clear0,1,33,beech,0,0,0,0,0,0,0,0,0,4,0,12,0,0,0,0
browse0.800000011920929_protectTrue_clear0,1,34,sitka-spruce,0.0047813961282372475,0,0,0,0.00119534891564399,0,0,0,0,0,4,12,0,0,0,0
browse0.800000011920929_protectTrue_clear0,1,34,sessile-oak,6.469330686388261E-14,0,0,0,2.5877322745553044E-13,0,0,0,0,4,0,12,0,0,0,0
browse0.800000011920929_protectTrue_clear0,1,34,beech,0,0,0,0,0,0,0,0,0,4,0,12,0,0,0,0
browse0.800000011920929_protectTrue_clear0,1,35,sitka-spruce,0.003825116902589798,0,0,0,0.00095627922564744949,0,0,0,0,0,4,12,0,0,0,0
browse0.800000011920929_protectTrue_clear0,1,35,sessile-oak,1.2938661203369933E-14,0,0,0,5.175464481347973E-14,0,0,0,0,4,0,12,0,0,0,0
browse0.800000011920929_protectTrue_clear0,1,35,beech,0,0,0,0,0,0,0,0,0,4,0,12,0,0,0,0
browse0.800000011920929_protectTrue_clear0,1,36,sitka-spruce,0.0030600936152040958,0,0,0,0.000765023403801024,0,0,0,0,0,4,12,0,0,0,0
browse0.800000011920929_protectTrue_clear0,1,36,sessile-oak,2.5877322406739865E-15,0,0,0,1.0350928962695946E-14,0,0,0,0,4,0,12,0,0,0,0
browse0.800000011920929_protectTrue_clear0,1,36,beech,0,0,0,0,0,0,0,0,0,4,0,12,0,0,0,0
browse0.800000011920929_protectTrue_clear0,1,37,sitka-spruce,0.0024480747524648905,0,0,0,0.00061201868811622262,0,0,0,0,0,4,12,0,0,0,0
browse0.800000011920929_protectTrue_clear0,1,37,sessile-oak,5.175464481347973E-16,0,0,0,2.070186004297426E-15,0,0,0,0,4,0,12,0,0,0,0
browse0.800000011920929_protectTrue_clear0,1,37,beech,0,0,0,0,0,0,0,0,0,4,0,12,0,0,0,0
browse0.800000011920929_protectTrue_clear0,1,38,sitka-spruce,0.0019584598485380411,0,0,0,0.00048961496213451028,0,0,0,0,0,4,12,0,0,0,0
browse0.800000011920929_protectTrue_clear0,1,38,sessile-oak,1.0350929889138232E-16,0,0,0,4.1403716909574968E-16,0,0,0,0,4,0,12,0,0,0,0
browse0.800000011920929_protectTrue_clear0,1,38,beech,0,0,0,0,0,0,0,0,0,4,0,12,0,0,0,0
browse0.800000011920929_protectTrue_clear0,1,39,sitka-spruce,0.0015667679253965616,0,0,0,0.00039169198134914041,0,0,0,0,0,4,12,0,0,0,0
browse0.800000011920929_protectTrue_clear0,1,39,sessile-oak,2.0701859116531974E-17,0,0,0,8.28074364661279E-17,0,0,0,0,4,0,12,0,0,0,0
browse0.800000011920929_protectTrue_clear0,1,39,beech,0,0,0,0,0,0,0,0,0,4,0,12,0,0,0,0
browse0.800000011920929_protectTrue_clear0,1,40,sitka-spruce,0.0012534143170341849,0,0,0,0.00031335357925854623,0,0,0,0,0,4,12,0,0,0,0
browse0.800000011920929_protectTrue_clear0,1,40,sessile-oak,4.1403719060244561E-18,0,0,0,1.6561487624097824E-17,0,0,0,0,4,0,12,0,0,0,0.023461947217583656
browse0.800000011920929_protectTrue_clear0,1,40,beech,0,0,0,0,0,0,0,0,0,4,0,12,0,0,0,0.087974607944488525
browse0.800000011920929_protectTrue_clear0,1,41,sitka-spruce,0.0010027313837781549,0,0,0,0.00025068287504836917,0,0,0,0,0,4,12,0,0,0,0
browse0.800000011920929_protectTrue_clear0,1,41,sessile-oak,8.2807443290367951E-19,0,0,0,3.3122975248195649E-18,0,0,0,0,4,0,12,0,0,0,0.011904085986316204
browse0.800000011920929_protectTrue_clear0,1,41,beech,0,0,0,0,0,0,0,0,0,4,0,12,0,0,0,0.07017786055803299
browse0.800000011920929_protectTrue_clear0,1,42,sitka-spruce,0.0008021850953809917,0,0,0,0.00020054630294907838,0,0,0,0,0,4,12,0,0,0,0
browse0.800000011920929_protectTrue_clear0,1,42,sessile-oak,1.6561488399579649E-19,0,0,0,6.6245953598318595E-19,0,0,0,0,4,0,12,0,0,0,0.07247374951839447
browse0.800000011920929_protectTrue_clear0,1,42,beech,0,0,0,0,0,0,0,0,0,4,0,12,0,0,0,0.47712969779968262
browse0.800000011920929_protectTrue_clear0,1,43,sitka-spruce,0.00064174807630479336,0,0,0,0.00016043703362811357,0,0,0,0,0,4,12,0,0,0,0
browse0.800000011920929_protectTrue_clear0,1,43,sessile-oak,3.3122977445394151E-20,0,0,0,1.324919097815766E-19,0,0,0,0,4,0,12,0,0,0,0.098042607307434082
browse0.800000011920929_protectTrue_clear0,1,43,beech,0,0,0,0,0,0,0,0,0,4,0,12,0,0,0,0.16930153965950012
browse0.800000011920929_protectTrue_clear0,1,44,sitka-spruce,0.00051339843776077032,0,0,0,0.00012834960944019258,0,0,0,0,0,4,12,0,0,0,0
browse0.800000011920929_protectTrue_clear0,1,44,sessile-oak,6.62459548907883E-21,0,0,0,2.6498381956315321E-20,0,0,0,0,4,0,12,0,0,0,0.12432973086833954
browse0.800000011920929_protectTrue_clear0,1,44,beech,0,0,0,0,0,0,0,0,0,4,0,12,0,0,0,0.88091081380844116
browse0.800000011920929_protectTrue_clear0,1,45,sitka-spruce,0.0004107187851332128,0,0,0,0.00010267968900734559,0,0,0,0,0,4,12,0,0,0,0
browse0.800000011920929_protectTrue_clear0,1,45,sessile-oak,1.3249191785951227E-21,0,0,0,5.2996763104837075E-21,0,0,0,0,4,0,12,0,0,0,0.03783508762717247
browse0.800000011920929_protectTrue_clear0,1,45,beech,0,0,0,0,0,0,0,0,0,4,0,12,0,0,0,1.0882091522216797
browse0.800000011920929_protectTrue_clear0,1,46,sitka-spruce,0.00032857502810657024,0,0,0,8.2143749750684947E-05,0,0,0,0,0,4,12,0,0,0,0
browse0.800000011920929_protectTrue_clear0,1,46,sessile-oak,2.6498383067031475E-22,0,0,0,1.059935322681259E-21,0,0,0,0,4,0,12,0,0,0,0.17907840013504028
browse0.800000011920929_protectTrue_clear0,1,46,beech,0,0,0,0,0,0,0,0,0,4,0,12,0,0,0,0.32476562261581421
browse0.800000011920929_protectTrue_clear0,1,47,sitka-spruce,0.00026286003412678838,0,0,0,6.5714993979781866E-05,0,0,0,0,0,4,12,0,0,0,0
browse0.800000011920929_protectTrue_clear0,1,47,sessile-oak,5.29967673962404E-23,0,0,0,2.119870695849616E-22,0,0,0,0,4,0,12,0,0,0,0.20754706859588623
browse0.800000011920929_protectTrue_clear0,1,47,beech,0.0054889321327209473,0.0054889321327209473,0.0054889321327209473,0,0,0,0,0,0,4,0,12,0,0,0,1.5134299993515015
browse0.800000011920929_protectTrue_clear0,1,48,sitka-spruce,0.00021028802439104766,0,0,0,5.25719988218043E-05,0,0,0,0,0,4,12,0,0,0,0
browse0.800000011920929_protectTrue_clear0,1,48,sessile-oak,1.0599354425881166E-23,0,0,0,4.2397414548081043E-23,0,0,0,0,4,0,12,0,0,0,0.059187073260545731
browse0.800000011920929_protectTrue_clear0,1,48,beech,0.016898900270462036,0.011409968137741089,0.011409968137741089,0,0,0,0,0,0,4,0,12,0,0,0,1.7312687635421753
browse0.800000011920929_protectTrue_clear0,1,49,sitka-spruce,0.00016823042824398726,0,0,0,4.20575997850392E-05,0,0,0,0,0,4,12,0,0,0,0
browse0.800000011920929_protectTrue_clear0,1,49,sessile-oak,2.1198708062901427E-24,0,0,0,8.4794832251605708E-24,0,0,0,0,4,0,12,0,0,0,0.26668339967727661
browse0.800000011920929_protectTrue_clear0,1,49,beech,0.056295305490493774,0.039396405220031738,0.039396405220031738,0,0,0,0,0,0,4,0,12,0,0,0,1.9525344371795654
browse0.800000011920929_protectTrue_clear0,1,50,sitka-spruce,0.0001345843484159559,0,0,0,3.3646079828031361E-05,0,0,0,0,0,4,12,0,0,0,0
browse0.800000011920929_protectTrue_clear0,1,50,sessile-oak,0.029195845127105713,0.029195845127105713,0.029195845127105713,0,1.6958967239182047E-24,0,0,0,0,4,0,12,0,0,0,0.99117720127105713
browse0.800000011920929_protectTrue_clear0,1,50,beech,0.056295305490493774,0,0,0,0,0,0,0,0,4,0,12,0,0,0,0.54429537057876587
browse0.800000011920929_protectTrue_clear0,1,51,sitka-spruce,0.00010766748164314777,0,0,0,2.6916866772808135E-05,0,0,0,0,0,4,12,0,0,0,0
browse0.800000011920929_protectTrue_clear0,1,51,sessile-oak,0.0058391690254211426,0,0,0,0.02335667610168457,0,0,0,0,4,0,12,0,0,0,0.082189440727233887
browse0.800000011920929_protectTrue_clear0,1,51,beech,0.12116971611976624,0.064874410629272461,0.064874410629272461,0,0,0,0,0,0,4,0,12,0,0,0,2.405165433883667
browse0.800000011920929_protectTrue_clear0,1,52,sitka-spruce,8.6133979493752122E-05,0,0,0,2.1533496692427434E-05,0,0,0,0,0,4,12,0,0,0,0
browse0.800000011920929_protectTrue_clear0,1,52,sessile-oak,0.0011678339214995503,0,0,0,0.0046713352203369141,0,0,0,0,4,0,12,0,0,0,0.0902242586016655
browse0.800000011920929_protectTrue_clear0,1,52,beech,0.558605968952179,0.43743625283241272,0.43743625283241272,0,0,0,0,0,0,4,0,12,0,0,0,6.5911040306091309
browse0.800000011920929_protectTrue_clear0,1,53,sitka-spruce,6.8907182139810175E-05,0,0,0,1.7226797353941947E-05,0,0,0,0,0,4,12,0,0,0,0
browse0.800000011920929_protectTrue_clear0,1,53,sessile-oak,0.00023356678138952702,0,0,0,0.00093426712555810809,0,0,0,0,4,0,12,0,0,0,0.39377045631408691
browse0.800000011920929_protectTrue_clear0,1,53,beech,0.6738429069519043,0.11523693799972534,0.11523693799972534,0,0,0,0,0,0,4,0,12,0,0,0,2.8709640502929688
browse0.800000011920929_protectTrue_clear0,1,54,sitka-spruce,5.5125747167039663E-05,0,0,0,1.3781436791759916E-05,0,0,0,0,0,4,12,0,0,0,0
browse0.800000011920929_protectTrue_clear0,1,54,sessile-oak,4.6713357733096927E-05,0,0,0,0.00018685343093238771,0,0,0,0,4,0,12,0,0,0,0.1068442165851593
browse0.800000011920929_protectTrue_clear0,1,54,beech,0.6738429069519043,0,0,0,0,0,0,0,0,4,0,12,0,0,0,0.77717256546020508
browse0.800000011920929_protectTrue_clear0,1,55,sitka-spruce,4.410059773363173E-05,0,0,0,1.1025149433407933E-05,0,0,0,0,0,4,12,0,0,0,0
browse0.800000011920929_protectTrue_clear0,1,55,sessile-oak,9.3426715466193855E-06,0,0,0,3.7370686186477542E-05,0,0,0,0,4,0,12,0,0,0,0.46171534061431885
browse0.800000011920929_protectTrue_clear0,1,55,beech,0.6738429069519043,0,0,0,0,0,0,0,0,4,0,12,0,0,0,0.83739352226257324
browse0.800000011920929_protectTrue_clear0,1,56,sitka-spruce,3.5280478186905384E-05,0,0,0,8.820119546726346E-06,0,0,0,0,0,4,12,0,0,0,0
browse0.800000011920929_protectTrue_clear0,1,56,sessile-oak,1.8685342411117745E-06,0,0,0,7.4741369644470979E-06,0,0,0,0,4,0,12,0,0,0,0.12419611215591431
browse0.800000011920929_protectTrue_clear0,1,56,beech,0.6738429069519043,0,0,0,0,0,0,0,0,4,0,12,0,0,0,0.898393988609314
browse0.800000011920929_protectTrue_clear0,1,57,sitka-spruce,2.8224383640917949E-05,0,0,0,7.0560950007347856E-06,0,0,0,0,0,4,12,0,0,0,0
browse0.800000011920929_protectTrue_clear0,1,57,sessile-oak,3.7370685390669678E-07,0,0,0,1.4948274156267871E-06,0,0,0,0,4,0,12,0,0,0,0.53258264064788818
browse0.800000011920929_protectTrue_clear0,1,57,beech,0.6738429069519043,0,0,0,0,0,0,0,0,4,0,12,0,0,0,0.96016281843185425
browse0.800000011920929_protectTrue_clear0,1,58,sitka-spruce,2.2579508367925882E-05,0,0,0,5.6448761824867688E-06,0,0,0,0,0,4,13,0,0,0,0
browse0.800000011920929_protectTrue_clear0,1,58,sessile-oak,7.4741372202424827E-08,0,0,0,2.9896548880969931E-07,0,0,0,0,4,0,13,0,0,0,0.14227709174156189
browse0.800000011920929_protectTrue_clear0,1,58,beech,1.428947925567627,0.76688492298126221,0.76688492298126221,0,0,0,0.011779904365539551,1,0,4,0,13,0,0,0,10.226902008056641
browse0.800000011920929_protectTrue_clear0,1,59,sitka-spruce,1.8063607058138587E-05,0,0,0,4.5159013097872958E-06,0,0,0,0,0,4,14,0,0,0,0
browse0.800000011920929_protectTrue_clear0,1,59,sessile-oak,0.10708526521921158,0.10708525031805038,0.10708525031805038,0,5.9793102025196276E-08,0,0,0,0,4,0,14,0,0,0,2.0203320980072021
browse0.800000011920929_protectTrue_clear0,1,59,beech,2.2308151721954346,0.81276035308837891,0.81276035308837891,0,0,0,0.010893166065216064,1,0,4,0,14,0,0,0,10.850974082946777
browse0.800000011920929_protectTrue_clear0,1,60,sitka-spruce,1.4450884918915108E-05,0,0,0,3.6127210023551015E-06,0,0,0,0,0,4,20,0,0,0,0
browse0.800000011920929_protectTrue_clear0,1,60,sessile-oak,0.059946950525045395,0,0,0,0.047138314694166183,0,0,0,0,4,0,20,0,0,0,0.61298871040344238
browse0.800000011920929_protectTrue_clear0,1,60,beech,2.4013130664825439,0.24553126096725464,0.24553126096725464,0,0,0,0.075033336877822876,6,0,4,0,20,0,0,0,4.4902276992797852
browse0.800000011920929_protectTrue_clear0,1,61,sitka-spruce,1.1560709026525728E-05,0,0,0,2.8901768018840812E-06,0,0,0,0,0,4,20,0,0,0,0
browse0.800000011920929_protectTrue_clear0,1,61,sessile-oak,0.050519287586212158,0,0,0,0.0094276629388332367,0,0,0,0,4,0,20,0,0,0,0.15456250309944153
browse0.800000011920929_protectTrue_clear0,1,61,beech,2.6475570201873779,0.24624386429786682,0.24624386429786682,0,0,0,0,0,0,4,0,20,0,0,0,4.5044522285461426
browse0.800000011920929_protectTrue_clear0,1,62,sitka-spruce,9.2485670393216424E-06,0,0,0,2.3121415324567351E-06,0,0,0,0,0,4,38,0,0,0,0
browse0.800000011920929_protectTrue_clear0,1,62,sessile-oak,0.048633754253387451,0,0,0,0.0018855327507480979,0,0,0,0,4,0,38,0,0,0,0.15591056644916534
browse0.800000011920929_protectTrue_clear0,1,62,beech,3.1641454696655273,0.85118842124938965,0.85118842124938965,0,0,0,0.33459985256195068,18,0,4,0,38,0,0,0,11.300810813903809
browse0.800000011920929_protectTrue_clear0,1,63,sitka-spruce,7.3988535405078437E-06,0,0,0,1.8497133851269609E-06,0,0,0,0,0,4,38,0,0,0,0
browse0.800000011920929_protectTrue_clear0,1,63,sessile-oak,0.053293835371732712,0.0050371885299682617,0.0050371885299682617,0,0.0003771065385080874,0,0,0,0,4,0,38,0,0,0,0.6262052059173584
browse0.800000011920929_protectTrue_clear0,1,63,beech,3.4080517292022705,0.2439064085483551,0.2439064085483551,0,0,0,0,0,0,4,0,38,0,0,0,4.5151290893554688
browse0.800000011920929_protectTrue_clear0,1,64,sitka-spruce,5.9190829233557452E-06,0,0,0,1.4797707308389363E-06,0,0,0,0,0,4,38,0,0,0,0
browse0.800000011920929_protectTrue_clear0,1,64,sessile-oak,0.049188662320375443,0,0,0,0.0041051721200346947,0,0,0,0,4,0,38,0,0,0,0.15727560222148895
browse0.800000011920929_protectTrue_clear0,1,64,beech,3.6501846313476563,0.24213272333145142,0.24213272333145142,0,0,0,0,0,0,4,0,38,0,0,0,4.5137453079223633
browse0.800000011920929_protectTrue_clear0,1,65,sitka-spruce,4.7352664296340663E-06,0,0,0,1.1838164937216789E-06,0,0,0,0,0,4,48,0,0,0,0
browse0.800000011920929_protectTrue_clear0,1,65,sessile-oak,0.048367630690336227,0,0,0,0.00082103448221459985,0,0,0,0,4,0,48,0,0,0,0.15807273983955383
browse0.800000011920929_protectTrue_clear0,1,65,beech,3.7465488910675049,0.24063941836357117,0.24063941836357117,0,0,0,0.14427495002746582,10,0,4,0,48,0,0,0,4.5155677795410156
browse0.800000011920929_protectTrue_clear0,1,66,sitka-spruce,3.7882132346567232E-06,0,0,0,9.4705319497734308E-07,0,0,0,0,0,4,55,0,0,0,0
browse0.800000011920929_protectTrue_clear0,1,66,sessile-oak,0.053211893886327744,0.0051137208938598633,0.0051137208938598633,0,0.0002694556606002152,0,0,0,0,4,0,55,0,0,0,0.635733425617218
browse0.800000011920929_protectTrue_clear0,1,66,beech,3.888899564743042,0.23869848251342773,0.23869848251342773,0,0,0,0.096347808837890625,7,0,4,0,55,0,0,0,4.5200901031494141
browse0.800000011920929_protectTrue_clear0,1,67,sitka-spruce,3.0305704967759084E-06,0,0,0,7.576426241939771E-07,0,0,0,0,0,4,55,0,0,0,0
browse0.800000011920929_protectTrue_clear0,1,67,sessile-oak,0.053782649338245392,0.0051431581377983093,0.0051431581377983093,0,0.0045724022202193737,0,0,0,0,4,0,55,0,0,0,0.63940119743347168
browse0.800000011920929_protectTrue_clear0,1,67,beech,4.714388370513916,0.825488805770874,0.825488805770874,0,0,0,0,0,0,4,0,55,0,0,0,11.317263603210449
browse0.800000011920929_protectTrue_clear0,1,68,sitka-spruce,2.4244563974207267E-06,0,0,0,6.0611409935518168E-07,0,0,0,0,0,4,68,0,0,0,0
browse0.800000011920929_protectTrue_clear0,1,68,sessile-oak,0.16647644340991974,0.11841463297605515,0.11841463297605515,0,0.0057208393700420856,0,0,0,0,4,0,68,0,0,0,2.1442177295684814
browse0.800000011920929_protectTrue_clear0,1,68,beech,4.51453971862793,0.23406438529491425,0.23406438529491425,0,0,0,0.43391343951225281,13,0,4,0,68,0,0,0,4.5356502532958984
browse0.800000011920929_protectTrue_clear0,1,69,sitka-spruce,1.9395652088860516E-06,0,0,0,4.84891245378094E-07,0,0,0,0,0,4,107,0,0,0,0
browse0.800000011920929_protectTrue_clear0,1,69,sessile-oak,0.11315830051898956,0,0,0,0.053318146616220474,0,0,0,0,4,0,107,0,0,0,0.16168515384197235
browse0.800000011920929_protectTrue_clear0,1,69,beech,3.6660866737365723,0.22732438147068024,0.22732438147068024,0,0,0,1.0757771730422974,39,0,4,0,107,0,0,0,4.5414361953735352
browse0.800000011920929_protectTrue_clear0,1,70,sitka-spruce,1.5516523035330465E-06,0,0,0,3.8791301903984277E-07,0,0,0,0,0,4,107,0,0,0,0
browse0.800000011920929_protectTrue_clear0,1,70,sessile-oak,0.2187536209821701,0.11940266191959381,0.11940266191959381,0,0.013807344250380993,0,0,0,0,4,0,107,0,0,0,2.1630611419677734
browse0.800000011920929_protectTrue_clear0,1,70,beech,3.880805492401123,0.21471886336803436,0.21471886336803436,0,0,0,0,0,0,4,0,107,0,0,0,4.5378212928771973
browse0.800000011920929_protectTrue_clear0,1,71,sitka-spruce,1.2413217973517021E-06,0,0,0,3.1033044933792553E-07,0,0,0,0,0,4,114,0,0,0,0
browse0.800000011920929_protectTrue_clear0,1,71,sessile-oak,0.17437693476676941,0.015342839062213898,0.015342839062213898,0,0.0597195103764534,0,0,0,0,4,0,114,0,0,0,0.65141409635543823
browse0.800000011920929_protectTrue_clear0,1,71,beech,3.8953258991241455,0.21259491145610809,0.21259491145610809,0,0,0,0.19807463884353638,7,0,4,0,114,0,0,0,4.5373415946960449
browse0.800000011920929_protectTrue_clear0,1,72,sitka-spruce,9.9305748335609678E-07,0,0,0,2.4826434241731477E-07,0,0,0,0,0,4,138,0,0,0,0
browse0.800000011920929_protectTrue_clear0,1,72,sessile-oak,0.26712071895599365,0.12510833144187927,0.12510833144187927,0,0.032364547252655029,0,0,0,0,4,0,138,0,0,0,2.179715633392334
browse0.800000011920929_protectTrue_clear0,1,72,beech,3.8928930759429932,0.75950473546981812,0.75950473546981812,0,0,0,0.76193761825561523,24,0,4,0,138,0,0,0,11.338413238525391
browse0.800000011920929_protectTrue_clear0,1,73,sitka-spruce,7.94446009422245E-07,0,0,0,1.9861147393385181E-07,0,0,0,0,0,4,145,0,0,0,0
browse0.800000011920929_protectTrue_clear0,1,73,sessile-oak,0.21215549111366272,0.015441164374351501,0.015441164374351501,0,0.070406407117843628,0,0,0,0,4,0,145,0,0,0,0.65492326021194458
browse0.800000011920929_protectTrue_clear0,1,73,beech,3.7223422527313232,0.17160280048847198,0.17160280048847198,0,0.03369145467877388,0,0.30846220254898071,7,0,4,0,145,0,0,0,4.5224123001098633
browse0.800000011920929_protectTrue_clear0,1,74,sitka-spruce,6.3555677343174466E-07,0,0,0,1.5888920756879088E-07,0,0,0,0,0,4,147,0,0,0,0
browse0.800000011920929_protectTrue_clear0,1,74,sessile-oak,0.16580928862094879,0,0,0,0.035886440426111221,0,0.010459750890731812,1,0,4,0,147,0,0,0,0.16404466331005096
browse0.800000011920929_protectTrue_clear0,1,74,beech,3.8376724720001221,0.15907754004001617,0.15907754004001617,0,0.026953160762786865,0,0.01679399237036705,1,0,4,0,147,0,0,0,4.5131015777587891
browse0.800000011920929_protectTrue_clear0,1,75,sitka-spruce,5.0844539600802818E-07,0,0,0,1.2711137742371648E-07,0,0,0,0,0,4,165,0,0,0,0
browse0.800000011920929_protectTrue_clear0,1,75,sessile-oak,0.15185859799385071,0.01552717387676239,0.01552717387676239,0,0.017054686322808266,0,0.012423187494277954,1,0,4,0,165,0,0,0,0.6574089527130127
browse0.800000011920929_protectTrue_clear0,1,75,beech,3.4911677837371826,0,0,0,0.021562529727816582,0,0.32494226098060608,17,0,4,0,165,0,0,0,1.1261670589447021
browse0.800000011920929_protectTrue_clear0,1,76,sitka-spruce,4.0675632817510632E-07,0,0,0,1.0168908204377658E-07,0,0,0,0,0,4,171,0,0,0,0
browse0.800000011920929_protectTrue_clear0,1,76,sessile-oak,0.12580645084381104,0.015569284558296204,0.015569284558296204,0,0.028808964416384697,0,0.01281246542930603,1,0,4,0,171,0,0,0,0.65866678953170776
browse0.800000011920929_protectTrue_clear0,1,76,beech,3.368990421295166,0.1336047500371933,0.1336047500371933,0,0.017250023782253265,0,0.23853194713592529,5,0,4,0,171,0,0,0,4.4974641799926758
browse0.800000011920929_protectTrue_clear0,1,77,sitka-spruce,3.2540506822442694E-07,0,0,0,8.1351259950679378E-08,0,0,0,0,0,4,183,0,0,0,0
browse0.800000011920929_protectTrue_clear0,1,77,sessile-oak,0.21755461394786835,0.12068439275026321,0.12068439275026321,0,0.028936225920915604,0,0,0,0,4,0,183,0,0,0,2.1987590789794922
browse0.800000011920929_protectTrue_clear0,1,77,beech,2.9649310111999512,0.10363610088825226,0.10363610088825226,0,0.013800017535686493,0,0.49389564990997314,12,0,4,0,183,0,0,0,4.4883041381835938
browse0.800000011920929_protectTrue_clear0,1,78,sitka-spruce,2.6032404321085778E-07,0,0,0,6.5081010802714445E-08,0,0,0,0,0,4,188,0,0,0,0
browse0.800000011920929_protectTrue_clear0,1,78,sessile-oak,0.13629244267940521,0,0,0,0.081262178719043732,0,0,0,0,4,0,188,0,0,0,0.16508464515209198
browse0.800000011920929_protectTrue_clear0,1,78,beech,3.3942356109619141,0.51362615823745728,0.51362615823745728,0,0.011040015146136284,0,0.0732814148068428,5,0,4,0,188,0,0,0,11.1942720413208
browse0.800000011920929_protectTrue_clear0,1,79,sitka-spruce,2.0825923741085717E-07,0,0,0,5.2064809352714292E-08,0,0,0,0,0,4,196,0,0,0,0
browse0.800000011920929_protectTrue_clear0,1,79,sessile-oak,0.10433727502822876,0,0,0,0.031955167651176453,0,0,0,0,4,0,196,0,0,0,0.16536231338977814
browse0.800000011920929_protectTrue_clear0,1,79,beech,3.5174977779388428,0.47687911987304688,0.47687911987304688,0,0.019388452172279358,0,0.33422854542732239,8,0,4,0,196,0,0,0,11.176872253417969
browse0.800000011920929_protectTrue_clear0,1,80,sitka-spruce,1.6660739277085668E-07,0,0,0,4.1651848192714169E-08,0,0,0,0,0,4,206,0,0,0,0
browse0.800000011920929_protectTrue_clear0,1,80,sessile-oak,0.084732182323932648,0,0,0,0.019605092704296112,0,0,0,0,4,0,206,0,0,0,0.16561441123485565
browse0.800000011920929_protectTrue_clear0,1,80,beech,3.2478494644165039,0.050041113048791885,0.050041113048791885,0,0.015510763041675091,0,0.30417871475219727,10,0,4,0,206,0,0,0,4.463263988494873
browse0.800000011920929_protectTrue_clear0,1,81,sitka-spruce,1.3328590853234346E-07,0,0,0,3.3321480685799543E-08,0,0,0,0,0,4,212,0,0,0,0
browse0.800000011920929_protectTrue_clear0,1,81,sessile-oak,0.0706634670495987,0,0,0,0.014068709686398506,0,0,0,0,4,0,212,0,0,0,0.16588617861270905
browse0.800000011920929_protectTrue_clear0,1,81,beech,3.1132655143737793,0,0,0,0.014697928912937641,0,0.11988601088523865,6,0,4,0,212,0,0,0,1.114177942276001
browse0.800000011920929_protectTrue_clear0,1,82,sitka-spruce,1.0662873251021665E-07,0,0,0,2.6657183127554163E-08,0,0,0,0,0,4,217,0,0,0,0
browse0.800000011920929_protectTrue_clear0,1,82,sessile-oak,0.059684794396162033,0,0,0,0.010978677310049534,0,0,0,0,4,0,217,0,0,0,0.1661490797996521
browse0.800000011920929_protectTrue_clear0,1,82,beech,2.9742448329925537,0.016851048916578293,0.016851048916578293,0,0.011758343316614628,0,0.14411327242851257,5,0,4,0,217,0,0,0,4.450782299041748
browse0.800000011920929_protectTrue_clear0,1,83,sitka-spruce,8.530298600817332E-08,0,0,0,2.1325744725686491E-08,0,0,0,0,0,4,220,0,0,0,0
browse0.800000011920929_protectTrue_clear0,1,83,sessile-oak,0.16730581223964691,0.11597751080989838,0.11597751080989838,0,0.0083565004169940948,0,0,0,0,4,0,220,0,0,0,2.2193212509155273
browse0.800000011920929_protectTrue_clear0,1,83,beech,2.8486678600311279,0,0,0,0.010220571421086788,0,0.11535654962062836,3,0,4,0,220,0,0,0,1.1115461587905884
browse0.800000011920929_protectTrue_clear0,1,84,sitka-spruce,6.8242385964367713E-08,0,0,0,1.7060596491091928E-08,0,0,0,0,0,4,223,0,0,0,0
browse0.800000011920929_protectTrue_clear0,1,84,sessile-oak,0.10921704024076462,0.0158698707818985,0.0158698707818985,0,0.0739586353302002,0,0,0,0,4,0,223,0,0,0,0.66706794500350952
browse0.800000011920929_protectTrue_clear0,1,84,beech,2.7545633316040039,0,0,0,0.041237320750951767,0,0.052867051213979721,3,0,4,0,223,0,0,0,1.1105360984802246
browse0.800000011920929_protectTrue_clear0,1,85,sitka-spruce,5.4593911613665114E-08,0,0,0,1.3648477015237859E-08,0,0,0,0,0,4,233,0,0,0,0
browse0.800000011920929_protectTrue_clear0,1,85,sessile-oak,0.087618201971054077,0.015921592712402344,0.015921592712402344,0,0.037520430982112885,0,0,0,0,4,0,233,0,0,0,0.6686444878578186
browse0.800000011920929_protectTrue_clear0,1,85,beech,2.5968923568725586,0.015258683823049068,0.015258683823049068,0,0.032989855855703354,0,0.13993990421295166,10,0,4,0,233,0,0,0,4.4406085014343262
browse0.800000011920929_protectTrue_clear0,1,86,sitka-spruce,4.3675129290932091E-08,0,0,0,1.0918781434554603E-08,0,0,0,0,0,4,243,0,0,0,0
browse0.800000011920929_protectTrue_clear0,1,86,sessile-oak,0.060553506016731262,0,0,0,0.027064694091677666,0,0,0,0,4,0,243,0,0,0,0.1676219254732132
browse0.800000011920929_protectTrue_clear0,1,86,beech,2.2422037124633789,0.015230147168040276,0.015230147168040276,0,0.026391882449388504,0,0.34352704882621765,10,0,4,0,243,0,0,0,4.4411916732788086
browse0.800000011920929_protectTrue_clear0,1,87,sitka-spruce,3.4940104143288409E-08,0,0,0,8.7350251476436824E-09,0,0,0,0,0,4,248,0,0,0,0
browse0.800000011920929_protectTrue_clear0,1,87,sessile-oak,0.16420532763004303,0.11664737015962601,0.11664737015962601,0,0.012995554134249687,0,0,0,0,4,0,248,0,0,0,2.2399396896362305
browse0.800000011920929_protectTrue_clear0,1,87,beech,2.0648515224456787,0,0,0,0.07518363744020462,0,0.10216836631298065,5,0,4,0,248,0,0,0,1.1096928119659424
browse0.800000011920929_protectTrue_clear0,1,88,sitka-spruce,2.7952083314630727E-08,0,0,0,6.9880203845684719E-09,0,0,0,0,0,4,250,0,0,0,0
browse0.800000011920929_protectTrue_clear0,1,88,sessile-oak,0.085745327174663544,0,0,0,0.078459993004798889,0,0,0,0,4,0,250,0,0,0,0.16840112209320068
browse0.800000011920929_protectTrue_clear0,1,88,beech,2.146120548248291,0.201345294713974,0.201345294713974,0,0.060146909207105637,0,0.059929341077804565,2,0,4,0,250,0,0,0,11.095165252685547
browse0.800000011920929_protectTrue_clear0,1,89,sitka-spruce,2.2361668072790053E-08,0,0,0,5.5904161300190935E-09,0,0,0,0,0,4,253,0,0,0,0
browse0.800000011920929_protectTrue_clear0,1,89,sessile-oak,0.06286216527223587,0.01613500714302063,0.01613500714302063,0,0.026000814512372017,0,0.013017356395721436,1,0,4,0,253,0,0,0,0.67537176609039307
browse0.800000011920929_protectTrue_clear0,1,89,beech,2.0194778442382813,0,0,0,0.055534116923809052,0,0.071108736097812653,2,0,4,0,253,0,0,0,1.1142342090606689
browse0.800000011920929_protectTrue_clear0,1,90,sitka-spruce,1.7889334458232042E-08,0,0,0,4.4723331704688007E-09,0,0,0,0,0,4,255,0,0,0,0
browse0.800000011920929_protectTrue_clear0,1,90,sessile-oak,0.05478416383266449,0.016187556087970734,0.016187556087970734,0,0.024265563115477562,0,0,0,0,4,0,255,0,0,0,0.67714118957519531
browse0.800000011920929_protectTrue_clear0,1,90,beech,1.9105798006057739,0,0,0,0.0552864708006382,0,0.053611531853675842,2,0,4,0,255,0,0,0,1.1233406066894531
browse0.800000011920929_protectTrue_clear0,1,91,sitka-spruce,1.4311467566585634E-08,0,0,0,3.5778668916464085E-09,0,0,0,0,0,4,257,0,0,0,0
browse0.800000011920929_protectTrue_clear0,1,91,sessile-oak,0.15100684762001038,0.11777861416339874,0.11777861416339874,0,0.021555930376052856,0,0,0,0,4,0,257,0,0,0,2.2637848854064941
browse0.800000011920929_protectTrue_clear0,1,91,beech,1.7710684537887573,0.010618886910378933,0.010618886910378933,0,0.0442291721701622,0,0.1059010922908783,2,0,4,0,257,0,0,0,4.6282014846801758
browse0.800000011920929_protectTrue_clear0,1,92,sitka-spruce,1.1449174053268507E-08,0,0,0,2.8622935133171268E-09,0,0,0,0,0,4,260,0,0,0,0
browse0.800000011920929_protectTrue_clear0,1,92,sessile-oak,0.08857765793800354,0.016302399337291718,0.016302399337291718,0,0.078731589019298553,0,0,0,0,4,0,260,0,0,0,0.68122977018356323
browse0.800000011920929_protectTrue_clear0,1,92,beech,1.6654386520385742,0,0,0,0.035383336246013641,0,0.070246428251266479,3,0,4,0,260,0,0,0,1.19085693359375
browse0.800000011920929_protectTrue_clear0,1,93,sitka-spruce,9.1593390649791218E-09,0,0,0,2.2898347662447804E-09,0,0,0,0,0,4,263,0,0,0,0
browse0.800000011920929_protectTrue_clear0,1,93,sessile-oak,0.051194790750741959,0,0,0,0.03738287091255188,0,0,0,0,4,0,263,0,0,0,0.17081156373023987
browse0.800000011920929_protectTrue_clear0,1,93,beech,1.5608521699905396,0,0,0,0.0393398143351078,0,0.065246716141700745,3,0,4,0,263,0,0,0,1.3041164875030518
browse0.800000011920929_protectTrue_clear0,1,94,sitka-spruce,7.3274710743476135E-09,0,0,0,1.8318678796092058E-09,0,0,0,0,0,4,269,0,0,0,0
browse0.800000011920929_protectTrue_clear0,1,94,sessile-oak,0.055233437567949295,0.016415610909461975,0.016415610909461975,0,0.012376963160932064,0,0,0,0,4,0,269,0,0,0,0.68544965982437134
browse0.800000011920929_protectTrue_clear0,1,94,beech,1.3691370487213135,0.011719689704477787,0.011719689704477787,0,0.032824184745550156,0,0.17061057686805725,6,0,4,0,269,0,0,0,5.668276309967041
browse0.800000011920929_protectTrue_clear0,1,95,sitka-spruce,5.8619766818424068E-09,0,0,0,1.4654942814829042E-09,0,0,0,0,0,4,272,0,0,0,0
browse0.800000011920929_protectTrue_clear0,1,95,sessile-oak,0.036543790251016617,0,0,0,0.018689647316932678,0,0,0,0,4,0,272,0,0,0,0.17191827297210693
browse0.800000011920929_protectTrue_clear0,1,95,beech,1.283907413482666,0,0,0,0.038466744124889374,0,0.046762920916080475,3,0,4,0,272,0,0,0,1.529550313949585
browse0.800000011920929_protectTrue_clear0,1,96,sitka-spruce,4.6895811678382415E-09,0,0,0,1.1723952919595604E-09,0,0,0,0,0,4,275,0,0,0,0
browse0.800000011920929_protectTrue_clear0,1,96,sessile-oak,0.15023525059223175,0.11911587417125702,0.11911587417125702,0,0.0054244170896708965,0,0,0,0,4,0,275,0,0,0,2.3001830577850342
browse0.800000011920929_protectTrue_clear0,1,96,beech,1.1842497587203979,0.0300685353577137,0.0300685353577137,0,0.030773390084505081,0,0.098952785134315491,3,0,4,0,275,0,0,0,6.770453929901123
browse0.800000011920929_protectTrue_clear0,1,97,sitka-spruce,3.7516652007241191E-09,0,0,0,9.3791618915872732E-10,0,0,0,0,0,4,279,0,0,0,0
browse0.800000011920929_protectTrue_clear0,1,97,sessile-oak,0.19143038988113403,0.11930184066295624,0.11930184066295624,0,0.078106701374053955,0,0,0,0,4,0,279,0,0,0,2.3076224327087402
browse0.800000011920929_protectTrue_clear0,1,97,beech,1.0881369113922119,0,0,0,0.035848066210746765,0,0.060264725238084793,4,0,4,0,279,0,0,0,1.8992339372634888
browse0.800000011920929_protectTrue_clear0,1,98,sitka-spruce,3.0013320717614533E-09,0,0,0,7.5033301794036333E-10,0,0,0,0,0,4,282,0,0,0,0
browse0.800000011920929_protectTrue_clear0,1,98,sessile-oak,0.092164985835552216,0,0,0,0.099265389144420624,0,0,0,0,4,0,282,0,0,0,0.1736675500869751
browse0.800000011920929_protectTrue_clear0,1,98,beech,0.93490910530090332,0,0,0,0.028678450733423233,0,0.12454941123723984,3,0,4,0,282,0,0,0,2.1053876876831055
browse0.800000011920929_protectTrue_clear0,1,99,sitka-spruce,2.4010655685913207E-09,0,0,0,6.0026644765898141E-10,0,0,0,0,0,4,283,0,0,0,0
browse0.800000011920929_protectTrue_clear0,1,99,sessile-oak,0.17903357744216919,0.11955096572637558,0.11955096572637558,0,0.032682370394468307,0,0,0,0,4,0,283,0,0,0,2.3229291439056396
browse0.800000011920929_protectTrue_clear0,1,99,beech,1.0103787183761597,0.11947781592607498,0.11947781592607498,0,0.031914286315441132,0,0.012093851342797279,1,0,4,0,283,0,0,0,9.4659490585327148
browse0.800000011920929_protectTrue_clear0,1,100,sitka-spruce,1.9208523660552146E-09,0,0,0,4.8021314702495488E-10,0,0,0,0,0,4,284,0,0,0,0
browse0.800000011920929_protectTrue_clear0,1,100,sessile-oak,0.20888805389404297,0.1198759451508522,0.1198759451508522,0,0.090021461248397827,0,0,0,0,4,0,284,0,0,0,2.3307874202728271
browse0.800000011920929_protectTrue_clear0,1,100,beech,1.1600244045257568,0.19759204983711243,0.19759204983711243,0,0.025531431660056114,0,0.022414911538362503,1,0,4,0,284,0,0,0,11.287632942199707
browse0.800000011920929_protectTrue_clear3,0,1,sitka-spruce,0.800000011920929,0,0,0,0,0,0,0,4,0,0,0,0,0,0,0
browse0.800000011920929_protectTrue_clear3,0,1,sessile-oak,0.800000011920929,0,0,0,0,0,0,0,4,0,0,0,0,0,0,0
browse0.800000011920929_protectTrue_clear3,0,1,beech,0.800000011920929,0,0,0,0,0,0,0,4,0,0,0,0,0,0,0
browse0.800000011920929_protectTrue_clear3,0,2,sitka-spruce,0.800000011920929,0,0,0,0,0,0,0,4,0,0,0,0,0,0,0
browse0.800000011920929_protectTrue_clear3,0,2,sessile-oak,0.800000011920929,0,0,0,0,0,0,0,4,0,0,0,0,0,0,0
browse0.800000011920929_protectTrue_clear3,0,2,beech,0.800000011920929,0,0,0,0,0,0,0,4,0,0,0,0,0,0,0
browse0.800000011920929_protectTrue_clear3,0,3,sitka-spruce,0,0,0,0,0,0,0,0,0,0,4,0,0,2.4000000953674316,12,0
browse0.800000011920929_protectTrue_clear3,0,3,sessile-oak,0,0,0,0,0,0,0,0,0,0,4,0,0,2.4000000953674316,12,0
browse0.800000011920929_protectTrue_clear3,0,3,beech,0,0,0,0,0,0,0,0,0,0,4,0,0,2.4000000953674316,12,0
browse0.800000011920929_protectTrue_clear3,0,4,sitka-spruce,0,0,0,0,0,0,0,0,0,0,4,0,0,0,0,0
browse0.800000011920929_protectTrue_clear3,0,4,sessile-oak,0,0,0,0,0,0,0,0,0,0,4,0,0,0,0,0
browse0.800000011920929_protectTrue_clear3,0,4,beech,0,0,0,0,0,0,0,0,0,0,4,0,0,0,0,0
browse0.800000011920929_protectTrue_clear3,0,5,sitka-spruce,0,0,0,0,0,0,0,0,0,0,4,0,0,0,0,0
browse0.800000011920929_protectTrue_clear3,0,5,sessile-oak,0,0,0,0,0,0,0,0,0,0,4,0,0,0,0,0
browse0.800000011920929_protectTrue_clear3,0,5,beech,0,0,0,0,0,0,0,0,0,0,4,0,0,0,0,0
browse0.800000011920929_protectTrue_clear3,0,6,sitka-spruce,0,0,0,0,0,0,0,0,0,0,4,0,0,0,0,0
browse0.800000011920929_protectTrue_clear3,0,6,sessile-oak,0,0,0,0,0,0,0,0,0,0,4,0,0,0,0,0
browse0.800000011920929_protectTrue_clear3,0,6,beech,0,0,0,0,0,0,0,0,0,0,4,0,0,0,0,0
browse0.800000011920929_protectTrue_clear3,0,7,sitka-spruce,0,0,0,0,0,0,0,0,0,0,4,0,0,0,0,0
browse0.800000011920929_protectTrue_clear3,0,7,sessile-oak,0,0,0,0,0,0,0,0,0,0,4,0,0,0,0,0
browse0.800000011920929_protectTrue_clear3,0,7,beech,0,0,0,0,0,0,0,0,0,0,4,0,0,0,0,0
browse0.800000011920929_protectTrue_clear3,0,8,sitka-spruce,0,0,0,0,0,0,0,0,0,0,4,0,0,0,0,0
browse0.800000011920929_protectTrue_clear3,0,8,sessile-oak,0,0,0,0,0,0,0,0,0,0,4,0,0,0,0,0
browse0.800000011920929_protectTrue_clear3,0,8,beech,0,0,0,0,0,0,0,0,0,0,4,0,0,0,0,0
browse0.800000011920929_protectTrue_clear3,0,9,sitka-spruce,0,0,0,0,0,0,0,0,0,0,4,0,0,0,0,0
browse0.800000011920929_protectTrue_clear3,0,9,sessile-oak,0,0,0,0,0,0,0,0,0,0,4,0,0,0,0,0
browse0.800000011920929_protectTrue_clear3,0,9,beech,0,0,0,0,0,0,0,0,0,0,4,0,0,0,0,0
browse0.800000011920929_protectTrue_clear3,0,10,sitka-spruce,0,0,0,0,0,0,0,0,0,0,4,0,0,0,0,0
browse0.800000011920929_protectTrue_clear3,0,10,sessile-oak,0,0,0,0,0,0,0,0,0,0,4,0,0,0,0,0
browse0.800000011920929_protectTrue_clear3,0,10,beech,0,0,0,0,0,0,0,0,0,0,4,0,0,0,0,0
browse0.800000011920929_protectTrue_clear3,0,11,sitka-spruce,0,0,0,0,0,0,0,0,0,0,4,0,0,0,0,0
browse0.800000011920929_protectTrue_clear3,0,11,sessile-oak,0,0,0,0,0,0,0,0,0,0,4,0,0,0,0,0
browse0.800000011920929_protectTrue_clear3,0,11,beech,0,0,0,0,0,0,0,0,0,0,4,0,0,0,0,0
browse0.800000011920929_protectTrue_clear3,0,12,sitka-spruce,0,0,0,0,0,0,0,0,0,0,4,0,0,0,0,0
browse0.800000011920929_protectTrue_clear3,0,12,sessile-oak,0,0,0,0,0,0,0,0,0,0,4,0,0,0,0,0
browse0.800000011920929_protectTrue_clear3,0,12,beech,0,0,0,0,0,0,0,0,0,0,4,0,0,0,0,0
browse0.800000011920929_protectTrue_clear3,0,13,sitka-spruce,0,0,0,0,0,0,0,0,0,0,4,0,0,0,0,0
browse0.800000011920929_protectTrue_clear3,0,13,sessile-oak,0,0,0,0,0,0,0,0,0,0,4,0,0,0,0,0
browse0.800000011920929_protectTrue_clear3,0,13,beech,0,0,0,0,0,0,0,0,0,0,4,0,0,0,0,0
browse0.800000011920929_protectTrue_clear3,0,14,sitka-spruce,0,0,0,0,0,0,0,0,0,0,4,0,0,0,0,0
browse0.800000011920929_protectTrue_clear3,0,14,sessile-oak,0,0,0,0,0,0,0,0,0,0,4,0,0,0,0,0
browse0.800000011920929_protectTrue_clear3,0,14,beech,0,0,0,0,0,0,0,0,0,0,4,0,0,0,0,0
browse0.800000011920929_protectTrue_clear3,0,15,sitka-spruce,0,0,0,0,0,0,0,0,0,0,4,0,0,0,0,0
browse0.800000011920929_protectTrue_clear3,0,15,sessile-oak,0,0,0,0,0,0,0,0,0,0,4,0,0,0,0,0
browse0.800000011920929_protectTrue_clear3,0,15,beech,0,0,0,0,0,0,0,0,0,0,4,0,0,0,0,0
browse0.800000011920929_protectTrue_clear3,0,16,sitka-spruce,0,0,0,0,0,0,0,0,0,0,4,0,0,0,0,0
browse0.800000011920929_protectTrue_clear3,0,16,sessile-oak,0,0,0,0,0,0,0,0,0,0,4,0,0,0,0,0
browse0.800000011920929_protectTrue_clear3,0,16,beech,0,0,0,0,0,0,0,0,0,0,4,0,0,0,0,0
browse0.800000011920929_protectTrue_clear3,0,17,sitka-spruce,0,0,0,0,0,0,0,0,0,0,4,0,0,0,0,0
browse0.800000011920929_protectTrue_clear3,0,17,sessile-oak,0,0,0,0,0,0,0,0,0,0,4,0,0,0,0,0
browse0.800000011920929_protectTrue_clear3,0,17,beech,0,0,0,0,0,0,0,0,0,0,4,0,0,0,0,0
browse0.800000011920929_protectTrue_clear3,0,18,sitka-spruce,0,0,0,0,0,0,0,0,0,0,4,0,0,0,0,0
browse0.800000011920929_protectTrue_clear3,0,18,sessile-oak,0,0,0,0,0,0,0,0,0,0,4,0,0,0,0,0
browse0.800000011920929_protectTrue_clear3,0,18,beech,0,0,0,0,0,0,0,0,0,0,4,0,0,0,0,0
browse0.800000011920929_protectTrue_clear3,0,19,sitka-spruce,0,0,0,0,0,0,0,0,0,0,4,0,0,0,0,0
browse0.800000011920929_protectTrue_clear3,0,19,sessile-oak,0,0,0,0,0,0,0,0,0,0,4,0,0,0,0,0
browse0.800000011920929_protectTrue_clear3,0,19,beech,0,0,0,0,0,0,0,0,0,0,4,0,0,0,0,0
browse0.800000011920929_protectTrue_clear3,0,20,sitka-spruce,0,0,0,0,0,0,0,0,0,0,4,0,0,0,0,0
browse0.800000011920929_protectTrue_clear3,0,20,sessile-oak,0,0,0,0,0,0,0,0,0,0,4,0,0,0,0,0
browse0.800000011920929_protectTrue_clear3,0,20,beech,0,0,0,0,0,0,0,0,0,0,4,0,0,0,0,0
browse0.800000011920929_protectTrue_clear3,0,21,sitka-spruce,0,0,0,0,0,0,0,0,0,0,4,0,0,0,0,0
browse0.800000011920929_protectTrue_clear3,0,21,sessile-oak,0,0,0,0,0,0,0,0,0,0,4,0,0,0,0,0
browse0.800000011920929_protectTrue_clear3,0,21,beech,0,0,0,0,0,0,0,0,0,0,4,0,0,0,0,0
browse0.800000011920929_protectTrue_clear3,0,22,sitka-spruce,0,0,0,0,0,0,0,0,0,0,4,0,0,0,0,0
browse0.800000011920929_protectTrue_clear3,0,22,sessile-oak,0,0,0,0,0,0,0,0,0,0,4,0,0,0,0,0
browse0.800000011920929_protectTrue_clear3,0,22,beech,0,0,0,0,0,0,0,0,0,0,4,0,0,0,0,0
browse0.800000011920929_protectTrue_clear3,0,23,sitka-spruce,0,0,0,0,0,0,0,0,0,0,4,0,0,0,0,0
browse0.800000011920929_protectTrue_clear3,0,23,sessile-oak,0,0,0,0,0,0,0,0,0,0,4,0,0,0,0,0
browse0.800000011920929_protectTrue_clear3,0,23,beech,0,0,0,0,0,0,0,0,0,0,4,0,0,0,0,0
browse0.800000011920929_protectTrue_clear3,0,24,sitka-spruce,0,0,0,0,0,0,0,0,0,0,4,0,0,0,0,0
browse0.800000011920929_protectTrue_clear3,0,24,sessile-oak,0,0,0,0,0,0,0,0,0,0,4,0,0,0,0,0
browse0.800000011920929_protectTrue_clear3,0,24,beech,0,0,0,0,0,0,0,0,0,0,4,0,0,0,0,0
browse0.800000011920929_protectTrue_clear3,0,25,sitka-spruce,0,0,0,0,0,0,0,0,0,0,4,0,0,0,0,0
browse0.800000011920929_protectTrue_clear3,0,25,sessile-oak,0,0,0,0,0,0,0,0,0,0,4,0,0,0,0,0
browse0.800000011920929_protectTrue_clear3,0,25,beech,0,0,0,0,0,0,0,0,0,0,4,0,0,0,0,0
browse0.800000011920929_protectTrue_clear3,0,26,sitka-spruce,0,0,0,0,0,0,0,0,0,0,4,0,0,0,0,0
browse0.800000011920929_protectTrue_clear3,0,26,sessile-oak,0,0,0,0,0,0,0,0,0,0,4,0,0,0,0,0
browse0.800000011920929_protectTrue_clear3,0,26,beech,0,0,0,0,0,0,0,0,0,0,4,0,0,0,0,0
browse0.800000011920929_protectTrue_clear3,0,27,sitka-spruce,0,0,0,0,0,0,0,0,0,0,4,0,0,0,0,0
browse0.800000011920929_protectTrue_clear3,0,27,sessile-oak,0,0,0,0,0,0,0,0,0,0,4,0,0,0,0,0
browse0.800000011920929_protectTrue_clear3,0,27,beech,0,0,0,0,0,0,0,0,0,0,4,0,0,0,0,0
browse0.800000011920929_protectTrue_clear3,0,28,sitka-spruce,0,0,0,0,0,0,0,0,0,0,4,0,0,0,0,0
browse0.800000011920929_protectTrue_clear3,0,28,sessile-oak,0,0,0,0,0,0,0,0,0,0,4,0,0,0,0,0
browse0.800000011920929_protectTrue_clear3,0,28,beech,0,0,0,0,0,0,0,0,0,0,4,0,0,0,0,0
browse0.800000011920929_protectTrue_clear3,0,29,sitka-spruce,0,0,0,0,0,0,0,0,0,0,4,0,0,0,0,0
browse0.800000011920929_protectTrue_clear3,0,29,sessile-oak,0,0,0,0,0,0,0,0,0,0,4,0,0,0,0,0
browse0.800000011920929_protectTrue_clear3,0,29,beech,0,0,0,0,0,0,0,0,0,0,4,0,0,0,0,0
browse0.800000011920929_protectTrue_clear3,0,30,sitka-spruce,0,0,0,0,0,0,0,0,0,0,4,0,0,0,0,0
browse0.800000011920929_protectTrue_clear3,0,30,sessile-oak,0,0,0,0,0,0,0,0,0,0,4,0,0,0,0,0
browse0.800000011920929_protectTrue_clear3,0,30,beech,0,0,0,0,0,0,0,0,0,0,4,0,0,0,0,0
browse0.800000011920929_protectTrue_clear3,0,31,sitka-spruce,0,0,0,0,0,0,0,0,0,0,4,0,0,0,0,0
browse0.800000011920929_protectTrue_clear3,0,31,sessile-oak,0,0,0,0,0,0,0,0,0,0,4,0,0,0,0,0
browse0.800000011920929_protectTrue_clear3,0,31,beech,0,0,0,0,0,0,0,0,0,0,4,0,0,0,0,0
browse0.800000011920929_protectTrue_clear3,0,32,sitka-spruce,0,0,0,0,0,0,0,0,0,0,4,0,0,0,0,0
browse0.800000011920929_protectTrue_clear3,0,32,sessile-oak,0,0,0,0,0,0,0,0,0,0,4,0,0,0,0,0
browse0.800000011920929_protectTrue_clear3,0,32,beech,0,0,0,0,0,0,0,0,0,0,4,0,0,0,0,0
browse0.800000011920929_protectTrue_clear3,0,33,sitka-spruce,0,0,0,0,0,0,0,0,0,0,4,0,0,0,0,0
browse0.800000011920929_protectTrue_clear3,0,33,sessile-oak,0,0,0,0,0,0,0,0,0,0,4,0,0,0,0,0
browse0.800000011920929_protectTrue_clear3,0,33,beech,0,0,0,0,0,0,0,0,0,0,4,0,0,0,0,0
browse0.800000011920929_protectTrue_clear3,0,34,sitka-spruce,0,0,0,0,0,0,0,0,0,0,4,0,0,0,0,0
browse0.800000011920929_protectTrue_clear3,0,34,sessile-oak,0,0,0,0,0,0,0,0,0,0,4,0,0,0,0,0
browse0.800000011920929_protectTrue_clear3,0,34,beech,0,0,0,0,0,0,0,0,0,0,4,0,0,0,0,0
browse0.800000011920929_protectTrue_clear3,0,35,sitka-spruce,0,0,0,0,0,0,0,0,0,0,4,0,0,0,0,0
browse0.800000011920929_protectTrue_clear3,0,35,sessile-oak,0,0,0,0,0,0,0,0,0,0,4,0,0,0,0,0
browse0.800000011920929_protectTrue_clear3,0,35,beech,0,0,0,0,0,0,0,0,0,0,4,0,0,0,0,0
browse0.800000011920929_protectTrue_clear3,0,36,sitka-spruce,0,0,0,0,0,0,0,0,0,0,4,0,0,0,0,0
browse0.800000011920929_protectTrue_clear3,0,36,sessile-oak,0,0,0,0,0,0,0,0,0,0,4,0,0,0,0,0
browse0.800000011920929_protectTrue_clear3,0,36,beech,0,0,0,0,0,0,0,0,0,0,4,0,0,0,0,0
browse0.800000011920929_protectTrue_clear3,0,37,sitka-spruce,0,0,0,0,0,0,0,0,0,0,4,0,0,0,0,0
browse0.800000011920929_protectTrue_clear3,0,37,sessile-oak,0,0,0,0,0,0,0,0,0,0,4,0,0,0,0,0
browse0.800000011920929_protectTrue_clear3,0,37,beech,0,0,0,0,0,0,0,0,0,0,4,0,0,0,0,0
browse0.800000011920929_protectTrue_clear3,0,38,sitka-spruce,0,0,0,0,0,0,0,0,0,0,4,0,0,0,0,0
browse0.800000011920929_protectTrue_clear3,0,38,sessile-oak,0,0,0,0,0,0,0,0,0,0,4,0,0,0,0,0
browse0.800000011920929_protectTrue_clear3,0,38,beech,0,0,0,0,0,0,0,0,0,0,4,0,0,0,0,0
browse0.800000011920929_protectTrue_clear3,0,39,sitka-spruce,0,0,0,0,0,0,0,0,0,0,4,0,0,0,0,0
browse0.800000011920929_protectTrue_clear3,0,39,sessile-oak,0,0,0,0,0,0,0,0,0,0,4,0,0,0,0,0
browse0.800000011920929_protectTrue_clear3,0,39,beech,0,0,0,0,0,0,0,0,0,0,4,0,0,0,0,0
browse0.800000011920929_protectTrue_clear3,0,40,sitka-spruce,0,0,0,0,0,0,0,0,0,0,4,0,0,0,0,0
browse0.800000011920929_protectTrue_clear3,0,40,sessile-oak,0,0,0,0,0,0,0,0,0,0,4,0,0,0,0,0
browse0.800000011920929_protectTrue_clear3,0,40,beech,0,0,0,0,0,0,0,0,0,0,4,0,0,0,0,0
browse0.800000011920929_protectTrue_clear3,0,41,sitka-spruce,0,0,0,0,0,0,0,0,0,0,4,0,0,0,0,0
browse0.800000011920929_protectTrue_clear3,0,41,sessile-oak,0,0,0,0,0,0,0,0,0,0,4,0,0,0,0,0
browse0.800000011920929_protectTrue_clear3,0,41,beech,0,0,0,0,0,0,0,0,0,0,4,0,0,0,0,0
browse0.800000011920929_protectTrue_clear3,0,42,sitka-spruce,0,0,0,0,0,0,0,0,0,0,4,0,0,0,0,0
browse0.800000011920929_protectTrue_clear3,0,42,sessile-oak,0,0,0,0,0,0,0,0,0,0,4,0,0,0,0,0
browse0.800000011920929_protectTrue_clear3,0,42,beech,0,0,0,0,0,0,0,0,0,0,4,0,0,0,0,0
browse0.800000011920929_protectTrue_clear3,0,43,sitka-spruce,0,0,0,0,0,0,0,0,0,0,4,0,0,0,0,0
browse0.800000011920929_protectTrue_clear3,0,43,sessile-oak,0,0,0,0,0,0,0,0,0,0,4,0,0,0,0,0
browse0.800000011920929_protectTrue_clear3,0,43,beech,0,0,0,0,0,0,0,0,0,0,4,0,0,0,0,0
browse0.800000011920929_protectTrue_clear3,0,44,sitka-spruce,0,0,0,0,0,0,0,0,0,0,4,0,0,0,0,0
browse0.800000011920929_protectTrue_clear3,0,44,sessile-oak,0,0,0,0,0,0,0,0,0,0,4,0,0,0,0,0
browse0.800000011920929_protectTrue_clear3,0,44,beech,0,0,0,0,0,0,0,0,0,0,4,0,0,0,0,0
browse0.800000011920929_protectTrue_clear3,0,45,sitka-spruce,0,0,0,0,0,0,0,0,0,0,4,0,0,0,0,0
browse0.800000011920929_protectTrue_clear3,0,45,sessile-oak,0,0,0,0,0,0,0,0,0,0,4,0,0,0,0,0
browse0.800000011920929_protectTrue_clear3,0,45,beech,0,0,0,0,0,0,0,0,0,0,4,0,0,0,0,0
browse0.800000011920929_protectTrue_clear3,0,46,sitka-spruce,0,0,0,0,0,0,0,0,0,0,4,0,0,0,0,0
browse0.800000011920929_protectTrue_clear3,0,46,sessile-oak,0,0,0,0,0,0,0,0,0,0,4,0,0,0,0,0
browse0.800000011920929_protectTrue_clear3,0,46,beech,0,0,0,0,0,0,0,0,0,0,4,0,0,0,0,0
browse0.800000011920929_protectTrue_clear3,0,47,sitka-spruce,0,0,0,0,0,0,0,0,0,0,4,0,0,0,0,0
browse0.800000011920929_protectTrue_clear3,0,47,sessile-oak,0,0,0,0,0,0,0,0,0,0,4,0,0,0,0,0
browse0.800000011920929_protectTrue_clear3,0,47,beech,0,0,0,0,0,0,0,0,0,0,4,0,0,0,0,0
browse0.800000011920929_protectTrue_clear3,0,48,sitka-spruce,0,0,0,0,0,0,0,0,0,0,4,0,0,0,0,0
browse0.800000011920929_protectTrue_clear3,0,48,sessile-oak,0,0,0,0,0,0,0,0,0,0,4,0,0,0,0,0
browse0.800000011920929_protectTrue_clear3,0,48,beech,0,0,0,0,0,0,0,0,0,0,4,0,0,0,0,0
browse0.800000011920929_protectTrue_clear3,0,49,sitka-spruce,0,0,0,0,0,0,0,0,0,0,4,0,0,0,0,0
browse0.800000011920929_protectTrue_clear3,0,49,sessile-oak,0,0,0,0,0,0,0,0,0,0,4,0,0,0,0,0
browse0.800000011920929_protectTrue_clear3,0,49,beech,0,0,0,0,0,0,0,0,0,0,4,0,0,0,0,0
browse0.800000011920929_protectTrue_clear3,0,50,sitka-spruce,0,0,0,0,0,0,0,0,0,0,4,0,0,0,0,0
browse0.800000011920929_protectTrue_clear3,0,50,sessile-oak,0,0,0,0,0,0,0,0,0,0,4,0,0,0,0,0
browse0.800000011920929_protectTrue_clear3,0,50,beech,0,0,0,0,0,0,0,0,0,0,4,0,0,0,0,0
browse0.800000011920929_protectTrue_clear3,0,51,sitka-spruce,0,0,0,0,0,0,0,0,0,0,4,0,0,0,0,0
browse0.800000011920929_protectTrue_clear3,0,51,sessile-oak,0,0,0,0,0,0,0,0,0,0,4,0,0,0,0,0
browse0.800000011920929_protectTrue_clear3,0,51,beech,0,0,0,0,0,0,0,0,0,0,4,0,0,0,0,0
browse0.800000011920929_protectTrue_clear3,0,52,sitka-spruce,0,0,0,0,0,0,0,0,0,0,4,0,0,0,0,0
browse0.800000011920929_protectTrue_clear3,0,52,sessile-oak,0,0,0,0,0,0,0,0,0,0,4,0,0,0,0,0
browse0.800000011920929_protectTrue_clear3,0,52,beech,0,0,0,0,0,0,0,0,0,0,4,0,0,0,0,0
browse0.800000011920929_protectTrue_clear3,0,53,sitka-spruce,0,0,0,0,0,0,0,0,0,0,4,0,0,0,0,0
browse0.800000011920929_protectTrue_clear3,0,53,sessile-oak,0,0,0,0,0,0,0,0,0,0,4,0,0,0,0,0
browse0.800000011920929_protectTrue_clear3,0,53,beech,0,0,0,0,0,0,0,0,0,0,4,0,0,0,0,0
browse0.800000011920929_protectTrue_clear3,0,54,sitka-spruce,0,0,0,0,0,0,0,0,0,0,4,0,0,0,0,0
browse0.800000011920929_protectTrue_clear3,0,54,sessile-oak,0,0,0,0,0,0,0,0,0,0,4,0,0,0,0,0
browse0.800000011920929_protectTrue_clear3,0,54,beech,0,0,0,0,0,0,0,0,0,0,4,0,0,0,0,0
browse0.800000011920929_protectTrue_clear3,0,55,sitka-spruce,0,0,0,0,0,0,0,0,0,0,4,0,0,0,0,0
browse0.800000011920929_protectTrue_clear3,0,55,sessile-oak,0,0,0,0,0,0,0,0,0,0,4,0,0,0,0,0
browse0.800000011920929_protectTrue_clear3,0,55,beech,0,0,0,0,0,0,0,0,0,0,4,0,0,0,0,0
browse0.800000011920929_protectTrue_clear3,0,56,sitka-spruce,0,0,0,0,0,0,0,0,0,0,4,0,0,0,0,0
browse0.800000011920929_protectTrue_clear3,0,56,sessile-oak,0,0,0,0,0,0,0,0,0,0,4,0,0,0,0,0
browse0.800000011920929_protectTrue_clear3,0,56,beech,0,0,0,0,0,0,0,0,0,0,4,0,0,0,0,0
browse0.800000011920929_protectTrue_clear3,0,57,sitka-spruce,0,0,0,0,0,0,0,0,0,0,4,0,0,0,0,0
browse0.800000011920929_protectTrue_clear3,0,57,sessile-oak,0,0,0,0,0,0,0,0,0,0,4,0,0,0,0,0
browse0.800000011920929_protectTrue_clear3,0,57,beech,0,0,0,0,0,0,0,0,0,0,4,0,0,0,0,0
browse0.800000011920929_protectTrue_clear3,0,58,sitka-spruce,0,0,0,0,0,0,0,0,0,0,4,0,0,0,0,0
browse0.800000011920929_protectTrue_clear3,0,58,sessile-oak,0,0,0,0,0,0,0,0,0,0,4,0,0,0,0,0
browse0.800000011920929_protectTrue_clear3,0,58,beech,0,0,0,0,0,0,0,0,0,0,4,0,0,0,0,0
browse0.800000011920929_protectTrue_clear3,0,59,sitka-spruce,0,0,0,0,0,0,0,0,0,0,4,0,0,0,0,0
browse0.800000011920929_protectTrue_clear3,0,59,sessile-oak,0,0,0,0,0,0,0,0,0,0,4,0,0,0,0,0
browse0.800000011920929_protectTrue_clear3,0,59,beech,0,0,0,0,0,0,0,0,0,0,4,0,0,0,0,0
browse0.800000011920929_protectTrue_clear3,0,60,sitka-spruce,0,0,0,0,0,0,0,0,0,0,4,0,0,0,0,0
browse0.800000011920929_protectTrue_clear3,0,60,sessile-oak,0,0,0,0,0,0,0,0,0,0,4,0,0,0,0,0
browse0.800000011920929_protectTrue_clear3,0,60,beech,0,0,0,0,0,0,0,0,0,0,4,0,0,0,0,0
browse0.800000011920929_protectTrue_clear3,0,61,sitka-spruce,0,0,0,0,0,0,0,0,0,0,4,0,0,0,0,0
browse0.800000011920929_protectTrue_clear3,0,61,sessile-oak,0,0,0,0,0,0,0,0,0,0,4,0,0,0,0,0
browse0.800000011920929_protectTrue_clear3,0,61,beech,0,0,0,0,0,0,0,0,0,0,4,0,0,0,0,0
browse0.800000011920929_protectTrue_clear3,0,62,sitka-spruce,0,0,0,0,0,0,0,0,0,0,4,0,0,0,0,0
browse0.800000011920929_protectTrue_clear3,0,62,sessile-oak,0,0,0,0,0,0,0,0,0,0,4,0,0,0,0,0
browse0.800000011920929_protectTrue_clear3,0,62,beech,0,0,0,0,0,0,0,0,0,0,4,0,0,0,0,0
browse0.800000011920929_protectTrue_clear3,0,63,sitka-spruce,0,0,0,0,0,0,0,0,0,0,4,0,0,0,0,0
browse0.800000011920929_protectTrue_clear3,0,63,sessile-oak,0,0,0,0,0,0,0,0,0,0,4,0,0,0,0,0
browse0.800000011920929_protectTrue_clear3,0,63,beech,0,0,0,0,0,0,0,0,0,0,4,0,0,0,0,0
browse0.800000011920929_protectTrue_clear3,0,64,sitka-spruce,0,0,0,0,0,0,0,0,0,0,4,0,0,0,0,0
browse0.800000011920929_protectTrue_clear3,0,64,sessile-oak,0,0,0,0,0,0,0,0,0,0,4,0,0,0,0,0
browse0.800000011920929_protectTrue_clear3,0,64,beech,0,0,0,0,0,0,0,0,0,0,4,0,0,0,0,0
browse0.800000011920929_protectTrue_clear3,0,65,sitka-spruce,0,0,0,0,0,0,0,0,0,0,4,0,0,0,0,0
browse0.800000011920929_protectTrue_clear3,0,65,sessile-oak,0,0,0,0,0,0,0,0,0,0,4,0,0,0,0,0
browse0.800000011920929_protectTrue_clear3,0,65,beech,0,0,0,0,0,0,0,0,0,0,4,0,0,0,0,0
browse0.800000011920929_protectTrue_clear3,0,66,sitka-spruce,0,0,0,0,0,0,0,0,0,0,4,0,0,0,0,0
browse0.800000011920929_protectTrue_clear3,0,66,sessile-oak,0,0,0,0,0,0,0,0,0,0,4,0,0,0,0,0
browse0.800000011920929_protectTrue_clear3,0,66,beech,0,0,0,0,0,0,0,0,0,0,4,0,0,0,0,0
browse0.800000011920929_protectTrue_clear3,0,67,sitka-spruce,0,0,0,0,0,0,0,0,0,0,4,0,0,0,0,0
browse0.800000011920929_protectTrue_clear3,0,67,sessile-oak,0,0,0,0,0,0,0,0,0,0,4,0,0,0,0,0
browse0.800000011920929_protectTrue_clear3,0,67,beech,0,0,0,0,0,0,0,0,0,0,4,0,0,0,0,0
browse0.800000011920929_protectTrue_clear3,0,68,sitka-spruce,0,0,0,0,0,0,0,0,0,0,4,0,0,0,0,0
browse0.800000011920929_protectTrue_clear3,0,68,sessile-oak,0,0,0,0,0,0,0,0,0,0,4,0,0,0,0,0
browse0.800000011920929_protectTrue_clear3,0,68,beech,0,0,0,0,0,0,0,0,0,0,4,0,0,0,0,0
browse0.800000011920929_protectTrue_clear3,0,69,sitka-spruce,0,0,0,0,0,0,0,0,0,0,4,0,0,0,0,0
browse0.800000011920929_protectTrue_clear3,0,69,sessile-oak,0,0,0,0,0,0,0,0,0,0,4,0,0,0,0,0
browse0.800000011920929_protectTrue_clear3,0,69,beech,0,0,0,0,0,0,0,0,0,0,4,0,0,0,0,0
browse0.800000011920929_protectTrue_clear3,0,70,sitka-spruce,0,0,0,0,0,0,0,0,0,0,4,0,0,0,0,0
browse0.800000011920929_protectTrue_clear3,0,70,sessile-oak,0,0,0,0,0,0,0,0,0,0,4,0,0,0,0,0
browse0.800000011920929_protectTrue_clear3,0,70,beech,0,0,0,0,0,0,0,0,0,0,4,0,0,0,0,0
browse0.800000011920929_protectTrue_clear3,0,71,sitka-spruce,0,0,0,0,0,0,0,0,0,0,4,0,0,0,0,0
browse0.800000011920929_protectTrue_clear3,0,71,sessile-oak,0,0,0,0,0,0,0,0,0,0,4,0,0,0,0,0
browse0.800000011920929_protectTrue_clear3,0,71,beech,0,0,0,0,0,0,0,0,0,0,4,0,0,0,0,0
browse0.800000011920929_protectTrue_clear3,0,72,sitka-spruce,0,0,0,0,0,0,0,0,0,0,4,0,0,0,0,0
browse0.800000011920929_protectTrue_clear3,0,72,sessile-oak,0,0,0,0,0,0,0,0,0,0,4,0,0,0,0,0
browse0.800000011920929_protectTrue_clear3,0,72,beech,0,0,0,0,0,0,0,0,0,0,4,0,0,0,0,0
browse0.800000011920929_protectTrue_clear3,0,73,sitka-spruce,0,0,0,0,0,0,0,0,0,0,4,0,0,0,0,0
browse0.800000011920929_protectTrue_clear3,0,73,sessile-oak,0,0,0,0,0,0,0,0,0,0,4,0,0,0,0,0
browse0.800000011920929_protectTrue_clear3,0,73,beech,0,0,0,0,0,0,0,0,0,0,4,0,0,0,0,0
browse0.800000011920929_protectTrue_clear3,0,74,sitka-spruce,0,0,0,0,0,0,0,0,0,0,4,0,0,0,0,0
browse0.800000011920929_protectTrue_clear3,0,74,sessile-oak,0,0,0,0,0,0,0,0,0,0,4,0,0,0,0,0
browse0.800000011920929_protectTrue_clear3,0,74,beech,0,0,0,0,0,0,0,0,0,0,4,0,0,0,0,0
browse0.800000011920929_protectTrue_clear3,0,75,sitka-spruce,0,0,0,0,0,0,0,0,0,0,4,0,0,0,0,0
browse0.800000011920929_protectTrue_clear3,0,75,sessile-oak,0,0,0,0,0,0,0,0,0,0,4,0,0,0,0,0
browse0.800000011920929_protectTrue_clear3,0,75,beech,0,0,0,0,0,0,0,0,0,0,4,0,0,0,0,0
browse0.800000011920929_protectTrue_clear3,0,76,sitka-spruce,0,0,0,0,0,0,0,0,0,0,4,0,0,0,0,0
browse0.800000011920929_protectTrue_clear3,0,76,sessile-oak,0,0,0,0,0,0,0,0,0,0,4,0,0,0,0,0
browse0.800000011920929_protectTrue_clear3,0,76,beech,0,0,0,0,0,0,0,0,0,0,4,0,0,0,0,0
browse0.800000011920929_protectTrue_clear3,0,77,sitka-spruce,0,0,0,0,0,0,0,0,0,0,4,0,0,0,0,0
browse0.800000011920929_protectTrue_clear3,0,77,sessile-oak,0,0,0,0,0,0,0,0,0,0,4,0,0,0,0,0
browse0.800000011920929_protectTrue_clear3,0,77,beech,0,0,0,0,0,0,0,0,0,0,4,0,0,0,0,0
browse0.800000011920929_protectTrue_clear3,0,78,sitka-spruce,0,0,0,0,0,0,0,0,0,0,4,0,0,0,0,0
browse0.800000011920929_protectTrue_clear3,0,78,sessile-oak,0,0,0,0,0,0,0,0,0,0,4,0,0,0,0,0
browse0.800000011920929_protectTrue_clear3,0,78,beech,0,0,0,0,0,0,0,0,0,0,4,0,0,0,0,0
browse0.800000011920929_protectTrue_clear3,0,79,sitka-spruce,0,0,0,0,0,0,0,0,0,0,4,0,0,0,0,0
browse0.800000011920929_protectTrue_clear3,0,79,sessile-oak,0,0,0,0,0,0,0,0,0,0,4,0,0,0,0,0
browse0.800000011920929_protectTrue_clear3,0,79,beech,0,0,0,0,0,0,0,0,0,0,4,0,0,0,0,0
browse0.800000011920929_protectTrue_clear3,0,80,sitka-spruce,0,0,0,0,0,0,0,0,0,0,4,0,0,0,0,0
browse0.800000011920929_protectTrue_clear3,0,80,sessile-oak,0,0,0,0,0,0,0,0,0,0,4,0,0,0,0,0
browse0.800000011920929_protectTrue_clear3,0,80,beech,0,0,0,0,0,0,0,0,0,0,4,0,0,0,0,0
browse0.800000011920929_protectTrue_clear3,0,81,sitka-spruce,0,0,0,0,0,0,0,0,0,0,4,0,0,0,0,0
browse0.800000011920929_protectTrue_clear3,0,81,sessile-oak,0,0,0,0,0,0,0,0,0,0,4,0,0,0,0,0
browse0.800000011920929_protectTrue_clear3,0,81,beech,0,0,0,0,0,0,0,0,0,0,4,0,0,0,0,0
browse0.800000011920929_protectTrue_clear3,0,82,sitka-spruce,0,0,0,0,0,0,0,0,0,0,4,0,0,0,0,0
browse0.800000011920929_protectTrue_clear3,0,82,sessile-oak,0,0,0,0,0,0,0,0,0,0,4,0,0,0,0,0
browse0.800000011920929_protectTrue_clear3,0,82,beech,0,0,0,0,0,0,0,0,0,0,4,0,0,0,0,0
browse0.800000011920929_protectTrue_clear3,0,83,sitka-spruce,0,0,0,0,0,0,0,0,0,0,4,0,0,0,0,0
browse0.800000011920929_protectTrue_clear3,0,83,sessile-oak,0,0,0,0,0,0,0,0,0,0,4,0,0,0,0,0
browse0.800000011920929_protectTrue_clear3,0,83,beech,0,0,0,0,0,0,0,0,0,0,4,0,0,0,0,0
browse0.800000011920929_protectTrue_clear3,0,84,sitka-spruce,0,0,0,0,0,0,0,0,0,0,4,0,0,0,0,0
browse0.800000011920929_protectTrue_clear3,0,84,sessile-oak,0,0,0,0,0,0,0,0,0,0,4,0,0,0,0,0
browse0.800000011920929_protectTrue_clear3,0,84,beech,0,0,0,0,0,0,0,0,0,0,4,0,0,0,0,0
browse0.800000011920929_protectTrue_clear3,0,85,sitka-spruce,0,0,0,0,0,0,0,0,0,0,4,0,0,0,0,0
browse0.800000011920929_protectTrue_clear3,0,85,sessile-oak,0,0,0,0,0,0,0,0,0,0,4,0,0,0,0,0
browse0.800000011920929_protectTrue_clear3,0,85,beech,0,0,0,0,0,0,0,0,0,0,4,0,0,0,0,0
browse0.800000011920929_protectTrue_clear3,0,86,sitka-spruce,0,0,0,0,0,0,0,0,0,0,4,0,0,0,0,0
browse0.800000011920929_protectTrue_clear3,0,86,sessile-oak,0,0,0,0,0,0,0,0,0,0,4,0,0,0,0,0
browse0.800000011920929_protectTrue_clear3,0,86,beech,0,0,0,0,0,0,0,0,0,0,4,0,0,0,0,0
browse0.800000011920929_protectTrue_clear3,0,87,sitka-spruce,0,0,0,0,0,0,0,0,0,0,4,0,0,0,0,0
browse0.800000011920929_protectTrue_clear3,0,87,sessile-oak,0,0,0,0,0,0,0,0,0,0,4,0,0,0,0,0
browse0.800000011920929_protectTrue_clear3,0,87,beech,0,0,0,0,0,0,0,0,0,0,4,0,0,0,0,0
browse0.800000011920929_protectTrue_clear3,0,88,sitka-spruce,0,0,0,0,0,0,0,0,0,0,4,0,0,0,0,0
browse0.800000011920929_protectTrue_clear3,0,88,sessile-oak,0,0,0,0,0,0,0,0,0,0,4,0,0,0,0,0
browse0.800000011920929_protectTrue_clear3,0,88,beech,0,0,0,0,0,0,0,0,0,0,4,0,0,0,0,0
browse0.800000011920929_protectTrue_clear3,0,89,sitka-spruce,0,0,0,0,0,0,0,0,0,0,4,0,0,0,0,0
browse0.800000011920929_protectTrue_clear3,0,89,sessile-oak,0,0,0,0,0,0,0,0,0,0,4,0,0,0,0,0
browse0.800000011920929_protectTrue_clear3,0,89,beech,0,0,0,0,0,0,0,0,0,0,4,0,0,0,0,0
browse0.800000011920929_protectTrue_clear3,0,90,sitka-spruce,0,0,0,0,0,0,0,0,0,0,4,0,0,0,0,0
browse0.800000011920929_protectTrue_clear3,0,90,sessile-oak,0,0,0,0,0,0,0,0,0,0,4,0,0,0,0,0
browse0.800000011920929_protectTrue_clear3,0,90,beech,0,0,0,0,0,0,0,0,0,0,4,0,0,0,0,0
browse0.800000011920929_protectTrue_clear3,0,91,sitka-spruce,0,0,0,0,0,0,0,0,0,0,4,0,0,0,0,0
browse0.800000011920929_protectTrue_clear3,0,91,sessile-oak,0,0,0,0,0,0,0,0,0,0,4,0,0,0,0,0
browse0.800000011920929_protectTrue_clear3,0,91,beech,0,0,0,0,0,0,0,0,0,0,4,0,0,0,0,0
browse0.800000011920929_protectTrue_clear3,0,92,sitka-spruce,0,0,0,0,0,0,0,0,0,0,4,0,0,0,0,0
browse0.800000011920929_protectTrue_clear3,0,92,sessile-oak,0,0,0,0,0,0,0,0,0,0,4,0,0,0,0,0
browse0.800000011920929_protectTrue_clear3,0,92,beech,0,0,0,0,0,0,0,0,0,0,4,0,0,0,0,0
browse0.800000011920929_protectTrue_clear3,0,93,sitka-spruce,0,0,0,0,0,0,0,0,0,0,4,0,0,0,0,0
browse0.800000011920929_protectTrue_clear3,0,93,sessile-oak,0,0,0,0,0,0,0,0,0,0,4,0,0,0,0,0
browse0.800000011920929_protectTrue_clear3,0,93,beech,0,0,0,0,0,0,0,0,0,0,4,0,0,0,0,0
browse0.800000011920929_protectTrue_clear3,0,94,sitka-spruce,0,0,0,0,0,0,0,0,0,0,4,0,0,0,0,0
browse0.800000011920929_protectTrue_clear3,0,94,sessile-oak,0,0,0,0,0,0,0,0,0,0,4,0,0,0,0,0
browse0.800000011920929_protectTrue_clear3,0,94,beech,0,0,0,0,0,0,0,0,0,0,4,0,0,0,0,0
browse0.800000011920929_protectTrue_clear3,0,95,sitka-spruce,0,0,0,0,0,0,0,0,0,0,4,0,0,0,0,0
browse0.800000011920929_protectTrue_clear3,0,95,sessile-oak,0,0,0,0,0,0,0,0,0,0,4,0,0,0,0,0
browse0.800000011920929_protectTrue_clear3,0,95,beech,0,0,0,0,0,0,0,0,0,0,4,0,0,0,0,0
browse0.800000011920929_protectTrue_clear3,0,96,sitka-spruce,0,0,0,0,0,0,0,0,0,0,4,0,0,0,0,0
browse0.800000011920929_protectTrue_clear3,0,96,sessile-oak,0,0,0,0,0,0,0,0,0,0,4,0,0,0,0,0
browse0.800000011920929_protectTrue_clear3,0,96,beech,0,0,0,0,0,0,0,0,0,0,4,0,0,0,0,0
browse0.800000011920929_protectTrue_clear3,0,97,sitka-spruce,0,0,0,0,0,0,0,0,0,0,4,0,0,0,0,0
browse0.800000011920929_protectTrue_clear3,0,97,sessile-oak,0,0,0,0,0,0,0,0,0,0,4,0,0,0,0,0
browse0.800000011920929_protectTrue_clear3,0,97,beech,0,0,0,0,0,0,0,0,0,0,4,0,0,0,0,0
browse0.800000011920929_protectTrue_clear3,0,98,sitka-spruce,0,0,0,0,0,0,0,0,0,0,4,0,0,0,0,0
browse0.800000011920929_protectTrue_clear3,0,98,sessile-oak,0,0,0,0,0,0,0,0,0,0,4,0,0,0,0,0
browse0.800000011920929_protectTrue_clear3,0,98,beech,0,0,0,0,0,0,0,0,0,0,4,0,0,0,0,0
browse0.800000011920929_protectTrue_clear3,0,99,sitka-spruce,0,0,0,0,0,0,0,0,0,0,4,0,0,0,0,0
browse0.800000011920929_protectTrue_clear3,0,99,sessile-oak,0,0,0,0,0,0,0,0,0,0,4,0,0,0,0,0
browse0.800000011920929_protectTrue_clear3,0,99,beech,0,0,0,0,0,0,0,0,0,0,4,0,0,0,0,0
browse0.800000011920929_protectTrue_clear3,0,100,sitka-spruce,0,0,0,0,0,0,0,0,0,0,4,0,0,0,0,0
browse0.800000011920929_protectTrue_clear3,0,100,sessile-oak,0,0,0,0,0,0,0,0,0,0,4,0,0,0,0,0
browse0.800000011920929_protectTrue_clear3,0,100,beech,0,0,0,0,0,0,0,0,0,0,4,0,0,0,0,0
browse0.800000011920929_protectTrue_clear3,1,1,sitka-spruce,0.800000011920929,0,0,0,0,0,0,0,4,0,0,0,0,0,0,0
browse0.800000011920929_protectTrue_clear3,1,1,sessile-oak,0.800000011920929,0,0,0,0,0,0,0,4,0,0,0,0,0,0,0
browse0.800000011920929_protectTrue_clear3,1,1,beech,0.800000011920929,0,0,0,0,0,0,0,4,0,0,0,0,0,0,0
browse0.800000011920929_protectTrue_clear3,1,2,sitka-spruce,0.800000011920929,0,0,0,0,0,0,0,4,0,0,0,0,0,0,0
browse0.800000011920929_protectTrue_clear3,1,2,sessile-oak,0.800000011920929,0,0,0,0,0,0,0,4,0,0,0,0,0,0,0
browse0.800000011920929_protectTrue_clear3,1,2,beech,0.800000011920929,0,0,0,0,0,0,0,4,0,0,0,0,0,0,0
browse0.800000011920929_protectTrue_clear3,1,3,sitka-spruce,0,0,0,0,0,0,0,0,0,0,4,0,0,2.4000000953674316,12,0
browse0.800000011920929_protectTrue_clear3,1,3,sessile-oak,0,0,0,0,0,0,0,0,0,0,4,0,0,2.4000000953674316,12,0
browse0.800000011920929_protectTrue_clear3,1,3,beech,0,0,0,0,0,0,0,0,0,0,4,0,0,2.4000000953674316,12,0
browse0.800000011920929_protectTrue_clear3,1,4,sitka-spruce,0,0,0,0,0,0,0,0,0,0,4,0,0,0,0,0
browse0.800000011920929_protectTrue_clear3,1,4,sessile-oak,0,0,0,0,0,0,0,0,0,0,4,0,0,0,0,0
browse0.800000011920929_protectTrue_clear3,1,4,beech,0,0,0,0,0,0,0,0,0,0,4,0,0,0,0,0
browse0.800000011920929_protectTrue_clear3,1,5,sitka-spruce,0,0,0,0,0,0,0,0,0,0,4,0,0,0,0,0
browse0.800000011920929_protectTrue_clear3,1,5,sessile-oak,0,0,0,0,0,0,0,0,0,0,4,0,0,0,0,0
browse0.800000011920929_protectTrue_clear3,1,5,beech,0,0,0,0,0,0,0,0,0,0,4,0,0,0,0,0
browse0.800000011920929_protectTrue_clear3,1,6,sitka-spruce,0,0,0,0,0,0,0,0,0,0,4,0,0,0,0,0
browse0.800000011920929_protectTrue_clear3,1,6,sessile-oak,0,0,0,0,0,0,0,0,0,0,4,0,0,0,0,0
browse0.800000011920929_protectTrue_clear3,1,6,beech,0,0,0,0,0,0,0,0,0,0,4,0,0,0,0,0
browse0.800000011920929_protectTrue_clear3,1,7,sitka-spruce,0,0,0,0,0,0,0,0,0,0,4,0,0,0,0,0
browse0.800000011920929_protectTrue_clear3,1,7,sessile-oak,0,0,0,0,0,0,0,0,0,0,4,0,0,0,0,0
browse0.800000011920929_protectTrue_clear3,1,7,beech,0,0,0,0,0,0,0,0,0,0,4,0,0,0,0,0
browse0.800000011920929_protectTrue_clear3,1,8,sitka-spruce,0,0,0,0,0,0,0,0,0,0,4,0,0,0,0,0
browse0.800000011920929_protectTrue_clear3,1,8,sessile-oak,0,0,0,0,0,0,0,0,0,0,4,0,0,0,0,0
browse0.800000011920929_protectTrue_clear3,1,8,beech,0,0,0,0,0,0,0,0,0,0,4,0,0,0,0,0
browse0.800000011920929_protectTrue_clear3,1,9,sitka-spruce,0,0,0,0,0,0,0,0,0,0,4,0,0,0,0,0
browse0.800000011920929_protectTrue_clear3,1,9,sessile-oak,0,0,0,0,0,0,0,0,0,0,4,0,0,0,0,0
browse0.800000011920929_protectTrue_clear3,1,9,beech,0,0,0,0,0,0,0,0,0,0,4,0,0,0,0,0
browse0.800000011920929_protectTrue_clear3,1,10,sitka-spruce,0,0,0,0,0,0,0,0,0,0,4,0,0,0,0,0
browse0.800000011920929_protectTrue_clear3,1,10,sessile-oak,0,0,0,0,0,0,0,0,0,0,4,0,0,0,0,0
browse0.800000011920929_protectTrue_clear3,1,10,beech,0,0,0,0,0,0,0,0,0,0,4,0,0,0,0,0
browse0.800000011920929_protectTrue_clear3,1,11,sitka-spruce,0,0,0,0,0,0,0,0,0,0,4,0,0,0,0,0
browse0.800000011920929_protectTrue_clear3,1,11,sessile-oak,0,0,0,0,0,0,0,0,0,0,4,0,0,0,0,0
browse0.800000011920929_protectTrue_clear3,1,11,beech,0,0,0,0,0,0,0,0,0,0,4,0,0,0,0,0
browse0.800000011920929_protectTrue_clear3,1,12,sitka-spruce,0,0,0,0,0,0,0,0,0,0,4,0,0,0,0,0
browse0.800000011920929_protectTrue_clear3,1,12,sessile-oak,0,0,0,0,0,0,0,0,0,0,4,0,0,0,0,0
browse0.800000011920929_protectTrue_clear3,1,12,beech,0,0,0,0,0,0,0,0,0,0,4,0,0,0,0,0
browse0.800000011920929_protectTrue_clear3,1,13,sitka-spruce,0,0,0,0,0,0,0,0,0,0,4,0,0,0,0,0
browse0.800000011920929_protectTrue_clear3,1,13,sessile-oak,0,0,0,0,0,0,0,0,0,0,4,0,0,0,0,0
browse0.800000011920929_protectTrue_clear3,1,13,beech,0,0,0,0,0,0,0,0,0,0,4,0,0,0,0,0
browse0.800000011920929_protectTrue_clear3,1,14,sitka-spruce,0,0,0,0,0,0,0,0,0,0,4,0,0,0,0,0
browse0.800000011920929_protectTrue_clear3,1,14,sessile-oak,0,0,0,0,0,0,0,0,0,0,4,0,0,0,0,0
browse0.800000011920929_protectTrue_clear3,1,14,beech,0,0,0,0,0,0,0,0,0,0,4,0,0,0,0,0
browse0.800000011920929_protectTrue_clear3,1,15,sitka-spruce,0,0,0,0,0,0,0,0,0,0,4,0,0,0,0,0
browse0.800000011920929_protectTrue_clear3,1,15,sessile-oak,0,0,0,0,0,0,0,0,0,0,4,0,0,0,0,0
browse0.800000011920929_protectTrue_clear3,1,15,beech,0,0,0,0,0,0,0,0,0,0,4,0,0,0,0,0
browse0.800000011920929_protectTrue_clear3,1,16,sitka-spruce,0,0,0,0,0,0,0,0,0,0,4,0,0,0,0,0
browse0.800000011920929_protectTrue_clear3,1,16,sessile-oak,0,0,0,0,0,0,0,0,0,0,4,0,0,0,0,0
browse0.800000011920929_protectTrue_clear3,1,16,beech,0,0,0,0,0,0,0,0,0,0,4,0,0,0,0,0
browse0.800000011920929_protectTrue_clear3,1,17,sitka-spruce,0,0,0,0,0,0,0,0,0,0,4,0,0,0,0,0
browse0.800000011920929_protectTrue_clear3,1,17,sessile-oak,0,0,0,0,0,0,0,0,0,0,4,0,0,0,0,0
browse0.800000011920929_protectTrue_clear3,1,17,beech,0,0,0,0,0,0,0,0,0,0,4,0,0,0,0,0
browse0.800000011920929_protectTrue_clear3,1,18,sitka-spruce,0,0,0,0,0,0,0,0,0,0,4,0,0,0,0,0
browse0.800000011920929_protectTrue_clear3,1,18,sessile-oak,0,0,0,0,0,0,0,0,0,0,4,0,0,0,0,0
browse0.800000011920929_protectTrue_clear3,1,18,beech,0,0,0,0,0,0,0,0,0,0,4,0,0,0,0,0
browse0.800000011920929_protectTrue_clear3,1,19,sitka-spruce,0,0,0,0,0,0,0,0,0,0,4,0,0,0,0,0
browse0.800000011920929_protectTrue_clear3,1,19,sessile-oak,0,0,0,0,0,0,0,0,0,0,4,0,0,0,0,0
browse0.800000011920929_protectTrue_clear3,1,19,beech,0,0,0,0,0,0,0,0,0,0,4,0,0,0,0,0
browse0.800000011920929_protectTrue_clear3,1,20,sitka-spruce,0,0,0,0,0,0,0,0,0,0,4,0,0,0,0,0
browse0.800000011920929_protectTrue_clear3,1,20,sessile-oak,0,0,0,0,0,0,0,0,0,0,4,0,0,0,0,0
browse0.800000011920929_protectTrue_clear3,1,20,beech,0,0,0,0,0,0,0,0,0,0,4,0,0,0,0,0
browse0.800000011920929_protectTrue_clear3,1,21,sitka-spruce,0,0,0,0,0,0,0,0,0,0,4,0,0,0,0,0
browse0.800000011920929_protectTrue_clear3,1,21,sessile-oak,0,0,0,0,0,0,0,0,0,0,4,0,0,0,0,0
browse0.800000011920929_protectTrue_clear3,1,21,beech,0,0,0,0,0,0,0,0,0,0,4,0,0,0,0,0
browse0.800000011920929_protectTrue_clear3,1,22,sitka-spruce,0,0,0,0,0,0,0,0,0,0,4,0,0,0,0,0
browse0.800000011920929_protectTrue_clear3,1,22,sessile-oak,0,0,0,0,0,0,0,0,0,0,4,0,0,0,0,0
browse0.800000011920929_protectTrue_clear3,1,22,beech,0,0,0,0,0,0,0,0,0,0,4,0,0,0,0,0
browse0.800000011920929_protectTrue_clear3,1,23,sitka-spruce,0,0,0,0,0,0,0,0,0,0,4,0,0,0,0,0
browse0.800000011920929_protectTrue_clear3,1,23,sessile-oak,0,0,0,0,0,0,0,0,0,0,4,0,0,0,0,0
browse0.800000011920929_protectTrue_clear3,1,23,beech,0,0,0,0,0,0,0,0,0,0,4,0,0,0,0,0
browse0.800000011920929_protectTrue_clear3,1,24,sitka-spruce,0,0,0,0,0,0,0,0,0,0,4,0,0,0,0,0
browse0.800000011920929_protectTrue_clear3,1,24,sessile-oak,0,0,0,0,0,0,0,0,0,0,4,0,0,0,0,0
browse0.800000011920929_protectTrue_clear3,1,24,beech,0,0,0,0,0,0,0,0,0,0,4,0,0,0,0,0
browse0.800000011920929_protectTrue_clear3,1,25,sitka-spruce,0,0,0,0,0,0,0,0,0,0,4,0,0,0,0,0
browse0.800000011920929_protectTrue_clear3,1,25,sessile-oak,0,0,0,0,0,0,0,0,0,0,4,0,0,0,0,0
browse0.800000011920929_protectTrue_clear3,1,25,beech,0,0,0,0,0,0,0,0,0,0,4,0,0,0,0,0
browse0.800000011920929_protectTrue_clear3,1,26,sitka-spruce,0,0,0,0,0,0,0,0,0,0,4,0,0,0,0,0
browse0.800000011920929_protectTrue_clear3,1,26,sessile-oak,0,0,0,0,0,0,0,0,0,0,4,0,0,0,0,0
browse0.800000011920929_protectTrue_clear3,1,26,beech,0,0,0,0,0,0,0,0,0,0,4,0,0,0,0,0
browse0.800000011920929_protectTrue_clear3,1,27,sitka-spruce,0,0,0,0,0,0,0,0,0,0,4,0,0,0,0,0
browse0.800000011920929_protectTrue_clear3,1,27,sessile-oak,0,0,0,0,0,0,0,0,0,0,4,0,0,0,0,0
browse0.800000011920929_protectTrue_clear3,1,27,beech,0,0,0,0,0,0,0,0,0,0,4,0,0,0,0,0
browse0.800000011920929_protectTrue_clear3,1,28,sitka-spruce,0,0,0,0,0,0,0,0,0,0,4,0,0,0,0,0
browse0.800000011920929_protectTrue_clear3,1,28,sessile-oak,0,0,0,0,0,0,0,0,0,0,4,0,0,0,0,0
browse0.800000011920929_protectTrue_clear3,1,28,beech,0,0,0,0,0,0,0,0,0,0,4,0,0,0,0,0
browse0.800000011920929_protectTrue_clear3,1,29,sitka-spruce,0,0,0,0,0,0,0,0,0,0,4,0,0,0,0,0
browse0.800000011920929_protectTrue_clear3,1,29,sessile-oak,0,0,0,0,0,0,0,0,0,0,4,0,0,0,0,0
browse0.800000011920929_protectTrue_clear3,1,29,beech,0,0,0,0,0,0,0,0,0,0,4,0,0,0,0,0
browse0.800000011920929_protectTrue_clear3,1,30,sitka-spruce,0,0,0,0,0,0,0,0,0,0,4,0,0,0,0,0
browse0.800000011920929_protectTrue_clear3,1,30,sessile-oak,0,0,0,0,0,0,0,0,0,0,4,0,0,0,0,0
browse0.800000011920929_protectTrue_clear3,1,30,beech,0,0,0,0,0,0,0,0,0,0,4,0,0,0,0,0
browse0.800000011920929_protectTrue_clear3,1,31,sitka-spruce,0,0,0,0,0,0,0,0,0,0,4,0,0,0,0,0
browse0.800000011920929_protectTrue_clear3,1,31,sessile-oak,0,0,0,0,0,0,0,0,0,0,4,0,0,0,0,0
browse0.800000011920929_protectTrue_clear3,1,31,beech,0,0,0,0,0,0,0,0,0,0,4,0,0,0,0,0
browse0.800000011920929_protectTrue_clear3,1,32,sitka-spruce,0,0,0,0,0,0,0,0,0,0,4,0,0,0,0,0
browse0.800000011920929_protectTrue_clear3,1,32,sessile-oak,0,0,0,0,0,0,0,0,0,0,4,0,0,0,0,0
browse0.800000011920929_protectTrue_clear3,1,32,beech,0,0,0,0,0,0,0,0,0,0,4,0,0,0,0,0
browse0.800000011920929_protectTrue_clear3,1,33,sitka-spruce,0,0,0,0,0,0,0,0,0,0,4,0,0,0,0,0
browse0.800000011920929_protectTrue_clear3,1,33,sessile-oak,0,0,0,0,0,0,0,0,0,0,4,0,0,0,0,0
browse0.800000011920929_protectTrue_clear3,1,33,beech,0,0,0,0,0,0,0,0,0,0,4,0,0,0,0,0
browse0.800000011920929_protectTrue_clear3,1,34,sitka-spruce,0,0,0,0,0,0,0,0,0,0,4,0,0,0,0,0
browse0.800000011920929_protectTrue_clear3,1,34,sessile-oak,0,0,0,0,0,0,0,0,0,0,4,0,0,0,0,0
browse0.800000011920929_protectTrue_clear3,1,34,beech,0,0,0,0,0,0,0,0,0,0,4,0,0,0,0,0
browse0.800000011920929_protectTrue_clear3,1,35,sitka-spruce,0,0,0,0,0,0,0,0,0,0,4,0,0,0,0,0
browse0.800000011920929_protectTrue_clear3,1,35,sessile-oak,0,0,0,0,0,0,0,0,0,0,4,0,0,0,0,0
browse0.800000011920929_protectTrue_clear3,1,35,beech,0,0,0,0,0,0,0,0,0,0,4,0,0,0,0,0
browse0.800000011920929_protectTrue_clear3,1,36,sitka-spruce,0,0,0,0,0,0,0,0,0,0,4,0,0,0,0,0
browse0.800000011920929_protectTrue_clear3,1,36,sessile-oak,0,0,0,0,0,0,0,0,0,0,4,0,0,0,0,0
browse0.800000011920929_protectTrue_clear3,1,36,beech,0,0,0,0,0,0,0,0,0,0,4,0,0,0,0,0
browse0.800000011920929_protectTrue_clear3,1,37,sitka-spruce,0,0,0,0,0,0,0,0,0,0,4,0,0,0,0,0
browse0.800000011920929_protectTrue_clear3,1,37,sessile-oak,0,0,0,0,0,0,0,0,0,0,4,0,0,0,0,0
browse0.800000011920929_protectTrue_clear3,1,37,beech,0,0,0,0,0,0,0,0,0,0,4,0,0,0,0,0
browse0.800000011920929_protectTrue_clear3,1,38,sitka-spruce,0,0,0,0,0,0,0,0,0,0,4,0,0,0,0,0
browse0.800000011920929_protectTrue_clear3,1,38,sessile-oak,0,0,0,0,0,0,0,0,0,0,4,0,0,0,0,0
browse0.800000011920929_protectTrue_clear3,1,38,beech,0,0,0,0,0,0,0,0,0,0,4,0,0,0,0,0
browse0.800000011920929_protectTrue_clear3,1,39,sitka-spruce,0,0,0,0,0,0,0,0,0,0,4,0,0,0,0,0
browse0.800000011920929_protectTrue_clear3,1,39,sessile-oak,0,0,0,0,0,0,0,0,0,0,4,0,0,0,0,0
browse0.800000011920929_protectTrue_clear3,1,39,beech,0,0,0,0,0,0,0,0,0,0,4,0,0,0,0,0
browse0.800000011920929_protectTrue_clear3,1,40,sitka-spruce,0,0,0,0,0,0,0,0,0,0,4,0,0,0,0,0
browse0.800000011920929_protectTrue_clear3,1,40,sessile-oak,0,0,0,0,0,0,0,0,0,0,4,0,0,0,0,0
browse0.800000011920929_protectTrue_clear3,1,40,beech,0,0,0,0,0,0,0,0,0,0,4,0,0,0,0,0
browse0.800000011920929_protectTrue_clear3,1,41,sitka-spruce,0,0,0,0,0,0,0,0,0,0,4,0,0,0,0,0
browse0.800000011920929_protectTrue_clear3,1,41,sessile-oak,0,0,0,0,0,0,0,0,0,0,4,0,0,0,0,0
browse0.800000011920929_protectTrue_clear3,1,41,beech,0,0,0,0,0,0,0,0,0,0,4,0,0,0,0,0
browse0.800000011920929_protectTrue_clear3,1,42,sitka-spruce,0,0,0,0,0,0,0,0,0,0,4,0,0,0,0,0
browse0.800000011920929_protectTrue_clear3,1,42,sessile-oak,0,0,0,0,0,0,0,0,0,0,4,0,0,0,0,0
browse0.800000011920929_protectTrue_clear3,1,42,beech,0,0,0,0,0,0,0,0,0,0,4,0,0,0,0,0
browse0.800000011920929_protectTrue_clear3,1,43,sitka-spruce,0,0,0,0,0,0,0,0,0,0,4,0,0,0,0,0
browse0.800000011920929_protectTrue_clear3,1,43,sessile-oak,0,0,0,0,0,0,0,0,0,0,4,0,0,0,0,0
browse0.800000011920929_protectTrue_clear3,1,43,beech,0,0,0,0,0,0,0,0,0,0,4,0,0,0,0,0
browse0.800000011920929_protectTrue_clear3,1,44,sitka-spruce,0,0,0,0,0,0,0,0,0,0,4,0,0,0,0,0
browse0.800000011920929_protectTrue_clear3,1,44,sessile-oak,0,0,0,0,0,0,0,0,0,0,4,0,0,0,0,0
browse0.800000011920929_protectTrue_clear3,1,44,beech,0,0,0,0,0,0,0,0,0,0,4,0,0,0,0,0
browse0.800000011920929_protectTrue_clear3,1,45,sitka-spruce,0,0,0,0,0,0,0,0,0,0,4,0,0,0,0,0
browse0.800000011920929_protectTrue_clear3,1,45,sessile-oak,0,0,0,0,0,0,0,0,0,0,4,0,0,0,0,0
browse0.800000011920929_protectTrue_clear3,1,45,beech,0,0,0,0,0,0,0,0,0,0,4,0,0,0,0,0
browse0.800000011920929_protectTrue_clear3,1,46,sitka-spruce,0,0,0,0,0,0,0,0,0,0,4,0,0,0,0,0
browse0.800000011920929_protectTrue_clear3,1,46,sessile-oak,0,0,0,0,0,0,0,0,0,0,4,0,0,0,0,0
browse0.800000011920929_protectTrue_clear3,1,46,beech,0,0,0,0,0,0,0,0,0,0,4,0,0,0,0,0
browse0.800000011920929_protectTrue_clear3,1,47,sitka-spruce,0,0,0,0,0,0,0,0,0,0,4,0,0,0,0,0
browse0.800000011920929_protectTrue_clear3,1,47,sessile-oak,0,0,0,0,0,0,0,0,0,0,4,0,0,0,0,0
browse0.800000011920929_protectTrue_clear3,1,47,beech,0,0,0,0,0,0,0,0,0,0,4,0,0,0,0,0
browse0.800000011920929_protectTrue_clear3,1,48,sitka-spruce,0,0,0,0,0,0,0,0,0,0,4,0,0,0,0,0
browse0.800000011920929_protectTrue_clear3,1,48,sessile-oak,0,0,0,0,0,0,0,0,0,0,4,0,0,0,0,0
browse0.800000011920929_protectTrue_clear3,1,48,beech,0,0,0,0,0,0,0,0,0,0,4,0,0,0,0,0
browse0.800000011920929_protectTrue_clear3,1,49,sitka-spruce,0,0,0,0,0,0,0,0,0,0,4,0,0,0,0,0
browse0.800000011920929_protectTrue_clear3,1,49,sessile-oak,0,0,0,0,0,0,0,0,0,0,4,0,0,0,0,0
browse0.800000011920929_protectTrue_clear3,1,49,beech,0,0,0,0,0,0,0,0,0,0,4,0,0,0,0,0
browse0.800000011920929_protectTrue_clear3,1,50,sitka-spruce,0,0,0,0,0,0,0,0,0,0,4,0,0,0,0,0
browse0.800000011920929_protectTrue_clear3,1,50,sessile-oak,0,0,0,0,0,0,0,0,0,0,4,0,0,0,0,0
browse0.800000011920929_protectTrue_clear3,1,50,beech,0,0,0,0,0,0,0,0,0,0,4,0,0,0,0,0
browse0.800000011920929_protectTrue_clear3,1,51,sitka-spruce,0,0,0,0,0,0,0,0,0,0,4,0,0,0,0,0
browse0.800000011920929_protectTrue_clear3,1,51,sessile-oak,0,0,0,0,0,0,0,0,0,0,4,0,0,0,0,0
browse0.800000011920929_protectTrue_clear3,1,51,beech,0,0,0,0,0,0,0,0,0,0,4,0,0,0,0,0
browse0.800000011920929_protectTrue_clear3,1,52,sitka-spruce,0,0,0,0,0,0,0,0,0,0,4,0,0,0,0,0
browse0.800000011920929_protectTrue_clear3,1,52,sessile-oak,0,0,0,0,0,0,0,0,0,0,4,0,0,0,0,0
browse0.800000011920929_protectTrue_clear3,1,52,beech,0,0,0,0,0,0,0,0,0,0,4,0,0,0,0,0
browse0.800000011920929_protectTrue_clear3,1,53,sitka-spruce,0,0,0,0,0,0,0,0,0,0,4,0,0,0,0,0
browse0.800000011920929_protectTrue_clear3,1,53,sessile-oak,0,0,0,0,0,0,0,0,0,0,4,0,0,0,0,0
browse0.800000011920929_protectTrue_clear3,1,53,beech,0,0,0,0,0,0,0,0,0,0,4,0,0,0,0,0
browse0.800000011920929_protectTrue_clear3,1,54,sitka-spruce,0,0,0,0,0,0,0,0,0,0,4,0,0,0,0,0
browse0.800000011920929_protectTrue_clear3,1,54,sessile-oak,0,0,0,0,0,0,0,0,0,0,4,0,0,0,0,0
browse0.800000011920929_protectTrue_clear3,1,54,beech,0,0,0,0,0,0,0,0,0,0,4,0,0,0,0,0
browse0.800000011920929_protectTrue_clear3,1,55,sitka-spruce,0,0,0,0,0,0,0,0,0,0,4,0,0,0,0,0
browse0.800000011920929_protectTrue_clear3,1,55,sessile-oak,0,0,0,0,0,0,0,0,0,0,4,0,0,0,0,0
browse0.800000011920929_protectTrue_clear3,1,55,beech,0,0,0,0,0,0,0,0,0,0,4,0,0,0,0,0
browse0.800000011920929_protectTrue_clear3,1,56,sitka-spruce,0,0,0,0,0,0,0,0,0,0,4,0,0,0,0,0
browse0.800000011920929_protectTrue_clear3,1,56,sessile-oak,0,0,0,0,0,0,0,0,0,0,4,0,0,0,0,0
browse0.800000011920929_protectTrue_clear3,1,56,beech,0,0,0,0,0,0,0,0,0,0,4,0,0,0,0,0
browse0.800000011920929_protectTrue_clear3,1,57,sitka-spruce,0,0,0,0,0,0,0,0,0,0,4,0,0,0,0,0
browse0.800000011920929_protectTrue_clear3,1,57,sessile-oak,0,0,0,0,0,0,0,0,0,0,4,0,0,0,0,0
browse0.800000011920929_protectTrue_clear3,1,57,beech,0,0,0,0,0,0,0,0,0,0,4,0,0,0,0,0
browse0.800000011920929_protectTrue_clear3,1,58,sitka-spruce,0,0,0,0,0,0,0,0,0,0,4,0,0,0,0,0
browse0.800000011920929_protectTrue_clear3,1,58,sessile-oak,0,0,0,0,0,0,0,0,0,0,4,0,0,0,0,0
browse0.800000011920929_protectTrue_clear3,1,58,beech,0,0,0,0,0,0,0,0,0,0,4,0,0,0,0,0
browse0.800000011920929_protectTrue_clear3,1,59,sitka-spruce,0,0,0,0,0,0,0,0,0,0,4,0,0,0,0,0
browse0.800000011920929_protectTrue_clear3,1,59,sessile-oak,0,0,0,0,0,0,0,0,0,0,4,0,0,0,0,0
browse0.800000011920929_protectTrue_clear3,1,59,beech,0,0,0,0,0,0,0,0,0,0,4,0,0,0,0,0
browse0.800000011920929_protectTrue_clear3,1,60,sitka-spruce,0,0,0,0,0,0,0,0,0,0,4,0,0,0,0,0
browse0.800000011920929_protectTrue_clear3,1,60,sessile-oak,0,0,0,0,0,0,0,0,0,0,4,0,0,0,0,0
browse0.800000011920929_protectTrue_clear3,1,60,beech,0,0,0,0,0,0,0,0,0,0,4,0,0,0,0,0
browse0.800000011920929_protectTrue_clear3,1,61,sitka-spruce,0,0,0,0,0,0,0,0,0,0,4,0,0,0,0,0
browse0.800000011920929_protectTrue_clear3,1,61,sessile-oak,0,0,0,0,0,0,0,0,0,0,4,0,0,0,0,0
browse0.800000011920929_protectTrue_clear3,1,61,beech,0,0,0,0,0,0,0,0,0,0,4,0,0,0,0,0
browse0.800000011920929_protectTrue_clear3,1,62,sitka-spruce,0,0,0,0,0,0,0,0,0,0,4,0,0,0,0,0
browse0.800000011920929_protectTrue_clear3,1,62,sessile-oak,0,0,0,0,0,0,0,0,0,0,4,0,0,0,0,0
browse0.800000011920929_protectTrue_clear3,1,62,beech,0,0,0,0,0,0,0,0,0,0,4,0,0,0,0,0
browse0.800000011920929_protectTrue_clear3,1,63,sitka-spruce,0,0,0,0,0,0,0,0,0,0,4,0,0,0,0,0
browse0.800000011920929_protectTrue_clear3,1,63,sessile-oak,0,0,0,0,0,0,0,0,0,0,4,0,0,0,0,0
browse0.800000011920929_protectTrue_clear3,1,63,beech,0,0,0,0,0,0,0,0,0,0,4,0,0,0,0,0
browse0.800000011920929_protectTrue_clear3,1,64,sitka-spruce,0,0,0,0,0,0,0,0,0,0,4,0,0,0,0,0
browse0.800000011920929_protectTrue_clear3,1,64,sessile-oak,0,0,0,0,0,0,0,0,0,0,4,0,0,0,0,0
browse0.800000011920929_protectTrue_clear3,1,64,beech,0,0,0,0,0,0,0,0,0,0,4,0,0,0,0,0
browse0.800000011920929_protectTrue_clear3,1,65,sitka-spruce,0,0,0,0,0,0,0,0,0,0,4,0,0,0,0,0
browse0.800000011920929_protectTrue_clear3,1,65,sessile-oak,0,0,0,0,0,0,0,0,0,0,4,0,0,0,0,0
browse0.800000011920929_protectTrue_clear3,1,65,beech,0,0,0,0,0,0,0,0,0,0,4,0,0,0,0,0
browse0.800000011920929_protectTrue_clear3,1,66,sitka-spruce,0,0,0,0,0,0,0,0,0,0,4,0,0,0,0,0
browse0.800000011920929_protectTrue_clear3,1,66,sessile-oak,0,0,0,0,0,0,0,0,0,0,4,0,0,0,0,0
browse0.800000011920929_protectTrue_clear3,1,66,beech,0,0,0,0,0,0,0,0,0,0,4,0,0,0,0,0
browse0.800000011920929_protectTrue_clear3,1,67,sitka-spruce,0,0,0,0,0,0,0,0,0,0,4,0,0,0,0,0
browse0.800000011920929_protectTrue_clear3,1,67,sessile-oak,0,0,0,0,0,0,0,0,0,0,4,0,0,0,0,0
browse0.800000011920929_protectTrue_clear3,1,67,beech,0,0,0,0,0,0,0,0,0,0,4,0,0,0,0,0
browse0.800000011920929_protectTrue_clear3,1,68,sitka-spruce,0,0,0,0,0,0,0,0,0,0,4,0,0,0,0,0
browse0.800000011920929_protectTrue_clear3,1,68,sessile-oak,0,0,0,0,0,0,0,0,0,0,4,0,0,0,0,0
browse0.800000011920929_protectTrue_clear3,1,68,beech,0,0,0,0,0,0,0,0,0,0,4,0,0,0,0,0
browse0.800000011920929_protectTrue_clear3,1,69,sitka-spruce,0,0,0,0,0,0,0,0,0,0,4,0,0,0,0,0
browse0.800000011920929_protectTrue_clear3,1,69,sessile-oak,0,0,0,0,0,0,0,0,0,0,4,0,0,0,0,0
browse0.800000011920929_protectTrue_clear3,1,69,beech,0,0,0,0,0,0,0,0,0,0,4,0,0,0,0,0
browse0.800000011920929_protectTrue_clear3,1,70,sitka-spruce,0,0,0,0,0,0,0,0,0,0,4,0,0,0,0,0
browse0.800000011920929_protectTrue_clear3,1,70,sessile-oak,0,0,0,0,0,0,0,0,0,0,4,0,0,0,0,0
browse0.800000011920929_protectTrue_clear3,1,70,beech,0,0,0,0,0,0,0,0,0,0,4,0,0,0,0,0
browse0.800000011920929_protectTrue_clear3,1,71,sitka-spruce,0,0,0,0,0,0,0,0,0,0,4,0,0,0,0,0
browse0.800000011920929_protectTrue_clear3,1,71,sessile-oak,0,0,0,0,0,0,0,0,0,0,4,0,0,0,0,0
browse0.800000011920929_protectTrue_clear3,1,71,beech,0,0,0,0,0,0,0,0,0,0,4,0,0,0,0,0
browse0.800000011920929_protectTrue_clear3,1,72,sitka-spruce,0,0,0,0,0,0,0,0,0,0,4,0,0,0,0,0
browse0.800000011920929_protectTrue_clear3,1,72,sessile-oak,0,0,0,0,0,0,0,0,0,0,4,0,0,0,0,0
browse0.800000011920929_protectTrue_clear3,1,72,beech,0,0,0,0,0,0,0,0,0,0,4,0,0,0,0,0
browse0.800000011920929_protectTrue_clear3,1,73,sitka-spruce,0,0,0,0,0,0,0,0,0,0,4,0,0,0,0,0
browse0.800000011920929_protectTrue_clear3,1,73,sessile-oak,0,0,0,0,0,0,0,0,0,0,4,0,0,0,0,0
browse0.800000011920929_protectTrue_clear3,1,73,beech,0,0,0,0,0,0,0,0,0,0,4,0,0,0,0,0
browse0.800000011920929_protectTrue_clear3,1,74,sitka-spruce,0,0,0,0,0,0,0,0,0,0,4,0,0,0,0,0
browse0.800000011920929_protectTrue_clear3,1,74,sessile-oak,0,0,0,0,0,0,0,0,0,0,4,0,0,0,0,0
browse0.800000011920929_protectTrue_clear3,1,74,beech,0,0,0,0,0,0,0,0,0,0,4,0,0,0,0,0
browse0.800000011920929_protectTrue_clear3,1,75,sitka-spruce,0,0,0,0,0,0,0,0,0,0,4,0,0,0,0,0
browse0.800000011920929_protectTrue_clear3,1,75,sessile-oak,0,0,0,0,0,0,0,0,0,0,4,0,0,0,0,0
browse0.800000011920929_protectTrue_clear3,1,75,beech,0,0,0,0,0,0,0,0,0,0,4,0,0,0,0,0
browse0.800000011920929_protectTrue_clear3,1,76,sitka-spruce,0,0,0,0,0,0,0,0,0,0,4,0,0,0,0,0
browse0.800000011920929_protectTrue_clear3,1,76,sessile-oak,0,0,0,0,0,0,0,0,0,0,4,0,0,0,0,0
browse0.800000011920929_protectTrue_clear3,1,76,beech,0,0,0,0,0,0,0,0,0,0,4,0,0,0,0,0
browse0.800000011920929_protectTrue_clear3,1,77,sitka-spruce,0,0,0,0,0,0,0,0,0,0,4,0,0,0,0,0
browse0.800000011920929_protectTrue_clear3,1,77,sessile-oak,0,0,0,0,0,0,0,0,0,0,4,0,0,0,0,0
browse0.800000011920929_protectTrue_clear3,1,77,beech,0,0,0,0,0,0,0,0,0,0,4,0,0,0,0,0
browse0.800000011920929_protectTrue_clear3,1,78,sitka-spruce,0,0,0,0,0,0,0,0,0,0,4,0,0,0,0,0
browse0.800000011920929_protectTrue_clear3,1,78,sessile-oak,0,0,0,0,0,0,0,0,0,0,4,0,0,0,0,0
browse0.800000011920929_protectTrue_clear3,1,78,beech,0,0,0,0,0,0,0,0,0,0,4,0,0,0,0,0
browse0.800000011920929_protectTrue_clear3,1,79,sitka-spruce,0,0,0,0,0,0,0,0,0,0,4,0,0,0,0,0
browse0.800000011920929_protectTrue_clear3,1,79,sessile-oak,0,0,0,0,0,0,0,0,0,0,4,0,0,0,0,0
browse0.800000011920929_protectTrue_clear3,1,79,beech,0,0,0,0,0,0,0,0,0,0,4,0,0,0,0,0
browse0.800000011920929_protectTrue_clear3,1,80,sitka-spruce,0,0,0,0,0,0,0,0,0,0,4,0,0,0,0,0
browse0.800000011920929_protectTrue_clear3,1,80,sessile-oak,0,0,0,0,0,0,0,0,0,0,4,0,0,0,0,0
browse0.800000011920929_protectTrue_clear3,1,80,beech,0,0,0,0,0,0,0,0,0,0,4,0,0,0,0,0
browse0.800000011920929_protectTrue_clear3,1,81,sitka-spruce,0,0,0,0,0,0,0,0,0,0,4,0,0,0,0,0
browse0.800000011920929_protectTrue_clear3,1,81,sessile-oak,0,0,0,0,0,0,0,0,0,0,4,0,0,0,0,0
browse0.800000011920929_protectTrue_clear3,1,81,beech,0,0,0,0,0,0,0,0,0,0,4,0,0,0,0,0
browse0.800000011920929_protectTrue_clear3,1,82,sitka-spruce,0,0,0,0,0,0,0,0,0,0,4,0,0,0,0,0
browse0.800000011920929_protectTrue_clear3,1,82,sessile-oak,0,0,0,0,0,0,0,0,0,0,4,0,0,0,0,0
browse0.800000011920929_protectTrue_clear3,1,82,beech,0,0,0,0,0,0,0,0,0,0,4,0,0,0,0,0
browse0.800000011920929_protectTrue_clear3,1,83,sitka-spruce,0,0,0,0,0,0,0,0,0,0,4,0,0,0,0,0
browse0.800000011920929_protectTrue_clear3,1,83,sessile-oak,0,0,0,0,0,0,0,0,0,0,4,0,0,0,0,0
browse0.800000011920929_protectTrue_clear3,1,83,beech,0,0,0,0,0,0,0,0,0,0,4,0,0,0,0,0
browse0.800000011920929_protectTrue_clear3,1,84,sitka-spruce,0,0,0,0,0,0,0,0,0,0,4,0,0,0,0,0
browse0.800000011920929_protectTrue_clear3,1,84,sessile-oak,0,0,0,0,0,0,0,0,0,0,4,0,0,0,0,0
browse0.800000011920929_protectTrue_clear3,1,84,beech,0,0,0,0,0,0,0,0,0,0,4,0,0,0,0,0
browse0.800000011920929_protectTrue_clear3,1,85,sitka-spruce,0,0,0,0,0,0,0,0,0,0,4,0,0,0,0,0
browse0.800000011920929_protectTrue_clear3,1,85,sessile-oak,0,0,0,0,0,0,0,0,0,0,4,0,0,0,0,0
browse0.800000011920929_protectTrue_clear3,1,85,beech,0,0,0,0,0,0,0,0,0,0,4,0,0,0,0,0
browse0.800000011920929_protectTrue_clear3,1,86,sitka-spruce,0,0,0,0,0,0,0,0,0,0,4,0,0,0,0,0
browse0.800000011920929_protectTrue_clear3,1,86,sessile-oak,0,0,0,0,0,0,0,0,0,0,4,0,0,0,0,0
browse0.800000011920929_protectTrue_clear3,1,86,beech,0,0,0,0,0,0,0,0,0,0,4,0,0,0,0,0
browse0.800000011920929_protectTrue_clear3,1,87,sitka-spruce,0,0,0,0,0,0,0,0,0,0,4,0,0,0,0,0
browse0.800000011920929_protectTrue_clear3,1,87,sessile-oak,0,0,0,0,0,0,0,0,0,0,4,0,0,0,0,0
browse0.800000011920929_protectTrue_clear3,1,87,beech,0,0,0,0,0,0,0,0,0,0,4,0,0,0,0,0
browse0.800000011920929_protectTrue_clear3,1,88,sitka-spruce,0,0,0,0,0,0,0,0,0,0,4,0,0,0,0,0
browse0.800000011920929_protectTrue_clear3,1,88,sessile-oak,0,0,0,0,0,0,0,0,0,0,4,0,0,0,0,0
browse0.800000011920929_protectTrue_clear3,1,88,beech,0,0,0,0,0,0,0,0,0,0,4,0,0,0,0,0
browse0.800000011920929_protectTrue_clear3,1,89,sitka-spruce,0,0,0,0,0,0,0,0,0,0,4,0,0,0,0,0
browse0.800000011920929_protectTrue_clear3,1,89,sessile-oak,0,0,0,0,0,0,0,0,0,0,4,0,0,0,0,0
browse0.800000011920929_protectTrue_clear3,1,89,beech,0,0,0,0,0,0,0,0,0,0,4,0,0,0,0,0
browse0.800000011920929_protectTrue_clear3,1,90,sitka-spruce,0,0,0,0,0,0,0,0,0,0,4,0,0,0,0,0
browse0.800000011920929_protectTrue_clear3,1,90,sessile-oak,0,0,0,0,0,0,0,0,0,0,4,0,0,0,0,0
browse0.800000011920929_protectTrue_clear3,1,90,beech,0,0,0,0,0,0,0,0,0,0,4,0,0,0,0,0
browse0.800000011920929_protectTrue_clear3,1,91,sitka-spruce,0,0,0,0,0,0,0,0,0,0,4,0,0,0,0,0
browse0.800000011920929_protectTrue_clear3,1,91,sessile-oak,0,0,0,0,0,0,0,0,0,0,4,0,0,0,0,0
browse0.800000011920929_protectTrue_clear3,1,91,beech,0,0,0,0,0,0,0,0,0,0,4,0,0,0,0,0
browse0.800000011920929_protectTrue_clear3,1,92,sitka-spruce,0,0,0,0,0,0,0,0,0,0,4,0,0,0,0,0
browse0.800000011920929_protectTrue_clear3,1,92,sessile-oak,0,0,0,0,0,0,0,0,0,0,4,0,0,0,0,0
browse0.800000011920929_protectTrue_clear3,1,92,beech,0,0,0,0,0,0,0,0,0,0,4,0,0,0,0,0
browse0.800000011920929_protectTrue_clear3,1,93,sitka-spruce,0,0,0,0,0,0,0,0,0,0,4,0,0,0,0,0
browse0.800000011920929_protectTrue_clear3,1,93,sessile-oak,0,0,0,0,0,0,0,0,0,0,4,0,0,0,0,0
browse0.800000011920929_protectTrue_clear3,1,93,beech,0,0,0,0,0,0,0,0,0,0,4,0,0,0,0,0
browse0.800000011920929_protectTrue_clear3,1,94,sitka-spruce,0,0,0,0,0,0,0,0,0,0,4,0,0,0,0,0
browse0.800000011920929_protectTrue_clear3,1,94,sessile-oak,0,0,0,0,0,0,0,0,0,0,4,0,0,0,0,0
browse0.800000011920929_protectTrue_clear3,1,94,beech,0,0,0,0,0,0,0,0,0,0,4,0,0,0,0,0
browse0.800000011920929_protectTrue_clear3,1,95,sitka-spruce,0,0,0,0,0,0,0,0,0,0,4,0,0,0,0,0
browse0.800000011920929_protectTrue_clear3,1,95,sessile-oak,0,0,0,0,0,0,0,0,0,0,4,0,0,0,0,0
browse0.800000011920929_protectTrue_clear3,1,95,beech,0,0,0,0,0,0,0,0,0,0,4,0,0,0,0,0
browse0.800000011920929_protectTrue_clear3,1,96,sitka-spruce,0,0,0,0,0,0,0,0,0,0,4,0,0,0,0,0
browse0.800000011920929_protectTrue_clear3,1,96,sessile-oak,0,0,0,0,0,0,0,0,0,0,4,0,0,0,0,0
browse0.800000011920929_protectTrue_clear3,1,96,beech,0,0,0,0,0,0,0,0,0,0,4,0,0,0,0,0
browse0.800000011920929_protectTrue_clear3,1,97,sitka-spruce,0,0,0,0,0,0,0,0,0,0,4,0,0,0,0,0
browse0.800000011920929_protectTrue_clear3,1,97,sessile-oak,0,0,0,0,0,0,0,0,0,0,4,0,0,0,0,0
browse0.800000011920929_protectTrue_clear3,1,97,beech,0,0,0,0,0,0,0,0,0,0,4,0,0,0,0,0
browse0.800000011920929_protectTrue_clear3,1,98,sitka-spruce,0,0,0,0,0,0,0,0,0,0,4,0,0,0,0,0
browse0.800000011920929_protectTrue_clear3,1,98,sessile-oak,0,0,0,0,0,0,0,0,0,0,4,0,0,0,0,0
browse0.800000011920929_protectTrue_clear3,1,98,beech,0,0,0,0,0,0,0,0,0,0,4,0,0,0,0,0
browse0.800000011920929_protectTrue_clear3,1,99,sitka-spruce,0,0,0,0,0,0,0,0,0,0,4,0,0,0,0,0
browse0.800000011920929_protectTrue_clear3,1,99,sessile-oak,0,0,0,0,0,0,0,0,0,0,4,0,0,0,0,0
browse0.800000011920929_protectTrue_clear3,1,99,beech,0,0,0,0,0,0,0,0,0,0,4,0,0,0,0,0
browse0.800000011920929_protectTrue_clear3,1,100,sitka-spruce,0,0,0,0,0,0,0,0,0,0,4,0,0,0,0,0
browse0.800000011920929_protectTrue_clear3,1,100,sessile-oak,0,0,0,0,0,0,0,0,0,0,4,0,0,0,0,0
browse0.800000011920929_protectTrue_clear3,1,100,beech,0,0,0,0,0,0,0,0,0,0,4,0,0,0,0,0
