run,seed,frequency,weights,managed,year,reached_horizon,completed,completion_year,cash_cents,minimum_cash_cents,living_trees,original_living,crops,original_crops_lost,canopy,light,regeneration_cells,regeneration_density,planted_alive,promoted_living,bramble,bracken,deadwood_m3,storm_events,windthrow_victims,windthrow_volume_m3,failed_objectives
f0-w0-mFalse-s0,20260914,0,1:1:1,False,25,True,False,-1,1200000,1200000,233,225,0,0,0.8848419189453125,0.11515800654888153,57,25.43370246887207,0,8,0.15813459455966949,0.15813459455966949,36.455032348632813,0,0,0,managed-opening;introduced-beech;introduced-sessile-oak
f0-w0-mFalse-s0,20260914,0,1:1:1,False,50,True,False,-1,1200000,1200000,110,101,0,0,0.81863486766815186,0.18136508762836456,62,38.868076324462891,0,9,0.205174058675766,0.205174058675766,101.81288146972656,0,0,0,managed-opening;introduced-beech;introduced-sessile-oak
f0-w0-mFalse-s0,20260914,0,1:1:1,False,100,True,False,100,1200000,1200000,41,35,0,0,0.80444258451461792,0.19555740058422089,64,60.165256500244141,0,6,0.21805351972579956,0.21805351972579956,120.14555358886719,0,0,0,retained-canopy;managed-opening;introduced-beech;introduced-sessile-oak
f0-w0-mFalse-s1,20268833,0,1:1:1,False,25,True,False,-1,1200000,1200000,228,221,0,0,0.88142997026443481,0.11857019364833832,58,23.602304458618164,0,7,0.15922097861766815,0.15922097861766815,39.261009216308594,0,0,0,managed-opening;introduced-beech;introduced-sessile-oak
f0-w0-mFalse-s1,20268833,0,1:1:1,False,50,True,False,-1,1200000,1200000,110,101,0,0,0.83570122718811035,0.16429878771305084,64,38.7643928527832,0,9,0.19676531851291656,0.19676531851291656,96.300117492675781,0,0,0,managed-opening;introduced-beech;introduced-sessile-oak
f0-w0-mFalse-s1,20268833,0,1:1:1,False,100,True,False,100,1200000,1200000,41,35,0,0,0.80512076616287231,0.19487905502319336,64,59.546726226806641,0,6,0.21872921288013458,0.21872921288013458,119.14105224609375,0,0,0,retained-canopy;managed-opening;introduced-beech;introduced-sessile-oak
f0-w0-mFalse-s2,20276752,0,1:1:1,False,25,True,False,-1,1200000,1200000,235,227,0,0,0.89915192127227783,0.10084821283817291,58,21.468530654907227,0,8,0.14450322091579437,0.14450322091579437,36.782844543457031,0,0,0,managed-opening;introduced-beech;introduced-sessile-oak
f0-w0-mFalse-s2,20276752,0,1:1:1,False,50,True,False,-1,1200000,1200000,105,98,0,0,0.83872067928314209,0.16127942502498627,64,39.775417327880859,0,7,0.19546328485012054,0.19546328485012054,99.382278442382813,0,0,0,managed-opening;introduced-beech;introduced-sessile-oak
f0-w0-mFalse-s2,20276752,0,1:1:1,False,100,True,False,100,1200000,1200000,39,34,0,0,0.77378606796264648,0.226213738322258,64,61.225212097167969,0,5,0.2381625771522522,0.2381625771522522,115.29290771484375,0,0,0,retained-canopy;managed-opening;introduced-beech;introduced-sessile-oak
f0-w0-mFalse-s3,20284671,0,1:1:1,False,25,True,False,-1,1200000,1200000,226,218,0,0,0.86717736721038818,0.1328226625919342,57,23.226848602294922,0,8,0.16520734131336212,0.16520734131336212,43.902202606201172,0,0,0,managed-opening;introduced-beech;introduced-sessile-oak
f0-w0-mFalse-s3,20284671,0,1:1:1,False,50,True,False,-1,1200000,1200000,108,102,0,0,0.82281297445297241,0.17718687653541565,64,37.897365570068359,0,6,0.20164294540882111,0.20164294540882111,98.998062133789063,0,0,0,managed-opening;introduced-beech;introduced-sessile-oak
f0-w0-mFalse-s3,20284671,0,1:1:1,False,100,True,False,100,1200000,1200000,47,34,0,0,0.787299394607544,0.21270066499710083,64,63.051017761230469,0,13,0.22699227929115295,0.22699227929115295,115.71303558349609,0,0,0,retained-canopy;managed-opening;introduced-beech;introduced-sessile-oak
f0-w0-mFalse-s4,20292590,0,1:1:1,False,25,True,False,-1,1200000,1200000,239,227,0,0,0.88832467794418335,0.11167526245117188,57,25.188915252685547,0,12,0.1524517834186554,0.1524517834186554,36.917766571044922,0,0,0,managed-opening;introduced-beech;introduced-sessile-oak
f0-w0-mFalse-s4,20292590,0,1:1:1,False,50,True,False,-1,1200000,1200000,106,101,0,0,0.83188897371292114,0.16811107099056244,64,40.609165191650391,0,5,0.19767406582832336,0.19767406582832336,103.26629638671875,0,0,0,managed-opening;introduced-beech;introduced-sessile-oak
f0-w0-mFalse-s4,20292590,0,1:1:1,False,100,True,False,100,1200000,1200000,43,35,0,0,0.813357412815094,0.18664264678955078,64,57.09796142578125,0,8,0.21237453818321228,0.21237453818321228,118.15927124023438,0,0,0,retained-canopy;managed-opening;introduced-beech;introduced-sessile-oak
f0-w0-mFalse-s5,20300509,0,1:1:1,False,25,True,False,-1,1200000,1200000,229,221,0,0,0.88065755367279053,0.11934236437082291,57,22.480224609375,0,8,0.15743051469326019,0.15743051469326019,41.454547882080078,0,0,0,managed-opening;introduced-beech;introduced-sessile-oak
f0-w0-mFalse-s5,20300509,0,1:1:1,False,50,True,False,-1,1200000,1200000,113,106,0,0,0.82780188322067261,0.17219817638397217,63,34.467731475830078,0,7,0.192034512758255,0.192034512758255,93.3779067993164,0,0,0,managed-opening;introduced-beech;introduced-sessile-oak
f0-w0-mFalse-s5,20300509,0,1:1:1,False,100,True,False,100,1200000,1200000,41,35,0,0,0.79261666536331177,0.20738343894481659,64,59.343559265136719,0,6,0.22862391173839569,0.22862391173839569,118.29099273681641,0,0,0,retained-canopy;managed-opening;introduced-beech;introduced-sessile-oak
f0-w0-mFalse-s6,20308428,0,1:1:1,False,25,True,False,-1,1200000,1200000,230,221,0,0,0.87579315900802612,0.12420693784952164,58,25.209451675415039,0,9,0.16345342993736267,0.16345342993736267,39.409194946289063,0,0,0,managed-opening;introduced-beech;introduced-sessile-oak
f0-w0-mFalse-s6,20308428,0,1:1:1,False,50,True,False,-1,1200000,1200000,104,98,0,0,0.82021290063858032,0.1797870397567749,63,46.003204345703125,0,6,0.20678913593292236,0.20678913593292236,100.578369140625,0,0,0,managed-opening;introduced-beech;introduced-sessile-oak
f0-w0-mFalse-s6,20308428,0,1:1:1,False,100,True,False,100,1200000,1200000,46,35,0,0,0.7797316312789917,0.22026833891868591,64,57.746768951416016,0,11,0.23479820787906647,0.23479820787906647,118.28204345703125,0,0,0,retained-canopy;managed-opening;introduced-beech;introduced-sessile-oak
f0-w0-mFalse-s7,20316347,0,1:1:1,False,25,True,False,-1,1200000,1200000,234,225,0,0,0.885840654373169,0.11415940523147583,57,22.749580383300781,0,9,0.15859280526638031,0.15859280526638031,37.659156799316406,0,0,0,managed-opening;introduced-beech;introduced-sessile-oak
f0-w0-mFalse-s7,20316347,0,1:1:1,False,50,True,False,-1,1200000,1200000,112,103,0,0,0.82344657182693481,0.17655329406261444,63,40.2093620300293,0,9,0.20523382723331451,0.20523382723331451,95.254554748535156,0,0,0,managed-opening;introduced-beech;introduced-sessile-oak
f0-w0-mFalse-s7,20316347,0,1:1:1,False,100,True,False,100,1200000,1200000,41,34,0,0,0.79512631893157959,0.20487368106842041,64,55.177032470703125,0,7,0.22282683849334717,0.22282683849334717,123.23380279541016,0,0,0,retained-canopy;managed-opening;introduced-beech;introduced-sessile-oak
f0-w0-mTrue-s0,20260914,0,1:1:1,True,25,True,True,25,613967,613967,225,202,16,0,0.88780665397644043,0.11219342797994614,53,33.437202453613281,0,23,0.15998795628547668,0.15998795628547668,4.2316288948059082,0,0,0,
f0-w0-mTrue-s0,20260914,0,1:1:1,True,50,True,True,25,613967,613967,105,97,14,0,0.85111570358276367,0.14888434112071991,63,41.017787933349609,0,8,0.18544924259185791,0.18544924259185791,70.898056030273438,0,0,0,introduced-beech;introduced-sessile-oak
f0-w0-mTrue-s0,20260914,0,1:1:1,True,100,True,True,25,613967,613967,40,34,11,0,0.79175418615341187,0.20824596285820007,64,57.261970520019531,0,6,0.22705510258674622,0.22705510258674622,99.680221557617188,0,0,0,retained-canopy;introduced-beech;introduced-sessile-oak
f0-w0-mTrue-s1,20268833,0,1:1:1,True,25,True,True,25,613990,613990,219,199,16,0,0.88056725263595581,0.11943277716636658,51,34.124984741210938,0,20,0.1653766930103302,0.1653766930103302,6.2549266815185547,0,0,0,
f0-w0-mTrue-s1,20268833,0,1:1:1,True,50,True,True,25,613990,613990,111,98,13,0,0.85009604692459106,0.149903804063797,63,41.539943695068359,0,13,0.18484210968017578,0.18484210968017578,65.5601806640625,0,0,0,introduced-beech;introduced-sessile-oak
f0-w0-mTrue-s1,20268833,0,1:1:1,True,100,True,True,25,613990,613990,45,34,9,0,0.78181564807891846,0.21818435192108154,64,57.808448791503906,0,11,0.23484200239181519,0.23484200239181519,98.035415649414063,0,0,0,retained-canopy;introduced-beech;introduced-sessile-oak
f0-w0-mTrue-s2,20276752,0,1:1:1,True,25,True,True,25,613975,613975,227,203,16,0,0.89204221963882446,0.10795772820711136,51,32.171421051025391,0,24,0.15805339813232422,0.15805339813232422,3.9993784427642822,0,0,0,
f0-w0-mTrue-s2,20276752,0,1:1:1,True,50,True,True,25,613975,613975,108,97,16,0,0.84671437740325928,0.15328554809093475,63,38.867351531982422,0,11,0.19300736486911774,0.19300736486911774,67.730056762695313,0,0,0,introduced-beech;introduced-sessile-oak
f0-w0-mTrue-s2,20276752,0,1:1:1,True,100,True,True,25,613975,613975,44,33,9,0,0.792988121509552,0.20701177418231964,64,60.417865753173828,0,11,0.22718456387519836,0.22718456387519836,105.69924926757813,0,0,0,retained-canopy;introduced-beech;introduced-sessile-oak
f0-w0-mTrue-s3,20284671,0,1:1:1,True,25,True,True,25,613967,613967,222,201,16,0,0.88362061977386475,0.11637937277555466,53,30.658496856689453,0,21,0.16006749868392944,0.16006749868392944,6.2093124389648438,0,0,0,
f0-w0-mTrue-s3,20284671,0,1:1:1,True,50,True,True,25,613967,613967,100,92,13,0,0.83473151922225952,0.1652684360742569,63,38.331634521484375,0,8,0.19641461968421936,0.19641461968421936,79.722488403320313,0,0,0,introduced-beech;introduced-sessile-oak
f0-w0-mTrue-s3,20284671,0,1:1:1,True,100,True,True,25,613967,613967,38,34,9,0,0.79671597480773926,0.20328424870967865,64,52.455513000488281,0,4,0.22266495227813721,0.22266495227813721,103.48911285400391,0,0,0,retained-canopy;introduced-beech;introduced-sessile-oak
f0-w0-mTrue-s4,20292590,0,1:1:1,True,25,True,True,25,612769,612769,228,204,16,0,0.89911705255508423,0.10088300704956055,54,32.195175170898438,0,24,0.15356509387493134,0.15356509387493134,3.6591548919677734,0,0,0,
f0-w0-mTrue-s4,20292590,0,1:1:1,True,50,True,True,25,612769,612769,111,103,13,0,0.83372944593429565,0.1662706732749939,63,40.666816711425781,0,8,0.19270741939544678,0.19270741939544678,66.120864868164063,0,0,0,introduced-beech;introduced-sessile-oak
f0-w0-mTrue-s4,20292590,0,1:1:1,True,100,True,True,25,612769,612769,38,33,8,0,0.79310548305511475,0.20689457654953003,64,50.608901977539063,0,5,0.2210564911365509,0.2210564911365509,107.37761688232422,0,0,0,retained-canopy;introduced-beech;introduced-sessile-oak
f0-w0-mTrue-s5,20300509,0,1:1:1,True,25,True,True,25,614012,614012,222,200,16,0,0.890983521938324,0.10901641845703125,53,34.04217529296875,0,22,0.15858457982540131,0.15858457982540131,5.7759499549865723,0,0,0,
f0-w0-mTrue-s5,20300509,0,1:1:1,True,50,True,True,25,614012,614012,110,100,13,0,0.85232388973236084,0.14767608046531677,63,38.647357940673828,0,10,0.18647679686546326,0.18647679686546326,71.894126892089844,0,0,0,introduced-beech;introduced-sessile-oak
f0-w0-mTrue-s5,20300509,0,1:1:1,True,100,True,True,25,614012,614012,41,34,9,0,0.79487395286560059,0.20512604713439941,64,58.089042663574219,0,7,0.22408027946949005,0.22408027946949005,103.47505950927734,0,0,0,retained-canopy;introduced-beech;introduced-sessile-oak
f0-w0-mTrue-s6,20308428,0,1:1:1,True,25,True,True,25,612828,612828,228,204,15,0,0.88529348373413086,0.1147066205739975,51,33.042915344238281,0,24,0.16202752292156219,0.16202752292156219,4.1509065628051758,0,0,0,
f0-w0-mTrue-s6,20308428,0,1:1:1,True,50,True,True,25,612828,612828,109,101,15,0,0.85082697868347168,0.14917314052581787,64,41.244094848632813,0,8,0.18676374852657318,0.18676374852657318,63.439487457275391,0,0,0,introduced-beech;introduced-sessile-oak
f0-w0-mTrue-s6,20308428,0,1:1:1,True,100,True,True,25,612828,612828,41,34,9,0,0.80199241638183594,0.19800744950771332,64,60.331642150878906,0,7,0.22200725972652435,0.22200725972652435,105.17140960693359,0,0,0,retained-canopy;introduced-beech;introduced-sessile-oak
f0-w0-mTrue-s7,20316347,0,1:1:1,True,25,True,True,25,613978,613978,222,200,16,0,0.88506293296813965,0.11493716388940811,54,32.498966217041016,0,22,0.16206738352775574,0.16206738352775574,5.9139447212219238,0,0,0,
f0-w0-mTrue-s7,20316347,0,1:1:1,True,50,True,True,25,613978,613978,106,98,14,0,0.85191738605499268,0.1480826735496521,64,37.826580047607422,0,8,0.183916375041008,0.183916375041008,68.705841064453125,0,0,0,introduced-beech;introduced-sessile-oak
f0-w0-mTrue-s7,20316347,0,1:1:1,True,100,True,True,25,613978,613978,37,34,8,0,0.80284219980239868,0.19715780019760132,64,57.225128173828125,0,3,0.21718089282512665,0.21718089282512665,107.68549346923828,0,0,0,retained-canopy;introduced-beech;introduced-sessile-oak
f0.0099999997764825821-w0-mFalse-s0,20260914,0.0099999997764825821,1:1:1,False,25,True,False,-1,1200000,1200000,233,225,0,0,0.8848419189453125,0.11515800654888153,57,25.43370246887207,0,8,0.15813459455966949,0.15813459455966949,36.455032348632813,0,0,0,managed-opening;introduced-beech;introduced-sessile-oak
f0.0099999997764825821-w0-mFalse-s0,20260914,0.0099999997764825821,1:1:1,False,50,True,False,-1,1200000,1200000,110,101,0,0,0.81863486766815186,0.18136508762836456,62,38.868076324462891,0,9,0.205174058675766,0.205174058675766,101.81288146972656,0,0,0,managed-opening;introduced-beech;introduced-sessile-oak
f0.0099999997764825821-w0-mFalse-s0,20260914,0.0099999997764825821,1:1:1,False,100,True,False,100,1200000,1200000,41,35,0,0,0.80444258451461792,0.19555740058422089,64,60.165256500244141,0,6,0.21805351972579956,0.21805351972579956,120.14555358886719,0,0,0,retained-canopy;managed-opening;introduced-beech;introduced-sessile-oak
f0.0099999997764825821-w0-mFalse-s1,20268833,0.0099999997764825821,1:1:1,False,25,True,False,-1,1200000,1200000,228,221,0,0,0.88142997026443481,0.11857019364833832,58,23.602304458618164,0,7,0.15922097861766815,0.15922097861766815,39.261009216308594,0,0,0,managed-opening;introduced-beech;introduced-sessile-oak
f0.0099999997764825821-w0-mFalse-s1,20268833,0.0099999997764825821,1:1:1,False,50,True,False,-1,1200000,1200000,107,99,0,0,0.833471953868866,0.16652810573577881,64,40.455997467041016,0,8,0.19889719784259796,0.19889719784259796,97.21759033203125,1,5,7.5122222900390625,managed-opening;introduced-beech;introduced-sessile-oak
f0.0099999997764825821-w0-mFalse-s1,20268833,0.0099999997764825821,1:1:1,False,100,True,False,100,1200000,1200000,40,35,0,0,0.78149312734603882,0.21850667893886566,64,56.541996002197266,0,5,0.23293517529964447,0.23293517529964447,115.2374267578125,2,9,25.424367904663086,retained-canopy;managed-opening;introduced-beech;introduced-sessile-oak
f0.0099999997764825821-w0-mFalse-s2,20276752,0.0099999997764825821,1:1:1,False,25,True,False,-1,1200000,1200000,235,227,0,0,0.89915192127227783,0.10084821283817291,58,21.468530654907227,0,8,0.14450322091579437,0.14450322091579437,36.782844543457031,0,0,0,managed-opening;introduced-beech;introduced-sessile-oak
f0.0099999997764825821-w0-mFalse-s2,20276752,0.0099999997764825821,1:1:1,False,50,True,False,-1,1200000,1200000,105,98,0,0,0.83872067928314209,0.16127942502498627,64,39.775417327880859,0,7,0.19546328485012054,0.19546328485012054,99.382278442382813,0,0,0,managed-opening;introduced-beech;introduced-sessile-oak
f0.0099999997764825821-w0-mFalse-s2,20276752,0.0099999997764825821,1:1:1,False,100,True,False,100,1200000,1200000,39,34,0,0,0.77378606796264648,0.226213738322258,64,61.225212097167969,0,5,0.2381625771522522,0.2381625771522522,115.29290771484375,0,0,0,retained-canopy;managed-opening;introduced-beech;introduced-sessile-oak
f0.0099999997764825821-w0-mFalse-s3,20284671,0.0099999997764825821,1:1:1,False,25,True,False,-1,1200000,1200000,226,218,0,0,0.86717736721038818,0.1328226625919342,57,23.226848602294922,0,8,0.16520734131336212,0.16520734131336212,43.902202606201172,0,0,0,managed-opening;introduced-beech;introduced-sessile-oak
f0.0099999997764825821-w0-mFalse-s3,20284671,0.0099999997764825821,1:1:1,False,50,True,False,-1,1200000,1200000,110,103,0,0,0.83707648515701294,0.16292355954647064,64,38.30804443359375,0,7,0.19510108232498169,0.19510108232498169,98.1947021484375,1,2,3.7615094184875488,managed-opening;introduced-beech;introduced-sessile-oak
f0.0099999997764825821-w0-mFalse-s3,20284671,0.0099999997764825821,1:1:1,False,100,True,False,100,1200000,1200000,42,34,0,0,0.80354505777359009,0.19645500183105469,64,61.855514526367188,0,8,0.22231192886829376,0.22231192886829376,117.01671600341797,1,2,3.7615094184875488,retained-canopy;managed-opening;introduced-beech;introduced-sessile-oak
f0.0099999997764825821-w0-mFalse-s4,20292590,0.0099999997764825821,1:1:1,False,25,True,False,-1,1200000,1200000,238,226,0,0,0.88639974594116211,0.11360030621290207,57,25.610494613647461,0,12,0.1528446227312088,0.1528446227312088,37.234359741210938,1,3,0.44849708676338196,managed-opening;introduced-beech;introduced-sessile-oak
f0.0099999997764825821-w0-mFalse-s4,20292590,0.0099999997764825821,1:1:1,False,50,True,False,-1,1200000,1200000,102,99,0,0,0.82399654388427734,0.17600339651107788,64,39.906898498535156,0,3,0.20186270773410797,0.20186270773410797,106.63675689697266,1,3,0.44849708676338196,managed-opening;introduced-beech;introduced-sessile-oak
f0.0099999997764825821-w0-mFalse-s4,20292590,0.0099999997764825821,1:1:1,False,100,True,False,100,1200000,1200000,36,35,0,0,0.79867184162139893,0.20132806897163391,64,53.309032440185547,0,1,0.21841813623905182,0.21841813623905182,123.0177001953125,1,3,0.44849708676338196,retained-canopy;managed-opening;introduced-beech;introduced-sessile-oak
f0.0099999997764825821-w0-mFalse-s5,20300509,0.0099999997764825821,1:1:1,False,25,True,False,-1,1200000,1200000,229,221,0,0,0.88065755367279053,0.11934236437082291,57,22.480224609375,0,8,0.15743051469326019,0.15743051469326019,41.454547882080078,0,0,0,managed-opening;introduced-beech;introduced-sessile-oak
f0.0099999997764825821-w0-mFalse-s5,20300509,0.0099999997764825821,1:1:1,False,50,True,False,-1,1200000,1200000,113,106,0,0,0.82780188322067261,0.17219817638397217,63,34.467731475830078,0,7,0.192034512758255,0.192034512758255,93.3779067993164,0,0,0,managed-opening;introduced-beech;introduced-sessile-oak
f0.0099999997764825821-w0-mFalse-s5,20300509,0.0099999997764825821,1:1:1,False,100,True,False,100,1200000,1200000,41,35,0,0,0.79261666536331177,0.20738343894481659,64,59.343559265136719,0,6,0.22862391173839569,0.22862391173839569,118.29099273681641,0,0,0,retained-canopy;managed-opening;introduced-beech;introduced-sessile-oak
f0.0099999997764825821-w0-mFalse-s6,20308428,0.0099999997764825821,1:1:1,False,25,True,False,-1,1200000,1200000,230,221,0,0,0.87579315900802612,0.12420693784952164,58,25.209451675415039,0,9,0.16345342993736267,0.16345342993736267,39.409194946289063,0,0,0,managed-opening;introduced-beech;introduced-sessile-oak
f0.0099999997764825821-w0-mFalse-s6,20308428,0.0099999997764825821,1:1:1,False,50,True,False,-1,1200000,1200000,104,89,0,0,0.81426733732223511,0.1857326328754425,64,50.278202056884766,0,15,0.2127644270658493,0.2127644270658493,113.34273529052734,1,21,34.350566864013672,managed-opening;introduced-beech;introduced-sessile-oak
f0.0099999997764825821-w0-mFalse-s6,20308428,0.0099999997764825821,1:1:1,False,100,True,False,100,1200000,1200000,40,36,0,0,0.79408448934555054,0.20591554045677185,64,60.708866119384766,0,4,0.22696550190448761,0.22696550190448761,117.09503173828125,1,21,34.350566864013672,retained-canopy;managed-opening;introduced-beech;introduced-sessile-oak
f0.0099999997764825821-w0-mFalse-s7,20316347,0.0099999997764825821,1:1:1,False,25,True,False,-1,1200000,1200000,234,225,0,0,0.885840654373169,0.11415940523147583,57,22.749580383300781,0,9,0.15859280526638031,0.15859280526638031,37.659156799316406,0,0,0,managed-opening;introduced-beech;introduced-sessile-oak
f0.0099999997764825821-w0-mFalse-s7,20316347,0.0099999997764825821,1:1:1,False,50,True,False,-1,1200000,1200000,112,103,0,0,0.82344657182693481,0.17655329406261444,63,40.2093620300293,0,9,0.20523382723331451,0.20523382723331451,95.254554748535156,0,0,0,managed-opening;introduced-beech;introduced-sessile-oak
f0.0099999997764825821-w0-mFalse-s7,20316347,0.0099999997764825821,1:1:1,False,100,True,False,100,1200000,1200000,41,34,0,0,0.79512631893157959,0.20487368106842041,64,55.177032470703125,0,7,0.22282683849334717,0.22282683849334717,123.23380279541016,0,0,0,retained-canopy;managed-opening;introduced-beech;introduced-sessile-oak
f0.0099999997764825821-w0-mTrue-s0,20260914,0.0099999997764825821,1:1:1,True,25,True,True,25,613967,613967,225,202,16,0,0.88780665397644043,0.11219342797994614,53,33.437202453613281,0,23,0.15998795628547668,0.15998795628547668,4.2316288948059082,0,0,0,
f0.0099999997764825821-w0-mTrue-s0,20260914,0.0099999997764825821,1:1:1,True,50,True,True,25,613967,613967,105,97,14,0,0.85111570358276367,0.14888434112071991,63,41.017787933349609,0,8,0.18544924259185791,0.18544924259185791,70.898056030273438,0,0,0,introduced-beech;introduced-sessile-oak
f0.0099999997764825821-w0-mTrue-s0,20260914,0.0099999997764825821,1:1:1,True,100,True,True,25,613967,613967,40,34,11,0,0.79175418615341187,0.20824596285820007,64,57.261970520019531,0,6,0.22705510258674622,0.22705510258674622,99.680221557617188,0,0,0,retained-canopy;introduced-beech;introduced-sessile-oak
f0.0099999997764825821-w0-mTrue-s1,20268833,0.0099999997764825821,1:1:1,True,25,True,True,25,613990,613990,219,199,16,0,0.88056725263595581,0.11943277716636658,51,34.124984741210938,0,20,0.1653766930103302,0.1653766930103302,6.2549266815185547,0,0,0,
f0.0099999997764825821-w0-mTrue-s1,20268833,0.0099999997764825821,1:1:1,True,50,True,True,25,613990,613990,112,99,11,2,0.842008650302887,0.15799137949943542,63,42.111488342285156,0,13,0.18982775509357452,0.18982775509357452,65.931655883789063,1,4,6.9996800422668457,introduced-beech;introduced-sessile-oak
f0.0099999997764825821-w0-mTrue-s1,20268833,0.0099999997764825821,1:1:1,True,100,True,True,25,613990,613990,64,35,6,4,0.8131943941116333,0.18680571019649506,64,58.997894287109375,0,29,0.21699456870555878,0.21699456870555878,94.924736022949219,2,14,52.136402130126953,introduced-beech;introduced-sessile-oak
f0.0099999997764825821-w0-mTrue-s2,20276752,0.0099999997764825821,1:1:1,True,25,True,True,25,613975,613975,227,203,16,0,0.89204221963882446,0.10795772820711136,51,32.171421051025391,0,24,0.15805339813232422,0.15805339813232422,3.9993784427642822,0,0,0,
f0.0099999997764825821-w0-mTrue-s2,20276752,0.0099999997764825821,1:1:1,True,50,True,True,25,613975,613975,108,97,16,0,0.84671437740325928,0.15328554809093475,63,38.867351531982422,0,11,0.19300736486911774,0.19300736486911774,67.730056762695313,0,0,0,introduced-beech;introduced-sessile-oak
f0.0099999997764825821-w0-mTrue-s2,20276752,0.0099999997764825821,1:1:1,True,100,True,True,25,613975,613975,44,33,9,0,0.792988121509552,0.20701177418231964,64,60.417865753173828,0,11,0.22718456387519836,0.22718456387519836,105.69924926757813,0,0,0,retained-canopy;introduced-beech;introduced-sessile-oak
f0.0099999997764825821-w0-mTrue-s3,20284671,0.0099999997764825821,1:1:1,True,25,True,True,25,613967,613967,222,201,16,0,0.88362061977386475,0.11637937277555466,53,30.658496856689453,0,21,0.16006749868392944,0.16006749868392944,6.2093124389648438,0,0,0,
f0.0099999997764825821-w0-mTrue-s3,20284671,0.0099999997764825821,1:1:1,True,50,True,True,25,613967,613967,104,94,11,2,0.84121036529541016,0.15878956019878387,63,38.305366516113281,0,10,0.19597308337688446,0.19597308337688446,77.215576171875,1,3,7.1684470176696777,introduced-beech;introduced-sessile-oak
f0.0099999997764825821-w0-mTrue-s3,20284671,0.0099999997764825821,1:1:1,True,100,True,True,25,613967,613967,43,34,6,2,0.79044866561889648,0.20955124497413635,64,53.591152191162109,0,9,0.23103310167789459,0.23103310167789459,105.49980926513672,1,3,7.1684470176696777,retained-canopy;introduced-beech;introduced-sessile-oak
f0.0099999997764825821-w0-mTrue-s4,20292590,0.0099999997764825821,1:1:1,True,25,True,True,25,614423,614423,226,202,16,0,0.89871597290039063,0.10128401219844818,55,32.304328918457031,0,24,0.1542966365814209,0.1542966365814209,3.2638688087463379,1,4,0.58118414878845215,
f0.0099999997764825821-w0-mTrue-s4,20292590,0.0099999997764825821,1:1:1,True,50,True,True,25,614423,614423,113,103,13,0,0.84302413463592529,0.15697577595710754,63,40.062637329101563,0,10,0.18848784267902374,0.18848784267902374,65.324188232421875,1,4,0.58118414878845215,introduced-beech;introduced-sessile-oak
f0.0099999997764825821-w0-mTrue-s4,20292590,0.0099999997764825821,1:1:1,True,100,True,True,25,614423,614423,44,34,7,0,0.8146628737449646,0.18533696234226227,64,51.953193664550781,0,10,0.21469347178936005,0.21469347178936005,105.71726226806641,1,4,0.58118414878845215,retained-canopy;introduced-beech;introduced-sessile-oak
f0.0099999997764825821-w0-mTrue-s5,20300509,0.0099999997764825821,1:1:1,True,25,True,True,25,614012,614012,222,200,16,0,0.890983521938324,0.10901641845703125,53,34.04217529296875,0,22,0.15858457982540131,0.15858457982540131,5.7759499549865723,0,0,0,
f0.0099999997764825821-w0-mTrue-s5,20300509,0.0099999997764825821,1:1:1,True,50,True,True,25,614012,614012,110,100,13,0,0.85232388973236084,0.14767608046531677,63,38.647357940673828,0,10,0.18647679686546326,0.18647679686546326,71.894126892089844,0,0,0,introduced-beech;introduced-sessile-oak
f0.0099999997764825821-w0-mTrue-s5,20300509,0.0099999997764825821,1:1:1,True,100,True,True,25,614012,614012,41,34,9,0,0.79487395286560059,0.20512604713439941,64,58.089042663574219,0,7,0.22408027946949005,0.22408027946949005,103.47505950927734,0,0,0,retained-canopy;introduced-beech;introduced-sessile-oak
f0.0099999997764825821-w0-mTrue-s6,20308428,0.0099999997764825821,1:1:1,True,25,True,True,25,612828,612828,228,204,15,0,0.88529348373413086,0.1147066205739975,51,33.042915344238281,0,24,0.16202752292156219,0.16202752292156219,4.1509065628051758,0,0,0,
f0.0099999997764825821-w0-mTrue-s6,20308428,0.0099999997764825821,1:1:1,True,50,True,True,25,612828,612828,104,95,15,0,0.8425743579864502,0.1574256420135498,64,44.276645660400391,0,9,0.19390144944190979,0.19390144944190979,72.0673599243164,1,14,22.244663238525391,introduced-beech;introduced-sessile-oak
f0.0099999997764825821-w0-mTrue-s6,20308428,0.0099999997764825821,1:1:1,True,100,True,True,25,612828,612828,39,33,11,0,0.79860889911651611,0.20139113068580627,64,57.939727783203125,0,6,0.22017602622509003,0.22017602622509003,104.60888671875,1,14,22.244663238525391,retained-canopy;introduced-beech;introduced-sessile-oak
f0.0099999997764825821-w0-mTrue-s7,20316347,0.0099999997764825821,1:1:1,True,25,True,True,25,613978,613978,222,200,16,0,0.88506293296813965,0.11493716388940811,54,32.498966217041016,0,22,0.16206738352775574,0.16206738352775574,5.9139447212219238,0,0,0,
f0.0099999997764825821-w0-mTrue-s7,20316347,0.0099999997764825821,1:1:1,True,50,True,True,25,613978,613978,106,98,14,0,0.85191738605499268,0.1480826735496521,64,37.826580047607422,0,8,0.183916375041008,0.183916375041008,68.705841064453125,0,0,0,introduced-beech;introduced-sessile-oak
f0.0099999997764825821-w0-mTrue-s7,20316347,0.0099999997764825821,1:1:1,True,100,True,True,25,613978,613978,37,34,8,0,0.80284219980239868,0.19715780019760132,64,57.225128173828125,0,3,0.21718089282512665,0.21718089282512665,107.68549346923828,0,0,0,retained-canopy;introduced-beech;introduced-sessile-oak
f0.0099999997764825821-w1-mFalse-s0,20260914,0.0099999997764825821,4:2:1,False,25,True,False,-1,1200000,1200000,233,225,0,0,0.8848419189453125,0.11515800654888153,57,25.43370246887207,0,8,0.15813459455966949,0.15813459455966949,36.455032348632813,0,0,0,managed-opening;introduced-beech;introduced-sessile-oak
f0.0099999997764825821-w1-mFalse-s0,20260914,0.0099999997764825821,4:2:1,False,50,True,False,-1,1200000,1200000,110,101,0,0,0.81863486766815186,0.18136508762836456,62,38.868076324462891,0,9,0.205174058675766,0.205174058675766,101.81288146972656,0,0,0,managed-opening;introduced-beech;introduced-sessile-oak
f0.0099999997764825821-w1-mFalse-s0,20260914,0.0099999997764825821,4:2:1,False,100,True,False,100,1200000,1200000,41,35,0,0,0.80444258451461792,0.19555740058422089,64,60.165256500244141,0,6,0.21805351972579956,0.21805351972579956,120.14555358886719,0,0,0,retained-canopy;managed-opening;introduced-beech;introduced-sessile-oak
f0.0099999997764825821-w1-mFalse-s1,20268833,0.0099999997764825821,4:2:1,False,25,True,False,-1,1200000,1200000,228,221,0,0,0.88142997026443481,0.11857019364833832,58,23.602304458618164,0,7,0.15922097861766815,0.15922097861766815,39.261009216308594,0,0,0,managed-opening;introduced-beech;introduced-sessile-oak
f0.0099999997764825821-w1-mFalse-s1,20268833,0.0099999997764825821,4:2:1,False,50,True,False,-1,1200000,1200000,107,99,0,0,0.833471953868866,0.16652810573577881,64,40.455997467041016,0,8,0.19889719784259796,0.19889719784259796,97.21759033203125,1,5,7.5122222900390625,managed-opening;introduced-beech;introduced-sessile-oak
f0.0099999997764825821-w1-mFalse-s1,20268833,0.0099999997764825821,4:2:1,False,100,True,False,100,1200000,1200000,41,35,0,0,0.78017657995224,0.21982337534427643,64,55.147445678710938,0,6,0.23462396860122681,0.23462396860122681,118.16483306884766,2,7,16.237281799316406,retained-canopy;managed-opening;introduced-beech;introduced-sessile-oak
f0.0099999997764825821-w1-mFalse-s2,20276752,0.0099999997764825821,4:2:1,False,25,True,False,-1,1200000,1200000,235,227,0,0,0.89915192127227783,0.10084821283817291,58,21.468530654907227,0,8,0.14450322091579437,0.14450322091579437,36.782844543457031,0,0,0,managed-opening;introduced-beech;introduced-sessile-oak
f0.0099999997764825821-w1-mFalse-s2,20276752,0.0099999997764825821,4:2:1,False,50,True,False,-1,1200000,1200000,105,98,0,0,0.83872067928314209,0.16127942502498627,64,39.775417327880859,0,7,0.19546328485012054,0.19546328485012054,99.382278442382813,0,0,0,managed-opening;introduced-beech;introduced-sessile-oak
f0.0099999997764825821-w1-mFalse-s2,20276752,0.0099999997764825821,4:2:1,False,100,True,False,100,1200000,1200000,39,34,0,0,0.77378606796264648,0.226213738322258,64,61.225212097167969,0,5,0.2381625771522522,0.2381625771522522,115.29290771484375,0,0,0,retained-canopy;managed-opening;introduced-beech;introduced-sessile-oak
f0.0099999997764825821-w1-mFalse-s3,20284671,0.0099999997764825821,4:2:1,False,25,True,False,-1,1200000,1200000,226,218,0,0,0.86717736721038818,0.1328226625919342,57,23.226848602294922,0,8,0.16520734131336212,0.16520734131336212,43.902202606201172,0,0,0,managed-opening;introduced-beech;introduced-sessile-oak
f0.0099999997764825821-w1-mFalse-s3,20284671,0.0099999997764825821,4:2:1,False,50,True,False,-1,1200000,1200000,110,103,0,0,0.83707648515701294,0.16292355954647064,64,38.30804443359375,0,7,0.19510108232498169,0.19510108232498169,98.1947021484375,1,2,3.7615094184875488,managed-opening;introduced-beech;introduced-sessile-oak
f0.0099999997764825821-w1-mFalse-s3,20284671,0.0099999997764825821,4:2:1,False,100,True,False,100,1200000,1200000,42,34,0,0,0.80354505777359009,0.19645500183105469,64,61.855514526367188,0,8,0.22231192886829376,0.22231192886829376,117.01671600341797,1,2,3.7615094184875488,retained-canopy;managed-opening;introduced-beech;introduced-sessile-oak
f0.0099999997764825821-w1-mFalse-s4,20292590,0.0099999997764825821,4:2:1,False,25,True,False,-1,1200000,1200000,238,226,0,0,0.88639974594116211,0.11360030621290207,57,25.610494613647461,0,12,0.1528446227312088,0.1528446227312088,37.234359741210938,1,3,0.44849708676338196,managed-opening;introduced-beech;introduced-sessile-oak
f0.0099999997764825821-w1-mFalse-s4,20292590,0.0099999997764825821,4:2:1,False,50,True,False,-1,1200000,1200000,102,99,0,0,0.82399654388427734,0.17600339651107788,64,39.906898498535156,0,3,0.20186270773410797,0.20186270773410797,106.63675689697266,1,3,0.44849708676338196,managed-opening;introduced-beech;introduced-sessile-oak
f0.0099999997764825821-w1-mFalse-s4,20292590,0.0099999997764825821,4:2:1,False,100,True,False,100,1200000,1200000,36,35,0,0,0.79867184162139893,0.20132806897163391,64,53.309032440185547,0,1,0.21841813623905182,0.21841813623905182,123.0177001953125,1,3,0.44849708676338196,retained-canopy;managed-opening;introduced-beech;introduced-sessile-oak
f0.0099999997764825821-w1-mFalse-s5,20300509,0.0099999997764825821,4:2:1,False,25,True,False,-1,1200000,1200000,229,221,0,0,0.88065755367279053,0.11934236437082291,57,22.480224609375,0,8,0.15743051469326019,0.15743051469326019,41.454547882080078,0,0,0,managed-opening;introduced-beech;introduced-sessile-oak
f0.0099999997764825821-w1-mFalse-s5,20300509,0.0099999997764825821,4:2:1,False,50,True,False,-1,1200000,1200000,113,106,0,0,0.82780188322067261,0.17219817638397217,63,34.467731475830078,0,7,0.192034512758255,0.192034512758255,93.3779067993164,0,0,0,managed-opening;introduced-beech;introduced-sessile-oak
f0.0099999997764825821-w1-mFalse-s5,20300509,0.0099999997764825821,4:2:1,False,100,True,False,100,1200000,1200000,41,35,0,0,0.79261666536331177,0.20738343894481659,64,59.343559265136719,0,6,0.22862391173839569,0.22862391173839569,118.29099273681641,0,0,0,retained-canopy;managed-opening;introduced-beech;introduced-sessile-oak
f0.0099999997764825821-w1-mFalse-s6,20308428,0.0099999997764825821,4:2:1,False,25,True,False,-1,1200000,1200000,230,221,0,0,0.87579315900802612,0.12420693784952164,58,25.209451675415039,0,9,0.16345342993736267,0.16345342993736267,39.409194946289063,0,0,0,managed-opening;introduced-beech;introduced-sessile-oak
f0.0099999997764825821-w1-mFalse-s6,20308428,0.0099999997764825821,4:2:1,False,50,True,False,-1,1200000,1200000,104,96,0,0,0.82470953464508057,0.17529046535491943,63,46.376873016357422,0,8,0.20664259791374207,0.20664259791374207,102.85174560546875,1,9,15.035057067871094,managed-opening;introduced-beech;introduced-sessile-oak
f0.0099999997764825821-w1-mFalse-s6,20308428,0.0099999997764825821,4:2:1,False,100,True,False,100,1200000,1200000,40,35,0,0,0.78640961647033691,0.21359032392501831,64,60.58819580078125,0,5,0.22608207166194916,0.22608207166194916,118.30678558349609,1,9,15.035057067871094,retained-canopy;managed-opening;introduced-beech;introduced-sessile-oak
f0.0099999997764825821-w1-mFalse-s7,20316347,0.0099999997764825821,4:2:1,False,25,True,False,-1,1200000,1200000,234,225,0,0,0.885840654373169,0.11415940523147583,57,22.749580383300781,0,9,0.15859280526638031,0.15859280526638031,37.659156799316406,0,0,0,managed-opening;introduced-beech;introduced-sessile-oak
f0.0099999997764825821-w1-mFalse-s7,20316347,0.0099999997764825821,4:2:1,False,50,True,False,-1,1200000,1200000,112,103,0,0,0.82344657182693481,0.17655329406261444,63,40.2093620300293,0,9,0.20523382723331451,0.20523382723331451,95.254554748535156,0,0,0,managed-opening;introduced-beech;introduced-sessile-oak
f0.0099999997764825821-w1-mFalse-s7,20316347,0.0099999997764825821,4:2:1,False,100,True,False,100,1200000,1200000,41,34,0,0,0.79512631893157959,0.20487368106842041,64,55.177032470703125,0,7,0.22282683849334717,0.22282683849334717,123.23380279541016,0,0,0,retained-canopy;managed-opening;introduced-beech;introduced-sessile-oak
f0.0099999997764825821-w1-mTrue-s0,20260914,0.0099999997764825821,4:2:1,True,25,True,True,25,613967,613967,225,202,16,0,0.88780665397644043,0.11219342797994614,53,33.437202453613281,0,23,0.15998795628547668,0.15998795628547668,4.2316288948059082,0,0,0,
f0.0099999997764825821-w1-mTrue-s0,20260914,0.0099999997764825821,4:2:1,True,50,True,True,25,613967,613967,105,97,14,0,0.85111570358276367,0.14888434112071991,63,41.017787933349609,0,8,0.18544924259185791,0.18544924259185791,70.898056030273438,0,0,0,introduced-beech;introduced-sessile-oak
f0.0099999997764825821-w1-mTrue-s0,20260914,0.0099999997764825821,4:2:1,True,100,True,True,25,613967,613967,40,34,11,0,0.79175418615341187,0.20824596285820007,64,57.261970520019531,0,6,0.22705510258674622,0.22705510258674622,99.680221557617188,0,0,0,retained-canopy;introduced-beech;introduced-sessile-oak
f0.0099999997764825821-w1-mTrue-s1,20268833,0.0099999997764825821,4:2:1,True,25,True,True,25,613990,613990,219,199,16,0,0.88056725263595581,0.11943277716636658,51,34.124984741210938,0,20,0.1653766930103302,0.1653766930103302,6.2549266815185547,0,0,0,
f0.0099999997764825821-w1-mTrue-s1,20268833,0.0099999997764825821,4:2:1,True,50,True,True,25,613990,613990,112,99,11,2,0.842008650302887,0.15799137949943542,63,42.111488342285156,0,13,0.18982775509357452,0.18982775509357452,65.931655883789063,1,4,6.9996800422668457,introduced-beech;introduced-sessile-oak
f0.0099999997764825821-w1-mTrue-s1,20268833,0.0099999997764825821,4:2:1,True,100,True,True,25,613990,613990,46,35,6,4,0.7905537486076355,0.20944622159004211,64,55.361240386962891,0,11,0.22888641059398651,0.22888641059398651,103.79750823974609,2,6,17.914510726928711,retained-canopy;introduced-beech;introduced-sessile-oak
f0.0099999997764825821-w1-mTrue-s2,20276752,0.0099999997764825821,4:2:1,True,25,True,True,25,613975,613975,227,203,16,0,0.89204221963882446,0.10795772820711136,51,32.171421051025391,0,24,0.15805339813232422,0.15805339813232422,3.9993784427642822,0,0,0,
f0.0099999997764825821-w1-mTrue-s2,20276752,0.0099999997764825821,4:2:1,True,50,True,True,25,613975,613975,108,97,16,0,0.84671437740325928,0.15328554809093475,63,38.867351531982422,0,11,0.19300736486911774,0.19300736486911774,67.730056762695313,0,0,0,introduced-beech;introduced-sessile-oak
f0.0099999997764825821-w1-mTrue-s2,20276752,0.0099999997764825821,4:2:1,True,100,True,True,25,613975,613975,44,33,9,0,0.792988121509552,0.20701177418231964,64,60.417865753173828,0,11,0.22718456387519836,0.22718456387519836,105.69924926757813,0,0,0,retained-canopy;introduced-beech;introduced-sessile-oak
f0.0099999997764825821-w1-mTrue-s3,20284671,0.0099999997764825821,4:2:1,True,25,True,True,25,613967,613967,222,201,16,0,0.88362061977386475,0.11637937277555466,53,30.658496856689453,0,21,0.16006749868392944,0.16006749868392944,6.2093124389648438,0,0,0,
f0.0099999997764825821-w1-mTrue-s3,20284671,0.0099999997764825821,4:2:1,True,50,True,True,25,613967,613967,104,94,11,2,0.84121036529541016,0.15878956019878387,63,38.305366516113281,0,10,0.19597308337688446,0.19597308337688446,77.215576171875,1,3,7.1684470176696777,introduced-beech;introduced-sessile-oak
f0.0099999997764825821-w1-mTrue-s3,20284671,0.0099999997764825821,4:2:1,True,100,True,True,25,613967,613967,43,34,6,2,0.79044866561889648,0.20955124497413635,64,53.591152191162109,0,9,0.23103310167789459,0.23103310167789459,105.49980926513672,1,3,7.1684470176696777,retained-canopy;introduced-beech;introduced-sessile-oak
f0.0099999997764825821-w1-mTrue-s4,20292590,0.0099999997764825821,4:2:1,True,25,True,True,25,614423,614423,226,202,16,0,0.89871597290039063,0.10128401219844818,55,32.304328918457031,0,24,0.1542966365814209,0.1542966365814209,3.2638688087463379,1,4,0.58118414878845215,
f0.0099999997764825821-w1-mTrue-s4,20292590,0.0099999997764825821,4:2:1,True,50,True,True,25,614423,614423,113,103,13,0,0.84302413463592529,0.15697577595710754,63,40.062637329101563,0,10,0.18848784267902374,0.18848784267902374,65.324188232421875,1,4,0.58118414878845215,introduced-beech;introduced-sessile-oak
f0.0099999997764825821-w1-mTrue-s4,20292590,0.0099999997764825821,4:2:1,True,100,True,True,25,614423,614423,44,34,7,0,0.8146628737449646,0.18533696234226227,64,51.953193664550781,0,10,0.21469347178936005,0.21469347178936005,105.71726226806641,1,4,0.58118414878845215,retained-canopy;introduced-beech;introduced-sessile-oak
f0.0099999997764825821-w1-mTrue-s5,20300509,0.0099999997764825821,4:2:1,True,25,True,True,25,614012,614012,222,200,16,0,0.890983521938324,0.10901641845703125,53,34.04217529296875,0,22,0.15858457982540131,0.15858457982540131,5.7759499549865723,0,0,0,
f0.0099999997764825821-w1-mTrue-s5,20300509,0.0099999997764825821,4:2:1,True,50,True,True,25,614012,614012,110,100,13,0,0.85232388973236084,0.14767608046531677,63,38.647357940673828,0,10,0.18647679686546326,0.18647679686546326,71.894126892089844,0,0,0,introduced-beech;introduced-sessile-oak
f0.0099999997764825821-w1-mTrue-s5,20300509,0.0099999997764825821,4:2:1,True,100,True,True,25,614012,614012,41,34,9,0,0.79487395286560059,0.20512604713439941,64,58.089042663574219,0,7,0.22408027946949005,0.22408027946949005,103.47505950927734,0,0,0,retained-canopy;introduced-beech;introduced-sessile-oak
f0.0099999997764825821-w1-mTrue-s6,20308428,0.0099999997764825821,4:2:1,True,25,True,True,25,612828,612828,228,204,15,0,0.88529348373413086,0.1147066205739975,51,33.042915344238281,0,24,0.16202752292156219,0.16202752292156219,4.1509065628051758,0,0,0,
f0.0099999997764825821-w1-mTrue-s6,20308428,0.0099999997764825821,4:2:1,True,50,True,True,25,612828,612828,107,97,15,0,0.84367591142654419,0.15632416307926178,64,42.714534759521484,0,10,0.19221274554729462,0.19221274554729462,69.609413146972656,1,6,9.53116226196289,introduced-beech;introduced-sessile-oak
f0.0099999997764825821-w1-mTrue-s6,20308428,0.0099999997764825821,4:2:1,True,100,True,True,25,612828,612828,42,33,8,0,0.787135124206543,0.21286484599113464,64,57.911941528320313,0,9,0.22709766030311584,0.22709766030311584,106.69107818603516,1,6,9.53116226196289,retained-canopy;introduced-beech;introduced-sessile-oak
f0.0099999997764825821-w1-mTrue-s7,20316347,0.0099999997764825821,4:2:1,True,25,True,True,25,613978,613978,222,200,16,0,0.88506293296813965,0.11493716388940811,54,32.498966217041016,0,22,0.16206738352775574,0.16206738352775574,5.9139447212219238,0,0,0,
f0.0099999997764825821-w1-mTrue-s7,20316347,0.0099999997764825821,4:2:1,True,50,True,True,25,613978,613978,106,98,14,0,0.85191738605499268,0.1480826735496521,64,37.826580047607422,0,8,0.183916375041008,0.183916375041008,68.705841064453125,0,0,0,introduced-beech;introduced-sessile-oak
f0.0099999997764825821-w1-mTrue-s7,20316347,0.0099999997764825821,4:2:1,True,100,True,True,25,613978,613978,37,34,8,0,0.80284219980239868,0.19715780019760132,64,57.225128173828125,0,3,0.21718089282512665,0.21718089282512665,107.68549346923828,0,0,0,retained-canopy;introduced-beech;introduced-sessile-oak
f0.019999999552965164-w0-mFalse-s0,20260914,0.019999999552965164,1:1:1,False,25,True,False,-1,1200000,1200000,232,223,0,0,0.88821506500244141,0.11178494989871979,56,23.575515747070313,0,9,0.154820054769516,0.154820054769516,34.231239318847656,1,22,3.585951566696167,managed-opening;introduced-beech;introduced-sessile-oak
f0.019999999552965164-w0-mFalse-s0,20260914,0.019999999552965164,1:1:1,False,50,True,False,-1,1200000,1200000,108,100,0,0,0.83136922121047974,0.16863071918487549,62,37.346099853515625,0,8,0.19942225515842438,0.19942225515842438,98.878692626953125,1,22,3.585951566696167,managed-opening;introduced-beech;introduced-sessile-oak
f0.019999999552965164-w0-mFalse-s0,20260914,0.019999999552965164,1:1:1,False,100,True,False,100,1200000,1200000,39,34,0,0,0.80934786796569824,0.19065220654010773,64,58.548660278320313,0,5,0.21366147696971893,0.21366147696971893,116.41881561279297,1,22,3.585951566696167,retained-canopy;managed-opening;introduced-beech;introduced-sessile-oak
f0.019999999552965164-w0-mFalse-s1,20268833,0.019999999552965164,1:1:1,False,25,True,False,-1,1200000,1200000,228,221,0,0,0.88142997026443481,0.11857019364833832,58,23.602304458618164,0,7,0.15922097861766815,0.15922097861766815,39.261009216308594,0,0,0,managed-opening;introduced-beech;introduced-sessile-oak
f0.019999999552965164-w0-mFalse-s1,20268833,0.019999999552965164,1:1:1,False,50,True,False,-1,1200000,1200000,115,105,0,0,0.83928000926971436,0.16072005033493042,63,37.485073089599609,0,10,0.19220761954784393,0.19220761954784393,90.7684326171875,2,25,26.986026763916016,managed-opening;introduced-beech;introduced-sessile-oak
f0.019999999552965164-w0-mFalse-s1,20268833,0.019999999552965164,1:1:1,False,100,True,False,100,1200000,1200000,51,34,0,0,0.78219634294509888,0.21780373156070709,64,56.679168701171875,0,17,0.23845109343528748,0.23845109343528748,114.42362213134766,4,33,60.917251586914063,retained-canopy;managed-opening;introduced-beech;introduced-sessile-oak
f0.019999999552965164-w0-mFalse-s2,20276752,0.019999999552965164,1:1:1,False,25,True,False,-1,1200000,1200000,223,213,0,0,0.8908265233039856,0.10917359590530396,60,21.849021911621094,0,10,0.1483997106552124,0.1483997106552124,45.072715759277344,1,18,11.074216842651367,managed-opening;introduced-beech;introduced-sessile-oak
f0.019999999552965164-w0-mFalse-s2,20276752,0.019999999552965164,1:1:1,False,50,True,False,-1,1200000,1200000,108,99,0,0,0.83465665578842163,0.16534338891506195,64,34.801185607910156,0,9,0.19347439706325531,0.19347439706325531,95.998344421386719,1,18,11.074216842651367,managed-opening;introduced-beech;introduced-sessile-oak
f0.019999999552965164-w0-mFalse-s2,20276752,0.019999999552965164,1:1:1,False,100,True,False,100,1200000,1200000,45,34,0,0,0.784648060798645,0.21535184979438782,64,61.526889801025391,0,11,0.23405618965625763,0.23405618965625763,116.11885833740234,1,18,11.074216842651367,retained-canopy;managed-opening;introduced-beech;introduced-sessile-oak
f0.019999999552965164-w0-mFalse-s3,20284671,0.019999999552965164,1:1:1,False,25,True,False,-1,1200000,1200000,226,218,0,0,0.86717736721038818,0.1328226625919342,57,23.226848602294922,0,8,0.16520734131336212,0.16520734131336212,43.902202606201172,0,0,0,managed-opening;introduced-beech;introduced-sessile-oak
f0.019999999552965164-w0-mFalse-s3,20284671,0.019999999552965164,1:1:1,False,50,True,False,-1,1200000,1200000,109,101,0,0,0.82952576875686646,0.17047399282455444,64,38.130867004394531,0,8,0.20261426270008087,0.20261426270008087,102.2470703125,2,9,16.4789981842041,managed-opening;introduced-beech;introduced-sessile-oak
f0.019999999552965164-w0-mFalse-s3,20284671,0.019999999552965164,1:1:1,False,100,True,False,100,1200000,1200000,40,35,0,0,0.80299395322799683,0.19700594246387482,64,54.651210784912109,0,5,0.22161521017551422,0.22161521017551422,113.57980346679688,4,28,67.423904418945313,retained-canopy;managed-opening;introduced-beech;introduced-sessile-oak
f0.019999999552965164-w0-mFalse-s4,20292590,0.019999999552965164,1:1:1,False,25,True,False,-1,1200000,1200000,238,226,0,0,0.88639974594116211,0.11360030621290207,57,25.610494613647461,0,12,0.1528446227312088,0.1528446227312088,37.234359741210938,1,3,0.44849708676338196,managed-opening;introduced-beech;introduced-sessile-oak
f0.019999999552965164-w0-mFalse-s4,20292590,0.019999999552965164,1:1:1,False,50,True,False,-1,1200000,1200000,106,100,0,0,0.83187687397003174,0.16812331974506378,64,38.615871429443359,0,6,0.19659684598445892,0.19659684598445892,102.86647796630859,2,11,7.70788049697876,managed-opening;introduced-beech;introduced-sessile-oak
f0.019999999552965164-w0-mFalse-s4,20292590,0.019999999552965164,1:1:1,False,100,True,False,100,1200000,1200000,40,35,0,0,0.79095852375030518,0.20904132723808289,64,60.258022308349609,0,5,0.22483645379543304,0.22483645379543304,116.55401611328125,3,27,40.866649627685547,retained-canopy;managed-opening;introduced-beech;introduced-sessile-oak
f0.019999999552965164-w0-mFalse-s5,20300509,0.019999999552965164,1:1:1,False,25,True,False,-1,1200000,1200000,209,198,0,0,0.8715519905090332,0.1284480094909668,59,23.370079040527344,0,11,0.16636374592781067,0.16636374592781067,54.030960083007813,1,52,30.11979866027832,managed-opening;introduced-beech;introduced-sessile-oak
f0.019999999552965164-w0-mFalse-s5,20300509,0.019999999552965164,1:1:1,False,50,True,False,-1,1200000,1200000,110,101,0,0,0.8332480788230896,0.16675183176994324,64,41.15716552734375,0,9,0.19345051050186157,0.19345051050186157,98.4422836303711,1,52,30.11979866027832,managed-opening;introduced-beech;introduced-sessile-oak
f0.019999999552965164-w0-mFalse-s5,20300509,0.019999999552965164,1:1:1,False,100,True,False,100,1200000,1200000,41,35,0,0,0.80476659536361694,0.19523331522941589,64,57.133033752441406,0,6,0.21464721858501434,0.21464721858501434,118.02713775634766,1,52,30.11979866027832,retained-canopy;managed-opening;introduced-beech;introduced-sessile-oak
f0.019999999552965164-w0-mFalse-s6,20308428,0.019999999552965164,1:1:1,False,25,True,False,-1,1200000,1200000,230,221,0,0,0.87579315900802612,0.12420693784952164,58,25.209451675415039,0,9,0.16345342993736267,0.16345342993736267,39.409194946289063,0,0,0,managed-opening;introduced-beech;introduced-sessile-oak
f0.019999999552965164-w0-mFalse-s6,20308428,0.019999999552965164,1:1:1,False,50,True,False,-1,1200000,1200000,86,70,0,0,0.74515438079833984,0.25484564900398254,64,52.993629455566406,0,16,0.22788327932357788,0.22788327932357788,155.69261169433594,2,41,78.520172119140625,managed-opening;introduced-beech;introduced-sessile-oak
f0.019999999552965164-w0-mFalse-s6,20308428,0.019999999552965164,1:1:1,False,100,True,False,100,1200000,1200000,39,35,0,0,0.79810011386871338,0.20189978182315826,64,51.9525032043457,0,4,0.21880644559860229,0.21880644559860229,112.19061279296875,2,41,78.520172119140625,retained-canopy;managed-opening;introduced-beech;introduced-sessile-oak
f0.019999999552965164-w0-mFalse-s7,20316347,0.019999999552965164,1:1:1,False,25,True,False,-1,1200000,1200000,234,225,0,0,0.885840654373169,0.11415940523147583,57,22.749580383300781,0,9,0.15859280526638031,0.15859280526638031,37.659156799316406,0,0,0,managed-opening;introduced-beech;introduced-sessile-oak
f0.019999999552965164-w0-mFalse-s7,20316347,0.019999999552965164,1:1:1,False,50,True,False,-1,1200000,1200000,112,103,0,0,0.82344657182693481,0.17655329406261444,63,40.2093620300293,0,9,0.20523382723331451,0.20523382723331451,95.254554748535156,0,0,0,managed-opening;introduced-beech;introduced-sessile-oak
f0.019999999552965164-w0-mFalse-s7,20316347,0.019999999552965164,1:1:1,False,100,True,False,100,1200000,1200000,41,34,0,0,0.79512631893157959,0.20487368106842041,64,55.177032470703125,0,7,0.22282683849334717,0.22282683849334717,123.23380279541016,0,0,0,retained-canopy;managed-opening;introduced-beech;introduced-sessile-oak
f0.019999999552965164-w0-mTrue-s0,20260914,0.019999999552965164,1:1:1,True,25,True,True,25,605460,605460,212,184,14,2,0.87404865026474,0.12595130503177643,54,40.725456237792969,0,28,0.17099326848983765,0.17099326848983765,5.14752197265625,1,26,4.0774435997009277,
f0.019999999552965164-w0-mTrue-s0,20260914,0.019999999552965164,1:1:1,True,50,True,True,25,605460,605460,102,90,13,2,0.8396073579788208,0.16039271652698517,64,40.325958251953125,0,12,0.19401209056377411,0.19401209056377411,68.857841491699219,1,26,4.0774435997009277,introduced-beech;introduced-sessile-oak
f0.019999999552965164-w0-mTrue-s0,20260914,0.019999999552965164,1:1:1,True,100,True,True,25,605460,605460,38,33,10,2,0.80221587419509888,0.1977841854095459,64,60.871646881103516,0,5,0.22174593806266785,0.22174593806266785,97.126258850097656,1,26,4.0774435997009277,retained-canopy;introduced-beech;introduced-sessile-oak
f0.019999999552965164-w0-mTrue-s1,20268833,0.019999999552965164,1:1:1,True,25,True,True,25,613990,613990,219,199,16,0,0.88056725263595581,0.11943277716636658,51,34.124984741210938,0,20,0.1653766930103302,0.1653766930103302,6.2549266815185547,0,0,0,
f0.019999999552965164-w0-mTrue-s1,20268833,0.019999999552965164,1:1:1,True,50,True,True,25,613990,613990,113,101,10,4,0.83790343999862671,0.1620965451002121,62,42.042690277099609,0,12,0.19242069125175476,0.19242069125175476,62.793678283691406,2,15,17.065755844116211,introduced-beech;introduced-sessile-oak
f0.019999999552965164-w0-mTrue-s1,20268833,0.019999999552965164,1:1:1,True,100,True,True,25,613990,613990,73,34,4,6,0.82694721221923828,0.17305275797843933,64,49.474246978759766,0,39,0.20387141406536102,0.20387141406536102,95.898086547851563,4,23,54.741790771484375,introduced-beech;introduced-sessile-oak
f0.019999999552965164-w0-mTrue-s2,20276752,0.019999999552965164,1:1:1,True,25,True,True,25,613975,613975,216,191,13,3,0.85313659906387329,0.14686326682567596,53,33.703483581542969,0,25,0.17291206121444702,0.17291206121444702,13.026822090148926,1,16,11.072109222412109,
f0.019999999552965164-w0-mTrue-s2,20276752,0.019999999552965164,1:1:1,True,50,True,True,25,613975,613975,113,101,13,3,0.847343385219574,0.1526564359664917,63,37.228420257568359,0,12,0.18914899230003357,0.18914899230003357,66.17535400390625,1,16,11.072109222412109,introduced-beech;introduced-sessile-oak
f0.019999999552965164-w0-mTrue-s2,20276752,0.019999999552965164,1:1:1,True,100,True,True,25,613975,613975,37,33,9,3,0.81077492237091064,0.18922485411167145,64,55.981292724609375,0,4,0.21318094432353973,0.21318094432353973,106.212158203125,1,16,11.072109222412109,retained-canopy;introduced-beech;introduced-sessile-oak
f0.019999999552965164-w0-mTrue-s3,20284671,0.019999999552965164,1:1:1,True,25,True,True,25,613967,613967,222,201,16,0,0.88362061977386475,0.11637937277555466,53,30.658496856689453,0,21,0.16006749868392944,0.16006749868392944,6.2093124389648438,0,0,0,
f0.019999999552965164-w0-mTrue-s3,20284671,0.019999999552965164,1:1:1,True,50,True,True,25,613967,613967,106,94,11,3,0.84071993827819824,0.15928012132644653,63,36.024478912353516,0,12,0.19582270085811615,0.19582270085811615,78.721817016601563,2,9,16.535923004150391,introduced-beech;introduced-sessile-oak
f0.019999999552965164-w0-mTrue-s3,20284671,0.019999999552965164,1:1:1,True,100,True,True,25,613967,613967,42,34,7,6,0.81209194660186768,0.18790799379348755,64,50.767726898193359,0,8,0.20989333093166351,0.20989333093166351,102.18902587890625,4,24,54.808376312255859,retained-canopy;introduced-beech;introduced-sessile-oak
f0.019999999552965164-w0-mTrue-s4,20292590,0.019999999552965164,1:1:1,True,25,True,True,25,614423,614423,226,202,16,0,0.89871597290039063,0.10128401219844818,55,32.304328918457031,0,24,0.1542966365814209,0.1542966365814209,3.2638688087463379,1,4,0.58118414878845215,
f0.019999999552965164-w0-mTrue-s4,20292590,0.019999999552965164,1:1:1,True,50,True,True,25,614423,614423,108,98,12,1,0.83496737480163574,0.16503256559371948,64,42.097824096679688,0,10,0.194221630692482,0.194221630692482,71.6056900024414,2,8,3.7267146110534668,introduced-beech;introduced-sessile-oak
f0.019999999552965164-w0-mTrue-s4,20292590,0.019999999552965164,1:1:1,True,100,True,True,25,614423,614423,37,34,4,5,0.79608076810836792,0.20391923189163208,64,56.815883636474609,0,3,0.21984072029590607,0.21984072029590607,107.36977386474609,3,24,34.968368530273438,retained-canopy;introduced-beech;introduced-sessile-oak
f0.019999999552965164-w0-mTrue-s5,20300509,0.019999999552965164,1:1:1,True,25,True,True,25,614012,614012,180,153,8,8,0.81364279985427856,0.18635711073875427,60,39.492427825927734,0,27,0.19877991080284119,0.19877991080284119,31.507036209106445,1,56,32.470474243164063,
f0.019999999552965164-w0-mTrue-s5,20300509,0.019999999552965164,1:1:1,True,50,True,True,25,614012,614012,122,106,8,8,0.84445440769195557,0.15554562211036682,61,41.890033721923828,0,16,0.19127006828784943,0.19127006828784943,55.584346771240234,1,56,32.470474243164063,introduced-beech
f0.019999999552965164-w0-mTrue-s5,20300509,0.019999999552965164,1:1:1,True,100,True,True,25,614012,614012,39,33,5,8,0.7933308482170105,0.20666918158531189,64,56.154880523681641,0,6,0.22415129840373993,0.22415129840373993,108.64817810058594,1,56,32.470474243164063,retained-canopy;introduced-beech;introduced-sessile-oak
f0.019999999552965164-w0-mTrue-s6,20308428,0.019999999552965164,1:1:1,True,25,True,True,25,612828,612828,228,204,15,0,0.88529348373413086,0.1147066205739975,51,33.042915344238281,0,24,0.16202752292156219,0.16202752292156219,4.1509065628051758,0,0,0,
f0.019999999552965164-w0-mTrue-s6,20308428,0.019999999552965164,1:1:1,True,50,True,True,25,612828,612828,92,78,10,5,0.77818590402603149,0.22181403636932373,64,46.655403137207031,0,14,0.20778495073318481,0.20778495073318481,108.86020660400391,2,31,59.071727752685547,introduced-beech;introduced-sessile-oak
f0.019999999552965164-w0-mTrue-s6,20308428,0.019999999552965164,1:1:1,True,100,True,True,25,612828,612828,69,32,6,5,0.78694093227386475,0.21305909752845764,64,55.916236877441406,0,37,0.23705601692199707,0.23705601692199707,104.37852478027344,2,31,59.071727752685547,introduced-beech;introduced-sessile-oak
f0.019999999552965164-w0-mTrue-s7,20316347,0.019999999552965164,1:1:1,True,25,True,True,25,613978,613978,222,200,16,0,0.88506293296813965,0.11493716388940811,54,32.498966217041016,0,22,0.16206738352775574,0.16206738352775574,5.9139447212219238,0,0,0,
f0.019999999552965164-w0-mTrue-s7,20316347,0.019999999552965164,1:1:1,True,50,True,True,25,613978,613978,106,98,14,0,0.85191738605499268,0.1480826735496521,64,37.826580047607422,0,8,0.183916375041008,0.183916375041008,68.705841064453125,0,0,0,introduced-beech;introduced-sessile-oak
f0.019999999552965164-w0-mTrue-s7,20316347,0.019999999552965164,1:1:1,True,100,True,True,25,613978,613978,37,34,8,0,0.80284219980239868,0.19715780019760132,64,57.225128173828125,0,3,0.21718089282512665,0.21718089282512665,107.68549346923828,0,0,0,retained-canopy;introduced-beech;introduced-sessile-oak
f0.019999999552965164-w1-mFalse-s0,20260914,0.019999999552965164,4:2:1,False,25,True,False,-1,1200000,1200000,232,223,0,0,0.88821506500244141,0.11178494989871979,56,23.575515747070313,0,9,0.154820054769516,0.154820054769516,34.231239318847656,1,22,3.585951566696167,managed-opening;introduced-beech;introduced-sessile-oak
f0.019999999552965164-w1-mFalse-s0,20260914,0.019999999552965164,4:2:1,False,50,True,False,-1,1200000,1200000,108,100,0,0,0.83136922121047974,0.16863071918487549,62,37.346099853515625,0,8,0.19942225515842438,0.19942225515842438,98.878692626953125,1,22,3.585951566696167,managed-opening;introduced-beech;introduced-sessile-oak
f0.019999999552965164-w1-mFalse-s0,20260914,0.019999999552965164,4:2:1,False,100,True,False,100,1200000,1200000,39,34,0,0,0.80934786796569824,0.19065220654010773,64,58.548660278320313,0,5,0.21366147696971893,0.21366147696971893,116.41881561279297,1,22,3.585951566696167,retained-canopy;managed-opening;introduced-beech;introduced-sessile-oak
f0.019999999552965164-w1-mFalse-s1,20268833,0.019999999552965164,4:2:1,False,25,True,False,-1,1200000,1200000,228,221,0,0,0.88142997026443481,0.11857019364833832,58,23.602304458618164,0,7,0.15922097861766815,0.15922097861766815,39.261009216308594,0,0,0,managed-opening;introduced-beech;introduced-sessile-oak
f0.019999999552965164-w1-mFalse-s1,20268833,0.019999999552965164,4:2:1,False,50,True,False,-1,1200000,1200000,117,104,0,0,0.83971971273422241,0.16028033196926117,63,36.261070251464844,0,13,0.19245973229408264,0.19245973229408264,90.942192077636719,2,14,16.402755737304688,managed-opening;introduced-beech;introduced-sessile-oak
f0.019999999552965164-w1-mFalse-s1,20268833,0.019999999552965164,4:2:1,False,100,True,False,100,1200000,1200000,41,35,0,0,0.81158322095870972,0.18841677904129028,64,55.916107177734375,0,6,0.21539852023124695,0.21539852023124695,118.88453674316406,4,17,30.097702026367188,retained-canopy;managed-opening;introduced-beech;introduced-sessile-oak
f0.019999999552965164-w1-mFalse-s2,20276752,0.019999999552965164,4:2:1,False,25,True,False,-1,1200000,1200000,232,224,0,0,0.89760792255401611,0.10239233821630478,59,21.520902633666992,0,8,0.14513497054576874,0.14513497054576874,38.888816833496094,1,3,2.169090747833252,managed-opening;introduced-beech;introduced-sessile-oak
f0.019999999552965164-w1-mFalse-s2,20276752,0.019999999552965164,4:2:1,False,50,True,False,-1,1200000,1200000,109,99,0,0,0.8418084979057312,0.15819157660007477,64,38.657913208007813,0,10,0.19377037882804871,0.19377037882804871,98.274261474609375,1,3,2.169090747833252,managed-opening;introduced-beech;introduced-sessile-oak
f0.019999999552965164-w1-mFalse-s2,20276752,0.019999999552965164,4:2:1,False,100,True,False,100,1200000,1200000,41,34,0,0,0.78351700305938721,0.21648314595222473,64,57.621891021728516,0,7,0.22821655869483948,0.22821655869483948,118.98859405517578,1,3,2.169090747833252,retained-canopy;managed-opening;introduced-beech;introduced-sessile-oak
f0.019999999552965164-w1-mFalse-s3,20284671,0.019999999552965164,4:2:1,False,25,True,False,-1,1200000,1200000,226,218,0,0,0.86717736721038818,0.1328226625919342,57,23.226848602294922,0,8,0.16520734131336212,0.16520734131336212,43.902202606201172,0,0,0,managed-opening;introduced-beech;introduced-sessile-oak
f0.019999999552965164-w1-mFalse-s3,20284671,0.019999999552965164,4:2:1,False,50,True,False,-1,1200000,1200000,108,101,0,0,0.82623207569122314,0.17376792430877686,64,38.390892028808594,0,7,0.20030282437801361,0.20030282437801361,101.52730560302734,2,5,9.9810361862182617,managed-opening;introduced-beech;introduced-sessile-oak
f0.019999999552965164-w1-mFalse-s3,20284671,0.019999999552965164,4:2:1,False,100,True,False,100,1200000,1200000,40,34,0,0,0.79042398929595947,0.20957598090171814,64,54.554061889648438,0,6,0.22417417168617249,0.22417417168617249,118.11450958251953,4,18,44.672615051269531,retained-canopy;managed-opening;introduced-beech;introduced-sessile-oak
f0.019999999552965164-w1-mFalse-s4,20292590,0.019999999552965164,4:2:1,False,25,True,False,-1,1200000,1200000,238,226,0,0,0.88639974594116211,0.11360030621290207,57,25.610494613647461,0,12,0.1528446227312088,0.1528446227312088,37.234359741210938,1,3,0.44849708676338196,managed-opening;introduced-beech;introduced-sessile-oak
f0.019999999552965164-w1-mFalse-s4,20292590,0.019999999552965164,4:2:1,False,50,True,False,-1,1200000,1200000,106,100,0,0,0.83187687397003174,0.16812331974506378,64,38.615871429443359,0,6,0.19659684598445892,0.19659684598445892,102.86647796630859,2,11,7.70788049697876,managed-opening;introduced-beech;introduced-sessile-oak
f0.019999999552965164-w1-mFalse-s4,20292590,0.019999999552965164,4:2:1,False,100,True,False,100,1200000,1200000,37,35,0,0,0.7819784283638,0.21802158653736115,64,53.429523468017578,0,2,0.2309061586856842,0.2309061586856842,113.7086181640625,3,17,21.063114166259766,retained-canopy;managed-opening;introduced-beech;introduced-sessile-oak
f0.019999999552965164-w1-mFalse-s5,20300509,0.019999999552965164,4:2:1,False,25,True,False,-1,1200000,1200000,209,198,0,0,0.8715519905090332,0.1284480094909668,59,23.370079040527344,0,11,0.16636374592781067,0.16636374592781067,54.030960083007813,1,52,30.11979866027832,managed-opening;introduced-beech;introduced-sessile-oak
f0.019999999552965164-w1-mFalse-s5,20300509,0.019999999552965164,4:2:1,False,50,True,False,-1,1200000,1200000,110,101,0,0,0.8332480788230896,0.16675183176994324,64,41.15716552734375,0,9,0.19345051050186157,0.19345051050186157,98.4422836303711,1,52,30.11979866027832,managed-opening;introduced-beech;introduced-sessile-oak
f0.019999999552965164-w1-mFalse-s5,20300509,0.019999999552965164,4:2:1,False,100,True,False,100,1200000,1200000,41,35,0,0,0.80476659536361694,0.19523331522941589,64,57.133033752441406,0,6,0.21464721858501434,0.21464721858501434,118.02713775634766,1,52,30.11979866027832,retained-canopy;managed-opening;introduced-beech;introduced-sessile-oak
f0.019999999552965164-w1-mFalse-s6,20308428,0.019999999552965164,4:2:1,False,25,True,False,-1,1200000,1200000,230,221,0,0,0.87579315900802612,0.12420693784952164,58,25.209451675415039,0,9,0.16345342993736267,0.16345342993736267,39.409194946289063,0,0,0,managed-opening;introduced-beech;introduced-sessile-oak
f0.019999999552965164-w1-mFalse-s6,20308428,0.019999999552965164,4:2:1,False,50,True,False,-1,1200000,1200000,101,91,0,0,0.81214439868927,0.18785567581653595,63,47.237239837646484,0,10,0.20919166505336761,0.20919166505336761,115.67045593261719,2,15,28.877017974853516,managed-opening;introduced-beech;introduced-sessile-oak
f0.019999999552965164-w1-mFalse-s6,20308428,0.019999999552965164,4:2:1,False,100,True,False,100,1200000,1200000,42,35,0,0,0.80988776683807373,0.19011230766773224,64,55.844017028808594,0,7,0.21633529663085938,0.21633529663085938,117.09294128417969,2,15,28.877017974853516,retained-canopy;managed-opening;introduced-beech;introduced-sessile-oak
f0.019999999552965164-w1-mFalse-s7,20316347,0.019999999552965164,4:2:1,False,25,True,False,-1,1200000,1200000,234,225,0,0,0.885840654373169,0.11415940523147583,57,22.749580383300781,0,9,0.15859280526638031,0.15859280526638031,37.659156799316406,0,0,0,managed-opening;introduced-beech;introduced-sessile-oak
f0.019999999552965164-w1-mFalse-s7,20316347,0.019999999552965164,4:2:1,False,50,True,False,-1,1200000,1200000,112,103,0,0,0.82344657182693481,0.17655329406261444,63,40.2093620300293,0,9,0.20523382723331451,0.20523382723331451,95.254554748535156,0,0,0,managed-opening;introduced-beech;introduced-sessile-oak
f0.019999999552965164-w1-mFalse-s7,20316347,0.019999999552965164,4:2:1,False,100,True,False,100,1200000,1200000,41,34,0,0,0.79512631893157959,0.20487368106842041,64,55.177032470703125,0,7,0.22282683849334717,0.22282683849334717,123.23380279541016,0,0,0,retained-canopy;managed-opening;introduced-beech;introduced-sessile-oak
f0.019999999552965164-w1-mTrue-s0,20260914,0.019999999552965164,4:2:1,True,25,True,True,25,605460,605460,212,184,14,2,0.87404865026474,0.12595130503177643,54,40.725456237792969,0,28,0.17099326848983765,0.17099326848983765,5.14752197265625,1,26,4.0774435997009277,
f0.019999999552965164-w1-mTrue-s0,20260914,0.019999999552965164,4:2:1,True,50,True,True,25,605460,605460,102,90,13,2,0.8396073579788208,0.16039271652698517,64,40.325958251953125,0,12,0.19401209056377411,0.19401209056377411,68.857841491699219,1,26,4.0774435997009277,introduced-beech;introduced-sessile-oak
f0.019999999552965164-w1-mTrue-s0,20260914,0.019999999552965164,4:2:1,True,100,True,True,25,605460,605460,38,33,10,2,0.80221587419509888,0.1977841854095459,64,60.871646881103516,0,5,0.22174593806266785,0.22174593806266785,97.126258850097656,1,26,4.0774435997009277,retained-canopy;introduced-beech;introduced-sessile-oak
f0.019999999552965164-w1-mTrue-s1,20268833,0.019999999552965164,4:2:1,True,25,True,True,25,613990,613990,219,199,16,0,0.88056725263595581,0.11943277716636658,51,34.124984741210938,0,20,0.1653766930103302,0.1653766930103302,6.2549266815185547,0,0,0,
f0.019999999552965164-w1-mTrue-s1,20268833,0.019999999552965164,4:2:1,True,50,True,True,25,613990,613990,114,99,11,3,0.84391897916793823,0.15608082711696625,63,39.997165679931641,0,15,0.18784138560295105,0.18784138560295105,64.54559326171875,2,7,10.305459022521973,introduced-beech;introduced-sessile-oak
f0.019999999552965164-w1-mTrue-s1,20268833,0.019999999552965164,4:2:1,True,100,True,True,25,613990,613990,41,34,6,5,0.78361749649047852,0.21638251841068268,64,54.308559417724609,0,7,0.22828127443790436,0.22828127443790436,106.07333374023438,4,10,25.139904022216797,retained-canopy;introduced-beech;introduced-sessile-oak
f0.019999999552965164-w1-mTrue-s2,20276752,0.019999999552965164,4:2:1,True,25,True,True,25,613975,613975,226,201,15,1,0.88296830654144287,0.11703162640333176,52,32.185127258300781,0,25,0.16134248673915863,0.16134248673915863,5.7559123039245605,1,3,2.2751321792602539,
f0.019999999552965164-w1-mTrue-s2,20276752,0.019999999552965164,4:2:1,True,50,True,True,25,613975,613975,107,99,14,1,0.84485232830047607,0.1551474928855896,62,39.634590148925781,0,8,0.19426426291465759,0.19426426291465759,66.636093139648438,1,3,2.2751321792602539,introduced-beech;introduced-sessile-oak
f0.019999999552965164-w1-mTrue-s2,20276752,0.019999999552965164,4:2:1,True,100,True,True,25,613975,613975,39,33,9,1,0.79427796602249146,0.20572206377983093,64,64.9704360961914,0,6,0.22709378600120544,0.22709378600120544,105.88094329833984,1,3,2.2751321792602539,retained-canopy;introduced-beech;introduced-sessile-oak
f0.019999999552965164-w1-mTrue-s3,20284671,0.019999999552965164,4:2:1,True,25,True,True,25,613967,613967,222,201,16,0,0.88362061977386475,0.11637937277555466,53,30.658496856689453,0,21,0.16006749868392944,0.16006749868392944,6.2093124389648438,0,0,0,
f0.019999999552965164-w1-mTrue-s3,20284671,0.019999999552965164,4:2:1,True,50,True,True,25,613967,613967,106,96,11,3,0.84391862154006958,0.15608128905296326,63,35.852180480957031,0,10,0.19227075576782227,0.19227075576782227,76.394172668457031,2,6,13.440651893615723,introduced-beech;introduced-sessile-oak
f0.019999999552965164-w1-mTrue-s3,20284671,0.019999999552965164,4:2:1,True,100,True,True,25,613967,613967,45,34,6,6,0.80489736795425415,0.19510273635387421,64,49.682273864746094,0,11,0.21862143278121948,0.21862143278121948,105.69248199462891,4,20,47.079868316650391,retained-canopy;introduced-beech;introduced-sessile-oak
f0.019999999552965164-w1-mTrue-s4,20292590,0.019999999552965164,4:2:1,True,25,True,True,25,614423,614423,226,202,16,0,0.89871597290039063,0.10128401219844818,55,32.304328918457031,0,24,0.1542966365814209,0.1542966365814209,3.2638688087463379,1,4,0.58118414878845215,
f0.019999999552965164-w1-mTrue-s4,20292590,0.019999999552965164,4:2:1,True,50,True,True,25,614423,614423,108,98,12,1,0.83496737480163574,0.16503256559371948,64,42.097824096679688,0,10,0.194221630692482,0.194221630692482,71.6056900024414,2,8,3.7267146110534668,introduced-beech;introduced-sessile-oak
f0.019999999552965164-w1-mTrue-s4,20292590,0.019999999552965164,4:2:1,True,100,True,True,25,614423,614423,44,34,4,4,0.80088114738464355,0.19911904633045197,64,48.940376281738281,0,10,0.22261083126068115,0.22261083126068115,107.77840423583984,3,16,20.269962310791016,retained-canopy;introduced-beech;introduced-sessile-oak
f0.019999999552965164-w1-mTrue-s5,20300509,0.019999999552965164,4:2:1,True,25,True,True,25,614012,614012,180,153,8,8,0.81364279985427856,0.18635711073875427,60,39.492427825927734,0,27,0.19877991080284119,0.19877991080284119,31.507036209106445,1,56,32.470474243164063,
f0.019999999552965164-w1-mTrue-s5,20300509,0.019999999552965164,4:2:1,True,50,True,True,25,614012,614012,122,106,8,8,0.84445440769195557,0.15554562211036682,61,41.890033721923828,0,16,0.19127006828784943,0.19127006828784943,55.584346771240234,1,56,32.470474243164063,introduced-beech
f0.019999999552965164-w1-mTrue-s5,20300509,0.019999999552965164,4:2:1,True,100,True,True,25,614012,614012,39,33,5,8,0.7933308482170105,0.20666918158531189,64,56.154880523681641,0,6,0.22415129840373993,0.22415129840373993,108.64817810058594,1,56,32.470474243164063,retained-canopy;introduced-beech;introduced-sessile-oak
f0.019999999552965164-w1-mTrue-s6,20308428,0.019999999552965164,4:2:1,True,25,True,True,25,612828,612828,228,204,15,0,0.88529348373413086,0.1147066205739975,51,33.042915344238281,0,24,0.16202752292156219,0.16202752292156219,4.1509065628051758,0,0,0,
f0.019999999552965164-w1-mTrue-s6,20308428,0.019999999552965164,4:2:1,True,50,True,True,25,612828,612828,101,90,12,3,0.809916079044342,0.19008392095565796,64,43.96697998046875,0,11,0.19946487247943878,0.19946487247943878,87.721672058105469,2,14,28.808162689208984,introduced-beech;introduced-sessile-oak
f0.019999999552965164-w1-mTrue-s6,20308428,0.019999999552965164,4:2:1,True,100,True,True,25,612828,612828,39,33,7,3,0.79373329877853394,0.20626677572727203,64,58.893714904785156,0,6,0.22202976047992706,0.22202976047992706,108.30462646484375,2,14,28.808162689208984,retained-canopy;introduced-beech;introduced-sessile-oak
f0.019999999552965164-w1-mTrue-s7,20316347,0.019999999552965164,4:2:1,True,25,True,True,25,613978,613978,222,200,16,0,0.88506293296813965,0.11493716388940811,54,32.498966217041016,0,22,0.16206738352775574,0.16206738352775574,5.9139447212219238,0,0,0,
f0.019999999552965164-w1-mTrue-s7,20316347,0.019999999552965164,4:2:1,True,50,True,True,25,613978,613978,106,98,14,0,0.85191738605499268,0.1480826735496521,64,37.826580047607422,0,8,0.183916375041008,0.183916375041008,68.705841064453125,0,0,0,introduced-beech;introduced-sessile-oak
f0.019999999552965164-w1-mTrue-s7,20316347,0.019999999552965164,4:2:1,True,100,True,True,25,613978,613978,37,34,8,0,0.80284219980239868,0.19715780019760132,64,57.225128173828125,0,3,0.21718089282512665,0.21718089282512665,107.68549346923828,0,0,0,retained-canopy;introduced-beech;introduced-sessile-oak
f0.029999999329447746-w0-mFalse-s0,20260914,0.029999999329447746,1:1:1,False,25,True,False,-1,1200000,1200000,232,223,0,0,0.88821506500244141,0.11178494989871979,56,23.575515747070313,0,9,0.154820054769516,0.154820054769516,34.231239318847656,1,22,3.585951566696167,managed-opening;introduced-beech;introduced-sessile-oak
f0.029999999329447746-w0-mFalse-s0,20260914,0.029999999329447746,1:1:1,False,50,True,False,-1,1200000,1200000,108,100,0,0,0.83136922121047974,0.16863071918487549,62,37.346099853515625,0,8,0.19942225515842438,0.19942225515842438,98.878692626953125,1,22,3.585951566696167,managed-opening;introduced-beech;introduced-sessile-oak
f0.029999999329447746-w0-mFalse-s0,20260914,0.029999999329447746,1:1:1,False,100,True,False,100,1200000,1200000,39,34,0,0,0.80934786796569824,0.19065220654010773,64,58.548660278320313,0,5,0.21366147696971893,0.21366147696971893,116.41881561279297,1,22,3.585951566696167,retained-canopy;managed-opening;introduced-beech;introduced-sessile-oak
f0.029999999329447746-w0-mFalse-s1,20268833,0.029999999329447746,1:1:1,False,25,True,False,-1,1200000,1200000,228,221,0,0,0.88142997026443481,0.11857019364833832,58,23.602304458618164,0,7,0.15922097861766815,0.15922097861766815,39.261009216308594,0,0,0,managed-opening;introduced-beech;introduced-sessile-oak
f0.029999999329447746-w0-mFalse-s1,20268833,0.029999999329447746,1:1:1,False,50,True,False,-1,1200000,1200000,115,105,0,0,0.83928000926971436,0.16072005033493042,63,37.485073089599609,0,10,0.19220761954784393,0.19220761954784393,90.7684326171875,2,25,26.986026763916016,managed-opening;introduced-beech;introduced-sessile-oak
f0.029999999329447746-w0-mFalse-s1,20268833,0.029999999329447746,1:1:1,False,100,True,False,100,1200000,1200000,51,34,0,0,0.78219634294509888,0.21780373156070709,64,56.679168701171875,0,17,0.23845109343528748,0.23845109343528748,114.42362213134766,4,33,60.917251586914063,retained-canopy;managed-opening;introduced-beech;introduced-sessile-oak
f0.029999999329447746-w0-mFalse-s2,20276752,0.029999999329447746,1:1:1,False,25,True,False,-1,1200000,1200000,223,213,0,0,0.8908265233039856,0.10917359590530396,60,21.849021911621094,0,10,0.1483997106552124,0.1483997106552124,45.072715759277344,1,18,11.074216842651367,managed-opening;introduced-beech;introduced-sessile-oak
f0.029999999329447746-w0-mFalse-s2,20276752,0.029999999329447746,1:1:1,False,50,True,False,-1,1200000,1200000,108,99,0,0,0.83465665578842163,0.16534338891506195,64,34.801185607910156,0,9,0.19347439706325531,0.19347439706325531,95.998344421386719,1,18,11.074216842651367,managed-opening;introduced-beech;introduced-sessile-oak
f0.029999999329447746-w0-mFalse-s2,20276752,0.029999999329447746,1:1:1,False,100,True,False,100,1200000,1200000,39,34,0,0,0.79343557357788086,0.20656439661979675,64,56.797637939453125,0,5,0.22197225689888,0.22197225689888,118.83179473876953,2,22,21.063915252685547,retained-canopy;managed-opening;introduced-beech;introduced-sessile-oak
f0.029999999329447746-w0-mFalse-s3,20284671,0.029999999329447746,1:1:1,False,25,True,False,-1,1200000,1200000,226,218,0,0,0.86717736721038818,0.1328226625919342,57,23.226848602294922,0,8,0.16520734131336212,0.16520734131336212,43.902202606201172,0,0,0,managed-opening;introduced-beech;introduced-sessile-oak
f0.029999999329447746-w0-mFalse-s3,20284671,0.029999999329447746,1:1:1,False,50,True,False,-1,1200000,1200000,109,98,0,0,0.83966743946075439,0.16033245623111725,64,39.516273498535156,0,11,0.19509220123291016,0.19509220123291016,93.953231811523438,3,47,44.545318603515625,managed-opening;introduced-beech;introduced-sessile-oak
f0.029999999329447746-w0-mFalse-s3,20284671,0.029999999329447746,1:1:1,False,100,True,False,100,1200000,1200000,41,35,0,0,0.78359657526016235,0.216403529047966,64,60.06884765625,0,6,0.22976800799369812,0.22976800799369812,112.35498046875,6,69,115.78788757324219,retained-canopy;managed-opening;introduced-beech;introduced-sessile-oak
f0.029999999329447746-w0-mFalse-s4,20292590,0.029999999329447746,1:1:1,False,25,True,False,-1,1200000,1200000,238,226,0,0,0.88639974594116211,0.11360030621290207,57,25.610494613647461,0,12,0.1528446227312088,0.1528446227312088,37.234359741210938,1,3,0.44849708676338196,managed-opening;introduced-beech;introduced-sessile-oak
f0.029999999329447746-w0-mFalse-s4,20292590,0.029999999329447746,1:1:1,False,50,True,False,-1,1200000,1200000,106,100,0,0,0.83187687397003174,0.16812331974506378,64,38.615871429443359,0,6,0.19659684598445892,0.19659684598445892,102.86647796630859,2,11,7.70788049697876,managed-opening;introduced-beech;introduced-sessile-oak
f0.029999999329447746-w0-mFalse-s4,20292590,0.029999999329447746,1:1:1,False,100,True,False,100,1200000,1200000,42,35,0,0,0.78804367780685425,0.21195633709430695,64,56.902137756347656,0,7,0.22754843533039093,0.22754843533039093,116.06179809570313,5,35,71.180450439453125,retained-canopy;managed-opening;introduced-beech;introduced-sessile-oak
f0.029999999329447746-w0-mFalse-s5,20300509,0.029999999329447746,1:1:1,False,25,True,False,-1,1200000,1200000,206,195,0,0,0.87426978349685669,0.1257302463054657,59,21.736152648925781,0,11,0.16475687921047211,0.16475687921047211,54.423122406005859,2,59,31.655410766601563,managed-opening;introduced-beech;introduced-sessile-oak
f0.029999999329447746-w0-mFalse-s5,20300509,0.029999999329447746,1:1:1,False,50,True,False,-1,1200000,1200000,109,102,0,0,0.83191967010498047,0.16808038949966431,63,40.209140777587891,0,7,0.19788099825382233,0.19788099825382233,95.084136962890625,2,59,31.655410766601563,managed-opening;introduced-beech;introduced-sessile-oak
f0.029999999329447746-w0-mFalse-s5,20300509,0.029999999329447746,1:1:1,False,100,True,False,100,1200000,1200000,44,35,0,0,0.805565357208252,0.19443458318710327,64,53.878013610839844,0,9,0.21465581655502319,0.21465581655502319,118.38780212402344,2,59,31.655410766601563,retained-canopy;managed-opening;introduced-beech;introduced-sessile-oak
f0.029999999329447746-w0-mFalse-s6,20308428,0.029999999329447746,1:1:1,False,25,True,False,-1,1200000,1200000,228,218,0,0,0.88011962175369263,0.11988036334514618,57,25.340499877929688,0,10,0.16115577518939972,0.16115577518939972,36.4510612487793,1,38,10.320274353027344,managed-opening;introduced-beech;introduced-sessile-oak
f0.029999999329447746-w0-mFalse-s6,20308428,0.029999999329447746,1:1:1,False,50,True,False,-1,1200000,1200000,86,70,0,0,0.76121342182159424,0.23878656327724457,64,49.128833770751953,0,16,0.21579679846763611,0.21579679846763611,153.20877075195313,4,83,94.424301147460938,managed-opening;introduced-beech;introduced-sessile-oak
f0.029999999329447746-w0-mFalse-s6,20308428,0.029999999329447746,1:1:1,False,100,True,False,100,1200000,1200000,46,36,0,0,0.814062774181366,0.18593728542327881,64,47.682548522949219,0,10,0.216186061501503,0.216186061501503,106.96443939208984,6,90,123.30677032470703,retained-canopy;managed-opening;introduced-beech;introduced-sessile-oak
f0.029999999329447746-w0-mFalse-s7,20316347,0.029999999329447746,1:1:1,False,25,True,False,-1,1200000,1200000,234,225,0,0,0.885840654373169,0.11415940523147583,57,22.749580383300781,0,9,0.15859280526638031,0.15859280526638031,37.659156799316406,0,0,0,managed-opening;introduced-beech;introduced-sessile-oak
f0.029999999329447746-w0-mFalse-s7,20316347,0.029999999329447746,1:1:1,False,50,True,False,-1,1200000,1200000,108,100,0,0,0.81819009780883789,0.18180996179580688,64,40.939643859863281,0,8,0.20615676045417786,0.20615676045417786,96.345329284667969,1,6,3.7964482307434082,managed-opening;introduced-beech;introduced-sessile-oak
f0.029999999329447746-w0-mFalse-s7,20316347,0.029999999329447746,1:1:1,False,100,True,False,100,1200000,1200000,41,34,0,0,0.78207647800445557,0.21792364120483398,64,56.090843200683594,0,7,0.2313876748085022,0.2313876748085022,120.47491455078125,2,12,18.468902587890625,retained-canopy;managed-opening;introduced-beech;introduced-sessile-oak
f0.029999999329447746-w0-mTrue-s0,20260914,0.029999999329447746,1:1:1,True,25,True,True,25,605460,605460,212,184,14,2,0.87404865026474,0.12595130503177643,54,40.725456237792969,0,28,0.17099326848983765,0.17099326848983765,5.14752197265625,1,26,4.0774435997009277,
f0.029999999329447746-w0-mTrue-s0,20260914,0.029999999329447746,1:1:1,True,50,True,True,25,605460,605460,102,90,13,2,0.8396073579788208,0.16039271652698517,64,40.325958251953125,0,12,0.19401209056377411,0.19401209056377411,68.857841491699219,1,26,4.0774435997009277,introduced-beech;introduced-sessile-oak
f0.029999999329447746-w0-mTrue-s0,20260914,0.029999999329447746,1:1:1,True,100,True,True,25,605460,605460,38,33,10,2,0.80221587419509888,0.1977841854095459,64,60.871646881103516,0,5,0.22174593806266785,0.22174593806266785,97.126258850097656,1,26,4.0774435997009277,retained-canopy;introduced-beech;introduced-sessile-oak
f0.029999999329447746-w0-mTrue-s1,20268833,0.029999999329447746,1:1:1,True,25,True,True,25,613990,613990,219,199,16,0,0.88056725263595581,0.11943277716636658,51,34.124984741210938,0,20,0.1653766930103302,0.1653766930103302,6.2549266815185547,0,0,0,
f0.029999999329447746-w0-mTrue-s1,20268833,0.029999999329447746,1:1:1,True,50,True,True,25,613990,613990,113,101,10,4,0.83790343999862671,0.1620965451002121,62,42.042690277099609,0,12,0.19242069125175476,0.19242069125175476,62.793678283691406,2,15,17.065755844116211,introduced-beech;introduced-sessile-oak
f0.029999999329447746-w0-mTrue-s1,20268833,0.029999999329447746,1:1:1,True,100,True,True,25,613990,613990,73,34,4,6,0.82694721221923828,0.17305275797843933,64,49.474246978759766,0,39,0.20387141406536102,0.20387141406536102,95.898086547851563,4,23,54.741790771484375,introduced-beech;introduced-sessile-oak
f0.029999999329447746-w0-mTrue-s2,20276752,0.029999999329447746,1:1:1,True,25,True,True,25,613975,613975,216,191,13,3,0.85313659906387329,0.14686326682567596,53,33.703483581542969,0,25,0.17291206121444702,0.17291206121444702,13.026822090148926,1,16,11.072109222412109,
f0.029999999329447746-w0-mTrue-s2,20276752,0.029999999329447746,1:1:1,True,50,True,True,25,613975,613975,113,101,13,3,0.847343385219574,0.1526564359664917,63,37.228420257568359,0,12,0.18914899230003357,0.18914899230003357,66.17535400390625,1,16,11.072109222412109,introduced-beech;introduced-sessile-oak
f0.029999999329447746-w0-mTrue-s2,20276752,0.029999999329447746,1:1:1,True,100,True,True,25,613975,613975,44,34,9,3,0.80885851383209229,0.19114145636558533,64,61.88519287109375,0,10,0.21933466196060181,0.21933466196060181,102.24650573730469,2,21,23.078323364257813,retained-canopy;introduced-beech;introduced-sessile-oak
f0.029999999329447746-w0-mTrue-s3,20284671,0.029999999329447746,1:1:1,True,25,True,True,25,613967,613967,222,201,16,0,0.88362061977386475,0.11637937277555466,53,30.658496856689453,0,21,0.16006749868392944,0.16006749868392944,6.2093124389648438,0,0,0,
f0.029999999329447746-w0-mTrue-s3,20284671,0.029999999329447746,1:1:1,True,50,True,True,25,613967,613967,125,104,8,7,0.839853048324585,0.16014695167541504,62,38.96221923828125,0,21,0.19247092306613922,0.19247092306613922,63.258659362792969,3,53,48.724395751953125,introduced-beech
f0.029999999329447746-w0-mTrue-s3,20284671,0.029999999329447746,1:1:1,True,100,True,True,25,613967,613967,41,35,4,11,0.807165801525116,0.19283431768417358,64,54.167438507080078,0,6,0.21513582766056061,0.21513582766056061,102.60932922363281,6,71,104.29025268554688,retained-canopy;introduced-beech
f0.029999999329447746-w0-mTrue-s4,20292590,0.029999999329447746,1:1:1,True,25,True,True,25,614423,614423,226,202,16,0,0.89871597290039063,0.10128401219844818,55,32.304328918457031,0,24,0.1542966365814209,0.1542966365814209,3.2638688087463379,1,4,0.58118414878845215,
f0.029999999329447746-w0-mTrue-s4,20292590,0.029999999329447746,1:1:1,True,50,True,True,25,614423,614423,108,98,12,1,0.83496737480163574,0.16503256559371948,64,42.097824096679688,0,10,0.194221630692482,0.194221630692482,71.6056900024414,2,8,3.7267146110534668,introduced-beech;introduced-sessile-oak
f0.029999999329447746-w0-mTrue-s4,20292590,0.029999999329447746,1:1:1,True,100,True,True,25,614423,614423,37,34,4,5,0.80405056476593018,0.19594931602478027,64,53.814739227294922,0,3,0.21556513011455536,0.21556513011455536,106.05938720703125,5,31,58.795494079589844,retained-canopy;introduced-beech;introduced-sessile-oak
f0.029999999329447746-w0-mTrue-s5,20300509,0.029999999329447746,1:1:1,True,25,True,True,25,611970,611970,179,152,8,8,0.80618786811828613,0.19381234049797058,59,39.510028839111328,0,27,0.20327281951904297,0.20327281951904297,31.38336181640625,2,60,33.229404449462891,
f0.029999999329447746-w0-mTrue-s5,20300509,0.029999999329447746,1:1:1,True,50,True,True,25,611970,611970,120,108,8,8,0.8318597674369812,0.16814012825489044,60,41.290603637695313,0,12,0.19895809888839722,0.19895809888839722,53.108928680419922,2,60,33.229404449462891,introduced-beech;introduced-sessile-oak
f0.029999999329447746-w0-mTrue-s5,20300509,0.029999999329447746,1:1:1,True,100,True,True,25,611970,611970,40,33,6,8,0.78598242998123169,0.21401752531528473,64,55.191928863525391,0,7,0.22747072577476501,0.22747072577476501,103.45376586914063,2,60,33.229404449462891,retained-canopy;introduced-beech;introduced-sessile-oak
f0.029999999329447746-w0-mTrue-s6,20308428,0.029999999329447746,1:1:1,True,25,True,True,25,597674,597674,214,182,13,3,0.87043464183807373,0.12956531345844269,56,40.346237182617188,0,32,0.1760244220495224,0.1760244220495224,7.9517393112182617,1,34,9.0480756759643555,
f0.029999999329447746-w0-mTrue-s6,20308428,0.029999999329447746,1:1:1,True,50,True,True,25,597674,597674,94,76,8,8,0.76537531614303589,0.23462456464767456,64,47.028472900390625,0,18,0.20773464441299438,0.20773464441299438,105.9254150390625,4,69,73.5230712890625,introduced-beech;introduced-sessile-oak
f0.029999999329447746-w0-mTrue-s6,20308428,0.029999999329447746,1:1:1,True,100,True,True,25,597674,597674,45,34,3,12,0.81527626514434814,0.18472364544868469,64,47.953170776367188,0,11,0.21099373698234558,0.21099373698234558,95.510086059570313,6,77,109.24523162841797,retained-canopy;introduced-beech;introduced-sessile-oak
f0.029999999329447746-w0-mTrue-s7,20316347,0.029999999329447746,1:1:1,True,25,True,True,25,613978,613978,222,200,16,0,0.88506293296813965,0.11493716388940811,54,32.498966217041016,0,22,0.16206738352775574,0.16206738352775574,5.9139447212219238,0,0,0,
f0.029999999329447746-w0-mTrue-s7,20316347,0.029999999329447746,1:1:1,True,50,True,True,25,613978,613978,102,97,14,0,0.8402019739151001,0.15979824960231781,62,35.196502685546875,0,5,0.18240135908126831,0.18240135908126831,71.418670654296875,1,9,5.7142877578735352,introduced-beech;introduced-sessile-oak
f0.029999999329447746-w0-mTrue-s7,20316347,0.029999999329447746,1:1:1,True,100,True,True,25,613978,613978,41,34,9,2,0.79191863536834717,0.20808140933513641,64,60.258888244628906,0,7,0.2278306633234024,0.2278306633234024,100.90485382080078,2,14,20.222381591796875,retained-canopy;introduced-beech;introduced-sessile-oak
f0.029999999329447746-w1-mFalse-s0,20260914,0.029999999329447746,4:2:1,False,25,True,False,-1,1200000,1200000,232,223,0,0,0.88821506500244141,0.11178494989871979,56,23.575515747070313,0,9,0.154820054769516,0.154820054769516,34.231239318847656,1,22,3.585951566696167,managed-opening;introduced-beech;introduced-sessile-oak
f0.029999999329447746-w1-mFalse-s0,20260914,0.029999999329447746,4:2:1,False,50,True,False,-1,1200000,1200000,108,100,0,0,0.83136922121047974,0.16863071918487549,62,37.346099853515625,0,8,0.19942225515842438,0.19942225515842438,98.878692626953125,1,22,3.585951566696167,managed-opening;introduced-beech;introduced-sessile-oak
f0.029999999329447746-w1-mFalse-s0,20260914,0.029999999329447746,4:2:1,False,100,True,False,100,1200000,1200000,39,34,0,0,0.80934786796569824,0.19065220654010773,64,58.548660278320313,0,5,0.21366147696971893,0.21366147696971893,116.41881561279297,1,22,3.585951566696167,retained-canopy;managed-opening;introduced-beech;introduced-sessile-oak
f0.029999999329447746-w1-mFalse-s1,20268833,0.029999999329447746,4:2:1,False,25,True,False,-1,1200000,1200000,228,221,0,0,0.88142997026443481,0.11857019364833832,58,23.602304458618164,0,7,0.15922097861766815,0.15922097861766815,39.261009216308594,0,0,0,managed-opening;introduced-beech;introduced-sessile-oak
f0.029999999329447746-w1-mFalse-s1,20268833,0.029999999329447746,4:2:1,False,50,True,False,-1,1200000,1200000,117,104,0,0,0.83971971273422241,0.16028033196926117,63,36.261070251464844,0,13,0.19245973229408264,0.19245973229408264,90.942192077636719,2,14,16.402755737304688,managed-opening;introduced-beech;introduced-sessile-oak
f0.029999999329447746-w1-mFalse-s1,20268833,0.029999999329447746,4:2:1,False,100,True,False,100,1200000,1200000,41,35,0,0,0.81158322095870972,0.18841677904129028,64,55.916107177734375,0,6,0.21539852023124695,0.21539852023124695,118.88453674316406,4,17,30.097702026367188,retained-canopy;managed-opening;introduced-beech;introduced-sessile-oak
f0.029999999329447746-w1-mFalse-s2,20276752,0.029999999329447746,4:2:1,False,25,True,False,-1,1200000,1200000,232,224,0,0,0.89760792255401611,0.10239233821630478,59,21.520902633666992,0,8,0.14513497054576874,0.14513497054576874,38.888816833496094,1,3,2.169090747833252,managed-opening;introduced-beech;introduced-sessile-oak
f0.029999999329447746-w1-mFalse-s2,20276752,0.029999999329447746,4:2:1,False,50,True,False,-1,1200000,1200000,109,99,0,0,0.8418084979057312,0.15819157660007477,64,38.657913208007813,0,10,0.19377037882804871,0.19377037882804871,98.274261474609375,1,3,2.169090747833252,managed-opening;introduced-beech;introduced-sessile-oak
f0.029999999329447746-w1-mFalse-s2,20276752,0.029999999329447746,4:2:1,False,100,True,False,100,1200000,1200000,38,34,0,0,0.79772168397903442,0.20227815210819244,64,59.962429046630859,0,4,0.21977026760578156,0.21977026760578156,123.15235137939453,2,6,9.9212322235107422,retained-canopy;managed-opening;introduced-beech;introduced-sessile-oak
f0.029999999329447746-w1-mFalse-s3,20284671,0.029999999329447746,4:2:1,False,25,True,False,-1,1200000,1200000,226,218,0,0,0.86717736721038818,0.1328226625919342,57,23.226848602294922,0,8,0.16520734131336212,0.16520734131336212,43.902202606201172,0,0,0,managed-opening;introduced-beech;introduced-sessile-oak
f0.029999999329447746-w1-mFalse-s3,20284671,0.029999999329447746,4:2:1,False,50,True,False,-1,1200000,1200000,112,99,0,0,0.84330064058303833,0.15669949352741241,64,39.816623687744141,0,13,0.19378340244293213,0.19378340244293213,92.987457275390625,3,45,41.974327087402344,managed-opening;introduced-beech;introduced-sessile-oak
f0.029999999329447746-w1-mFalse-s3,20284671,0.029999999329447746,4:2:1,False,100,True,False,100,1200000,1200000,49,35,0,0,0.8132474422454834,0.186752587556839,64,52.89697265625,0,14,0.21555328369140625,0.21555328369140625,109.03802490234375,6,59,78.8399887084961,retained-canopy;managed-opening;introduced-beech;introduced-sessile-oak
f0.029999999329447746-w1-mFalse-s4,20292590,0.029999999329447746,4:2:1,False,25,True,False,-1,1200000,1200000,238,226,0,0,0.88639974594116211,0.11360030621290207,57,25.610494613647461,0,12,0.1528446227312088,0.1528446227312088,37.234359741210938,1,3,0.44849708676338196,managed-opening;introduced-beech;introduced-sessile-oak
f0.029999999329447746-w1-mFalse-s4,20292590,0.029999999329447746,4:2:1,False,50,True,False,-1,1200000,1200000,106,100,0,0,0.83187687397003174,0.16812331974506378,64,38.615871429443359,0,6,0.19659684598445892,0.19659684598445892,102.86647796630859,2,11,7.70788049697876,managed-opening;introduced-beech;introduced-sessile-oak
f0.029999999329447746-w1-mFalse-s4,20292590,0.029999999329447746,4:2:1,False,100,True,False,100,1200000,1200000,40,35,0,0,0.78842872381210327,0.21157115697860718,64,58.3502082824707,0,5,0.22571980953216553,0.22571980953216553,122.66522216796875,5,21,34.599277496337891,retained-canopy;managed-opening;introduced-beech;introduced-sessile-oak
f0.029999999329447746-w1-mFalse-s5,20300509,0.029999999329447746,4:2:1,False,25,True,False,-1,1200000,1200000,206,195,0,0,0.87426978349685669,0.1257302463054657,59,21.736152648925781,0,11,0.16475687921047211,0.16475687921047211,54.423122406005859,2,59,31.655410766601563,managed-opening;introduced-beech;introduced-sessile-oak
f0.029999999329447746-w1-mFalse-s5,20300509,0.029999999329447746,4:2:1,False,50,True,False,-1,1200000,1200000,109,102,0,0,0.83191967010498047,0.16808038949966431,63,40.209140777587891,0,7,0.19788099825382233,0.19788099825382233,95.084136962890625,2,59,31.655410766601563,managed-opening;introduced-beech;introduced-sessile-oak
f0.029999999329447746-w1-mFalse-s5,20300509,0.029999999329447746,4:2:1,False,100,True,False,100,1200000,1200000,44,35,0,0,0.805565357208252,0.19443458318710327,64,53.878013610839844,0,9,0.21465581655502319,0.21465581655502319,118.38780212402344,2,59,31.655410766601563,retained-canopy;managed-opening;introduced-beech;introduced-sessile-oak
f0.029999999329447746-w1-mFalse-s6,20308428,0.029999999329447746,4:2:1,False,25,True,False,-1,1200000,1200000,229,219,0,0,0.88225126266479492,0.1177486926317215,58,24.248317718505859,0,10,0.15933686494827271,0.15933686494827271,39.267524719238281,1,10,2.8303511142730713,managed-opening;introduced-beech;introduced-sessile-oak
f0.029999999329447746-w1-mFalse-s6,20308428,0.029999999329447746,4:2:1,False,50,True,False,-1,1200000,1200000,102,91,0,0,0.81591564416885376,0.18408435583114624,63,44.985065460205078,0,11,0.20029853284358978,0.20029853284358978,114.71414947509766,4,28,35.202075958251953,managed-opening;introduced-beech;introduced-sessile-oak
f0.029999999329447746-w1-mFalse-s6,20308428,0.029999999329447746,4:2:1,False,100,True,False,100,1200000,1200000,42,35,0,0,0.7960245013237,0.20397546887397766,64,53.506637573242188,0,7,0.21996767818927765,0.21996767818927765,118.06903839111328,6,30,43.34039306640625,retained-canopy;managed-opening;introduced-beech;introduced-sessile-oak
f0.029999999329447746-w1-mFalse-s7,20316347,0.029999999329447746,4:2:1,False,25,True,False,-1,1200000,1200000,234,225,0,0,0.885840654373169,0.11415940523147583,57,22.749580383300781,0,9,0.15859280526638031,0.15859280526638031,37.659156799316406,0,0,0,managed-opening;introduced-beech;introduced-sessile-oak
f0.029999999329447746-w1-mFalse-s7,20316347,0.029999999329447746,4:2:1,False,50,True,False,-1,1200000,1200000,108,100,0,0,0.81819009780883789,0.18180996179580688,64,40.939643859863281,0,8,0.20615676045417786,0.20615676045417786,96.345329284667969,1,6,3.7964482307434082,managed-opening;introduced-beech;introduced-sessile-oak
f0.029999999329447746-w1-mFalse-s7,20316347,0.029999999329447746,4:2:1,False,100,True,False,100,1200000,1200000,41,34,0,0,0.78207647800445557,0.21792364120483398,64,56.090843200683594,0,7,0.2313876748085022,0.2313876748085022,120.47491455078125,2,12,18.468902587890625,retained-canopy;managed-opening;introduced-beech;introduced-sessile-oak
f0.029999999329447746-w1-mTrue-s0,20260914,0.029999999329447746,4:2:1,True,25,True,True,25,605460,605460,212,184,14,2,0.87404865026474,0.12595130503177643,54,40.725456237792969,0,28,0.17099326848983765,0.17099326848983765,5.14752197265625,1,26,4.0774435997009277,
f0.029999999329447746-w1-mTrue-s0,20260914,0.029999999329447746,4:2:1,True,50,True,True,25,605460,605460,102,90,13,2,0.8396073579788208,0.16039271652698517,64,40.325958251953125,0,12,0.19401209056377411,0.19401209056377411,68.857841491699219,1,26,4.0774435997009277,introduced-beech;introduced-sessile-oak
f0.029999999329447746-w1-mTrue-s0,20260914,0.029999999329447746,4:2:1,True,100,True,True,25,605460,605460,38,33,10,2,0.80221587419509888,0.1977841854095459,64,60.871646881103516,0,5,0.22174593806266785,0.22174593806266785,97.126258850097656,1,26,4.0774435997009277,retained-canopy;introduced-beech;introduced-sessile-oak
f0.029999999329447746-w1-mTrue-s1,20268833,0.029999999329447746,4:2:1,True,25,True,True,25,613990,613990,219,199,16,0,0.88056725263595581,0.11943277716636658,51,34.124984741210938,0,20,0.1653766930103302,0.1653766930103302,6.2549266815185547,0,0,0,
f0.029999999329447746-w1-mTrue-s1,20268833,0.029999999329447746,4:2:1,True,50,True,True,25,613990,613990,114,99,11,3,0.84391897916793823,0.15608082711696625,63,39.997165679931641,0,15,0.18784138560295105,0.18784138560295105,64.54559326171875,2,7,10.305459022521973,introduced-beech;introduced-sessile-oak
f0.029999999329447746-w1-mTrue-s1,20268833,0.029999999329447746,4:2:1,True,100,True,True,25,613990,613990,41,34,6,5,0.78361749649047852,0.21638251841068268,64,54.308559417724609,0,7,0.22828127443790436,0.22828127443790436,106.07333374023438,4,10,25.139904022216797,retained-canopy;introduced-beech;introduced-sessile-oak
f0.029999999329447746-w1-mTrue-s2,20276752,0.029999999329447746,4:2:1,True,25,True,True,25,613975,613975,226,201,15,1,0.88296830654144287,0.11703162640333176,52,32.185127258300781,0,25,0.16134248673915863,0.16134248673915863,5.7559123039245605,1,3,2.2751321792602539,
f0.029999999329447746-w1-mTrue-s2,20276752,0.029999999329447746,4:2:1,True,50,True,True,25,613975,613975,107,99,14,1,0.84485232830047607,0.1551474928855896,62,39.634590148925781,0,8,0.19426426291465759,0.19426426291465759,66.636093139648438,1,3,2.2751321792602539,introduced-beech;introduced-sessile-oak
f0.029999999329447746-w1-mTrue-s2,20276752,0.029999999329447746,4:2:1,True,100,True,True,25,613975,613975,37,33,9,2,0.7875940203666687,0.2124059647321701,64,65.920097351074219,0,4,0.22494706511497498,0.22494706511497498,106.95558929443359,2,8,16.038185119628906,retained-canopy;introduced-beech;introduced-sessile-oak
f0.029999999329447746-w1-mTrue-s3,20284671,0.029999999329447746,4:2:1,True,25,True,True,25,613967,613967,222,201,16,0,0.88362061977386475,0.11637937277555466,53,30.658496856689453,0,21,0.16006749868392944,0.16006749868392944,6.2093124389648438,0,0,0,
f0.029999999329447746-w1-mTrue-s3,20284671,0.029999999329447746,4:2:1,True,50,True,True,25,613967,613967,120,103,8,7,0.83376365900039673,0.16623634099960327,61,39.33209228515625,0,17,0.19323456287384033,0.19323456287384033,65.404457092285156,3,49,45.297309875488281,introduced-beech
f0.029999999329447746-w1-mTrue-s3,20284671,0.029999999329447746,4:2:1,True,100,True,True,25,613967,613967,45,34,5,9,0.797264814376831,0.20273518562316895,64,54.201168060302734,0,11,0.22095152735710144,0.22095152735710144,103.45106506347656,6,61,71.549713134765625,retained-canopy;introduced-beech
f0.029999999329447746-w1-mTrue-s4,20292590,0.029999999329447746,4:2:1,True,25,True,True,25,614423,614423,226,202,16,0,0.89871597290039063,0.10128401219844818,55,32.304328918457031,0,24,0.1542966365814209,0.1542966365814209,3.2638688087463379,1,4,0.58118414878845215,
f0.029999999329447746-w1-mTrue-s4,20292590,0.029999999329447746,4:2:1,True,50,True,True,25,614423,614423,108,98,12,1,0.83496737480163574,0.16503256559371948,64,42.097824096679688,0,10,0.194221630692482,0.194221630692482,71.6056900024414,2,8,3.7267146110534668,introduced-beech;introduced-sessile-oak
f0.029999999329447746-w1-mTrue-s4,20292590,0.029999999329447746,4:2:1,True,100,True,True,25,614423,614423,39,34,5,5,0.79085814952850342,0.20914196968078613,64,51.501300811767578,0,5,0.221055805683136,0.221055805683136,108.59308624267578,5,19,33.866977691650391,retained-canopy;introduced-beech;introduced-sessile-oak
f0.029999999329447746-w1-mTrue-s5,20300509,0.029999999329447746,4:2:1,True,25,True,True,25,611970,611970,179,152,8,8,0.80618786811828613,0.19381234049797058,59,39.510028839111328,0,27,0.20327281951904297,0.20327281951904297,31.38336181640625,2,60,33.229404449462891,
f0.029999999329447746-w1-mTrue-s5,20300509,0.029999999329447746,4:2:1,True,50,True,True,25,611970,611970,120,108,8,8,0.8318597674369812,0.16814012825489044,60,41.290603637695313,0,12,0.19895809888839722,0.19895809888839722,53.108928680419922,2,60,33.229404449462891,introduced-beech;introduced-sessile-oak
f0.029999999329447746-w1-mTrue-s5,20300509,0.029999999329447746,4:2:1,True,100,True,True,25,611970,611970,40,33,6,8,0.78598242998123169,0.21401752531528473,64,55.191928863525391,0,7,0.22747072577476501,0.22747072577476501,103.45376586914063,2,60,33.229404449462891,retained-canopy;introduced-beech;introduced-sessile-oak
f0.029999999329447746-w1-mTrue-s6,20308428,0.029999999329447746,4:2:1,True,25,True,True,25,608394,608394,223,197,15,1,0.89040672779083252,0.10959331691265106,52,35.403114318847656,0,26,0.15994971990585327,0.15994971990585327,5.2370729446411133,1,12,3.0894186496734619,
f0.029999999329447746-w1-mTrue-s6,20308428,0.029999999329447746,4:2:1,True,50,True,True,25,608394,608394,102,91,11,4,0.80609720945358276,0.19390267133712769,64,41.895870208740234,0,11,0.19648051261901855,0.19648051261901855,86.454521179199219,4,28,34.570117950439453,introduced-beech;introduced-sessile-oak
f0.029999999329447746-w1-mTrue-s6,20308428,0.029999999329447746,4:2:1,True,100,True,True,25,608394,608394,43,34,5,6,0.81020122766494751,0.1897987574338913,64,47.944732666015625,0,9,0.20941098034381866,0.20941098034381866,104.10385894775391,6,31,48.4429931640625,retained-canopy;introduced-beech;introduced-sessile-oak
f0.029999999329447746-w1-mTrue-s7,20316347,0.029999999329447746,4:2:1,True,25,True,True,25,613978,613978,222,200,16,0,0.88506293296813965,0.11493716388940811,54,32.498966217041016,0,22,0.16206738352775574,0.16206738352775574,5.9139447212219238,0,0,0,
f0.029999999329447746-w1-mTrue-s7,20316347,0.029999999329447746,4:2:1,True,50,True,True,25,613978,613978,102,97,14,0,0.8402019739151001,0.15979824960231781,62,35.196502685546875,0,5,0.18240135908126831,0.18240135908126831,71.418670654296875,1,9,5.7142877578735352,introduced-beech;introduced-sessile-oak
f0.029999999329447746-w1-mTrue-s7,20316347,0.029999999329447746,4:2:1,True,100,True,True,25,613978,613978,41,34,9,2,0.79191863536834717,0.20808140933513641,64,60.258888244628906,0,7,0.2278306633234024,0.2278306633234024,100.90485382080078,2,14,20.222381591796875,retained-canopy;introduced-beech;introduced-sessile-oak
f0.05000000074505806-w0-mFalse-s0,20260914,0.05000000074505806,1:1:1,False,25,True,False,-1,1200000,1200000,232,223,0,0,0.88821506500244141,0.11178494989871979,56,23.575515747070313,0,9,0.154820054769516,0.154820054769516,34.231239318847656,1,22,3.585951566696167,managed-opening;introduced-beech;introduced-sessile-oak
f0.05000000074505806-w0-mFalse-s0,20260914,0.05000000074505806,1:1:1,False,50,True,False,-1,1200000,1200000,104,99,0,0,0.83213913440704346,0.16786095499992371,64,39.562431335449219,0,5,0.19745099544525146,0.19745099544525146,99.902641296386719,2,40,26.094053268432617,managed-opening;introduced-beech;introduced-sessile-oak
f0.05000000074505806-w0-mFalse-s0,20260914,0.05000000074505806,1:1:1,False,100,True,False,100,1200000,1200000,38,28,0,0,0.7306867241859436,0.26931330561637878,64,59.556804656982422,0,10,0.23900085687637329,0.23900085687637329,158.29612731933594,3,47,67.308303833007813,retained-canopy;managed-opening;introduced-beech;introduced-sessile-oak
f0.05000000074505806-w0-mFalse-s1,20268833,0.05000000074505806,1:1:1,False,25,True,False,-1,1200000,1200000,228,220,0,0,0.88154160976409912,0.11845822632312775,54,24.372314453125,0,8,0.16073636710643768,0.16073636710643768,35.358917236328125,1,29,6.0046577453613281,managed-opening;introduced-beech;introduced-sessile-oak
f0.05000000074505806-w0-mFalse-s1,20268833,0.05000000074505806,1:1:1,False,50,True,False,-1,1200000,1200000,110,102,0,0,0.83819001913070679,0.16180998086929321,63,41.859184265136719,0,8,0.19398920238018036,0.19398920238018036,88.32550048828125,3,52,30.157127380371094,managed-opening;introduced-beech;introduced-sessile-oak
f0.05000000074505806-w0-mFalse-s1,20268833,0.05000000074505806,1:1:1,False,100,True,False,100,1200000,1200000,48,35,0,0,0.77821791172027588,0.22178202867507935,64,56.35595703125,0,13,0.22532747685909271,0.22532747685909271,108.65024566650391,7,63,74.722412109375,retained-canopy;managed-opening;introduced-beech;introduced-sessile-oak
f0.05000000074505806-w0-mFalse-s2,20276752,0.05000000074505806,1:1:1,False,25,True,False,-1,1200000,1200000,223,213,0,0,0.8908265233039856,0.10917359590530396,60,21.849021911621094,0,10,0.1483997106552124,0.1483997106552124,45.072715759277344,1,18,11.074216842651367,managed-opening;introduced-beech;introduced-sessile-oak
f0.05000000074505806-w0-mFalse-s2,20276752,0.05000000074505806,1:1:1,False,50,True,False,-1,1200000,1200000,108,98,0,0,0.8274269700050354,0.17257311940193176,64,33.905723571777344,0,10,0.19744324684143066,0.19744324684143066,97.527114868164063,2,21,17.6750431060791,managed-opening;introduced-beech;introduced-sessile-oak
f0.05000000074505806-w0-mFalse-s2,20276752,0.05000000074505806,1:1:1,False,100,True,False,100,1200000,1200000,42,34,0,0,0.79014378786087036,0.20985624194145203,64,57.1859245300293,0,8,0.22613999247550964,0.22613999247550964,120.86488342285156,5,26,30.163841247558594,retained-canopy;managed-opening;introduced-beech;introduced-sessile-oak
f0.05000000074505806-w0-mFalse-s3,20284671,0.05000000074505806,1:1:1,False,25,True,False,-1,1200000,1200000,228,217,0,0,0.88378357887268066,0.11621636152267456,59,22.510520935058594,0,11,0.15588583052158356,0.15588583052158356,44.065647125244141,1,9,5.003291130065918,managed-opening;introduced-beech;introduced-sessile-oak
f0.05000000074505806-w0-mFalse-s3,20284671,0.05000000074505806,1:1:1,False,50,True,False,-1,1200000,1200000,110,96,0,0,0.86443865299224854,0.13556133210659027,63,35.433498382568359,0,14,0.18093012273311615,0.18093012273311615,91.651107788085938,5,64,59.849330902099609,managed-opening;introduced-beech;introduced-sessile-oak
f0.05000000074505806-w0-mFalse-s3,20284671,0.05000000074505806,1:1:1,False,100,True,False,100,1200000,1200000,42,35,0,0,0.79999458789825439,0.200005441904068,64,58.159072875976563,0,7,0.22268706560134888,0.22268706560134888,108.32712554931641,9,86,124.24761962890625,retained-canopy;managed-opening;introduced-beech;introduced-sessile-oak
f0.05000000074505806-w0-mFalse-s4,20292590,0.05000000074505806,1:1:1,False,25,True,False,-1,1200000,1200000,234,221,0,0,0.885796070098877,0.11420400440692902,54,24.306362152099609,0,13,0.15427280962467194,0.15427280962467194,34.689937591552734,3,53,17.424711227416992,managed-opening;introduced-beech;introduced-sessile-oak
f0.05000000074505806-w0-mFalse-s4,20292590,0.05000000074505806,1:1:1,False,50,True,False,-1,1200000,1200000,111,102,0,0,0.82524746656417847,0.17475256323814392,64,33.573280334472656,0,9,0.20057155191898346,0.20057155191898346,96.316635131835938,4,59,23.022542953491211,managed-opening;introduced-beech;introduced-sessile-oak
f0.05000000074505806-w0-mFalse-s4,20292590,0.05000000074505806,1:1:1,False,100,True,False,100,1200000,1200000,38,35,0,0,0.77522772550582886,0.22477221488952637,64,58.0953254699707,0,3,0.23344972729682922,0.23344972729682922,106.13726043701172,7,90,99.0290298461914,retained-canopy;managed-opening;introduced-beech;introduced-sessile-oak
f0.05000000074505806-w0-mFalse-s5,20300509,0.05000000074505806,1:1:1,False,25,True,False,-1,1200000,1200000,206,195,0,0,0.87426978349685669,0.1257302463054657,59,21.736152648925781,0,11,0.16475687921047211,0.16475687921047211,54.423122406005859,2,59,31.655410766601563,managed-opening;introduced-beech;introduced-sessile-oak
f0.05000000074505806-w0-mFalse-s5,20300509,0.05000000074505806,1:1:1,False,50,True,False,-1,1200000,1200000,117,103,0,0,0.842461884021759,0.15753820538520813,63,33.569881439208984,0,14,0.19043603539466858,0.19043603539466858,87.8382797241211,3,98,65.231246948242188,managed-opening;introduced-beech;introduced-sessile-oak
f0.05000000074505806-w0-mFalse-s5,20300509,0.05000000074505806,1:1:1,False,100,True,False,100,1200000,1200000,44,36,0,0,0.79306167364120483,0.20693852007389069,64,51.370403289794922,0,8,0.22884662449359894,0.22884662449359894,109.79103088378906,5,119,120.16822814941406,retained-canopy;managed-opening;introduced-beech;introduced-sessile-oak
f0.05000000074505806-w0-mFalse-s6,20308428,0.05000000074505806,1:1:1,False,25,True,False,-1,1200000,1200000,228,218,0,0,0.88011962175369263,0.11988036334514618,57,25.340499877929688,0,10,0.16115577518939972,0.16115577518939972,36.4510612487793,1,38,10.320274353027344,managed-opening;introduced-beech;introduced-sessile-oak
f0.05000000074505806-w0-mFalse-s6,20308428,0.05000000074505806,1:1:1,False,50,True,False,-1,1200000,1200000,86,70,0,0,0.76121342182159424,0.23878656327724457,64,49.128833770751953,0,16,0.21579679846763611,0.21579679846763611,153.20877075195313,4,83,94.424301147460938,managed-opening;introduced-beech;introduced-sessile-oak
f0.05000000074505806-w0-mFalse-s6,20308428,0.05000000074505806,1:1:1,False,100,True,False,100,1200000,1200000,49,36,0,0,0.81076139211654663,0.18923857808113098,64,49.521915435791016,0,13,0.21720308065414429,0.21720308065414429,104.82492828369141,8,92,128.6800537109375,retained-canopy;managed-opening;introduced-beech;introduced-sessile-oak
f0.05000000074505806-w0-mFalse-s7,20316347,0.05000000074505806,1:1:1,False,25,True,False,-1,1200000,1200000,232,223,0,0,0.88751745223999023,0.11248260736465454,57,22.188583374023438,0,9,0.15801224112510681,0.15801224112510681,38.598091125488281,1,6,3.4700238704681396,managed-opening;introduced-beech;introduced-sessile-oak
f0.05000000074505806-w0-mFalse-s7,20316347,0.05000000074505806,1:1:1,False,50,True,False,-1,1200000,1200000,113,99,0,0,0.83551865816116333,0.16448128223419189,63,41.530490875244141,0,14,0.20055855810642242,0.20055855810642242,95.7856674194336,3,39,45.529830932617188,managed-opening;introduced-beech;introduced-sessile-oak
f0.05000000074505806-w0-mFalse-s7,20316347,0.05000000074505806,1:1:1,False,100,True,False,100,1200000,1200000,40,35,0,0,0.7926175594329834,0.20738235116004944,64,51.291290283203125,0,5,0.22249871492385864,0.22249871492385864,116.81246185302734,4,42,51.686859130859375,retained-canopy;managed-opening;introduced-beech;introduced-sessile-oak
f0.05000000074505806-w0-mTrue-s0,20260914,0.05000000074505806,1:1:1,True,25,True,True,25,605460,605460,212,184,14,2,0.87404865026474,0.12595130503177643,54,40.725456237792969,0,28,0.17099326848983765,0.17099326848983765,5.14752197265625,1,26,4.0774435997009277,
f0.05000000074505806-w0-mTrue-s0,20260914,0.05000000074505806,1:1:1,True,50,True,True,25,605460,605460,106,93,11,4,0.84292745590209961,0.157072514295578,64,37.725128173828125,0,13,0.19058085978031158,0.19058085978031158,67.855064392089844,2,42,22.850406646728516,introduced-beech;introduced-sessile-oak
f0.05000000074505806-w0-mTrue-s0,20260914,0.05000000074505806,1:1:1,True,100,True,True,25,605460,605460,41,32,7,4,0.79903799295425415,0.20096190273761749,64,57.804115295410156,0,9,0.21400453150272369,0.21400453150272369,110.57260131835938,3,44,33.482315063476563,retained-canopy;introduced-beech;introduced-sessile-oak
f0.05000000074505806-w0-mTrue-s1,20268833,0.05000000074505806,1:1:1,True,25,True,True,25,599250,599250,216,187,13,3,0.87483149766922,0.12516848742961884,54,40.98211669921875,0,29,0.17156121134757996,0.17156121134757996,4.670445442199707,1,28,5.8555822372436523,
f0.05000000074505806-w0-mTrue-s1,20268833,0.05000000074505806,1:1:1,True,50,True,True,25,599250,599250,110,101,9,6,0.838891863822937,0.16110812127590179,63,42.286678314208984,0,9,0.18604286015033722,0.18604286015033722,58.574977874755859,3,42,21.109634399414063,introduced-beech;introduced-sessile-oak
f0.05000000074505806-w0-mTrue-s1,20268833,0.05000000074505806,1:1:1,True,100,True,True,25,599250,599250,40,35,4,8,0.786397397518158,0.21360261738300323,64,53.4454345703125,0,5,0.2305348664522171,0.2305348664522171,100.06222534179688,7,50,51.56646728515625,retained-canopy;introduced-beech;introduced-sessile-oak
f0.05000000074505806-w0-mTrue-s2,20276752,0.05000000074505806,1:1:1,True,25,True,True,25,613975,613975,216,191,13,3,0.85313659906387329,0.14686326682567596,53,33.703483581542969,0,25,0.17291206121444702,0.17291206121444702,13.026822090148926,1,16,11.072109222412109,
f0.05000000074505806-w0-mTrue-s2,20276752,0.05000000074505806,1:1:1,True,50,True,True,25,613975,613975,113,101,13,3,0.84824800491333008,0.15175193548202515,63,37.593471527099609,0,12,0.18953350186347961,0.18953350186347961,65.6365737915039,2,17,12.080035209655762,introduced-beech;introduced-sessile-oak
f0.05000000074505806-w0-mTrue-s2,20276752,0.05000000074505806,1:1:1,True,100,True,True,25,613975,613975,39,34,8,4,0.80022549629211426,0.19977433979511261,64,55.338424682617188,0,5,0.21994945406913757,0.21994945406913757,108.55372619628906,5,23,31.175151824951172,retained-canopy;introduced-beech;introduced-sessile-oak
f0.05000000074505806-w0-mTrue-s3,20284671,0.05000000074505806,1:1:1,True,25,True,True,25,613967,613967,218,195,15,1,0.87626844644546509,0.12373140454292297,54,30.463922500610352,0,23,0.16591812670230865,0.16591812670230865,8.0999879837036133,1,8,3.8620002269744873,
f0.05000000074505806-w0-mTrue-s3,20284671,0.05000000074505806,1:1:1,True,50,True,True,25,613967,613967,121,102,7,8,0.84449303150177,0.15550704300403595,62,36.973575592041016,0,19,0.189925879240036,0.189925879240036,58.999977111816406,5,65,55.610317230224609,introduced-beech
f0.05000000074505806-w0-mTrue-s3,20284671,0.05000000074505806,1:1:1,True,100,True,True,25,613967,613967,45,35,4,11,0.81522417068481445,0.18477566540241241,64,52.792446136474609,0,10,0.21299996972084045,0.21299996972084045,99.88958740234375,9,82,97.990753173828125,retained-canopy;introduced-beech
f0.05000000074505806-w0-mTrue-s4,20292590,0.05000000074505806,1:1:1,True,25,True,True,25,596426,596426,206,171,10,6,0.86303228139877319,0.13696768879890442,55,39.136302947998047,0,35,0.1789945513010025,0.1789945513010025,9.276331901550293,3,45,11.384403228759766,
f0.05000000074505806-w0-mTrue-s4,20292590,0.05000000074505806,1:1:1,True,50,True,True,25,596426,596426,109,96,7,6,0.81523913145065308,0.18476076424121857,62,39.932788848876953,0,13,0.20723676681518555,0.20723676681518555,65.4730224609375,4,48,13.08350944519043,introduced-beech
f0.05000000074505806-w0-mTrue-s4,20292590,0.05000000074505806,1:1:1,True,100,True,True,25,596426,596426,40,34,3,10,0.78812408447265625,0.21187593042850494,64,54.514640808105469,0,6,0.21995232999324799,0.21995232999324799,90.41949462890625,7,80,92.551216125488281,retained-canopy;introduced-beech;introduced-sessile-oak
f0.05000000074505806-w0-mTrue-s5,20300509,0.05000000074505806,1:1:1,True,25,True,True,25,611970,611970,179,152,8,8,0.80618786811828613,0.19381234049797058,59,39.510028839111328,0,27,0.20327281951904297,0.20327281951904297,31.38336181640625,2,60,33.229404449462891,
f0.05000000074505806-w0-mTrue-s5,20300509,0.05000000074505806,1:1:1,True,50,True,True,25,611970,611970,130,106,4,12,0.82594245672225952,0.17405755817890167,61,41.191986083984375,0,24,0.1969335526227951,0.1969335526227951,46.093109130859375,3,86,54.450252532958984,
f0.05000000074505806-w0-mTrue-s5,20300509,0.05000000074505806,1:1:1,True,100,True,True,25,611970,611970,42,33,2,13,0.778106689453125,0.22189314663410187,64,57.395301818847656,0,9,0.23044583201408386,0.23044583201408386,102.71968841552734,5,96,78.497634887695313,retained-canopy
f0.05000000074505806-w0-mTrue-s6,20308428,0.05000000074505806,1:1:1,True,25,True,True,25,597674,597674,214,182,13,3,0.87043464183807373,0.12956531345844269,56,40.346237182617188,0,32,0.1760244220495224,0.1760244220495224,7.9517393112182617,1,34,9.0480756759643555,
f0.05000000074505806-w0-mTrue-s6,20308428,0.05000000074505806,1:1:1,True,50,True,True,25,597674,597674,94,76,8,8,0.76537531614303589,0.23462456464767456,64,47.028472900390625,0,18,0.20773464441299438,0.20773464441299438,105.9254150390625,4,69,73.5230712890625,introduced-beech;introduced-sessile-oak
f0.05000000074505806-w0-mTrue-s6,20308428,0.05000000074505806,1:1:1,True,100,True,True,25,597674,597674,47,34,2,13,0.81118816137313843,0.18881186842918396,64,46.489242553710938,0,13,0.21646179258823395,0.21646179258823395,95.838493347167969,8,79,116.85057067871094,retained-canopy;introduced-beech;introduced-sessile-oak
f0.05000000074505806-w0-mTrue-s7,20316347,0.05000000074505806,1:1:1,True,25,True,True,25,613978,613978,221,197,14,2,0.86805462837219238,0.13194537162780762,53,33.365421295166016,0,24,0.17424197494983673,0.17424197494983673,7.8655567169189453,1,6,4.0534944534301758,
f0.05000000074505806-w0-mTrue-s7,20316347,0.05000000074505806,1:1:1,True,50,True,True,25,613978,613978,111,98,11,5,0.83884972333908081,0.16115029156208038,63,44.243618011474609,0,13,0.19403204321861267,0.19403204321861267,64.9172592163086,3,35,37.103485107421875,introduced-beech;introduced-sessile-oak
f0.05000000074505806-w0-mTrue-s7,20316347,0.05000000074505806,1:1:1,True,100,True,True,25,613978,613978,45,34,7,6,0.79584246873855591,0.20415762066841125,64,56.4869384765625,0,11,0.22482942044734955,0.22482942044734955,100.10246276855469,4,37,42.176231384277344,retained-canopy;introduced-beech;introduced-sessile-oak
f0.05000000074505806-w1-mFalse-s0,20260914,0.05000000074505806,4:2:1,False,25,True,False,-1,1200000,1200000,232,223,0,0,0.88821506500244141,0.11178494989871979,56,23.575515747070313,0,9,0.154820054769516,0.154820054769516,34.231239318847656,1,22,3.585951566696167,managed-opening;introduced-beech;introduced-sessile-oak
f0.05000000074505806-w1-mFalse-s0,20260914,0.05000000074505806,4:2:1,False,50,True,False,-1,1200000,1200000,106,99,0,0,0.83022421598434448,0.16977573931217194,63,37.055915832519531,0,7,0.19758337736129761,0.19758337736129761,100.32086181640625,2,27,9.8418540954589844,managed-opening;introduced-beech;introduced-sessile-oak
f0.05000000074505806-w1-mFalse-s0,20260914,0.05000000074505806,4:2:1,False,100,True,False,100,1200000,1200000,33,32,0,0,0.78132253885269165,0.21867752075195313,64,58.468700408935547,0,1,0.22053332626819611,0.22053332626819611,132.37751770019531,3,30,26.96723747253418,retained-canopy;managed-opening;introduced-beech;introduced-sessile-oak
f0.05000000074505806-w1-mFalse-s1,20268833,0.05000000074505806,4:2:1,False,25,True,False,-1,1200000,1200000,231,223,0,0,0.881779670715332,0.11822035908699036,56,22.677745819091797,0,8,0.16040000319480896,0.16040000319480896,37.078632354736328,1,11,2.5984947681427,managed-opening;introduced-beech;introduced-sessile-oak
f0.05000000074505806-w1-mFalse-s1,20268833,0.05000000074505806,4:2:1,False,50,True,False,-1,1200000,1200000,114,105,0,0,0.83813679218292236,0.16186334192752838,63,41.953475952148438,0,9,0.19699475169181824,0.19699475169181824,88.425796508789063,3,24,16.410776138305664,managed-opening;introduced-beech;introduced-sessile-oak
f0.05000000074505806-w1-mFalse-s1,20268833,0.05000000074505806,4:2:1,False,100,True,False,100,1200000,1200000,43,35,0,0,0.79477483034133911,0.20522525906562805,64,55.075603485107422,0,8,0.22930915653705597,0.22930915653705597,116.04778289794922,7,30,37.113143920898438,retained-canopy;managed-opening;introduced-beech;introduced-sessile-oak
f0.05000000074505806-w1-mFalse-s2,20276752,0.05000000074505806,4:2:1,False,25,True,False,-1,1200000,1200000,232,224,0,0,0.89760792255401611,0.10239233821630478,59,21.520902633666992,0,8,0.14513497054576874,0.14513497054576874,38.888816833496094,1,3,2.169090747833252,managed-opening;introduced-beech;introduced-sessile-oak
f0.05000000074505806-w1-mFalse-s2,20276752,0.05000000074505806,4:2:1,False,50,True,False,-1,1200000,1200000,110,97,0,0,0.83550208806991577,0.16449800133705139,64,38.578727722167969,0,13,0.19782601296901703,0.19782601296901703,100.94051361083984,2,6,8.7513427734375,managed-opening;introduced-beech;introduced-sessile-oak
f0.05000000074505806-w1-mFalse-s2,20276752,0.05000000074505806,4:2:1,False,100,True,False,100,1200000,1200000,42,34,0,0,0.7818332314491272,0.21816679835319519,64,56.9364013671875,0,8,0.22938635945320129,0.22938635945320129,115.82024383544922,5,10,21.123973846435547,retained-canopy;managed-opening;introduced-beech;introduced-sessile-oak
f0.05000000074505806-w1-mFalse-s3,20284671,0.05000000074505806,4:2:1,False,25,True,False,-1,1200000,1200000,228,217,0,0,0.88378357887268066,0.11621636152267456,59,22.510520935058594,0,11,0.15588583052158356,0.15588583052158356,44.065647125244141,1,9,5.003291130065918,managed-opening;introduced-beech;introduced-sessile-oak
f0.05000000074505806-w1-mFalse-s3,20284671,0.05000000074505806,4:2:1,False,50,True,False,-1,1200000,1200000,112,97,0,0,0.84800368547439575,0.15199629962444305,63,36.267120361328125,0,15,0.1930505633354187,0.1930505633354187,90.182899475097656,5,57,50.500431060791016,managed-opening;introduced-beech;introduced-sessile-oak
f0.05000000074505806-w1-mFalse-s3,20284671,0.05000000074505806,4:2:1,False,100,True,False,100,1200000,1200000,41,35,0,0,0.80699759721755981,0.19300253689289093,64,56.342117309570313,0,6,0.21898142993450165,0.21898142993450165,107.06214904785156,9,73,94.142875671386719,retained-canopy;managed-opening;introduced-beech;introduced-sessile-oak
f0.05000000074505806-w1-mFalse-s4,20292590,0.05000000074505806,4:2:1,False,25,True,False,-1,1200000,1200000,234,222,0,0,0.883252739906311,0.11674731969833374,57,26.195484161376953,0,12,0.15447644889354706,0.15447644889354706,38.118881225585938,3,29,11.470793724060059,managed-opening;introduced-beech;introduced-sessile-oak
f0.05000000074505806-w1-mFalse-s4,20292590,0.05000000074505806,4:2:1,False,50,True,False,-1,1200000,1200000,106,103,0,0,0.83469468355178833,0.16530530154705048,64,38.665554046630859,0,3,0.19487601518630981,0.19487601518630981,98.685653686523438,4,35,16.564748764038086,managed-opening;introduced-beech;introduced-sessile-oak
f0.05000000074505806-w1-mFalse-s4,20292590,0.05000000074505806,4:2:1,False,100,True,False,100,1200000,1200000,40,35,0,0,0.78795057535171509,0.21204946935176849,64,58.578582763671875,0,5,0.22892595827579498,0.22892595827579498,117.23225402832031,7,44,38.645774841308594,retained-canopy;managed-opening;introduced-beech;introduced-sessile-oak
f0.05000000074505806-w1-mFalse-s5,20300509,0.05000000074505806,4:2:1,False,25,True,False,-1,1200000,1200000,206,195,0,0,0.87426978349685669,0.1257302463054657,59,21.736152648925781,0,11,0.16475687921047211,0.16475687921047211,54.423122406005859,2,59,31.655410766601563,managed-opening;introduced-beech;introduced-sessile-oak
f0.05000000074505806-w1-mFalse-s5,20300509,0.05000000074505806,4:2:1,False,50,True,False,-1,1200000,1200000,117,103,0,0,0.842461884021759,0.15753820538520813,63,33.569881439208984,0,14,0.19043603539466858,0.19043603539466858,87.8382797241211,3,98,65.231246948242188,managed-opening;introduced-beech;introduced-sessile-oak
f0.05000000074505806-w1-mFalse-s5,20300509,0.05000000074505806,4:2:1,False,100,True,False,100,1200000,1200000,43,35,0,0,0.78684383630752563,0.21315614879131317,64,55.416191101074219,0,8,0.23187798261642456,0.23187798261642456,108.15234375,5,103,80.574661254882813,retained-canopy;managed-opening;introduced-beech;introduced-sessile-oak
f0.05000000074505806-w1-mFalse-s6,20308428,0.05000000074505806,4:2:1,False,25,True,False,-1,1200000,1200000,229,219,0,0,0.88225126266479492,0.1177486926317215,58,24.248317718505859,0,10,0.15933686494827271,0.15933686494827271,39.267524719238281,1,10,2.8303511142730713,managed-opening;introduced-beech;introduced-sessile-oak
f0.05000000074505806-w1-mFalse-s6,20308428,0.05000000074505806,4:2:1,False,50,True,False,-1,1200000,1200000,102,91,0,0,0.81591564416885376,0.18408435583114624,63,44.985065460205078,0,11,0.20029853284358978,0.20029853284358978,114.71414947509766,4,28,35.202075958251953,managed-opening;introduced-beech;introduced-sessile-oak
f0.05000000074505806-w1-mFalse-s6,20308428,0.05000000074505806,4:2:1,False,100,True,False,100,1200000,1200000,42,35,0,0,0.79875773191452026,0.20124223828315735,64,53.591083526611328,0,7,0.22159294784069061,0.22159294784069061,114.23487091064453,8,34,59.016273498535156,retained-canopy;managed-opening;introduced-beech;introduced-sessile-oak
f0.05000000074505806-w1-mFalse-s7,20316347,0.05000000074505806,4:2:1,False,25,True,False,-1,1200000,1200000,232,223,0,0,0.88751745223999023,0.11248260736465454,57,22.188583374023438,0,9,0.15801224112510681,0.15801224112510681,38.598091125488281,1,6,3.4700238704681396,managed-opening;introduced-beech;introduced-sessile-oak
f0.05000000074505806-w1-mFalse-s7,20316347,0.05000000074505806,4:2:1,False,50,True,False,-1,1200000,1200000,111,101,0,0,0.82294249534606934,0.17705744504928589,63,41.512187957763672,0,10,0.20643825829029083,0.20643825829029083,95.233871459960938,3,26,26.673074722290039,managed-opening;introduced-beech;introduced-sessile-oak
f0.05000000074505806-w1-mFalse-s7,20316347,0.05000000074505806,4:2:1,False,100,True,False,100,1200000,1200000,45,35,0,0,0.81626886129379272,0.18373119831085205,64,54.294242858886719,0,10,0.2155604362487793,0.2155604362487793,116.27064514160156,4,30,35.367576599121094,retained-canopy;managed-opening;introduced-beech;introduced-sessile-oak
f0.05000000074505806-w1-mTrue-s0,20260914,0.05000000074505806,4:2:1,True,25,True,True,25,605460,605460,212,184,14,2,0.87404865026474,0.12595130503177643,54,40.725456237792969,0,28,0.17099326848983765,0.17099326848983765,5.14752197265625,1,26,4.0774435997009277,
f0.05000000074505806-w1-mTrue-s0,20260914,0.05000000074505806,4:2:1,True,50,True,True,25,605460,605460,102,90,13,2,0.84101885557174683,0.1589810699224472,64,39.016708374023438,0,12,0.19285371899604797,0.19285371899604797,68.685806274414063,2,31,8.5830116271972656,introduced-beech;introduced-sessile-oak
f0.05000000074505806-w1-mTrue-s0,20260914,0.05000000074505806,4:2:1,True,100,True,True,25,605460,605460,44,32,10,2,0.797225832939148,0.20277421176433563,64,55.936962127685547,0,12,0.22074882686138153,0.22074882686138153,102.24522399902344,3,32,13.938594818115234,retained-canopy;introduced-beech;introduced-sessile-oak
f0.05000000074505806-w1-mTrue-s1,20268833,0.05000000074505806,4:2:1,True,25,True,True,25,604319,604319,224,196,13,3,0.8749890923500061,0.12501093745231628,53,37.28509521484375,0,28,0.17123442888259888,0.17123442888259888,4.0233960151672363,1,14,3.1631932258605957,
f0.05000000074505806-w1-mTrue-s1,20268833,0.05000000074505806,4:2:1,True,50,True,True,25,604319,604319,112,98,10,5,0.85058015584945679,0.14941982924938202,64,38.685771942138672,0,14,0.18415059149265289,0.18415059149265289,66.261764526367188,3,21,11.892620086669922,introduced-beech
f0.05000000074505806-w1-mTrue-s1,20268833,0.05000000074505806,4:2:1,True,100,True,True,25,604319,604319,45,34,4,7,0.77768886089324951,0.22231130301952362,64,54.642684936523438,0,11,0.23610173165798187,0.23610173165798187,106.25056457519531,7,25,28.512086868286133,retained-canopy;introduced-beech;introduced-sessile-oak
f0.05000000074505806-w1-mTrue-s2,20276752,0.05000000074505806,4:2:1,True,25,True,True,25,613975,613975,226,201,15,1,0.88296830654144287,0.11703162640333176,52,32.185127258300781,0,25,0.16134248673915863,0.16134248673915863,5.7559123039245605,1,3,2.2751321792602539,
f0.05000000074505806-w1-mTrue-s2,20276752,0.05000000074505806,4:2:1,True,50,True,True,25,613975,613975,107,99,14,1,0.84485232830047607,0.1551474928855896,62,39.634590148925781,0,8,0.19426426291465759,0.19426426291465759,66.636093139648438,2,3,2.2751321792602539,introduced-beech;introduced-sessile-oak
f0.05000000074505806-w1-mTrue-s2,20276752,0.05000000074505806,4:2:1,True,100,True,True,25,613975,613975,38,33,8,3,0.79151898622512817,0.20848102867603302,64,63.261089324951172,0,5,0.22387516498565674,0.22387516498565674,108.964599609375,5,10,27.85284423828125,retained-canopy;introduced-beech;introduced-sessile-oak
f0.05000000074505806-w1-mTrue-s3,20284671,0.05000000074505806,4:2:1,True,25,True,True,25,613967,613967,218,195,15,1,0.87626844644546509,0.12373140454292297,54,30.463922500610352,0,23,0.16591812670230865,0.16591812670230865,8.0999879837036133,1,8,3.8620002269744873,
f0.05000000074505806-w1-mTrue-s3,20284671,0.05000000074505806,4:2:1,True,50,True,True,25,613967,613967,118,102,7,8,0.83516013622283936,0.16483986377716064,62,39.877006530761719,0,16,0.19430041313171387,0.19430041313171387,61.759700775146484,5,59,50.129711151123047,introduced-beech
f0.05000000074505806-w1-mTrue-s3,20284671,0.05000000074505806,4:2:1,True,100,True,True,25,613967,613967,42,35,5,10,0.80421316623687744,0.1957867294549942,64,54.002597808837891,0,7,0.21590760350227356,0.21590760350227356,98.140884399414063,9,72,78.026657104492188,retained-canopy;introduced-beech
f0.05000000074505806-w1-mTrue-s4,20292590,0.05000000074505806,4:2:1,True,25,True,True,25,604289,604289,219,186,10,6,0.8607938289642334,0.13920627534389496,52,39.3223991394043,0,33,0.17982271313667297,0.17982271313667297,8.4856176376342773,3,26,8.9350967407226563,
f0.05000000074505806-w1-mTrue-s4,20292590,0.05000000074505806,4:2:1,True,50,True,True,25,604289,604289,115,100,7,6,0.82400387525558472,0.17599621415138245,62,43.063259124755859,0,15,0.19832600653171539,0.19832600653171539,67.0928726196289,4,29,10.55841064453125,introduced-beech;introduced-sessile-oak
f0.05000000074505806-w1-mTrue-s4,20292590,0.05000000074505806,4:2:1,True,100,True,True,25,604289,604289,38,33,3,8,0.77892804145812988,0.22107191383838654,64,54.850933074951172,0,5,0.23076982796192169,0.23076982796192169,106.67018127441406,7,39,33.198024749755859,retained-canopy;introduced-beech;introduced-sessile-oak
f0.05000000074505806-w1-mTrue-s5,20300509,0.05000000074505806,4:2:1,True,25,True,True,25,611970,611970,179,152,8,8,0.80618786811828613,0.19381234049797058,59,39.510028839111328,0,27,0.20327281951904297,0.20327281951904297,31.38336181640625,2,60,33.229404449462891,
f0.05000000074505806-w1-mTrue-s5,20300509,0.05000000074505806,4:2:1,True,50,True,True,25,611970,611970,130,106,4,12,0.82594245672225952,0.17405755817890167,61,41.191986083984375,0,24,0.1969335526227951,0.1969335526227951,46.093109130859375,3,86,54.450252532958984,
f0.05000000074505806-w1-mTrue-s5,20300509,0.05000000074505806,4:2:1,True,100,True,True,25,611970,611970,40,34,2,12,0.79082852602005,0.20917120575904846,64,54.996330261230469,0,6,0.22212232649326324,0.22212232649326324,101.3577880859375,5,88,58.340923309326172,retained-canopy
f0.05000000074505806-w1-mTrue-s6,20308428,0.05000000074505806,4:2:1,True,25,True,True,25,608394,608394,223,197,15,1,0.89040672779083252,0.10959331691265106,52,35.403114318847656,0,26,0.15994971990585327,0.15994971990585327,5.2370729446411133,1,12,3.0894186496734619,
f0.05000000074505806-w1-mTrue-s6,20308428,0.05000000074505806,4:2:1,True,50,True,True,25,608394,608394,102,91,11,4,0.80609720945358276,0.19390267133712769,64,41.895870208740234,0,11,0.19648051261901855,0.19648051261901855,86.454521179199219,4,28,34.570117950439453,introduced-beech;introduced-sessile-oak
f0.05000000074505806-w1-mTrue-s6,20308428,0.05000000074505806,4:2:1,True,100,True,True,25,608394,608394,40,35,4,7,0.81078612804412842,0.18921384215354919,64,45.82012939453125,0,5,0.21502231061458588,0.21502231061458588,101.48580932617188,8,36,65.691116333007813,retained-canopy;introduced-beech;introduced-sessile-oak
f0.05000000074505806-w1-mTrue-s7,20316347,0.05000000074505806,4:2:1,True,25,True,True,25,613978,613978,221,197,14,2,0.86805462837219238,0.13194537162780762,53,33.365421295166016,0,24,0.17424197494983673,0.17424197494983673,7.8655567169189453,1,6,4.0534944534301758,
f0.05000000074505806-w1-mTrue-s7,20316347,0.05000000074505806,4:2:1,True,50,True,True,25,613978,613978,110,99,11,4,0.83570098876953125,0.16429904103279114,61,39.053909301757813,0,11,0.19525696337223053,0.19525696337223053,68.168373107910156,3,22,20.194732666015625,introduced-beech;introduced-sessile-oak
f0.05000000074505806-w1-mTrue-s7,20316347,0.05000000074505806,4:2:1,True,100,True,True,25,613978,613978,44,34,7,5,0.77013266086578369,0.22986744344234467,64,56.219367980957031,0,10,0.23682743310928345,0.23682743310928345,105.37313079833984,4,25,27.945819854736328,retained-canopy;introduced-beech;introduced-sessile-oak
