form,species,adapter,case,bramble_cover,bracken_cover,light,browse,protected,height_m,strength_C,vegetation_loss,browse_loss,other_loss,remaining
linear,sitka-spruce,natural,0,0,0,0.08,0,False,0.6,0.35,0.0,0.0,0.09200000000000001,0.908
linear,sitka-spruce,natural,0,0,0,0.4,0,False,0.6,0.35,0.0,0.0,0.06,0.94
linear,sitka-spruce,natural,0,0,0,0.8,0,False,0.6,0.35,0.0,0.0,0.019999999999999997,0.98
linear,sitka-spruce,natural,1,0.2,0,0.08,0,False,0.6,0.35,0.05249999999999999,0.0,0.08717000000000001,0.86033
linear,sitka-spruce,natural,1,0.2,0,0.4,0,False,0.6,0.35,0.05249999999999999,0.0,0.05685,0.89065
linear,sitka-spruce,natural,1,0.2,0,0.8,0,False,0.6,0.35,0.05249999999999999,0.0,0.018949999999999998,0.92855
linear,sitka-spruce,natural,2,0.5,0,0.08,0,False,0.6,0.35,0.13124999999999998,0.0,0.07992500000000001,0.788825
linear,sitka-spruce,natural,2,0.5,0,0.4,0,False,0.6,0.35,0.13124999999999998,0.0,0.052125,0.816625
linear,sitka-spruce,natural,2,0.5,0,0.8,0,False,0.6,0.35,0.13124999999999998,0.0,0.017374999999999998,0.851375
linear,sitka-spruce,natural,3,0.9,0,0.08,0,False,0.6,0.35,0.23625000000000002,0.0,0.07026500000000001,0.6934849999999999
linear,sitka-spruce,natural,3,0.9,0,0.4,0,False,0.6,0.35,0.23625000000000002,0.0,0.04582499999999999,0.7179249999999999
linear,sitka-spruce,natural,3,0.9,0,0.8,0,False,0.6,0.35,0.23625000000000002,0.0,0.015274999999999997,0.7484749999999999
linear,sitka-spruce,natural,4,0,0.5,0.08,0,False,0.6,0.35,0.13124999999999998,0.0,0.07992500000000001,0.788825
linear,sitka-spruce,natural,4,0,0.5,0.4,0,False,0.6,0.35,0.13124999999999998,0.0,0.052125,0.816625
linear,sitka-spruce,natural,4,0,0.5,0.8,0,False,0.6,0.35,0.13124999999999998,0.0,0.017374999999999998,0.851375
linear,sitka-spruce,natural,5,0.5,0.5,0.08,0,False,0.6,0.35,0.13124999999999998,0.0,0.07992500000000001,0.788825
linear,sitka-spruce,natural,5,0.5,0.5,0.4,0,False,0.6,0.35,0.13124999999999998,0.0,0.052125,0.816625
linear,sitka-spruce,natural,5,0.5,0.5,0.8,0,False,0.6,0.35,0.13124999999999998,0.0,0.017374999999999998,0.851375
linear,sitka-spruce,natural,6,0.9,0.9,0.08,0,False,0.6,0.35,0.23625000000000002,0.0,0.07026500000000001,0.6934849999999999
linear,sitka-spruce,natural,6,0.9,0.9,0.4,0,False,0.6,0.35,0.23625000000000002,0.0,0.04582499999999999,0.7179249999999999
linear,sitka-spruce,natural,6,0.9,0.9,0.8,0,False,0.6,0.35,0.23625000000000002,0.0,0.015274999999999997,0.7484749999999999
linear,sitka-spruce,natural,7,0,0,0.08,0,False,0.6,0.35,0.0,0.0,0.09200000000000001,0.908
linear,sitka-spruce,natural,7,0,0,0.4,0,False,0.6,0.35,0.0,0.0,0.06,0.94
linear,sitka-spruce,natural,7,0,0,0.8,0,False,0.6,0.35,0.0,0.0,0.019999999999999997,0.98
linear,sitka-spruce,natural,8,0,0,0.08,0,True,0.6,0.35,0.0,0.0,0.09200000000000001,0.908
linear,sitka-spruce,natural,8,0,0,0.4,0,True,0.6,0.35,0.0,0.0,0.06,0.94
linear,sitka-spruce,natural,8,0,0,0.8,0,True,0.6,0.35,0.0,0.0,0.019999999999999997,0.98
linear,sitka-spruce,natural,9,0,0,0.08,0.8,False,0.6,0.35,0.0,0.2,0.07360000000000001,0.7264
linear,sitka-spruce,natural,9,0,0,0.4,0.8,False,0.6,0.35,0.0,0.2,0.048,0.752
linear,sitka-spruce,natural,9,0,0,0.8,0.8,False,0.6,0.35,0.0,0.2,0.015999999999999997,0.784
linear,sitka-spruce,natural,10,0,0,0.08,0.8,True,0.6,0.35,0.0,0.0,0.09200000000000001,0.908
linear,sitka-spruce,natural,10,0,0,0.4,0.8,True,0.6,0.35,0.0,0.0,0.06,0.94
linear,sitka-spruce,natural,10,0,0,0.8,0.8,True,0.6,0.35,0.0,0.0,0.019999999999999997,0.98
linear,sitka-spruce,natural,11,0.9,0.9,0.08,0,False,0.6,0.35,0.23625000000000002,0.0,0.07026500000000001,0.6934849999999999
linear,sitka-spruce,natural,11,0.9,0.9,0.4,0,False,0.6,0.35,0.23625000000000002,0.0,0.04582499999999999,0.7179249999999999
linear,sitka-spruce,natural,11,0.9,0.9,0.8,0,False,0.6,0.35,0.23625000000000002,0.0,0.015274999999999997,0.7484749999999999
linear,sitka-spruce,natural,12,0.9,0.9,0.08,0,True,0.6,0.35,0.23625000000000002,0.0,0.07026500000000001,0.6934849999999999
linear,sitka-spruce,natural,12,0.9,0.9,0.4,0,True,0.6,0.35,0.23625000000000002,0.0,0.04582499999999999,0.7179249999999999
linear,sitka-spruce,natural,12,0.9,0.9,0.8,0,True,0.6,0.35,0.23625000000000002,0.0,0.015274999999999997,0.7484749999999999
linear,sitka-spruce,natural,13,0.9,0.9,0.08,0.8,False,0.6,0.35,0.23625000000000002,0.15275,0.056212000000000005,0.554788
linear,sitka-spruce,natural,13,0.9,0.9,0.4,0.8,False,0.6,0.35,0.23625000000000002,0.15275,0.03666,0.57434
linear,sitka-spruce,natural,13,0.9,0.9,0.8,0.8,False,0.6,0.35,0.23625000000000002,0.15275,0.012219999999999998,0.59878
linear,sitka-spruce,natural,14,0.9,0.9,0.08,0.8,True,0.6,0.35,0.23625000000000002,0.0,0.07026500000000001,0.6934849999999999
linear,sitka-spruce,natural,14,0.9,0.9,0.4,0.8,True,0.6,0.35,0.23625000000000002,0.0,0.04582499999999999,0.7179249999999999
linear,sitka-spruce,natural,14,0.9,0.9,0.8,0.8,True,0.6,0.35,0.23625000000000002,0.0,0.015274999999999997,0.7484749999999999
linear,sitka-spruce,natural,15,0.9,0.9,0.08,0,False,0.2,0.15,0.135,0.0,0.07958000000000001,0.78542
linear,sitka-spruce,natural,15,0.9,0.9,0.4,0,False,0.2,0.15,0.135,0.0,0.051899999999999995,0.8131
linear,sitka-spruce,natural,15,0.9,0.9,0.8,0,False,0.2,0.15,0.135,0.0,0.017299999999999996,0.8477
linear,sitka-spruce,natural,16,0.9,0.9,0.08,0,False,0.2,0.35,0.315,0.0,0.06302,0.6219800000000001
linear,sitka-spruce,natural,16,0.9,0.9,0.4,0,False,0.2,0.35,0.315,0.0,0.041100000000000005,0.6439
linear,sitka-spruce,natural,16,0.9,0.9,0.8,0,False,0.2,0.35,0.315,0.0,0.013699999999999999,0.6713
linear,sitka-spruce,natural,17,0.9,0.9,0.08,0,False,0.2,0.6,0.54,0.0,0.04232,0.41767999999999994
linear,sitka-spruce,natural,17,0.9,0.9,0.4,0,False,0.2,0.6,0.54,0.0,0.027599999999999996,0.43239999999999995
linear,sitka-spruce,natural,17,0.9,0.9,0.8,0,False,0.2,0.6,0.54,0.0,0.009199999999999998,0.4508
linear,sitka-spruce,natural,18,0.9,0.9,0.08,0,False,0.6,0.15,0.10125,0.0,0.08268500000000001,0.8160649999999999
linear,sitka-spruce,natural,18,0.9,0.9,0.4,0,False,0.6,0.15,0.10125,0.0,0.053924999999999994,0.8448249999999999
linear,sitka-spruce,natural,18,0.9,0.9,0.8,0,False,0.6,0.15,0.10125,0.0,0.017974999999999994,0.880775
linear,sitka-spruce,natural,19,0.9,0.9,0.08,0,False,0.6,0.35,0.23625000000000002,0.0,0.07026500000000001,0.6934849999999999
linear,sitka-spruce,natural,19,0.9,0.9,0.4,0,False,0.6,0.35,0.23625000000000002,0.0,0.04582499999999999,0.7179249999999999
linear,sitka-spruce,natural,19,0.9,0.9,0.8,0,False,0.6,0.35,0.23625000000000002,0.0,0.015274999999999997,0.7484749999999999
linear,sitka-spruce,natural,20,0.9,0.9,0.08,0,False,0.6,0.6,0.405,0.0,0.054740000000000004,0.54026
linear,sitka-spruce,natural,20,0.9,0.9,0.4,0,False,0.6,0.6,0.405,0.0,0.035699999999999996,0.5593
linear,sitka-spruce,natural,20,0.9,0.9,0.8,0,False,0.6,0.6,0.405,0.0,0.011899999999999997,0.5831
linear,sitka-spruce,natural,21,0.9,0.9,0.08,0,False,1.5,0.15,0.0,0.0,0.09200000000000001,0.908
linear,sitka-spruce,natural,21,0.9,0.9,0.4,0,False,1.5,0.15,0.0,0.0,0.06,0.94
linear,sitka-spruce,natural,21,0.9,0.9,0.8,0,False,1.5,0.15,0.0,0.0,0.019999999999999997,0.98
linear,sitka-spruce,natural,22,0.9,0.9,0.08,0,False,1.5,0.35,0.0,0.0,0.09200000000000001,0.908
linear,sitka-spruce,natural,22,0.9,0.9,0.4,0,False,1.5,0.35,0.0,0.0,0.06,0.94
linear,sitka-spruce,natural,22,0.9,0.9,0.8,0,False,1.5,0.35,0.0,0.0,0.019999999999999997,0.98
linear,sitka-spruce,natural,23,0.9,0.9,0.08,0,False,1.5,0.6,0.0,0.0,0.09200000000000001,0.908
linear,sitka-spruce,natural,23,0.9,0.9,0.4,0,False,1.5,0.6,0.0,0.0,0.06,0.94
linear,sitka-spruce,natural,23,0.9,0.9,0.8,0,False,1.5,0.6,0.0,0.0,0.019999999999999997,0.98
linear,sitka-spruce,natural,24,0.9,0.9,0.08,0,False,2,0.15,0.0,0.0,0.09200000000000001,0.908
linear,sitka-spruce,natural,24,0.9,0.9,0.4,0,False,2,0.15,0.0,0.0,0.06,0.94
linear,sitka-spruce,natural,24,0.9,0.9,0.8,0,False,2,0.15,0.0,0.0,0.019999999999999997,0.98
linear,sitka-spruce,natural,25,0.9,0.9,0.08,0,False,2,0.35,0.0,0.0,0.09200000000000001,0.908
linear,sitka-spruce,natural,25,0.9,0.9,0.4,0,False,2,0.35,0.0,0.0,0.06,0.94
linear,sitka-spruce,natural,25,0.9,0.9,0.8,0,False,2,0.35,0.0,0.0,0.019999999999999997,0.98
linear,sitka-spruce,natural,26,0.9,0.9,0.08,0,False,2,0.6,0.0,0.0,0.09200000000000001,0.908
linear,sitka-spruce,natural,26,0.9,0.9,0.4,0,False,2,0.6,0.0,0.0,0.06,0.94
linear,sitka-spruce,natural,26,0.9,0.9,0.8,0,False,2,0.6,0.0,0.0,0.019999999999999997,0.98
linear,sitka-spruce,planted_expected,0,0,0,0.08,0,False,0.6,0.35,0.0,0.0,0.09200000000000001,0.908
linear,sitka-spruce,planted_expected,0,0,0,0.4,0,False,0.6,0.35,0.0,0.0,0.06,0.94
linear,sitka-spruce,planted_expected,0,0,0,0.8,0,False,0.6,0.35,0.0,0.0,0.019999999999999997,0.98
linear,sitka-spruce,planted_expected,1,0.2,0,0.08,0,False,0.6,0.35,0.05249999999999999,0.0,0.08717000000000001,0.86033
linear,sitka-spruce,planted_expected,1,0.2,0,0.4,0,False,0.6,0.35,0.05249999999999999,0.0,0.05685,0.89065
linear,sitka-spruce,planted_expected,1,0.2,0,0.8,0,False,0.6,0.35,0.05249999999999999,0.0,0.018949999999999998,0.92855
linear,sitka-spruce,planted_expected,2,0.5,0,0.08,0,False,0.6,0.35,0.13124999999999998,0.0,0.07992500000000001,0.788825
linear,sitka-spruce,planted_expected,2,0.5,0,0.4,0,False,0.6,0.35,0.13124999999999998,0.0,0.052125,0.816625
linear,sitka-spruce,planted_expected,2,0.5,0,0.8,0,False,0.6,0.35,0.13124999999999998,0.0,0.017374999999999998,0.851375
linear,sitka-spruce,planted_expected,3,0.9,0,0.08,0,False,0.6,0.35,0.23625000000000002,0.0,0.07026500000000001,0.6934849999999999
linear,sitka-spruce,planted_expected,3,0.9,0,0.4,0,False,0.6,0.35,0.23625000000000002,0.0,0.04582499999999999,0.7179249999999999
linear,sitka-spruce,planted_expected,3,0.9,0,0.8,0,False,0.6,0.35,0.23625000000000002,0.0,0.015274999999999997,0.7484749999999999
linear,sitka-spruce,planted_expected,4,0,0.5,0.08,0,False,0.6,0.35,0.13124999999999998,0.0,0.07992500000000001,0.788825
linear,sitka-spruce,planted_expected,4,0,0.5,0.4,0,False,0.6,0.35,0.13124999999999998,0.0,0.052125,0.816625
linear,sitka-spruce,planted_expected,4,0,0.5,0.8,0,False,0.6,0.35,0.13124999999999998,0.0,0.017374999999999998,0.851375
linear,sitka-spruce,planted_expected,5,0.5,0.5,0.08,0,False,0.6,0.35,0.13124999999999998,0.0,0.07992500000000001,0.788825
linear,sitka-spruce,planted_expected,5,0.5,0.5,0.4,0,False,0.6,0.35,0.13124999999999998,0.0,0.052125,0.816625
linear,sitka-spruce,planted_expected,5,0.5,0.5,0.8,0,False,0.6,0.35,0.13124999999999998,0.0,0.017374999999999998,0.851375
linear,sitka-spruce,planted_expected,6,0.9,0.9,0.08,0,False,0.6,0.35,0.23625000000000002,0.0,0.07026500000000001,0.6934849999999999
linear,sitka-spruce,planted_expected,6,0.9,0.9,0.4,0,False,0.6,0.35,0.23625000000000002,0.0,0.04582499999999999,0.7179249999999999
linear,sitka-spruce,planted_expected,6,0.9,0.9,0.8,0,False,0.6,0.35,0.23625000000000002,0.0,0.015274999999999997,0.7484749999999999
linear,sitka-spruce,planted_expected,7,0,0,0.08,0,False,0.6,0.35,0.0,0.0,0.09200000000000001,0.908
linear,sitka-spruce,planted_expected,7,0,0,0.4,0,False,0.6,0.35,0.0,0.0,0.06,0.94
linear,sitka-spruce,planted_expected,7,0,0,0.8,0,False,0.6,0.35,0.0,0.0,0.019999999999999997,0.98
linear,sitka-spruce,planted_expected,8,0,0,0.08,0,True,0.6,0.35,0.0,0.0,0.09200000000000001,0.908
linear,sitka-spruce,planted_expected,8,0,0,0.4,0,True,0.6,0.35,0.0,0.0,0.06,0.94
linear,sitka-spruce,planted_expected,8,0,0,0.8,0,True,0.6,0.35,0.0,0.0,0.019999999999999997,0.98
linear,sitka-spruce,planted_expected,9,0,0,0.08,0.8,False,0.6,0.35,0.0,0.2,0.07360000000000001,0.7264
linear,sitka-spruce,planted_expected,9,0,0,0.4,0.8,False,0.6,0.35,0.0,0.2,0.048,0.752
linear,sitka-spruce,planted_expected,9,0,0,0.8,0.8,False,0.6,0.35,0.0,0.2,0.015999999999999997,0.784
linear,sitka-spruce,planted_expected,10,0,0,0.08,0.8,True,0.6,0.35,0.0,0.0,0.09200000000000001,0.908
linear,sitka-spruce,planted_expected,10,0,0,0.4,0.8,True,0.6,0.35,0.0,0.0,0.06,0.94
linear,sitka-spruce,planted_expected,10,0,0,0.8,0.8,True,0.6,0.35,0.0,0.0,0.019999999999999997,0.98
linear,sitka-spruce,planted_expected,11,0.9,0.9,0.08,0,False,0.6,0.35,0.23625000000000002,0.0,0.07026500000000001,0.6934849999999999
linear,sitka-spruce,planted_expected,11,0.9,0.9,0.4,0,False,0.6,0.35,0.23625000000000002,0.0,0.04582499999999999,0.7179249999999999
linear,sitka-spruce,planted_expected,11,0.9,0.9,0.8,0,False,0.6,0.35,0.23625000000000002,0.0,0.015274999999999997,0.7484749999999999
linear,sitka-spruce,planted_expected,12,0.9,0.9,0.08,0,True,0.6,0.35,0.23625000000000002,0.0,0.07026500000000001,0.6934849999999999
linear,sitka-spruce,planted_expected,12,0.9,0.9,0.4,0,True,0.6,0.35,0.23625000000000002,0.0,0.04582499999999999,0.7179249999999999
linear,sitka-spruce,planted_expected,12,0.9,0.9,0.8,0,True,0.6,0.35,0.23625000000000002,0.0,0.015274999999999997,0.7484749999999999
linear,sitka-spruce,planted_expected,13,0.9,0.9,0.08,0.8,False,0.6,0.35,0.23625000000000002,0.15275,0.056212000000000005,0.554788
linear,sitka-spruce,planted_expected,13,0.9,0.9,0.4,0.8,False,0.6,0.35,0.23625000000000002,0.15275,0.03666,0.57434
linear,sitka-spruce,planted_expected,13,0.9,0.9,0.8,0.8,False,0.6,0.35,0.23625000000000002,0.15275,0.012219999999999998,0.59878
linear,sitka-spruce,planted_expected,14,0.9,0.9,0.08,0.8,True,0.6,0.35,0.23625000000000002,0.0,0.07026500000000001,0.6934849999999999
linear,sitka-spruce,planted_expected,14,0.9,0.9,0.4,0.8,True,0.6,0.35,0.23625000000000002,0.0,0.04582499999999999,0.7179249999999999
linear,sitka-spruce,planted_expected,14,0.9,0.9,0.8,0.8,True,0.6,0.35,0.23625000000000002,0.0,0.015274999999999997,0.7484749999999999
linear,sitka-spruce,planted_expected,15,0.9,0.9,0.08,0,False,0.2,0.15,0.135,0.0,0.07958000000000001,0.78542
linear,sitka-spruce,planted_expected,15,0.9,0.9,0.4,0,False,0.2,0.15,0.135,0.0,0.051899999999999995,0.8131
linear,sitka-spruce,planted_expected,15,0.9,0.9,0.8,0,False,0.2,0.15,0.135,0.0,0.017299999999999996,0.8477
linear,sitka-spruce,planted_expected,16,0.9,0.9,0.08,0,False,0.2,0.35,0.315,0.0,0.06302,0.6219800000000001
linear,sitka-spruce,planted_expected,16,0.9,0.9,0.4,0,False,0.2,0.35,0.315,0.0,0.041100000000000005,0.6439
linear,sitka-spruce,planted_expected,16,0.9,0.9,0.8,0,False,0.2,0.35,0.315,0.0,0.013699999999999999,0.6713
linear,sitka-spruce,planted_expected,17,0.9,0.9,0.08,0,False,0.2,0.6,0.54,0.0,0.04232,0.41767999999999994
linear,sitka-spruce,planted_expected,17,0.9,0.9,0.4,0,False,0.2,0.6,0.54,0.0,0.027599999999999996,0.43239999999999995
linear,sitka-spruce,planted_expected,17,0.9,0.9,0.8,0,False,0.2,0.6,0.54,0.0,0.009199999999999998,0.4508
linear,sitka-spruce,planted_expected,18,0.9,0.9,0.08,0,False,0.6,0.15,0.10125,0.0,0.08268500000000001,0.8160649999999999
linear,sitka-spruce,planted_expected,18,0.9,0.9,0.4,0,False,0.6,0.15,0.10125,0.0,0.053924999999999994,0.8448249999999999
linear,sitka-spruce,planted_expected,18,0.9,0.9,0.8,0,False,0.6,0.15,0.10125,0.0,0.017974999999999994,0.880775
linear,sitka-spruce,planted_expected,19,0.9,0.9,0.08,0,False,0.6,0.35,0.23625000000000002,0.0,0.07026500000000001,0.6934849999999999
linear,sitka-spruce,planted_expected,19,0.9,0.9,0.4,0,False,0.6,0.35,0.23625000000000002,0.0,0.04582499999999999,0.7179249999999999
linear,sitka-spruce,planted_expected,19,0.9,0.9,0.8,0,False,0.6,0.35,0.23625000000000002,0.0,0.015274999999999997,0.7484749999999999
linear,sitka-spruce,planted_expected,20,0.9,0.9,0.08,0,False,0.6,0.6,0.405,0.0,0.054740000000000004,0.54026
linear,sitka-spruce,planted_expected,20,0.9,0.9,0.4,0,False,0.6,0.6,0.405,0.0,0.035699999999999996,0.5593
linear,sitka-spruce,planted_expected,20,0.9,0.9,0.8,0,False,0.6,0.6,0.405,0.0,0.011899999999999997,0.5831
linear,sitka-spruce,planted_expected,21,0.9,0.9,0.08,0,False,1.5,0.15,0.0,0.0,0.09200000000000001,0.908
linear,sitka-spruce,planted_expected,21,0.9,0.9,0.4,0,False,1.5,0.15,0.0,0.0,0.06,0.94
linear,sitka-spruce,planted_expected,21,0.9,0.9,0.8,0,False,1.5,0.15,0.0,0.0,0.019999999999999997,0.98
linear,sitka-spruce,planted_expected,22,0.9,0.9,0.08,0,False,1.5,0.35,0.0,0.0,0.09200000000000001,0.908
linear,sitka-spruce,planted_expected,22,0.9,0.9,0.4,0,False,1.5,0.35,0.0,0.0,0.06,0.94
linear,sitka-spruce,planted_expected,22,0.9,0.9,0.8,0,False,1.5,0.35,0.0,0.0,0.019999999999999997,0.98
linear,sitka-spruce,planted_expected,23,0.9,0.9,0.08,0,False,1.5,0.6,0.0,0.0,0.09200000000000001,0.908
linear,sitka-spruce,planted_expected,23,0.9,0.9,0.4,0,False,1.5,0.6,0.0,0.0,0.06,0.94
linear,sitka-spruce,planted_expected,23,0.9,0.9,0.8,0,False,1.5,0.6,0.0,0.0,0.019999999999999997,0.98
linear,sitka-spruce,planted_expected,24,0.9,0.9,0.08,0,False,2,0.15,0.0,0.0,0.09200000000000001,0.908
linear,sitka-spruce,planted_expected,24,0.9,0.9,0.4,0,False,2,0.15,0.0,0.0,0.06,0.94
linear,sitka-spruce,planted_expected,24,0.9,0.9,0.8,0,False,2,0.15,0.0,0.0,0.019999999999999997,0.98
linear,sitka-spruce,planted_expected,25,0.9,0.9,0.08,0,False,2,0.35,0.0,0.0,0.09200000000000001,0.908
linear,sitka-spruce,planted_expected,25,0.9,0.9,0.4,0,False,2,0.35,0.0,0.0,0.06,0.94
linear,sitka-spruce,planted_expected,25,0.9,0.9,0.8,0,False,2,0.35,0.0,0.0,0.019999999999999997,0.98
linear,sitka-spruce,planted_expected,26,0.9,0.9,0.08,0,False,2,0.6,0.0,0.0,0.09200000000000001,0.908
linear,sitka-spruce,planted_expected,26,0.9,0.9,0.4,0,False,2,0.6,0.0,0.0,0.06,0.94
linear,sitka-spruce,planted_expected,26,0.9,0.9,0.8,0,False,2,0.6,0.0,0.0,0.019999999999999997,0.98
linear,sessile-oak,natural,0,0,0,0.08,0,False,0.6,0.35,0.0,0.0,0.09200000000000001,0.908
linear,sessile-oak,natural,0,0,0,0.4,0,False,0.6,0.35,0.0,0.0,0.06,0.94
linear,sessile-oak,natural,0,0,0,0.8,0,False,0.6,0.35,0.0,0.0,0.019999999999999997,0.98
linear,sessile-oak,natural,1,0.2,0,0.08,0,False,0.6,0.35,0.05249999999999999,0.0,0.08717000000000001,0.86033
linear,sessile-oak,natural,1,0.2,0,0.4,0,False,0.6,0.35,0.05249999999999999,0.0,0.05685,0.89065
linear,sessile-oak,natural,1,0.2,0,0.8,0,False,0.6,0.35,0.05249999999999999,0.0,0.018949999999999998,0.92855
linear,sessile-oak,natural,2,0.5,0,0.08,0,False,0.6,0.35,0.13124999999999998,0.0,0.07992500000000001,0.788825
linear,sessile-oak,natural,2,0.5,0,0.4,0,False,0.6,0.35,0.13124999999999998,0.0,0.052125,0.816625
linear,sessile-oak,natural,2,0.5,0,0.8,0,False,0.6,0.35,0.13124999999999998,0.0,0.017374999999999998,0.851375
linear,sessile-oak,natural,3,0.9,0,0.08,0,False,0.6,0.35,0.23625000000000002,0.0,0.07026500000000001,0.6934849999999999
linear,sessile-oak,natural,3,0.9,0,0.4,0,False,0.6,0.35,0.23625000000000002,0.0,0.04582499999999999,0.7179249999999999
linear,sessile-oak,natural,3,0.9,0,0.8,0,False,0.6,0.35,0.23625000000000002,0.0,0.015274999999999997,0.7484749999999999
linear,sessile-oak,natural,4,0,0.5,0.08,0,False,0.6,0.35,0.13124999999999998,0.0,0.07992500000000001,0.788825
linear,sessile-oak,natural,4,0,0.5,0.4,0,False,0.6,0.35,0.13124999999999998,0.0,0.052125,0.816625
linear,sessile-oak,natural,4,0,0.5,0.8,0,False,0.6,0.35,0.13124999999999998,0.0,0.017374999999999998,0.851375
linear,sessile-oak,natural,5,0.5,0.5,0.08,0,False,0.6,0.35,0.13124999999999998,0.0,0.07992500000000001,0.788825
linear,sessile-oak,natural,5,0.5,0.5,0.4,0,False,0.6,0.35,0.13124999999999998,0.0,0.052125,0.816625
linear,sessile-oak,natural,5,0.5,0.5,0.8,0,False,0.6,0.35,0.13124999999999998,0.0,0.017374999999999998,0.851375
linear,sessile-oak,natural,6,0.9,0.9,0.08,0,False,0.6,0.35,0.23625000000000002,0.0,0.07026500000000001,0.6934849999999999
linear,sessile-oak,natural,6,0.9,0.9,0.4,0,False,0.6,0.35,0.23625000000000002,0.0,0.04582499999999999,0.7179249999999999
linear,sessile-oak,natural,6,0.9,0.9,0.8,0,False,0.6,0.35,0.23625000000000002,0.0,0.015274999999999997,0.7484749999999999
linear,sessile-oak,natural,7,0,0,0.08,0,False,0.6,0.35,0.0,0.0,0.09200000000000001,0.908
linear,sessile-oak,natural,7,0,0,0.4,0,False,0.6,0.35,0.0,0.0,0.06,0.94
linear,sessile-oak,natural,7,0,0,0.8,0,False,0.6,0.35,0.0,0.0,0.019999999999999997,0.98
linear,sessile-oak,natural,8,0,0,0.08,0,True,0.6,0.35,0.0,0.0,0.09200000000000001,0.908
linear,sessile-oak,natural,8,0,0,0.4,0,True,0.6,0.35,0.0,0.0,0.06,0.94
linear,sessile-oak,natural,8,0,0,0.8,0,True,0.6,0.35,0.0,0.0,0.019999999999999997,0.98
linear,sessile-oak,natural,9,0,0,0.08,0.8,False,0.6,0.35,0.0,0.2,0.07360000000000001,0.7264
linear,sessile-oak,natural,9,0,0,0.4,0.8,False,0.6,0.35,0.0,0.2,0.048,0.752
linear,sessile-oak,natural,9,0,0,0.8,0.8,False,0.6,0.35,0.0,0.2,0.015999999999999997,0.784
linear,sessile-oak,natural,10,0,0,0.08,0.8,True,0.6,0.35,0.0,0.0,0.09200000000000001,0.908
linear,sessile-oak,natural,10,0,0,0.4,0.8,True,0.6,0.35,0.0,0.0,0.06,0.94
linear,sessile-oak,natural,10,0,0,0.8,0.8,True,0.6,0.35,0.0,0.0,0.019999999999999997,0.98
linear,sessile-oak,natural,11,0.9,0.9,0.08,0,False,0.6,0.35,0.23625000000000002,0.0,0.07026500000000001,0.6934849999999999
linear,sessile-oak,natural,11,0.9,0.9,0.4,0,False,0.6,0.35,0.23625000000000002,0.0,0.04582499999999999,0.7179249999999999
linear,sessile-oak,natural,11,0.9,0.9,0.8,0,False,0.6,0.35,0.23625000000000002,0.0,0.015274999999999997,0.7484749999999999
linear,sessile-oak,natural,12,0.9,0.9,0.08,0,True,0.6,0.35,0.23625000000000002,0.0,0.07026500000000001,0.6934849999999999
linear,sessile-oak,natural,12,0.9,0.9,0.4,0,True,0.6,0.35,0.23625000000000002,0.0,0.04582499999999999,0.7179249999999999
linear,sessile-oak,natural,12,0.9,0.9,0.8,0,True,0.6,0.35,0.23625000000000002,0.0,0.015274999999999997,0.7484749999999999
linear,sessile-oak,natural,13,0.9,0.9,0.08,0.8,False,0.6,0.35,0.23625000000000002,0.15275,0.056212000000000005,0.554788
linear,sessile-oak,natural,13,0.9,0.9,0.4,0.8,False,0.6,0.35,0.23625000000000002,0.15275,0.03666,0.57434
linear,sessile-oak,natural,13,0.9,0.9,0.8,0.8,False,0.6,0.35,0.23625000000000002,0.15275,0.012219999999999998,0.59878
linear,sessile-oak,natural,14,0.9,0.9,0.08,0.8,True,0.6,0.35,0.23625000000000002,0.0,0.07026500000000001,0.6934849999999999
linear,sessile-oak,natural,14,0.9,0.9,0.4,0.8,True,0.6,0.35,0.23625000000000002,0.0,0.04582499999999999,0.7179249999999999
linear,sessile-oak,natural,14,0.9,0.9,0.8,0.8,True,0.6,0.35,0.23625000000000002,0.0,0.015274999999999997,0.7484749999999999
linear,sessile-oak,natural,15,0.9,0.9,0.08,0,False,0.2,0.15,0.135,0.0,0.07958000000000001,0.78542
linear,sessile-oak,natural,15,0.9,0.9,0.4,0,False,0.2,0.15,0.135,0.0,0.051899999999999995,0.8131
linear,sessile-oak,natural,15,0.9,0.9,0.8,0,False,0.2,0.15,0.135,0.0,0.017299999999999996,0.8477
linear,sessile-oak,natural,16,0.9,0.9,0.08,0,False,0.2,0.35,0.315,0.0,0.06302,0.6219800000000001
linear,sessile-oak,natural,16,0.9,0.9,0.4,0,False,0.2,0.35,0.315,0.0,0.041100000000000005,0.6439
linear,sessile-oak,natural,16,0.9,0.9,0.8,0,False,0.2,0.35,0.315,0.0,0.013699999999999999,0.6713
linear,sessile-oak,natural,17,0.9,0.9,0.08,0,False,0.2,0.6,0.54,0.0,0.04232,0.41767999999999994
linear,sessile-oak,natural,17,0.9,0.9,0.4,0,False,0.2,0.6,0.54,0.0,0.027599999999999996,0.43239999999999995
linear,sessile-oak,natural,17,0.9,0.9,0.8,0,False,0.2,0.6,0.54,0.0,0.009199999999999998,0.4508
linear,sessile-oak,natural,18,0.9,0.9,0.08,0,False,0.6,0.15,0.10125,0.0,0.08268500000000001,0.8160649999999999
linear,sessile-oak,natural,18,0.9,0.9,0.4,0,False,0.6,0.15,0.10125,0.0,0.053924999999999994,0.8448249999999999
linear,sessile-oak,natural,18,0.9,0.9,0.8,0,False,0.6,0.15,0.10125,0.0,0.017974999999999994,0.880775
linear,sessile-oak,natural,19,0.9,0.9,0.08,0,False,0.6,0.35,0.23625000000000002,0.0,0.07026500000000001,0.6934849999999999
linear,sessile-oak,natural,19,0.9,0.9,0.4,0,False,0.6,0.35,0.23625000000000002,0.0,0.04582499999999999,0.7179249999999999
linear,sessile-oak,natural,19,0.9,0.9,0.8,0,False,0.6,0.35,0.23625000000000002,0.0,0.015274999999999997,0.7484749999999999
linear,sessile-oak,natural,20,0.9,0.9,0.08,0,False,0.6,0.6,0.405,0.0,0.054740000000000004,0.54026
linear,sessile-oak,natural,20,0.9,0.9,0.4,0,False,0.6,0.6,0.405,0.0,0.035699999999999996,0.5593
linear,sessile-oak,natural,20,0.9,0.9,0.8,0,False,0.6,0.6,0.405,0.0,0.011899999999999997,0.5831
linear,sessile-oak,natural,21,0.9,0.9,0.08,0,False,1.5,0.15,0.0,0.0,0.09200000000000001,0.908
linear,sessile-oak,natural,21,0.9,0.9,0.4,0,False,1.5,0.15,0.0,0.0,0.06,0.94
linear,sessile-oak,natural,21,0.9,0.9,0.8,0,False,1.5,0.15,0.0,0.0,0.019999999999999997,0.98
linear,sessile-oak,natural,22,0.9,0.9,0.08,0,False,1.5,0.35,0.0,0.0,0.09200000000000001,0.908
linear,sessile-oak,natural,22,0.9,0.9,0.4,0,False,1.5,0.35,0.0,0.0,0.06,0.94
linear,sessile-oak,natural,22,0.9,0.9,0.8,0,False,1.5,0.35,0.0,0.0,0.019999999999999997,0.98
linear,sessile-oak,natural,23,0.9,0.9,0.08,0,False,1.5,0.6,0.0,0.0,0.09200000000000001,0.908
linear,sessile-oak,natural,23,0.9,0.9,0.4,0,False,1.5,0.6,0.0,0.0,0.06,0.94
linear,sessile-oak,natural,23,0.9,0.9,0.8,0,False,1.5,0.6,0.0,0.0,0.019999999999999997,0.98
linear,sessile-oak,natural,24,0.9,0.9,0.08,0,False,2,0.15,0.0,0.0,0.09200000000000001,0.908
linear,sessile-oak,natural,24,0.9,0.9,0.4,0,False,2,0.15,0.0,0.0,0.06,0.94
linear,sessile-oak,natural,24,0.9,0.9,0.8,0,False,2,0.15,0.0,0.0,0.019999999999999997,0.98
linear,sessile-oak,natural,25,0.9,0.9,0.08,0,False,2,0.35,0.0,0.0,0.09200000000000001,0.908
linear,sessile-oak,natural,25,0.9,0.9,0.4,0,False,2,0.35,0.0,0.0,0.06,0.94
linear,sessile-oak,natural,25,0.9,0.9,0.8,0,False,2,0.35,0.0,0.0,0.019999999999999997,0.98
linear,sessile-oak,natural,26,0.9,0.9,0.08,0,False,2,0.6,0.0,0.0,0.09200000000000001,0.908
linear,sessile-oak,natural,26,0.9,0.9,0.4,0,False,2,0.6,0.0,0.0,0.06,0.94
linear,sessile-oak,natural,26,0.9,0.9,0.8,0,False,2,0.6,0.0,0.0,0.019999999999999997,0.98
linear,sessile-oak,planted_expected,0,0,0,0.08,0,False,0.6,0.35,0.0,0.0,0.09200000000000001,0.908
linear,sessile-oak,planted_expected,0,0,0,0.4,0,False,0.6,0.35,0.0,0.0,0.06,0.94
linear,sessile-oak,planted_expected,0,0,0,0.8,0,False,0.6,0.35,0.0,0.0,0.019999999999999997,0.98
linear,sessile-oak,planted_expected,1,0.2,0,0.08,0,False,0.6,0.35,0.05249999999999999,0.0,0.08717000000000001,0.86033
linear,sessile-oak,planted_expected,1,0.2,0,0.4,0,False,0.6,0.35,0.05249999999999999,0.0,0.05685,0.89065
linear,sessile-oak,planted_expected,1,0.2,0,0.8,0,False,0.6,0.35,0.05249999999999999,0.0,0.018949999999999998,0.92855
linear,sessile-oak,planted_expected,2,0.5,0,0.08,0,False,0.6,0.35,0.13124999999999998,0.0,0.07992500000000001,0.788825
linear,sessile-oak,planted_expected,2,0.5,0,0.4,0,False,0.6,0.35,0.13124999999999998,0.0,0.052125,0.816625
linear,sessile-oak,planted_expected,2,0.5,0,0.8,0,False,0.6,0.35,0.13124999999999998,0.0,0.017374999999999998,0.851375
linear,sessile-oak,planted_expected,3,0.9,0,0.08,0,False,0.6,0.35,0.23625000000000002,0.0,0.07026500000000001,0.6934849999999999
linear,sessile-oak,planted_expected,3,0.9,0,0.4,0,False,0.6,0.35,0.23625000000000002,0.0,0.04582499999999999,0.7179249999999999
linear,sessile-oak,planted_expected,3,0.9,0,0.8,0,False,0.6,0.35,0.23625000000000002,0.0,0.015274999999999997,0.7484749999999999
linear,sessile-oak,planted_expected,4,0,0.5,0.08,0,False,0.6,0.35,0.13124999999999998,0.0,0.07992500000000001,0.788825
linear,sessile-oak,planted_expected,4,0,0.5,0.4,0,False,0.6,0.35,0.13124999999999998,0.0,0.052125,0.816625
linear,sessile-oak,planted_expected,4,0,0.5,0.8,0,False,0.6,0.35,0.13124999999999998,0.0,0.017374999999999998,0.851375
linear,sessile-oak,planted_expected,5,0.5,0.5,0.08,0,False,0.6,0.35,0.13124999999999998,0.0,0.07992500000000001,0.788825
linear,sessile-oak,planted_expected,5,0.5,0.5,0.4,0,False,0.6,0.35,0.13124999999999998,0.0,0.052125,0.816625
linear,sessile-oak,planted_expected,5,0.5,0.5,0.8,0,False,0.6,0.35,0.13124999999999998,0.0,0.017374999999999998,0.851375
linear,sessile-oak,planted_expected,6,0.9,0.9,0.08,0,False,0.6,0.35,0.23625000000000002,0.0,0.07026500000000001,0.6934849999999999
linear,sessile-oak,planted_expected,6,0.9,0.9,0.4,0,False,0.6,0.35,0.23625000000000002,0.0,0.04582499999999999,0.7179249999999999
linear,sessile-oak,planted_expected,6,0.9,0.9,0.8,0,False,0.6,0.35,0.23625000000000002,0.0,0.015274999999999997,0.7484749999999999
linear,sessile-oak,planted_expected,7,0,0,0.08,0,False,0.6,0.35,0.0,0.0,0.09200000000000001,0.908
linear,sessile-oak,planted_expected,7,0,0,0.4,0,False,0.6,0.35,0.0,0.0,0.06,0.94
linear,sessile-oak,planted_expected,7,0,0,0.8,0,False,0.6,0.35,0.0,0.0,0.019999999999999997,0.98
linear,sessile-oak,planted_expected,8,0,0,0.08,0,True,0.6,0.35,0.0,0.0,0.09200000000000001,0.908
linear,sessile-oak,planted_expected,8,0,0,0.4,0,True,0.6,0.35,0.0,0.0,0.06,0.94
linear,sessile-oak,planted_expected,8,0,0,0.8,0,True,0.6,0.35,0.0,0.0,0.019999999999999997,0.98
linear,sessile-oak,planted_expected,9,0,0,0.08,0.8,False,0.6,0.35,0.0,0.2,0.07360000000000001,0.7264
linear,sessile-oak,planted_expected,9,0,0,0.4,0.8,False,0.6,0.35,0.0,0.2,0.048,0.752
linear,sessile-oak,planted_expected,9,0,0,0.8,0.8,False,0.6,0.35,0.0,0.2,0.015999999999999997,0.784
linear,sessile-oak,planted_expected,10,0,0,0.08,0.8,True,0.6,0.35,0.0,0.0,0.09200000000000001,0.908
linear,sessile-oak,planted_expected,10,0,0,0.4,0.8,True,0.6,0.35,0.0,0.0,0.06,0.94
linear,sessile-oak,planted_expected,10,0,0,0.8,0.8,True,0.6,0.35,0.0,0.0,0.019999999999999997,0.98
linear,sessile-oak,planted_expected,11,0.9,0.9,0.08,0,False,0.6,0.35,0.23625000000000002,0.0,0.07026500000000001,0.6934849999999999
linear,sessile-oak,planted_expected,11,0.9,0.9,0.4,0,False,0.6,0.35,0.23625000000000002,0.0,0.04582499999999999,0.7179249999999999
linear,sessile-oak,planted_expected,11,0.9,0.9,0.8,0,False,0.6,0.35,0.23625000000000002,0.0,0.015274999999999997,0.7484749999999999
linear,sessile-oak,planted_expected,12,0.9,0.9,0.08,0,True,0.6,0.35,0.23625000000000002,0.0,0.07026500000000001,0.6934849999999999
linear,sessile-oak,planted_expected,12,0.9,0.9,0.4,0,True,0.6,0.35,0.23625000000000002,0.0,0.04582499999999999,0.7179249999999999
linear,sessile-oak,planted_expected,12,0.9,0.9,0.8,0,True,0.6,0.35,0.23625000000000002,0.0,0.015274999999999997,0.7484749999999999
linear,sessile-oak,planted_expected,13,0.9,0.9,0.08,0.8,False,0.6,0.35,0.23625000000000002,0.15275,0.056212000000000005,0.554788
linear,sessile-oak,planted_expected,13,0.9,0.9,0.4,0.8,False,0.6,0.35,0.23625000000000002,0.15275,0.03666,0.57434
linear,sessile-oak,planted_expected,13,0.9,0.9,0.8,0.8,False,0.6,0.35,0.23625000000000002,0.15275,0.012219999999999998,0.59878
linear,sessile-oak,planted_expected,14,0.9,0.9,0.08,0.8,True,0.6,0.35,0.23625000000000002,0.0,0.07026500000000001,0.6934849999999999
linear,sessile-oak,planted_expected,14,0.9,0.9,0.4,0.8,True,0.6,0.35,0.23625000000000002,0.0,0.04582499999999999,0.7179249999999999
linear,sessile-oak,planted_expected,14,0.9,0.9,0.8,0.8,True,0.6,0.35,0.23625000000000002,0.0,0.015274999999999997,0.7484749999999999
linear,sessile-oak,planted_expected,15,0.9,0.9,0.08,0,False,0.2,0.15,0.135,0.0,0.07958000000000001,0.78542
linear,sessile-oak,planted_expected,15,0.9,0.9,0.4,0,False,0.2,0.15,0.135,0.0,0.051899999999999995,0.8131
linear,sessile-oak,planted_expected,15,0.9,0.9,0.8,0,False,0.2,0.15,0.135,0.0,0.017299999999999996,0.8477
linear,sessile-oak,planted_expected,16,0.9,0.9,0.08,0,False,0.2,0.35,0.315,0.0,0.06302,0.6219800000000001
linear,sessile-oak,planted_expected,16,0.9,0.9,0.4,0,False,0.2,0.35,0.315,0.0,0.041100000000000005,0.6439
linear,sessile-oak,planted_expected,16,0.9,0.9,0.8,0,False,0.2,0.35,0.315,0.0,0.013699999999999999,0.6713
linear,sessile-oak,planted_expected,17,0.9,0.9,0.08,0,False,0.2,0.6,0.54,0.0,0.04232,0.41767999999999994
linear,sessile-oak,planted_expected,17,0.9,0.9,0.4,0,False,0.2,0.6,0.54,0.0,0.027599999999999996,0.43239999999999995
linear,sessile-oak,planted_expected,17,0.9,0.9,0.8,0,False,0.2,0.6,0.54,0.0,0.009199999999999998,0.4508
linear,sessile-oak,planted_expected,18,0.9,0.9,0.08,0,False,0.6,0.15,0.10125,0.0,0.08268500000000001,0.8160649999999999
linear,sessile-oak,planted_expected,18,0.9,0.9,0.4,0,False,0.6,0.15,0.10125,0.0,0.053924999999999994,0.8448249999999999
linear,sessile-oak,planted_expected,18,0.9,0.9,0.8,0,False,0.6,0.15,0.10125,0.0,0.017974999999999994,0.880775
linear,sessile-oak,planted_expected,19,0.9,0.9,0.08,0,False,0.6,0.35,0.23625000000000002,0.0,0.07026500000000001,0.6934849999999999
linear,sessile-oak,planted_expected,19,0.9,0.9,0.4,0,False,0.6,0.35,0.23625000000000002,0.0,0.04582499999999999,0.7179249999999999
linear,sessile-oak,planted_expected,19,0.9,0.9,0.8,0,False,0.6,0.35,0.23625000000000002,0.0,0.015274999999999997,0.7484749999999999
linear,sessile-oak,planted_expected,20,0.9,0.9,0.08,0,False,0.6,0.6,0.405,0.0,0.054740000000000004,0.54026
linear,sessile-oak,planted_expected,20,0.9,0.9,0.4,0,False,0.6,0.6,0.405,0.0,0.035699999999999996,0.5593
linear,sessile-oak,planted_expected,20,0.9,0.9,0.8,0,False,0.6,0.6,0.405,0.0,0.011899999999999997,0.5831
linear,sessile-oak,planted_expected,21,0.9,0.9,0.08,0,False,1.5,0.15,0.0,0.0,0.09200000000000001,0.908
linear,sessile-oak,planted_expected,21,0.9,0.9,0.4,0,False,1.5,0.15,0.0,0.0,0.06,0.94
linear,sessile-oak,planted_expected,21,0.9,0.9,0.8,0,False,1.5,0.15,0.0,0.0,0.019999999999999997,0.98
linear,sessile-oak,planted_expected,22,0.9,0.9,0.08,0,False,1.5,0.35,0.0,0.0,0.09200000000000001,0.908
linear,sessile-oak,planted_expected,22,0.9,0.9,0.4,0,False,1.5,0.35,0.0,0.0,0.06,0.94
linear,sessile-oak,planted_expected,22,0.9,0.9,0.8,0,False,1.5,0.35,0.0,0.0,0.019999999999999997,0.98
linear,sessile-oak,planted_expected,23,0.9,0.9,0.08,0,False,1.5,0.6,0.0,0.0,0.09200000000000001,0.908
linear,sessile-oak,planted_expected,23,0.9,0.9,0.4,0,False,1.5,0.6,0.0,0.0,0.06,0.94
linear,sessile-oak,planted_expected,23,0.9,0.9,0.8,0,False,1.5,0.6,0.0,0.0,0.019999999999999997,0.98
linear,sessile-oak,planted_expected,24,0.9,0.9,0.08,0,False,2,0.15,0.0,0.0,0.09200000000000001,0.908
linear,sessile-oak,planted_expected,24,0.9,0.9,0.4,0,False,2,0.15,0.0,0.0,0.06,0.94
linear,sessile-oak,planted_expected,24,0.9,0.9,0.8,0,False,2,0.15,0.0,0.0,0.019999999999999997,0.98
linear,sessile-oak,planted_expected,25,0.9,0.9,0.08,0,False,2,0.35,0.0,0.0,0.09200000000000001,0.908
linear,sessile-oak,planted_expected,25,0.9,0.9,0.4,0,False,2,0.35,0.0,0.0,0.06,0.94
linear,sessile-oak,planted_expected,25,0.9,0.9,0.8,0,False,2,0.35,0.0,0.0,0.019999999999999997,0.98
linear,sessile-oak,planted_expected,26,0.9,0.9,0.08,0,False,2,0.6,0.0,0.0,0.09200000000000001,0.908
linear,sessile-oak,planted_expected,26,0.9,0.9,0.4,0,False,2,0.6,0.0,0.0,0.06,0.94
linear,sessile-oak,planted_expected,26,0.9,0.9,0.8,0,False,2,0.6,0.0,0.0,0.019999999999999997,0.98
linear,beech,natural,0,0,0,0.08,0,False,0.6,0.35,0.0,0.0,0.09200000000000001,0.908
linear,beech,natural,0,0,0,0.4,0,False,0.6,0.35,0.0,0.0,0.06,0.94
linear,beech,natural,0,0,0,0.8,0,False,0.6,0.35,0.0,0.0,0.019999999999999997,0.98
linear,beech,natural,1,0.2,0,0.08,0,False,0.6,0.35,0.05249999999999999,0.0,0.08717000000000001,0.86033
linear,beech,natural,1,0.2,0,0.4,0,False,0.6,0.35,0.05249999999999999,0.0,0.05685,0.89065
linear,beech,natural,1,0.2,0,0.8,0,False,0.6,0.35,0.05249999999999999,0.0,0.018949999999999998,0.92855
linear,beech,natural,2,0.5,0,0.08,0,False,0.6,0.35,0.13124999999999998,0.0,0.07992500000000001,0.788825
linear,beech,natural,2,0.5,0,0.4,0,False,0.6,0.35,0.13124999999999998,0.0,0.052125,0.816625
linear,beech,natural,2,0.5,0,0.8,0,False,0.6,0.35,0.13124999999999998,0.0,0.017374999999999998,0.851375
linear,beech,natural,3,0.9,0,0.08,0,False,0.6,0.35,0.23625000000000002,0.0,0.07026500000000001,0.6934849999999999
linear,beech,natural,3,0.9,0,0.4,0,False,0.6,0.35,0.23625000000000002,0.0,0.04582499999999999,0.7179249999999999
linear,beech,natural,3,0.9,0,0.8,0,False,0.6,0.35,0.23625000000000002,0.0,0.015274999999999997,0.7484749999999999
linear,beech,natural,4,0,0.5,0.08,0,False,0.6,0.35,0.13124999999999998,0.0,0.07992500000000001,0.788825
linear,beech,natural,4,0,0.5,0.4,0,False,0.6,0.35,0.13124999999999998,0.0,0.052125,0.816625
linear,beech,natural,4,0,0.5,0.8,0,False,0.6,0.35,0.13124999999999998,0.0,0.017374999999999998,0.851375
linear,beech,natural,5,0.5,0.5,0.08,0,False,0.6,0.35,0.13124999999999998,0.0,0.07992500000000001,0.788825
linear,beech,natural,5,0.5,0.5,0.4,0,False,0.6,0.35,0.13124999999999998,0.0,0.052125,0.816625
linear,beech,natural,5,0.5,0.5,0.8,0,False,0.6,0.35,0.13124999999999998,0.0,0.017374999999999998,0.851375
linear,beech,natural,6,0.9,0.9,0.08,0,False,0.6,0.35,0.23625000000000002,0.0,0.07026500000000001,0.6934849999999999
linear,beech,natural,6,0.9,0.9,0.4,0,False,0.6,0.35,0.23625000000000002,0.0,0.04582499999999999,0.7179249999999999
linear,beech,natural,6,0.9,0.9,0.8,0,False,0.6,0.35,0.23625000000000002,0.0,0.015274999999999997,0.7484749999999999
linear,beech,natural,7,0,0,0.08,0,False,0.6,0.35,0.0,0.0,0.09200000000000001,0.908
linear,beech,natural,7,0,0,0.4,0,False,0.6,0.35,0.0,0.0,0.06,0.94
linear,beech,natural,7,0,0,0.8,0,False,0.6,0.35,0.0,0.0,0.019999999999999997,0.98
linear,beech,natural,8,0,0,0.08,0,True,0.6,0.35,0.0,0.0,0.09200000000000001,0.908
linear,beech,natural,8,0,0,0.4,0,True,0.6,0.35,0.0,0.0,0.06,0.94
linear,beech,natural,8,0,0,0.8,0,True,0.6,0.35,0.0,0.0,0.019999999999999997,0.98
linear,beech,natural,9,0,0,0.08,0.8,False,0.6,0.35,0.0,0.2,0.07360000000000001,0.7264
linear,beech,natural,9,0,0,0.4,0.8,False,0.6,0.35,0.0,0.2,0.048,0.752
linear,beech,natural,9,0,0,0.8,0.8,False,0.6,0.35,0.0,0.2,0.015999999999999997,0.784
linear,beech,natural,10,0,0,0.08,0.8,True,0.6,0.35,0.0,0.0,0.09200000000000001,0.908
linear,beech,natural,10,0,0,0.4,0.8,True,0.6,0.35,0.0,0.0,0.06,0.94
linear,beech,natural,10,0,0,0.8,0.8,True,0.6,0.35,0.0,0.0,0.019999999999999997,0.98
linear,beech,natural,11,0.9,0.9,0.08,0,False,0.6,0.35,0.23625000000000002,0.0,0.07026500000000001,0.6934849999999999
linear,beech,natural,11,0.9,0.9,0.4,0,False,0.6,0.35,0.23625000000000002,0.0,0.04582499999999999,0.7179249999999999
linear,beech,natural,11,0.9,0.9,0.8,0,False,0.6,0.35,0.23625000000000002,0.0,0.015274999999999997,0.7484749999999999
linear,beech,natural,12,0.9,0.9,0.08,0,True,0.6,0.35,0.23625000000000002,0.0,0.07026500000000001,0.6934849999999999
linear,beech,natural,12,0.9,0.9,0.4,0,True,0.6,0.35,0.23625000000000002,0.0,0.04582499999999999,0.7179249999999999
linear,beech,natural,12,0.9,0.9,0.8,0,True,0.6,0.35,0.23625000000000002,0.0,0.015274999999999997,0.7484749999999999
linear,beech,natural,13,0.9,0.9,0.08,0.8,False,0.6,0.35,0.23625000000000002,0.15275,0.056212000000000005,0.554788
linear,beech,natural,13,0.9,0.9,0.4,0.8,False,0.6,0.35,0.23625000000000002,0.15275,0.03666,0.57434
linear,beech,natural,13,0.9,0.9,0.8,0.8,False,0.6,0.35,0.23625000000000002,0.15275,0.012219999999999998,0.59878
linear,beech,natural,14,0.9,0.9,0.08,0.8,True,0.6,0.35,0.23625000000000002,0.0,0.07026500000000001,0.6934849999999999
linear,beech,natural,14,0.9,0.9,0.4,0.8,True,0.6,0.35,0.23625000000000002,0.0,0.04582499999999999,0.7179249999999999
linear,beech,natural,14,0.9,0.9,0.8,0.8,True,0.6,0.35,0.23625000000000002,0.0,0.015274999999999997,0.7484749999999999
linear,beech,natural,15,0.9,0.9,0.08,0,False,0.2,0.15,0.135,0.0,0.07958000000000001,0.78542
linear,beech,natural,15,0.9,0.9,0.4,0,False,0.2,0.15,0.135,0.0,0.051899999999999995,0.8131
linear,beech,natural,15,0.9,0.9,0.8,0,False,0.2,0.15,0.135,0.0,0.017299999999999996,0.8477
linear,beech,natural,16,0.9,0.9,0.08,0,False,0.2,0.35,0.315,0.0,0.06302,0.6219800000000001
linear,beech,natural,16,0.9,0.9,0.4,0,False,0.2,0.35,0.315,0.0,0.041100000000000005,0.6439
linear,beech,natural,16,0.9,0.9,0.8,0,False,0.2,0.35,0.315,0.0,0.013699999999999999,0.6713
linear,beech,natural,17,0.9,0.9,0.08,0,False,0.2,0.6,0.54,0.0,0.04232,0.41767999999999994
linear,beech,natural,17,0.9,0.9,0.4,0,False,0.2,0.6,0.54,0.0,0.027599999999999996,0.43239999999999995
linear,beech,natural,17,0.9,0.9,0.8,0,False,0.2,0.6,0.54,0.0,0.009199999999999998,0.4508
linear,beech,natural,18,0.9,0.9,0.08,0,False,0.6,0.15,0.10125,0.0,0.08268500000000001,0.8160649999999999
linear,beech,natural,18,0.9,0.9,0.4,0,False,0.6,0.15,0.10125,0.0,0.053924999999999994,0.8448249999999999
linear,beech,natural,18,0.9,0.9,0.8,0,False,0.6,0.15,0.10125,0.0,0.017974999999999994,0.880775
linear,beech,natural,19,0.9,0.9,0.08,0,False,0.6,0.35,0.23625000000000002,0.0,0.07026500000000001,0.6934849999999999
linear,beech,natural,19,0.9,0.9,0.4,0,False,0.6,0.35,0.23625000000000002,0.0,0.04582499999999999,0.7179249999999999
linear,beech,natural,19,0.9,0.9,0.8,0,False,0.6,0.35,0.23625000000000002,0.0,0.015274999999999997,0.7484749999999999
linear,beech,natural,20,0.9,0.9,0.08,0,False,0.6,0.6,0.405,0.0,0.054740000000000004,0.54026
linear,beech,natural,20,0.9,0.9,0.4,0,False,0.6,0.6,0.405,0.0,0.035699999999999996,0.5593
linear,beech,natural,20,0.9,0.9,0.8,0,False,0.6,0.6,0.405,0.0,0.011899999999999997,0.5831
linear,beech,natural,21,0.9,0.9,0.08,0,False,1.5,0.15,0.0,0.0,0.09200000000000001,0.908
linear,beech,natural,21,0.9,0.9,0.4,0,False,1.5,0.15,0.0,0.0,0.06,0.94
linear,beech,natural,21,0.9,0.9,0.8,0,False,1.5,0.15,0.0,0.0,0.019999999999999997,0.98
linear,beech,natural,22,0.9,0.9,0.08,0,False,1.5,0.35,0.0,0.0,0.09200000000000001,0.908
linear,beech,natural,22,0.9,0.9,0.4,0,False,1.5,0.35,0.0,0.0,0.06,0.94
linear,beech,natural,22,0.9,0.9,0.8,0,False,1.5,0.35,0.0,0.0,0.019999999999999997,0.98
linear,beech,natural,23,0.9,0.9,0.08,0,False,1.5,0.6,0.0,0.0,0.09200000000000001,0.908
linear,beech,natural,23,0.9,0.9,0.4,0,False,1.5,0.6,0.0,0.0,0.06,0.94
linear,beech,natural,23,0.9,0.9,0.8,0,False,1.5,0.6,0.0,0.0,0.019999999999999997,0.98
linear,beech,natural,24,0.9,0.9,0.08,0,False,2,0.15,0.0,0.0,0.09200000000000001,0.908
linear,beech,natural,24,0.9,0.9,0.4,0,False,2,0.15,0.0,0.0,0.06,0.94
linear,beech,natural,24,0.9,0.9,0.8,0,False,2,0.15,0.0,0.0,0.019999999999999997,0.98
linear,beech,natural,25,0.9,0.9,0.08,0,False,2,0.35,0.0,0.0,0.09200000000000001,0.908
linear,beech,natural,25,0.9,0.9,0.4,0,False,2,0.35,0.0,0.0,0.06,0.94
linear,beech,natural,25,0.9,0.9,0.8,0,False,2,0.35,0.0,0.0,0.019999999999999997,0.98
linear,beech,natural,26,0.9,0.9,0.08,0,False,2,0.6,0.0,0.0,0.09200000000000001,0.908
linear,beech,natural,26,0.9,0.9,0.4,0,False,2,0.6,0.0,0.0,0.06,0.94
linear,beech,natural,26,0.9,0.9,0.8,0,False,2,0.6,0.0,0.0,0.019999999999999997,0.98
linear,beech,planted_expected,0,0,0,0.08,0,False,0.6,0.35,0.0,0.0,0.09200000000000001,0.908
linear,beech,planted_expected,0,0,0,0.4,0,False,0.6,0.35,0.0,0.0,0.06,0.94
linear,beech,planted_expected,0,0,0,0.8,0,False,0.6,0.35,0.0,0.0,0.019999999999999997,0.98
linear,beech,planted_expected,1,0.2,0,0.08,0,False,0.6,0.35,0.05249999999999999,0.0,0.08717000000000001,0.86033
linear,beech,planted_expected,1,0.2,0,0.4,0,False,0.6,0.35,0.05249999999999999,0.0,0.05685,0.89065
linear,beech,planted_expected,1,0.2,0,0.8,0,False,0.6,0.35,0.05249999999999999,0.0,0.018949999999999998,0.92855
linear,beech,planted_expected,2,0.5,0,0.08,0,False,0.6,0.35,0.13124999999999998,0.0,0.07992500000000001,0.788825
linear,beech,planted_expected,2,0.5,0,0.4,0,False,0.6,0.35,0.13124999999999998,0.0,0.052125,0.816625
linear,beech,planted_expected,2,0.5,0,0.8,0,False,0.6,0.35,0.13124999999999998,0.0,0.017374999999999998,0.851375
linear,beech,planted_expected,3,0.9,0,0.08,0,False,0.6,0.35,0.23625000000000002,0.0,0.07026500000000001,0.6934849999999999
linear,beech,planted_expected,3,0.9,0,0.4,0,False,0.6,0.35,0.23625000000000002,0.0,0.04582499999999999,0.7179249999999999
linear,beech,planted_expected,3,0.9,0,0.8,0,False,0.6,0.35,0.23625000000000002,0.0,0.015274999999999997,0.7484749999999999
linear,beech,planted_expected,4,0,0.5,0.08,0,False,0.6,0.35,0.13124999999999998,0.0,0.07992500000000001,0.788825
linear,beech,planted_expected,4,0,0.5,0.4,0,False,0.6,0.35,0.13124999999999998,0.0,0.052125,0.816625
linear,beech,planted_expected,4,0,0.5,0.8,0,False,0.6,0.35,0.13124999999999998,0.0,0.017374999999999998,0.851375
linear,beech,planted_expected,5,0.5,0.5,0.08,0,False,0.6,0.35,0.13124999999999998,0.0,0.07992500000000001,0.788825
linear,beech,planted_expected,5,0.5,0.5,0.4,0,False,0.6,0.35,0.13124999999999998,0.0,0.052125,0.816625
linear,beech,planted_expected,5,0.5,0.5,0.8,0,False,0.6,0.35,0.13124999999999998,0.0,0.017374999999999998,0.851375
linear,beech,planted_expected,6,0.9,0.9,0.08,0,False,0.6,0.35,0.23625000000000002,0.0,0.07026500000000001,0.6934849999999999
linear,beech,planted_expected,6,0.9,0.9,0.4,0,False,0.6,0.35,0.23625000000000002,0.0,0.04582499999999999,0.7179249999999999
linear,beech,planted_expected,6,0.9,0.9,0.8,0,False,0.6,0.35,0.23625000000000002,0.0,0.015274999999999997,0.7484749999999999
linear,beech,planted_expected,7,0,0,0.08,0,False,0.6,0.35,0.0,0.0,0.09200000000000001,0.908
linear,beech,planted_expected,7,0,0,0.4,0,False,0.6,0.35,0.0,0.0,0.06,0.94
linear,beech,planted_expected,7,0,0,0.8,0,False,0.6,0.35,0.0,0.0,0.019999999999999997,0.98
linear,beech,planted_expected,8,0,0,0.08,0,True,0.6,0.35,0.0,0.0,0.09200000000000001,0.908
linear,beech,planted_expected,8,0,0,0.4,0,True,0.6,0.35,0.0,0.0,0.06,0.94
linear,beech,planted_expected,8,0,0,0.8,0,True,0.6,0.35,0.0,0.0,0.019999999999999997,0.98
linear,beech,planted_expected,9,0,0,0.08,0.8,False,0.6,0.35,0.0,0.2,0.07360000000000001,0.7264
linear,beech,planted_expected,9,0,0,0.4,0.8,False,0.6,0.35,0.0,0.2,0.048,0.752
linear,beech,planted_expected,9,0,0,0.8,0.8,False,0.6,0.35,0.0,0.2,0.015999999999999997,0.784
linear,beech,planted_expected,10,0,0,0.08,0.8,True,0.6,0.35,0.0,0.0,0.09200000000000001,0.908
linear,beech,planted_expected,10,0,0,0.4,0.8,True,0.6,0.35,0.0,0.0,0.06,0.94
linear,beech,planted_expected,10,0,0,0.8,0.8,True,0.6,0.35,0.0,0.0,0.019999999999999997,0.98
linear,beech,planted_expected,11,0.9,0.9,0.08,0,False,0.6,0.35,0.23625000000000002,0.0,0.07026500000000001,0.6934849999999999
linear,beech,planted_expected,11,0.9,0.9,0.4,0,False,0.6,0.35,0.23625000000000002,0.0,0.04582499999999999,0.7179249999999999
linear,beech,planted_expected,11,0.9,0.9,0.8,0,False,0.6,0.35,0.23625000000000002,0.0,0.015274999999999997,0.7484749999999999
linear,beech,planted_expected,12,0.9,0.9,0.08,0,True,0.6,0.35,0.23625000000000002,0.0,0.07026500000000001,0.6934849999999999
linear,beech,planted_expected,12,0.9,0.9,0.4,0,True,0.6,0.35,0.23625000000000002,0.0,0.04582499999999999,0.7179249999999999
linear,beech,planted_expected,12,0.9,0.9,0.8,0,True,0.6,0.35,0.23625000000000002,0.0,0.015274999999999997,0.7484749999999999
linear,beech,planted_expected,13,0.9,0.9,0.08,0.8,False,0.6,0.35,0.23625000000000002,0.15275,0.056212000000000005,0.554788
linear,beech,planted_expected,13,0.9,0.9,0.4,0.8,False,0.6,0.35,0.23625000000000002,0.15275,0.03666,0.57434
linear,beech,planted_expected,13,0.9,0.9,0.8,0.8,False,0.6,0.35,0.23625000000000002,0.15275,0.012219999999999998,0.59878
linear,beech,planted_expected,14,0.9,0.9,0.08,0.8,True,0.6,0.35,0.23625000000000002,0.0,0.07026500000000001,0.6934849999999999
linear,beech,planted_expected,14,0.9,0.9,0.4,0.8,True,0.6,0.35,0.23625000000000002,0.0,0.04582499999999999,0.7179249999999999
linear,beech,planted_expected,14,0.9,0.9,0.8,0.8,True,0.6,0.35,0.23625000000000002,0.0,0.015274999999999997,0.7484749999999999
linear,beech,planted_expected,15,0.9,0.9,0.08,0,False,0.2,0.15,0.135,0.0,0.07958000000000001,0.78542
linear,beech,planted_expected,15,0.9,0.9,0.4,0,False,0.2,0.15,0.135,0.0,0.051899999999999995,0.8131
linear,beech,planted_expected,15,0.9,0.9,0.8,0,False,0.2,0.15,0.135,0.0,0.017299999999999996,0.8477
linear,beech,planted_expected,16,0.9,0.9,0.08,0,False,0.2,0.35,0.315,0.0,0.06302,0.6219800000000001
linear,beech,planted_expected,16,0.9,0.9,0.4,0,False,0.2,0.35,0.315,0.0,0.041100000000000005,0.6439
linear,beech,planted_expected,16,0.9,0.9,0.8,0,False,0.2,0.35,0.315,0.0,0.013699999999999999,0.6713
linear,beech,planted_expected,17,0.9,0.9,0.08,0,False,0.2,0.6,0.54,0.0,0.04232,0.41767999999999994
linear,beech,planted_expected,17,0.9,0.9,0.4,0,False,0.2,0.6,0.54,0.0,0.027599999999999996,0.43239999999999995
linear,beech,planted_expected,17,0.9,0.9,0.8,0,False,0.2,0.6,0.54,0.0,0.009199999999999998,0.4508
linear,beech,planted_expected,18,0.9,0.9,0.08,0,False,0.6,0.15,0.10125,0.0,0.08268500000000001,0.8160649999999999
linear,beech,planted_expected,18,0.9,0.9,0.4,0,False,0.6,0.15,0.10125,0.0,0.053924999999999994,0.8448249999999999
linear,beech,planted_expected,18,0.9,0.9,0.8,0,False,0.6,0.15,0.10125,0.0,0.017974999999999994,0.880775
linear,beech,planted_expected,19,0.9,0.9,0.08,0,False,0.6,0.35,0.23625000000000002,0.0,0.07026500000000001,0.6934849999999999
linear,beech,planted_expected,19,0.9,0.9,0.4,0,False,0.6,0.35,0.23625000000000002,0.0,0.04582499999999999,0.7179249999999999
linear,beech,planted_expected,19,0.9,0.9,0.8,0,False,0.6,0.35,0.23625000000000002,0.0,0.015274999999999997,0.7484749999999999
linear,beech,planted_expected,20,0.9,0.9,0.08,0,False,0.6,0.6,0.405,0.0,0.054740000000000004,0.54026
linear,beech,planted_expected,20,0.9,0.9,0.4,0,False,0.6,0.6,0.405,0.0,0.035699999999999996,0.5593
linear,beech,planted_expected,20,0.9,0.9,0.8,0,False,0.6,0.6,0.405,0.0,0.011899999999999997,0.5831
linear,beech,planted_expected,21,0.9,0.9,0.08,0,False,1.5,0.15,0.0,0.0,0.09200000000000001,0.908
linear,beech,planted_expected,21,0.9,0.9,0.4,0,False,1.5,0.15,0.0,0.0,0.06,0.94
linear,beech,planted_expected,21,0.9,0.9,0.8,0,False,1.5,0.15,0.0,0.0,0.019999999999999997,0.98
linear,beech,planted_expected,22,0.9,0.9,0.08,0,False,1.5,0.35,0.0,0.0,0.09200000000000001,0.908
linear,beech,planted_expected,22,0.9,0.9,0.4,0,False,1.5,0.35,0.0,0.0,0.06,0.94
linear,beech,planted_expected,22,0.9,0.9,0.8,0,False,1.5,0.35,0.0,0.0,0.019999999999999997,0.98
linear,beech,planted_expected,23,0.9,0.9,0.08,0,False,1.5,0.6,0.0,0.0,0.09200000000000001,0.908
linear,beech,planted_expected,23,0.9,0.9,0.4,0,False,1.5,0.6,0.0,0.0,0.06,0.94
linear,beech,planted_expected,23,0.9,0.9,0.8,0,False,1.5,0.6,0.0,0.0,0.019999999999999997,0.98
linear,beech,planted_expected,24,0.9,0.9,0.08,0,False,2,0.15,0.0,0.0,0.09200000000000001,0.908
linear,beech,planted_expected,24,0.9,0.9,0.4,0,False,2,0.15,0.0,0.0,0.06,0.94
linear,beech,planted_expected,24,0.9,0.9,0.8,0,False,2,0.15,0.0,0.0,0.019999999999999997,0.98
linear,beech,planted_expected,25,0.9,0.9,0.08,0,False,2,0.35,0.0,0.0,0.09200000000000001,0.908
linear,beech,planted_expected,25,0.9,0.9,0.4,0,False,2,0.35,0.0,0.0,0.06,0.94
linear,beech,planted_expected,25,0.9,0.9,0.8,0,False,2,0.35,0.0,0.0,0.019999999999999997,0.98
linear,beech,planted_expected,26,0.9,0.9,0.08,0,False,2,0.6,0.0,0.0,0.09200000000000001,0.908
linear,beech,planted_expected,26,0.9,0.9,0.4,0,False,2,0.6,0.0,0.0,0.06,0.94
linear,beech,planted_expected,26,0.9,0.9,0.8,0,False,2,0.6,0.0,0.0,0.019999999999999997,0.98
saturating,sitka-spruce,natural,0,0,0,0.08,0,False,0.6,0.35,0.0,0.0,0.09200000000000001,0.908
saturating,sitka-spruce,natural,0,0,0,0.4,0,False,0.6,0.35,0.0,0.0,0.06,0.94
saturating,sitka-spruce,natural,0,0,0,0.8,0,False,0.6,0.35,0.0,0.0,0.019999999999999997,0.98
saturating,sitka-spruce,natural,1,0.2,0,0.08,0,False,0.6,0.35,0.10008617934542868,0.0,0.08279207150022058,0.8171217491543508
saturating,sitka-spruce,natural,1,0.2,0,0.4,0,False,0.6,0.35,0.10008617934542868,0.0,0.05399482923927428,0.8459189914152971
saturating,sitka-spruce,natural,1,0.2,0,0.8,0,False,0.6,0.35,0.10008617934542868,0.0,0.017998276413091426,0.88191554424148
saturating,sitka-spruce,natural,2,0.5,0,0.08,0,False,0.6,0.35,0.19190287689037627,0.0,0.07434493532608538,0.7337521877835382
saturating,sitka-spruce,natural,2,0.5,0,0.4,0,False,0.6,0.35,0.19190287689037627,0.0,0.04848582738657742,0.7596112957230463
saturating,sitka-spruce,natural,2,0.5,0,0.8,0,False,0.6,0.35,0.19190287689037627,0.0,0.01616194246219247,0.7919351806474312
saturating,sitka-spruce,natural,3,0.9,0,0.08,0,False,0.6,0.35,0.25340347257605517,0.0,0.06868688052300292,0.6779096469009418
saturating,sitka-spruce,natural,3,0.9,0,0.4,0,False,0.6,0.35,0.25340347257605517,0.0,0.044795791645436685,0.7018007357785081
saturating,sitka-spruce,natural,3,0.9,0,0.8,0,False,0.6,0.35,0.25340347257605517,0.0,0.014931930548478894,0.7316645968754659
saturating,sitka-spruce,natural,4,0,0.5,0.08,0,False,0.6,0.35,0.19190287689037627,0.0,0.07434493532608538,0.7337521877835382
saturating,sitka-spruce,natural,4,0,0.5,0.4,0,False,0.6,0.35,0.19190287689037627,0.0,0.04848582738657742,0.7596112957230463
saturating,sitka-spruce,natural,4,0,0.5,0.8,0,False,0.6,0.35,0.19190287689037627,0.0,0.01616194246219247,0.7919351806474312
saturating,sitka-spruce,natural,5,0.5,0.5,0.08,0,False,0.6,0.35,0.19190287689037627,0.0,0.07434493532608538,0.7337521877835382
saturating,sitka-spruce,natural,5,0.5,0.5,0.4,0,False,0.6,0.35,0.19190287689037627,0.0,0.04848582738657742,0.7596112957230463
saturating,sitka-spruce,natural,5,0.5,0.5,0.8,0,False,0.6,0.35,0.19190287689037627,0.0,0.01616194246219247,0.7919351806474312
saturating,sitka-spruce,natural,6,0.9,0.9,0.08,0,False,0.6,0.35,0.25340347257605517,0.0,0.06868688052300292,0.6779096469009418
saturating,sitka-spruce,natural,6,0.9,0.9,0.4,0,False,0.6,0.35,0.25340347257605517,0.0,0.044795791645436685,0.7018007357785081
saturating,sitka-spruce,natural,6,0.9,0.9,0.8,0,False,0.6,0.35,0.25340347257605517,0.0,0.014931930548478894,0.7316645968754659
saturating,sitka-spruce,natural,7,0,0,0.08,0,False,0.6,0.35,0.0,0.0,0.09200000000000001,0.908
saturating,sitka-spruce,natural,7,0,0,0.4,0,False,0.6,0.35,0.0,0.0,0.06,0.94
saturating,sitka-spruce,natural,7,0,0,0.8,0,False,0.6,0.35,0.0,0.0,0.019999999999999997,0.98
saturating,sitka-spruce,natural,8,0,0,0.08,0,True,0.6,0.35,0.0,0.0,0.09200000000000001,0.908
saturating,sitka-spruce,natural,8,0,0,0.4,0,True,0.6,0.35,0.0,0.0,0.06,0.94
saturating,sitka-spruce,natural,8,0,0,0.8,0,True,0.6,0.35,0.0,0.0,0.019999999999999997,0.98
saturating,sitka-spruce,natural,9,0,0,0.08,0.8,False,0.6,0.35,0.0,0.2,0.07360000000000001,0.7264
saturating,sitka-spruce,natural,9,0,0,0.4,0.8,False,0.6,0.35,0.0,0.2,0.048,0.752
saturating,sitka-spruce,natural,9,0,0,0.8,0.8,False,0.6,0.35,0.0,0.2,0.015999999999999997,0.784
saturating,sitka-spruce,natural,10,0,0,0.08,0.8,True,0.6,0.35,0.0,0.0,0.09200000000000001,0.908
saturating,sitka-spruce,natural,10,0,0,0.4,0.8,True,0.6,0.35,0.0,0.0,0.06,0.94
saturating,sitka-spruce,natural,10,0,0,0.8,0.8,True,0.6,0.35,0.0,0.0,0.019999999999999997,0.98
saturating,sitka-spruce,natural,11,0.9,0.9,0.08,0,False,0.6,0.35,0.25340347257605517,0.0,0.06868688052300292,0.6779096469009418
saturating,sitka-spruce,natural,11,0.9,0.9,0.4,0,False,0.6,0.35,0.25340347257605517,0.0,0.044795791645436685,0.7018007357785081
saturating,sitka-spruce,natural,11,0.9,0.9,0.8,0,False,0.6,0.35,0.25340347257605517,0.0,0.014931930548478894,0.7316645968754659
saturating,sitka-spruce,natural,12,0.9,0.9,0.08,0,True,0.6,0.35,0.25340347257605517,0.0,0.06868688052300292,0.6779096469009418
saturating,sitka-spruce,natural,12,0.9,0.9,0.4,0,True,0.6,0.35,0.25340347257605517,0.0,0.044795791645436685,0.7018007357785081
saturating,sitka-spruce,natural,12,0.9,0.9,0.8,0,True,0.6,0.35,0.25340347257605517,0.0,0.014931930548478894,0.7316645968754659
saturating,sitka-spruce,natural,13,0.9,0.9,0.08,0.8,False,0.6,0.35,0.25340347257605517,0.14931930548478897,0.05494950441840234,0.5423277175207535
saturating,sitka-spruce,natural,13,0.9,0.9,0.4,0.8,False,0.6,0.35,0.25340347257605517,0.14931930548478897,0.03583663331634934,0.5614405886228064
saturating,sitka-spruce,natural,13,0.9,0.9,0.8,0.8,False,0.6,0.35,0.25340347257605517,0.14931930548478897,0.011945544438783113,0.5853316775003726
saturating,sitka-spruce,natural,14,0.9,0.9,0.08,0.8,True,0.6,0.35,0.25340347257605517,0.0,0.06868688052300292,0.6779096469009418
saturating,sitka-spruce,natural,14,0.9,0.9,0.4,0.8,True,0.6,0.35,0.25340347257605517,0.0,0.044795791645436685,0.7018007357785081
saturating,sitka-spruce,natural,14,0.9,0.9,0.8,0.8,True,0.6,0.35,0.25340347257605517,0.0,0.014931930548478894,0.7316645968754659
saturating,sitka-spruce,natural,15,0.9,0.9,0.08,0,False,0.2,0.15,0.14480198432917438,0.0,0.07867821744171596,0.7765197982291097
saturating,sitka-spruce,natural,15,0.9,0.9,0.4,0,False,0.2,0.15,0.14480198432917438,0.0,0.051311880940249535,0.8038861347305761
saturating,sitka-spruce,natural,15,0.9,0.9,0.8,0,False,0.2,0.15,0.14480198432917438,0.0,0.01710396031341651,0.8380940553574091
saturating,sitka-spruce,natural,16,0.9,0.9,0.08,0,False,0.2,0.35,0.33787129676807354,0.0,0.06091584069733725,0.6012128625345893
saturating,sitka-spruce,natural,16,0.9,0.9,0.4,0,False,0.2,0.35,0.33787129676807354,0.0,0.03972772219391559,0.6224009810380109
saturating,sitka-spruce,natural,16,0.9,0.9,0.8,0,False,0.2,0.35,0.33787129676807354,0.0,0.013242574064638529,0.6488861291672879
saturating,sitka-spruce,natural,17,0.9,0.9,0.08,0,False,0.2,0.6,0.5792079373166975,0.0,0.03871286976686383,0.38207919291643866
saturating,sitka-spruce,natural,17,0.9,0.9,0.4,0,False,0.2,0.6,0.5792079373166975,0.0,0.025247523760998147,0.39554453892230435
saturating,sitka-spruce,natural,17,0.9,0.9,0.8,0,False,0.2,0.6,0.5792079373166975,0.0,0.008415841253666049,0.4123762214296364
saturating,sitka-spruce,natural,18,0.9,0.9,0.08,0,False,0.6,0.15,0.10860148824688079,0.0,0.08200866308128699,0.8093898486718323
saturating,sitka-spruce,natural,18,0.9,0.9,0.4,0,False,0.6,0.15,0.10860148824688079,0.0,0.053483910705187154,0.8379146010479321
saturating,sitka-spruce,natural,18,0.9,0.9,0.8,0,False,0.6,0.15,0.10860148824688079,0.0,0.01782797023506238,0.8735705415180569
saturating,sitka-spruce,natural,19,0.9,0.9,0.08,0,False,0.6,0.35,0.25340347257605517,0.0,0.06868688052300292,0.6779096469009418
saturating,sitka-spruce,natural,19,0.9,0.9,0.4,0,False,0.6,0.35,0.25340347257605517,0.0,0.044795791645436685,0.7018007357785081
saturating,sitka-spruce,natural,19,0.9,0.9,0.8,0,False,0.6,0.35,0.25340347257605517,0.0,0.014931930548478894,0.7316645968754659
saturating,sitka-spruce,natural,20,0.9,0.9,0.08,0,False,0.6,0.6,0.43440595298752316,0.0,0.052034652325147875,0.5135593946873289
saturating,sitka-spruce,natural,20,0.9,0.9,0.4,0,False,0.6,0.6,0.43440595298752316,0.0,0.03393564282074861,0.5316584041917283
saturating,sitka-spruce,natural,20,0.9,0.9,0.8,0,False,0.6,0.6,0.43440595298752316,0.0,0.011311880940249534,0.5542821660722274
saturating,sitka-spruce,natural,21,0.9,0.9,0.08,0,False,1.5,0.15,0.0,0.0,0.09200000000000001,0.908
saturating,sitka-spruce,natural,21,0.9,0.9,0.4,0,False,1.5,0.15,0.0,0.0,0.06,0.94
saturating,sitka-spruce,natural,21,0.9,0.9,0.8,0,False,1.5,0.15,0.0,0.0,0.019999999999999997,0.98
saturating,sitka-spruce,natural,22,0.9,0.9,0.08,0,False,1.5,0.35,0.0,0.0,0.09200000000000001,0.908
saturating,sitka-spruce,natural,22,0.9,0.9,0.4,0,False,1.5,0.35,0.0,0.0,0.06,0.94
saturating,sitka-spruce,natural,22,0.9,0.9,0.8,0,False,1.5,0.35,0.0,0.0,0.019999999999999997,0.98
saturating,sitka-spruce,natural,23,0.9,0.9,0.08,0,False,1.5,0.6,0.0,0.0,0.09200000000000001,0.908
saturating,sitka-spruce,natural,23,0.9,0.9,0.4,0,False,1.5,0.6,0.0,0.0,0.06,0.94
saturating,sitka-spruce,natural,23,0.9,0.9,0.8,0,False,1.5,0.6,0.0,0.0,0.019999999999999997,0.98
saturating,sitka-spruce,natural,24,0.9,0.9,0.08,0,False,2,0.15,0.0,0.0,0.09200000000000001,0.908
saturating,sitka-spruce,natural,24,0.9,0.9,0.4,0,False,2,0.15,0.0,0.0,0.06,0.94
saturating,sitka-spruce,natural,24,0.9,0.9,0.8,0,False,2,0.15,0.0,0.0,0.019999999999999997,0.98
saturating,sitka-spruce,natural,25,0.9,0.9,0.08,0,False,2,0.35,0.0,0.0,0.09200000000000001,0.908
saturating,sitka-spruce,natural,25,0.9,0.9,0.4,0,False,2,0.35,0.0,0.0,0.06,0.94
saturating,sitka-spruce,natural,25,0.9,0.9,0.8,0,False,2,0.35,0.0,0.0,0.019999999999999997,0.98
saturating,sitka-spruce,natural,26,0.9,0.9,0.08,0,False,2,0.6,0.0,0.0,0.09200000000000001,0.908
saturating,sitka-spruce,natural,26,0.9,0.9,0.4,0,False,2,0.6,0.0,0.0,0.06,0.94
saturating,sitka-spruce,natural,26,0.9,0.9,0.8,0,False,2,0.6,0.0,0.0,0.019999999999999997,0.98
saturating,sitka-spruce,planted_expected,0,0,0,0.08,0,False,0.6,0.35,0.0,0.0,0.09200000000000001,0.908
saturating,sitka-spruce,planted_expected,0,0,0,0.4,0,False,0.6,0.35,0.0,0.0,0.06,0.94
saturating,sitka-spruce,planted_expected,0,0,0,0.8,0,False,0.6,0.35,0.0,0.0,0.019999999999999997,0.98
saturating,sitka-spruce,planted_expected,1,0.2,0,0.08,0,False,0.6,0.35,0.10008617934542868,0.0,0.08279207150022058,0.8171217491543508
saturating,sitka-spruce,planted_expected,1,0.2,0,0.4,0,False,0.6,0.35,0.10008617934542868,0.0,0.05399482923927428,0.8459189914152971
saturating,sitka-spruce,planted_expected,1,0.2,0,0.8,0,False,0.6,0.35,0.10008617934542868,0.0,0.017998276413091426,0.88191554424148
saturating,sitka-spruce,planted_expected,2,0.5,0,0.08,0,False,0.6,0.35,0.19190287689037627,0.0,0.07434493532608538,0.7337521877835382
saturating,sitka-spruce,planted_expected,2,0.5,0,0.4,0,False,0.6,0.35,0.19190287689037627,0.0,0.04848582738657742,0.7596112957230463
saturating,sitka-spruce,planted_expected,2,0.5,0,0.8,0,False,0.6,0.35,0.19190287689037627,0.0,0.01616194246219247,0.7919351806474312
saturating,sitka-spruce,planted_expected,3,0.9,0,0.08,0,False,0.6,0.35,0.25340347257605517,0.0,0.06868688052300292,0.6779096469009418
saturating,sitka-spruce,planted_expected,3,0.9,0,0.4,0,False,0.6,0.35,0.25340347257605517,0.0,0.044795791645436685,0.7018007357785081
saturating,sitka-spruce,planted_expected,3,0.9,0,0.8,0,False,0.6,0.35,0.25340347257605517,0.0,0.014931930548478894,0.7316645968754659
saturating,sitka-spruce,planted_expected,4,0,0.5,0.08,0,False,0.6,0.35,0.19190287689037627,0.0,0.07434493532608538,0.7337521877835382
saturating,sitka-spruce,planted_expected,4,0,0.5,0.4,0,False,0.6,0.35,0.19190287689037627,0.0,0.04848582738657742,0.7596112957230463
saturating,sitka-spruce,planted_expected,4,0,0.5,0.8,0,False,0.6,0.35,0.19190287689037627,0.0,0.01616194246219247,0.7919351806474312
saturating,sitka-spruce,planted_expected,5,0.5,0.5,0.08,0,False,0.6,0.35,0.19190287689037627,0.0,0.07434493532608538,0.7337521877835382
saturating,sitka-spruce,planted_expected,5,0.5,0.5,0.4,0,False,0.6,0.35,0.19190287689037627,0.0,0.04848582738657742,0.7596112957230463
saturating,sitka-spruce,planted_expected,5,0.5,0.5,0.8,0,False,0.6,0.35,0.19190287689037627,0.0,0.01616194246219247,0.7919351806474312
saturating,sitka-spruce,planted_expected,6,0.9,0.9,0.08,0,False,0.6,0.35,0.25340347257605517,0.0,0.06868688052300292,0.6779096469009418
saturating,sitka-spruce,planted_expected,6,0.9,0.9,0.4,0,False,0.6,0.35,0.25340347257605517,0.0,0.044795791645436685,0.7018007357785081
saturating,sitka-spruce,planted_expected,6,0.9,0.9,0.8,0,False,0.6,0.35,0.25340347257605517,0.0,0.014931930548478894,0.7316645968754659
saturating,sitka-spruce,planted_expected,7,0,0,0.08,0,False,0.6,0.35,0.0,0.0,0.09200000000000001,0.908
saturating,sitka-spruce,planted_expected,7,0,0,0.4,0,False,0.6,0.35,0.0,0.0,0.06,0.94
saturating,sitka-spruce,planted_expected,7,0,0,0.8,0,False,0.6,0.35,0.0,0.0,0.019999999999999997,0.98
saturating,sitka-spruce,planted_expected,8,0,0,0.08,0,True,0.6,0.35,0.0,0.0,0.09200000000000001,0.908
saturating,sitka-spruce,planted_expected,8,0,0,0.4,0,True,0.6,0.35,0.0,0.0,0.06,0.94
saturating,sitka-spruce,planted_expected,8,0,0,0.8,0,True,0.6,0.35,0.0,0.0,0.019999999999999997,0.98
saturating,sitka-spruce,planted_expected,9,0,0,0.08,0.8,False,0.6,0.35,0.0,0.2,0.07360000000000001,0.7264
saturating,sitka-spruce,planted_expected,9,0,0,0.4,0.8,False,0.6,0.35,0.0,0.2,0.048,0.752
saturating,sitka-spruce,planted_expected,9,0,0,0.8,0.8,False,0.6,0.35,0.0,0.2,0.015999999999999997,0.784
saturating,sitka-spruce,planted_expected,10,0,0,0.08,0.8,True,0.6,0.35,0.0,0.0,0.09200000000000001,0.908
saturating,sitka-spruce,planted_expected,10,0,0,0.4,0.8,True,0.6,0.35,0.0,0.0,0.06,0.94
saturating,sitka-spruce,planted_expected,10,0,0,0.8,0.8,True,0.6,0.35,0.0,0.0,0.019999999999999997,0.98
saturating,sitka-spruce,planted_expected,11,0.9,0.9,0.08,0,False,0.6,0.35,0.25340347257605517,0.0,0.06868688052300292,0.6779096469009418
saturating,sitka-spruce,planted_expected,11,0.9,0.9,0.4,0,False,0.6,0.35,0.25340347257605517,0.0,0.044795791645436685,0.7018007357785081
saturating,sitka-spruce,planted_expected,11,0.9,0.9,0.8,0,False,0.6,0.35,0.25340347257605517,0.0,0.014931930548478894,0.7316645968754659
saturating,sitka-spruce,planted_expected,12,0.9,0.9,0.08,0,True,0.6,0.35,0.25340347257605517,0.0,0.06868688052300292,0.6779096469009418
saturating,sitka-spruce,planted_expected,12,0.9,0.9,0.4,0,True,0.6,0.35,0.25340347257605517,0.0,0.044795791645436685,0.7018007357785081
saturating,sitka-spruce,planted_expected,12,0.9,0.9,0.8,0,True,0.6,0.35,0.25340347257605517,0.0,0.014931930548478894,0.7316645968754659
saturating,sitka-spruce,planted_expected,13,0.9,0.9,0.08,0.8,False,0.6,0.35,0.25340347257605517,0.14931930548478897,0.05494950441840234,0.5423277175207535
saturating,sitka-spruce,planted_expected,13,0.9,0.9,0.4,0.8,False,0.6,0.35,0.25340347257605517,0.14931930548478897,0.03583663331634934,0.5614405886228064
saturating,sitka-spruce,planted_expected,13,0.9,0.9,0.8,0.8,False,0.6,0.35,0.25340347257605517,0.14931930548478897,0.011945544438783113,0.5853316775003726
saturating,sitka-spruce,planted_expected,14,0.9,0.9,0.08,0.8,True,0.6,0.35,0.25340347257605517,0.0,0.06868688052300292,0.6779096469009418
saturating,sitka-spruce,planted_expected,14,0.9,0.9,0.4,0.8,True,0.6,0.35,0.25340347257605517,0.0,0.044795791645436685,0.7018007357785081
saturating,sitka-spruce,planted_expected,14,0.9,0.9,0.8,0.8,True,0.6,0.35,0.25340347257605517,0.0,0.014931930548478894,0.7316645968754659
saturating,sitka-spruce,planted_expected,15,0.9,0.9,0.08,0,False,0.2,0.15,0.14480198432917438,0.0,0.07867821744171596,0.7765197982291097
saturating,sitka-spruce,planted_expected,15,0.9,0.9,0.4,0,False,0.2,0.15,0.14480198432917438,0.0,0.051311880940249535,0.8038861347305761
saturating,sitka-spruce,planted_expected,15,0.9,0.9,0.8,0,False,0.2,0.15,0.14480198432917438,0.0,0.01710396031341651,0.8380940553574091
saturating,sitka-spruce,planted_expected,16,0.9,0.9,0.08,0,False,0.2,0.35,0.33787129676807354,0.0,0.06091584069733725,0.6012128625345893
saturating,sitka-spruce,planted_expected,16,0.9,0.9,0.4,0,False,0.2,0.35,0.33787129676807354,0.0,0.03972772219391559,0.6224009810380109
saturating,sitka-spruce,planted_expected,16,0.9,0.9,0.8,0,False,0.2,0.35,0.33787129676807354,0.0,0.013242574064638529,0.6488861291672879
saturating,sitka-spruce,planted_expected,17,0.9,0.9,0.08,0,False,0.2,0.6,0.5792079373166975,0.0,0.03871286976686383,0.38207919291643866
saturating,sitka-spruce,planted_expected,17,0.9,0.9,0.4,0,False,0.2,0.6,0.5792079373166975,0.0,0.025247523760998147,0.39554453892230435
saturating,sitka-spruce,planted_expected,17,0.9,0.9,0.8,0,False,0.2,0.6,0.5792079373166975,0.0,0.008415841253666049,0.4123762214296364
saturating,sitka-spruce,planted_expected,18,0.9,0.9,0.08,0,False,0.6,0.15,0.10860148824688079,0.0,0.08200866308128699,0.8093898486718323
saturating,sitka-spruce,planted_expected,18,0.9,0.9,0.4,0,False,0.6,0.15,0.10860148824688079,0.0,0.053483910705187154,0.8379146010479321
saturating,sitka-spruce,planted_expected,18,0.9,0.9,0.8,0,False,0.6,0.15,0.10860148824688079,0.0,0.01782797023506238,0.8735705415180569
saturating,sitka-spruce,planted_expected,19,0.9,0.9,0.08,0,False,0.6,0.35,0.25340347257605517,0.0,0.06868688052300292,0.6779096469009418
saturating,sitka-spruce,planted_expected,19,0.9,0.9,0.4,0,False,0.6,0.35,0.25340347257605517,0.0,0.044795791645436685,0.7018007357785081
saturating,sitka-spruce,planted_expected,19,0.9,0.9,0.8,0,False,0.6,0.35,0.25340347257605517,0.0,0.014931930548478894,0.7316645968754659
saturating,sitka-spruce,planted_expected,20,0.9,0.9,0.08,0,False,0.6,0.6,0.43440595298752316,0.0,0.052034652325147875,0.5135593946873289
saturating,sitka-spruce,planted_expected,20,0.9,0.9,0.4,0,False,0.6,0.6,0.43440595298752316,0.0,0.03393564282074861,0.5316584041917283
saturating,sitka-spruce,planted_expected,20,0.9,0.9,0.8,0,False,0.6,0.6,0.43440595298752316,0.0,0.011311880940249534,0.5542821660722274
saturating,sitka-spruce,planted_expected,21,0.9,0.9,0.08,0,False,1.5,0.15,0.0,0.0,0.09200000000000001,0.908
saturating,sitka-spruce,planted_expected,21,0.9,0.9,0.4,0,False,1.5,0.15,0.0,0.0,0.06,0.94
saturating,sitka-spruce,planted_expected,21,0.9,0.9,0.8,0,False,1.5,0.15,0.0,0.0,0.019999999999999997,0.98
saturating,sitka-spruce,planted_expected,22,0.9,0.9,0.08,0,False,1.5,0.35,0.0,0.0,0.09200000000000001,0.908
saturating,sitka-spruce,planted_expected,22,0.9,0.9,0.4,0,False,1.5,0.35,0.0,0.0,0.06,0.94
saturating,sitka-spruce,planted_expected,22,0.9,0.9,0.8,0,False,1.5,0.35,0.0,0.0,0.019999999999999997,0.98
saturating,sitka-spruce,planted_expected,23,0.9,0.9,0.08,0,False,1.5,0.6,0.0,0.0,0.09200000000000001,0.908
saturating,sitka-spruce,planted_expected,23,0.9,0.9,0.4,0,False,1.5,0.6,0.0,0.0,0.06,0.94
saturating,sitka-spruce,planted_expected,23,0.9,0.9,0.8,0,False,1.5,0.6,0.0,0.0,0.019999999999999997,0.98
saturating,sitka-spruce,planted_expected,24,0.9,0.9,0.08,0,False,2,0.15,0.0,0.0,0.09200000000000001,0.908
saturating,sitka-spruce,planted_expected,24,0.9,0.9,0.4,0,False,2,0.15,0.0,0.0,0.06,0.94
saturating,sitka-spruce,planted_expected,24,0.9,0.9,0.8,0,False,2,0.15,0.0,0.0,0.019999999999999997,0.98
saturating,sitka-spruce,planted_expected,25,0.9,0.9,0.08,0,False,2,0.35,0.0,0.0,0.09200000000000001,0.908
saturating,sitka-spruce,planted_expected,25,0.9,0.9,0.4,0,False,2,0.35,0.0,0.0,0.06,0.94
saturating,sitka-spruce,planted_expected,25,0.9,0.9,0.8,0,False,2,0.35,0.0,0.0,0.019999999999999997,0.98
saturating,sitka-spruce,planted_expected,26,0.9,0.9,0.08,0,False,2,0.6,0.0,0.0,0.09200000000000001,0.908
saturating,sitka-spruce,planted_expected,26,0.9,0.9,0.4,0,False,2,0.6,0.0,0.0,0.06,0.94
saturating,sitka-spruce,planted_expected,26,0.9,0.9,0.8,0,False,2,0.6,0.0,0.0,0.019999999999999997,0.98
saturating,sessile-oak,natural,0,0,0,0.08,0,False,0.6,0.35,0.0,0.0,0.09200000000000001,0.908
saturating,sessile-oak,natural,0,0,0,0.4,0,False,0.6,0.35,0.0,0.0,0.06,0.94
saturating,sessile-oak,natural,0,0,0,0.8,0,False,0.6,0.35,0.0,0.0,0.019999999999999997,0.98
saturating,sessile-oak,natural,1,0.2,0,0.08,0,False,0.6,0.35,0.10008617934542868,0.0,0.08279207150022058,0.8171217491543508
saturating,sessile-oak,natural,1,0.2,0,0.4,0,False,0.6,0.35,0.10008617934542868,0.0,0.05399482923927428,0.8459189914152971
saturating,sessile-oak,natural,1,0.2,0,0.8,0,False,0.6,0.35,0.10008617934542868,0.0,0.017998276413091426,0.88191554424148
saturating,sessile-oak,natural,2,0.5,0,0.08,0,False,0.6,0.35,0.19190287689037627,0.0,0.07434493532608538,0.7337521877835382
saturating,sessile-oak,natural,2,0.5,0,0.4,0,False,0.6,0.35,0.19190287689037627,0.0,0.04848582738657742,0.7596112957230463
saturating,sessile-oak,natural,2,0.5,0,0.8,0,False,0.6,0.35,0.19190287689037627,0.0,0.01616194246219247,0.7919351806474312
saturating,sessile-oak,natural,3,0.9,0,0.08,0,False,0.6,0.35,0.25340347257605517,0.0,0.06868688052300292,0.6779096469009418
saturating,sessile-oak,natural,3,0.9,0,0.4,0,False,0.6,0.35,0.25340347257605517,0.0,0.044795791645436685,0.7018007357785081
saturating,sessile-oak,natural,3,0.9,0,0.8,0,False,0.6,0.35,0.25340347257605517,0.0,0.014931930548478894,0.7316645968754659
saturating,sessile-oak,natural,4,0,0.5,0.08,0,False,0.6,0.35,0.19190287689037627,0.0,0.07434493532608538,0.7337521877835382
saturating,sessile-oak,natural,4,0,0.5,0.4,0,False,0.6,0.35,0.19190287689037627,0.0,0.04848582738657742,0.7596112957230463
saturating,sessile-oak,natural,4,0,0.5,0.8,0,False,0.6,0.35,0.19190287689037627,0.0,0.01616194246219247,0.7919351806474312
saturating,sessile-oak,natural,5,0.5,0.5,0.08,0,False,0.6,0.35,0.19190287689037627,0.0,0.07434493532608538,0.7337521877835382
saturating,sessile-oak,natural,5,0.5,0.5,0.4,0,False,0.6,0.35,0.19190287689037627,0.0,0.04848582738657742,0.7596112957230463
saturating,sessile-oak,natural,5,0.5,0.5,0.8,0,False,0.6,0.35,0.19190287689037627,0.0,0.01616194246219247,0.7919351806474312
saturating,sessile-oak,natural,6,0.9,0.9,0.08,0,False,0.6,0.35,0.25340347257605517,0.0,0.06868688052300292,0.6779096469009418
saturating,sessile-oak,natural,6,0.9,0.9,0.4,0,False,0.6,0.35,0.25340347257605517,0.0,0.044795791645436685,0.7018007357785081
saturating,sessile-oak,natural,6,0.9,0.9,0.8,0,False,0.6,0.35,0.25340347257605517,0.0,0.014931930548478894,0.7316645968754659
saturating,sessile-oak,natural,7,0,0,0.08,0,False,0.6,0.35,0.0,0.0,0.09200000000000001,0.908
saturating,sessile-oak,natural,7,0,0,0.4,0,False,0.6,0.35,0.0,0.0,0.06,0.94
saturating,sessile-oak,natural,7,0,0,0.8,0,False,0.6,0.35,0.0,0.0,0.019999999999999997,0.98
saturating,sessile-oak,natural,8,0,0,0.08,0,True,0.6,0.35,0.0,0.0,0.09200000000000001,0.908
saturating,sessile-oak,natural,8,0,0,0.4,0,True,0.6,0.35,0.0,0.0,0.06,0.94
saturating,sessile-oak,natural,8,0,0,0.8,0,True,0.6,0.35,0.0,0.0,0.019999999999999997,0.98
saturating,sessile-oak,natural,9,0,0,0.08,0.8,False,0.6,0.35,0.0,0.2,0.07360000000000001,0.7264
saturating,sessile-oak,natural,9,0,0,0.4,0.8,False,0.6,0.35,0.0,0.2,0.048,0.752
saturating,sessile-oak,natural,9,0,0,0.8,0.8,False,0.6,0.35,0.0,0.2,0.015999999999999997,0.784
saturating,sessile-oak,natural,10,0,0,0.08,0.8,True,0.6,0.35,0.0,0.0,0.09200000000000001,0.908
saturating,sessile-oak,natural,10,0,0,0.4,0.8,True,0.6,0.35,0.0,0.0,0.06,0.94
saturating,sessile-oak,natural,10,0,0,0.8,0.8,True,0.6,0.35,0.0,0.0,0.019999999999999997,0.98
saturating,sessile-oak,natural,11,0.9,0.9,0.08,0,False,0.6,0.35,0.25340347257605517,0.0,0.06868688052300292,0.6779096469009418
saturating,sessile-oak,natural,11,0.9,0.9,0.4,0,False,0.6,0.35,0.25340347257605517,0.0,0.044795791645436685,0.7018007357785081
saturating,sessile-oak,natural,11,0.9,0.9,0.8,0,False,0.6,0.35,0.25340347257605517,0.0,0.014931930548478894,0.7316645968754659
saturating,sessile-oak,natural,12,0.9,0.9,0.08,0,True,0.6,0.35,0.25340347257605517,0.0,0.06868688052300292,0.6779096469009418
saturating,sessile-oak,natural,12,0.9,0.9,0.4,0,True,0.6,0.35,0.25340347257605517,0.0,0.044795791645436685,0.7018007357785081
saturating,sessile-oak,natural,12,0.9,0.9,0.8,0,True,0.6,0.35,0.25340347257605517,0.0,0.014931930548478894,0.7316645968754659
saturating,sessile-oak,natural,13,0.9,0.9,0.08,0.8,False,0.6,0.35,0.25340347257605517,0.14931930548478897,0.05494950441840234,0.5423277175207535
saturating,sessile-oak,natural,13,0.9,0.9,0.4,0.8,False,0.6,0.35,0.25340347257605517,0.14931930548478897,0.03583663331634934,0.5614405886228064
saturating,sessile-oak,natural,13,0.9,0.9,0.8,0.8,False,0.6,0.35,0.25340347257605517,0.14931930548478897,0.011945544438783113,0.5853316775003726
saturating,sessile-oak,natural,14,0.9,0.9,0.08,0.8,True,0.6,0.35,0.25340347257605517,0.0,0.06868688052300292,0.6779096469009418
saturating,sessile-oak,natural,14,0.9,0.9,0.4,0.8,True,0.6,0.35,0.25340347257605517,0.0,0.044795791645436685,0.7018007357785081
saturating,sessile-oak,natural,14,0.9,0.9,0.8,0.8,True,0.6,0.35,0.25340347257605517,0.0,0.014931930548478894,0.7316645968754659
saturating,sessile-oak,natural,15,0.9,0.9,0.08,0,False,0.2,0.15,0.14480198432917438,0.0,0.07867821744171596,0.7765197982291097
saturating,sessile-oak,natural,15,0.9,0.9,0.4,0,False,0.2,0.15,0.14480198432917438,0.0,0.051311880940249535,0.8038861347305761
saturating,sessile-oak,natural,15,0.9,0.9,0.8,0,False,0.2,0.15,0.14480198432917438,0.0,0.01710396031341651,0.8380940553574091
saturating,sessile-oak,natural,16,0.9,0.9,0.08,0,False,0.2,0.35,0.33787129676807354,0.0,0.06091584069733725,0.6012128625345893
saturating,sessile-oak,natural,16,0.9,0.9,0.4,0,False,0.2,0.35,0.33787129676807354,0.0,0.03972772219391559,0.6224009810380109
saturating,sessile-oak,natural,16,0.9,0.9,0.8,0,False,0.2,0.35,0.33787129676807354,0.0,0.013242574064638529,0.6488861291672879
saturating,sessile-oak,natural,17,0.9,0.9,0.08,0,False,0.2,0.6,0.5792079373166975,0.0,0.03871286976686383,0.38207919291643866
saturating,sessile-oak,natural,17,0.9,0.9,0.4,0,False,0.2,0.6,0.5792079373166975,0.0,0.025247523760998147,0.39554453892230435
saturating,sessile-oak,natural,17,0.9,0.9,0.8,0,False,0.2,0.6,0.5792079373166975,0.0,0.008415841253666049,0.4123762214296364
saturating,sessile-oak,natural,18,0.9,0.9,0.08,0,False,0.6,0.15,0.10860148824688079,0.0,0.08200866308128699,0.8093898486718323
saturating,sessile-oak,natural,18,0.9,0.9,0.4,0,False,0.6,0.15,0.10860148824688079,0.0,0.053483910705187154,0.8379146010479321
saturating,sessile-oak,natural,18,0.9,0.9,0.8,0,False,0.6,0.15,0.10860148824688079,0.0,0.01782797023506238,0.8735705415180569
saturating,sessile-oak,natural,19,0.9,0.9,0.08,0,False,0.6,0.35,0.25340347257605517,0.0,0.06868688052300292,0.6779096469009418
saturating,sessile-oak,natural,19,0.9,0.9,0.4,0,False,0.6,0.35,0.25340347257605517,0.0,0.044795791645436685,0.7018007357785081
saturating,sessile-oak,natural,19,0.9,0.9,0.8,0,False,0.6,0.35,0.25340347257605517,0.0,0.014931930548478894,0.7316645968754659
saturating,sessile-oak,natural,20,0.9,0.9,0.08,0,False,0.6,0.6,0.43440595298752316,0.0,0.052034652325147875,0.5135593946873289
saturating,sessile-oak,natural,20,0.9,0.9,0.4,0,False,0.6,0.6,0.43440595298752316,0.0,0.03393564282074861,0.5316584041917283
saturating,sessile-oak,natural,20,0.9,0.9,0.8,0,False,0.6,0.6,0.43440595298752316,0.0,0.011311880940249534,0.5542821660722274
saturating,sessile-oak,natural,21,0.9,0.9,0.08,0,False,1.5,0.15,0.0,0.0,0.09200000000000001,0.908
saturating,sessile-oak,natural,21,0.9,0.9,0.4,0,False,1.5,0.15,0.0,0.0,0.06,0.94
saturating,sessile-oak,natural,21,0.9,0.9,0.8,0,False,1.5,0.15,0.0,0.0,0.019999999999999997,0.98
saturating,sessile-oak,natural,22,0.9,0.9,0.08,0,False,1.5,0.35,0.0,0.0,0.09200000000000001,0.908
saturating,sessile-oak,natural,22,0.9,0.9,0.4,0,False,1.5,0.35,0.0,0.0,0.06,0.94
saturating,sessile-oak,natural,22,0.9,0.9,0.8,0,False,1.5,0.35,0.0,0.0,0.019999999999999997,0.98
saturating,sessile-oak,natural,23,0.9,0.9,0.08,0,False,1.5,0.6,0.0,0.0,0.09200000000000001,0.908
saturating,sessile-oak,natural,23,0.9,0.9,0.4,0,False,1.5,0.6,0.0,0.0,0.06,0.94
saturating,sessile-oak,natural,23,0.9,0.9,0.8,0,False,1.5,0.6,0.0,0.0,0.019999999999999997,0.98
saturating,sessile-oak,natural,24,0.9,0.9,0.08,0,False,2,0.15,0.0,0.0,0.09200000000000001,0.908
saturating,sessile-oak,natural,24,0.9,0.9,0.4,0,False,2,0.15,0.0,0.0,0.06,0.94
saturating,sessile-oak,natural,24,0.9,0.9,0.8,0,False,2,0.15,0.0,0.0,0.019999999999999997,0.98
saturating,sessile-oak,natural,25,0.9,0.9,0.08,0,False,2,0.35,0.0,0.0,0.09200000000000001,0.908
saturating,sessile-oak,natural,25,0.9,0.9,0.4,0,False,2,0.35,0.0,0.0,0.06,0.94
saturating,sessile-oak,natural,25,0.9,0.9,0.8,0,False,2,0.35,0.0,0.0,0.019999999999999997,0.98
saturating,sessile-oak,natural,26,0.9,0.9,0.08,0,False,2,0.6,0.0,0.0,0.09200000000000001,0.908
saturating,sessile-oak,natural,26,0.9,0.9,0.4,0,False,2,0.6,0.0,0.0,0.06,0.94
saturating,sessile-oak,natural,26,0.9,0.9,0.8,0,False,2,0.6,0.0,0.0,0.019999999999999997,0.98
saturating,sessile-oak,planted_expected,0,0,0,0.08,0,False,0.6,0.35,0.0,0.0,0.09200000000000001,0.908
saturating,sessile-oak,planted_expected,0,0,0,0.4,0,False,0.6,0.35,0.0,0.0,0.06,0.94
saturating,sessile-oak,planted_expected,0,0,0,0.8,0,False,0.6,0.35,0.0,0.0,0.019999999999999997,0.98
saturating,sessile-oak,planted_expected,1,0.2,0,0.08,0,False,0.6,0.35,0.10008617934542868,0.0,0.08279207150022058,0.8171217491543508
saturating,sessile-oak,planted_expected,1,0.2,0,0.4,0,False,0.6,0.35,0.10008617934542868,0.0,0.05399482923927428,0.8459189914152971
saturating,sessile-oak,planted_expected,1,0.2,0,0.8,0,False,0.6,0.35,0.10008617934542868,0.0,0.017998276413091426,0.88191554424148
saturating,sessile-oak,planted_expected,2,0.5,0,0.08,0,False,0.6,0.35,0.19190287689037627,0.0,0.07434493532608538,0.7337521877835382
saturating,sessile-oak,planted_expected,2,0.5,0,0.4,0,False,0.6,0.35,0.19190287689037627,0.0,0.04848582738657742,0.7596112957230463
saturating,sessile-oak,planted_expected,2,0.5,0,0.8,0,False,0.6,0.35,0.19190287689037627,0.0,0.01616194246219247,0.7919351806474312
saturating,sessile-oak,planted_expected,3,0.9,0,0.08,0,False,0.6,0.35,0.25340347257605517,0.0,0.06868688052300292,0.6779096469009418
saturating,sessile-oak,planted_expected,3,0.9,0,0.4,0,False,0.6,0.35,0.25340347257605517,0.0,0.044795791645436685,0.7018007357785081
saturating,sessile-oak,planted_expected,3,0.9,0,0.8,0,False,0.6,0.35,0.25340347257605517,0.0,0.014931930548478894,0.7316645968754659
saturating,sessile-oak,planted_expected,4,0,0.5,0.08,0,False,0.6,0.35,0.19190287689037627,0.0,0.07434493532608538,0.7337521877835382
saturating,sessile-oak,planted_expected,4,0,0.5,0.4,0,False,0.6,0.35,0.19190287689037627,0.0,0.04848582738657742,0.7596112957230463
saturating,sessile-oak,planted_expected,4,0,0.5,0.8,0,False,0.6,0.35,0.19190287689037627,0.0,0.01616194246219247,0.7919351806474312
saturating,sessile-oak,planted_expected,5,0.5,0.5,0.08,0,False,0.6,0.35,0.19190287689037627,0.0,0.07434493532608538,0.7337521877835382
saturating,sessile-oak,planted_expected,5,0.5,0.5,0.4,0,False,0.6,0.35,0.19190287689037627,0.0,0.04848582738657742,0.7596112957230463
saturating,sessile-oak,planted_expected,5,0.5,0.5,0.8,0,False,0.6,0.35,0.19190287689037627,0.0,0.01616194246219247,0.7919351806474312
saturating,sessile-oak,planted_expected,6,0.9,0.9,0.08,0,False,0.6,0.35,0.25340347257605517,0.0,0.06868688052300292,0.6779096469009418
saturating,sessile-oak,planted_expected,6,0.9,0.9,0.4,0,False,0.6,0.35,0.25340347257605517,0.0,0.044795791645436685,0.7018007357785081
saturating,sessile-oak,planted_expected,6,0.9,0.9,0.8,0,False,0.6,0.35,0.25340347257605517,0.0,0.014931930548478894,0.7316645968754659
saturating,sessile-oak,planted_expected,7,0,0,0.08,0,False,0.6,0.35,0.0,0.0,0.09200000000000001,0.908
saturating,sessile-oak,planted_expected,7,0,0,0.4,0,False,0.6,0.35,0.0,0.0,0.06,0.94
saturating,sessile-oak,planted_expected,7,0,0,0.8,0,False,0.6,0.35,0.0,0.0,0.019999999999999997,0.98
saturating,sessile-oak,planted_expected,8,0,0,0.08,0,True,0.6,0.35,0.0,0.0,0.09200000000000001,0.908
saturating,sessile-oak,planted_expected,8,0,0,0.4,0,True,0.6,0.35,0.0,0.0,0.06,0.94
saturating,sessile-oak,planted_expected,8,0,0,0.8,0,True,0.6,0.35,0.0,0.0,0.019999999999999997,0.98
saturating,sessile-oak,planted_expected,9,0,0,0.08,0.8,False,0.6,0.35,0.0,0.2,0.07360000000000001,0.7264
saturating,sessile-oak,planted_expected,9,0,0,0.4,0.8,False,0.6,0.35,0.0,0.2,0.048,0.752
saturating,sessile-oak,planted_expected,9,0,0,0.8,0.8,False,0.6,0.35,0.0,0.2,0.015999999999999997,0.784
saturating,sessile-oak,planted_expected,10,0,0,0.08,0.8,True,0.6,0.35,0.0,0.0,0.09200000000000001,0.908
saturating,sessile-oak,planted_expected,10,0,0,0.4,0.8,True,0.6,0.35,0.0,0.0,0.06,0.94
saturating,sessile-oak,planted_expected,10,0,0,0.8,0.8,True,0.6,0.35,0.0,0.0,0.019999999999999997,0.98
saturating,sessile-oak,planted_expected,11,0.9,0.9,0.08,0,False,0.6,0.35,0.25340347257605517,0.0,0.06868688052300292,0.6779096469009418
saturating,sessile-oak,planted_expected,11,0.9,0.9,0.4,0,False,0.6,0.35,0.25340347257605517,0.0,0.044795791645436685,0.7018007357785081
saturating,sessile-oak,planted_expected,11,0.9,0.9,0.8,0,False,0.6,0.35,0.25340347257605517,0.0,0.014931930548478894,0.7316645968754659
saturating,sessile-oak,planted_expected,12,0.9,0.9,0.08,0,True,0.6,0.35,0.25340347257605517,0.0,0.06868688052300292,0.6779096469009418
saturating,sessile-oak,planted_expected,12,0.9,0.9,0.4,0,True,0.6,0.35,0.25340347257605517,0.0,0.044795791645436685,0.7018007357785081
saturating,sessile-oak,planted_expected,12,0.9,0.9,0.8,0,True,0.6,0.35,0.25340347257605517,0.0,0.014931930548478894,0.7316645968754659
saturating,sessile-oak,planted_expected,13,0.9,0.9,0.08,0.8,False,0.6,0.35,0.25340347257605517,0.14931930548478897,0.05494950441840234,0.5423277175207535
saturating,sessile-oak,planted_expected,13,0.9,0.9,0.4,0.8,False,0.6,0.35,0.25340347257605517,0.14931930548478897,0.03583663331634934,0.5614405886228064
saturating,sessile-oak,planted_expected,13,0.9,0.9,0.8,0.8,False,0.6,0.35,0.25340347257605517,0.14931930548478897,0.011945544438783113,0.5853316775003726
saturating,sessile-oak,planted_expected,14,0.9,0.9,0.08,0.8,True,0.6,0.35,0.25340347257605517,0.0,0.06868688052300292,0.6779096469009418
saturating,sessile-oak,planted_expected,14,0.9,0.9,0.4,0.8,True,0.6,0.35,0.25340347257605517,0.0,0.044795791645436685,0.7018007357785081
saturating,sessile-oak,planted_expected,14,0.9,0.9,0.8,0.8,True,0.6,0.35,0.25340347257605517,0.0,0.014931930548478894,0.7316645968754659
saturating,sessile-oak,planted_expected,15,0.9,0.9,0.08,0,False,0.2,0.15,0.14480198432917438,0.0,0.07867821744171596,0.7765197982291097
saturating,sessile-oak,planted_expected,15,0.9,0.9,0.4,0,False,0.2,0.15,0.14480198432917438,0.0,0.051311880940249535,0.8038861347305761
saturating,sessile-oak,planted_expected,15,0.9,0.9,0.8,0,False,0.2,0.15,0.14480198432917438,0.0,0.01710396031341651,0.8380940553574091
saturating,sessile-oak,planted_expected,16,0.9,0.9,0.08,0,False,0.2,0.35,0.33787129676807354,0.0,0.06091584069733725,0.6012128625345893
saturating,sessile-oak,planted_expected,16,0.9,0.9,0.4,0,False,0.2,0.35,0.33787129676807354,0.0,0.03972772219391559,0.6224009810380109
saturating,sessile-oak,planted_expected,16,0.9,0.9,0.8,0,False,0.2,0.35,0.33787129676807354,0.0,0.013242574064638529,0.6488861291672879
saturating,sessile-oak,planted_expected,17,0.9,0.9,0.08,0,False,0.2,0.6,0.5792079373166975,0.0,0.03871286976686383,0.38207919291643866
saturating,sessile-oak,planted_expected,17,0.9,0.9,0.4,0,False,0.2,0.6,0.5792079373166975,0.0,0.025247523760998147,0.39554453892230435
saturating,sessile-oak,planted_expected,17,0.9,0.9,0.8,0,False,0.2,0.6,0.5792079373166975,0.0,0.008415841253666049,0.4123762214296364
saturating,sessile-oak,planted_expected,18,0.9,0.9,0.08,0,False,0.6,0.15,0.10860148824688079,0.0,0.08200866308128699,0.8093898486718323
saturating,sessile-oak,planted_expected,18,0.9,0.9,0.4,0,False,0.6,0.15,0.10860148824688079,0.0,0.053483910705187154,0.8379146010479321
saturating,sessile-oak,planted_expected,18,0.9,0.9,0.8,0,False,0.6,0.15,0.10860148824688079,0.0,0.01782797023506238,0.8735705415180569
saturating,sessile-oak,planted_expected,19,0.9,0.9,0.08,0,False,0.6,0.35,0.25340347257605517,0.0,0.06868688052300292,0.6779096469009418
saturating,sessile-oak,planted_expected,19,0.9,0.9,0.4,0,False,0.6,0.35,0.25340347257605517,0.0,0.044795791645436685,0.7018007357785081
saturating,sessile-oak,planted_expected,19,0.9,0.9,0.8,0,False,0.6,0.35,0.25340347257605517,0.0,0.014931930548478894,0.7316645968754659
saturating,sessile-oak,planted_expected,20,0.9,0.9,0.08,0,False,0.6,0.6,0.43440595298752316,0.0,0.052034652325147875,0.5135593946873289
saturating,sessile-oak,planted_expected,20,0.9,0.9,0.4,0,False,0.6,0.6,0.43440595298752316,0.0,0.03393564282074861,0.5316584041917283
saturating,sessile-oak,planted_expected,20,0.9,0.9,0.8,0,False,0.6,0.6,0.43440595298752316,0.0,0.011311880940249534,0.5542821660722274
saturating,sessile-oak,planted_expected,21,0.9,0.9,0.08,0,False,1.5,0.15,0.0,0.0,0.09200000000000001,0.908
saturating,sessile-oak,planted_expected,21,0.9,0.9,0.4,0,False,1.5,0.15,0.0,0.0,0.06,0.94
saturating,sessile-oak,planted_expected,21,0.9,0.9,0.8,0,False,1.5,0.15,0.0,0.0,0.019999999999999997,0.98
saturating,sessile-oak,planted_expected,22,0.9,0.9,0.08,0,False,1.5,0.35,0.0,0.0,0.09200000000000001,0.908
saturating,sessile-oak,planted_expected,22,0.9,0.9,0.4,0,False,1.5,0.35,0.0,0.0,0.06,0.94
saturating,sessile-oak,planted_expected,22,0.9,0.9,0.8,0,False,1.5,0.35,0.0,0.0,0.019999999999999997,0.98
saturating,sessile-oak,planted_expected,23,0.9,0.9,0.08,0,False,1.5,0.6,0.0,0.0,0.09200000000000001,0.908
saturating,sessile-oak,planted_expected,23,0.9,0.9,0.4,0,False,1.5,0.6,0.0,0.0,0.06,0.94
saturating,sessile-oak,planted_expected,23,0.9,0.9,0.8,0,False,1.5,0.6,0.0,0.0,0.019999999999999997,0.98
saturating,sessile-oak,planted_expected,24,0.9,0.9,0.08,0,False,2,0.15,0.0,0.0,0.09200000000000001,0.908
saturating,sessile-oak,planted_expected,24,0.9,0.9,0.4,0,False,2,0.15,0.0,0.0,0.06,0.94
saturating,sessile-oak,planted_expected,24,0.9,0.9,0.8,0,False,2,0.15,0.0,0.0,0.019999999999999997,0.98
saturating,sessile-oak,planted_expected,25,0.9,0.9,0.08,0,False,2,0.35,0.0,0.0,0.09200000000000001,0.908
saturating,sessile-oak,planted_expected,25,0.9,0.9,0.4,0,False,2,0.35,0.0,0.0,0.06,0.94
saturating,sessile-oak,planted_expected,25,0.9,0.9,0.8,0,False,2,0.35,0.0,0.0,0.019999999999999997,0.98
saturating,sessile-oak,planted_expected,26,0.9,0.9,0.08,0,False,2,0.6,0.0,0.0,0.09200000000000001,0.908
saturating,sessile-oak,planted_expected,26,0.9,0.9,0.4,0,False,2,0.6,0.0,0.0,0.06,0.94
saturating,sessile-oak,planted_expected,26,0.9,0.9,0.8,0,False,2,0.6,0.0,0.0,0.019999999999999997,0.98
saturating,beech,natural,0,0,0,0.08,0,False,0.6,0.35,0.0,0.0,0.09200000000000001,0.908
saturating,beech,natural,0,0,0,0.4,0,False,0.6,0.35,0.0,0.0,0.06,0.94
saturating,beech,natural,0,0,0,0.8,0,False,0.6,0.35,0.0,0.0,0.019999999999999997,0.98
saturating,beech,natural,1,0.2,0,0.08,0,False,0.6,0.35,0.10008617934542868,0.0,0.08279207150022058,0.8171217491543508
saturating,beech,natural,1,0.2,0,0.4,0,False,0.6,0.35,0.10008617934542868,0.0,0.05399482923927428,0.8459189914152971
saturating,beech,natural,1,0.2,0,0.8,0,False,0.6,0.35,0.10008617934542868,0.0,0.017998276413091426,0.88191554424148
saturating,beech,natural,2,0.5,0,0.08,0,False,0.6,0.35,0.19190287689037627,0.0,0.07434493532608538,0.7337521877835382
saturating,beech,natural,2,0.5,0,0.4,0,False,0.6,0.35,0.19190287689037627,0.0,0.04848582738657742,0.7596112957230463
saturating,beech,natural,2,0.5,0,0.8,0,False,0.6,0.35,0.19190287689037627,0.0,0.01616194246219247,0.7919351806474312
saturating,beech,natural,3,0.9,0,0.08,0,False,0.6,0.35,0.25340347257605517,0.0,0.06868688052300292,0.6779096469009418
saturating,beech,natural,3,0.9,0,0.4,0,False,0.6,0.35,0.25340347257605517,0.0,0.044795791645436685,0.7018007357785081
saturating,beech,natural,3,0.9,0,0.8,0,False,0.6,0.35,0.25340347257605517,0.0,0.014931930548478894,0.7316645968754659
saturating,beech,natural,4,0,0.5,0.08,0,False,0.6,0.35,0.19190287689037627,0.0,0.07434493532608538,0.7337521877835382
saturating,beech,natural,4,0,0.5,0.4,0,False,0.6,0.35,0.19190287689037627,0.0,0.04848582738657742,0.7596112957230463
saturating,beech,natural,4,0,0.5,0.8,0,False,0.6,0.35,0.19190287689037627,0.0,0.01616194246219247,0.7919351806474312
saturating,beech,natural,5,0.5,0.5,0.08,0,False,0.6,0.35,0.19190287689037627,0.0,0.07434493532608538,0.7337521877835382
saturating,beech,natural,5,0.5,0.5,0.4,0,False,0.6,0.35,0.19190287689037627,0.0,0.04848582738657742,0.7596112957230463
saturating,beech,natural,5,0.5,0.5,0.8,0,False,0.6,0.35,0.19190287689037627,0.0,0.01616194246219247,0.7919351806474312
saturating,beech,natural,6,0.9,0.9,0.08,0,False,0.6,0.35,0.25340347257605517,0.0,0.06868688052300292,0.6779096469009418
saturating,beech,natural,6,0.9,0.9,0.4,0,False,0.6,0.35,0.25340347257605517,0.0,0.044795791645436685,0.7018007357785081
saturating,beech,natural,6,0.9,0.9,0.8,0,False,0.6,0.35,0.25340347257605517,0.0,0.014931930548478894,0.7316645968754659
saturating,beech,natural,7,0,0,0.08,0,False,0.6,0.35,0.0,0.0,0.09200000000000001,0.908
saturating,beech,natural,7,0,0,0.4,0,False,0.6,0.35,0.0,0.0,0.06,0.94
saturating,beech,natural,7,0,0,0.8,0,False,0.6,0.35,0.0,0.0,0.019999999999999997,0.98
saturating,beech,natural,8,0,0,0.08,0,True,0.6,0.35,0.0,0.0,0.09200000000000001,0.908
saturating,beech,natural,8,0,0,0.4,0,True,0.6,0.35,0.0,0.0,0.06,0.94
saturating,beech,natural,8,0,0,0.8,0,True,0.6,0.35,0.0,0.0,0.019999999999999997,0.98
saturating,beech,natural,9,0,0,0.08,0.8,False,0.6,0.35,0.0,0.2,0.07360000000000001,0.7264
saturating,beech,natural,9,0,0,0.4,0.8,False,0.6,0.35,0.0,0.2,0.048,0.752
saturating,beech,natural,9,0,0,0.8,0.8,False,0.6,0.35,0.0,0.2,0.015999999999999997,0.784
saturating,beech,natural,10,0,0,0.08,0.8,True,0.6,0.35,0.0,0.0,0.09200000000000001,0.908
saturating,beech,natural,10,0,0,0.4,0.8,True,0.6,0.35,0.0,0.0,0.06,0.94
saturating,beech,natural,10,0,0,0.8,0.8,True,0.6,0.35,0.0,0.0,0.019999999999999997,0.98
saturating,beech,natural,11,0.9,0.9,0.08,0,False,0.6,0.35,0.25340347257605517,0.0,0.06868688052300292,0.6779096469009418
saturating,beech,natural,11,0.9,0.9,0.4,0,False,0.6,0.35,0.25340347257605517,0.0,0.044795791645436685,0.7018007357785081
saturating,beech,natural,11,0.9,0.9,0.8,0,False,0.6,0.35,0.25340347257605517,0.0,0.014931930548478894,0.7316645968754659
saturating,beech,natural,12,0.9,0.9,0.08,0,True,0.6,0.35,0.25340347257605517,0.0,0.06868688052300292,0.6779096469009418
saturating,beech,natural,12,0.9,0.9,0.4,0,True,0.6,0.35,0.25340347257605517,0.0,0.044795791645436685,0.7018007357785081
saturating,beech,natural,12,0.9,0.9,0.8,0,True,0.6,0.35,0.25340347257605517,0.0,0.014931930548478894,0.7316645968754659
saturating,beech,natural,13,0.9,0.9,0.08,0.8,False,0.6,0.35,0.25340347257605517,0.14931930548478897,0.05494950441840234,0.5423277175207535
saturating,beech,natural,13,0.9,0.9,0.4,0.8,False,0.6,0.35,0.25340347257605517,0.14931930548478897,0.03583663331634934,0.5614405886228064
saturating,beech,natural,13,0.9,0.9,0.8,0.8,False,0.6,0.35,0.25340347257605517,0.14931930548478897,0.011945544438783113,0.5853316775003726
saturating,beech,natural,14,0.9,0.9,0.08,0.8,True,0.6,0.35,0.25340347257605517,0.0,0.06868688052300292,0.6779096469009418
saturating,beech,natural,14,0.9,0.9,0.4,0.8,True,0.6,0.35,0.25340347257605517,0.0,0.044795791645436685,0.7018007357785081
saturating,beech,natural,14,0.9,0.9,0.8,0.8,True,0.6,0.35,0.25340347257605517,0.0,0.014931930548478894,0.7316645968754659
saturating,beech,natural,15,0.9,0.9,0.08,0,False,0.2,0.15,0.14480198432917438,0.0,0.07867821744171596,0.7765197982291097
saturating,beech,natural,15,0.9,0.9,0.4,0,False,0.2,0.15,0.14480198432917438,0.0,0.051311880940249535,0.8038861347305761
saturating,beech,natural,15,0.9,0.9,0.8,0,False,0.2,0.15,0.14480198432917438,0.0,0.01710396031341651,0.8380940553574091
saturating,beech,natural,16,0.9,0.9,0.08,0,False,0.2,0.35,0.33787129676807354,0.0,0.06091584069733725,0.6012128625345893
saturating,beech,natural,16,0.9,0.9,0.4,0,False,0.2,0.35,0.33787129676807354,0.0,0.03972772219391559,0.6224009810380109
saturating,beech,natural,16,0.9,0.9,0.8,0,False,0.2,0.35,0.33787129676807354,0.0,0.013242574064638529,0.6488861291672879
saturating,beech,natural,17,0.9,0.9,0.08,0,False,0.2,0.6,0.5792079373166975,0.0,0.03871286976686383,0.38207919291643866
saturating,beech,natural,17,0.9,0.9,0.4,0,False,0.2,0.6,0.5792079373166975,0.0,0.025247523760998147,0.39554453892230435
saturating,beech,natural,17,0.9,0.9,0.8,0,False,0.2,0.6,0.5792079373166975,0.0,0.008415841253666049,0.4123762214296364
saturating,beech,natural,18,0.9,0.9,0.08,0,False,0.6,0.15,0.10860148824688079,0.0,0.08200866308128699,0.8093898486718323
saturating,beech,natural,18,0.9,0.9,0.4,0,False,0.6,0.15,0.10860148824688079,0.0,0.053483910705187154,0.8379146010479321
saturating,beech,natural,18,0.9,0.9,0.8,0,False,0.6,0.15,0.10860148824688079,0.0,0.01782797023506238,0.8735705415180569
saturating,beech,natural,19,0.9,0.9,0.08,0,False,0.6,0.35,0.25340347257605517,0.0,0.06868688052300292,0.6779096469009418
saturating,beech,natural,19,0.9,0.9,0.4,0,False,0.6,0.35,0.25340347257605517,0.0,0.044795791645436685,0.7018007357785081
saturating,beech,natural,19,0.9,0.9,0.8,0,False,0.6,0.35,0.25340347257605517,0.0,0.014931930548478894,0.7316645968754659
saturating,beech,natural,20,0.9,0.9,0.08,0,False,0.6,0.6,0.43440595298752316,0.0,0.052034652325147875,0.5135593946873289
saturating,beech,natural,20,0.9,0.9,0.4,0,False,0.6,0.6,0.43440595298752316,0.0,0.03393564282074861,0.5316584041917283
saturating,beech,natural,20,0.9,0.9,0.8,0,False,0.6,0.6,0.43440595298752316,0.0,0.011311880940249534,0.5542821660722274
saturating,beech,natural,21,0.9,0.9,0.08,0,False,1.5,0.15,0.0,0.0,0.09200000000000001,0.908
saturating,beech,natural,21,0.9,0.9,0.4,0,False,1.5,0.15,0.0,0.0,0.06,0.94
saturating,beech,natural,21,0.9,0.9,0.8,0,False,1.5,0.15,0.0,0.0,0.019999999999999997,0.98
saturating,beech,natural,22,0.9,0.9,0.08,0,False,1.5,0.35,0.0,0.0,0.09200000000000001,0.908
saturating,beech,natural,22,0.9,0.9,0.4,0,False,1.5,0.35,0.0,0.0,0.06,0.94
saturating,beech,natural,22,0.9,0.9,0.8,0,False,1.5,0.35,0.0,0.0,0.019999999999999997,0.98
saturating,beech,natural,23,0.9,0.9,0.08,0,False,1.5,0.6,0.0,0.0,0.09200000000000001,0.908
saturating,beech,natural,23,0.9,0.9,0.4,0,False,1.5,0.6,0.0,0.0,0.06,0.94
saturating,beech,natural,23,0.9,0.9,0.8,0,False,1.5,0.6,0.0,0.0,0.019999999999999997,0.98
saturating,beech,natural,24,0.9,0.9,0.08,0,False,2,0.15,0.0,0.0,0.09200000000000001,0.908
saturating,beech,natural,24,0.9,0.9,0.4,0,False,2,0.15,0.0,0.0,0.06,0.94
saturating,beech,natural,24,0.9,0.9,0.8,0,False,2,0.15,0.0,0.0,0.019999999999999997,0.98
saturating,beech,natural,25,0.9,0.9,0.08,0,False,2,0.35,0.0,0.0,0.09200000000000001,0.908
saturating,beech,natural,25,0.9,0.9,0.4,0,False,2,0.35,0.0,0.0,0.06,0.94
saturating,beech,natural,25,0.9,0.9,0.8,0,False,2,0.35,0.0,0.0,0.019999999999999997,0.98
saturating,beech,natural,26,0.9,0.9,0.08,0,False,2,0.6,0.0,0.0,0.09200000000000001,0.908
saturating,beech,natural,26,0.9,0.9,0.4,0,False,2,0.6,0.0,0.0,0.06,0.94
saturating,beech,natural,26,0.9,0.9,0.8,0,False,2,0.6,0.0,0.0,0.019999999999999997,0.98
saturating,beech,planted_expected,0,0,0,0.08,0,False,0.6,0.35,0.0,0.0,0.09200000000000001,0.908
saturating,beech,planted_expected,0,0,0,0.4,0,False,0.6,0.35,0.0,0.0,0.06,0.94
saturating,beech,planted_expected,0,0,0,0.8,0,False,0.6,0.35,0.0,0.0,0.019999999999999997,0.98
saturating,beech,planted_expected,1,0.2,0,0.08,0,False,0.6,0.35,0.10008617934542868,0.0,0.08279207150022058,0.8171217491543508
saturating,beech,planted_expected,1,0.2,0,0.4,0,False,0.6,0.35,0.10008617934542868,0.0,0.05399482923927428,0.8459189914152971
saturating,beech,planted_expected,1,0.2,0,0.8,0,False,0.6,0.35,0.10008617934542868,0.0,0.017998276413091426,0.88191554424148
saturating,beech,planted_expected,2,0.5,0,0.08,0,False,0.6,0.35,0.19190287689037627,0.0,0.07434493532608538,0.7337521877835382
saturating,beech,planted_expected,2,0.5,0,0.4,0,False,0.6,0.35,0.19190287689037627,0.0,0.04848582738657742,0.7596112957230463
saturating,beech,planted_expected,2,0.5,0,0.8,0,False,0.6,0.35,0.19190287689037627,0.0,0.01616194246219247,0.7919351806474312
saturating,beech,planted_expected,3,0.9,0,0.08,0,False,0.6,0.35,0.25340347257605517,0.0,0.06868688052300292,0.6779096469009418
saturating,beech,planted_expected,3,0.9,0,0.4,0,False,0.6,0.35,0.25340347257605517,0.0,0.044795791645436685,0.7018007357785081
saturating,beech,planted_expected,3,0.9,0,0.8,0,False,0.6,0.35,0.25340347257605517,0.0,0.014931930548478894,0.7316645968754659
saturating,beech,planted_expected,4,0,0.5,0.08,0,False,0.6,0.35,0.19190287689037627,0.0,0.07434493532608538,0.7337521877835382
saturating,beech,planted_expected,4,0,0.5,0.4,0,False,0.6,0.35,0.19190287689037627,0.0,0.04848582738657742,0.7596112957230463
saturating,beech,planted_expected,4,0,0.5,0.8,0,False,0.6,0.35,0.19190287689037627,0.0,0.01616194246219247,0.7919351806474312
saturating,beech,planted_expected,5,0.5,0.5,0.08,0,False,0.6,0.35,0.19190287689037627,0.0,0.07434493532608538,0.7337521877835382
saturating,beech,planted_expected,5,0.5,0.5,0.4,0,False,0.6,0.35,0.19190287689037627,0.0,0.04848582738657742,0.7596112957230463
saturating,beech,planted_expected,5,0.5,0.5,0.8,0,False,0.6,0.35,0.19190287689037627,0.0,0.01616194246219247,0.7919351806474312
saturating,beech,planted_expected,6,0.9,0.9,0.08,0,False,0.6,0.35,0.25340347257605517,0.0,0.06868688052300292,0.6779096469009418
saturating,beech,planted_expected,6,0.9,0.9,0.4,0,False,0.6,0.35,0.25340347257605517,0.0,0.044795791645436685,0.7018007357785081
saturating,beech,planted_expected,6,0.9,0.9,0.8,0,False,0.6,0.35,0.25340347257605517,0.0,0.014931930548478894,0.7316645968754659
saturating,beech,planted_expected,7,0,0,0.08,0,False,0.6,0.35,0.0,0.0,0.09200000000000001,0.908
saturating,beech,planted_expected,7,0,0,0.4,0,False,0.6,0.35,0.0,0.0,0.06,0.94
saturating,beech,planted_expected,7,0,0,0.8,0,False,0.6,0.35,0.0,0.0,0.019999999999999997,0.98
saturating,beech,planted_expected,8,0,0,0.08,0,True,0.6,0.35,0.0,0.0,0.09200000000000001,0.908
saturating,beech,planted_expected,8,0,0,0.4,0,True,0.6,0.35,0.0,0.0,0.06,0.94
saturating,beech,planted_expected,8,0,0,0.8,0,True,0.6,0.35,0.0,0.0,0.019999999999999997,0.98
saturating,beech,planted_expected,9,0,0,0.08,0.8,False,0.6,0.35,0.0,0.2,0.07360000000000001,0.7264
saturating,beech,planted_expected,9,0,0,0.4,0.8,False,0.6,0.35,0.0,0.2,0.048,0.752
saturating,beech,planted_expected,9,0,0,0.8,0.8,False,0.6,0.35,0.0,0.2,0.015999999999999997,0.784
saturating,beech,planted_expected,10,0,0,0.08,0.8,True,0.6,0.35,0.0,0.0,0.09200000000000001,0.908
saturating,beech,planted_expected,10,0,0,0.4,0.8,True,0.6,0.35,0.0,0.0,0.06,0.94
saturating,beech,planted_expected,10,0,0,0.8,0.8,True,0.6,0.35,0.0,0.0,0.019999999999999997,0.98
saturating,beech,planted_expected,11,0.9,0.9,0.08,0,False,0.6,0.35,0.25340347257605517,0.0,0.06868688052300292,0.6779096469009418
saturating,beech,planted_expected,11,0.9,0.9,0.4,0,False,0.6,0.35,0.25340347257605517,0.0,0.044795791645436685,0.7018007357785081
saturating,beech,planted_expected,11,0.9,0.9,0.8,0,False,0.6,0.35,0.25340347257605517,0.0,0.014931930548478894,0.7316645968754659
saturating,beech,planted_expected,12,0.9,0.9,0.08,0,True,0.6,0.35,0.25340347257605517,0.0,0.06868688052300292,0.6779096469009418
saturating,beech,planted_expected,12,0.9,0.9,0.4,0,True,0.6,0.35,0.25340347257605517,0.0,0.044795791645436685,0.7018007357785081
saturating,beech,planted_expected,12,0.9,0.9,0.8,0,True,0.6,0.35,0.25340347257605517,0.0,0.014931930548478894,0.7316645968754659
saturating,beech,planted_expected,13,0.9,0.9,0.08,0.8,False,0.6,0.35,0.25340347257605517,0.14931930548478897,0.05494950441840234,0.5423277175207535
saturating,beech,planted_expected,13,0.9,0.9,0.4,0.8,False,0.6,0.35,0.25340347257605517,0.14931930548478897,0.03583663331634934,0.5614405886228064
saturating,beech,planted_expected,13,0.9,0.9,0.8,0.8,False,0.6,0.35,0.25340347257605517,0.14931930548478897,0.011945544438783113,0.5853316775003726
saturating,beech,planted_expected,14,0.9,0.9,0.08,0.8,True,0.6,0.35,0.25340347257605517,0.0,0.06868688052300292,0.6779096469009418
saturating,beech,planted_expected,14,0.9,0.9,0.4,0.8,True,0.6,0.35,0.25340347257605517,0.0,0.044795791645436685,0.7018007357785081
saturating,beech,planted_expected,14,0.9,0.9,0.8,0.8,True,0.6,0.35,0.25340347257605517,0.0,0.014931930548478894,0.7316645968754659
saturating,beech,planted_expected,15,0.9,0.9,0.08,0,False,0.2,0.15,0.14480198432917438,0.0,0.07867821744171596,0.7765197982291097
saturating,beech,planted_expected,15,0.9,0.9,0.4,0,False,0.2,0.15,0.14480198432917438,0.0,0.051311880940249535,0.8038861347305761
saturating,beech,planted_expected,15,0.9,0.9,0.8,0,False,0.2,0.15,0.14480198432917438,0.0,0.01710396031341651,0.8380940553574091
saturating,beech,planted_expected,16,0.9,0.9,0.08,0,False,0.2,0.35,0.33787129676807354,0.0,0.06091584069733725,0.6012128625345893
saturating,beech,planted_expected,16,0.9,0.9,0.4,0,False,0.2,0.35,0.33787129676807354,0.0,0.03972772219391559,0.6224009810380109
saturating,beech,planted_expected,16,0.9,0.9,0.8,0,False,0.2,0.35,0.33787129676807354,0.0,0.013242574064638529,0.6488861291672879
saturating,beech,planted_expected,17,0.9,0.9,0.08,0,False,0.2,0.6,0.5792079373166975,0.0,0.03871286976686383,0.38207919291643866
saturating,beech,planted_expected,17,0.9,0.9,0.4,0,False,0.2,0.6,0.5792079373166975,0.0,0.025247523760998147,0.39554453892230435
saturating,beech,planted_expected,17,0.9,0.9,0.8,0,False,0.2,0.6,0.5792079373166975,0.0,0.008415841253666049,0.4123762214296364
saturating,beech,planted_expected,18,0.9,0.9,0.08,0,False,0.6,0.15,0.10860148824688079,0.0,0.08200866308128699,0.8093898486718323
saturating,beech,planted_expected,18,0.9,0.9,0.4,0,False,0.6,0.15,0.10860148824688079,0.0,0.053483910705187154,0.8379146010479321
saturating,beech,planted_expected,18,0.9,0.9,0.8,0,False,0.6,0.15,0.10860148824688079,0.0,0.01782797023506238,0.8735705415180569
saturating,beech,planted_expected,19,0.9,0.9,0.08,0,False,0.6,0.35,0.25340347257605517,0.0,0.06868688052300292,0.6779096469009418
saturating,beech,planted_expected,19,0.9,0.9,0.4,0,False,0.6,0.35,0.25340347257605517,0.0,0.044795791645436685,0.7018007357785081
saturating,beech,planted_expected,19,0.9,0.9,0.8,0,False,0.6,0.35,0.25340347257605517,0.0,0.014931930548478894,0.7316645968754659
saturating,beech,planted_expected,20,0.9,0.9,0.08,0,False,0.6,0.6,0.43440595298752316,0.0,0.052034652325147875,0.5135593946873289
saturating,beech,planted_expected,20,0.9,0.9,0.4,0,False,0.6,0.6,0.43440595298752316,0.0,0.03393564282074861,0.5316584041917283
saturating,beech,planted_expected,20,0.9,0.9,0.8,0,False,0.6,0.6,0.43440595298752316,0.0,0.011311880940249534,0.5542821660722274
saturating,beech,planted_expected,21,0.9,0.9,0.08,0,False,1.5,0.15,0.0,0.0,0.09200000000000001,0.908
saturating,beech,planted_expected,21,0.9,0.9,0.4,0,False,1.5,0.15,0.0,0.0,0.06,0.94
saturating,beech,planted_expected,21,0.9,0.9,0.8,0,False,1.5,0.15,0.0,0.0,0.019999999999999997,0.98
saturating,beech,planted_expected,22,0.9,0.9,0.08,0,False,1.5,0.35,0.0,0.0,0.09200000000000001,0.908
saturating,beech,planted_expected,22,0.9,0.9,0.4,0,False,1.5,0.35,0.0,0.0,0.06,0.94
saturating,beech,planted_expected,22,0.9,0.9,0.8,0,False,1.5,0.35,0.0,0.0,0.019999999999999997,0.98
saturating,beech,planted_expected,23,0.9,0.9,0.08,0,False,1.5,0.6,0.0,0.0,0.09200000000000001,0.908
saturating,beech,planted_expected,23,0.9,0.9,0.4,0,False,1.5,0.6,0.0,0.0,0.06,0.94
saturating,beech,planted_expected,23,0.9,0.9,0.8,0,False,1.5,0.6,0.0,0.0,0.019999999999999997,0.98
saturating,beech,planted_expected,24,0.9,0.9,0.08,0,False,2,0.15,0.0,0.0,0.09200000000000001,0.908
saturating,beech,planted_expected,24,0.9,0.9,0.4,0,False,2,0.15,0.0,0.0,0.06,0.94
saturating,beech,planted_expected,24,0.9,0.9,0.8,0,False,2,0.15,0.0,0.0,0.019999999999999997,0.98
saturating,beech,planted_expected,25,0.9,0.9,0.08,0,False,2,0.35,0.0,0.0,0.09200000000000001,0.908
saturating,beech,planted_expected,25,0.9,0.9,0.4,0,False,2,0.35,0.0,0.0,0.06,0.94
saturating,beech,planted_expected,25,0.9,0.9,0.8,0,False,2,0.35,0.0,0.0,0.019999999999999997,0.98
saturating,beech,planted_expected,26,0.9,0.9,0.08,0,False,2,0.6,0.0,0.0,0.09200000000000001,0.908
saturating,beech,planted_expected,26,0.9,0.9,0.4,0,False,2,0.6,0.0,0.0,0.06,0.94
saturating,beech,planted_expected,26,0.9,0.9,0.8,0,False,2,0.6,0.0,0.0,0.019999999999999997,0.98
threshold_saturation,sitka-spruce,natural,0,0,0,0.08,0,False,0.6,0.35,0.0,0.0,0.09200000000000001,0.908
threshold_saturation,sitka-spruce,natural,0,0,0,0.4,0,False,0.6,0.35,0.0,0.0,0.06,0.94
threshold_saturation,sitka-spruce,natural,0,0,0,0.8,0,False,0.6,0.35,0.0,0.0,0.019999999999999997,0.98
threshold_saturation,sitka-spruce,natural,1,0.2,0,0.08,0,False,0.6,0.35,0.0,0.0,0.09200000000000001,0.908
threshold_saturation,sitka-spruce,natural,1,0.2,0,0.4,0,False,0.6,0.35,0.0,0.0,0.06,0.94
threshold_saturation,sitka-spruce,natural,1,0.2,0,0.8,0,False,0.6,0.35,0.0,0.0,0.019999999999999997,0.98
threshold_saturation,sitka-spruce,natural,2,0.5,0,0.08,0,False,0.6,0.35,0.14771969270592655,0.0,0.07840978827105477,0.7738705190230186
threshold_saturation,sitka-spruce,natural,2,0.5,0,0.4,0,False,0.6,0.35,0.14771969270592655,0.0,0.05113681843764441,0.801143488856429
threshold_saturation,sitka-spruce,natural,2,0.5,0,0.8,0,False,0.6,0.35,0.14771969270592655,0.0,0.017045606145881468,0.835234701148192
threshold_saturation,sitka-spruce,natural,3,0.9,0,0.08,0,False,0.6,0.35,0.2499439421997755,0.0,0.06900515731762066,0.6810509004826037
threshold_saturation,sitka-spruce,natural,3,0.9,0,0.4,0,False,0.6,0.35,0.2499439421997755,0.0,0.045003363468013466,0.705052694332211
threshold_saturation,sitka-spruce,natural,3,0.9,0,0.8,0,False,0.6,0.35,0.2499439421997755,0.0,0.015001121156004486,0.73505493664422
threshold_saturation,sitka-spruce,natural,4,0,0.5,0.08,0,False,0.6,0.35,0.14771969270592655,0.0,0.07840978827105477,0.7738705190230186
threshold_saturation,sitka-spruce,natural,4,0,0.5,0.4,0,False,0.6,0.35,0.14771969270592655,0.0,0.05113681843764441,0.801143488856429
threshold_saturation,sitka-spruce,natural,4,0,0.5,0.8,0,False,0.6,0.35,0.14771969270592655,0.0,0.017045606145881468,0.835234701148192
threshold_saturation,sitka-spruce,natural,5,0.5,0.5,0.08,0,False,0.6,0.35,0.14771969270592655,0.0,0.07840978827105477,0.7738705190230186
threshold_saturation,sitka-spruce,natural,5,0.5,0.5,0.4,0,False,0.6,0.35,0.14771969270592655,0.0,0.05113681843764441,0.801143488856429
threshold_saturation,sitka-spruce,natural,5,0.5,0.5,0.8,0,False,0.6,0.35,0.14771969270592655,0.0,0.017045606145881468,0.835234701148192
threshold_saturation,sitka-spruce,natural,6,0.9,0.9,0.08,0,False,0.6,0.35,0.2499439421997755,0.0,0.06900515731762066,0.6810509004826037
threshold_saturation,sitka-spruce,natural,6,0.9,0.9,0.4,0,False,0.6,0.35,0.2499439421997755,0.0,0.045003363468013466,0.705052694332211
threshold_saturation,sitka-spruce,natural,6,0.9,0.9,0.8,0,False,0.6,0.35,0.2499439421997755,0.0,0.015001121156004486,0.73505493664422
threshold_saturation,sitka-spruce,natural,7,0,0,0.08,0,False,0.6,0.35,0.0,0.0,0.09200000000000001,0.908
threshold_saturation,sitka-spruce,natural,7,0,0,0.4,0,False,0.6,0.35,0.0,0.0,0.06,0.94
threshold_saturation,sitka-spruce,natural,7,0,0,0.8,0,False,0.6,0.35,0.0,0.0,0.019999999999999997,0.98
threshold_saturation,sitka-spruce,natural,8,0,0,0.08,0,True,0.6,0.35,0.0,0.0,0.09200000000000001,0.908
threshold_saturation,sitka-spruce,natural,8,0,0,0.4,0,True,0.6,0.35,0.0,0.0,0.06,0.94
threshold_saturation,sitka-spruce,natural,8,0,0,0.8,0,True,0.6,0.35,0.0,0.0,0.019999999999999997,0.98
threshold_saturation,sitka-spruce,natural,9,0,0,0.08,0.8,False,0.6,0.35,0.0,0.2,0.07360000000000001,0.7264
threshold_saturation,sitka-spruce,natural,9,0,0,0.4,0.8,False,0.6,0.35,0.0,0.2,0.048,0.752
threshold_saturation,sitka-spruce,natural,9,0,0,0.8,0.8,False,0.6,0.35,0.0,0.2,0.015999999999999997,0.784
threshold_saturation,sitka-spruce,natural,10,0,0,0.08,0.8,True,0.6,0.35,0.0,0.0,0.09200000000000001,0.908
threshold_saturation,sitka-spruce,natural,10,0,0,0.4,0.8,True,0.6,0.35,0.0,0.0,0.06,0.94
threshold_saturation,sitka-spruce,natural,10,0,0,0.8,0.8,True,0.6,0.35,0.0,0.0,0.019999999999999997,0.98
threshold_saturation,sitka-spruce,natural,11,0.9,0.9,0.08,0,False,0.6,0.35,0.2499439421997755,0.0,0.06900515731762066,0.6810509004826037
threshold_saturation,sitka-spruce,natural,11,0.9,0.9,0.4,0,False,0.6,0.35,0.2499439421997755,0.0,0.045003363468013466,0.705052694332211
threshold_saturation,sitka-spruce,natural,11,0.9,0.9,0.8,0,False,0.6,0.35,0.2499439421997755,0.0,0.015001121156004486,0.73505493664422
threshold_saturation,sitka-spruce,natural,12,0.9,0.9,0.08,0,True,0.6,0.35,0.2499439421997755,0.0,0.06900515731762066,0.6810509004826037
threshold_saturation,sitka-spruce,natural,12,0.9,0.9,0.4,0,True,0.6,0.35,0.2499439421997755,0.0,0.045003363468013466,0.705052694332211
threshold_saturation,sitka-spruce,natural,12,0.9,0.9,0.8,0,True,0.6,0.35,0.2499439421997755,0.0,0.015001121156004486,0.73505493664422
threshold_saturation,sitka-spruce,natural,13,0.9,0.9,0.08,0.8,False,0.6,0.35,0.2499439421997755,0.1500112115600449,0.05520412585409652,0.544840720386083
threshold_saturation,sitka-spruce,natural,13,0.9,0.9,0.4,0.8,False,0.6,0.35,0.2499439421997755,0.1500112115600449,0.03600269077441077,0.5640421554657687
threshold_saturation,sitka-spruce,natural,13,0.9,0.9,0.8,0.8,False,0.6,0.35,0.2499439421997755,0.1500112115600449,0.012000896924803588,0.588043949315376
threshold_saturation,sitka-spruce,natural,14,0.9,0.9,0.08,0.8,True,0.6,0.35,0.2499439421997755,0.0,0.06900515731762066,0.6810509004826037
threshold_saturation,sitka-spruce,natural,14,0.9,0.9,0.4,0.8,True,0.6,0.35,0.2499439421997755,0.0,0.045003363468013466,0.705052694332211
threshold_saturation,sitka-spruce,natural,14,0.9,0.9,0.8,0.8,True,0.6,0.35,0.2499439421997755,0.0,0.015001121156004486,0.73505493664422
threshold_saturation,sitka-spruce,natural,15,0.9,0.9,0.08,0,False,0.2,0.15,0.14282510982844315,0.0,0.07886008989578323,0.7783148002757736
threshold_saturation,sitka-spruce,natural,15,0.9,0.9,0.4,0,False,0.2,0.15,0.14282510982844315,0.0,0.051430493410293404,0.8057443967612634
threshold_saturation,sitka-spruce,natural,15,0.9,0.9,0.8,0,False,0.2,0.15,0.14282510982844315,0.0,0.017143497803431135,0.8400313923681256
threshold_saturation,sitka-spruce,natural,16,0.9,0.9,0.08,0,False,0.2,0.35,0.33325858959970067,0.0,0.061340209756827545,0.6054012006434718
threshold_saturation,sitka-spruce,natural,16,0.9,0.9,0.4,0,False,0.2,0.35,0.33325858959970067,0.0,0.040004484624017955,0.6267369257762814
threshold_saturation,sitka-spruce,natural,16,0.9,0.9,0.8,0,False,0.2,0.35,0.33325858959970067,0.0,0.013334828208005984,0.6534065821922933
threshold_saturation,sitka-spruce,natural,17,0.9,0.9,0.08,0,False,0.2,0.6,0.5713004393137726,0.0,0.039440359583132925,0.3892592011030945
threshold_saturation,sitka-spruce,natural,17,0.9,0.9,0.4,0,False,0.2,0.6,0.5713004393137726,0.0,0.02572197364117364,0.40297758704505376
threshold_saturation,sitka-spruce,natural,17,0.9,0.9,0.8,0,False,0.2,0.6,0.5713004393137726,0.0,0.008573991213724546,0.42012556947250285
threshold_saturation,sitka-spruce,natural,18,0.9,0.9,0.08,0,False,0.6,0.15,0.10711883237133236,0.0,0.08214506742183743,0.8107361002068302
threshold_saturation,sitka-spruce,natural,18,0.9,0.9,0.4,0,False,0.6,0.15,0.10711883237133236,0.0,0.05357287005772006,0.8393082975709476
threshold_saturation,sitka-spruce,natural,18,0.9,0.9,0.8,0,False,0.6,0.15,0.10711883237133236,0.0,0.01785762335257335,0.8750235442760943
threshold_saturation,sitka-spruce,natural,19,0.9,0.9,0.08,0,False,0.6,0.35,0.2499439421997755,0.0,0.06900515731762066,0.6810509004826037
threshold_saturation,sitka-spruce,natural,19,0.9,0.9,0.4,0,False,0.6,0.35,0.2499439421997755,0.0,0.045003363468013466,0.705052694332211
threshold_saturation,sitka-spruce,natural,19,0.9,0.9,0.8,0,False,0.6,0.35,0.2499439421997755,0.0,0.015001121156004486,0.73505493664422
threshold_saturation,sitka-spruce,natural,20,0.9,0.9,0.08,0,False,0.6,0.6,0.42847532948532946,0.0,0.052580269687349704,0.5189444008273209
threshold_saturation,sitka-spruce,natural,20,0.9,0.9,0.4,0,False,0.6,0.6,0.42847532948532946,0.0,0.03429148023088024,0.5372331902837904
threshold_saturation,sitka-spruce,natural,20,0.9,0.9,0.8,0,False,0.6,0.6,0.42847532948532946,0.0,0.01143049341029341,0.5600941771043771
threshold_saturation,sitka-spruce,natural,21,0.9,0.9,0.08,0,False,1.5,0.15,0.0,0.0,0.09200000000000001,0.908
threshold_saturation,sitka-spruce,natural,21,0.9,0.9,0.4,0,False,1.5,0.15,0.0,0.0,0.06,0.94
threshold_saturation,sitka-spruce,natural,21,0.9,0.9,0.8,0,False,1.5,0.15,0.0,0.0,0.019999999999999997,0.98
threshold_saturation,sitka-spruce,natural,22,0.9,0.9,0.08,0,False,1.5,0.35,0.0,0.0,0.09200000000000001,0.908
threshold_saturation,sitka-spruce,natural,22,0.9,0.9,0.4,0,False,1.5,0.35,0.0,0.0,0.06,0.94
threshold_saturation,sitka-spruce,natural,22,0.9,0.9,0.8,0,False,1.5,0.35,0.0,0.0,0.019999999999999997,0.98
threshold_saturation,sitka-spruce,natural,23,0.9,0.9,0.08,0,False,1.5,0.6,0.0,0.0,0.09200000000000001,0.908
threshold_saturation,sitka-spruce,natural,23,0.9,0.9,0.4,0,False,1.5,0.6,0.0,0.0,0.06,0.94
threshold_saturation,sitka-spruce,natural,23,0.9,0.9,0.8,0,False,1.5,0.6,0.0,0.0,0.019999999999999997,0.98
threshold_saturation,sitka-spruce,natural,24,0.9,0.9,0.08,0,False,2,0.15,0.0,0.0,0.09200000000000001,0.908
threshold_saturation,sitka-spruce,natural,24,0.9,0.9,0.4,0,False,2,0.15,0.0,0.0,0.06,0.94
threshold_saturation,sitka-spruce,natural,24,0.9,0.9,0.8,0,False,2,0.15,0.0,0.0,0.019999999999999997,0.98
threshold_saturation,sitka-spruce,natural,25,0.9,0.9,0.08,0,False,2,0.35,0.0,0.0,0.09200000000000001,0.908
threshold_saturation,sitka-spruce,natural,25,0.9,0.9,0.4,0,False,2,0.35,0.0,0.0,0.06,0.94
threshold_saturation,sitka-spruce,natural,25,0.9,0.9,0.8,0,False,2,0.35,0.0,0.0,0.019999999999999997,0.98
threshold_saturation,sitka-spruce,natural,26,0.9,0.9,0.08,0,False,2,0.6,0.0,0.0,0.09200000000000001,0.908
threshold_saturation,sitka-spruce,natural,26,0.9,0.9,0.4,0,False,2,0.6,0.0,0.0,0.06,0.94
threshold_saturation,sitka-spruce,natural,26,0.9,0.9,0.8,0,False,2,0.6,0.0,0.0,0.019999999999999997,0.98
threshold_saturation,sitka-spruce,planted_expected,0,0,0,0.08,0,False,0.6,0.35,0.0,0.0,0.09200000000000001,0.908
threshold_saturation,sitka-spruce,planted_expected,0,0,0,0.4,0,False,0.6,0.35,0.0,0.0,0.06,0.94
threshold_saturation,sitka-spruce,planted_expected,0,0,0,0.8,0,False,0.6,0.35,0.0,0.0,0.019999999999999997,0.98
threshold_saturation,sitka-spruce,planted_expected,1,0.2,0,0.08,0,False,0.6,0.35,0.0,0.0,0.09200000000000001,0.908
threshold_saturation,sitka-spruce,planted_expected,1,0.2,0,0.4,0,False,0.6,0.35,0.0,0.0,0.06,0.94
threshold_saturation,sitka-spruce,planted_expected,1,0.2,0,0.8,0,False,0.6,0.35,0.0,0.0,0.019999999999999997,0.98
threshold_saturation,sitka-spruce,planted_expected,2,0.5,0,0.08,0,False,0.6,0.35,0.14771969270592655,0.0,0.07840978827105477,0.7738705190230186
threshold_saturation,sitka-spruce,planted_expected,2,0.5,0,0.4,0,False,0.6,0.35,0.14771969270592655,0.0,0.05113681843764441,0.801143488856429
threshold_saturation,sitka-spruce,planted_expected,2,0.5,0,0.8,0,False,0.6,0.35,0.14771969270592655,0.0,0.017045606145881468,0.835234701148192
threshold_saturation,sitka-spruce,planted_expected,3,0.9,0,0.08,0,False,0.6,0.35,0.2499439421997755,0.0,0.06900515731762066,0.6810509004826037
threshold_saturation,sitka-spruce,planted_expected,3,0.9,0,0.4,0,False,0.6,0.35,0.2499439421997755,0.0,0.045003363468013466,0.705052694332211
threshold_saturation,sitka-spruce,planted_expected,3,0.9,0,0.8,0,False,0.6,0.35,0.2499439421997755,0.0,0.015001121156004486,0.73505493664422
threshold_saturation,sitka-spruce,planted_expected,4,0,0.5,0.08,0,False,0.6,0.35,0.14771969270592655,0.0,0.07840978827105477,0.7738705190230186
threshold_saturation,sitka-spruce,planted_expected,4,0,0.5,0.4,0,False,0.6,0.35,0.14771969270592655,0.0,0.05113681843764441,0.801143488856429
threshold_saturation,sitka-spruce,planted_expected,4,0,0.5,0.8,0,False,0.6,0.35,0.14771969270592655,0.0,0.017045606145881468,0.835234701148192
threshold_saturation,sitka-spruce,planted_expected,5,0.5,0.5,0.08,0,False,0.6,0.35,0.14771969270592655,0.0,0.07840978827105477,0.7738705190230186
threshold_saturation,sitka-spruce,planted_expected,5,0.5,0.5,0.4,0,False,0.6,0.35,0.14771969270592655,0.0,0.05113681843764441,0.801143488856429
threshold_saturation,sitka-spruce,planted_expected,5,0.5,0.5,0.8,0,False,0.6,0.35,0.14771969270592655,0.0,0.017045606145881468,0.835234701148192
threshold_saturation,sitka-spruce,planted_expected,6,0.9,0.9,0.08,0,False,0.6,0.35,0.2499439421997755,0.0,0.06900515731762066,0.6810509004826037
threshold_saturation,sitka-spruce,planted_expected,6,0.9,0.9,0.4,0,False,0.6,0.35,0.2499439421997755,0.0,0.045003363468013466,0.705052694332211
threshold_saturation,sitka-spruce,planted_expected,6,0.9,0.9,0.8,0,False,0.6,0.35,0.2499439421997755,0.0,0.015001121156004486,0.73505493664422
threshold_saturation,sitka-spruce,planted_expected,7,0,0,0.08,0,False,0.6,0.35,0.0,0.0,0.09200000000000001,0.908
threshold_saturation,sitka-spruce,planted_expected,7,0,0,0.4,0,False,0.6,0.35,0.0,0.0,0.06,0.94
threshold_saturation,sitka-spruce,planted_expected,7,0,0,0.8,0,False,0.6,0.35,0.0,0.0,0.019999999999999997,0.98
threshold_saturation,sitka-spruce,planted_expected,8,0,0,0.08,0,True,0.6,0.35,0.0,0.0,0.09200000000000001,0.908
threshold_saturation,sitka-spruce,planted_expected,8,0,0,0.4,0,True,0.6,0.35,0.0,0.0,0.06,0.94
threshold_saturation,sitka-spruce,planted_expected,8,0,0,0.8,0,True,0.6,0.35,0.0,0.0,0.019999999999999997,0.98
threshold_saturation,sitka-spruce,planted_expected,9,0,0,0.08,0.8,False,0.6,0.35,0.0,0.2,0.07360000000000001,0.7264
threshold_saturation,sitka-spruce,planted_expected,9,0,0,0.4,0.8,False,0.6,0.35,0.0,0.2,0.048,0.752
threshold_saturation,sitka-spruce,planted_expected,9,0,0,0.8,0.8,False,0.6,0.35,0.0,0.2,0.015999999999999997,0.784
threshold_saturation,sitka-spruce,planted_expected,10,0,0,0.08,0.8,True,0.6,0.35,0.0,0.0,0.09200000000000001,0.908
threshold_saturation,sitka-spruce,planted_expected,10,0,0,0.4,0.8,True,0.6,0.35,0.0,0.0,0.06,0.94
threshold_saturation,sitka-spruce,planted_expected,10,0,0,0.8,0.8,True,0.6,0.35,0.0,0.0,0.019999999999999997,0.98
threshold_saturation,sitka-spruce,planted_expected,11,0.9,0.9,0.08,0,False,0.6,0.35,0.2499439421997755,0.0,0.06900515731762066,0.6810509004826037
threshold_saturation,sitka-spruce,planted_expected,11,0.9,0.9,0.4,0,False,0.6,0.35,0.2499439421997755,0.0,0.045003363468013466,0.705052694332211
threshold_saturation,sitka-spruce,planted_expected,11,0.9,0.9,0.8,0,False,0.6,0.35,0.2499439421997755,0.0,0.015001121156004486,0.73505493664422
threshold_saturation,sitka-spruce,planted_expected,12,0.9,0.9,0.08,0,True,0.6,0.35,0.2499439421997755,0.0,0.06900515731762066,0.6810509004826037
threshold_saturation,sitka-spruce,planted_expected,12,0.9,0.9,0.4,0,True,0.6,0.35,0.2499439421997755,0.0,0.045003363468013466,0.705052694332211
threshold_saturation,sitka-spruce,planted_expected,12,0.9,0.9,0.8,0,True,0.6,0.35,0.2499439421997755,0.0,0.015001121156004486,0.73505493664422
threshold_saturation,sitka-spruce,planted_expected,13,0.9,0.9,0.08,0.8,False,0.6,0.35,0.2499439421997755,0.1500112115600449,0.05520412585409652,0.544840720386083
threshold_saturation,sitka-spruce,planted_expected,13,0.9,0.9,0.4,0.8,False,0.6,0.35,0.2499439421997755,0.1500112115600449,0.03600269077441077,0.5640421554657687
threshold_saturation,sitka-spruce,planted_expected,13,0.9,0.9,0.8,0.8,False,0.6,0.35,0.2499439421997755,0.1500112115600449,0.012000896924803588,0.588043949315376
threshold_saturation,sitka-spruce,planted_expected,14,0.9,0.9,0.08,0.8,True,0.6,0.35,0.2499439421997755,0.0,0.06900515731762066,0.6810509004826037
threshold_saturation,sitka-spruce,planted_expected,14,0.9,0.9,0.4,0.8,True,0.6,0.35,0.2499439421997755,0.0,0.045003363468013466,0.705052694332211
threshold_saturation,sitka-spruce,planted_expected,14,0.9,0.9,0.8,0.8,True,0.6,0.35,0.2499439421997755,0.0,0.015001121156004486,0.73505493664422
threshold_saturation,sitka-spruce,planted_expected,15,0.9,0.9,0.08,0,False,0.2,0.15,0.14282510982844315,0.0,0.07886008989578323,0.7783148002757736
threshold_saturation,sitka-spruce,planted_expected,15,0.9,0.9,0.4,0,False,0.2,0.15,0.14282510982844315,0.0,0.051430493410293404,0.8057443967612634
threshold_saturation,sitka-spruce,planted_expected,15,0.9,0.9,0.8,0,False,0.2,0.15,0.14282510982844315,0.0,0.017143497803431135,0.8400313923681256
threshold_saturation,sitka-spruce,planted_expected,16,0.9,0.9,0.08,0,False,0.2,0.35,0.33325858959970067,0.0,0.061340209756827545,0.6054012006434718
threshold_saturation,sitka-spruce,planted_expected,16,0.9,0.9,0.4,0,False,0.2,0.35,0.33325858959970067,0.0,0.040004484624017955,0.6267369257762814
threshold_saturation,sitka-spruce,planted_expected,16,0.9,0.9,0.8,0,False,0.2,0.35,0.33325858959970067,0.0,0.013334828208005984,0.6534065821922933
threshold_saturation,sitka-spruce,planted_expected,17,0.9,0.9,0.08,0,False,0.2,0.6,0.5713004393137726,0.0,0.039440359583132925,0.3892592011030945
threshold_saturation,sitka-spruce,planted_expected,17,0.9,0.9,0.4,0,False,0.2,0.6,0.5713004393137726,0.0,0.02572197364117364,0.40297758704505376
threshold_saturation,sitka-spruce,planted_expected,17,0.9,0.9,0.8,0,False,0.2,0.6,0.5713004393137726,0.0,0.008573991213724546,0.42012556947250285
threshold_saturation,sitka-spruce,planted_expected,18,0.9,0.9,0.08,0,False,0.6,0.15,0.10711883237133236,0.0,0.08214506742183743,0.8107361002068302
threshold_saturation,sitka-spruce,planted_expected,18,0.9,0.9,0.4,0,False,0.6,0.15,0.10711883237133236,0.0,0.05357287005772006,0.8393082975709476
threshold_saturation,sitka-spruce,planted_expected,18,0.9,0.9,0.8,0,False,0.6,0.15,0.10711883237133236,0.0,0.01785762335257335,0.8750235442760943
threshold_saturation,sitka-spruce,planted_expected,19,0.9,0.9,0.08,0,False,0.6,0.35,0.2499439421997755,0.0,0.06900515731762066,0.6810509004826037
threshold_saturation,sitka-spruce,planted_expected,19,0.9,0.9,0.4,0,False,0.6,0.35,0.2499439421997755,0.0,0.045003363468013466,0.705052694332211
threshold_saturation,sitka-spruce,planted_expected,19,0.9,0.9,0.8,0,False,0.6,0.35,0.2499439421997755,0.0,0.015001121156004486,0.73505493664422
threshold_saturation,sitka-spruce,planted_expected,20,0.9,0.9,0.08,0,False,0.6,0.6,0.42847532948532946,0.0,0.052580269687349704,0.5189444008273209
threshold_saturation,sitka-spruce,planted_expected,20,0.9,0.9,0.4,0,False,0.6,0.6,0.42847532948532946,0.0,0.03429148023088024,0.5372331902837904
threshold_saturation,sitka-spruce,planted_expected,20,0.9,0.9,0.8,0,False,0.6,0.6,0.42847532948532946,0.0,0.01143049341029341,0.5600941771043771
threshold_saturation,sitka-spruce,planted_expected,21,0.9,0.9,0.08,0,False,1.5,0.15,0.0,0.0,0.09200000000000001,0.908
threshold_saturation,sitka-spruce,planted_expected,21,0.9,0.9,0.4,0,False,1.5,0.15,0.0,0.0,0.06,0.94
threshold_saturation,sitka-spruce,planted_expected,21,0.9,0.9,0.8,0,False,1.5,0.15,0.0,0.0,0.019999999999999997,0.98
threshold_saturation,sitka-spruce,planted_expected,22,0.9,0.9,0.08,0,False,1.5,0.35,0.0,0.0,0.09200000000000001,0.908
threshold_saturation,sitka-spruce,planted_expected,22,0.9,0.9,0.4,0,False,1.5,0.35,0.0,0.0,0.06,0.94
threshold_saturation,sitka-spruce,planted_expected,22,0.9,0.9,0.8,0,False,1.5,0.35,0.0,0.0,0.019999999999999997,0.98
threshold_saturation,sitka-spruce,planted_expected,23,0.9,0.9,0.08,0,False,1.5,0.6,0.0,0.0,0.09200000000000001,0.908
threshold_saturation,sitka-spruce,planted_expected,23,0.9,0.9,0.4,0,False,1.5,0.6,0.0,0.0,0.06,0.94
threshold_saturation,sitka-spruce,planted_expected,23,0.9,0.9,0.8,0,False,1.5,0.6,0.0,0.0,0.019999999999999997,0.98
threshold_saturation,sitka-spruce,planted_expected,24,0.9,0.9,0.08,0,False,2,0.15,0.0,0.0,0.09200000000000001,0.908
threshold_saturation,sitka-spruce,planted_expected,24,0.9,0.9,0.4,0,False,2,0.15,0.0,0.0,0.06,0.94
threshold_saturation,sitka-spruce,planted_expected,24,0.9,0.9,0.8,0,False,2,0.15,0.0,0.0,0.019999999999999997,0.98
threshold_saturation,sitka-spruce,planted_expected,25,0.9,0.9,0.08,0,False,2,0.35,0.0,0.0,0.09200000000000001,0.908
threshold_saturation,sitka-spruce,planted_expected,25,0.9,0.9,0.4,0,False,2,0.35,0.0,0.0,0.06,0.94
threshold_saturation,sitka-spruce,planted_expected,25,0.9,0.9,0.8,0,False,2,0.35,0.0,0.0,0.019999999999999997,0.98
threshold_saturation,sitka-spruce,planted_expected,26,0.9,0.9,0.08,0,False,2,0.6,0.0,0.0,0.09200000000000001,0.908
threshold_saturation,sitka-spruce,planted_expected,26,0.9,0.9,0.4,0,False,2,0.6,0.0,0.0,0.06,0.94
threshold_saturation,sitka-spruce,planted_expected,26,0.9,0.9,0.8,0,False,2,0.6,0.0,0.0,0.019999999999999997,0.98
threshold_saturation,sessile-oak,natural,0,0,0,0.08,0,False,0.6,0.35,0.0,0.0,0.09200000000000001,0.908
threshold_saturation,sessile-oak,natural,0,0,0,0.4,0,False,0.6,0.35,0.0,0.0,0.06,0.94
threshold_saturation,sessile-oak,natural,0,0,0,0.8,0,False,0.6,0.35,0.0,0.0,0.019999999999999997,0.98
threshold_saturation,sessile-oak,natural,1,0.2,0,0.08,0,False,0.6,0.35,0.0,0.0,0.09200000000000001,0.908
threshold_saturation,sessile-oak,natural,1,0.2,0,0.4,0,False,0.6,0.35,0.0,0.0,0.06,0.94
threshold_saturation,sessile-oak,natural,1,0.2,0,0.8,0,False,0.6,0.35,0.0,0.0,0.019999999999999997,0.98
threshold_saturation,sessile-oak,natural,2,0.5,0,0.08,0,False,0.6,0.35,0.14771969270592655,0.0,0.07840978827105477,0.7738705190230186
threshold_saturation,sessile-oak,natural,2,0.5,0,0.4,0,False,0.6,0.35,0.14771969270592655,0.0,0.05113681843764441,0.801143488856429
threshold_saturation,sessile-oak,natural,2,0.5,0,0.8,0,False,0.6,0.35,0.14771969270592655,0.0,0.017045606145881468,0.835234701148192
threshold_saturation,sessile-oak,natural,3,0.9,0,0.08,0,False,0.6,0.35,0.2499439421997755,0.0,0.06900515731762066,0.6810509004826037
threshold_saturation,sessile-oak,natural,3,0.9,0,0.4,0,False,0.6,0.35,0.2499439421997755,0.0,0.045003363468013466,0.705052694332211
threshold_saturation,sessile-oak,natural,3,0.9,0,0.8,0,False,0.6,0.35,0.2499439421997755,0.0,0.015001121156004486,0.73505493664422
threshold_saturation,sessile-oak,natural,4,0,0.5,0.08,0,False,0.6,0.35,0.14771969270592655,0.0,0.07840978827105477,0.7738705190230186
threshold_saturation,sessile-oak,natural,4,0,0.5,0.4,0,False,0.6,0.35,0.14771969270592655,0.0,0.05113681843764441,0.801143488856429
threshold_saturation,sessile-oak,natural,4,0,0.5,0.8,0,False,0.6,0.35,0.14771969270592655,0.0,0.017045606145881468,0.835234701148192
threshold_saturation,sessile-oak,natural,5,0.5,0.5,0.08,0,False,0.6,0.35,0.14771969270592655,0.0,0.07840978827105477,0.7738705190230186
threshold_saturation,sessile-oak,natural,5,0.5,0.5,0.4,0,False,0.6,0.35,0.14771969270592655,0.0,0.05113681843764441,0.801143488856429
threshold_saturation,sessile-oak,natural,5,0.5,0.5,0.8,0,False,0.6,0.35,0.14771969270592655,0.0,0.017045606145881468,0.835234701148192
threshold_saturation,sessile-oak,natural,6,0.9,0.9,0.08,0,False,0.6,0.35,0.2499439421997755,0.0,0.06900515731762066,0.6810509004826037
threshold_saturation,sessile-oak,natural,6,0.9,0.9,0.4,0,False,0.6,0.35,0.2499439421997755,0.0,0.045003363468013466,0.705052694332211
threshold_saturation,sessile-oak,natural,6,0.9,0.9,0.8,0,False,0.6,0.35,0.2499439421997755,0.0,0.015001121156004486,0.73505493664422
threshold_saturation,sessile-oak,natural,7,0,0,0.08,0,False,0.6,0.35,0.0,0.0,0.09200000000000001,0.908
threshold_saturation,sessile-oak,natural,7,0,0,0.4,0,False,0.6,0.35,0.0,0.0,0.06,0.94
threshold_saturation,sessile-oak,natural,7,0,0,0.8,0,False,0.6,0.35,0.0,0.0,0.019999999999999997,0.98
threshold_saturation,sessile-oak,natural,8,0,0,0.08,0,True,0.6,0.35,0.0,0.0,0.09200000000000001,0.908
threshold_saturation,sessile-oak,natural,8,0,0,0.4,0,True,0.6,0.35,0.0,0.0,0.06,0.94
threshold_saturation,sessile-oak,natural,8,0,0,0.8,0,True,0.6,0.35,0.0,0.0,0.019999999999999997,0.98
threshold_saturation,sessile-oak,natural,9,0,0,0.08,0.8,False,0.6,0.35,0.0,0.2,0.07360000000000001,0.7264
threshold_saturation,sessile-oak,natural,9,0,0,0.4,0.8,False,0.6,0.35,0.0,0.2,0.048,0.752
threshold_saturation,sessile-oak,natural,9,0,0,0.8,0.8,False,0.6,0.35,0.0,0.2,0.015999999999999997,0.784
threshold_saturation,sessile-oak,natural,10,0,0,0.08,0.8,True,0.6,0.35,0.0,0.0,0.09200000000000001,0.908
threshold_saturation,sessile-oak,natural,10,0,0,0.4,0.8,True,0.6,0.35,0.0,0.0,0.06,0.94
threshold_saturation,sessile-oak,natural,10,0,0,0.8,0.8,True,0.6,0.35,0.0,0.0,0.019999999999999997,0.98
threshold_saturation,sessile-oak,natural,11,0.9,0.9,0.08,0,False,0.6,0.35,0.2499439421997755,0.0,0.06900515731762066,0.6810509004826037
threshold_saturation,sessile-oak,natural,11,0.9,0.9,0.4,0,False,0.6,0.35,0.2499439421997755,0.0,0.045003363468013466,0.705052694332211
threshold_saturation,sessile-oak,natural,11,0.9,0.9,0.8,0,False,0.6,0.35,0.2499439421997755,0.0,0.015001121156004486,0.73505493664422
threshold_saturation,sessile-oak,natural,12,0.9,0.9,0.08,0,True,0.6,0.35,0.2499439421997755,0.0,0.06900515731762066,0.6810509004826037
threshold_saturation,sessile-oak,natural,12,0.9,0.9,0.4,0,True,0.6,0.35,0.2499439421997755,0.0,0.045003363468013466,0.705052694332211
threshold_saturation,sessile-oak,natural,12,0.9,0.9,0.8,0,True,0.6,0.35,0.2499439421997755,0.0,0.015001121156004486,0.73505493664422
threshold_saturation,sessile-oak,natural,13,0.9,0.9,0.08,0.8,False,0.6,0.35,0.2499439421997755,0.1500112115600449,0.05520412585409652,0.544840720386083
threshold_saturation,sessile-oak,natural,13,0.9,0.9,0.4,0.8,False,0.6,0.35,0.2499439421997755,0.1500112115600449,0.03600269077441077,0.5640421554657687
threshold_saturation,sessile-oak,natural,13,0.9,0.9,0.8,0.8,False,0.6,0.35,0.2499439421997755,0.1500112115600449,0.012000896924803588,0.588043949315376
threshold_saturation,sessile-oak,natural,14,0.9,0.9,0.08,0.8,True,0.6,0.35,0.2499439421997755,0.0,0.06900515731762066,0.6810509004826037
threshold_saturation,sessile-oak,natural,14,0.9,0.9,0.4,0.8,True,0.6,0.35,0.2499439421997755,0.0,0.045003363468013466,0.705052694332211
threshold_saturation,sessile-oak,natural,14,0.9,0.9,0.8,0.8,True,0.6,0.35,0.2499439421997755,0.0,0.015001121156004486,0.73505493664422
threshold_saturation,sessile-oak,natural,15,0.9,0.9,0.08,0,False,0.2,0.15,0.14282510982844315,0.0,0.07886008989578323,0.7783148002757736
threshold_saturation,sessile-oak,natural,15,0.9,0.9,0.4,0,False,0.2,0.15,0.14282510982844315,0.0,0.051430493410293404,0.8057443967612634
threshold_saturation,sessile-oak,natural,15,0.9,0.9,0.8,0,False,0.2,0.15,0.14282510982844315,0.0,0.017143497803431135,0.8400313923681256
threshold_saturation,sessile-oak,natural,16,0.9,0.9,0.08,0,False,0.2,0.35,0.33325858959970067,0.0,0.061340209756827545,0.6054012006434718
threshold_saturation,sessile-oak,natural,16,0.9,0.9,0.4,0,False,0.2,0.35,0.33325858959970067,0.0,0.040004484624017955,0.6267369257762814
threshold_saturation,sessile-oak,natural,16,0.9,0.9,0.8,0,False,0.2,0.35,0.33325858959970067,0.0,0.013334828208005984,0.6534065821922933
threshold_saturation,sessile-oak,natural,17,0.9,0.9,0.08,0,False,0.2,0.6,0.5713004393137726,0.0,0.039440359583132925,0.3892592011030945
threshold_saturation,sessile-oak,natural,17,0.9,0.9,0.4,0,False,0.2,0.6,0.5713004393137726,0.0,0.02572197364117364,0.40297758704505376
threshold_saturation,sessile-oak,natural,17,0.9,0.9,0.8,0,False,0.2,0.6,0.5713004393137726,0.0,0.008573991213724546,0.42012556947250285
threshold_saturation,sessile-oak,natural,18,0.9,0.9,0.08,0,False,0.6,0.15,0.10711883237133236,0.0,0.08214506742183743,0.8107361002068302
threshold_saturation,sessile-oak,natural,18,0.9,0.9,0.4,0,False,0.6,0.15,0.10711883237133236,0.0,0.05357287005772006,0.8393082975709476
threshold_saturation,sessile-oak,natural,18,0.9,0.9,0.8,0,False,0.6,0.15,0.10711883237133236,0.0,0.01785762335257335,0.8750235442760943
threshold_saturation,sessile-oak,natural,19,0.9,0.9,0.08,0,False,0.6,0.35,0.2499439421997755,0.0,0.06900515731762066,0.6810509004826037
threshold_saturation,sessile-oak,natural,19,0.9,0.9,0.4,0,False,0.6,0.35,0.2499439421997755,0.0,0.045003363468013466,0.705052694332211
threshold_saturation,sessile-oak,natural,19,0.9,0.9,0.8,0,False,0.6,0.35,0.2499439421997755,0.0,0.015001121156004486,0.73505493664422
threshold_saturation,sessile-oak,natural,20,0.9,0.9,0.08,0,False,0.6,0.6,0.42847532948532946,0.0,0.052580269687349704,0.5189444008273209
threshold_saturation,sessile-oak,natural,20,0.9,0.9,0.4,0,False,0.6,0.6,0.42847532948532946,0.0,0.03429148023088024,0.5372331902837904
threshold_saturation,sessile-oak,natural,20,0.9,0.9,0.8,0,False,0.6,0.6,0.42847532948532946,0.0,0.01143049341029341,0.5600941771043771
threshold_saturation,sessile-oak,natural,21,0.9,0.9,0.08,0,False,1.5,0.15,0.0,0.0,0.09200000000000001,0.908
threshold_saturation,sessile-oak,natural,21,0.9,0.9,0.4,0,False,1.5,0.15,0.0,0.0,0.06,0.94
threshold_saturation,sessile-oak,natural,21,0.9,0.9,0.8,0,False,1.5,0.15,0.0,0.0,0.019999999999999997,0.98
threshold_saturation,sessile-oak,natural,22,0.9,0.9,0.08,0,False,1.5,0.35,0.0,0.0,0.09200000000000001,0.908
threshold_saturation,sessile-oak,natural,22,0.9,0.9,0.4,0,False,1.5,0.35,0.0,0.0,0.06,0.94
threshold_saturation,sessile-oak,natural,22,0.9,0.9,0.8,0,False,1.5,0.35,0.0,0.0,0.019999999999999997,0.98
threshold_saturation,sessile-oak,natural,23,0.9,0.9,0.08,0,False,1.5,0.6,0.0,0.0,0.09200000000000001,0.908
threshold_saturation,sessile-oak,natural,23,0.9,0.9,0.4,0,False,1.5,0.6,0.0,0.0,0.06,0.94
threshold_saturation,sessile-oak,natural,23,0.9,0.9,0.8,0,False,1.5,0.6,0.0,0.0,0.019999999999999997,0.98
threshold_saturation,sessile-oak,natural,24,0.9,0.9,0.08,0,False,2,0.15,0.0,0.0,0.09200000000000001,0.908
threshold_saturation,sessile-oak,natural,24,0.9,0.9,0.4,0,False,2,0.15,0.0,0.0,0.06,0.94
threshold_saturation,sessile-oak,natural,24,0.9,0.9,0.8,0,False,2,0.15,0.0,0.0,0.019999999999999997,0.98
threshold_saturation,sessile-oak,natural,25,0.9,0.9,0.08,0,False,2,0.35,0.0,0.0,0.09200000000000001,0.908
threshold_saturation,sessile-oak,natural,25,0.9,0.9,0.4,0,False,2,0.35,0.0,0.0,0.06,0.94
threshold_saturation,sessile-oak,natural,25,0.9,0.9,0.8,0,False,2,0.35,0.0,0.0,0.019999999999999997,0.98
threshold_saturation,sessile-oak,natural,26,0.9,0.9,0.08,0,False,2,0.6,0.0,0.0,0.09200000000000001,0.908
threshold_saturation,sessile-oak,natural,26,0.9,0.9,0.4,0,False,2,0.6,0.0,0.0,0.06,0.94
threshold_saturation,sessile-oak,natural,26,0.9,0.9,0.8,0,False,2,0.6,0.0,0.0,0.019999999999999997,0.98
threshold_saturation,sessile-oak,planted_expected,0,0,0,0.08,0,False,0.6,0.35,0.0,0.0,0.09200000000000001,0.908
threshold_saturation,sessile-oak,planted_expected,0,0,0,0.4,0,False,0.6,0.35,0.0,0.0,0.06,0.94
threshold_saturation,sessile-oak,planted_expected,0,0,0,0.8,0,False,0.6,0.35,0.0,0.0,0.019999999999999997,0.98
threshold_saturation,sessile-oak,planted_expected,1,0.2,0,0.08,0,False,0.6,0.35,0.0,0.0,0.09200000000000001,0.908
threshold_saturation,sessile-oak,planted_expected,1,0.2,0,0.4,0,False,0.6,0.35,0.0,0.0,0.06,0.94
threshold_saturation,sessile-oak,planted_expected,1,0.2,0,0.8,0,False,0.6,0.35,0.0,0.0,0.019999999999999997,0.98
threshold_saturation,sessile-oak,planted_expected,2,0.5,0,0.08,0,False,0.6,0.35,0.14771969270592655,0.0,0.07840978827105477,0.7738705190230186
threshold_saturation,sessile-oak,planted_expected,2,0.5,0,0.4,0,False,0.6,0.35,0.14771969270592655,0.0,0.05113681843764441,0.801143488856429
threshold_saturation,sessile-oak,planted_expected,2,0.5,0,0.8,0,False,0.6,0.35,0.14771969270592655,0.0,0.017045606145881468,0.835234701148192
threshold_saturation,sessile-oak,planted_expected,3,0.9,0,0.08,0,False,0.6,0.35,0.2499439421997755,0.0,0.06900515731762066,0.6810509004826037
threshold_saturation,sessile-oak,planted_expected,3,0.9,0,0.4,0,False,0.6,0.35,0.2499439421997755,0.0,0.045003363468013466,0.705052694332211
threshold_saturation,sessile-oak,planted_expected,3,0.9,0,0.8,0,False,0.6,0.35,0.2499439421997755,0.0,0.015001121156004486,0.73505493664422
threshold_saturation,sessile-oak,planted_expected,4,0,0.5,0.08,0,False,0.6,0.35,0.14771969270592655,0.0,0.07840978827105477,0.7738705190230186
threshold_saturation,sessile-oak,planted_expected,4,0,0.5,0.4,0,False,0.6,0.35,0.14771969270592655,0.0,0.05113681843764441,0.801143488856429
threshold_saturation,sessile-oak,planted_expected,4,0,0.5,0.8,0,False,0.6,0.35,0.14771969270592655,0.0,0.017045606145881468,0.835234701148192
threshold_saturation,sessile-oak,planted_expected,5,0.5,0.5,0.08,0,False,0.6,0.35,0.14771969270592655,0.0,0.07840978827105477,0.7738705190230186
threshold_saturation,sessile-oak,planted_expected,5,0.5,0.5,0.4,0,False,0.6,0.35,0.14771969270592655,0.0,0.05113681843764441,0.801143488856429
threshold_saturation,sessile-oak,planted_expected,5,0.5,0.5,0.8,0,False,0.6,0.35,0.14771969270592655,0.0,0.017045606145881468,0.835234701148192
threshold_saturation,sessile-oak,planted_expected,6,0.9,0.9,0.08,0,False,0.6,0.35,0.2499439421997755,0.0,0.06900515731762066,0.6810509004826037
threshold_saturation,sessile-oak,planted_expected,6,0.9,0.9,0.4,0,False,0.6,0.35,0.2499439421997755,0.0,0.045003363468013466,0.705052694332211
threshold_saturation,sessile-oak,planted_expected,6,0.9,0.9,0.8,0,False,0.6,0.35,0.2499439421997755,0.0,0.015001121156004486,0.73505493664422
threshold_saturation,sessile-oak,planted_expected,7,0,0,0.08,0,False,0.6,0.35,0.0,0.0,0.09200000000000001,0.908
threshold_saturation,sessile-oak,planted_expected,7,0,0,0.4,0,False,0.6,0.35,0.0,0.0,0.06,0.94
threshold_saturation,sessile-oak,planted_expected,7,0,0,0.8,0,False,0.6,0.35,0.0,0.0,0.019999999999999997,0.98
threshold_saturation,sessile-oak,planted_expected,8,0,0,0.08,0,True,0.6,0.35,0.0,0.0,0.09200000000000001,0.908
threshold_saturation,sessile-oak,planted_expected,8,0,0,0.4,0,True,0.6,0.35,0.0,0.0,0.06,0.94
threshold_saturation,sessile-oak,planted_expected,8,0,0,0.8,0,True,0.6,0.35,0.0,0.0,0.019999999999999997,0.98
threshold_saturation,sessile-oak,planted_expected,9,0,0,0.08,0.8,False,0.6,0.35,0.0,0.2,0.07360000000000001,0.7264
threshold_saturation,sessile-oak,planted_expected,9,0,0,0.4,0.8,False,0.6,0.35,0.0,0.2,0.048,0.752
threshold_saturation,sessile-oak,planted_expected,9,0,0,0.8,0.8,False,0.6,0.35,0.0,0.2,0.015999999999999997,0.784
threshold_saturation,sessile-oak,planted_expected,10,0,0,0.08,0.8,True,0.6,0.35,0.0,0.0,0.09200000000000001,0.908
threshold_saturation,sessile-oak,planted_expected,10,0,0,0.4,0.8,True,0.6,0.35,0.0,0.0,0.06,0.94
threshold_saturation,sessile-oak,planted_expected,10,0,0,0.8,0.8,True,0.6,0.35,0.0,0.0,0.019999999999999997,0.98
threshold_saturation,sessile-oak,planted_expected,11,0.9,0.9,0.08,0,False,0.6,0.35,0.2499439421997755,0.0,0.06900515731762066,0.6810509004826037
threshold_saturation,sessile-oak,planted_expected,11,0.9,0.9,0.4,0,False,0.6,0.35,0.2499439421997755,0.0,0.045003363468013466,0.705052694332211
threshold_saturation,sessile-oak,planted_expected,11,0.9,0.9,0.8,0,False,0.6,0.35,0.2499439421997755,0.0,0.015001121156004486,0.73505493664422
threshold_saturation,sessile-oak,planted_expected,12,0.9,0.9,0.08,0,True,0.6,0.35,0.2499439421997755,0.0,0.06900515731762066,0.6810509004826037
threshold_saturation,sessile-oak,planted_expected,12,0.9,0.9,0.4,0,True,0.6,0.35,0.2499439421997755,0.0,0.045003363468013466,0.705052694332211
threshold_saturation,sessile-oak,planted_expected,12,0.9,0.9,0.8,0,True,0.6,0.35,0.2499439421997755,0.0,0.015001121156004486,0.73505493664422
threshold_saturation,sessile-oak,planted_expected,13,0.9,0.9,0.08,0.8,False,0.6,0.35,0.2499439421997755,0.1500112115600449,0.05520412585409652,0.544840720386083
threshold_saturation,sessile-oak,planted_expected,13,0.9,0.9,0.4,0.8,False,0.6,0.35,0.2499439421997755,0.1500112115600449,0.03600269077441077,0.5640421554657687
threshold_saturation,sessile-oak,planted_expected,13,0.9,0.9,0.8,0.8,False,0.6,0.35,0.2499439421997755,0.1500112115600449,0.012000896924803588,0.588043949315376
threshold_saturation,sessile-oak,planted_expected,14,0.9,0.9,0.08,0.8,True,0.6,0.35,0.2499439421997755,0.0,0.06900515731762066,0.6810509004826037
threshold_saturation,sessile-oak,planted_expected,14,0.9,0.9,0.4,0.8,True,0.6,0.35,0.2499439421997755,0.0,0.045003363468013466,0.705052694332211
threshold_saturation,sessile-oak,planted_expected,14,0.9,0.9,0.8,0.8,True,0.6,0.35,0.2499439421997755,0.0,0.015001121156004486,0.73505493664422
threshold_saturation,sessile-oak,planted_expected,15,0.9,0.9,0.08,0,False,0.2,0.15,0.14282510982844315,0.0,0.07886008989578323,0.7783148002757736
threshold_saturation,sessile-oak,planted_expected,15,0.9,0.9,0.4,0,False,0.2,0.15,0.14282510982844315,0.0,0.051430493410293404,0.8057443967612634
threshold_saturation,sessile-oak,planted_expected,15,0.9,0.9,0.8,0,False,0.2,0.15,0.14282510982844315,0.0,0.017143497803431135,0.8400313923681256
threshold_saturation,sessile-oak,planted_expected,16,0.9,0.9,0.08,0,False,0.2,0.35,0.33325858959970067,0.0,0.061340209756827545,0.6054012006434718
threshold_saturation,sessile-oak,planted_expected,16,0.9,0.9,0.4,0,False,0.2,0.35,0.33325858959970067,0.0,0.040004484624017955,0.6267369257762814
threshold_saturation,sessile-oak,planted_expected,16,0.9,0.9,0.8,0,False,0.2,0.35,0.33325858959970067,0.0,0.013334828208005984,0.6534065821922933
threshold_saturation,sessile-oak,planted_expected,17,0.9,0.9,0.08,0,False,0.2,0.6,0.5713004393137726,0.0,0.039440359583132925,0.3892592011030945
threshold_saturation,sessile-oak,planted_expected,17,0.9,0.9,0.4,0,False,0.2,0.6,0.5713004393137726,0.0,0.02572197364117364,0.40297758704505376
threshold_saturation,sessile-oak,planted_expected,17,0.9,0.9,0.8,0,False,0.2,0.6,0.5713004393137726,0.0,0.008573991213724546,0.42012556947250285
threshold_saturation,sessile-oak,planted_expected,18,0.9,0.9,0.08,0,False,0.6,0.15,0.10711883237133236,0.0,0.08214506742183743,0.8107361002068302
threshold_saturation,sessile-oak,planted_expected,18,0.9,0.9,0.4,0,False,0.6,0.15,0.10711883237133236,0.0,0.05357287005772006,0.8393082975709476
threshold_saturation,sessile-oak,planted_expected,18,0.9,0.9,0.8,0,False,0.6,0.15,0.10711883237133236,0.0,0.01785762335257335,0.8750235442760943
threshold_saturation,sessile-oak,planted_expected,19,0.9,0.9,0.08,0,False,0.6,0.35,0.2499439421997755,0.0,0.06900515731762066,0.6810509004826037
threshold_saturation,sessile-oak,planted_expected,19,0.9,0.9,0.4,0,False,0.6,0.35,0.2499439421997755,0.0,0.045003363468013466,0.705052694332211
threshold_saturation,sessile-oak,planted_expected,19,0.9,0.9,0.8,0,False,0.6,0.35,0.2499439421997755,0.0,0.015001121156004486,0.73505493664422
threshold_saturation,sessile-oak,planted_expected,20,0.9,0.9,0.08,0,False,0.6,0.6,0.42847532948532946,0.0,0.052580269687349704,0.5189444008273209
threshold_saturation,sessile-oak,planted_expected,20,0.9,0.9,0.4,0,False,0.6,0.6,0.42847532948532946,0.0,0.03429148023088024,0.5372331902837904
threshold_saturation,sessile-oak,planted_expected,20,0.9,0.9,0.8,0,False,0.6,0.6,0.42847532948532946,0.0,0.01143049341029341,0.5600941771043771
threshold_saturation,sessile-oak,planted_expected,21,0.9,0.9,0.08,0,False,1.5,0.15,0.0,0.0,0.09200000000000001,0.908
threshold_saturation,sessile-oak,planted_expected,21,0.9,0.9,0.4,0,False,1.5,0.15,0.0,0.0,0.06,0.94
threshold_saturation,sessile-oak,planted_expected,21,0.9,0.9,0.8,0,False,1.5,0.15,0.0,0.0,0.019999999999999997,0.98
threshold_saturation,sessile-oak,planted_expected,22,0.9,0.9,0.08,0,False,1.5,0.35,0.0,0.0,0.09200000000000001,0.908
threshold_saturation,sessile-oak,planted_expected,22,0.9,0.9,0.4,0,False,1.5,0.35,0.0,0.0,0.06,0.94
threshold_saturation,sessile-oak,planted_expected,22,0.9,0.9,0.8,0,False,1.5,0.35,0.0,0.0,0.019999999999999997,0.98
threshold_saturation,sessile-oak,planted_expected,23,0.9,0.9,0.08,0,False,1.5,0.6,0.0,0.0,0.09200000000000001,0.908
threshold_saturation,sessile-oak,planted_expected,23,0.9,0.9,0.4,0,False,1.5,0.6,0.0,0.0,0.06,0.94
threshold_saturation,sessile-oak,planted_expected,23,0.9,0.9,0.8,0,False,1.5,0.6,0.0,0.0,0.019999999999999997,0.98
threshold_saturation,sessile-oak,planted_expected,24,0.9,0.9,0.08,0,False,2,0.15,0.0,0.0,0.09200000000000001,0.908
threshold_saturation,sessile-oak,planted_expected,24,0.9,0.9,0.4,0,False,2,0.15,0.0,0.0,0.06,0.94
threshold_saturation,sessile-oak,planted_expected,24,0.9,0.9,0.8,0,False,2,0.15,0.0,0.0,0.019999999999999997,0.98
threshold_saturation,sessile-oak,planted_expected,25,0.9,0.9,0.08,0,False,2,0.35,0.0,0.0,0.09200000000000001,0.908
threshold_saturation,sessile-oak,planted_expected,25,0.9,0.9,0.4,0,False,2,0.35,0.0,0.0,0.06,0.94
threshold_saturation,sessile-oak,planted_expected,25,0.9,0.9,0.8,0,False,2,0.35,0.0,0.0,0.019999999999999997,0.98
threshold_saturation,sessile-oak,planted_expected,26,0.9,0.9,0.08,0,False,2,0.6,0.0,0.0,0.09200000000000001,0.908
threshold_saturation,sessile-oak,planted_expected,26,0.9,0.9,0.4,0,False,2,0.6,0.0,0.0,0.06,0.94
threshold_saturation,sessile-oak,planted_expected,26,0.9,0.9,0.8,0,False,2,0.6,0.0,0.0,0.019999999999999997,0.98
threshold_saturation,beech,natural,0,0,0,0.08,0,False,0.6,0.35,0.0,0.0,0.09200000000000001,0.908
threshold_saturation,beech,natural,0,0,0,0.4,0,False,0.6,0.35,0.0,0.0,0.06,0.94
threshold_saturation,beech,natural,0,0,0,0.8,0,False,0.6,0.35,0.0,0.0,0.019999999999999997,0.98
threshold_saturation,beech,natural,1,0.2,0,0.08,0,False,0.6,0.35,0.0,0.0,0.09200000000000001,0.908
threshold_saturation,beech,natural,1,0.2,0,0.4,0,False,0.6,0.35,0.0,0.0,0.06,0.94
threshold_saturation,beech,natural,1,0.2,0,0.8,0,False,0.6,0.35,0.0,0.0,0.019999999999999997,0.98
threshold_saturation,beech,natural,2,0.5,0,0.08,0,False,0.6,0.35,0.14771969270592655,0.0,0.07840978827105477,0.7738705190230186
threshold_saturation,beech,natural,2,0.5,0,0.4,0,False,0.6,0.35,0.14771969270592655,0.0,0.05113681843764441,0.801143488856429
threshold_saturation,beech,natural,2,0.5,0,0.8,0,False,0.6,0.35,0.14771969270592655,0.0,0.017045606145881468,0.835234701148192
threshold_saturation,beech,natural,3,0.9,0,0.08,0,False,0.6,0.35,0.2499439421997755,0.0,0.06900515731762066,0.6810509004826037
threshold_saturation,beech,natural,3,0.9,0,0.4,0,False,0.6,0.35,0.2499439421997755,0.0,0.045003363468013466,0.705052694332211
threshold_saturation,beech,natural,3,0.9,0,0.8,0,False,0.6,0.35,0.2499439421997755,0.0,0.015001121156004486,0.73505493664422
threshold_saturation,beech,natural,4,0,0.5,0.08,0,False,0.6,0.35,0.14771969270592655,0.0,0.07840978827105477,0.7738705190230186
threshold_saturation,beech,natural,4,0,0.5,0.4,0,False,0.6,0.35,0.14771969270592655,0.0,0.05113681843764441,0.801143488856429
threshold_saturation,beech,natural,4,0,0.5,0.8,0,False,0.6,0.35,0.14771969270592655,0.0,0.017045606145881468,0.835234701148192
threshold_saturation,beech,natural,5,0.5,0.5,0.08,0,False,0.6,0.35,0.14771969270592655,0.0,0.07840978827105477,0.7738705190230186
threshold_saturation,beech,natural,5,0.5,0.5,0.4,0,False,0.6,0.35,0.14771969270592655,0.0,0.05113681843764441,0.801143488856429
threshold_saturation,beech,natural,5,0.5,0.5,0.8,0,False,0.6,0.35,0.14771969270592655,0.0,0.017045606145881468,0.835234701148192
threshold_saturation,beech,natural,6,0.9,0.9,0.08,0,False,0.6,0.35,0.2499439421997755,0.0,0.06900515731762066,0.6810509004826037
threshold_saturation,beech,natural,6,0.9,0.9,0.4,0,False,0.6,0.35,0.2499439421997755,0.0,0.045003363468013466,0.705052694332211
threshold_saturation,beech,natural,6,0.9,0.9,0.8,0,False,0.6,0.35,0.2499439421997755,0.0,0.015001121156004486,0.73505493664422
threshold_saturation,beech,natural,7,0,0,0.08,0,False,0.6,0.35,0.0,0.0,0.09200000000000001,0.908
threshold_saturation,beech,natural,7,0,0,0.4,0,False,0.6,0.35,0.0,0.0,0.06,0.94
threshold_saturation,beech,natural,7,0,0,0.8,0,False,0.6,0.35,0.0,0.0,0.019999999999999997,0.98
threshold_saturation,beech,natural,8,0,0,0.08,0,True,0.6,0.35,0.0,0.0,0.09200000000000001,0.908
threshold_saturation,beech,natural,8,0,0,0.4,0,True,0.6,0.35,0.0,0.0,0.06,0.94
threshold_saturation,beech,natural,8,0,0,0.8,0,True,0.6,0.35,0.0,0.0,0.019999999999999997,0.98
threshold_saturation,beech,natural,9,0,0,0.08,0.8,False,0.6,0.35,0.0,0.2,0.07360000000000001,0.7264
threshold_saturation,beech,natural,9,0,0,0.4,0.8,False,0.6,0.35,0.0,0.2,0.048,0.752
threshold_saturation,beech,natural,9,0,0,0.8,0.8,False,0.6,0.35,0.0,0.2,0.015999999999999997,0.784
threshold_saturation,beech,natural,10,0,0,0.08,0.8,True,0.6,0.35,0.0,0.0,0.09200000000000001,0.908
threshold_saturation,beech,natural,10,0,0,0.4,0.8,True,0.6,0.35,0.0,0.0,0.06,0.94
threshold_saturation,beech,natural,10,0,0,0.8,0.8,True,0.6,0.35,0.0,0.0,0.019999999999999997,0.98
threshold_saturation,beech,natural,11,0.9,0.9,0.08,0,False,0.6,0.35,0.2499439421997755,0.0,0.06900515731762066,0.6810509004826037
threshold_saturation,beech,natural,11,0.9,0.9,0.4,0,False,0.6,0.35,0.2499439421997755,0.0,0.045003363468013466,0.705052694332211
threshold_saturation,beech,natural,11,0.9,0.9,0.8,0,False,0.6,0.35,0.2499439421997755,0.0,0.015001121156004486,0.73505493664422
threshold_saturation,beech,natural,12,0.9,0.9,0.08,0,True,0.6,0.35,0.2499439421997755,0.0,0.06900515731762066,0.6810509004826037
threshold_saturation,beech,natural,12,0.9,0.9,0.4,0,True,0.6,0.35,0.2499439421997755,0.0,0.045003363468013466,0.705052694332211
threshold_saturation,beech,natural,12,0.9,0.9,0.8,0,True,0.6,0.35,0.2499439421997755,0.0,0.015001121156004486,0.73505493664422
threshold_saturation,beech,natural,13,0.9,0.9,0.08,0.8,False,0.6,0.35,0.2499439421997755,0.1500112115600449,0.05520412585409652,0.544840720386083
threshold_saturation,beech,natural,13,0.9,0.9,0.4,0.8,False,0.6,0.35,0.2499439421997755,0.1500112115600449,0.03600269077441077,0.5640421554657687
threshold_saturation,beech,natural,13,0.9,0.9,0.8,0.8,False,0.6,0.35,0.2499439421997755,0.1500112115600449,0.012000896924803588,0.588043949315376
threshold_saturation,beech,natural,14,0.9,0.9,0.08,0.8,True,0.6,0.35,0.2499439421997755,0.0,0.06900515731762066,0.6810509004826037
threshold_saturation,beech,natural,14,0.9,0.9,0.4,0.8,True,0.6,0.35,0.2499439421997755,0.0,0.045003363468013466,0.705052694332211
threshold_saturation,beech,natural,14,0.9,0.9,0.8,0.8,True,0.6,0.35,0.2499439421997755,0.0,0.015001121156004486,0.73505493664422
threshold_saturation,beech,natural,15,0.9,0.9,0.08,0,False,0.2,0.15,0.14282510982844315,0.0,0.07886008989578323,0.7783148002757736
threshold_saturation,beech,natural,15,0.9,0.9,0.4,0,False,0.2,0.15,0.14282510982844315,0.0,0.051430493410293404,0.8057443967612634
threshold_saturation,beech,natural,15,0.9,0.9,0.8,0,False,0.2,0.15,0.14282510982844315,0.0,0.017143497803431135,0.8400313923681256
threshold_saturation,beech,natural,16,0.9,0.9,0.08,0,False,0.2,0.35,0.33325858959970067,0.0,0.061340209756827545,0.6054012006434718
threshold_saturation,beech,natural,16,0.9,0.9,0.4,0,False,0.2,0.35,0.33325858959970067,0.0,0.040004484624017955,0.6267369257762814
threshold_saturation,beech,natural,16,0.9,0.9,0.8,0,False,0.2,0.35,0.33325858959970067,0.0,0.013334828208005984,0.6534065821922933
threshold_saturation,beech,natural,17,0.9,0.9,0.08,0,False,0.2,0.6,0.5713004393137726,0.0,0.039440359583132925,0.3892592011030945
threshold_saturation,beech,natural,17,0.9,0.9,0.4,0,False,0.2,0.6,0.5713004393137726,0.0,0.02572197364117364,0.40297758704505376
threshold_saturation,beech,natural,17,0.9,0.9,0.8,0,False,0.2,0.6,0.5713004393137726,0.0,0.008573991213724546,0.42012556947250285
threshold_saturation,beech,natural,18,0.9,0.9,0.08,0,False,0.6,0.15,0.10711883237133236,0.0,0.08214506742183743,0.8107361002068302
threshold_saturation,beech,natural,18,0.9,0.9,0.4,0,False,0.6,0.15,0.10711883237133236,0.0,0.05357287005772006,0.8393082975709476
threshold_saturation,beech,natural,18,0.9,0.9,0.8,0,False,0.6,0.15,0.10711883237133236,0.0,0.01785762335257335,0.8750235442760943
threshold_saturation,beech,natural,19,0.9,0.9,0.08,0,False,0.6,0.35,0.2499439421997755,0.0,0.06900515731762066,0.6810509004826037
threshold_saturation,beech,natural,19,0.9,0.9,0.4,0,False,0.6,0.35,0.2499439421997755,0.0,0.045003363468013466,0.705052694332211
threshold_saturation,beech,natural,19,0.9,0.9,0.8,0,False,0.6,0.35,0.2499439421997755,0.0,0.015001121156004486,0.73505493664422
threshold_saturation,beech,natural,20,0.9,0.9,0.08,0,False,0.6,0.6,0.42847532948532946,0.0,0.052580269687349704,0.5189444008273209
threshold_saturation,beech,natural,20,0.9,0.9,0.4,0,False,0.6,0.6,0.42847532948532946,0.0,0.03429148023088024,0.5372331902837904
threshold_saturation,beech,natural,20,0.9,0.9,0.8,0,False,0.6,0.6,0.42847532948532946,0.0,0.01143049341029341,0.5600941771043771
threshold_saturation,beech,natural,21,0.9,0.9,0.08,0,False,1.5,0.15,0.0,0.0,0.09200000000000001,0.908
threshold_saturation,beech,natural,21,0.9,0.9,0.4,0,False,1.5,0.15,0.0,0.0,0.06,0.94
threshold_saturation,beech,natural,21,0.9,0.9,0.8,0,False,1.5,0.15,0.0,0.0,0.019999999999999997,0.98
threshold_saturation,beech,natural,22,0.9,0.9,0.08,0,False,1.5,0.35,0.0,0.0,0.09200000000000001,0.908
threshold_saturation,beech,natural,22,0.9,0.9,0.4,0,False,1.5,0.35,0.0,0.0,0.06,0.94
threshold_saturation,beech,natural,22,0.9,0.9,0.8,0,False,1.5,0.35,0.0,0.0,0.019999999999999997,0.98
threshold_saturation,beech,natural,23,0.9,0.9,0.08,0,False,1.5,0.6,0.0,0.0,0.09200000000000001,0.908
threshold_saturation,beech,natural,23,0.9,0.9,0.4,0,False,1.5,0.6,0.0,0.0,0.06,0.94
threshold_saturation,beech,natural,23,0.9,0.9,0.8,0,False,1.5,0.6,0.0,0.0,0.019999999999999997,0.98
threshold_saturation,beech,natural,24,0.9,0.9,0.08,0,False,2,0.15,0.0,0.0,0.09200000000000001,0.908
threshold_saturation,beech,natural,24,0.9,0.9,0.4,0,False,2,0.15,0.0,0.0,0.06,0.94
threshold_saturation,beech,natural,24,0.9,0.9,0.8,0,False,2,0.15,0.0,0.0,0.019999999999999997,0.98
threshold_saturation,beech,natural,25,0.9,0.9,0.08,0,False,2,0.35,0.0,0.0,0.09200000000000001,0.908
threshold_saturation,beech,natural,25,0.9,0.9,0.4,0,False,2,0.35,0.0,0.0,0.06,0.94
threshold_saturation,beech,natural,25,0.9,0.9,0.8,0,False,2,0.35,0.0,0.0,0.019999999999999997,0.98
threshold_saturation,beech,natural,26,0.9,0.9,0.08,0,False,2,0.6,0.0,0.0,0.09200000000000001,0.908
threshold_saturation,beech,natural,26,0.9,0.9,0.4,0,False,2,0.6,0.0,0.0,0.06,0.94
threshold_saturation,beech,natural,26,0.9,0.9,0.8,0,False,2,0.6,0.0,0.0,0.019999999999999997,0.98
threshold_saturation,beech,planted_expected,0,0,0,0.08,0,False,0.6,0.35,0.0,0.0,0.09200000000000001,0.908
threshold_saturation,beech,planted_expected,0,0,0,0.4,0,False,0.6,0.35,0.0,0.0,0.06,0.94
threshold_saturation,beech,planted_expected,0,0,0,0.8,0,False,0.6,0.35,0.0,0.0,0.019999999999999997,0.98
threshold_saturation,beech,planted_expected,1,0.2,0,0.08,0,False,0.6,0.35,0.0,0.0,0.09200000000000001,0.908
threshold_saturation,beech,planted_expected,1,0.2,0,0.4,0,False,0.6,0.35,0.0,0.0,0.06,0.94
threshold_saturation,beech,planted_expected,1,0.2,0,0.8,0,False,0.6,0.35,0.0,0.0,0.019999999999999997,0.98
threshold_saturation,beech,planted_expected,2,0.5,0,0.08,0,False,0.6,0.35,0.14771969270592655,0.0,0.07840978827105477,0.7738705190230186
threshold_saturation,beech,planted_expected,2,0.5,0,0.4,0,False,0.6,0.35,0.14771969270592655,0.0,0.05113681843764441,0.801143488856429
threshold_saturation,beech,planted_expected,2,0.5,0,0.8,0,False,0.6,0.35,0.14771969270592655,0.0,0.017045606145881468,0.835234701148192
threshold_saturation,beech,planted_expected,3,0.9,0,0.08,0,False,0.6,0.35,0.2499439421997755,0.0,0.06900515731762066,0.6810509004826037
threshold_saturation,beech,planted_expected,3,0.9,0,0.4,0,False,0.6,0.35,0.2499439421997755,0.0,0.045003363468013466,0.705052694332211
threshold_saturation,beech,planted_expected,3,0.9,0,0.8,0,False,0.6,0.35,0.2499439421997755,0.0,0.015001121156004486,0.73505493664422
threshold_saturation,beech,planted_expected,4,0,0.5,0.08,0,False,0.6,0.35,0.14771969270592655,0.0,0.07840978827105477,0.7738705190230186
threshold_saturation,beech,planted_expected,4,0,0.5,0.4,0,False,0.6,0.35,0.14771969270592655,0.0,0.05113681843764441,0.801143488856429
threshold_saturation,beech,planted_expected,4,0,0.5,0.8,0,False,0.6,0.35,0.14771969270592655,0.0,0.017045606145881468,0.835234701148192
threshold_saturation,beech,planted_expected,5,0.5,0.5,0.08,0,False,0.6,0.35,0.14771969270592655,0.0,0.07840978827105477,0.7738705190230186
threshold_saturation,beech,planted_expected,5,0.5,0.5,0.4,0,False,0.6,0.35,0.14771969270592655,0.0,0.05113681843764441,0.801143488856429
threshold_saturation,beech,planted_expected,5,0.5,0.5,0.8,0,False,0.6,0.35,0.14771969270592655,0.0,0.017045606145881468,0.835234701148192
threshold_saturation,beech,planted_expected,6,0.9,0.9,0.08,0,False,0.6,0.35,0.2499439421997755,0.0,0.06900515731762066,0.6810509004826037
threshold_saturation,beech,planted_expected,6,0.9,0.9,0.4,0,False,0.6,0.35,0.2499439421997755,0.0,0.045003363468013466,0.705052694332211
threshold_saturation,beech,planted_expected,6,0.9,0.9,0.8,0,False,0.6,0.35,0.2499439421997755,0.0,0.015001121156004486,0.73505493664422
threshold_saturation,beech,planted_expected,7,0,0,0.08,0,False,0.6,0.35,0.0,0.0,0.09200000000000001,0.908
threshold_saturation,beech,planted_expected,7,0,0,0.4,0,False,0.6,0.35,0.0,0.0,0.06,0.94
threshold_saturation,beech,planted_expected,7,0,0,0.8,0,False,0.6,0.35,0.0,0.0,0.019999999999999997,0.98
threshold_saturation,beech,planted_expected,8,0,0,0.08,0,True,0.6,0.35,0.0,0.0,0.09200000000000001,0.908
threshold_saturation,beech,planted_expected,8,0,0,0.4,0,True,0.6,0.35,0.0,0.0,0.06,0.94
threshold_saturation,beech,planted_expected,8,0,0,0.8,0,True,0.6,0.35,0.0,0.0,0.019999999999999997,0.98
threshold_saturation,beech,planted_expected,9,0,0,0.08,0.8,False,0.6,0.35,0.0,0.2,0.07360000000000001,0.7264
threshold_saturation,beech,planted_expected,9,0,0,0.4,0.8,False,0.6,0.35,0.0,0.2,0.048,0.752
threshold_saturation,beech,planted_expected,9,0,0,0.8,0.8,False,0.6,0.35,0.0,0.2,0.015999999999999997,0.784
threshold_saturation,beech,planted_expected,10,0,0,0.08,0.8,True,0.6,0.35,0.0,0.0,0.09200000000000001,0.908
threshold_saturation,beech,planted_expected,10,0,0,0.4,0.8,True,0.6,0.35,0.0,0.0,0.06,0.94
threshold_saturation,beech,planted_expected,10,0,0,0.8,0.8,True,0.6,0.35,0.0,0.0,0.019999999999999997,0.98
threshold_saturation,beech,planted_expected,11,0.9,0.9,0.08,0,False,0.6,0.35,0.2499439421997755,0.0,0.06900515731762066,0.6810509004826037
threshold_saturation,beech,planted_expected,11,0.9,0.9,0.4,0,False,0.6,0.35,0.2499439421997755,0.0,0.045003363468013466,0.705052694332211
threshold_saturation,beech,planted_expected,11,0.9,0.9,0.8,0,False,0.6,0.35,0.2499439421997755,0.0,0.015001121156004486,0.73505493664422
threshold_saturation,beech,planted_expected,12,0.9,0.9,0.08,0,True,0.6,0.35,0.2499439421997755,0.0,0.06900515731762066,0.6810509004826037
threshold_saturation,beech,planted_expected,12,0.9,0.9,0.4,0,True,0.6,0.35,0.2499439421997755,0.0,0.045003363468013466,0.705052694332211
threshold_saturation,beech,planted_expected,12,0.9,0.9,0.8,0,True,0.6,0.35,0.2499439421997755,0.0,0.015001121156004486,0.73505493664422
threshold_saturation,beech,planted_expected,13,0.9,0.9,0.08,0.8,False,0.6,0.35,0.2499439421997755,0.1500112115600449,0.05520412585409652,0.544840720386083
threshold_saturation,beech,planted_expected,13,0.9,0.9,0.4,0.8,False,0.6,0.35,0.2499439421997755,0.1500112115600449,0.03600269077441077,0.5640421554657687
threshold_saturation,beech,planted_expected,13,0.9,0.9,0.8,0.8,False,0.6,0.35,0.2499439421997755,0.1500112115600449,0.012000896924803588,0.588043949315376
threshold_saturation,beech,planted_expected,14,0.9,0.9,0.08,0.8,True,0.6,0.35,0.2499439421997755,0.0,0.06900515731762066,0.6810509004826037
threshold_saturation,beech,planted_expected,14,0.9,0.9,0.4,0.8,True,0.6,0.35,0.2499439421997755,0.0,0.045003363468013466,0.705052694332211
threshold_saturation,beech,planted_expected,14,0.9,0.9,0.8,0.8,True,0.6,0.35,0.2499439421997755,0.0,0.015001121156004486,0.73505493664422
threshold_saturation,beech,planted_expected,15,0.9,0.9,0.08,0,False,0.2,0.15,0.14282510982844315,0.0,0.07886008989578323,0.7783148002757736
threshold_saturation,beech,planted_expected,15,0.9,0.9,0.4,0,False,0.2,0.15,0.14282510982844315,0.0,0.051430493410293404,0.8057443967612634
threshold_saturation,beech,planted_expected,15,0.9,0.9,0.8,0,False,0.2,0.15,0.14282510982844315,0.0,0.017143497803431135,0.8400313923681256
threshold_saturation,beech,planted_expected,16,0.9,0.9,0.08,0,False,0.2,0.35,0.33325858959970067,0.0,0.061340209756827545,0.6054012006434718
threshold_saturation,beech,planted_expected,16,0.9,0.9,0.4,0,False,0.2,0.35,0.33325858959970067,0.0,0.040004484624017955,0.6267369257762814
threshold_saturation,beech,planted_expected,16,0.9,0.9,0.8,0,False,0.2,0.35,0.33325858959970067,0.0,0.013334828208005984,0.6534065821922933
threshold_saturation,beech,planted_expected,17,0.9,0.9,0.08,0,False,0.2,0.6,0.5713004393137726,0.0,0.039440359583132925,0.3892592011030945
threshold_saturation,beech,planted_expected,17,0.9,0.9,0.4,0,False,0.2,0.6,0.5713004393137726,0.0,0.02572197364117364,0.40297758704505376
threshold_saturation,beech,planted_expected,17,0.9,0.9,0.8,0,False,0.2,0.6,0.5713004393137726,0.0,0.008573991213724546,0.42012556947250285
threshold_saturation,beech,planted_expected,18,0.9,0.9,0.08,0,False,0.6,0.15,0.10711883237133236,0.0,0.08214506742183743,0.8107361002068302
threshold_saturation,beech,planted_expected,18,0.9,0.9,0.4,0,False,0.6,0.15,0.10711883237133236,0.0,0.05357287005772006,0.8393082975709476
threshold_saturation,beech,planted_expected,18,0.9,0.9,0.8,0,False,0.6,0.15,0.10711883237133236,0.0,0.01785762335257335,0.8750235442760943
threshold_saturation,beech,planted_expected,19,0.9,0.9,0.08,0,False,0.6,0.35,0.2499439421997755,0.0,0.06900515731762066,0.6810509004826037
threshold_saturation,beech,planted_expected,19,0.9,0.9,0.4,0,False,0.6,0.35,0.2499439421997755,0.0,0.045003363468013466,0.705052694332211
threshold_saturation,beech,planted_expected,19,0.9,0.9,0.8,0,False,0.6,0.35,0.2499439421997755,0.0,0.015001121156004486,0.73505493664422
threshold_saturation,beech,planted_expected,20,0.9,0.9,0.08,0,False,0.6,0.6,0.42847532948532946,0.0,0.052580269687349704,0.5189444008273209
threshold_saturation,beech,planted_expected,20,0.9,0.9,0.4,0,False,0.6,0.6,0.42847532948532946,0.0,0.03429148023088024,0.5372331902837904
threshold_saturation,beech,planted_expected,20,0.9,0.9,0.8,0,False,0.6,0.6,0.42847532948532946,0.0,0.01143049341029341,0.5600941771043771
threshold_saturation,beech,planted_expected,21,0.9,0.9,0.08,0,False,1.5,0.15,0.0,0.0,0.09200000000000001,0.908
threshold_saturation,beech,planted_expected,21,0.9,0.9,0.4,0,False,1.5,0.15,0.0,0.0,0.06,0.94
threshold_saturation,beech,planted_expected,21,0.9,0.9,0.8,0,False,1.5,0.15,0.0,0.0,0.019999999999999997,0.98
threshold_saturation,beech,planted_expected,22,0.9,0.9,0.08,0,False,1.5,0.35,0.0,0.0,0.09200000000000001,0.908
threshold_saturation,beech,planted_expected,22,0.9,0.9,0.4,0,False,1.5,0.35,0.0,0.0,0.06,0.94
threshold_saturation,beech,planted_expected,22,0.9,0.9,0.8,0,False,1.5,0.35,0.0,0.0,0.019999999999999997,0.98
threshold_saturation,beech,planted_expected,23,0.9,0.9,0.08,0,False,1.5,0.6,0.0,0.0,0.09200000000000001,0.908
threshold_saturation,beech,planted_expected,23,0.9,0.9,0.4,0,False,1.5,0.6,0.0,0.0,0.06,0.94
threshold_saturation,beech,planted_expected,23,0.9,0.9,0.8,0,False,1.5,0.6,0.0,0.0,0.019999999999999997,0.98
threshold_saturation,beech,planted_expected,24,0.9,0.9,0.08,0,False,2,0.15,0.0,0.0,0.09200000000000001,0.908
threshold_saturation,beech,planted_expected,24,0.9,0.9,0.4,0,False,2,0.15,0.0,0.0,0.06,0.94
threshold_saturation,beech,planted_expected,24,0.9,0.9,0.8,0,False,2,0.15,0.0,0.0,0.019999999999999997,0.98
threshold_saturation,beech,planted_expected,25,0.9,0.9,0.08,0,False,2,0.35,0.0,0.0,0.09200000000000001,0.908
threshold_saturation,beech,planted_expected,25,0.9,0.9,0.4,0,False,2,0.35,0.0,0.0,0.06,0.94
threshold_saturation,beech,planted_expected,25,0.9,0.9,0.8,0,False,2,0.35,0.0,0.0,0.019999999999999997,0.98
threshold_saturation,beech,planted_expected,26,0.9,0.9,0.08,0,False,2,0.6,0.0,0.0,0.09200000000000001,0.908
threshold_saturation,beech,planted_expected,26,0.9,0.9,0.4,0,False,2,0.6,0.0,0.0,0.06,0.94
threshold_saturation,beech,planted_expected,26,0.9,0.9,0.8,0,False,2,0.6,0.0,0.0,0.019999999999999997,0.98
type_weighted_saturation,sitka-spruce,natural,0,0,0,0.08,0,False,0.6,0.35,0.0,0.0,0.09200000000000001,0.908
type_weighted_saturation,sitka-spruce,natural,0,0,0,0.4,0,False,0.6,0.35,0.0,0.0,0.06,0.94
type_weighted_saturation,sitka-spruce,natural,0,0,0,0.8,0,False,0.6,0.35,0.0,0.0,0.019999999999999997,0.98
type_weighted_saturation,sitka-spruce,natural,1,0.2,0,0.08,0,False,0.6,0.35,0.07106085166661615,0.0,0.08546240164667132,0.8434767466867126
type_weighted_saturation,sitka-spruce,natural,1,0.2,0,0.4,0,False,0.6,0.35,0.07106085166661615,0.0,0.05573634890000303,0.8732027994333809
type_weighted_saturation,sitka-spruce,natural,1,0.2,0,0.8,0,False,0.6,0.35,0.07106085166661615,0.0,0.018578782966667675,0.9103603653667162
type_weighted_saturation,sitka-spruce,natural,2,0.5,0,0.08,0,False,0.6,0.35,0.14771969270592655,0.0,0.07840978827105477,0.7738705190230186
type_weighted_saturation,sitka-spruce,natural,2,0.5,0,0.4,0,False,0.6,0.35,0.14771969270592655,0.0,0.05113681843764441,0.801143488856429
type_weighted_saturation,sitka-spruce,natural,2,0.5,0,0.8,0,False,0.6,0.35,0.14771969270592655,0.0,0.017045606145881468,0.835234701148192
type_weighted_saturation,sitka-spruce,natural,3,0.9,0,0.08,0,False,0.6,0.35,0.21214757097951958,0.0,0.07248242346988422,0.7153700055505963
type_weighted_saturation,sitka-spruce,natural,3,0.9,0,0.4,0,False,0.6,0.35,0.21214757097951958,0.0,0.04727114574122883,0.7405812832792517
type_weighted_saturation,sitka-spruce,natural,3,0.9,0,0.8,0,False,0.6,0.35,0.21214757097951958,0.0,0.01575704858040961,0.7720953804400709
type_weighted_saturation,sitka-spruce,natural,4,0,0.5,0.08,0,False,0.6,0.35,0.0860570918782413,0.0,0.08408274754720181,0.8298601605745569
type_weighted_saturation,sitka-spruce,natural,4,0,0.5,0.4,0,False,0.6,0.35,0.0860570918782413,0.0,0.05483657448730552,0.8591063336344532
type_weighted_saturation,sitka-spruce,natural,4,0,0.5,0.8,0,False,0.6,0.35,0.0860570918782413,0.0,0.01827885816243517,0.8956640499593236
type_weighted_saturation,sitka-spruce,natural,5,0.5,0.5,0.08,0,False,0.6,0.35,0.19190287689037627,0.0,0.07434493532608538,0.7337521877835382
type_weighted_saturation,sitka-spruce,natural,5,0.5,0.5,0.4,0,False,0.6,0.35,0.19190287689037627,0.0,0.04848582738657742,0.7596112957230463
type_weighted_saturation,sitka-spruce,natural,5,0.5,0.5,0.8,0,False,0.6,0.35,0.19190287689037627,0.0,0.01616194246219247,0.7919351806474312
type_weighted_saturation,sitka-spruce,natural,6,0.9,0.9,0.08,0,False,0.6,0.35,0.25340347257605517,0.0,0.06868688052300292,0.6779096469009418
type_weighted_saturation,sitka-spruce,natural,6,0.9,0.9,0.4,0,False,0.6,0.35,0.25340347257605517,0.0,0.044795791645436685,0.7018007357785081
type_weighted_saturation,sitka-spruce,natural,6,0.9,0.9,0.8,0,False,0.6,0.35,0.25340347257605517,0.0,0.014931930548478894,0.7316645968754659
type_weighted_saturation,sitka-spruce,natural,7,0,0,0.08,0,False,0.6,0.35,0.0,0.0,0.09200000000000001,0.908
type_weighted_saturation,sitka-spruce,natural,7,0,0,0.4,0,False,0.6,0.35,0.0,0.0,0.06,0.94
type_weighted_saturation,sitka-spruce,natural,7,0,0,0.8,0,False,0.6,0.35,0.0,0.0,0.019999999999999997,0.98
type_weighted_saturation,sitka-spruce,natural,8,0,0,0.08,0,True,0.6,0.35,0.0,0.0,0.09200000000000001,0.908
type_weighted_saturation,sitka-spruce,natural,8,0,0,0.4,0,True,0.6,0.35,0.0,0.0,0.06,0.94
type_weighted_saturation,sitka-spruce,natural,8,0,0,0.8,0,True,0.6,0.35,0.0,0.0,0.019999999999999997,0.98
type_weighted_saturation,sitka-spruce,natural,9,0,0,0.08,0.8,False,0.6,0.35,0.0,0.2,0.07360000000000001,0.7264
type_weighted_saturation,sitka-spruce,natural,9,0,0,0.4,0.8,False,0.6,0.35,0.0,0.2,0.048,0.752
type_weighted_saturation,sitka-spruce,natural,9,0,0,0.8,0.8,False,0.6,0.35,0.0,0.2,0.015999999999999997,0.784
type_weighted_saturation,sitka-spruce,natural,10,0,0,0.08,0.8,True,0.6,0.35,0.0,0.0,0.09200000000000001,0.908
type_weighted_saturation,sitka-spruce,natural,10,0,0,0.4,0.8,True,0.6,0.35,0.0,0.0,0.06,0.94
type_weighted_saturation,sitka-spruce,natural,10,0,0,0.8,0.8,True,0.6,0.35,0.0,0.0,0.019999999999999997,0.98
type_weighted_saturation,sitka-spruce,natural,11,0.9,0.9,0.08,0,False,0.6,0.35,0.25340347257605517,0.0,0.06868688052300292,0.6779096469009418
type_weighted_saturation,sitka-spruce,natural,11,0.9,0.9,0.4,0,False,0.6,0.35,0.25340347257605517,0.0,0.044795791645436685,0.7018007357785081
type_weighted_saturation,sitka-spruce,natural,11,0.9,0.9,0.8,0,False,0.6,0.35,0.25340347257605517,0.0,0.014931930548478894,0.7316645968754659
type_weighted_saturation,sitka-spruce,natural,12,0.9,0.9,0.08,0,True,0.6,0.35,0.25340347257605517,0.0,0.06868688052300292,0.6779096469009418
type_weighted_saturation,sitka-spruce,natural,12,0.9,0.9,0.4,0,True,0.6,0.35,0.25340347257605517,0.0,0.044795791645436685,0.7018007357785081
type_weighted_saturation,sitka-spruce,natural,12,0.9,0.9,0.8,0,True,0.6,0.35,0.25340347257605517,0.0,0.014931930548478894,0.7316645968754659
type_weighted_saturation,sitka-spruce,natural,13,0.9,0.9,0.08,0.8,False,0.6,0.35,0.25340347257605517,0.14931930548478897,0.05494950441840234,0.5423277175207535
type_weighted_saturation,sitka-spruce,natural,13,0.9,0.9,0.4,0.8,False,0.6,0.35,0.25340347257605517,0.14931930548478897,0.03583663331634934,0.5614405886228064
type_weighted_saturation,sitka-spruce,natural,13,0.9,0.9,0.8,0.8,False,0.6,0.35,0.25340347257605517,0.14931930548478897,0.011945544438783113,0.5853316775003726
type_weighted_saturation,sitka-spruce,natural,14,0.9,0.9,0.08,0.8,True,0.6,0.35,0.25340347257605517,0.0,0.06868688052300292,0.6779096469009418
type_weighted_saturation,sitka-spruce,natural,14,0.9,0.9,0.4,0.8,True,0.6,0.35,0.25340347257605517,0.0,0.044795791645436685,0.7018007357785081
type_weighted_saturation,sitka-spruce,natural,14,0.9,0.9,0.8,0.8,True,0.6,0.35,0.25340347257605517,0.0,0.014931930548478894,0.7316645968754659
type_weighted_saturation,sitka-spruce,natural,15,0.9,0.9,0.08,0,False,0.2,0.15,0.14480198432917438,0.0,0.07867821744171596,0.7765197982291097
type_weighted_saturation,sitka-spruce,natural,15,0.9,0.9,0.4,0,False,0.2,0.15,0.14480198432917438,0.0,0.051311880940249535,0.8038861347305761
type_weighted_saturation,sitka-spruce,natural,15,0.9,0.9,0.8,0,False,0.2,0.15,0.14480198432917438,0.0,0.01710396031341651,0.8380940553574091
type_weighted_saturation,sitka-spruce,natural,16,0.9,0.9,0.08,0,False,0.2,0.35,0.33787129676807354,0.0,0.06091584069733725,0.6012128625345893
type_weighted_saturation,sitka-spruce,natural,16,0.9,0.9,0.4,0,False,0.2,0.35,0.33787129676807354,0.0,0.03972772219391559,0.6224009810380109
type_weighted_saturation,sitka-spruce,natural,16,0.9,0.9,0.8,0,False,0.2,0.35,0.33787129676807354,0.0,0.013242574064638529,0.6488861291672879
type_weighted_saturation,sitka-spruce,natural,17,0.9,0.9,0.08,0,False,0.2,0.6,0.5792079373166975,0.0,0.03871286976686383,0.38207919291643866
type_weighted_saturation,sitka-spruce,natural,17,0.9,0.9,0.4,0,False,0.2,0.6,0.5792079373166975,0.0,0.025247523760998147,0.39554453892230435
type_weighted_saturation,sitka-spruce,natural,17,0.9,0.9,0.8,0,False,0.2,0.6,0.5792079373166975,0.0,0.008415841253666049,0.4123762214296364
type_weighted_saturation,sitka-spruce,natural,18,0.9,0.9,0.08,0,False,0.6,0.15,0.10860148824688079,0.0,0.08200866308128699,0.8093898486718323
type_weighted_saturation,sitka-spruce,natural,18,0.9,0.9,0.4,0,False,0.6,0.15,0.10860148824688079,0.0,0.053483910705187154,0.8379146010479321
type_weighted_saturation,sitka-spruce,natural,18,0.9,0.9,0.8,0,False,0.6,0.15,0.10860148824688079,0.0,0.01782797023506238,0.8735705415180569
type_weighted_saturation,sitka-spruce,natural,19,0.9,0.9,0.08,0,False,0.6,0.35,0.25340347257605517,0.0,0.06868688052300292,0.6779096469009418
type_weighted_saturation,sitka-spruce,natural,19,0.9,0.9,0.4,0,False,0.6,0.35,0.25340347257605517,0.0,0.044795791645436685,0.7018007357785081
type_weighted_saturation,sitka-spruce,natural,19,0.9,0.9,0.8,0,False,0.6,0.35,0.25340347257605517,0.0,0.014931930548478894,0.7316645968754659
type_weighted_saturation,sitka-spruce,natural,20,0.9,0.9,0.08,0,False,0.6,0.6,0.43440595298752316,0.0,0.052034652325147875,0.5135593946873289
type_weighted_saturation,sitka-spruce,natural,20,0.9,0.9,0.4,0,False,0.6,0.6,0.43440595298752316,0.0,0.03393564282074861,0.5316584041917283
type_weighted_saturation,sitka-spruce,natural,20,0.9,0.9,0.8,0,False,0.6,0.6,0.43440595298752316,0.0,0.011311880940249534,0.5542821660722274
type_weighted_saturation,sitka-spruce,natural,21,0.9,0.9,0.08,0,False,1.5,0.15,0.0,0.0,0.09200000000000001,0.908
type_weighted_saturation,sitka-spruce,natural,21,0.9,0.9,0.4,0,False,1.5,0.15,0.0,0.0,0.06,0.94
type_weighted_saturation,sitka-spruce,natural,21,0.9,0.9,0.8,0,False,1.5,0.15,0.0,0.0,0.019999999999999997,0.98
type_weighted_saturation,sitka-spruce,natural,22,0.9,0.9,0.08,0,False,1.5,0.35,0.0,0.0,0.09200000000000001,0.908
type_weighted_saturation,sitka-spruce,natural,22,0.9,0.9,0.4,0,False,1.5,0.35,0.0,0.0,0.06,0.94
type_weighted_saturation,sitka-spruce,natural,22,0.9,0.9,0.8,0,False,1.5,0.35,0.0,0.0,0.019999999999999997,0.98
type_weighted_saturation,sitka-spruce,natural,23,0.9,0.9,0.08,0,False,1.5,0.6,0.0,0.0,0.09200000000000001,0.908
type_weighted_saturation,sitka-spruce,natural,23,0.9,0.9,0.4,0,False,1.5,0.6,0.0,0.0,0.06,0.94
type_weighted_saturation,sitka-spruce,natural,23,0.9,0.9,0.8,0,False,1.5,0.6,0.0,0.0,0.019999999999999997,0.98
type_weighted_saturation,sitka-spruce,natural,24,0.9,0.9,0.08,0,False,2,0.15,0.0,0.0,0.09200000000000001,0.908
type_weighted_saturation,sitka-spruce,natural,24,0.9,0.9,0.4,0,False,2,0.15,0.0,0.0,0.06,0.94
type_weighted_saturation,sitka-spruce,natural,24,0.9,0.9,0.8,0,False,2,0.15,0.0,0.0,0.019999999999999997,0.98
type_weighted_saturation,sitka-spruce,natural,25,0.9,0.9,0.08,0,False,2,0.35,0.0,0.0,0.09200000000000001,0.908
type_weighted_saturation,sitka-spruce,natural,25,0.9,0.9,0.4,0,False,2,0.35,0.0,0.0,0.06,0.94
type_weighted_saturation,sitka-spruce,natural,25,0.9,0.9,0.8,0,False,2,0.35,0.0,0.0,0.019999999999999997,0.98
type_weighted_saturation,sitka-spruce,natural,26,0.9,0.9,0.08,0,False,2,0.6,0.0,0.0,0.09200000000000001,0.908
type_weighted_saturation,sitka-spruce,natural,26,0.9,0.9,0.4,0,False,2,0.6,0.0,0.0,0.06,0.94
type_weighted_saturation,sitka-spruce,natural,26,0.9,0.9,0.8,0,False,2,0.6,0.0,0.0,0.019999999999999997,0.98
type_weighted_saturation,sitka-spruce,planted_expected,0,0,0,0.08,0,False,0.6,0.35,0.0,0.0,0.09200000000000001,0.908
type_weighted_saturation,sitka-spruce,planted_expected,0,0,0,0.4,0,False,0.6,0.35,0.0,0.0,0.06,0.94
type_weighted_saturation,sitka-spruce,planted_expected,0,0,0,0.8,0,False,0.6,0.35,0.0,0.0,0.019999999999999997,0.98
type_weighted_saturation,sitka-spruce,planted_expected,1,0.2,0,0.08,0,False,0.6,0.35,0.07106085166661615,0.0,0.08546240164667132,0.8434767466867126
type_weighted_saturation,sitka-spruce,planted_expected,1,0.2,0,0.4,0,False,0.6,0.35,0.07106085166661615,0.0,0.05573634890000303,0.8732027994333809
type_weighted_saturation,sitka-spruce,planted_expected,1,0.2,0,0.8,0,False,0.6,0.35,0.07106085166661615,0.0,0.018578782966667675,0.9103603653667162
type_weighted_saturation,sitka-spruce,planted_expected,2,0.5,0,0.08,0,False,0.6,0.35,0.14771969270592655,0.0,0.07840978827105477,0.7738705190230186
type_weighted_saturation,sitka-spruce,planted_expected,2,0.5,0,0.4,0,False,0.6,0.35,0.14771969270592655,0.0,0.05113681843764441,0.801143488856429
type_weighted_saturation,sitka-spruce,planted_expected,2,0.5,0,0.8,0,False,0.6,0.35,0.14771969270592655,0.0,0.017045606145881468,0.835234701148192
type_weighted_saturation,sitka-spruce,planted_expected,3,0.9,0,0.08,0,False,0.6,0.35,0.21214757097951958,0.0,0.07248242346988422,0.7153700055505963
type_weighted_saturation,sitka-spruce,planted_expected,3,0.9,0,0.4,0,False,0.6,0.35,0.21214757097951958,0.0,0.04727114574122883,0.7405812832792517
type_weighted_saturation,sitka-spruce,planted_expected,3,0.9,0,0.8,0,False,0.6,0.35,0.21214757097951958,0.0,0.01575704858040961,0.7720953804400709
type_weighted_saturation,sitka-spruce,planted_expected,4,0,0.5,0.08,0,False,0.6,0.35,0.0860570918782413,0.0,0.08408274754720181,0.8298601605745569
type_weighted_saturation,sitka-spruce,planted_expected,4,0,0.5,0.4,0,False,0.6,0.35,0.0860570918782413,0.0,0.05483657448730552,0.8591063336344532
type_weighted_saturation,sitka-spruce,planted_expected,4,0,0.5,0.8,0,False,0.6,0.35,0.0860570918782413,0.0,0.01827885816243517,0.8956640499593236
type_weighted_saturation,sitka-spruce,planted_expected,5,0.5,0.5,0.08,0,False,0.6,0.35,0.19190287689037627,0.0,0.07434493532608538,0.7337521877835382
type_weighted_saturation,sitka-spruce,planted_expected,5,0.5,0.5,0.4,0,False,0.6,0.35,0.19190287689037627,0.0,0.04848582738657742,0.7596112957230463
type_weighted_saturation,sitka-spruce,planted_expected,5,0.5,0.5,0.8,0,False,0.6,0.35,0.19190287689037627,0.0,0.01616194246219247,0.7919351806474312
type_weighted_saturation,sitka-spruce,planted_expected,6,0.9,0.9,0.08,0,False,0.6,0.35,0.25340347257605517,0.0,0.06868688052300292,0.6779096469009418
type_weighted_saturation,sitka-spruce,planted_expected,6,0.9,0.9,0.4,0,False,0.6,0.35,0.25340347257605517,0.0,0.044795791645436685,0.7018007357785081
type_weighted_saturation,sitka-spruce,planted_expected,6,0.9,0.9,0.8,0,False,0.6,0.35,0.25340347257605517,0.0,0.014931930548478894,0.7316645968754659
type_weighted_saturation,sitka-spruce,planted_expected,7,0,0,0.08,0,False,0.6,0.35,0.0,0.0,0.09200000000000001,0.908
type_weighted_saturation,sitka-spruce,planted_expected,7,0,0,0.4,0,False,0.6,0.35,0.0,0.0,0.06,0.94
type_weighted_saturation,sitka-spruce,planted_expected,7,0,0,0.8,0,False,0.6,0.35,0.0,0.0,0.019999999999999997,0.98
type_weighted_saturation,sitka-spruce,planted_expected,8,0,0,0.08,0,True,0.6,0.35,0.0,0.0,0.09200000000000001,0.908
type_weighted_saturation,sitka-spruce,planted_expected,8,0,0,0.4,0,True,0.6,0.35,0.0,0.0,0.06,0.94
type_weighted_saturation,sitka-spruce,planted_expected,8,0,0,0.8,0,True,0.6,0.35,0.0,0.0,0.019999999999999997,0.98
type_weighted_saturation,sitka-spruce,planted_expected,9,0,0,0.08,0.8,False,0.6,0.35,0.0,0.2,0.07360000000000001,0.7264
type_weighted_saturation,sitka-spruce,planted_expected,9,0,0,0.4,0.8,False,0.6,0.35,0.0,0.2,0.048,0.752
type_weighted_saturation,sitka-spruce,planted_expected,9,0,0,0.8,0.8,False,0.6,0.35,0.0,0.2,0.015999999999999997,0.784
type_weighted_saturation,sitka-spruce,planted_expected,10,0,0,0.08,0.8,True,0.6,0.35,0.0,0.0,0.09200000000000001,0.908
type_weighted_saturation,sitka-spruce,planted_expected,10,0,0,0.4,0.8,True,0.6,0.35,0.0,0.0,0.06,0.94
type_weighted_saturation,sitka-spruce,planted_expected,10,0,0,0.8,0.8,True,0.6,0.35,0.0,0.0,0.019999999999999997,0.98
type_weighted_saturation,sitka-spruce,planted_expected,11,0.9,0.9,0.08,0,False,0.6,0.35,0.25340347257605517,0.0,0.06868688052300292,0.6779096469009418
type_weighted_saturation,sitka-spruce,planted_expected,11,0.9,0.9,0.4,0,False,0.6,0.35,0.25340347257605517,0.0,0.044795791645436685,0.7018007357785081
type_weighted_saturation,sitka-spruce,planted_expected,11,0.9,0.9,0.8,0,False,0.6,0.35,0.25340347257605517,0.0,0.014931930548478894,0.7316645968754659
type_weighted_saturation,sitka-spruce,planted_expected,12,0.9,0.9,0.08,0,True,0.6,0.35,0.25340347257605517,0.0,0.06868688052300292,0.6779096469009418
type_weighted_saturation,sitka-spruce,planted_expected,12,0.9,0.9,0.4,0,True,0.6,0.35,0.25340347257605517,0.0,0.044795791645436685,0.7018007357785081
type_weighted_saturation,sitka-spruce,planted_expected,12,0.9,0.9,0.8,0,True,0.6,0.35,0.25340347257605517,0.0,0.014931930548478894,0.7316645968754659
type_weighted_saturation,sitka-spruce,planted_expected,13,0.9,0.9,0.08,0.8,False,0.6,0.35,0.25340347257605517,0.14931930548478897,0.05494950441840234,0.5423277175207535
type_weighted_saturation,sitka-spruce,planted_expected,13,0.9,0.9,0.4,0.8,False,0.6,0.35,0.25340347257605517,0.14931930548478897,0.03583663331634934,0.5614405886228064
type_weighted_saturation,sitka-spruce,planted_expected,13,0.9,0.9,0.8,0.8,False,0.6,0.35,0.25340347257605517,0.14931930548478897,0.011945544438783113,0.5853316775003726
type_weighted_saturation,sitka-spruce,planted_expected,14,0.9,0.9,0.08,0.8,True,0.6,0.35,0.25340347257605517,0.0,0.06868688052300292,0.6779096469009418
type_weighted_saturation,sitka-spruce,planted_expected,14,0.9,0.9,0.4,0.8,True,0.6,0.35,0.25340347257605517,0.0,0.044795791645436685,0.7018007357785081
type_weighted_saturation,sitka-spruce,planted_expected,14,0.9,0.9,0.8,0.8,True,0.6,0.35,0.25340347257605517,0.0,0.014931930548478894,0.7316645968754659
type_weighted_saturation,sitka-spruce,planted_expected,15,0.9,0.9,0.08,0,False,0.2,0.15,0.14480198432917438,0.0,0.07867821744171596,0.7765197982291097
type_weighted_saturation,sitka-spruce,planted_expected,15,0.9,0.9,0.4,0,False,0.2,0.15,0.14480198432917438,0.0,0.051311880940249535,0.8038861347305761
type_weighted_saturation,sitka-spruce,planted_expected,15,0.9,0.9,0.8,0,False,0.2,0.15,0.14480198432917438,0.0,0.01710396031341651,0.8380940553574091
type_weighted_saturation,sitka-spruce,planted_expected,16,0.9,0.9,0.08,0,False,0.2,0.35,0.33787129676807354,0.0,0.06091584069733725,0.6012128625345893
type_weighted_saturation,sitka-spruce,planted_expected,16,0.9,0.9,0.4,0,False,0.2,0.35,0.33787129676807354,0.0,0.03972772219391559,0.6224009810380109
type_weighted_saturation,sitka-spruce,planted_expected,16,0.9,0.9,0.8,0,False,0.2,0.35,0.33787129676807354,0.0,0.013242574064638529,0.6488861291672879
type_weighted_saturation,sitka-spruce,planted_expected,17,0.9,0.9,0.08,0,False,0.2,0.6,0.5792079373166975,0.0,0.03871286976686383,0.38207919291643866
type_weighted_saturation,sitka-spruce,planted_expected,17,0.9,0.9,0.4,0,False,0.2,0.6,0.5792079373166975,0.0,0.025247523760998147,0.39554453892230435
type_weighted_saturation,sitka-spruce,planted_expected,17,0.9,0.9,0.8,0,False,0.2,0.6,0.5792079373166975,0.0,0.008415841253666049,0.4123762214296364
type_weighted_saturation,sitka-spruce,planted_expected,18,0.9,0.9,0.08,0,False,0.6,0.15,0.10860148824688079,0.0,0.08200866308128699,0.8093898486718323
type_weighted_saturation,sitka-spruce,planted_expected,18,0.9,0.9,0.4,0,False,0.6,0.15,0.10860148824688079,0.0,0.053483910705187154,0.8379146010479321
type_weighted_saturation,sitka-spruce,planted_expected,18,0.9,0.9,0.8,0,False,0.6,0.15,0.10860148824688079,0.0,0.01782797023506238,0.8735705415180569
type_weighted_saturation,sitka-spruce,planted_expected,19,0.9,0.9,0.08,0,False,0.6,0.35,0.25340347257605517,0.0,0.06868688052300292,0.6779096469009418
type_weighted_saturation,sitka-spruce,planted_expected,19,0.9,0.9,0.4,0,False,0.6,0.35,0.25340347257605517,0.0,0.044795791645436685,0.7018007357785081
type_weighted_saturation,sitka-spruce,planted_expected,19,0.9,0.9,0.8,0,False,0.6,0.35,0.25340347257605517,0.0,0.014931930548478894,0.7316645968754659
type_weighted_saturation,sitka-spruce,planted_expected,20,0.9,0.9,0.08,0,False,0.6,0.6,0.43440595298752316,0.0,0.052034652325147875,0.5135593946873289
type_weighted_saturation,sitka-spruce,planted_expected,20,0.9,0.9,0.4,0,False,0.6,0.6,0.43440595298752316,0.0,0.03393564282074861,0.5316584041917283
type_weighted_saturation,sitka-spruce,planted_expected,20,0.9,0.9,0.8,0,False,0.6,0.6,0.43440595298752316,0.0,0.011311880940249534,0.5542821660722274
type_weighted_saturation,sitka-spruce,planted_expected,21,0.9,0.9,0.08,0,False,1.5,0.15,0.0,0.0,0.09200000000000001,0.908
type_weighted_saturation,sitka-spruce,planted_expected,21,0.9,0.9,0.4,0,False,1.5,0.15,0.0,0.0,0.06,0.94
type_weighted_saturation,sitka-spruce,planted_expected,21,0.9,0.9,0.8,0,False,1.5,0.15,0.0,0.0,0.019999999999999997,0.98
type_weighted_saturation,sitka-spruce,planted_expected,22,0.9,0.9,0.08,0,False,1.5,0.35,0.0,0.0,0.09200000000000001,0.908
type_weighted_saturation,sitka-spruce,planted_expected,22,0.9,0.9,0.4,0,False,1.5,0.35,0.0,0.0,0.06,0.94
type_weighted_saturation,sitka-spruce,planted_expected,22,0.9,0.9,0.8,0,False,1.5,0.35,0.0,0.0,0.019999999999999997,0.98
type_weighted_saturation,sitka-spruce,planted_expected,23,0.9,0.9,0.08,0,False,1.5,0.6,0.0,0.0,0.09200000000000001,0.908
type_weighted_saturation,sitka-spruce,planted_expected,23,0.9,0.9,0.4,0,False,1.5,0.6,0.0,0.0,0.06,0.94
type_weighted_saturation,sitka-spruce,planted_expected,23,0.9,0.9,0.8,0,False,1.5,0.6,0.0,0.0,0.019999999999999997,0.98
type_weighted_saturation,sitka-spruce,planted_expected,24,0.9,0.9,0.08,0,False,2,0.15,0.0,0.0,0.09200000000000001,0.908
type_weighted_saturation,sitka-spruce,planted_expected,24,0.9,0.9,0.4,0,False,2,0.15,0.0,0.0,0.06,0.94
type_weighted_saturation,sitka-spruce,planted_expected,24,0.9,0.9,0.8,0,False,2,0.15,0.0,0.0,0.019999999999999997,0.98
type_weighted_saturation,sitka-spruce,planted_expected,25,0.9,0.9,0.08,0,False,2,0.35,0.0,0.0,0.09200000000000001,0.908
type_weighted_saturation,sitka-spruce,planted_expected,25,0.9,0.9,0.4,0,False,2,0.35,0.0,0.0,0.06,0.94
type_weighted_saturation,sitka-spruce,planted_expected,25,0.9,0.9,0.8,0,False,2,0.35,0.0,0.0,0.019999999999999997,0.98
type_weighted_saturation,sitka-spruce,planted_expected,26,0.9,0.9,0.08,0,False,2,0.6,0.0,0.0,0.09200000000000001,0.908
type_weighted_saturation,sitka-spruce,planted_expected,26,0.9,0.9,0.4,0,False,2,0.6,0.0,0.0,0.06,0.94
type_weighted_saturation,sitka-spruce,planted_expected,26,0.9,0.9,0.8,0,False,2,0.6,0.0,0.0,0.019999999999999997,0.98
type_weighted_saturation,sessile-oak,natural,0,0,0,0.08,0,False,0.6,0.35,0.0,0.0,0.09200000000000001,0.908
type_weighted_saturation,sessile-oak,natural,0,0,0,0.4,0,False,0.6,0.35,0.0,0.0,0.06,0.94
type_weighted_saturation,sessile-oak,natural,0,0,0,0.8,0,False,0.6,0.35,0.0,0.0,0.019999999999999997,0.98
type_weighted_saturation,sessile-oak,natural,1,0.2,0,0.08,0,False,0.6,0.35,0.07106085166661615,0.0,0.08546240164667132,0.8434767466867126
type_weighted_saturation,sessile-oak,natural,1,0.2,0,0.4,0,False,0.6,0.35,0.07106085166661615,0.0,0.05573634890000303,0.8732027994333809
type_weighted_saturation,sessile-oak,natural,1,0.2,0,0.8,0,False,0.6,0.35,0.07106085166661615,0.0,0.018578782966667675,0.9103603653667162
type_weighted_saturation,sessile-oak,natural,2,0.5,0,0.08,0,False,0.6,0.35,0.14771969270592655,0.0,0.07840978827105477,0.7738705190230186
type_weighted_saturation,sessile-oak,natural,2,0.5,0,0.4,0,False,0.6,0.35,0.14771969270592655,0.0,0.05113681843764441,0.801143488856429
type_weighted_saturation,sessile-oak,natural,2,0.5,0,0.8,0,False,0.6,0.35,0.14771969270592655,0.0,0.017045606145881468,0.835234701148192
type_weighted_saturation,sessile-oak,natural,3,0.9,0,0.08,0,False,0.6,0.35,0.21214757097951958,0.0,0.07248242346988422,0.7153700055505963
type_weighted_saturation,sessile-oak,natural,3,0.9,0,0.4,0,False,0.6,0.35,0.21214757097951958,0.0,0.04727114574122883,0.7405812832792517
type_weighted_saturation,sessile-oak,natural,3,0.9,0,0.8,0,False,0.6,0.35,0.21214757097951958,0.0,0.01575704858040961,0.7720953804400709
type_weighted_saturation,sessile-oak,natural,4,0,0.5,0.08,0,False,0.6,0.35,0.0860570918782413,0.0,0.08408274754720181,0.8298601605745569
type_weighted_saturation,sessile-oak,natural,4,0,0.5,0.4,0,False,0.6,0.35,0.0860570918782413,0.0,0.05483657448730552,0.8591063336344532
type_weighted_saturation,sessile-oak,natural,4,0,0.5,0.8,0,False,0.6,0.35,0.0860570918782413,0.0,0.01827885816243517,0.8956640499593236
type_weighted_saturation,sessile-oak,natural,5,0.5,0.5,0.08,0,False,0.6,0.35,0.19190287689037627,0.0,0.07434493532608538,0.7337521877835382
type_weighted_saturation,sessile-oak,natural,5,0.5,0.5,0.4,0,False,0.6,0.35,0.19190287689037627,0.0,0.04848582738657742,0.7596112957230463
type_weighted_saturation,sessile-oak,natural,5,0.5,0.5,0.8,0,False,0.6,0.35,0.19190287689037627,0.0,0.01616194246219247,0.7919351806474312
type_weighted_saturation,sessile-oak,natural,6,0.9,0.9,0.08,0,False,0.6,0.35,0.25340347257605517,0.0,0.06868688052300292,0.6779096469009418
type_weighted_saturation,sessile-oak,natural,6,0.9,0.9,0.4,0,False,0.6,0.35,0.25340347257605517,0.0,0.044795791645436685,0.7018007357785081
type_weighted_saturation,sessile-oak,natural,6,0.9,0.9,0.8,0,False,0.6,0.35,0.25340347257605517,0.0,0.014931930548478894,0.7316645968754659
type_weighted_saturation,sessile-oak,natural,7,0,0,0.08,0,False,0.6,0.35,0.0,0.0,0.09200000000000001,0.908
type_weighted_saturation,sessile-oak,natural,7,0,0,0.4,0,False,0.6,0.35,0.0,0.0,0.06,0.94
type_weighted_saturation,sessile-oak,natural,7,0,0,0.8,0,False,0.6,0.35,0.0,0.0,0.019999999999999997,0.98
type_weighted_saturation,sessile-oak,natural,8,0,0,0.08,0,True,0.6,0.35,0.0,0.0,0.09200000000000001,0.908
type_weighted_saturation,sessile-oak,natural,8,0,0,0.4,0,True,0.6,0.35,0.0,0.0,0.06,0.94
type_weighted_saturation,sessile-oak,natural,8,0,0,0.8,0,True,0.6,0.35,0.0,0.0,0.019999999999999997,0.98
type_weighted_saturation,sessile-oak,natural,9,0,0,0.08,0.8,False,0.6,0.35,0.0,0.2,0.07360000000000001,0.7264
type_weighted_saturation,sessile-oak,natural,9,0,0,0.4,0.8,False,0.6,0.35,0.0,0.2,0.048,0.752
type_weighted_saturation,sessile-oak,natural,9,0,0,0.8,0.8,False,0.6,0.35,0.0,0.2,0.015999999999999997,0.784
type_weighted_saturation,sessile-oak,natural,10,0,0,0.08,0.8,True,0.6,0.35,0.0,0.0,0.09200000000000001,0.908
type_weighted_saturation,sessile-oak,natural,10,0,0,0.4,0.8,True,0.6,0.35,0.0,0.0,0.06,0.94
type_weighted_saturation,sessile-oak,natural,10,0,0,0.8,0.8,True,0.6,0.35,0.0,0.0,0.019999999999999997,0.98
type_weighted_saturation,sessile-oak,natural,11,0.9,0.9,0.08,0,False,0.6,0.35,0.25340347257605517,0.0,0.06868688052300292,0.6779096469009418
type_weighted_saturation,sessile-oak,natural,11,0.9,0.9,0.4,0,False,0.6,0.35,0.25340347257605517,0.0,0.044795791645436685,0.7018007357785081
type_weighted_saturation,sessile-oak,natural,11,0.9,0.9,0.8,0,False,0.6,0.35,0.25340347257605517,0.0,0.014931930548478894,0.7316645968754659
type_weighted_saturation,sessile-oak,natural,12,0.9,0.9,0.08,0,True,0.6,0.35,0.25340347257605517,0.0,0.06868688052300292,0.6779096469009418
type_weighted_saturation,sessile-oak,natural,12,0.9,0.9,0.4,0,True,0.6,0.35,0.25340347257605517,0.0,0.044795791645436685,0.7018007357785081
type_weighted_saturation,sessile-oak,natural,12,0.9,0.9,0.8,0,True,0.6,0.35,0.25340347257605517,0.0,0.014931930548478894,0.7316645968754659
type_weighted_saturation,sessile-oak,natural,13,0.9,0.9,0.08,0.8,False,0.6,0.35,0.25340347257605517,0.14931930548478897,0.05494950441840234,0.5423277175207535
type_weighted_saturation,sessile-oak,natural,13,0.9,0.9,0.4,0.8,False,0.6,0.35,0.25340347257605517,0.14931930548478897,0.03583663331634934,0.5614405886228064
type_weighted_saturation,sessile-oak,natural,13,0.9,0.9,0.8,0.8,False,0.6,0.35,0.25340347257605517,0.14931930548478897,0.011945544438783113,0.5853316775003726
type_weighted_saturation,sessile-oak,natural,14,0.9,0.9,0.08,0.8,True,0.6,0.35,0.25340347257605517,0.0,0.06868688052300292,0.6779096469009418
type_weighted_saturation,sessile-oak,natural,14,0.9,0.9,0.4,0.8,True,0.6,0.35,0.25340347257605517,0.0,0.044795791645436685,0.7018007357785081
type_weighted_saturation,sessile-oak,natural,14,0.9,0.9,0.8,0.8,True,0.6,0.35,0.25340347257605517,0.0,0.014931930548478894,0.7316645968754659
type_weighted_saturation,sessile-oak,natural,15,0.9,0.9,0.08,0,False,0.2,0.15,0.14480198432917438,0.0,0.07867821744171596,0.7765197982291097
type_weighted_saturation,sessile-oak,natural,15,0.9,0.9,0.4,0,False,0.2,0.15,0.14480198432917438,0.0,0.051311880940249535,0.8038861347305761
type_weighted_saturation,sessile-oak,natural,15,0.9,0.9,0.8,0,False,0.2,0.15,0.14480198432917438,0.0,0.01710396031341651,0.8380940553574091
type_weighted_saturation,sessile-oak,natural,16,0.9,0.9,0.08,0,False,0.2,0.35,0.33787129676807354,0.0,0.06091584069733725,0.6012128625345893
type_weighted_saturation,sessile-oak,natural,16,0.9,0.9,0.4,0,False,0.2,0.35,0.33787129676807354,0.0,0.03972772219391559,0.6224009810380109
type_weighted_saturation,sessile-oak,natural,16,0.9,0.9,0.8,0,False,0.2,0.35,0.33787129676807354,0.0,0.013242574064638529,0.6488861291672879
type_weighted_saturation,sessile-oak,natural,17,0.9,0.9,0.08,0,False,0.2,0.6,0.5792079373166975,0.0,0.03871286976686383,0.38207919291643866
type_weighted_saturation,sessile-oak,natural,17,0.9,0.9,0.4,0,False,0.2,0.6,0.5792079373166975,0.0,0.025247523760998147,0.39554453892230435
type_weighted_saturation,sessile-oak,natural,17,0.9,0.9,0.8,0,False,0.2,0.6,0.5792079373166975,0.0,0.008415841253666049,0.4123762214296364
type_weighted_saturation,sessile-oak,natural,18,0.9,0.9,0.08,0,False,0.6,0.15,0.10860148824688079,0.0,0.08200866308128699,0.8093898486718323
type_weighted_saturation,sessile-oak,natural,18,0.9,0.9,0.4,0,False,0.6,0.15,0.10860148824688079,0.0,0.053483910705187154,0.8379146010479321
type_weighted_saturation,sessile-oak,natural,18,0.9,0.9,0.8,0,False,0.6,0.15,0.10860148824688079,0.0,0.01782797023506238,0.8735705415180569
type_weighted_saturation,sessile-oak,natural,19,0.9,0.9,0.08,0,False,0.6,0.35,0.25340347257605517,0.0,0.06868688052300292,0.6779096469009418
type_weighted_saturation,sessile-oak,natural,19,0.9,0.9,0.4,0,False,0.6,0.35,0.25340347257605517,0.0,0.044795791645436685,0.7018007357785081
type_weighted_saturation,sessile-oak,natural,19,0.9,0.9,0.8,0,False,0.6,0.35,0.25340347257605517,0.0,0.014931930548478894,0.7316645968754659
type_weighted_saturation,sessile-oak,natural,20,0.9,0.9,0.08,0,False,0.6,0.6,0.43440595298752316,0.0,0.052034652325147875,0.5135593946873289
type_weighted_saturation,sessile-oak,natural,20,0.9,0.9,0.4,0,False,0.6,0.6,0.43440595298752316,0.0,0.03393564282074861,0.5316584041917283
type_weighted_saturation,sessile-oak,natural,20,0.9,0.9,0.8,0,False,0.6,0.6,0.43440595298752316,0.0,0.011311880940249534,0.5542821660722274
type_weighted_saturation,sessile-oak,natural,21,0.9,0.9,0.08,0,False,1.5,0.15,0.0,0.0,0.09200000000000001,0.908
type_weighted_saturation,sessile-oak,natural,21,0.9,0.9,0.4,0,False,1.5,0.15,0.0,0.0,0.06,0.94
type_weighted_saturation,sessile-oak,natural,21,0.9,0.9,0.8,0,False,1.5,0.15,0.0,0.0,0.019999999999999997,0.98
type_weighted_saturation,sessile-oak,natural,22,0.9,0.9,0.08,0,False,1.5,0.35,0.0,0.0,0.09200000000000001,0.908
type_weighted_saturation,sessile-oak,natural,22,0.9,0.9,0.4,0,False,1.5,0.35,0.0,0.0,0.06,0.94
type_weighted_saturation,sessile-oak,natural,22,0.9,0.9,0.8,0,False,1.5,0.35,0.0,0.0,0.019999999999999997,0.98
type_weighted_saturation,sessile-oak,natural,23,0.9,0.9,0.08,0,False,1.5,0.6,0.0,0.0,0.09200000000000001,0.908
type_weighted_saturation,sessile-oak,natural,23,0.9,0.9,0.4,0,False,1.5,0.6,0.0,0.0,0.06,0.94
type_weighted_saturation,sessile-oak,natural,23,0.9,0.9,0.8,0,False,1.5,0.6,0.0,0.0,0.019999999999999997,0.98
type_weighted_saturation,sessile-oak,natural,24,0.9,0.9,0.08,0,False,2,0.15,0.0,0.0,0.09200000000000001,0.908
type_weighted_saturation,sessile-oak,natural,24,0.9,0.9,0.4,0,False,2,0.15,0.0,0.0,0.06,0.94
type_weighted_saturation,sessile-oak,natural,24,0.9,0.9,0.8,0,False,2,0.15,0.0,0.0,0.019999999999999997,0.98
type_weighted_saturation,sessile-oak,natural,25,0.9,0.9,0.08,0,False,2,0.35,0.0,0.0,0.09200000000000001,0.908
type_weighted_saturation,sessile-oak,natural,25,0.9,0.9,0.4,0,False,2,0.35,0.0,0.0,0.06,0.94
type_weighted_saturation,sessile-oak,natural,25,0.9,0.9,0.8,0,False,2,0.35,0.0,0.0,0.019999999999999997,0.98
type_weighted_saturation,sessile-oak,natural,26,0.9,0.9,0.08,0,False,2,0.6,0.0,0.0,0.09200000000000001,0.908
type_weighted_saturation,sessile-oak,natural,26,0.9,0.9,0.4,0,False,2,0.6,0.0,0.0,0.06,0.94
type_weighted_saturation,sessile-oak,natural,26,0.9,0.9,0.8,0,False,2,0.6,0.0,0.0,0.019999999999999997,0.98
type_weighted_saturation,sessile-oak,planted_expected,0,0,0,0.08,0,False,0.6,0.35,0.0,0.0,0.09200000000000001,0.908
type_weighted_saturation,sessile-oak,planted_expected,0,0,0,0.4,0,False,0.6,0.35,0.0,0.0,0.06,0.94
type_weighted_saturation,sessile-oak,planted_expected,0,0,0,0.8,0,False,0.6,0.35,0.0,0.0,0.019999999999999997,0.98
type_weighted_saturation,sessile-oak,planted_expected,1,0.2,0,0.08,0,False,0.6,0.35,0.07106085166661615,0.0,0.08546240164667132,0.8434767466867126
type_weighted_saturation,sessile-oak,planted_expected,1,0.2,0,0.4,0,False,0.6,0.35,0.07106085166661615,0.0,0.05573634890000303,0.8732027994333809
type_weighted_saturation,sessile-oak,planted_expected,1,0.2,0,0.8,0,False,0.6,0.35,0.07106085166661615,0.0,0.018578782966667675,0.9103603653667162
type_weighted_saturation,sessile-oak,planted_expected,2,0.5,0,0.08,0,False,0.6,0.35,0.14771969270592655,0.0,0.07840978827105477,0.7738705190230186
type_weighted_saturation,sessile-oak,planted_expected,2,0.5,0,0.4,0,False,0.6,0.35,0.14771969270592655,0.0,0.05113681843764441,0.801143488856429
type_weighted_saturation,sessile-oak,planted_expected,2,0.5,0,0.8,0,False,0.6,0.35,0.14771969270592655,0.0,0.017045606145881468,0.835234701148192
type_weighted_saturation,sessile-oak,planted_expected,3,0.9,0,0.08,0,False,0.6,0.35,0.21214757097951958,0.0,0.07248242346988422,0.7153700055505963
type_weighted_saturation,sessile-oak,planted_expected,3,0.9,0,0.4,0,False,0.6,0.35,0.21214757097951958,0.0,0.04727114574122883,0.7405812832792517
type_weighted_saturation,sessile-oak,planted_expected,3,0.9,0,0.8,0,False,0.6,0.35,0.21214757097951958,0.0,0.01575704858040961,0.7720953804400709
type_weighted_saturation,sessile-oak,planted_expected,4,0,0.5,0.08,0,False,0.6,0.35,0.0860570918782413,0.0,0.08408274754720181,0.8298601605745569
type_weighted_saturation,sessile-oak,planted_expected,4,0,0.5,0.4,0,False,0.6,0.35,0.0860570918782413,0.0,0.05483657448730552,0.8591063336344532
type_weighted_saturation,sessile-oak,planted_expected,4,0,0.5,0.8,0,False,0.6,0.35,0.0860570918782413,0.0,0.01827885816243517,0.8956640499593236
type_weighted_saturation,sessile-oak,planted_expected,5,0.5,0.5,0.08,0,False,0.6,0.35,0.19190287689037627,0.0,0.07434493532608538,0.7337521877835382
type_weighted_saturation,sessile-oak,planted_expected,5,0.5,0.5,0.4,0,False,0.6,0.35,0.19190287689037627,0.0,0.04848582738657742,0.7596112957230463
type_weighted_saturation,sessile-oak,planted_expected,5,0.5,0.5,0.8,0,False,0.6,0.35,0.19190287689037627,0.0,0.01616194246219247,0.7919351806474312
type_weighted_saturation,sessile-oak,planted_expected,6,0.9,0.9,0.08,0,False,0.6,0.35,0.25340347257605517,0.0,0.06868688052300292,0.6779096469009418
type_weighted_saturation,sessile-oak,planted_expected,6,0.9,0.9,0.4,0,False,0.6,0.35,0.25340347257605517,0.0,0.044795791645436685,0.7018007357785081
type_weighted_saturation,sessile-oak,planted_expected,6,0.9,0.9,0.8,0,False,0.6,0.35,0.25340347257605517,0.0,0.014931930548478894,0.7316645968754659
type_weighted_saturation,sessile-oak,planted_expected,7,0,0,0.08,0,False,0.6,0.35,0.0,0.0,0.09200000000000001,0.908
type_weighted_saturation,sessile-oak,planted_expected,7,0,0,0.4,0,False,0.6,0.35,0.0,0.0,0.06,0.94
type_weighted_saturation,sessile-oak,planted_expected,7,0,0,0.8,0,False,0.6,0.35,0.0,0.0,0.019999999999999997,0.98
type_weighted_saturation,sessile-oak,planted_expected,8,0,0,0.08,0,True,0.6,0.35,0.0,0.0,0.09200000000000001,0.908
type_weighted_saturation,sessile-oak,planted_expected,8,0,0,0.4,0,True,0.6,0.35,0.0,0.0,0.06,0.94
type_weighted_saturation,sessile-oak,planted_expected,8,0,0,0.8,0,True,0.6,0.35,0.0,0.0,0.019999999999999997,0.98
type_weighted_saturation,sessile-oak,planted_expected,9,0,0,0.08,0.8,False,0.6,0.35,0.0,0.2,0.07360000000000001,0.7264
type_weighted_saturation,sessile-oak,planted_expected,9,0,0,0.4,0.8,False,0.6,0.35,0.0,0.2,0.048,0.752
type_weighted_saturation,sessile-oak,planted_expected,9,0,0,0.8,0.8,False,0.6,0.35,0.0,0.2,0.015999999999999997,0.784
type_weighted_saturation,sessile-oak,planted_expected,10,0,0,0.08,0.8,True,0.6,0.35,0.0,0.0,0.09200000000000001,0.908
type_weighted_saturation,sessile-oak,planted_expected,10,0,0,0.4,0.8,True,0.6,0.35,0.0,0.0,0.06,0.94
type_weighted_saturation,sessile-oak,planted_expected,10,0,0,0.8,0.8,True,0.6,0.35,0.0,0.0,0.019999999999999997,0.98
type_weighted_saturation,sessile-oak,planted_expected,11,0.9,0.9,0.08,0,False,0.6,0.35,0.25340347257605517,0.0,0.06868688052300292,0.6779096469009418
type_weighted_saturation,sessile-oak,planted_expected,11,0.9,0.9,0.4,0,False,0.6,0.35,0.25340347257605517,0.0,0.044795791645436685,0.7018007357785081
type_weighted_saturation,sessile-oak,planted_expected,11,0.9,0.9,0.8,0,False,0.6,0.35,0.25340347257605517,0.0,0.014931930548478894,0.7316645968754659
type_weighted_saturation,sessile-oak,planted_expected,12,0.9,0.9,0.08,0,True,0.6,0.35,0.25340347257605517,0.0,0.06868688052300292,0.6779096469009418
type_weighted_saturation,sessile-oak,planted_expected,12,0.9,0.9,0.4,0,True,0.6,0.35,0.25340347257605517,0.0,0.044795791645436685,0.7018007357785081
type_weighted_saturation,sessile-oak,planted_expected,12,0.9,0.9,0.8,0,True,0.6,0.35,0.25340347257605517,0.0,0.014931930548478894,0.7316645968754659
type_weighted_saturation,sessile-oak,planted_expected,13,0.9,0.9,0.08,0.8,False,0.6,0.35,0.25340347257605517,0.14931930548478897,0.05494950441840234,0.5423277175207535
type_weighted_saturation,sessile-oak,planted_expected,13,0.9,0.9,0.4,0.8,False,0.6,0.35,0.25340347257605517,0.14931930548478897,0.03583663331634934,0.5614405886228064
type_weighted_saturation,sessile-oak,planted_expected,13,0.9,0.9,0.8,0.8,False,0.6,0.35,0.25340347257605517,0.14931930548478897,0.011945544438783113,0.5853316775003726
type_weighted_saturation,sessile-oak,planted_expected,14,0.9,0.9,0.08,0.8,True,0.6,0.35,0.25340347257605517,0.0,0.06868688052300292,0.6779096469009418
type_weighted_saturation,sessile-oak,planted_expected,14,0.9,0.9,0.4,0.8,True,0.6,0.35,0.25340347257605517,0.0,0.044795791645436685,0.7018007357785081
type_weighted_saturation,sessile-oak,planted_expected,14,0.9,0.9,0.8,0.8,True,0.6,0.35,0.25340347257605517,0.0,0.014931930548478894,0.7316645968754659
type_weighted_saturation,sessile-oak,planted_expected,15,0.9,0.9,0.08,0,False,0.2,0.15,0.14480198432917438,0.0,0.07867821744171596,0.7765197982291097
type_weighted_saturation,sessile-oak,planted_expected,15,0.9,0.9,0.4,0,False,0.2,0.15,0.14480198432917438,0.0,0.051311880940249535,0.8038861347305761
type_weighted_saturation,sessile-oak,planted_expected,15,0.9,0.9,0.8,0,False,0.2,0.15,0.14480198432917438,0.0,0.01710396031341651,0.8380940553574091
type_weighted_saturation,sessile-oak,planted_expected,16,0.9,0.9,0.08,0,False,0.2,0.35,0.33787129676807354,0.0,0.06091584069733725,0.6012128625345893
type_weighted_saturation,sessile-oak,planted_expected,16,0.9,0.9,0.4,0,False,0.2,0.35,0.33787129676807354,0.0,0.03972772219391559,0.6224009810380109
type_weighted_saturation,sessile-oak,planted_expected,16,0.9,0.9,0.8,0,False,0.2,0.35,0.33787129676807354,0.0,0.013242574064638529,0.6488861291672879
type_weighted_saturation,sessile-oak,planted_expected,17,0.9,0.9,0.08,0,False,0.2,0.6,0.5792079373166975,0.0,0.03871286976686383,0.38207919291643866
type_weighted_saturation,sessile-oak,planted_expected,17,0.9,0.9,0.4,0,False,0.2,0.6,0.5792079373166975,0.0,0.025247523760998147,0.39554453892230435
type_weighted_saturation,sessile-oak,planted_expected,17,0.9,0.9,0.8,0,False,0.2,0.6,0.5792079373166975,0.0,0.008415841253666049,0.4123762214296364
type_weighted_saturation,sessile-oak,planted_expected,18,0.9,0.9,0.08,0,False,0.6,0.15,0.10860148824688079,0.0,0.08200866308128699,0.8093898486718323
type_weighted_saturation,sessile-oak,planted_expected,18,0.9,0.9,0.4,0,False,0.6,0.15,0.10860148824688079,0.0,0.053483910705187154,0.8379146010479321
type_weighted_saturation,sessile-oak,planted_expected,18,0.9,0.9,0.8,0,False,0.6,0.15,0.10860148824688079,0.0,0.01782797023506238,0.8735705415180569
type_weighted_saturation,sessile-oak,planted_expected,19,0.9,0.9,0.08,0,False,0.6,0.35,0.25340347257605517,0.0,0.06868688052300292,0.6779096469009418
type_weighted_saturation,sessile-oak,planted_expected,19,0.9,0.9,0.4,0,False,0.6,0.35,0.25340347257605517,0.0,0.044795791645436685,0.7018007357785081
type_weighted_saturation,sessile-oak,planted_expected,19,0.9,0.9,0.8,0,False,0.6,0.35,0.25340347257605517,0.0,0.014931930548478894,0.7316645968754659
type_weighted_saturation,sessile-oak,planted_expected,20,0.9,0.9,0.08,0,False,0.6,0.6,0.43440595298752316,0.0,0.052034652325147875,0.5135593946873289
type_weighted_saturation,sessile-oak,planted_expected,20,0.9,0.9,0.4,0,False,0.6,0.6,0.43440595298752316,0.0,0.03393564282074861,0.5316584041917283
type_weighted_saturation,sessile-oak,planted_expected,20,0.9,0.9,0.8,0,False,0.6,0.6,0.43440595298752316,0.0,0.011311880940249534,0.5542821660722274
type_weighted_saturation,sessile-oak,planted_expected,21,0.9,0.9,0.08,0,False,1.5,0.15,0.0,0.0,0.09200000000000001,0.908
type_weighted_saturation,sessile-oak,planted_expected,21,0.9,0.9,0.4,0,False,1.5,0.15,0.0,0.0,0.06,0.94
type_weighted_saturation,sessile-oak,planted_expected,21,0.9,0.9,0.8,0,False,1.5,0.15,0.0,0.0,0.019999999999999997,0.98
type_weighted_saturation,sessile-oak,planted_expected,22,0.9,0.9,0.08,0,False,1.5,0.35,0.0,0.0,0.09200000000000001,0.908
type_weighted_saturation,sessile-oak,planted_expected,22,0.9,0.9,0.4,0,False,1.5,0.35,0.0,0.0,0.06,0.94
type_weighted_saturation,sessile-oak,planted_expected,22,0.9,0.9,0.8,0,False,1.5,0.35,0.0,0.0,0.019999999999999997,0.98
type_weighted_saturation,sessile-oak,planted_expected,23,0.9,0.9,0.08,0,False,1.5,0.6,0.0,0.0,0.09200000000000001,0.908
type_weighted_saturation,sessile-oak,planted_expected,23,0.9,0.9,0.4,0,False,1.5,0.6,0.0,0.0,0.06,0.94
type_weighted_saturation,sessile-oak,planted_expected,23,0.9,0.9,0.8,0,False,1.5,0.6,0.0,0.0,0.019999999999999997,0.98
type_weighted_saturation,sessile-oak,planted_expected,24,0.9,0.9,0.08,0,False,2,0.15,0.0,0.0,0.09200000000000001,0.908
type_weighted_saturation,sessile-oak,planted_expected,24,0.9,0.9,0.4,0,False,2,0.15,0.0,0.0,0.06,0.94
type_weighted_saturation,sessile-oak,planted_expected,24,0.9,0.9,0.8,0,False,2,0.15,0.0,0.0,0.019999999999999997,0.98
type_weighted_saturation,sessile-oak,planted_expected,25,0.9,0.9,0.08,0,False,2,0.35,0.0,0.0,0.09200000000000001,0.908
type_weighted_saturation,sessile-oak,planted_expected,25,0.9,0.9,0.4,0,False,2,0.35,0.0,0.0,0.06,0.94
type_weighted_saturation,sessile-oak,planted_expected,25,0.9,0.9,0.8,0,False,2,0.35,0.0,0.0,0.019999999999999997,0.98
type_weighted_saturation,sessile-oak,planted_expected,26,0.9,0.9,0.08,0,False,2,0.6,0.0,0.0,0.09200000000000001,0.908
type_weighted_saturation,sessile-oak,planted_expected,26,0.9,0.9,0.4,0,False,2,0.6,0.0,0.0,0.06,0.94
type_weighted_saturation,sessile-oak,planted_expected,26,0.9,0.9,0.8,0,False,2,0.6,0.0,0.0,0.019999999999999997,0.98
type_weighted_saturation,beech,natural,0,0,0,0.08,0,False,0.6,0.35,0.0,0.0,0.09200000000000001,0.908
type_weighted_saturation,beech,natural,0,0,0,0.4,0,False,0.6,0.35,0.0,0.0,0.06,0.94
type_weighted_saturation,beech,natural,0,0,0,0.8,0,False,0.6,0.35,0.0,0.0,0.019999999999999997,0.98
type_weighted_saturation,beech,natural,1,0.2,0,0.08,0,False,0.6,0.35,0.07106085166661615,0.0,0.08546240164667132,0.8434767466867126
type_weighted_saturation,beech,natural,1,0.2,0,0.4,0,False,0.6,0.35,0.07106085166661615,0.0,0.05573634890000303,0.8732027994333809
type_weighted_saturation,beech,natural,1,0.2,0,0.8,0,False,0.6,0.35,0.07106085166661615,0.0,0.018578782966667675,0.9103603653667162
type_weighted_saturation,beech,natural,2,0.5,0,0.08,0,False,0.6,0.35,0.14771969270592655,0.0,0.07840978827105477,0.7738705190230186
type_weighted_saturation,beech,natural,2,0.5,0,0.4,0,False,0.6,0.35,0.14771969270592655,0.0,0.05113681843764441,0.801143488856429
type_weighted_saturation,beech,natural,2,0.5,0,0.8,0,False,0.6,0.35,0.14771969270592655,0.0,0.017045606145881468,0.835234701148192
type_weighted_saturation,beech,natural,3,0.9,0,0.08,0,False,0.6,0.35,0.21214757097951958,0.0,0.07248242346988422,0.7153700055505963
type_weighted_saturation,beech,natural,3,0.9,0,0.4,0,False,0.6,0.35,0.21214757097951958,0.0,0.04727114574122883,0.7405812832792517
type_weighted_saturation,beech,natural,3,0.9,0,0.8,0,False,0.6,0.35,0.21214757097951958,0.0,0.01575704858040961,0.7720953804400709
type_weighted_saturation,beech,natural,4,0,0.5,0.08,0,False,0.6,0.35,0.0860570918782413,0.0,0.08408274754720181,0.8298601605745569
type_weighted_saturation,beech,natural,4,0,0.5,0.4,0,False,0.6,0.35,0.0860570918782413,0.0,0.05483657448730552,0.8591063336344532
type_weighted_saturation,beech,natural,4,0,0.5,0.8,0,False,0.6,0.35,0.0860570918782413,0.0,0.01827885816243517,0.8956640499593236
type_weighted_saturation,beech,natural,5,0.5,0.5,0.08,0,False,0.6,0.35,0.19190287689037627,0.0,0.07434493532608538,0.7337521877835382
type_weighted_saturation,beech,natural,5,0.5,0.5,0.4,0,False,0.6,0.35,0.19190287689037627,0.0,0.04848582738657742,0.7596112957230463
type_weighted_saturation,beech,natural,5,0.5,0.5,0.8,0,False,0.6,0.35,0.19190287689037627,0.0,0.01616194246219247,0.7919351806474312
type_weighted_saturation,beech,natural,6,0.9,0.9,0.08,0,False,0.6,0.35,0.25340347257605517,0.0,0.06868688052300292,0.6779096469009418
type_weighted_saturation,beech,natural,6,0.9,0.9,0.4,0,False,0.6,0.35,0.25340347257605517,0.0,0.044795791645436685,0.7018007357785081
type_weighted_saturation,beech,natural,6,0.9,0.9,0.8,0,False,0.6,0.35,0.25340347257605517,0.0,0.014931930548478894,0.7316645968754659
type_weighted_saturation,beech,natural,7,0,0,0.08,0,False,0.6,0.35,0.0,0.0,0.09200000000000001,0.908
type_weighted_saturation,beech,natural,7,0,0,0.4,0,False,0.6,0.35,0.0,0.0,0.06,0.94
type_weighted_saturation,beech,natural,7,0,0,0.8,0,False,0.6,0.35,0.0,0.0,0.019999999999999997,0.98
type_weighted_saturation,beech,natural,8,0,0,0.08,0,True,0.6,0.35,0.0,0.0,0.09200000000000001,0.908
type_weighted_saturation,beech,natural,8,0,0,0.4,0,True,0.6,0.35,0.0,0.0,0.06,0.94
type_weighted_saturation,beech,natural,8,0,0,0.8,0,True,0.6,0.35,0.0,0.0,0.019999999999999997,0.98
type_weighted_saturation,beech,natural,9,0,0,0.08,0.8,False,0.6,0.35,0.0,0.2,0.07360000000000001,0.7264
type_weighted_saturation,beech,natural,9,0,0,0.4,0.8,False,0.6,0.35,0.0,0.2,0.048,0.752
type_weighted_saturation,beech,natural,9,0,0,0.8,0.8,False,0.6,0.35,0.0,0.2,0.015999999999999997,0.784
type_weighted_saturation,beech,natural,10,0,0,0.08,0.8,True,0.6,0.35,0.0,0.0,0.09200000000000001,0.908
type_weighted_saturation,beech,natural,10,0,0,0.4,0.8,True,0.6,0.35,0.0,0.0,0.06,0.94
type_weighted_saturation,beech,natural,10,0,0,0.8,0.8,True,0.6,0.35,0.0,0.0,0.019999999999999997,0.98
type_weighted_saturation,beech,natural,11,0.9,0.9,0.08,0,False,0.6,0.35,0.25340347257605517,0.0,0.06868688052300292,0.6779096469009418
type_weighted_saturation,beech,natural,11,0.9,0.9,0.4,0,False,0.6,0.35,0.25340347257605517,0.0,0.044795791645436685,0.7018007357785081
type_weighted_saturation,beech,natural,11,0.9,0.9,0.8,0,False,0.6,0.35,0.25340347257605517,0.0,0.014931930548478894,0.7316645968754659
type_weighted_saturation,beech,natural,12,0.9,0.9,0.08,0,True,0.6,0.35,0.25340347257605517,0.0,0.06868688052300292,0.6779096469009418
type_weighted_saturation,beech,natural,12,0.9,0.9,0.4,0,True,0.6,0.35,0.25340347257605517,0.0,0.044795791645436685,0.7018007357785081
type_weighted_saturation,beech,natural,12,0.9,0.9,0.8,0,True,0.6,0.35,0.25340347257605517,0.0,0.014931930548478894,0.7316645968754659
type_weighted_saturation,beech,natural,13,0.9,0.9,0.08,0.8,False,0.6,0.35,0.25340347257605517,0.14931930548478897,0.05494950441840234,0.5423277175207535
type_weighted_saturation,beech,natural,13,0.9,0.9,0.4,0.8,False,0.6,0.35,0.25340347257605517,0.14931930548478897,0.03583663331634934,0.5614405886228064
type_weighted_saturation,beech,natural,13,0.9,0.9,0.8,0.8,False,0.6,0.35,0.25340347257605517,0.14931930548478897,0.011945544438783113,0.5853316775003726
type_weighted_saturation,beech,natural,14,0.9,0.9,0.08,0.8,True,0.6,0.35,0.25340347257605517,0.0,0.06868688052300292,0.6779096469009418
type_weighted_saturation,beech,natural,14,0.9,0.9,0.4,0.8,True,0.6,0.35,0.25340347257605517,0.0,0.044795791645436685,0.7018007357785081
type_weighted_saturation,beech,natural,14,0.9,0.9,0.8,0.8,True,0.6,0.35,0.25340347257605517,0.0,0.014931930548478894,0.7316645968754659
type_weighted_saturation,beech,natural,15,0.9,0.9,0.08,0,False,0.2,0.15,0.14480198432917438,0.0,0.07867821744171596,0.7765197982291097
type_weighted_saturation,beech,natural,15,0.9,0.9,0.4,0,False,0.2,0.15,0.14480198432917438,0.0,0.051311880940249535,0.8038861347305761
type_weighted_saturation,beech,natural,15,0.9,0.9,0.8,0,False,0.2,0.15,0.14480198432917438,0.0,0.01710396031341651,0.8380940553574091
type_weighted_saturation,beech,natural,16,0.9,0.9,0.08,0,False,0.2,0.35,0.33787129676807354,0.0,0.06091584069733725,0.6012128625345893
type_weighted_saturation,beech,natural,16,0.9,0.9,0.4,0,False,0.2,0.35,0.33787129676807354,0.0,0.03972772219391559,0.6224009810380109
type_weighted_saturation,beech,natural,16,0.9,0.9,0.8,0,False,0.2,0.35,0.33787129676807354,0.0,0.013242574064638529,0.6488861291672879
type_weighted_saturation,beech,natural,17,0.9,0.9,0.08,0,False,0.2,0.6,0.5792079373166975,0.0,0.03871286976686383,0.38207919291643866
type_weighted_saturation,beech,natural,17,0.9,0.9,0.4,0,False,0.2,0.6,0.5792079373166975,0.0,0.025247523760998147,0.39554453892230435
type_weighted_saturation,beech,natural,17,0.9,0.9,0.8,0,False,0.2,0.6,0.5792079373166975,0.0,0.008415841253666049,0.4123762214296364
type_weighted_saturation,beech,natural,18,0.9,0.9,0.08,0,False,0.6,0.15,0.10860148824688079,0.0,0.08200866308128699,0.8093898486718323
type_weighted_saturation,beech,natural,18,0.9,0.9,0.4,0,False,0.6,0.15,0.10860148824688079,0.0,0.053483910705187154,0.8379146010479321
type_weighted_saturation,beech,natural,18,0.9,0.9,0.8,0,False,0.6,0.15,0.10860148824688079,0.0,0.01782797023506238,0.8735705415180569
type_weighted_saturation,beech,natural,19,0.9,0.9,0.08,0,False,0.6,0.35,0.25340347257605517,0.0,0.06868688052300292,0.6779096469009418
type_weighted_saturation,beech,natural,19,0.9,0.9,0.4,0,False,0.6,0.35,0.25340347257605517,0.0,0.044795791645436685,0.7018007357785081
type_weighted_saturation,beech,natural,19,0.9,0.9,0.8,0,False,0.6,0.35,0.25340347257605517,0.0,0.014931930548478894,0.7316645968754659
type_weighted_saturation,beech,natural,20,0.9,0.9,0.08,0,False,0.6,0.6,0.43440595298752316,0.0,0.052034652325147875,0.5135593946873289
type_weighted_saturation,beech,natural,20,0.9,0.9,0.4,0,False,0.6,0.6,0.43440595298752316,0.0,0.03393564282074861,0.5316584041917283
type_weighted_saturation,beech,natural,20,0.9,0.9,0.8,0,False,0.6,0.6,0.43440595298752316,0.0,0.011311880940249534,0.5542821660722274
type_weighted_saturation,beech,natural,21,0.9,0.9,0.08,0,False,1.5,0.15,0.0,0.0,0.09200000000000001,0.908
type_weighted_saturation,beech,natural,21,0.9,0.9,0.4,0,False,1.5,0.15,0.0,0.0,0.06,0.94
type_weighted_saturation,beech,natural,21,0.9,0.9,0.8,0,False,1.5,0.15,0.0,0.0,0.019999999999999997,0.98
type_weighted_saturation,beech,natural,22,0.9,0.9,0.08,0,False,1.5,0.35,0.0,0.0,0.09200000000000001,0.908
type_weighted_saturation,beech,natural,22,0.9,0.9,0.4,0,False,1.5,0.35,0.0,0.0,0.06,0.94
type_weighted_saturation,beech,natural,22,0.9,0.9,0.8,0,False,1.5,0.35,0.0,0.0,0.019999999999999997,0.98
type_weighted_saturation,beech,natural,23,0.9,0.9,0.08,0,False,1.5,0.6,0.0,0.0,0.09200000000000001,0.908
type_weighted_saturation,beech,natural,23,0.9,0.9,0.4,0,False,1.5,0.6,0.0,0.0,0.06,0.94
type_weighted_saturation,beech,natural,23,0.9,0.9,0.8,0,False,1.5,0.6,0.0,0.0,0.019999999999999997,0.98
type_weighted_saturation,beech,natural,24,0.9,0.9,0.08,0,False,2,0.15,0.0,0.0,0.09200000000000001,0.908
type_weighted_saturation,beech,natural,24,0.9,0.9,0.4,0,False,2,0.15,0.0,0.0,0.06,0.94
type_weighted_saturation,beech,natural,24,0.9,0.9,0.8,0,False,2,0.15,0.0,0.0,0.019999999999999997,0.98
type_weighted_saturation,beech,natural,25,0.9,0.9,0.08,0,False,2,0.35,0.0,0.0,0.09200000000000001,0.908
type_weighted_saturation,beech,natural,25,0.9,0.9,0.4,0,False,2,0.35,0.0,0.0,0.06,0.94
type_weighted_saturation,beech,natural,25,0.9,0.9,0.8,0,False,2,0.35,0.0,0.0,0.019999999999999997,0.98
type_weighted_saturation,beech,natural,26,0.9,0.9,0.08,0,False,2,0.6,0.0,0.0,0.09200000000000001,0.908
type_weighted_saturation,beech,natural,26,0.9,0.9,0.4,0,False,2,0.6,0.0,0.0,0.06,0.94
type_weighted_saturation,beech,natural,26,0.9,0.9,0.8,0,False,2,0.6,0.0,0.0,0.019999999999999997,0.98
type_weighted_saturation,beech,planted_expected,0,0,0,0.08,0,False,0.6,0.35,0.0,0.0,0.09200000000000001,0.908
type_weighted_saturation,beech,planted_expected,0,0,0,0.4,0,False,0.6,0.35,0.0,0.0,0.06,0.94
type_weighted_saturation,beech,planted_expected,0,0,0,0.8,0,False,0.6,0.35,0.0,0.0,0.019999999999999997,0.98
type_weighted_saturation,beech,planted_expected,1,0.2,0,0.08,0,False,0.6,0.35,0.07106085166661615,0.0,0.08546240164667132,0.8434767466867126
type_weighted_saturation,beech,planted_expected,1,0.2,0,0.4,0,False,0.6,0.35,0.07106085166661615,0.0,0.05573634890000303,0.8732027994333809
type_weighted_saturation,beech,planted_expected,1,0.2,0,0.8,0,False,0.6,0.35,0.07106085166661615,0.0,0.018578782966667675,0.9103603653667162
type_weighted_saturation,beech,planted_expected,2,0.5,0,0.08,0,False,0.6,0.35,0.14771969270592655,0.0,0.07840978827105477,0.7738705190230186
type_weighted_saturation,beech,planted_expected,2,0.5,0,0.4,0,False,0.6,0.35,0.14771969270592655,0.0,0.05113681843764441,0.801143488856429
type_weighted_saturation,beech,planted_expected,2,0.5,0,0.8,0,False,0.6,0.35,0.14771969270592655,0.0,0.017045606145881468,0.835234701148192
type_weighted_saturation,beech,planted_expected,3,0.9,0,0.08,0,False,0.6,0.35,0.21214757097951958,0.0,0.07248242346988422,0.7153700055505963
type_weighted_saturation,beech,planted_expected,3,0.9,0,0.4,0,False,0.6,0.35,0.21214757097951958,0.0,0.04727114574122883,0.7405812832792517
type_weighted_saturation,beech,planted_expected,3,0.9,0,0.8,0,False,0.6,0.35,0.21214757097951958,0.0,0.01575704858040961,0.7720953804400709
type_weighted_saturation,beech,planted_expected,4,0,0.5,0.08,0,False,0.6,0.35,0.0860570918782413,0.0,0.08408274754720181,0.8298601605745569
type_weighted_saturation,beech,planted_expected,4,0,0.5,0.4,0,False,0.6,0.35,0.0860570918782413,0.0,0.05483657448730552,0.8591063336344532
type_weighted_saturation,beech,planted_expected,4,0,0.5,0.8,0,False,0.6,0.35,0.0860570918782413,0.0,0.01827885816243517,0.8956640499593236
type_weighted_saturation,beech,planted_expected,5,0.5,0.5,0.08,0,False,0.6,0.35,0.19190287689037627,0.0,0.07434493532608538,0.7337521877835382
type_weighted_saturation,beech,planted_expected,5,0.5,0.5,0.4,0,False,0.6,0.35,0.19190287689037627,0.0,0.04848582738657742,0.7596112957230463
type_weighted_saturation,beech,planted_expected,5,0.5,0.5,0.8,0,False,0.6,0.35,0.19190287689037627,0.0,0.01616194246219247,0.7919351806474312
type_weighted_saturation,beech,planted_expected,6,0.9,0.9,0.08,0,False,0.6,0.35,0.25340347257605517,0.0,0.06868688052300292,0.6779096469009418
type_weighted_saturation,beech,planted_expected,6,0.9,0.9,0.4,0,False,0.6,0.35,0.25340347257605517,0.0,0.044795791645436685,0.7018007357785081
type_weighted_saturation,beech,planted_expected,6,0.9,0.9,0.8,0,False,0.6,0.35,0.25340347257605517,0.0,0.014931930548478894,0.7316645968754659
type_weighted_saturation,beech,planted_expected,7,0,0,0.08,0,False,0.6,0.35,0.0,0.0,0.09200000000000001,0.908
type_weighted_saturation,beech,planted_expected,7,0,0,0.4,0,False,0.6,0.35,0.0,0.0,0.06,0.94
type_weighted_saturation,beech,planted_expected,7,0,0,0.8,0,False,0.6,0.35,0.0,0.0,0.019999999999999997,0.98
type_weighted_saturation,beech,planted_expected,8,0,0,0.08,0,True,0.6,0.35,0.0,0.0,0.09200000000000001,0.908
type_weighted_saturation,beech,planted_expected,8,0,0,0.4,0,True,0.6,0.35,0.0,0.0,0.06,0.94
type_weighted_saturation,beech,planted_expected,8,0,0,0.8,0,True,0.6,0.35,0.0,0.0,0.019999999999999997,0.98
type_weighted_saturation,beech,planted_expected,9,0,0,0.08,0.8,False,0.6,0.35,0.0,0.2,0.07360000000000001,0.7264
type_weighted_saturation,beech,planted_expected,9,0,0,0.4,0.8,False,0.6,0.35,0.0,0.2,0.048,0.752
type_weighted_saturation,beech,planted_expected,9,0,0,0.8,0.8,False,0.6,0.35,0.0,0.2,0.015999999999999997,0.784
type_weighted_saturation,beech,planted_expected,10,0,0,0.08,0.8,True,0.6,0.35,0.0,0.0,0.09200000000000001,0.908
type_weighted_saturation,beech,planted_expected,10,0,0,0.4,0.8,True,0.6,0.35,0.0,0.0,0.06,0.94
type_weighted_saturation,beech,planted_expected,10,0,0,0.8,0.8,True,0.6,0.35,0.0,0.0,0.019999999999999997,0.98
type_weighted_saturation,beech,planted_expected,11,0.9,0.9,0.08,0,False,0.6,0.35,0.25340347257605517,0.0,0.06868688052300292,0.6779096469009418
type_weighted_saturation,beech,planted_expected,11,0.9,0.9,0.4,0,False,0.6,0.35,0.25340347257605517,0.0,0.044795791645436685,0.7018007357785081
type_weighted_saturation,beech,planted_expected,11,0.9,0.9,0.8,0,False,0.6,0.35,0.25340347257605517,0.0,0.014931930548478894,0.7316645968754659
type_weighted_saturation,beech,planted_expected,12,0.9,0.9,0.08,0,True,0.6,0.35,0.25340347257605517,0.0,0.06868688052300292,0.6779096469009418
type_weighted_saturation,beech,planted_expected,12,0.9,0.9,0.4,0,True,0.6,0.35,0.25340347257605517,0.0,0.044795791645436685,0.7018007357785081
type_weighted_saturation,beech,planted_expected,12,0.9,0.9,0.8,0,True,0.6,0.35,0.25340347257605517,0.0,0.014931930548478894,0.7316645968754659
type_weighted_saturation,beech,planted_expected,13,0.9,0.9,0.08,0.8,False,0.6,0.35,0.25340347257605517,0.14931930548478897,0.05494950441840234,0.5423277175207535
type_weighted_saturation,beech,planted_expected,13,0.9,0.9,0.4,0.8,False,0.6,0.35,0.25340347257605517,0.14931930548478897,0.03583663331634934,0.5614405886228064
type_weighted_saturation,beech,planted_expected,13,0.9,0.9,0.8,0.8,False,0.6,0.35,0.25340347257605517,0.14931930548478897,0.011945544438783113,0.5853316775003726
type_weighted_saturation,beech,planted_expected,14,0.9,0.9,0.08,0.8,True,0.6,0.35,0.25340347257605517,0.0,0.06868688052300292,0.6779096469009418
type_weighted_saturation,beech,planted_expected,14,0.9,0.9,0.4,0.8,True,0.6,0.35,0.25340347257605517,0.0,0.044795791645436685,0.7018007357785081
type_weighted_saturation,beech,planted_expected,14,0.9,0.9,0.8,0.8,True,0.6,0.35,0.25340347257605517,0.0,0.014931930548478894,0.7316645968754659
type_weighted_saturation,beech,planted_expected,15,0.9,0.9,0.08,0,False,0.2,0.15,0.14480198432917438,0.0,0.07867821744171596,0.7765197982291097
type_weighted_saturation,beech,planted_expected,15,0.9,0.9,0.4,0,False,0.2,0.15,0.14480198432917438,0.0,0.051311880940249535,0.8038861347305761
type_weighted_saturation,beech,planted_expected,15,0.9,0.9,0.8,0,False,0.2,0.15,0.14480198432917438,0.0,0.01710396031341651,0.8380940553574091
type_weighted_saturation,beech,planted_expected,16,0.9,0.9,0.08,0,False,0.2,0.35,0.33787129676807354,0.0,0.06091584069733725,0.6012128625345893
type_weighted_saturation,beech,planted_expected,16,0.9,0.9,0.4,0,False,0.2,0.35,0.33787129676807354,0.0,0.03972772219391559,0.6224009810380109
type_weighted_saturation,beech,planted_expected,16,0.9,0.9,0.8,0,False,0.2,0.35,0.33787129676807354,0.0,0.013242574064638529,0.6488861291672879
type_weighted_saturation,beech,planted_expected,17,0.9,0.9,0.08,0,False,0.2,0.6,0.5792079373166975,0.0,0.03871286976686383,0.38207919291643866
type_weighted_saturation,beech,planted_expected,17,0.9,0.9,0.4,0,False,0.2,0.6,0.5792079373166975,0.0,0.025247523760998147,0.39554453892230435
type_weighted_saturation,beech,planted_expected,17,0.9,0.9,0.8,0,False,0.2,0.6,0.5792079373166975,0.0,0.008415841253666049,0.4123762214296364
type_weighted_saturation,beech,planted_expected,18,0.9,0.9,0.08,0,False,0.6,0.15,0.10860148824688079,0.0,0.08200866308128699,0.8093898486718323
type_weighted_saturation,beech,planted_expected,18,0.9,0.9,0.4,0,False,0.6,0.15,0.10860148824688079,0.0,0.053483910705187154,0.8379146010479321
type_weighted_saturation,beech,planted_expected,18,0.9,0.9,0.8,0,False,0.6,0.15,0.10860148824688079,0.0,0.01782797023506238,0.8735705415180569
type_weighted_saturation,beech,planted_expected,19,0.9,0.9,0.08,0,False,0.6,0.35,0.25340347257605517,0.0,0.06868688052300292,0.6779096469009418
type_weighted_saturation,beech,planted_expected,19,0.9,0.9,0.4,0,False,0.6,0.35,0.25340347257605517,0.0,0.044795791645436685,0.7018007357785081
type_weighted_saturation,beech,planted_expected,19,0.9,0.9,0.8,0,False,0.6,0.35,0.25340347257605517,0.0,0.014931930548478894,0.7316645968754659
type_weighted_saturation,beech,planted_expected,20,0.9,0.9,0.08,0,False,0.6,0.6,0.43440595298752316,0.0,0.052034652325147875,0.5135593946873289
type_weighted_saturation,beech,planted_expected,20,0.9,0.9,0.4,0,False,0.6,0.6,0.43440595298752316,0.0,0.03393564282074861,0.5316584041917283
type_weighted_saturation,beech,planted_expected,20,0.9,0.9,0.8,0,False,0.6,0.6,0.43440595298752316,0.0,0.011311880940249534,0.5542821660722274
type_weighted_saturation,beech,planted_expected,21,0.9,0.9,0.08,0,False,1.5,0.15,0.0,0.0,0.09200000000000001,0.908
type_weighted_saturation,beech,planted_expected,21,0.9,0.9,0.4,0,False,1.5,0.15,0.0,0.0,0.06,0.94
type_weighted_saturation,beech,planted_expected,21,0.9,0.9,0.8,0,False,1.5,0.15,0.0,0.0,0.019999999999999997,0.98
type_weighted_saturation,beech,planted_expected,22,0.9,0.9,0.08,0,False,1.5,0.35,0.0,0.0,0.09200000000000001,0.908
type_weighted_saturation,beech,planted_expected,22,0.9,0.9,0.4,0,False,1.5,0.35,0.0,0.0,0.06,0.94
type_weighted_saturation,beech,planted_expected,22,0.9,0.9,0.8,0,False,1.5,0.35,0.0,0.0,0.019999999999999997,0.98
type_weighted_saturation,beech,planted_expected,23,0.9,0.9,0.08,0,False,1.5,0.6,0.0,0.0,0.09200000000000001,0.908
type_weighted_saturation,beech,planted_expected,23,0.9,0.9,0.4,0,False,1.5,0.6,0.0,0.0,0.06,0.94
type_weighted_saturation,beech,planted_expected,23,0.9,0.9,0.8,0,False,1.5,0.6,0.0,0.0,0.019999999999999997,0.98
type_weighted_saturation,beech,planted_expected,24,0.9,0.9,0.08,0,False,2,0.15,0.0,0.0,0.09200000000000001,0.908
type_weighted_saturation,beech,planted_expected,24,0.9,0.9,0.4,0,False,2,0.15,0.0,0.0,0.06,0.94
type_weighted_saturation,beech,planted_expected,24,0.9,0.9,0.8,0,False,2,0.15,0.0,0.0,0.019999999999999997,0.98
type_weighted_saturation,beech,planted_expected,25,0.9,0.9,0.08,0,False,2,0.35,0.0,0.0,0.09200000000000001,0.908
type_weighted_saturation,beech,planted_expected,25,0.9,0.9,0.4,0,False,2,0.35,0.0,0.0,0.06,0.94
type_weighted_saturation,beech,planted_expected,25,0.9,0.9,0.8,0,False,2,0.35,0.0,0.0,0.019999999999999997,0.98
type_weighted_saturation,beech,planted_expected,26,0.9,0.9,0.08,0,False,2,0.6,0.0,0.0,0.09200000000000001,0.908
type_weighted_saturation,beech,planted_expected,26,0.9,0.9,0.4,0,False,2,0.6,0.0,0.0,0.06,0.94
type_weighted_saturation,beech,planted_expected,26,0.9,0.9,0.8,0,False,2,0.6,0.0,0.0,0.019999999999999997,0.98
