object_name,mesh_asset,material_slots,cast_shadows,colliders_local,world_bounds,scale
"Ground_Moss_ShootMat_03_LOD0_Mesh","Assets/ForestPrototype/Art/SectionFive/Ground_Moss_Shoots_03/FBX/Ground_Moss_ShootMat_03_LOD0.fbx","6","On","0","(0.909291565, 0.02343978, 1.08319354)","(0.808127642, 0.8081277, 0.808127642)"
"LOD1 Material0","","1","On","0","(3.66603255, 10.9736843, 3.56692028)","(1.37171054, 1.37171054, 1.37171054)"
"Woodland_Rush_Clump_02_LOD0_Foliage","Assets/ForestPrototype/Art/SectionFive/Woodland_Grass_Rush/FBX/Woodland_Rush_Clump_02_LOD0.fbx","3","On","0","(1.08326948, 0.9336687, 1.009218)","(0.8500001, 0.85, 0.8500001)"
"Ground_Moss_ShootMat_03_LOD0_Mesh","Assets/ForestPrototype/Art/SectionFive/Ground_Moss_Shoots_03/FBX/Ground_Moss_ShootMat_03_LOD0.fbx","6","On","0","(1.62597716, 0.0303022042, 1.55912447)","(1.04472184, 1.04472184, 1.04472184)"
"LOD1 Material0","","1","On","0","(3.765301, 11.2708282, 3.66350484)","(1.40885353, 1.40885353, 1.40885353)"
"LOD1 Material1","","1","On","0","(3.828823, 9.010888, 3.72641349)","(1.16459453, 1.16459453, 1.16459453)"
"LOD0 Material0","","1","On","0","(3.18263984, 8.956131, 3.09763145)","(1.11951637, 1.11951637, 1.11951637)"
"LOD0 Material1","","1","On","0","(3.83660817, 12.8846245, 4.29974461)","(1.1016351, 1.1016351, 1.1016351)"
"Trunk","Library/unity default resources","1","On","1","(0.163982973, 12.0610619, 0.163983)","(0.163982958, 6.030531, 0.163982958)"
"Ground_Moss_ShootMat_03_LOD2_Mesh","Assets/ForestPrototype/Art/SectionFive/Ground_Moss_Shoots_03/FBX/Ground_Moss_ShootMat_03_LOD2.fbx","2","On","0","(0.845007241, 0.028504001, 1.044946)","(0.824758649, 0.8247585, 0.824758649)"
"Ground_Moss_ShootMat_03_LOD0_Mesh","Assets/ForestPrototype/Art/SectionFive/Ground_Moss_Shoots_03/FBX/Ground_Moss_ShootMat_03_LOD0.fbx","6","On","0","(1.456497, 0.0287112761, 1.53470445)","(0.9898719, 0.9898718, 0.9898719)"
"LOD0 Material0","","1","On","0","(3.98228383, 11.2063751, 3.8759172)","(1.40079689, 1.40079689, 1.40079689)"
"Ground_Moss_ShootMat_03_LOD2_Mesh","Assets/ForestPrototype/Art/SectionFive/Ground_Moss_Shoots_03/FBX/Ground_Moss_ShootMat_03_LOD2.fbx","2","On","0","(1.20103836, 0.0263606049, 1.1634953)","(0.762739658, 0.7627397, 0.762739658)"
"Ground_Moss_ShootMat_03_LOD1_Mesh","Assets/ForestPrototype/Art/SectionFive/Ground_Moss_Shoots_03/FBX/Ground_Moss_ShootMat_03_LOD1.fbx","6","On","0","(0.995922446, 0.0224051159, 1.08490348)","(0.715236962, 0.7152369, 0.715236962)"
"Ground_Moss_ShootMat_03_LOD1_Mesh","Assets/ForestPrototype/Art/SectionFive/Ground_Moss_Shoots_03/FBX/Ground_Moss_ShootMat_03_LOD1.fbx","6","On","0","(1.19740236, 0.0251682643, 1.08095825)","(0.803444743, 0.8034447, 0.803444743)"
"LOD0 Material1","","1","On","0","(3.93604279, 9.263223, 3.83076525)","(1.197207, 1.197207, 1.197207)"
"LOD1 Material0","","1","On","0","(3.59764481, 12.8634129, 3.62046647)","(1.071951, 1.071951, 1.071951)"
"Ground_Moss_ShootMat_03_LOD2_Mesh","Assets/ForestPrototype/Art/SectionFive/Ground_Moss_Shoots_03/FBX/Ground_Moss_ShootMat_03_LOD2.fbx","2","On","0","(1.4181118, 0.034356568, 1.530971)","(0.994101763, 0.9941016, 0.994101763)"
"Ground_Moss_ShootMat_03_LOD2_Mesh","Assets/ForestPrototype/Art/SectionFive/Ground_Moss_Shoots_03/FBX/Ground_Moss_ShootMat_03_LOD2.fbx","2","On","0","(1.20637381, 0.0277673863, 1.089733)","(0.803444743, 0.8034447, 0.803444743)"
"Ground_Moss_ShootMat_03_LOD1_Mesh","Assets/ForestPrototype/Art/SectionFive/Ground_Moss_Shoots_03/FBX/Ground_Moss_ShootMat_03_LOD1.fbx","6","On","0","(1.05763018, 0.0239882376, 0.9037414)","(0.765774846, 0.7657748, 0.765774846)"
"Ground_Moss_ShootMat_03_LOD0_Mesh","Assets/ForestPrototype/Art/SectionFive/Ground_Moss_Shoots_03/FBX/Ground_Moss_ShootMat_03_LOD0.fbx","6","On","0","(1.19556487, 0.024982512, 1.02594483)","(0.8613161, 0.8613161, 0.8613161)"
"Ground_Moss_ShootMat_03_LOD2_Mesh","Assets/ForestPrototype/Art/SectionFive/Ground_Moss_Shoots_03/FBX/Ground_Moss_ShootMat_03_LOD2.fbx","2","On","0","(0.7358287, 0.0256353822, 0.920777)","(0.7417557, 0.741755545, 0.7417557)"
"Ground_Moss_ShootMat_03_LOD1_Mesh","Assets/ForestPrototype/Art/SectionFive/Ground_Moss_Shoots_03/FBX/Ground_Moss_ShootMat_03_LOD1.fbx","6","On","0","(1.703387, 0.0341912, 1.63768649)","(1.09148312, 1.09148312, 1.09148312)"
"LOD0 Material0","","1","On","0","(3.33432484, 9.382981, 3.245265)","(1.17287266, 1.17287266, 1.17287266)"
"LOD1 Material1","","1","On","0","(3.89994574, 9.17827, 3.79563379)","(1.18622756, 1.18622756, 1.18622756)"
"Ground_Moss_ShootMat_03_LOD1_Mesh","Assets/ForestPrototype/Art/SectionFive/Ground_Moss_Shoots_03/FBX/Ground_Moss_ShootMat_03_LOD1.fbx","6","On","0","(1.455284, 0.0349328555, 1.63435149)","(1.11515915, 1.115159, 1.11515915)"
"LOD2 Material0","","1","On","0","(3.54386282, 12.671793, 3.56663561)","(1.05598271, 1.05598271, 1.05598271)"
"Ground_Moss_ShootMat_03_LOD0_Mesh","Assets/ForestPrototype/Art/SectionFive/Ground_Moss_Shoots_03/FBX/Ground_Moss_ShootMat_03_LOD0.fbx","6","On","0","(1.10138738, 0.02056862, 1.09610331)","(0.709139347, 0.7091394, 0.709139347)"
"Ground_Moss_ShootMat_03_LOD2_Mesh","Assets/ForestPrototype/Art/SectionFive/Ground_Moss_Shoots_03/FBX/Ground_Moss_ShootMat_03_LOD2.fbx","2","On","0","(0.843382359, 0.02802463, 1.03718579)","(0.8108881, 0.810888052, 0.8108881)"
"Ground_Moss_ShootMat_03_LOD1_Mesh","Assets/ForestPrototype/Art/SectionFive/Ground_Moss_Shoots_03/FBX/Ground_Moss_ShootMat_03_LOD1.fbx","6","On","0","(1.11148882, 0.0234147869, 1.00146508)","(0.7474685, 0.747468531, 0.7474685)"
"LOD0 Material1","","1","On","0","(4.8275547, 11.3613377, 4.69843149)","(1.46837378, 1.46837378, 1.46837378)"
"LOD2 Material0","","1","On","0","(2.90757823, 8.704044, 2.829318)","(1.08800554, 1.08800554, 1.08800554)"
"LOD0 Material0","","1","On","0","(3.851936, 13.7724247, 3.958837)","(1.1477021, 1.1477021, 1.1477021)"
"Ground_Moss_ShootMat_03_LOD2_Mesh","Assets/ForestPrototype/Art/SectionFive/Ground_Moss_Shoots_03/FBX/Ground_Moss_ShootMat_03_LOD2.fbx","2","On","0","(1.764162, 0.0387131274, 1.72589588)","(1.120158, 1.120158, 1.120158)"
"LOD2 Material0","","1","On","0","(3.14812613, 9.424142, 3.06339145)","(1.17801774, 1.17801774, 1.17801774)"
"LOD1 Material1","","1","On","0","(3.677617, 12.3506784, 4.12156057)","(1.05598271, 1.05598271, 1.05598271)"
"LOD2 Material0","","1","On","0","(3.90474463, 11.6891336, 3.79964471)","(1.46114171, 1.46114171, 1.46114171)"
"LOD2 Material1","","1","On","0","(4.033806, 9.363077, 3.93537617)","(1.20676029, 1.20676029, 1.20676029)"
"LOD2 Material1","","1","On","0","(4.66671133, 10.8321466, 4.552838)","(1.39610136, 1.39610136, 1.39610136)"
"LOD0 Material1","","1","On","0","(4.78203249, 11.2542038, 4.654127)","(1.4545275, 1.4545275, 1.4545275)"
"Ground_Moss_ShootMat_03_LOD1_Mesh","Assets/ForestPrototype/Art/SectionFive/Ground_Moss_Shoots_03/FBX/Ground_Moss_ShootMat_03_LOD1.fbx","6","On","0","(1.31423712, 0.0274745487, 1.36840713)","(0.877068, 0.877068, 0.877068)"
"Ground_Moss_ShootMat_03_LOD2_Mesh","Assets/ForestPrototype/Art/SectionFive/Ground_Moss_Shoots_03/FBX/Ground_Moss_ShootMat_03_LOD2.fbx","2","On","0","(1.08321881, 0.03015094, 1.24538946)","(0.872412443, 0.872412443, 0.872412443)"
"Ground_Moss_ShootMat_03_LOD1_Mesh","Assets/ForestPrototype/Art/SectionFive/Ground_Moss_Shoots_03/FBX/Ground_Moss_ShootMat_03_LOD1.fbx","6","On","0","(1.24868727, 0.02890882, 1.05334711)","(0.9228542, 0.9228542, 0.9228542)"
"Ground_Moss_ShootMat_03_LOD2_Mesh","Assets/ForestPrototype/Art/SectionFive/Ground_Moss_Shoots_03/FBX/Ground_Moss_ShootMat_03_LOD2.fbx","2","On","0","(1.34357691, 0.0303687919, 1.38392925)","(0.8787159, 0.878715932, 0.8787159)"
"LOD1 Material0","","1","On","0","(3.904448, 11.6873426, 3.79888988)","(1.46091783, 1.46091783, 1.46091783)"
"Ground_Moss_ShootMat_03_LOD0_Mesh","Assets/ForestPrototype/Art/SectionFive/Ground_Moss_Shoots_03/FBX/Ground_Moss_ShootMat_03_LOD0.fbx","6","On","0","(1.23662567, 0.0256337821, 1.34238565)","(0.883769631, 0.883769751, 0.883769631)"
"LOD0 Material0","","1","On","0","(3.67948246, 13.1558247, 3.78159738)","(1.09631872, 1.09631872, 1.09631872)"
"ShadeFern_Clump_01_LOD0_Mesh","Assets/ForestPrototype/Art/SectionFive/Woodland_Assets/ShadeFern_Clump_01/ShadeFern_Clump_01_LOD0.fbx","2","On","0","(1.42586136, 0.5300144, 1.43119717)","(0.9314228, 0.93142277, 0.9314228)"
"LOD2 Material1","","1","On","0","(4.31862926, 10.0241947, 4.213249)","(1.29196846, 1.29196846, 1.29196846)"
"LOD1 Material1","","1","On","0","(3.64055276, 12.2262039, 4.08002234)","(1.04534018, 1.04534018, 1.04534018)"
"Ground_Moss_ShootMat_03_LOD0_Mesh","Assets/ForestPrototype/Art/SectionFive/Ground_Moss_Shoots_03/FBX/Ground_Moss_ShootMat_03_LOD0.fbx","6","On","0","(1.22264349, 0.023058977, 1.14405823)","(0.7949988, 0.7949988, 0.7949988)"
"Ground_Moss_ShootMat_03_LOD0_Mesh","Assets/ForestPrototype/Art/SectionFive/Ground_Moss_Shoots_03/FBX/Ground_Moss_ShootMat_03_LOD0.fbx","6","On","0","(1.22549736, 0.0229749288, 1.22938275)","(0.792101264, 0.792101145, 0.792101264)"
"Ground_Moss_ShootMat_03_LOD0_Mesh","Assets/ForestPrototype/Art/SectionFive/Ground_Moss_Shoots_03/FBX/Ground_Moss_ShootMat_03_LOD0.fbx","6","On","0","(1.765955, 0.033332698, 1.78987288)","(1.1492033, 1.14920342, 1.1492033)"
"Ground_Moss_ShootMat_03_LOD1_Mesh","Assets/ForestPrototype/Art/SectionFive/Ground_Moss_Shoots_03/FBX/Ground_Moss_ShootMat_03_LOD1.fbx","6","On","0","(1.34448087, 0.0311944541, 1.48687685)","(0.9958183, 0.995818257, 0.9958183)"
"Ground_Moss_ShootMat_03_LOD2_Mesh","Assets/ForestPrototype/Art/SectionFive/Ground_Moss_Shoots_03/FBX/Ground_Moss_ShootMat_03_LOD2.fbx","2","On","0","(1.41212678, 0.0350670777, 1.54411435)","(1.01466, 1.01466012, 1.01466)"
"LOD0 Material0","","1","On","0","(3.77906251, 13.5118694, 3.883941)","(1.12598908, 1.12598908, 1.12598908)"
"Ground_Moss_ShootMat_03_LOD0_Mesh","Assets/ForestPrototype/Art/SectionFive/Ground_Moss_Shoots_03/FBX/Ground_Moss_ShootMat_03_LOD0.fbx","6","On","0","(1.02854657, 0.028258374, 1.25492835)","(0.9742571, 0.974257231, 0.9742571)"
"Ground_Moss_ShootMat_03_LOD2_Mesh","Assets/ForestPrototype/Art/SectionFive/Ground_Moss_Shoots_03/FBX/Ground_Moss_ShootMat_03_LOD2.fbx","2","On","0","(1.36986756, 0.0302558318, 1.29941368)","(0.875447452, 0.875447452, 0.875447452)"
"Ground_Moss_ShootMat_03_LOD0_Mesh","Assets/ForestPrototype/Art/SectionFive/Ground_Moss_Shoots_03/FBX/Ground_Moss_ShootMat_03_LOD0.fbx","6","On","0","(1.42126822, 0.0264666881, 1.40194345)","(0.912485838, 0.912485659, 0.912485838)"
"LOD2 Material0","","1","On","0","(3.43817449, 10.2924223, 3.34563279)","(1.28655279, 1.28655279, 1.28655279)"
"LOD0 Material1","","1","On","0","(4.52789068, 10.6560984, 4.406783)","(1.37722647, 1.37722647, 1.37722647)"
"Ground_Moss_ShootMat_03_LOD1_Mesh","Assets/ForestPrototype/Art/SectionFive/Ground_Moss_Shoots_03/FBX/Ground_Moss_ShootMat_03_LOD1.fbx","6","On","0","(1.25289607, 0.0268055927, 1.32628834)","(0.855712831, 0.85571295, 0.855712831)"
"LOD2 Material1","","1","On","0","(4.67757368, 10.8573589, 4.563435)","(1.39935088, 1.39935088, 1.39935088)"
"Ground_Moss_ShootMat_03_LOD0_Mesh","Assets/ForestPrototype/Art/SectionFive/Ground_Moss_Shoots_03/FBX/Ground_Moss_ShootMat_03_LOD0.fbx","6","On","0","(0.9582255, 0.0217620153, 1.085374)","(0.7502839, 0.7502838, 0.7502839)"
"Trunk","Library/unity default resources","1","On","1","(0.15734, 11.3903742, 0.157340035)","(0.15733999, 5.695187, 0.15733999)"
"Ground_Moss_ShootMat_03_LOD2_Mesh","Assets/ForestPrototype/Art/SectionFive/Ground_Moss_Shoots_03/FBX/Ground_Moss_ShootMat_03_LOD2.fbx","2","On","0","(1.69653714, 0.03878432, 1.764667)","(1.12221777, 1.12221789, 1.12221777)"
"Ground_Moss_ShootMat_03_LOD2_Mesh","Assets/ForestPrototype/Art/SectionFive/Ground_Moss_Shoots_03/FBX/Ground_Moss_ShootMat_03_LOD2.fbx","2","On","0","(1.01847363, 0.0281532537, 1.16768146)","(0.8146096, 0.8146097, 0.8146096)"
"LOD1 Material1","","1","On","0","(4.462046, 10.5011377, 4.34269953)","(1.35719883, 1.35719883, 1.35719883)"
"LOD0 Material1","","1","On","0","(3.53064466, 11.8570957, 3.95684671)","(1.01378143, 1.01378143, 1.01378143)"
"Ground_Moss_ShootMat_03_LOD0_Mesh","Assets/ForestPrototype/Art/SectionFive/Ground_Moss_Shoots_03/FBX/Ground_Moss_ShootMat_03_LOD0.fbx","6","On","0","(1.64285755, 0.0321317352, 1.47909522)","(1.10779822, 1.1077981, 1.10779822)"
"Ground_Moss_ShootMat_03_LOD0_Mesh","Assets/ForestPrototype/Art/SectionFive/Ground_Moss_Shoots_03/FBX/Ground_Moss_ShootMat_03_LOD0.fbx","6","On","0","(1.74703765, 0.03249023, 1.70885324)","(1.120158, 1.120158, 1.120158)"
"Dirt Path 37","Library/unity default resources","1","Off","0","(2.6070106, 0.012, 1.81554663)","(2.6, 0.012, 0.667177)"
"Ground_Moss_ShootMat_03_LOD2_Mesh","Assets/ForestPrototype/Art/SectionFive/Ground_Moss_Shoots_03/FBX/Ground_Moss_ShootMat_03_LOD2.fbx","2","On","0","(1.5670892, 0.0352246538, 1.605381)","(1.01921964, 1.01921952, 1.01921964)"
"LOD1 Material0","","1","On","0","(3.34622836, 10.0164013, 3.25576186)","(1.25205016, 1.25205016, 1.25205016)"
"LOD0 Material1","","1","On","0","(4.11053276, 13.8045549, 4.60673571)","(1.18028915, 1.18028915, 1.18028915)"
"Trunk","Library/unity default resources","1","On","1","(0.12010958, 9.877381, 0.120109595)","(0.120109566, 4.93869066, 0.120109566)"
"LOD2 Material1","","1","On","0","(3.56066632, 11.8321447, 4.02064371)","(1.01378143, 1.01378143, 1.01378143)"
"LOD0 Material1","","1","On","0","(3.53264427, 11.8638105, 3.95908761)","(1.01435554, 1.01435554, 1.01435554)"
"Ground_Moss_ShootMat_03_LOD2_Mesh","Assets/ForestPrototype/Art/SectionFive/Ground_Moss_Shoots_03/FBX/Ground_Moss_ShootMat_03_LOD2.fbx","2","On","0","(1.34644914, 0.0295429491, 1.31383586)","(0.854820251, 0.8548203, 0.854820251)"
"Ground_Moss_ShootMat_03_LOD0_Mesh","Assets/ForestPrototype/Art/SectionFive/Ground_Moss_Shoots_03/FBX/Ground_Moss_ShootMat_03_LOD0.fbx","6","On","0","(1.58215261, 0.0302970279, 1.453085)","(1.04454374, 1.04454339, 1.04454374)"
"Ground_Moss_ShootMat_03_LOD1_Mesh","Assets/ForestPrototype/Art/SectionFive/Ground_Moss_Shoots_03/FBX/Ground_Moss_ShootMat_03_LOD1.fbx","6","On","0","(1.14609039, 0.0283697844, 0.928855956)","(0.9056465, 0.905646563, 0.9056465)"
"LOD0 Material0","","1","On","0","(3.42473531, 12.2449875, 3.5197804)","(1.02041566, 1.02041566, 1.02041566)"
"LOD2 Material0","","1","On","0","(3.37321854, 10.0979719, 3.28242517)","(1.26224649, 1.26224649, 1.26224649)"
"Ground_Moss_ShootMat_03_LOD2_Mesh","Assets/ForestPrototype/Art/SectionFive/Ground_Moss_Shoots_03/FBX/Ground_Moss_ShootMat_03_LOD2.fbx","2","On","0","(1.08272707, 0.0372626819, 1.34880722)","(1.07818949, 1.07818949, 1.07818949)"
"Ground_Moss_ShootMat_03_LOD1_Mesh","Assets/ForestPrototype/Art/SectionFive/Ground_Moss_Shoots_03/FBX/Ground_Moss_ShootMat_03_LOD1.fbx","6","On","0","(1.17082179, 0.0235774, 1.11455274)","(0.752659857, 0.7526596, 0.752659857)"
"Trunk","Library/unity default resources","1","On","1","(0.11572767, 9.328055, 0.115727685)","(0.115727656, 4.66402769, 0.115727656)"
"LOD1 Material1","","1","On","0","(4.237404, 9.972456, 4.1240654)","(1.28887045, 1.28887045, 1.28887045)"
"Ground_Moss_ShootMat_03_LOD1_Mesh","Assets/ForestPrototype/Art/SectionFive/Ground_Moss_Shoots_03/FBX/Ground_Moss_ShootMat_03_LOD1.fbx","6","On","0","(1.30261219, 0.0265762974, 1.32510459)","(0.8483932, 0.8483932, 0.8483932)"
"LOD1 Material1","","1","On","0","(4.2191596, 14.1693611, 4.72847557)","(1.21148, 1.21148, 1.21148)"
"LOD0 Material1","","1","On","0","(3.69581032, 12.4117775, 4.14195)","(1.0612067, 1.0612067, 1.0612067)"
"Trunk","Library/unity default resources","1","On","1","(0.1521283, 11.7966595, 0.152128309)","(0.152128279, 5.89832973, 0.152128279)"
"Ground_Moss_ShootMat_03_LOD1_Mesh","Assets/ForestPrototype/Art/SectionFive/Ground_Moss_Shoots_03/FBX/Ground_Moss_ShootMat_03_LOD1.fbx","6","On","0","(1.57656336, 0.0341748521, 1.68260753)","(1.09096122, 1.09096134, 1.09096122)"
"Trunk","Library/unity default resources","1","On","1","(0.129640982, 9.86127, 0.129641)","(0.129640967, 4.930635, 0.129640967)"
"Ground_Moss_ShootMat_03_LOD2_Mesh","Assets/ForestPrototype/Art/SectionFive/Ground_Moss_Shoots_03/FBX/Ground_Moss_ShootMat_03_LOD2.fbx","2","On","0","(1.20238853, 0.02803175, 1.0747565)","(0.811094046, 0.811094046, 0.811094046)"
"Trunk","Library/unity default resources","1","On","1","(0.16543977, 12.5796185, 0.1654398)","(0.165439755, 6.289809, 0.165439755)"
"Ground_Moss_ShootMat_03_LOD1_Mesh","Assets/ForestPrototype/Art/SectionFive/Ground_Moss_Shoots_03/FBX/Ground_Moss_ShootMat_03_LOD1.fbx","6","On","0","(1.4204483, 0.0284923911, 1.37011313)","(0.909560442, 0.9095605, 0.909560442)"
"Ground_Moss_ShootMat_03_LOD2_Mesh","Assets/ForestPrototype/Art/SectionFive/Ground_Moss_Shoots_03/FBX/Ground_Moss_ShootMat_03_LOD2.fbx","2","On","0","(1.5746628, 0.0352811329, 1.46135688)","(1.02085376, 1.02085376, 1.02085376)"
"LOD1 Material1","","1","On","0","(3.77067256, 12.6631908, 4.22584963)","(1.08270252, 1.08270252, 1.08270252)"
"LOD2 Material0","","1","On","0","(3.92407155, 11.74699, 3.81845164)","(1.46837378, 1.46837378, 1.46837378)"
"LOD1 Material1","","1","On","0","(3.48865581, 11.7160835, 3.90978932)","(1.00172484, 1.00172484, 1.00172484)"
"LOD2 Material1","","1","On","0","(3.35349369, 7.78396845, 3.27166414)","(1.00323689, 1.00323689, 1.00323689)"
"LOD2 Material0","","1","On","0","(3.87334085, 13.8499069, 3.89823079)","(1.154159, 1.154159, 1.154159)"
"LOD0 Material0","","1","On","0","(2.71304035, 7.634651, 2.64057517)","(0.9543314, 0.9543314, 0.9543314)"
"Ground_Moss_ShootMat_03_LOD1_Mesh","Assets/ForestPrototype/Art/SectionFive/Ground_Moss_Shoots_03/FBX/Ground_Moss_ShootMat_03_LOD1.fbx","6","On","0","(1.75064254, 0.03508945, 1.71244109)","(1.120158, 1.120158, 1.120158)"
"Trunk","Library/unity default resources","1","On","1","(0.159245566, 11.6873426, 0.1592456)","(0.159245551, 5.84367132, 0.159245551)"
"ShadeFern_Clump_01_LOD1_Mesh","Assets/ForestPrototype/Art/SectionFive/Woodland_Assets/ShadeFern_Clump_01/ShadeFern_Clump_01_LOD1.fbx","2","On","0","(1.17820621, 0.5298421, 1.15019166)","(0.931422651, 0.93142277, 0.931422651)"
"Ground_Moss_ShootMat_03_LOD1_Mesh","Assets/ForestPrototype/Art/SectionFive/Ground_Moss_Shoots_03/FBX/Ground_Moss_ShootMat_03_LOD1.fbx","6","On","0","(1.21272087, 0.03287652, 1.430868)","(1.04951477, 1.04951477, 1.04951477)"
"LOD0 Material1","","1","On","0","(4.83734751, 11.3843851, 4.707963)","(1.47135246, 1.47135246, 1.47135246)"
"Ground_Moss_ShootMat_03_LOD2_Mesh","Assets/ForestPrototype/Art/SectionFive/Ground_Moss_Shoots_03/FBX/Ground_Moss_ShootMat_03_LOD2.fbx","2","On","0","(1.08679, 0.02426942, 1.10527253)","(0.7022315, 0.702231646, 0.7022315)"
"Ground_Moss_ShootMat_03_LOD2_Mesh","Assets/ForestPrototype/Art/SectionFive/Ground_Moss_Shoots_03/FBX/Ground_Moss_ShootMat_03_LOD2.fbx","2","On","0","(1.69213128, 0.0371335819, 1.65606213)","(1.07445407, 1.07445407, 1.07445407)"
"Trunk","Library/unity default resources","1","On","1","(0.140008375, 10.1416941, 0.14000839)","(0.14000836, 5.070847, 0.14000836)"
"Ground_Moss_ShootMat_03_LOD1_Mesh","Assets/ForestPrototype/Art/SectionFive/Ground_Moss_Shoots_03/FBX/Ground_Moss_ShootMat_03_LOD1.fbx","6","On","0","(1.54841518, 0.0324837528, 1.40019321)","(1.03697658, 1.03697646, 1.03697658)"
"LOD1 Material0","","1","On","0","(3.04932761, 9.127676, 2.966888)","(1.1409595, 1.1409595, 1.1409595)"
"Ground_Moss_ShootMat_03_LOD0_Mesh","Assets/ForestPrototype/Art/SectionFive/Ground_Moss_Shoots_03/FBX/Ground_Moss_ShootMat_03_LOD0.fbx","6","On","0","(1.42385483, 0.0282089822, 1.50538063)","(0.9725543, 0.9725543, 0.9725543)"
"LOD0 Material1","","1","On","0","(3.83911371, 12.8930387, 4.3025527)","(1.10235453, 1.10235453, 1.10235453)"
"LOD2 Material0","","1","On","0","(3.80252671, 11.3831367, 3.70017815)","(1.42289209, 1.42289209, 1.42289209)"
"LOD2 Material0","","1","On","0","(3.64483881, 10.911087, 3.54673457)","(1.36388588, 1.36388588, 1.36388588)"
"LOD1 Material0","","1","On","0","(3.66598964, 10.9735556, 3.56687832)","(1.37169445, 1.37169445, 1.37169445)"
"LOD1 Material0","","1","On","0","(3.940968, 11.7966595, 3.83442259)","(1.47458243, 1.47458243, 1.47458243)"
"LOD0 Material1","","1","On","0","(4.600629, 10.8272829, 4.477576)","(1.39935088, 1.39935088, 1.39935088)"
"LOD2 Material0","","1","On","0","(3.56599522, 12.7509308, 3.58891)","(1.06257761, 1.06257761, 1.06257761)"
"Ground_Moss_ShootMat_03_LOD1_Mesh","Assets/ForestPrototype/Art/SectionFive/Ground_Moss_Shoots_03/FBX/Ground_Moss_ShootMat_03_LOD1.fbx","6","On","0","(1.38121343, 0.0279671215, 1.30052638)","(0.8927924, 0.8927924, 0.8927924)"
"LOD0 Material0","","1","On","0","(4.236845, 11.9227247, 4.12367868)","(1.49034059, 1.49034059, 1.49034059)"
"Ground_Moss_ShootMat_03_LOD2_Mesh","Assets/ForestPrototype/Art/SectionFive/Ground_Moss_Shoots_03/FBX/Ground_Moss_ShootMat_03_LOD2.fbx","2","On","0","(1.13957238, 0.0256686062, 1.16988993)","(0.7427169, 0.742716849, 0.7427169)"
"LOD2 Material0","","1","On","0","(3.19244432, 9.556811, 3.1065166)","(1.19460142, 1.19460142, 1.19460142)"
"LOD2 Material0","","1","On","0","(3.91278172, 11.7131929, 3.80746555)","(1.46414912, 1.46414912, 1.46414912)"
"LOD2 Material0","","1","On","0","(3.7396152, 11.1948071, 3.63896012)","(1.39935088, 1.39935088, 1.39935088)"
"Ground_Moss_ShootMat_03_LOD2_Mesh","Assets/ForestPrototype/Art/SectionFive/Ground_Moss_Shoots_03/FBX/Ground_Moss_ShootMat_03_LOD2.fbx","2","On","0","(0.8576491, 0.024560364, 0.9972379)","(0.71065, 0.71065, 0.71065)"
"LOD1 Material0","","1","On","0","(3.164105, 9.471244, 3.07856226)","(1.18390548, 1.18390548, 1.18390548)"
"LOD2 Material1","","1","On","0","(3.84103084, 12.7638, 4.33722639)","(1.09360588, 1.09360588, 1.09360588)"
"LOD0 Material1","","1","On","0","(4.79632854, 11.2878494, 4.66804075)","(1.45887589, 1.45887589, 1.45887589)"
"LOD2 Material0","","1","On","0","(2.90654469, 8.700951, 2.8283124)","(1.08761883, 1.08761883, 1.08761883)"
"ShadeFern_Clump_01_LOD1_Mesh","Assets/ForestPrototype/Art/SectionFive/Woodland_Assets/ShadeFern_Clump_01/ShadeFern_Clump_01_LOD1.fbx","2","On","0","(1.00459826, 0.449420661, 1.02725065)","(0.7900478, 0.7900479, 0.7900478)"
"LOD2 Material1","","1","On","0","(3.91571069, 13.0119629, 4.42155361)","(1.11486852, 1.11486852, 1.11486852)"
"Ground_Moss_ShootMat_03_LOD0_Mesh","Assets/ForestPrototype/Art/SectionFive/Ground_Moss_Shoots_03/FBX/Ground_Moss_ShootMat_03_LOD0.fbx","6","On","0","(1.4298538, 0.0290570278, 1.25021112)","(1.00179231, 1.00179219, 1.00179231)"
"Trunk","Library/unity default resources","1","On","1","(0.132011876, 10.14003, 0.13201189)","(0.132011861, 5.070015, 0.132011861)"
"LOD2 Material1","","1","On","0","(3.52119946, 11.7009954, 3.97607827)","(1.00254452, 1.00254452, 1.00254452)"
"LOD2 Material0","","1","On","0","(3.21691871, 9.630077, 3.13033247)","(1.20375967, 1.20375967, 1.20375967)"
"LOD1 Material0","","1","On","0","(3.1726377, 9.496785, 3.08686423)","(1.18709815, 1.18709815, 1.18709815)"
"LOD0 Material0","","1","On","0","(3.90317416, 10.9837561, 3.79892039)","(1.37296951, 1.37296951, 1.37296951)"
"Ground_Moss_ShootMat_03_LOD1_Mesh","Assets/ForestPrototype/Art/SectionFive/Ground_Moss_Shoots_03/FBX/Ground_Moss_ShootMat_03_LOD1.fbx","6","On","0","(1.294903, 0.0320634469, 1.04926956)","(1.02355933, 1.02355909, 1.02355933)"
"LOD1 Material1","","1","On","0","(4.423419, 10.4102306, 4.30510569)","(1.34544981, 1.34544981, 1.34544981)"
"Ground_Moss_ShootMat_03_LOD0_Mesh","Assets/ForestPrototype/Art/SectionFive/Ground_Moss_Shoots_03/FBX/Ground_Moss_ShootMat_03_LOD0.fbx","6","On","0","(0.991435349, 0.0246578734, 1.16492629)","(0.8501236, 0.8501236, 0.8501236)"
"Ground_Moss_ShootMat_03_LOD0_Mesh","Assets/ForestPrototype/Art/SectionFive/Ground_Moss_Shoots_03/FBX/Ground_Moss_ShootMat_03_LOD0.fbx","6","On","0","(1.18682182, 0.02323743, 1.24459767)","(0.8011514, 0.8011513, 0.8011514)"
"Ground_Moss_ShootMat_03_LOD2_Mesh","Assets/ForestPrototype/Art/SectionFive/Ground_Moss_Shoots_03/FBX/Ground_Moss_ShootMat_03_LOD2.fbx","2","On","0","(1.3482883, 0.02958424, 1.31089807)","(0.856015146, 0.8560151, 0.856015146)"
"Ground_Moss_ShootMat_03_LOD1_Mesh","Assets/ForestPrototype/Art/SectionFive/Ground_Moss_Shoots_03/FBX/Ground_Moss_ShootMat_03_LOD1.fbx","6","On","0","(1.18125367, 0.0243956335, 1.21715045)","(0.77878, 0.778780043, 0.77878)"
"LOD1 Material0","","1","On","0","(3.61159873, 10.8107452, 3.513958)","(1.35134315, 1.35134315, 1.35134315)"
"LOD1 Material0","","1","On","0","(3.79879165, 11.3710775, 3.69609)","(1.42138469, 1.42138469, 1.42138469)"
"Woodland_Forb_Flowering_01_LOD2_Mesh","Assets/ForestPrototype/Art/SectionFive/Woodland_Forbs_01/FBX/Woodland_Forb_Flowering_01_LOD2.fbx","4","On","0","(0.797849357, 0.274706185, 0.798615038)","(0.821754456, 0.8217542, 0.821754456)"
"LOD1 Material0","","1","On","0","(4.341993, 15.5248356, 4.3695364)","(1.29373634, 1.29373634, 1.29373634)"
"LOD1 Material0","","1","On","0","(3.53938246, 10.5945768, 3.44369388)","(1.3243221, 1.3243221, 1.3243221)"
"Trunk","Library/unity default resources","1","On","1","(0.115167461, 8.794499, 0.115167476)","(0.115167446, 4.3972497, 0.115167446)"
"LOD0 Material1","","1","On","0","(4.847644, 11.4086161, 4.71798372)","(1.47448421, 1.47448421, 1.47448421)"
"LOD0 Material0","","1","On","0","(4.1826086, 11.7701006, 4.07089138)","(1.47126257, 1.47126257, 1.47126257)"
"LOD2 Material0","","1","On","0","(3.84080052, 11.4977121, 3.73742175)","(1.437214, 1.437214, 1.437214)"
"LOD2 Material1","","1","On","0","(3.5978055, 8.351053, 3.51001453)","(1.07632565, 1.07632565, 1.07632565)"
"LOD2 Material1","","1","On","0","(3.60749483, 11.9877567, 4.07352161)","(1.02711427, 1.02711427, 1.02711427)"
"LOD2 Material0","","1","On","0","(3.7744205, 13.4961977, 3.79867482)","(1.12468314, 1.12468314, 1.12468314)"
"LOD2 Material1","","1","On","0","(4.832135, 11.21612, 4.714225)","(1.44558978, 1.44558978, 1.44558978)"
"Stake Front Left","Library/unity default resources","1","On","0","(0.12, 0.7, 0.12)","(0.12, 0.7, 0.12)"
"Trunk","Library/unity default resources","1","On","1","(0.160099715, 12.2014751, 0.160099745)","(0.1600997, 6.10073757, 0.1600997)"
"Ground_Moss_ShootMat_03_LOD0_Mesh","Assets/ForestPrototype/Art/SectionFive/Ground_Moss_Shoots_03/FBX/Ground_Moss_ShootMat_03_LOD0.fbx","6","On","0","(1.66911459, 0.0321600139, 1.52335453)","(1.10877323, 1.10877311, 1.10877323)"
"Ground_Moss_ShootMat_03_LOD0_Mesh","Assets/ForestPrototype/Art/SectionFive/Ground_Moss_Shoots_03/FBX/Ground_Moss_ShootMat_03_LOD0.fbx","6","On","0","(1.47342825, 0.02742268, 1.4209373)","(0.9454452, 0.9454452, 0.9454452)"
"LOD0 Material1","","1","On","0","(4.462046, 10.5011377, 4.34269953)","(1.35719883, 1.35719883, 1.35719883)"
"Ground_Moss_ShootMat_03_LOD1_Mesh","Assets/ForestPrototype/Art/SectionFive/Ground_Moss_Shoots_03/FBX/Ground_Moss_ShootMat_03_LOD1.fbx","6","On","0","(1.34967816, 0.0333501659, 1.53464365)","(1.064635, 1.06463492, 1.064635)"
"Ground_Moss_ShootMat_03_LOD0_Mesh","Assets/ForestPrototype/Art/SectionFive/Ground_Moss_Shoots_03/FBX/Ground_Moss_ShootMat_03_LOD0.fbx","6","On","0","(1.22060847, 0.0260520261, 1.34454763)","(0.898189545, 0.8981895, 0.898189545)"
"LOD2 Material1","","1","On","0","(3.76497316, 12.51106, 4.25134373)","(1.071951, 1.071951, 1.071951)"
"LOD2 Material0","","1","On","0","(3.34597, 10.0164013, 3.25591)","(1.25205016, 1.25205016, 1.25205016)"
"Ground_Moss_ShootMat_03_LOD1_Mesh","Assets/ForestPrototype/Art/SectionFive/Ground_Moss_Shoots_03/FBX/Ground_Moss_ShootMat_03_LOD1.fbx","6","On","0","(1.16631341, 0.0287311487, 0.9479309)","(0.917182446, 0.9171824, 0.917182446)"
"Trunk","Library/unity default resources","1","On","1","(0.157416552, 11.4468842, 0.157416582)","(0.157416537, 5.723442, 0.157416537)"
"Ground_Moss_ShootMat_03_LOD1_Mesh","Assets/ForestPrototype/Art/SectionFive/Ground_Moss_Shoots_03/FBX/Ground_Moss_ShootMat_03_LOD1.fbx","6","On","0","(1.51210213, 0.03544651, 1.26584518)","(1.13155663, 1.13155639, 1.13155663)"
"Ground_Moss_ShootMat_03_LOD0_Mesh","Assets/ForestPrototype/Art/SectionFive/Ground_Moss_Shoots_03/FBX/Ground_Moss_ShootMat_03_LOD0.fbx","6","On","0","(1.55436218, 0.0317816027, 1.35330653)","(1.09572709, 1.09572673, 1.09572709)"
"LOD1 Material0","","1","On","0","(3.56991315, 12.7642574, 3.59255886)","(1.06368816, 1.06368816, 1.06368816)"
"LOD0 Material0","","1","On","0","(4.17907143, 11.7601471, 4.06744862)","(1.47001839, 1.47001839, 1.47001839)"
"Ground_Moss_ShootMat_03_LOD0_Mesh","Assets/ForestPrototype/Art/SectionFive/Ground_Moss_Shoots_03/FBX/Ground_Moss_ShootMat_03_LOD0.fbx","6","On","0","(1.437499, 0.0277847629, 1.3079896)","(0.9579286, 0.9579286, 0.9579286)"
"Dirt Path 36","Library/unity default resources","1","Off","0","(2.61018229, 0.012, 1.80100131)","(2.6, 0.012, 0.665231)"
"Trunk","Library/unity default resources","1","On","1","(0.133645788, 10.6930971, 0.1336458)","(0.133645773, 5.34654856, 0.133645773)"
"LOD1 Material1","","1","On","0","(4.856991, 11.4306145, 4.72708035)","(1.47732723, 1.47732723, 1.47732723)"
"Ground_Moss_ShootMat_03_LOD0_Mesh","Assets/ForestPrototype/Art/SectionFive/Ground_Moss_Shoots_03/FBX/Ground_Moss_ShootMat_03_LOD0.fbx","6","On","0","(1.10181212, 0.0232175123, 0.940399468)","(0.800464749, 0.80046463, 0.800464749)"
"Dirt Path 49","Library/unity default resources","1","Off","0","(2.66772461, 0.012, 1.37097371)","(2.59999967, 0.012, 0.623846)"
"LOD1 Material0","","1","On","0","(3.64300013, 13.0255814, 3.66610932)","(1.08546507, 1.08546507, 1.08546507)"
"LOD2 Material1","","1","On","0","(4.75465727, 11.0362816, 4.63863754)","(1.42241132, 1.42241132, 1.42241132)"
"LOD2 Material1","","1","On","0","(4.90829468, 11.3928976, 4.788526)","(1.46837378, 1.46837378, 1.46837378)"
"Ground_Moss_ShootMat_03_LOD1_Mesh","Assets/ForestPrototype/Art/SectionFive/Ground_Moss_Shoots_03/FBX/Ground_Moss_ShootMat_03_LOD1.fbx","6","On","0","(1.56566012, 0.0332490727, 1.64916492)","(1.0614078, 1.06140769, 1.0614078)"
"Ground_Moss_ShootMat_03_LOD0_Mesh","Assets/ForestPrototype/Art/SectionFive/Ground_Moss_Shoots_03/FBX/Ground_Moss_ShootMat_03_LOD0.fbx","6","On","0","(1.52969718, 0.03290011, 1.28895164)","(1.1342895, 1.13428926, 1.1342895)"
"Ground_Moss_ShootMat_03_LOD1_Mesh","Assets/ForestPrototype/Art/SectionFive/Ground_Moss_Shoots_03/FBX/Ground_Moss_ShootMat_03_LOD1.fbx","6","On","0","(1.38625, 0.0316663757, 1.17920637)","(1.01088381, 1.01088345, 1.01088381)"
"LOD1 Material0","","1","On","0","(2.983954, 8.931991, 2.90328169)","(1.11649883, 1.11649883, 1.11649883)"
"Ground_Moss_ShootMat_03_LOD0_Mesh","Assets/ForestPrototype/Art/SectionFive/Ground_Moss_Shoots_03/FBX/Ground_Moss_ShootMat_03_LOD0.fbx","6","On","0","(1.1371398, 0.0231167357, 1.22132123)","(0.796990156, 0.796990156, 0.796990156)"
"LOD1 Material1","","1","On","0","(4.70959759, 11.0837336, 4.58362961)","(1.43249536, 1.43249536, 1.43249536)"
"LOD1 Material0","","1","On","0","(3.8622942, 11.561162, 3.75787568)","(1.44514525, 1.44514525, 1.44514525)"
"Ground_Moss_ShootMat_03_LOD0_Mesh","Assets/ForestPrototype/Art/SectionFive/Ground_Moss_Shoots_03/FBX/Ground_Moss_ShootMat_03_LOD0.fbx","6","On","0","(0.9937815, 0.0207454786, 1.08272266)","(0.715236962, 0.7152369, 0.715236962)"
"LOD2 Material1","","1","On","0","(4.8612895, 11.2837915, 4.74266768)","(1.45431161, 1.45431161, 1.45431161)"
"LOD2 Material0","","1","On","0","(3.49681687, 12.5035706, 3.519287)","(1.04196417, 1.04196417, 1.04196417)"
"LOD2 Material1","","1","On","0","(4.12468958, 13.7064018, 4.657529)","(1.17436826, 1.17436826, 1.17436826)"
"Ground_Moss_ShootMat_03_LOD2_Mesh","Assets/ForestPrototype/Art/SectionFive/Ground_Moss_Shoots_03/FBX/Ground_Moss_ShootMat_03_LOD2.fbx","2","On","0","(1.07835, 0.0246054512, 0.9817201)","(0.711954653, 0.711954653, 0.711954653)"
"Trunk","Library/unity default resources","1","On","1","(0.151630268, 11.0740166, 0.151630282)","(0.151630253, 5.53700829, 0.151630253)"
"Ground_Moss_ShootMat_03_LOD1_Mesh","Assets/ForestPrototype/Art/SectionFive/Ground_Moss_Shoots_03/FBX/Ground_Moss_ShootMat_03_LOD1.fbx","6","On","0","(1.3006655, 0.0260850135, 1.27825665)","(0.832709968, 0.832709968, 0.832709968)"
"Ground_Moss_ShootMat_03_LOD1_Mesh","Assets/ForestPrototype/Art/SectionFive/Ground_Moss_Shoots_03/FBX/Ground_Moss_ShootMat_03_LOD1.fbx","6","On","0","(1.21802139, 0.0265608113, 1.304541)","(0.847898841, 0.847898841, 0.847898841)"
"LOD0 Material1","","1","On","0","(3.99704337, 13.42342, 4.479547)","(1.1477021, 1.1477021, 1.1477021)"
"LOD1 Material0","","1","On","0","(3.85059261, 11.5261354, 3.74649048)","(1.44076693, 1.44076693, 1.44076693)"
"LOD2 Material0","","1","On","0","(3.53262615, 12.6316137, 3.5553267)","(1.05263448, 1.05263448, 1.05263448)"
"LOD1 Material0","","1","On","0","(3.452844, 12.3456764, 3.47474718)","(1.02880633, 1.02880633, 1.02880633)"
"Dirt Path 14","Library/unity default resources","1","Off","0","(2.66727161, 0.012, 1.379201)","(2.6, 0.012, 0.624398947)"
"Ground_Moss_ShootMat_03_LOD0_Mesh","Assets/ForestPrototype/Art/SectionFive/Ground_Moss_Shoots_03/FBX/Ground_Moss_ShootMat_03_LOD0.fbx","6","On","0","(1.55592239, 0.03134145, 1.36900663)","(1.080552, 1.08055162, 1.080552)"
"LOD0 Material1","","1","On","0","(4.1671567, 9.807134, 4.05569744)","(1.26750374, 1.26750374, 1.26750374)"
"LOD2 Material1","","1","On","0","(4.523271, 10.4992, 4.41289759)","(1.35318947, 1.35318947, 1.35318947)"
"LOD2 Material1","","1","On","0","(4.28127766, 9.937496, 4.17680931)","(1.28079438, 1.28079438, 1.28079438)"
"LOD2 Material0","","1","On","0","(4.23665142, 15.1489983, 4.263876)","(1.26241648, 1.26241648, 1.26241648)"
"Ground_Moss_ShootMat_03_LOD0_Mesh","Assets/ForestPrototype/Art/SectionFive/Ground_Moss_Shoots_03/FBX/Ground_Moss_ShootMat_03_LOD0.fbx","6","On","0","(1.24916553, 0.0279803425, 1.40655565)","(0.9646717, 0.964671552, 0.9646717)"
"Woodland_Forb_Flowering_01_LOD2_Mesh","Assets/ForestPrototype/Art/SectionFive/Woodland_Forbs_01/FBX/Woodland_Forb_Flowering_01_LOD2.fbx","4","On","0","(0.789265752, 0.28364712, 0.792194963)","(0.8485001, 0.8485, 0.8485001)"
"Trunk","Library/unity default resources","1","On","1","(0.1763169, 12.8634119, 0.176316932)","(0.176316887, 6.431706, 0.176316887)"
"LOD0 Material1","","1","On","0","(3.73032951, 12.5277052, 4.18063641)","(1.07111847, 1.07111847, 1.07111847)"
"Ground_Moss_ShootMat_03_LOD0_Mesh","Assets/ForestPrototype/Art/SectionFive/Ground_Moss_Shoots_03/FBX/Ground_Moss_ShootMat_03_LOD0.fbx","6","On","0","(1.27554035, 0.0243615154, 1.3101542)","(0.839906037, 0.839906156, 0.839906037)"
"Ground_Moss_ShootMat_03_LOD1_Mesh","Assets/ForestPrototype/Art/SectionFive/Ground_Moss_Shoots_03/FBX/Ground_Moss_ShootMat_03_LOD1.fbx","6","On","0","(1.17465258, 0.0338315554, 1.41809738)","(1.08000231, 1.08000231, 1.08000231)"
"LOD1 Material0","","1","On","0","(3.78565884, 11.3317661, 3.68331218)","(1.41647077, 1.41647077, 1.41647077)"
"Ground_Moss_ShootMat_03_LOD1_Mesh","Assets/ForestPrototype/Art/SectionFive/Ground_Moss_Shoots_03/FBX/Ground_Moss_ShootMat_03_LOD1.fbx","6","On","0","(1.67941523, 0.03366679, 1.62665558)","(1.07474232, 1.07474244, 1.07474232)"
"Ground_Moss_ShootMat_03_LOD1_Mesh","Assets/ForestPrototype/Art/SectionFive/Ground_Moss_Shoots_03/FBX/Ground_Moss_ShootMat_03_LOD1.fbx","6","On","0","(1.47756219, 0.0335734338, 1.61768055)","(1.07176232, 1.07176232, 1.07176232)"
"Ground_Moss_ShootMat_03_LOD2_Mesh","Assets/ForestPrototype/Art/SectionFive/Ground_Moss_Shoots_03/FBX/Ground_Moss_ShootMat_03_LOD2.fbx","2","On","0","(0.907961547, 0.0299786516, 1.11398447)","(0.8674274, 0.8674273, 0.8674274)"
"Ground_Moss_ShootMat_03_LOD1_Mesh","Assets/ForestPrototype/Art/SectionFive/Ground_Moss_Shoots_03/FBX/Ground_Moss_ShootMat_03_LOD1.fbx","6","On","0","(1.08640587, 0.0271222163, 1.24058366)","(0.8658207, 0.8658205, 0.8658207)"
"Ground_Moss_ShootMat_03_LOD0_Mesh","Assets/ForestPrototype/Art/SectionFive/Ground_Moss_Shoots_03/FBX/Ground_Moss_ShootMat_03_LOD0.fbx","6","On","0","(1.41526258, 0.02664554, 1.42941451)","(0.9186518, 0.9186519, 0.9186518)"
"Ground_Moss_ShootMat_03_LOD0_Mesh","Assets/ForestPrototype/Art/SectionFive/Ground_Moss_Shoots_03/FBX/Ground_Moss_ShootMat_03_LOD0.fbx","6","On","0","(1.04764771, 0.0222121272, 1.15031052)","(0.765802145, 0.7658022, 0.765802145)"
"ShadeFern_Clump_01_LOD0_Mesh","Assets/ForestPrototype/Art/SectionFive/Woodland_Assets/ShadeFern_Clump_01/ShadeFern_Clump_01_LOD0.fbx","2","On","0","(1.55908418, 0.6452423, 1.569206)","(1.133919, 1.133919, 1.133919)"
"LOD1 Material1","","1","On","0","(4.48403072, 10.5528774, 4.364096)","(1.36388588, 1.36388588, 1.36388588)"
"LOD2 Material1","","1","On","0","(4.16190529, 9.660415, 4.06035)","(1.24508274, 1.24508274, 1.24508274)"
"Ground_Moss_ShootMat_03_LOD1_Mesh","Assets/ForestPrototype/Art/SectionFive/Ground_Moss_Shoots_03/FBX/Ground_Moss_ShootMat_03_LOD1.fbx","6","On","0","(1.45954823, 0.0292723365, 1.43466949)","(0.934458733, 0.9344587, 0.934458733)"
"LOD2 Material0","","1","On","0","(3.99986887, 11.9738951, 3.89220881)","(1.49673688, 1.49673688, 1.49673688)"
"Ground_Moss_ShootMat_03_LOD0_Mesh","Assets/ForestPrototype/Art/SectionFive/Ground_Moss_Shoots_03/FBX/Ground_Moss_ShootMat_03_LOD0.fbx","6","On","0","(1.357625, 0.0257847477, 1.25856113)","(0.888974547, 0.888974547, 0.888974547)"
"Ground_Moss_ShootMat_03_LOD0_Mesh","Assets/ForestPrototype/Art/SectionFive/Ground_Moss_Shoots_03/FBX/Ground_Moss_ShootMat_03_LOD0.fbx","6","On","0","(1.49869061, 0.02933785, 1.3482914)","(1.01147413, 1.011474, 1.01147413)"
"Ground_Moss_ShootMat_03_LOD2_Mesh","Assets/ForestPrototype/Art/SectionFive/Ground_Moss_Shoots_03/FBX/Ground_Moss_ShootMat_03_LOD2.fbx","2","On","0","(0.9681915, 0.0259301215, 1.09561217)","(0.7502839, 0.7502838, 0.7502839)"
"Trunk","Library/unity default resources","1","On","1","(0.110946804, 9.20576, 0.110946819)","(0.110946789, 4.60288, 0.110946789)"
"Ground_Moss_ShootMat_03_LOD0_Mesh","Assets/ForestPrototype/Art/SectionFive/Ground_Moss_Shoots_03/FBX/Ground_Moss_ShootMat_03_LOD0.fbx","6","On","0","(1.71495032, 0.0325694978, 1.75110745)","(1.122891, 1.12289083, 1.122891)"
"LOD2 Material0","","1","On","0","(4.06845665, 14.5475836, 4.09460068)","(1.21229863, 1.21229863, 1.21229863)"
"LOD2 Material0","","1","On","0","(3.18211555, 9.525891, 3.09646583)","(1.19073641, 1.19073641, 1.19073641)"
"LOD0 Material0","","1","On","0","(3.94143343, 14.0924187, 4.05081844)","(1.17436826, 1.17436826, 1.17436826)"
"Ground_Moss_ShootMat_03_LOD0_Mesh","Assets/ForestPrototype/Art/SectionFive/Ground_Moss_Shoots_03/FBX/Ground_Moss_ShootMat_03_LOD0.fbx","6","On","0","(1.19678009, 0.0261512119, 1.3328433)","(0.9016092, 0.901609063, 0.9016092)"
"LOD2 Material1","","1","On","0","(4.87654638, 11.3192053, 4.75755262)","(1.45887589, 1.45887589, 1.45887589)"
"LOD2 Material1","","1","On","0","(4.317655, 10.0219345, 4.212299)","(1.29167712, 1.29167712, 1.29167712)"
"Ground_Moss_ShootMat_03_LOD2_Mesh","Assets/ForestPrototype/Art/SectionFive/Ground_Moss_Shoots_03/FBX/Ground_Moss_ShootMat_03_LOD2.fbx","2","On","0","(1.00190914, 0.029380627, 1.17577147)","(0.8501236, 0.8501236, 0.8501236)"
"Ground_Moss_ShootMat_03_LOD2_Mesh","Assets/ForestPrototype/Art/SectionFive/Ground_Moss_Shoots_03/FBX/Ground_Moss_ShootMat_03_LOD2.fbx","2","On","0","(1.309679, 0.03155677, 1.40968633)","(0.913090348, 0.913089931, 0.913090348)"
"LOD0 Material0","","1","On","0","(3.519745, 12.584692, 3.617427)","(1.04872429, 1.04872429, 1.04872429)"
"LOD1 Material0","","1","On","0","(3.492307, 12.4867764, 3.51446033)","(1.04056466, 1.04056466, 1.04056466)"
"Ground_Moss_ShootMat_03_LOD1_Mesh","Assets/ForestPrototype/Art/SectionFive/Ground_Moss_Shoots_03/FBX/Ground_Moss_ShootMat_03_LOD1.fbx","6","On","0","(0.7460692, 0.0226270966, 0.918161154)","(0.722323358, 0.7223232, 0.722323358)"
"Ground_Moss_ShootMat_03_LOD1_Mesh","Assets/ForestPrototype/Art/SectionFive/Ground_Moss_Shoots_03/FBX/Ground_Moss_ShootMat_03_LOD1.fbx","6","On","0","(1.50168729, 0.0316848755, 1.35122025)","(1.01147413, 1.011474, 1.01147413)"
"Ground_Moss_ShootMat_03_LOD1_Mesh","Assets/ForestPrototype/Art/SectionFive/Ground_Moss_Shoots_03/FBX/Ground_Moss_ShootMat_03_LOD1.fbx","6","On","0","(1.26818573, 0.03118929, 1.03172588)","(0.9956535, 0.99565345, 0.9956535)"
"LOD0 Material0","","1","On","0","(3.78383231, 10.6479216, 3.68276644)","(1.3309902, 1.3309902, 1.3309902)"
"LOD0 Material1","","1","On","0","(3.541121, 11.8922787, 3.96858764)","(1.01678956, 1.01678956, 1.01678956)"
"LOD0 Material1","","1","On","0","(4.70422268, 11.071084, 4.5783987)","(1.43086052, 1.43086052, 1.43086052)"
"Ground_Moss_ShootMat_03_LOD1_Mesh","Assets/ForestPrototype/Art/SectionFive/Ground_Moss_Shoots_03/FBX/Ground_Moss_ShootMat_03_LOD1.fbx","6","On","0","(1.17189312, 0.0239353236, 1.19366825)","(0.76408565, 0.7640856, 0.76408565)"
"Trunk","Library/unity default resources","1","On","1","(0.155715972, 12.1132135, 0.155715987)","(0.155715957, 6.056607, 0.155715957)"
"LOD0 Material0","","1","On","0","(2.93120527, 8.24858, 2.852913)","(1.0310725, 1.0310725, 1.0310725)"
"LOD2 Material0","","1","On","0","(3.79362941, 11.3565025, 3.69152045)","(1.41956282, 1.41956282, 1.41956282)"
"Ground_Moss_ShootMat_03_LOD2_Mesh","Assets/ForestPrototype/Art/SectionFive/Ground_Moss_Shoots_03/FBX/Ground_Moss_ShootMat_03_LOD2.fbx","2","On","0","(1.41397119, 0.03584309, 1.19422781)","(1.03711379, 1.03711379, 1.03711379)"
"LOD1 Material1","","1","On","0","(3.53949523, 11.8868189, 3.96676564)","(1.01632273, 1.01632273, 1.01632273)"
"Ground_Moss_ShootMat_03_LOD1_Mesh","Assets/ForestPrototype/Art/SectionFive/Ground_Moss_Shoots_03/FBX/Ground_Moss_ShootMat_03_LOD1.fbx","6","On","0","(1.01015127, 0.025518015, 1.15910745)","(0.8146096, 0.8146097, 0.8146096)"
"Trunk","Library/unity default resources","1","On","1","(0.182495728, 13.2888517, 0.182495758)","(0.182495713, 6.644426, 0.182495713)"
"Bramble_Clump_01_LOD2_Mesh","Assets/ForestPrototype/Art/SectionFive/Woodland_Assets/Bramble_Clump_01/Bramble_Clump_01_LOD2.fbx","2","On","0","(1.64621937, 0.9523883, 1.48221707)","(1.05481339, 1.05481327, 1.05481339)"
"LOD1 Material1","","1","On","0","(3.53862262, 8.32792, 3.443975)","(1.07632565, 1.07632565, 1.07632565)"
"LOD0 Material0","","1","On","0","(3.66409135, 10.3109636, 3.56622362)","(1.28887045, 1.28887045, 1.28887045)"
"LOD0 Material1","","1","On","0","(4.29518032, 10.108429, 4.180297)","(1.306444, 1.306444, 1.306444)"
"Ground_Moss_ShootMat_03_LOD1_Mesh","Assets/ForestPrototype/Art/SectionFive/Ground_Moss_Shoots_03/FBX/Ground_Moss_ShootMat_03_LOD1.fbx","6","On","0","(1.15032864, 0.0246830042, 1.22000074)","(0.787953734, 0.787953734, 0.787953734)"
"Trunk","Library/unity default resources","1","On","1","(0.142455235, 10.5945768, 0.14245525)","(0.14245522, 5.29728842, 0.14245522)"
"Ground_Moss_ShootMat_03_LOD2_Mesh","Assets/ForestPrototype/Art/SectionFive/Ground_Moss_Shoots_03/FBX/Ground_Moss_ShootMat_03_LOD2.fbx","2","On","0","(1.37066352, 0.0307233334, 1.27138758)","(0.888974547, 0.888974547, 0.888974547)"
"Ground_Moss_ShootMat_03_LOD2_Mesh","Assets/ForestPrototype/Art/SectionFive/Ground_Moss_Shoots_03/FBX/Ground_Moss_ShootMat_03_LOD2.fbx","2","On","0","(0.8739245, 0.025447432, 1.02278781)","(0.7363172, 0.7363172, 0.7363172)"
"Ground_Moss_ShootMat_03_LOD1_Mesh","Assets/ForestPrototype/Art/SectionFive/Ground_Moss_Shoots_03/FBX/Ground_Moss_ShootMat_03_LOD1.fbx","6","On","0","(1.28253555, 0.0261981543, 1.19227624)","(0.8363218, 0.8363218, 0.8363218)"
"Ground_Moss_ShootMat_03_LOD1_Mesh","Assets/ForestPrototype/Art/SectionFive/Ground_Moss_Shoots_03/FBX/Ground_Moss_ShootMat_03_LOD1.fbx","6","On","0","(1.444265, 0.0314499922, 1.54558134)","(1.00397587, 1.00397575, 1.00397587)"
"Ground_Moss_ShootMat_03_LOD1_Mesh","Assets/ForestPrototype/Art/SectionFive/Ground_Moss_Shoots_03/FBX/Ground_Moss_ShootMat_03_LOD1.fbx","6","On","0","(0.930255651, 0.0253123827, 1.09915185)","(0.8080453, 0.8080453, 0.8080453)"
"LOD0 Material1","","1","On","0","(4.107706, 9.667221, 3.997837)","(1.249421, 1.249421, 1.249421)"
"Ground_Moss_ShootMat_03_LOD1_Mesh","Assets/ForestPrototype/Art/SectionFive/Ground_Moss_Shoots_03/FBX/Ground_Moss_ShootMat_03_LOD1.fbx","6","On","0","(1.72779322, 0.0352787338, 1.60705471)","(1.12620044, 1.12620044, 1.12620044)"
"Ground_Moss_ShootMat_03_LOD0_Mesh","Assets/ForestPrototype/Art/SectionFive/Ground_Moss_Shoots_03/FBX/Ground_Moss_ShootMat_03_LOD0.fbx","6","On","0","(1.64963686, 0.03257627, 1.47346914)","(1.12312424, 1.12312424, 1.12312424)"
"Ground_Moss_ShootMat_03_LOD2_Mesh","Assets/ForestPrototype/Art/SectionFive/Ground_Moss_Shoots_03/FBX/Ground_Moss_ShootMat_03_LOD2.fbx","2","On","0","(1.29972363, 0.02902134, 1.3216536)","(0.839727759, 0.83972764, 0.839727759)"
"LOD2 Material1","","1","On","0","(3.96503043, 13.1758528, 4.477245)","(1.12891066, 1.12891066, 1.12891066)"
"Ground_Moss_ShootMat_03_LOD1_Mesh","Assets/ForestPrototype/Art/SectionFive/Ground_Moss_Shoots_03/FBX/Ground_Moss_ShootMat_03_LOD1.fbx","6","On","0","(1.35495853, 0.0277928915, 1.38671255)","(0.8872304, 0.887230456, 0.8872304)"
"Trunk","Library/unity default resources","1","On","1","(0.186262265, 13.1129656, 0.1862623)","(0.18626225, 6.556483, 0.18626225)"
"LOD1 Material1","","1","On","0","(4.57038736, 10.7561111, 4.448143)","(1.39015245, 1.39015245, 1.39015245)"
"LOD1 Material0","","1","On","0","(3.38621283, 12.1074352, 3.40769339)","(1.008953, 1.008953, 1.008953)"
"Ground_Moss_ShootMat_03_LOD2_Mesh","Assets/ForestPrototype/Art/SectionFive/Ground_Moss_Shoots_03/FBX/Ground_Moss_ShootMat_03_LOD2.fbx","2","On","0","(1.29224992, 0.0289036315, 1.20183825)","(0.8363218, 0.8363218, 0.8363218)"
"Trunk","Library/unity default resources","1","On","1","(0.176888883, 12.432992, 0.176888913)","(0.176888868, 6.216496, 0.176888868)"
"LOD0 Material1","","1","On","0","(4.495717, 10.5803795, 4.37546968)","(1.36744034, 1.36744034, 1.36744034)"
"LOD0 Material0","","1","On","0","(4.04766941, 11.3903742, 3.93955636)","(1.42379677, 1.42379677, 1.42379677)"
"Ground_Moss_ShootMat_03_LOD0_Mesh","Assets/ForestPrototype/Art/SectionFive/Ground_Moss_Shoots_03/FBX/Ground_Moss_ShootMat_03_LOD0.fbx","6","On","0","(1.42378247, 0.0304702986, 1.57037055)","(1.05051708, 1.0505172, 1.05051708)"
"LOD0 Material0","","1","On","0","(3.788868, 13.5469284, 3.89401865)","(1.12891066, 1.12891066, 1.12891066)"
"Trunk","Library/unity default resources","1","On","1","(0.155670047, 11.9738951, 0.155670062)","(0.155670032, 5.98694754, 0.155670032)"
"LOD2 Material1","","1","On","0","(3.73209143, 8.662751, 3.64102364)","(1.11649883, 1.11649883, 1.11649883)"
"Trunk","Library/unity default resources","1","On","1","(0.19942148, 14.6676588, 0.1994215)","(0.19942145, 7.3338294, 0.19942145)"
"LOD1 Material1","","1","On","0","(3.99704337, 13.42342, 4.479547)","(1.1477021, 1.1477021, 1.1477021)"
"Ground_Moss_ShootMat_03_LOD1_Mesh","Assets/ForestPrototype/Art/SectionFive/Ground_Moss_Shoots_03/FBX/Ground_Moss_ShootMat_03_LOD1.fbx","6","On","0","(1.07424653, 0.0286253225, 1.25907683)","(0.913804054, 0.913804054, 0.913804054)"
"Ground_Moss_ShootMat_03_LOD2_Mesh","Assets/ForestPrototype/Art/SectionFive/Ground_Moss_Shoots_03/FBX/Ground_Moss_ShootMat_03_LOD2.fbx","2","On","0","(1.4352448, 0.0315358862, 1.41587865)","(0.912485838, 0.912485659, 0.912485838)"
"LOD2 Material0","","1","On","0","(3.82360888, 11.4462481, 3.72069287)","(1.430781, 1.430781, 1.430781)"
"LOD0 Material1","","1","On","0","(3.88616729, 13.05106, 4.355286)","(1.11586535, 1.11586535, 1.11586535)"
"Ground_Moss_ShootMat_03_LOD2_Mesh","Assets/ForestPrototype/Art/SectionFive/Ground_Moss_Shoots_03/FBX/Ground_Moss_ShootMat_03_LOD2.fbx","2","On","0","(1.523742, 0.0369575, 1.323695)","(1.06935906, 1.06935906, 1.06935906)"
"Ground_Moss_ShootMat_03_LOD1_Mesh","Assets/ForestPrototype/Art/SectionFive/Ground_Moss_Shoots_03/FBX/Ground_Moss_ShootMat_03_LOD1.fbx","6","On","0","(1.21366537, 0.02513213, 1.253613)","(0.8022913, 0.802291155, 0.8022913)"
"LOD0 Material0","","1","On","0","(3.933978, 11.07044, 3.82890177)","(1.383805, 1.383805, 1.383805)"
"Trunk","Library/unity default resources","1","On","1","(0.164778456, 12.3456755, 0.164778486)","(0.164778441, 6.17283773, 0.164778441)"
"LOD1 Material0","","1","On","0","(3.54676, 12.6814747, 3.569259)","(1.05678952, 1.05678952, 1.05678952)"
"Trunk","Library/unity default resources","1","On","1","(0.106946409, 8.990676, 0.106946416)","(0.106946394, 4.495338, 0.106946394)"
"Ground_Moss_ShootMat_03_LOD2_Mesh","Assets/ForestPrototype/Art/SectionFive/Ground_Moss_Shoots_03/FBX/Ground_Moss_ShootMat_03_LOD2.fbx","2","On","0","(1.52312887, 0.0391070619, 1.276456)","(1.13155663, 1.13155639, 1.13155663)"
"Ground_Moss_ShootMat_03_LOD0_Mesh","Assets/ForestPrototype/Art/SectionFive/Ground_Moss_Shoots_03/FBX/Ground_Moss_ShootMat_03_LOD0.fbx","6","On","0","(1.38956, 0.0261735171, 1.40436912)","(0.9023783, 0.9023781, 0.9023783)"
"LOD1 Material0","","1","On","0","(3.55644774, 12.7161121, 3.579008)","(1.059676, 1.059676, 1.059676)"
"Ground_Moss_ShootMat_03_LOD1_Mesh","Assets/ForestPrototype/Art/SectionFive/Ground_Moss_Shoots_03/FBX/Ground_Moss_ShootMat_03_LOD1.fbx","6","On","0","(1.45046806, 0.0290933754, 1.426625)","(0.9287456, 0.9287457, 0.9287456)"
"LOD0 Material1","","1","On","0","(3.75989127, 12.6269827, 4.213767)","(1.07960677, 1.07960677, 1.07960677)"
"Ground_Moss_ShootMat_03_LOD2_Mesh","Assets/ForestPrototype/Art/SectionFive/Ground_Moss_Shoots_03/FBX/Ground_Moss_ShootMat_03_LOD2.fbx","2","On","0","(1.34629083, 0.03446573, 1.13025331)","(0.997260332, 0.9972602, 0.997260332)"
"Ground_Moss_ShootMat_03_LOD1_Mesh","Assets/ForestPrototype/Art/SectionFive/Ground_Moss_Shoots_03/FBX/Ground_Moss_ShootMat_03_LOD1.fbx","6","On","0","(1.50817108, 0.0319038481, 1.58430481)","(1.01846433, 1.01846421, 1.01846433)"
"LOD2 Material0","","1","On","0","(3.539109, 10.5945768, 3.44385052)","(1.3243221, 1.3243221, 1.3243221)"
"Dirt Path 26","Library/unity default resources","1","Off","0","(2.67147636, 0.012, 1.19652319)","(2.60000014, 0.012, 0.613832057)"
"LOD2 Material1","","1","On","0","(3.913921, 13.0060158, 4.41953325)","(1.114359, 1.114359, 1.114359)"
"LOD0 Material0","","1","On","0","(3.8819654, 10.9240732, 3.778278)","(1.36550915, 1.36550915, 1.36550915)"
"LOD1 Material0","","1","On","0","(3.67942667, 13.1558247, 3.70276713)","(1.09631872, 1.09631872, 1.09631872)"
"LOD2 Material0","","1","On","0","(3.82595015, 11.4532566, 3.7229712)","(1.43165708, 1.43165708, 1.43165708)"
"LOD2 Material0","","1","On","0","(3.54122615, 10.600915, 3.44591069)","(1.32511437, 1.32511437, 1.32511437)"
"LOD1 Material0","","1","On","0","(3.4772644, 12.432991, 3.49932241)","(1.03608263, 1.03608263, 1.03608263)"
"LOD2 Material0","","1","On","0","(3.64681315, 13.0399113, 3.67024732)","(1.08665931, 1.08665931, 1.08665931)"
"LOD0 Material0","","1","On","0","(3.17230034, 8.927035, 3.08756828)","(1.11587942, 1.11587942, 1.11587942)"
"LOD2 Material1","","1","On","0","(4.7874, 11.1122818, 4.670581)","(1.43220663, 1.43220663, 1.43220663)"
"LOD0 Material1","","1","On","0","(3.499489, 11.7524652, 3.92193031)","(1.00483549, 1.00483549, 1.00483549)"
"Ground_Moss_ShootMat_03_LOD0_Mesh","Assets/ForestPrototype/Art/SectionFive/Ground_Moss_Shoots_03/FBX/Ground_Moss_ShootMat_03_LOD0.fbx","6","On","0","(1.034695, 0.020785708, 1.103572)","(0.716623962, 0.7166239, 0.716623962)"
"Ground_Moss_ShootMat_03_LOD0_Mesh","Assets/ForestPrototype/Art/SectionFive/Ground_Moss_Shoots_03/FBX/Ground_Moss_ShootMat_03_LOD0.fbx","6","On","0","(1.27213979, 0.0256779939, 1.36069953)","(0.8852941, 0.8852941, 0.8852941)"
"LOD2 Material1","","1","On","0","(3.84648156, 8.928268, 3.7526226)","(1.15072, 1.15072, 1.15072)"
"Ground_Moss_ShootMat_03_LOD0_Mesh","Assets/ForestPrototype/Art/SectionFive/Ground_Moss_Shoots_03/FBX/Ground_Moss_ShootMat_03_LOD0.fbx","6","On","0","(1.1536231, 0.02673357, 0.9296715)","(0.9216869, 0.9216869, 0.9216869)"
"LOD1 Material0","","1","On","0","(3.94295764, 11.8026152, 3.83635831)","(1.4753269, 1.4753269, 1.4753269)"
"LOD1 Material0","","1","On","0","(3.248612, 9.724202, 3.16078472)","(1.21552527, 1.21552527, 1.21552527)"
"Trunk","Library/unity default resources","1","On","1","(0.11879617, 9.471244, 0.118796185)","(0.118796155, 4.735622, 0.118796155)"
"Ground_Moss_ShootMat_03_LOD0_Mesh","Assets/ForestPrototype/Art/SectionFive/Ground_Moss_Shoots_03/FBX/Ground_Moss_ShootMat_03_LOD0.fbx","6","On","0","(1.18011236, 0.0248586312, 1.00745761)","(0.857045, 0.857045054, 0.857045)"
"Ground_Moss_ShootMat_03_LOD2_Mesh","Assets/ForestPrototype/Art/SectionFive/Ground_Moss_Shoots_03/FBX/Ground_Moss_ShootMat_03_LOD2.fbx","2","On","0","(1.1720624, 0.0257825162, 1.12324834)","(0.7460127, 0.7460128, 0.7460127)"
"LOD2 Material0","","1","On","0","(3.98101449, 11.9174528, 3.87386179)","(1.4896816, 1.4896816, 1.4896816)"
"LOD2 Material1","","1","On","0","(4.10578442, 13.64358, 4.636182)","(1.16898572, 1.16898572, 1.16898572)"
"Ground_Moss_ShootMat_03_LOD1_Mesh","Assets/ForestPrototype/Art/SectionFive/Ground_Moss_Shoots_03/FBX/Ground_Moss_ShootMat_03_LOD1.fbx","6","On","0","(1.21268034, 0.03529164, 1.4697026)","(1.12661254, 1.12661242, 1.12661254)"
"Ground_Moss_ShootMat_03_LOD1_Mesh","Assets/ForestPrototype/Art/SectionFive/Ground_Moss_Shoots_03/FBX/Ground_Moss_ShootMat_03_LOD1.fbx","6","On","0","(1.20201647, 0.03265497, 1.41938519)","(1.04244232, 1.0424422, 1.04244232)"
"South Ridge","Library/unity default resources","1","On","1","(42, 5, 1)","(42, 5, 1)"
"Ground_Moss_ShootMat_03_LOD0_Mesh","Assets/ForestPrototype/Art/SectionFive/Ground_Moss_Shoots_03/FBX/Ground_Moss_ShootMat_03_LOD0.fbx","6","On","0","(0.873375058, 0.0210358612, 1.01337624)","(0.7252485, 0.725248337, 0.7252485)"
"LOD1 Material1","","1","On","0","(3.755958, 8.839405, 3.65549731)","(1.1424315, 1.1424315, 1.1424315)"
"Ground_Moss_ShootMat_03_LOD2_Mesh","Assets/ForestPrototype/Art/SectionFive/Ground_Moss_Shoots_03/FBX/Ground_Moss_ShootMat_03_LOD2.fbx","2","On","0","(1.20911252, 0.02931418, 1.3058455)","(0.848201036, 0.848201, 0.848201036)"
"LOD2 Material1","","1","On","0","(4.127108, 9.579645, 4.02640152)","(1.23467267, 1.23467267, 1.23467267)"
"LOD2 Material0","","1","On","0","(3.35846972, 12.0088825, 3.38005114)","(1.00074017, 1.00074017, 1.00074017)"
"Ground_Moss_ShootMat_03_LOD0_Mesh","Assets/ForestPrototype/Art/SectionFive/Ground_Moss_Shoots_03/FBX/Ground_Moss_ShootMat_03_LOD0.fbx","6","On","0","(1.10926974, 0.0216803588, 0.9992956)","(0.7474685, 0.747468531, 0.7474685)"
"LOD0 Material0","","1","On","0","(3.116452, 8.769875, 3.03321147)","(1.09623432, 1.09623432, 1.09623432)"
"LOD0 Material1","","1","On","0","(4.237404, 9.972456, 4.1240654)","(1.28887045, 1.28887045, 1.28887045)"
"Ground_Moss_ShootMat_03_LOD0_Mesh","Assets/ForestPrototype/Art/SectionFive/Ground_Moss_Shoots_03/FBX/Ground_Moss_ShootMat_03_LOD0.fbx","6","On","0","(1.76794815, 0.0332741439, 1.65954626)","(1.14718461, 1.14718473, 1.14718461)"
"LOD2 Material1","","1","On","0","(3.37670183, 7.837838, 3.294306)","(1.01017988, 1.01017988, 1.01017988)"
"LOD2 Material1","","1","On","0","(4.08974648, 9.492923, 3.98995137)","(1.22349548, 1.22349548, 1.22349548)"
"Ground_Moss_ShootMat_03_LOD2_Mesh","Assets/ForestPrototype/Art/SectionFive/Ground_Moss_Shoots_03/FBX/Ground_Moss_ShootMat_03_LOD2.fbx","2","On","0","(1.25602317, 0.0275770631, 1.21359539)","(0.797937751, 0.797937751, 0.797937751)"
"LOD1 Material1","","1","On","0","(3.79865551, 12.7571669, 4.25721073)","(1.09073746, 1.09073746, 1.09073746)"
"LOD0 Material0","","1","On","0","(3.48603034, 12.4641457, 3.58277631)","(1.03867877, 1.03867877, 1.03867877)"
"Ground_Moss_ShootMat_03_LOD1_Mesh","Assets/ForestPrototype/Art/SectionFive/Ground_Moss_Shoots_03/FBX/Ground_Moss_ShootMat_03_LOD1.fbx","6","On","0","(1.56862557, 0.0335015953, 1.39761794)","(1.069469, 1.069469, 1.069469)"
"Ground_Moss_ShootMat_03_LOD0_Mesh","Assets/ForestPrototype/Art/SectionFive/Ground_Moss_Shoots_03/FBX/Ground_Moss_ShootMat_03_LOD0.fbx","6","On","0","(1.75394487, 0.0328084975, 1.75194728)","(1.13113117, 1.1311307, 1.13113117)"
"Trunk","Library/unity default resources","1","On","1","(0.162604824, 11.86738, 0.162604854)","(0.162604809, 5.93369, 0.162604809)"
"LOD1 Material0","","1","On","0","(4.15527964, 14.8572426, 4.18163872)","(1.23810351, 1.23810351, 1.23810351)"
"Dirt Path 22","Library/unity default resources","1","Off","0","(2.62711453, 0.012, 0.7317231)","(2.6, 0.012, 0.600644052)"
"LOD1 Material1","","1","On","0","(4.85491562, 11.42573, 4.725061)","(1.476696, 1.476696, 1.476696)"
"Ground_Moss_ShootMat_03_LOD1_Mesh","Assets/ForestPrototype/Art/SectionFive/Ground_Moss_Shoots_03/FBX/Ground_Moss_ShootMat_03_LOD1.fbx","6","On","0","(1.24644387, 0.0249957573, 1.20408762)","(0.797937751, 0.797937751, 0.797937751)"
"Trunk","Library/unity default resources","1","On","1","(0.139138013, 10.5536146, 0.139138028)","(0.139138, 5.27680731, 0.139138)"
"Trunk","Library/unity default resources","1","On","1","(0.144538477, 10.3990316, 0.144538492)","(0.144538462, 5.199516, 0.144538462)"
"Ground_Moss_ShootMat_03_LOD2_Mesh","Assets/ForestPrototype/Art/SectionFive/Ground_Moss_Shoots_03/FBX/Ground_Moss_ShootMat_03_LOD2.fbx","2","On","0","(1.3565135, 0.0301722977, 1.37255025)","(0.8730304, 0.8730304, 0.8730304)"
"LOD0 Material0","","1","On","0","(3.310791, 9.316756, 3.22236)","(1.16459453, 1.16459453, 1.16459453)"
"Ground_Moss_ShootMat_03_LOD2_Mesh","Assets/ForestPrototype/Art/SectionFive/Ground_Moss_Shoots_03/FBX/Ground_Moss_ShootMat_03_LOD2.fbx","2","On","0","(1.59549236, 0.03940655, 1.73989725)","(1.140222, 1.140222, 1.140222)"
"Ground_Moss_ShootMat_03_LOD1_Mesh","Assets/ForestPrototype/Art/SectionFive/Ground_Moss_Shoots_03/FBX/Ground_Moss_ShootMat_03_LOD1.fbx","6","On","0","(1.3488245, 0.0282988027, 1.21962428)","(0.9033807, 0.903380632, 0.9033807)"
"Ground_Moss_ShootMat_03_LOD2_Mesh","Assets/ForestPrototype/Art/SectionFive/Ground_Moss_Shoots_03/FBX/Ground_Moss_ShootMat_03_LOD2.fbx","2","On","0","(1.57712936, 0.03530154, 1.46542716)","(1.02144432, 1.0214442, 1.02144432)"
"LOD1 Material0","","1","On","0","(3.63387966, 12.9929714, 3.65693116)","(1.08274758, 1.08274758, 1.08274758)"
"LOD1 Material0","","1","On","0","(3.42566133, 12.2484837, 3.447392)","(1.020707, 1.020707, 1.020707)"
"LOD0 Material1","","1","On","0","(4.80448532, 11.3070459, 4.67597961)","(1.46135688, 1.46135688, 1.46135688)"
"LOD1 Material1","","1","On","0","(4.11635, 9.687564, 4.00625)","(1.25205016, 1.25205016, 1.25205016)"
"LOD1 Material1","","1","On","0","(4.229784, 9.954523, 4.11664963)","(1.28655279, 1.28655279, 1.28655279)"
"Ground_Moss_ShootMat_03_LOD1_Mesh","Assets/ForestPrototype/Art/SectionFive/Ground_Moss_Shoots_03/FBX/Ground_Moss_ShootMat_03_LOD1.fbx","6","On","0","(1.278701, 0.026376687, 1.31607723)","(0.842021, 0.842021048, 0.842021)"
"LOD2 Material1","","1","On","0","(4.4974, 10.4391489, 4.38765764)","(1.34544981, 1.34544981, 1.34544981)"
"LOD1 Material1","","1","On","0","(4.80813456, 11.3156347, 4.67953157)","(1.462467, 1.462467, 1.462467)"
"LOD2 Material1","","1","On","0","(4.19712448, 13.9471045, 4.739321)","(1.19499171, 1.19499171, 1.19499171)"
"LOD1 Material0","","1","On","0","(3.80726433, 11.3964386, 3.70433354)","(1.42455482, 1.42455482, 1.42455482)"
"LOD2 Material1","","1","On","0","(4.78072166, 11.0967808, 4.664066)","(1.4302088, 1.4302088, 1.4302088)"
"LOD1 Material1","","1","On","0","(4.35395765, 10.2467585, 4.237502)","(1.3243221, 1.3243221, 1.3243221)"
"Ground_Moss_ShootMat_03_LOD2_Mesh","Assets/ForestPrototype/Art/SectionFive/Ground_Moss_Shoots_03/FBX/Ground_Moss_ShootMat_03_LOD2.fbx","2","On","0","(1.01745772, 0.0358041674, 1.27788162)","(1.0359875, 1.03598762, 1.0359875)"
"Ground_Moss_ShootMat_03_LOD0_Mesh","Assets/ForestPrototype/Art/SectionFive/Ground_Moss_Shoots_03/FBX/Ground_Moss_ShootMat_03_LOD0.fbx","6","On","0","(1.38086689, 0.0288431216, 1.504909)","(0.994417548, 0.9944174, 0.994417548)"
"Ground_Moss_ShootMat_03_LOD1_Mesh","Assets/ForestPrototype/Art/SectionFive/Ground_Moss_Shoots_03/FBX/Ground_Moss_ShootMat_03_LOD1.fbx","6","On","0","(1.69687951, 0.03534972, 1.54429555)","(1.12846684, 1.12846649, 1.12846684)"
"Ground_Moss_ShootMat_03_LOD0_Mesh","Assets/ForestPrototype/Art/SectionFive/Ground_Moss_Shoots_03/FBX/Ground_Moss_ShootMat_03_LOD0.fbx","6","On","0","(1.02386737, 0.0264248643, 1.22023547)","(0.9110437, 0.9110437, 0.9110437)"
"LOD2 Material0","","1","On","0","(3.59465814, 12.8534222, 3.61775732)","(1.07111847, 1.07111847, 1.07111847)"
"Ground_Moss_ShootMat_03_LOD0_Mesh","Assets/ForestPrototype/Art/SectionFive/Ground_Moss_Shoots_03/FBX/Ground_Moss_ShootMat_03_LOD0.fbx","6","On","0","(1.08351827, 0.0249466617, 1.23438025)","(0.8600801, 0.860080063, 0.8600801)"
"LOD2 Material0","","1","On","0","(4.039146, 14.4427776, 4.06510162)","(1.20356476, 1.20356476, 1.20356476)"
"Ground_Moss_ShootMat_03_LOD2_Mesh","Assets/ForestPrototype/Art/SectionFive/Ground_Moss_Shoots_03/FBX/Ground_Moss_ShootMat_03_LOD2.fbx","2","On","0","(1.43824744, 0.0336118862, 1.51994777)","(0.9725543, 0.9725543, 0.9725543)"
"Ground_Moss_ShootMat_03_LOD0_Mesh","Assets/ForestPrototype/Art/SectionFive/Ground_Moss_Shoots_03/FBX/Ground_Moss_ShootMat_03_LOD0.fbx","6","On","0","(1.1053108, 0.0222762581, 0.972160935)","(0.768013239, 0.768013239, 0.768013239)"
"Ground_Moss_ShootMat_03_LOD1_Mesh","Assets/ForestPrototype/Art/SectionFive/Ground_Moss_Shoots_03/FBX/Ground_Moss_ShootMat_03_LOD1.fbx","6","On","0","(1.39051306, 0.0330658033, 1.55514717)","(1.05555725, 1.05555725, 1.05555725)"
"LOD2 Material1","","1","On","0","(3.54070044, 11.7657986, 3.99809861)","(1.00809681, 1.00809681, 1.00809681)"
"Ground_Moss_ShootMat_03_LOD1_Mesh","Assets/ForestPrototype/Art/SectionFive/Ground_Moss_Shoots_03/FBX/Ground_Moss_ShootMat_03_LOD1.fbx","6","On","0","(1.187603, 0.0307590943, 1.37647974)","(0.981920362, 0.9819203, 0.981920362)"
"LOD1 Material1","","1","On","0","(4.92080355, 11.5807934, 4.78918648)","(1.49673688, 1.49673688, 1.49673688)"
"Ground_Moss_ShootMat_03_LOD0_Mesh","Assets/ForestPrototype/Art/SectionFive/Ground_Moss_Shoots_03/FBX/Ground_Moss_ShootMat_03_LOD0.fbx","6","On","0","(1.47154379, 0.0276557021, 1.482276)","(0.9534792, 0.953479052, 0.9534792)"
"LOD1 Material1","","1","On","0","(4.52170134, 10.6415319, 4.400759)","(1.37534392, 1.37534392, 1.37534392)"
"LOD0 Material1","","1","On","0","(3.99008369, 13.4000463, 4.471747)","(1.14570367, 1.14570367, 1.14570367)"
"LOD2 Material1","","1","On","0","(3.58917737, 8.331026, 3.501597)","(1.07374442, 1.07374442, 1.07374442)"
"LOD0 Material1","","1","On","0","(4.523365, 10.6454477, 4.40237856)","(1.37585, 1.37585, 1.37585)"
"LOD1 Material1","","1","On","0","(4.495602, 10.58011, 4.375358)","(1.36740541, 1.36740541, 1.36740541)"
"LOD0 Material1","","1","On","0","(4.49443769, 10.5773687, 4.37422466)","(1.36705124, 1.36705124, 1.36705124)"
"Ground_Moss_ShootMat_03_LOD2_Mesh","Assets/ForestPrototype/Art/SectionFive/Ground_Moss_Shoots_03/FBX/Ground_Moss_ShootMat_03_LOD2.fbx","2","On","0","(1.438412, 0.03865475, 1.1733557)","(1.11846864, 1.11846876, 1.11846864)"
"Ground_Moss_ShootMat_03_LOD0_Mesh","Assets/ForestPrototype/Art/SectionFive/Ground_Moss_Shoots_03/FBX/Ground_Moss_ShootMat_03_LOD0.fbx","6","On","0","(1.34612823, 0.0262025967, 1.21698606)","(0.9033807, 0.903380632, 0.9033807)"
"LOD2 Material0","","1","On","0","(3.59745216, 12.8634129, 3.62056947)","(1.071951, 1.071951, 1.071951)"
"LOD0 Material0","","1","On","0","(3.386264, 12.1074352, 3.48024154)","(1.008953, 1.008953, 1.008953)"
"LOD1 Material0","","1","On","0","(3.87327671, 11.5940361, 3.76856112)","(1.44925451, 1.44925451, 1.44925451)"
"Trunk","Library/unity default resources","1","On","1","(0.119557016, 9.913711, 0.11955703)","(0.119557, 4.9568553, 0.119557)"
"LOD0 Material1","","1","On","0","(4.074148, 9.588244, 3.96517682)","(1.23921382, 1.23921382, 1.23921382)"
"Ground_Moss_ShootMat_03_LOD1_Mesh","Assets/ForestPrototype/Art/SectionFive/Ground_Moss_Shoots_03/FBX/Ground_Moss_ShootMat_03_LOD1.fbx","6","On","0","(1.75324583, 0.0351763479, 1.68900657)","(1.122932, 1.122932, 1.122932)"
"LOD0 Material0","","1","On","0","(4.135033, 11.63622, 4.024586)","(1.4545275, 1.4545275, 1.4545275)"
"Ground_Moss_ShootMat_03_LOD1_Mesh","Assets/ForestPrototype/Art/SectionFive/Ground_Moss_Shoots_03/FBX/Ground_Moss_ShootMat_03_LOD1.fbx","6","On","0","(1.57255, 0.03196321, 1.59204519)","(1.02035928, 1.02035928, 1.02035928)"
"Ground_Moss_ShootMat_03_LOD1_Mesh","Assets/ForestPrototype/Art/SectionFive/Ground_Moss_Shoots_03/FBX/Ground_Moss_ShootMat_03_LOD1.fbx","6","On","0","(1.62223291, 0.03425874, 1.45859647)","(1.09363961, 1.09363925, 1.09363961)"
"Ground_Moss_ShootMat_03_LOD0_Mesh","Assets/ForestPrototype/Art/SectionFive/Ground_Moss_Shoots_03/FBX/Ground_Moss_ShootMat_03_LOD0.fbx","6","On","0","(1.31146336, 0.0254393965, 1.365609)","(0.877068, 0.877068, 0.877068)"
"Ground_Moss_ShootMat_03_LOD0_Mesh","Assets/ForestPrototype/Art/SectionFive/Ground_Moss_Shoots_03/FBX/Ground_Moss_ShootMat_03_LOD0.fbx","6","On","0","(1.34436214, 0.0258026738, 1.38731682)","(0.889592469, 0.8895926, 0.889592469)"
"LOD1 Material1","","1","On","0","(4.56459665, 10.7424831, 4.44250727)","(1.38839114, 1.38839114, 1.38839114)"
"Ground_Moss_ShootMat_03_LOD0_Mesh","Assets/ForestPrototype/Art/SectionFive/Ground_Moss_Shoots_03/FBX/Ground_Moss_ShootMat_03_LOD0.fbx","6","On","0","(0.9048475, 0.0219639689, 1.05312967)","(0.757246554, 0.7572465, 0.757246554)"
"LOD2 Material1","","1","On","0","(4.761822, 11.0529127, 4.6456275)","(1.42455482, 1.42455482, 1.42455482)"
"Trunk","Library/unity default resources","1","On","1","(0.152519241, 11.6891336, 0.152519256)","(0.152519226, 5.844567, 0.152519226)"
"LOD2 Material1","","1","On","0","(4.283634, 9.94296551, 4.179108)","(1.28149927, 1.28149927, 1.28149927)"
"Ground_Moss_ShootMat_03_LOD2_Mesh","Assets/ForestPrototype/Art/SectionFive/Ground_Moss_Shoots_03/FBX/Ground_Moss_ShootMat_03_LOD2.fbx","2","On","0","(0.9002964, 0.0275433641, 1.07370174)","(0.796962738, 0.7969627, 0.796962738)"
"Ground_Moss_ShootMat_03_LOD1_Mesh","Assets/ForestPrototype/Art/SectionFive/Ground_Moss_Shoots_03/FBX/Ground_Moss_ShootMat_03_LOD1.fbx","6","On","0","(1.09316564, 0.0254745651, 0.918448448)","(0.813222647, 0.8132227, 0.813222647)"
"LOD0 Material1","","1","On","0","(4.6156044, 10.8625278, 4.492151)","(1.403906, 1.403906, 1.403906)"
"LOD1 Material0","","1","On","0","(3.5083344, 12.5440826, 3.53058934)","(1.04534018, 1.04534018, 1.04534018)"
"LOD2 Material0","","1","On","0","(3.66049933, 13.08885, 3.68402147)","(1.09073746, 1.09073746, 1.09073746)"
"Ground_Moss_ShootMat_03_LOD1_Mesh","Assets/ForestPrototype/Art/SectionFive/Ground_Moss_Shoots_03/FBX/Ground_Moss_ShootMat_03_LOD1.fbx","6","On","0","(1.18455839, 0.0263297949, 1.02563763)","(0.840524137, 0.840524137, 0.840524137)"
"LOD2 Material1","","1","On","0","(4.26036024, 9.888944, 4.156402)","(1.27453661, 1.27453661, 1.27453661)"
"Ground_Moss_ShootMat_03_LOD1_Mesh","Assets/ForestPrototype/Art/SectionFive/Ground_Moss_Shoots_03/FBX/Ground_Moss_ShootMat_03_LOD1.fbx","6","On","0","(1.26729727, 0.0254005715, 1.23909187)","(0.810860634, 0.8108606, 0.810860634)"
"Ground_Moss_ShootMat_03_LOD1_Mesh","Assets/ForestPrototype/Art/SectionFive/Ground_Moss_Shoots_03/FBX/Ground_Moss_ShootMat_03_LOD1.fbx","6","On","0","(1.51781523, 0.03225919, 1.35756755)","(1.02980769, 1.02980769, 1.02980769)"
"Trunk","Library/unity default resources","1","On","1","(0.168278724, 12.5250454, 0.168278754)","(0.168278709, 6.2625227, 0.168278709)"
"LOD1 Material0","","1","On","0","(3.41251373, 12.2014751, 3.434161)","(1.01678956, 1.01678956, 1.01678956)"
"Ground_Moss_ShootMat_03_LOD2_Mesh","Assets/ForestPrototype/Art/SectionFive/Ground_Moss_Shoots_03/FBX/Ground_Moss_ShootMat_03_LOD2.fbx","2","On","0","(1.38023186, 0.03236173, 1.2282747)","(0.936381161, 0.9363813, 0.936381161)"
"Ground_Moss_ShootMat_03_LOD1_Mesh","Assets/ForestPrototype/Art/SectionFive/Ground_Moss_Shoots_03/FBX/Ground_Moss_ShootMat_03_LOD1.fbx","6","On","0","(1.00656378, 0.02956315, 1.22407818)","(0.943742633, 0.9437423, 0.943742633)"
"Trunk","Library/unity default resources","1","On","1","(0.166034833, 12.5035706, 0.166034862)","(0.166034818, 6.25178528, 0.166034818)"
"Ground_Moss_ShootMat_03_LOD1_Mesh","Assets/ForestPrototype/Art/SectionFive/Ground_Moss_Shoots_03/FBX/Ground_Moss_ShootMat_03_LOD1.fbx","6","On","0","(1.31428409, 0.0298320223, 1.12250865)","(0.952325463, 0.952325463, 0.952325463)"
"Trunk","Library/unity default resources","1","On","1","(0.129563019, 9.654082, 0.129563034)","(0.129563, 4.827041, 0.129563)"
"LOD0 Material0","","1","On","0","(4.06598854, 14.53776, 4.17883)","(1.21148, 1.21148, 1.21148)"
"LOD2 Material0","","1","On","0","(3.80124187, 11.3792906, 3.69892788)","(1.42241132, 1.42241132, 1.42241132)"
"LOD0 Material1","","1","On","0","(4.21316957, 9.915422, 4.1004796)","(1.28149927, 1.28149927, 1.28149927)"
"LOD1 Material1","","1","On","0","(4.81366539, 11.32865, 4.68491364)","(1.46414912, 1.46414912, 1.46414912)"
"LOD0 Material0","","1","On","0","(3.49235964, 12.4867764, 3.58928156)","(1.04056466, 1.04056466, 1.04056466)"
"LOD0 Material0","","1","On","0","(3.477317, 12.432991, 3.57382131)","(1.03608263, 1.03608263, 1.03608263)"
"Ground_Moss_ShootMat_03_LOD1_Mesh","Assets/ForestPrototype/Art/SectionFive/Ground_Moss_Shoots_03/FBX/Ground_Moss_ShootMat_03_LOD1.fbx","6","On","0","(1.36978221, 0.0275377855, 1.30982351)","(0.879087, 0.879086733, 0.879087)"
"Trunk","Library/unity default resources","1","On","1","(0.150877178, 11.690855, 0.1508772)","(0.150877163, 5.84542751, 0.150877163)"
"Trunk","Library/unity default resources","1","On","1","(0.179399714, 12.9321928, 0.179399744)","(0.1793997, 6.4660964, 0.1793997)"
"Ground_Moss_ShootMat_03_LOD1_Mesh","Assets/ForestPrototype/Art/SectionFive/Ground_Moss_Shoots_03/FBX/Ground_Moss_ShootMat_03_LOD1.fbx","6","On","0","(1.48511767, 0.0306584276, 1.52965379)","(0.978706658, 0.9787068, 0.978706658)"
"LOD0 Material1","","1","On","0","(4.89977455, 11.5313034, 4.76872)","(1.49034059, 1.49034059, 1.49034059)"
"LOD0 Material0","","1","On","0","(3.510014, 9.877381, 3.416262)","(1.23467267, 1.23467267, 1.23467267)"
"Ground_Moss_ShootMat_03_LOD2_Mesh","Assets/ForestPrototype/Art/SectionFive/Ground_Moss_Shoots_03/FBX/Ground_Moss_ShootMat_03_LOD2.fbx","2","On","0","(1.13366687, 0.02539902, 1.15730691)","(0.734916449, 0.734916449, 0.734916449)"
"LOD0 Material1","","1","On","0","(3.53820944, 11.8825006, 3.96532464)","(1.01595354, 1.01595354, 1.01595354)"
"LOD2 Material1","","1","On","0","(4.433938, 14.7340393, 5.006727)","(1.26241648, 1.26241648, 1.26241648)"
"Ground_Moss_ShootMat_03_LOD2_Mesh","Assets/ForestPrototype/Art/SectionFive/Ground_Moss_Shoots_03/FBX/Ground_Moss_ShootMat_03_LOD2.fbx","2","On","0","(1.10000968, 0.0247440413, 1.12774336)","(0.7159647, 0.715964735, 0.7159647)"
"LOD1 Material0","","1","On","0","(3.94661665, 11.8135681, 3.83991861)","(1.476696, 1.476696, 1.476696)"
"LOD0 Material0","","1","On","0","(3.92200828, 11.0367565, 3.81725168)","(1.37959456, 1.37959456, 1.37959456)"
"Ground_Moss_ShootMat_03_LOD0_Mesh","Assets/ForestPrototype/Art/SectionFive/Ground_Moss_Shoots_03/FBX/Ground_Moss_ShootMat_03_LOD0.fbx","6","On","0","(1.61899662, 0.0317210555, 1.45543385)","(1.09363961, 1.09363925, 1.09363961)"
"Trunk","Library/unity default resources","1","On","1","(0.169674054, 11.985673, 0.169674084)","(0.169674039, 5.99283648, 0.169674039)"
"LOD1 Material0","","1","On","0","(3.862713, 11.5624161, 3.75828338)","(1.445302, 1.445302, 1.445302)"
"Ground_Moss_ShootMat_03_LOD0_Mesh","Assets/ForestPrototype/Art/SectionFive/Ground_Moss_Shoots_03/FBX/Ground_Moss_ShootMat_03_LOD0.fbx","6","On","0","(1.14388669, 0.02626832, 0.926750064)","(0.9056465, 0.905646563, 0.9056465)"
"Trunk","Library/unity default resources","1","On","1","(0.1914785, 14.339901, 0.191478521)","(0.191478476, 7.16995049, 0.191478476)"
"LOD2 Material0","","1","On","0","(3.887069, 11.63622, 3.78244472)","(1.4545275, 1.4545275, 1.4545275)"
"LOD0 Material1","","1","On","0","(4.81137, 11.3232479, 4.68267965)","(1.46345091, 1.46345091, 1.46345091)"
"LOD2 Material1","","1","On","0","(4.64093876, 10.7723236, 4.527694)","(1.38839114, 1.38839114, 1.38839114)"
"LOD2 Material1","","1","On","0","(4.39547348, 14.6062222, 4.963294)","(1.25146508, 1.25146508, 1.25146508)"
"LOD1 Material0","","1","On","0","(2.83295822, 8.480009, 2.7563684)","(1.06000113, 1.06000113, 1.06000113)"
"Trunk","Library/unity default resources","1","On","1","(0.154189408, 11.3315077, 0.154189423)","(0.1541894, 5.665754, 0.1541894)"
"LOD2 Material0","","1","On","0","(3.65397358, 10.9384327, 3.55562353)","(1.36730409, 1.36730409, 1.36730409)"
"LOD1 Material1","","1","On","0","(4.57927, 10.7770157, 4.456788)","(1.39285421, 1.39285421, 1.39285421)"
"Ground_Moss_ShootMat_03_LOD2_Mesh","Assets/ForestPrototype/Art/SectionFive/Ground_Moss_Shoots_03/FBX/Ground_Moss_ShootMat_03_LOD2.fbx","2","On","0","(1.189112, 0.02637342, 1.11933517)","(0.763110638, 0.7631105, 0.763110638)"
"LOD2 Material1","","1","On","0","(4.19986343, 13.9562063, 4.742414)","(1.19577157, 1.19577157, 1.19577157)"
"LOD1 Material0","","1","On","0","(3.561585, 12.73448, 3.584178)","(1.0612067, 1.0612067, 1.0612067)"
"Ground_Moss_ShootMat_03_LOD0_Mesh","Assets/ForestPrototype/Art/SectionFive/Ground_Moss_Shoots_03/FBX/Ground_Moss_ShootMat_03_LOD0.fbx","6","On","0","(1.6934793, 0.03273122, 1.540964)","(1.12846684, 1.12846649, 1.12846684)"
"LOD1 Material0","","1","On","0","(3.13461876, 9.382981, 3.049873)","(1.17287266, 1.17287266, 1.17287266)"
"LOD1 Material1","","1","On","0","(3.87915254, 13.027503, 4.347425)","(1.11385119, 1.11385119, 1.11385119)"
"Trunk","Library/unity default resources","1","On","1","(0.152255222, 10.87747, 0.152255237)","(0.1522552, 5.438735, 0.1522552)"
"Ground_Moss_ShootMat_03_LOD1_Mesh","Assets/ForestPrototype/Art/SectionFive/Ground_Moss_Shoots_03/FBX/Ground_Moss_ShootMat_03_LOD1.fbx","6","On","0","(1.5310359, 0.03581992, 1.699753)","(1.14347684, 1.14347672, 1.14347684)"
"LOD2 Material0","","1","On","0","(3.79849839, 11.3710775, 3.696258)","(1.42138469, 1.42138469, 1.42138469)"
"LOD2 Material1","","1","On","0","(4.03103065, 13.3951731, 4.551771)","(1.1477021, 1.1477021, 1.1477021)"
"LOD0 Material1","","1","On","0","(4.295685, 10.1096172, 4.180788)","(1.30659759, 1.30659759, 1.30659759)"
"LOD1 Material0","","1","On","0","(3.59355235, 10.7567263, 3.4963994)","(1.34459078, 1.34459078, 1.34459078)"
"Ground_Moss_ShootMat_03_LOD1_Mesh","Assets/ForestPrototype/Art/SectionFive/Ground_Moss_Shoots_03/FBX/Ground_Moss_ShootMat_03_LOD1.fbx","6","On","0","(1.10900486, 0.02688604, 0.9098866)","(0.8582811, 0.8582811, 0.8582811)"
"Trunk","Library/unity default resources","1","On","1","(0.159177229, 11.6972227, 0.159177259)","(0.159177214, 5.84861135, 0.159177214)"
"Ground_Moss_ShootMat_03_LOD1_Mesh","Assets/ForestPrototype/Art/SectionFive/Ground_Moss_Shoots_03/FBX/Ground_Moss_ShootMat_03_LOD1.fbx","6","On","0","(0.8560345, 0.0237821732, 1.01950967)","(0.7591966, 0.7591966, 0.7591966)"
"LOD2 Material1","","1","On","0","(5.00310326, 11.6129627, 4.881021)","(1.49673688, 1.49673688, 1.49673688)"
"LOD0 Material1","","1","On","0","(4.80813456, 11.3156347, 4.67953157)","(1.462467, 1.462467, 1.462467)"
"LOD0 Material0","","1","On","0","(3.887253, 13.8986988, 3.995134)","(1.15822494, 1.15822494, 1.15822494)"
"Ground_Moss_ShootMat_03_LOD2_Mesh","Assets/ForestPrototype/Art/SectionFive/Ground_Moss_Shoots_03/FBX/Ground_Moss_ShootMat_03_LOD2.fbx","2","On","0","(1.16436374, 0.0276544262, 1.242972)","(0.800176144, 0.8001762, 0.800176144)"
"LOD1 Material1","","1","On","0","(4.039316, 13.5653868, 4.5269227)","(1.15984023, 1.15984023, 1.15984023)"
"Ground_Moss_ShootMat_03_LOD2_Mesh","Assets/ForestPrototype/Art/SectionFive/Ground_Moss_Shoots_03/FBX/Ground_Moss_ShootMat_03_LOD2.fbx","2","On","0","(1.32320833, 0.0366489924, 1.060607)","(1.06043267, 1.06043255, 1.06043267)"
"Ground_Moss_ShootMat_03_LOD1_Mesh","Assets/ForestPrototype/Art/SectionFive/Ground_Moss_Shoots_03/FBX/Ground_Moss_ShootMat_03_LOD1.fbx","6","On","0","(1.73358846, 0.0348038, 1.71214342)","(1.11103916, 1.11103916, 1.11103916)"
"LOD1 Material1","","1","On","0","(4.67644453, 11.00571, 4.55136347)","(1.42241132, 1.42241132, 1.42241132)"
"Trunk","Library/unity default resources","1","On","1","(0.1887835, 13.5469284, 0.188783512)","(0.188783467, 6.773464, 0.188783467)"
"LOD0 Material0","","1","On","0","(4.191767, 11.7958736, 4.07980537)","(1.47448421, 1.47448421, 1.47448421)"
"LOD1 Material1","","1","On","0","(4.356562, 10.2528877, 4.240037)","(1.32511437, 1.32511437, 1.32511437)"
"Ground_Moss_ShootMat_03_LOD0_Mesh","Assets/ForestPrototype/Art/SectionFive/Ground_Moss_Shoots_03/FBX/Ground_Moss_ShootMat_03_LOD0.fbx","6","On","0","(1.42077851, 0.0270538256, 1.31306493)","(0.9327286, 0.9327283, 0.9327286)"
"LOD1 Material0","","1","On","0","(3.49700379, 12.5035706, 3.51918721)","(1.04196417, 1.04196417, 1.04196417)"
"LOD0 Material0","","1","On","0","(3.37329388, 12.0610619, 3.46691132)","(1.00508845, 1.00508845, 1.00508845)"
"Trunk","Library/unity default resources","1","On","1","(0.12553747, 10.1339111, 0.125537485)","(0.125537455, 5.06695557, 0.125537455)"
"Ground_Moss_ShootMat_03_LOD2_Mesh","Assets/ForestPrototype/Art/SectionFive/Ground_Moss_Shoots_03/FBX/Ground_Moss_ShootMat_03_LOD2.fbx","2","On","0","(1.48046243, 0.0336906724, 1.53414655)","(0.9748343, 0.974834, 0.9748343)"
"LOD0 Material0","","1","On","0","(4.200165, 11.8195047, 4.08797836)","(1.47743809, 1.47743809, 1.47743809)"
"Ground_Moss_ShootMat_03_LOD1_Mesh","Assets/ForestPrototype/Art/SectionFive/Ground_Moss_Shoots_03/FBX/Ground_Moss_ShootMat_03_LOD1.fbx","6","On","0","(1.56527746, 0.0319971964, 1.4537636)","(1.02144432, 1.0214442, 1.02144432)"
"LOD2 Material0","","1","On","0","(3.67841125, 11.0115881, 3.5794034)","(1.37644851, 1.37644851, 1.37644851)"
"LOD0 Material0","","1","On","0","(3.56996727, 12.7642574, 3.66904283)","(1.06368816, 1.06368816, 1.06368816)"
"LOD0 Material1","","1","On","0","(3.71957874, 12.4916, 4.168588)","(1.06803155, 1.06803155, 1.06803155)"
"LOD0 Material1","","1","On","0","(3.92145371, 9.22888851, 3.81656647)","(1.19276953, 1.19276953, 1.19276953)"
"Ground_Moss_ShootMat_03_LOD2_Mesh","Assets/ForestPrototype/Art/SectionFive/Ground_Moss_Shoots_03/FBX/Ground_Moss_ShootMat_03_LOD2.fbx","2","On","0","(1.23442686, 0.027475493, 1.15567338)","(0.7949988, 0.7949988, 0.7949988)"
"Ground_Moss_ShootMat_03_LOD1_Mesh","Assets/ForestPrototype/Art/SectionFive/Ground_Moss_Shoots_03/FBX/Ground_Moss_ShootMat_03_LOD1.fbx","6","On","0","(1.55659831, 0.03367066, 1.65917492)","(1.074866, 1.074866, 1.074866)"
"Ground_Moss_ShootMat_03_LOD1_Mesh","Assets/ForestPrototype/Art/SectionFive/Ground_Moss_Shoots_03/FBX/Ground_Moss_ShootMat_03_LOD1.fbx","6","On","0","(0.8866724, 0.0223517716, 0.7109919)","(0.7135341, 0.713534, 0.7135341)"
"Trunk","Library/unity default resources","1","On","1","(0.177102521, 12.9403553, 0.177102551)","(0.1771025, 6.47017765, 0.1771025)"
"LOD2 Material1","","1","On","0","(4.58938932, 10.65267, 4.477402)","(1.37296951, 1.37296951, 1.37296951)"
"LOD1 Material0","","1","On","0","(4.20012331, 15.017581, 4.226767)","(1.25146508, 1.25146508, 1.25146508)"
"Ground_Moss_ShootMat_03_LOD1_Mesh","Assets/ForestPrototype/Art/SectionFive/Ground_Moss_Shoots_03/FBX/Ground_Moss_ShootMat_03_LOD1.fbx","6","On","0","(1.0995754, 0.0235236268, 1.16393232)","(0.750942945, 0.750943, 0.750942945)"
"Ground_Moss_ShootMat_03_LOD0_Mesh","Assets/ForestPrototype/Art/SectionFive/Ground_Moss_Shoots_03/FBX/Ground_Moss_ShootMat_03_LOD0.fbx","6","On","0","(1.09201145, 0.02116492, 1.13634121)","(0.729698, 0.7296979, 0.729698)"
"Ground_Moss_ShootMat_03_LOD2_Mesh","Assets/ForestPrototype/Art/SectionFive/Ground_Moss_Shoots_03/FBX/Ground_Moss_ShootMat_03_LOD2.fbx","2","On","0","(0.9830526, 0.024528563, 0.838466465)","(0.7097299, 0.7097299, 0.7097299)"
"LOD1 Material1","","1","On","0","(4.535676, 10.6744213, 4.41436)","(1.37959456, 1.37959456, 1.37959456)"
"LOD2 Material1","","1","On","0","(4.98172235, 11.5633345, 4.86016226)","(1.49034059, 1.49034059, 1.49034059)"
"Trunk","Library/unity default resources","1","On","1","(0.155260056, 11.2708282, 0.155260071)","(0.155260041, 5.635414, 0.155260041)"
"Ground_Moss_ShootMat_03_LOD0_Mesh","Assets/ForestPrototype/Art/SectionFive/Ground_Moss_Shoots_03/FBX/Ground_Moss_ShootMat_03_LOD0.fbx","6","On","0","(1.21131086, 0.0225327834, 1.18777919)","(0.776857436, 0.7768574, 0.776857436)"
"Ground_Moss_ShootMat_03_LOD0_Mesh","Assets/ForestPrototype/Art/SectionFive/Ground_Moss_Shoots_03/FBX/Ground_Moss_ShootMat_03_LOD0.fbx","6","On","0","(1.19690537, 0.0246021077, 1.29343176)","(0.848201036, 0.848201, 0.848201036)"
"Ground_Moss_ShootMat_03_LOD0_Mesh","Assets/ForestPrototype/Art/SectionFive/Ground_Moss_Shoots_03/FBX/Ground_Moss_ShootMat_03_LOD0.fbx","6","On","0","(0.9279151, 0.0257879347, 1.13698769)","(0.8890846, 0.889084458, 0.8890846)"
"LOD1 Material0","","1","On","0","(3.99372244, 14.2795916, 4.01905632)","(1.189966, 1.189966, 1.189966)"
"Trunk","Library/unity default resources","1","On","1","(0.151340887, 11.3054867, 0.1513409)","(0.151340872, 5.65274334, 0.151340872)"
"LOD2 Material0","","1","On","0","(3.17794275, 9.5134, 3.09240556)","(1.189175, 1.189175, 1.189175)"
"LOD0 Material1","","1","On","0","(4.495602, 10.58011, 4.375358)","(1.36740541, 1.36740541, 1.36740541)"
"Ground_Moss_ShootMat_03_LOD0_Mesh","Assets/ForestPrototype/Art/SectionFive/Ground_Moss_Shoots_03/FBX/Ground_Moss_ShootMat_03_LOD0.fbx","6","On","0","(1.12950277, 0.0215238146, 1.04295719)","(0.74207145, 0.7420714, 0.74207145)"
"LOD1 Material1","","1","On","0","(3.29832959, 7.762406, 3.210109)","(1.00323689, 1.00323689, 1.00323689)"
"Habitat view: Grass","","1","Off","0","(0, 0, 0)","(1, 1, 1)"
"Ground_Moss_ShootMat_03_LOD0_Mesh","Assets/ForestPrototype/Art/SectionFive/Ground_Moss_Shoots_03/FBX/Ground_Moss_ShootMat_03_LOD0.fbx","6","On","0","(1.55578852, 0.0290562287, 1.54853022)","(1.00176454, 1.00176466, 1.00176454)"
"LOD2 Material1","","1","On","0","(4.226692, 14.0453587, 4.772709)","(1.20341015, 1.20341015, 1.20341015)"
"Ground_Moss_ShootMat_03_LOD0_Mesh","Assets/ForestPrototype/Art/SectionFive/Ground_Moss_Shoots_03/FBX/Ground_Moss_ShootMat_03_LOD0.fbx","6","On","0","(1.31122041, 0.0261006225, 1.39056277)","(0.899864852, 0.8998649, 0.899864852)"
"LOD0 Material1","","1","On","0","(3.321156, 7.81612635, 3.23232484)","(1.01017988, 1.01017988, 1.01017988)"
"LOD0 Material1","","1","On","0","(4.83296156, 11.3740625, 4.703694)","(1.47001839, 1.47001839, 1.47001839)"
"Ground_Moss_ShootMat_03_LOD2_Mesh","Assets/ForestPrototype/Art/SectionFive/Ground_Moss_Shoots_03/FBX/Ground_Moss_ShootMat_03_LOD2.fbx","2","On","0","(1.20233226, 0.0288599655, 1.05190849)","(0.8350585, 0.835058331, 0.8350585)"
"Ground_Moss_ShootMat_03_LOD1_Mesh","Assets/ForestPrototype/Art/SectionFive/Ground_Moss_Shoots_03/FBX/Ground_Moss_ShootMat_03_LOD1.fbx","6","On","0","(1.53268468, 0.03553212, 1.29183066)","(1.1342895, 1.13428926, 1.1342895)"
"Ground_Moss_ShootMat_03_LOD1_Mesh","Assets/ForestPrototype/Art/SectionFive/Ground_Moss_Shoots_03/FBX/Ground_Moss_ShootMat_03_LOD1.fbx","6","On","0","(1.55252957, 0.03488209, 1.33473563)","(1.1135385, 1.1135385, 1.1135385)"
"LOD0 Material0","","1","On","0","(3.39609671, 9.556811, 3.30538726)","(1.19460142, 1.19460142, 1.19460142)"
"LOD0 Material0","","1","On","0","(3.40350413, 9.577656, 3.31259656)","(1.197207, 1.197207, 1.197207)"
"Ground_Moss_ShootMat_03_LOD0_Mesh","Assets/ForestPrototype/Art/SectionFive/Ground_Moss_Shoots_03/FBX/Ground_Moss_ShootMat_03_LOD0.fbx","6","On","0","(1.07607985, 0.0203682613, 1.094523)","(0.7022315, 0.702231646, 0.7022315)"
"Ground_Moss_ShootMat_03_LOD0_Mesh","Assets/ForestPrototype/Art/SectionFive/Ground_Moss_Shoots_03/FBX/Ground_Moss_ShootMat_03_LOD0.fbx","6","On","0","(1.20151293, 0.0223686714, 1.15693355)","(0.771199346, 0.771199346, 0.771199346)"
"Ground_Moss_ShootMat_03_LOD2_Mesh","Assets/ForestPrototype/Art/SectionFive/Ground_Moss_Shoots_03/FBX/Ground_Moss_ShootMat_03_LOD2.fbx","2","On","0","(1.58485818, 0.035264045, 1.60438621)","(1.02035928, 1.02035928, 1.02035928)"
"LOD0 Material0","","1","On","0","(3.74396586, 10.5357351, 3.64396477)","(1.31696689, 1.31696689, 1.31696689)"
"Ground_Moss_ShootMat_03_LOD1_Mesh","Assets/ForestPrototype/Art/SectionFive/Ground_Moss_Shoots_03/FBX/Ground_Moss_ShootMat_03_LOD1.fbx","6","On","0","(1.18218887, 0.02927664, 1.34545171)","(0.934596062, 0.934596, 0.934596062)"
"Ground_Moss_ShootMat_03_LOD0_Mesh","Assets/ForestPrototype/Art/SectionFive/Ground_Moss_Shoots_03/FBX/Ground_Moss_ShootMat_03_LOD0.fbx","6","On","0","(1.70840883, 0.0330801569, 1.77639389)","(1.14049649, 1.14049661, 1.14049649)"
"Trunk","Library/unity default resources","1","On","1","(0.1644013, 11.6069975, 0.164401323)","(0.164401278, 5.80349874, 0.164401278)"
"Ground_Moss_ShootMat_03_LOD0_Mesh","Assets/ForestPrototype/Art/SectionFive/Ground_Moss_Shoots_03/FBX/Ground_Moss_ShootMat_03_LOD0.fbx","6","On","0","(1.513721, 0.0296230521, 1.58683014)","(1.021307, 1.02130687, 1.021307)"
"LOD0 Material1","","1","On","0","(4.535676, 10.6744213, 4.41436)","(1.37959456, 1.37959456, 1.37959456)"
"LOD2 Material0","","1","On","0","(3.49133182, 10.4515524, 3.39735937)","(1.306444, 1.306444, 1.306444)"
"Ground_Moss_ShootMat_03_LOD0_Mesh","Assets/ForestPrototype/Art/SectionFive/Ground_Moss_Shoots_03/FBX/Ground_Moss_ShootMat_03_LOD0.fbx","6","On","0","(0.9281862, 0.023437392, 1.09700632)","(0.8080453, 0.8080453, 0.8080453)"
"LOD1 Material1","","1","On","0","(4.21173954, 14.1444426, 4.72016)","(1.20934951, 1.20934951, 1.20934951)"
"LOD1 Material0","","1","On","0","(3.33920169, 9.995368, 3.24892521)","(1.249421, 1.249421, 1.249421)"
"LOD0 Material0","","1","On","0","(3.784605, 10.6500959, 3.68351841)","(1.331262, 1.331262, 1.331262)"
"Ground_Moss_ShootMat_03_LOD1_Mesh","Assets/ForestPrototype/Art/SectionFive/Ground_Moss_Shoots_03/FBX/Ground_Moss_ShootMat_03_LOD1.fbx","6","On","0","(1.61182237, 0.03272724, 1.51093054)","(1.0447495, 1.04474938, 1.0447495)"
"Trunk","Library/unity default resources","1","On","1","(0.148319244, 10.911087, 0.148319259)","(0.148319229, 5.45554352, 0.148319229)"
"Ground_Moss_ShootMat_03_LOD1_Mesh","Assets/ForestPrototype/Art/SectionFive/Ground_Moss_Shoots_03/FBX/Ground_Moss_ShootMat_03_LOD1.fbx","6","On","0","(1.09371066, 0.03340566, 1.34951162)","(1.06640649, 1.06640649, 1.06640649)"
"LOD1 Material1","","1","On","0","(3.77592278, 12.6808224, 4.231734)","(1.08421, 1.08421, 1.08421)"
"LOD1 Material0","","1","On","0","(3.98308325, 11.9227247, 3.875399)","(1.49034059, 1.49034059, 1.49034059)"
"Ground_Moss_ShootMat_03_LOD0_Mesh","Assets/ForestPrototype/Art/SectionFive/Ground_Moss_Shoots_03/FBX/Ground_Moss_ShootMat_03_LOD0.fbx","6","On","0","(1.25289309, 0.0251557846, 1.104988)","(0.867289841, 0.86728996, 0.867289841)"
"LOD0 Material1","","1","On","0","(3.65535951, 12.27593, 4.09661674)","(1.04959178, 1.04959178, 1.04959178)"
"LOD1 Material0","","1","On","0","(3.92877, 11.7601471, 3.82255435)","(1.47001839, 1.47001839, 1.47001839)"
"Ground_Moss_ShootMat_03_LOD2_Mesh","Assets/ForestPrototype/Art/SectionFive/Ground_Moss_Shoots_03/FBX/Ground_Moss_ShootMat_03_LOD2.fbx","2","On","0","(1.11225581, 0.0245081559, 1.10696054)","(0.709139347, 0.7091394, 0.709139347)"
"LOD0 Material1","","1","On","0","(4.49176741, 10.571085, 4.371626)","(1.36623907, 1.36623907, 1.36623907)"
"Ground_Moss_ShootMat_03_LOD0_Mesh","Assets/ForestPrototype/Art/SectionFive/Ground_Moss_Shoots_03/FBX/Ground_Moss_ShootMat_03_LOD0.fbx","6","On","0","(1.77594256, 0.0332390927, 1.776006)","(1.14597619, 1.14597619, 1.14597619)"
"LOD0 Material1","","1","On","0","(3.92142463, 13.169466, 4.39479971)","(1.12598908, 1.12598908, 1.12598908)"
"LOD1 Material1","","1","On","0","(3.996617, 9.405781, 3.88971949)","(1.2156316, 1.2156316, 1.2156316)"
"LOD1 Material1","","1","On","0","(3.87295461, 9.114748, 3.76936436)","(1.17801774, 1.17801774, 1.17801774)"
"Ground_Moss_ShootMat_03_LOD0_Mesh","Assets/ForestPrototype/Art/SectionFive/Ground_Moss_Shoots_03/FBX/Ground_Moss_ShootMat_03_LOD0.fbx","6","On","0","(1.77041888, 0.0332135968, 1.778162)","(1.14509726, 1.14509726, 1.14509726)"
"LOD1 Material1","","1","On","0","(4.766302, 11.2171841, 4.638818)","(1.44974291, 1.44974291, 1.44974291)"
"Trunk","Library/unity default resources","1","On","1","(0.179349691, 12.7126207, 0.17934972)","(0.179349676, 6.35631037, 0.179349676)"
"Ground_Moss_ShootMat_03_LOD0_Mesh","Assets/ForestPrototype/Art/SectionFive/Ground_Moss_Shoots_03/FBX/Ground_Moss_ShootMat_03_LOD0.fbx","6","On","0","(1.42534471, 0.0324412361, 1.16085446)","(1.11846864, 1.11846876, 1.11846864)"
"Woodland_Rush_Clump_01_LOD2_Foliage","Assets/ForestPrototype/Art/SectionFive/Woodland_Grass_Rush/FBX/Woodland_Rush_Clump_01_LOD2.fbx","2","On","0","(0.651985, 0.714291036, 0.624657154)","(0.850000143, 0.85, 0.850000143)"
"LOD2 Material0","","1","On","0","(3.36177421, 12.0206985, 3.38337684)","(1.00172484, 1.00172484, 1.00172484)"
"Trunk","Library/unity default resources","1","On","1","(0.153133318, 11.7601471, 0.153133333)","(0.1531333, 5.88007355, 0.1531333)"
"Ground_Moss_ShootMat_03_LOD0_Mesh","Assets/ForestPrototype/Art/SectionFive/Ground_Moss_Shoots_03/FBX/Ground_Moss_ShootMat_03_LOD0.fbx","6","On","0","(1.76508546, 0.0328323953, 1.70864367)","(1.13195467, 1.13195467, 1.13195467)"
"LOD0 Material1","","1","On","0","(3.55416417, 11.9360819, 3.98320532)","(1.02053475, 1.02053475, 1.02053475)"
"Ground_Moss_ShootMat_03_LOD1_Mesh","Assets/ForestPrototype/Art/SectionFive/Ground_Moss_Shoots_03/FBX/Ground_Moss_ShootMat_03_LOD1.fbx","6","On","0","(1.1808877, 0.0243995041, 1.08346951)","(0.7789036, 0.7789036, 0.7789036)"
"LOD1 Material0","","1","On","0","(3.21716738, 9.630077, 3.13019013)","(1.20375967, 1.20375967, 1.20375967)"
"Ground_Moss_ShootMat_03_LOD2_Mesh","Assets/ForestPrototype/Art/SectionFive/Ground_Moss_Shoots_03/FBX/Ground_Moss_ShootMat_03_LOD2.fbx","2","On","0","(1.48825788, 0.0339578874, 1.545629)","(0.982565939, 0.9825658, 0.982565939)"
"LOD2 Material0","","1","On","0","(3.699486, 13.2282543, 3.72325873)","(1.10235453, 1.10235453, 1.10235453)"
"LOD1 Material0","","1","On","0","(3.63589144, 13.000164, 3.65895557)","(1.083347, 1.083347, 1.083347)"
"LOD2 Material1","","1","On","0","(3.80442858, 12.64217, 4.29589558)","(1.0831846, 1.0831846, 1.0831846)"
"LOD2 Material0","","1","On","0","(3.38315845, 12.0971622, 3.40489841)","(1.00809681, 1.00809681, 1.00809681)"
"LOD2 Material1","","1","On","0","(4.97952, 11.5582218, 4.858013)","(1.4896816, 1.4896816, 1.4896816)"
"Ground_Moss_ShootMat_03_LOD1_Mesh","Assets/ForestPrototype/Art/SectionFive/Ground_Moss_Shoots_03/FBX/Ground_Moss_ShootMat_03_LOD1.fbx","6","On","0","(0.9068516, 0.0237210859, 1.0552007)","(0.757246554, 0.7572465, 0.757246554)"
"LOD2 Material1","","1","On","0","(4.719161, 10.95389, 4.60400772)","(1.41179228, 1.41179228, 1.41179228)"
"Bilberry_Type_Cover_01_LOD1_Mesh","Assets/ForestPrototype/Art/SectionFive/Bilberry_Type_Cover_01/FBX/Bilberry_Type_Cover_01_LOD1.fbx","4","On","0","(0.6736609, 0.34931168, 0.6908833)","(0.7305373, 0.730537236, 0.7305373)"
"Ground_Moss_ShootMat_03_LOD0_Mesh","Assets/ForestPrototype/Art/SectionFive/Ground_Moss_Shoots_03/FBX/Ground_Moss_ShootMat_03_LOD0.fbx","6","On","0","(0.7279174, 0.0215146523, 0.912470639)","(0.7417557, 0.741755545, 0.7417557)"
"Ground_Moss_ShootMat_03_LOD2_Mesh","Assets/ForestPrototype/Art/SectionFive/Ground_Moss_Shoots_03/FBX/Ground_Moss_ShootMat_03_LOD2.fbx","2","On","0","(1.36875463, 0.0336261243, 1.17906582)","(0.972966254, 0.9729663, 0.972966254)"
"Ground_Moss_ShootMat_03_LOD1_Mesh","Assets/ForestPrototype/Art/SectionFive/Ground_Moss_Shoots_03/FBX/Ground_Moss_ShootMat_03_LOD1.fbx","6","On","0","(1.42975712, 0.03195676, 1.23338854)","(1.02015328, 1.02015328, 1.02015328)"
"LOD2 Material0","","1","On","0","(3.65988326, 10.9561234, 3.561374)","(1.36951542, 1.36951542, 1.36951542)"
"LOD1 Material0","","1","On","0","(2.764313, 8.27453, 2.68957877)","(1.0343163, 1.0343163, 1.0343163)"
"LOD0 Material1","","1","On","0","(4.770023, 11.2259407, 4.642439)","(1.45087469, 1.45087469, 1.45087469)"
"LOD1 Material0","","1","On","0","(2.87658715, 8.610605, 2.79881763)","(1.07632565, 1.07632565, 1.07632565)"
"LOD1 Material0","","1","On","0","(3.92695737, 11.7547207, 3.82079053)","(1.46934009, 1.46934009, 1.46934009)"
"LOD2 Material0","","1","On","0","(3.86153841, 11.5597925, 3.7576015)","(1.44497406, 1.44497406, 1.44497406)"
"Ground_Moss_ShootMat_03_LOD0_Mesh","Assets/ForestPrototype/Art/SectionFive/Ground_Moss_Shoots_03/FBX/Ground_Moss_ShootMat_03_LOD0.fbx","6","On","0","(1.28317189, 0.0286116935, 1.44198823)","(0.9864385, 0.9864385, 0.9864385)"
"Ground_Moss_ShootMat_03_LOD1_Mesh","Assets/ForestPrototype/Art/SectionFive/Ground_Moss_Shoots_03/FBX/Ground_Moss_ShootMat_03_LOD1.fbx","6","On","0","(1.23800611, 0.0291785542, 1.37906551)","(0.9314649, 0.931464851, 0.9314649)"
"Ground_Moss_ShootMat_03_LOD1_Mesh","Assets/ForestPrototype/Art/SectionFive/Ground_Moss_Shoots_03/FBX/Ground_Moss_ShootMat_03_LOD1.fbx","6","On","0","(1.36094868, 0.0273093525, 1.31019473)","(0.8717946, 0.871794462, 0.8717946)"
"LOD1 Material1","","1","On","0","(4.246631, 9.994172, 4.133046)","(1.29167712, 1.29167712, 1.29167712)"
"Ground_Moss_ShootMat_03_LOD2_Mesh","Assets/ForestPrototype/Art/SectionFive/Ground_Moss_Shoots_03/FBX/Ground_Moss_ShootMat_03_LOD2.fbx","2","On","0","(1.17473185, 0.03169821, 0.955980361)","(0.917182446, 0.9171824, 0.917182446)"
"Ground_Moss_ShootMat_03_LOD1_Mesh","Assets/ForestPrototype/Art/SectionFive/Ground_Moss_Shoots_03/FBX/Ground_Moss_ShootMat_03_LOD1.fbx","6","On","0","(1.119791, 0.02257117, 1.118113)","(0.7205378, 0.720537841, 0.7205378)"
"Ground_Moss_ShootMat_03_LOD0_Mesh","Assets/ForestPrototype/Art/SectionFive/Ground_Moss_Shoots_03/FBX/Ground_Moss_ShootMat_03_LOD0.fbx","6","On","0","(1.55968094, 0.02960991, 1.44661689)","(1.02085376, 1.02085376, 1.02085376)"
"Ground_Moss_ShootMat_03_LOD0_Mesh","Assets/ForestPrototype/Art/SectionFive/Ground_Moss_Shoots_03/FBX/Ground_Moss_ShootMat_03_LOD0.fbx","6","On","0","(0.9378345, 0.0206944924, 0.777999163)","(0.713479042, 0.713479042, 0.713479042)"
"LOD2 Material1","","1","On","0","(3.97166681, 13.1979055, 4.48473835)","(1.13080013, 1.13080013, 1.13080013)"
"LOD0 Material1","","1","On","0","(4.11635, 9.687564, 4.00625)","(1.25205016, 1.25205016, 1.25205016)"
"Ground_Moss_ShootMat_03_LOD0_Mesh","Assets/ForestPrototype/Art/SectionFive/Ground_Moss_Shoots_03/FBX/Ground_Moss_ShootMat_03_LOD0.fbx","6","On","0","(1.16142738, 0.0274664965, 0.924906433)","(0.9469559, 0.9469558, 0.9469559)"
"Footing Front","Library/unity default resources","1","On","0","(3.2, 0.1, 0.14)","(3.2, 0.1, 0.14)"
"LOD1 Material0","","1","On","0","(3.11626935, 9.328055, 3.03201985)","(1.16600692, 1.16600692, 1.16600692)"
"Trunk","Library/unity default resources","1","On","1","(0.152580425, 11.561162, 0.15258044)","(0.15258041, 5.780581, 0.15258041)"
"Ground_Moss_ShootMat_03_LOD0_Mesh","Assets/ForestPrototype/Art/SectionFive/Ground_Moss_Shoots_03/FBX/Ground_Moss_ShootMat_03_LOD0.fbx","6","On","0","(1.35933745, 0.0295326337, 1.13832963)","(1.01818943, 1.01818955, 1.01818943)"
"Ground_Moss_ShootMat_03_LOD0_Mesh","Assets/ForestPrototype/Art/SectionFive/Ground_Moss_Shoots_03/FBX/Ground_Moss_ShootMat_03_LOD0.fbx","6","On","0","(1.30161977, 0.0258341413, 1.15799809)","(0.8906775, 0.8906775, 0.8906775)"
"LOD0 Material1","","1","On","0","(4.34751225, 14.6004133, 4.872323)","(1.248335, 1.248335, 1.248335)"
"LOD0 Material0","","1","On","0","(3.70820379, 13.2585163, 3.81111574)","(1.1048764, 1.1048764, 1.1048764)"
"LOD0 Material1","","1","On","0","(4.525333, 10.6500788, 4.40429354)","(1.37644851, 1.37644851, 1.37644851)"
"Ground_Moss_ShootMat_03_LOD0_Mesh","Assets/ForestPrototype/Art/SectionFive/Ground_Moss_Shoots_03/FBX/Ground_Moss_ShootMat_03_LOD0.fbx","6","On","0","(1.07391143, 0.0210824646, 1.12833071)","(0.7268551, 0.7268551, 0.7268551)"
"LOD1 Material1","","1","On","0","(4.22201061, 14.1789351, 4.731671)","(1.21229863, 1.21229863, 1.21229863)"
"LOD0 Material1","","1","On","0","(4.47912741, 10.541337, 4.359324)","(1.36239433, 1.36239433, 1.36239433)"
"LOD0 Material1","","1","On","0","(4.10250044, 13.77758, 4.597734)","(1.17798281, 1.17798281, 1.17798281)"
"LOD1 Material1","","1","On","0","(4.106993, 9.665544, 3.99714327)","(1.24920416, 1.24920416, 1.24920416)"
"LOD1 Material0","","1","On","0","(3.82342362, 11.444809, 3.720056)","(1.43060112, 1.43060112, 1.43060112)"
"Ground_Moss_ShootMat_03_LOD0_Mesh","Assets/ForestPrototype/Art/SectionFive/Ground_Moss_Shoots_03/FBX/Ground_Moss_ShootMat_03_LOD0.fbx","6","On","0","(1.35816324, 0.0252864379, 1.30743217)","(0.8717946, 0.871794462, 0.8717946)"
"LOD1 Material0","","1","On","0","(3.65462017, 10.9395227, 3.55581617)","(1.36744034, 1.36744034, 1.36744034)"
"Trunk","Library/unity default resources","1","On","1","(0.175672218, 13.0399122, 0.175672248)","(0.1756722, 6.519956, 0.1756722)"
"LOD1 Material1","","1","On","0","(4.1671567, 9.807134, 4.05569744)","(1.26750374, 1.26750374, 1.26750374)"
"LOD2 Material1","","1","On","0","(3.80130744, 12.6318, 4.29237175)","(1.082296, 1.082296, 1.082296)"
"LOD1 Material0","","1","On","0","(3.93209529, 11.7701006, 3.82578969)","(1.47126257, 1.47126257, 1.47126257)"
"Ground_Moss_ShootMat_03_LOD0_Mesh","Assets/ForestPrototype/Art/SectionFive/Ground_Moss_Shoots_03/FBX/Ground_Moss_ShootMat_03_LOD0.fbx","6","On","0","(1.34915793, 0.027401967, 1.44828534)","(0.944731, 0.944731057, 0.944731)"
"Ground_Moss_ShootMat_03_LOD1_Mesh","Assets/ForestPrototype/Art/SectionFive/Ground_Moss_Shoots_03/FBX/Ground_Moss_ShootMat_03_LOD1.fbx","6","On","0","(1.17337883, 0.0278126821, 0.9757257)","(0.8878622, 0.8878622, 0.8878622)"
"Ground_Moss_ShootMat_03_LOD1_Mesh","Assets/ForestPrototype/Art/SectionFive/Ground_Moss_Shoots_03/FBX/Ground_Moss_ShootMat_03_LOD1.fbx","6","On","0","(1.42364776, 0.0292181317, 1.31588566)","(0.9327286, 0.9327283, 0.9327286)"
"Ground_Moss_ShootMat_03_LOD0_Mesh","Assets/ForestPrototype/Art/SectionFive/Ground_Moss_Shoots_03/FBX/Ground_Moss_ShootMat_03_LOD0.fbx","6","On","0","(1.447475, 0.02693831, 1.4236424)","(0.9287456, 0.9287457, 0.9287456)"
"LOD1 Material0","","1","On","0","(3.37324286, 12.0610619, 3.394641)","(1.00508845, 1.00508845, 1.00508845)"
"Ground_Moss_ShootMat_03_LOD2_Mesh","Assets/ForestPrototype/Art/SectionFive/Ground_Moss_Shoots_03/FBX/Ground_Moss_ShootMat_03_LOD2.fbx","2","On","0","(1.17823577, 0.03380743, 1.3710593)","(0.9782123, 0.978212357, 0.9782123)"
"LOD0 Material1","","1","On","0","(4.31187963, 14.4807463, 4.832389)","(1.23810351, 1.23810351, 1.23810351)"
"Ground_Moss_ShootMat_03_LOD1_Mesh","Assets/ForestPrototype/Art/SectionFive/Ground_Moss_Shoots_03/FBX/Ground_Moss_ShootMat_03_LOD1.fbx","6","On","0","(1.35117, 0.032161966, 1.12073278)","(1.02670407, 1.02670407, 1.02670407)"
"Ground_Moss_ShootMat_03_LOD0_Mesh","Assets/ForestPrototype/Art/SectionFive/Ground_Moss_Shoots_03/FBX/Ground_Moss_ShootMat_03_LOD0.fbx","6","On","0","(1.290195, 0.0286849849, 1.44803834)","(0.988965333, 0.9889654, 0.988965333)"
"LOD1 Material0","","1","On","0","(3.14836931, 9.424142, 3.06325221)","(1.17801774, 1.17801774, 1.17801774)"
"LOD2 Material1","","1","On","0","(4.120376, 9.564019, 4.01983356)","(1.23265874, 1.23265874, 1.23265874)"
"LOD1 Material1","","1","On","0","(4.89243126, 11.5140219, 4.76157331)","(1.48810709, 1.48810709, 1.48810709)"
"LOD0 Material1","","1","On","0","(3.91084671, 13.1339417, 4.38294458)","(1.12295175, 1.12295175, 1.12295175)"
"Ground_Moss_ShootMat_03_LOD0_Mesh","Assets/ForestPrototype/Art/SectionFive/Ground_Moss_Shoots_03/FBX/Ground_Moss_ShootMat_03_LOD0.fbx","6","On","0","(1.52566814, 0.02886583, 1.55101025)","(0.9952006, 0.9952003, 0.9952006)"
"Bilberry_Type_Cover_01_LOD0_Mesh","Assets/ForestPrototype/Art/SectionFive/Bilberry_Type_Cover_01/FBX/Bilberry_Type_Cover_01_LOD0.fbx","4","On","0","(0.502796352, 0.351295054, 0.5412374)","(0.7345054, 0.7345054, 0.7345054)"
"ShadeFern_Clump_01_LOD2_Mesh","Assets/ForestPrototype/Art/SectionFive/Woodland_Assets/ShadeFern_Clump_01/ShadeFern_Clump_01_LOD2.fbx","2","On","0","(1.00440621, 0.447893471, 1.026968)","(0.7900478, 0.7900479, 0.7900478)"
"Ground_Moss_ShootMat_03_LOD2_Mesh","Assets/ForestPrototype/Art/SectionFive/Ground_Moss_Shoots_03/FBX/Ground_Moss_ShootMat_03_LOD2.fbx","2","On","0","(1.63436937, 0.03779663, 1.47045648)","(1.09363961, 1.09363925, 1.09363961)"
"LOD0 Material0","","1","On","0","(3.34895158, 9.424142, 3.25950122)","(1.17801774, 1.17801774, 1.17801774)"
"Trunk","Library/unity default resources","1","On","1","(0.174126983, 12.1958723, 0.174127012)","(0.174126968, 6.097936, 0.174126968)"
"Ground_Moss_ShootMat_03_LOD0_Mesh","Assets/ForestPrototype/Art/SectionFive/Ground_Moss_Shoots_03/FBX/Ground_Moss_ShootMat_03_LOD0.fbx","6","On","0","(0.8184971, 0.02201894, 0.9908353)","(0.7591416, 0.7591417, 0.7591416)"
"Trunk","Library/unity default resources","1","On","1","(0.123199031, 9.993633, 0.123199046)","(0.123199016, 4.99681664, 0.123199016)"
"Frame Post Back Left","Library/unity default resources","1","On","0","(0.14, 1.2, 0.14)","(0.14, 1.2, 0.14)"
"LOD0 Material0","","1","On","0","(4.01750374, 11.3054867, 3.91019654)","(1.41318583, 1.41318583, 1.41318583)"
"Ground_Moss_ShootMat_03_LOD1_Mesh","Assets/ForestPrototype/Art/SectionFive/Ground_Moss_Shoots_03/FBX/Ground_Moss_ShootMat_03_LOD1.fbx","6","On","0","(1.77832651, 0.0356736556, 1.714612)","(1.13880754, 1.13880754, 1.13880754)"
"LOD0 Material0","","1","On","0","(3.504289, 9.86127, 3.41068935)","(1.23265874, 1.23265874, 1.23265874)"
"LOD2 Material1","","1","On","0","(3.765868, 12.5140333, 4.25235367)","(1.07220578, 1.07220578, 1.07220578)"
"Dirt Path 17","Library/unity default resources","1","Off","0","(2.66771722, 0.012, 1.078757)","(2.6, 0.012, 0.608763)"
"LOD2 Material1","","1","On","0","(3.937729, 9.140067, 3.84164357)","(1.17801774, 1.17801774, 1.17801774)"
"Ground_Moss_ShootMat_03_LOD1_Mesh","Assets/ForestPrototype/Art/SectionFive/Ground_Moss_Shoots_03/FBX/Ground_Moss_ShootMat_03_LOD1.fbx","6","On","0","(1.62930679, 0.03272638, 1.562424)","(1.04472184, 1.04472184, 1.04472184)"
"Trunk","Library/unity default resources","1","On","1","(0.169035465, 12.71314, 0.1690355)","(0.16903545, 6.35657, 0.16903545)"
"LOD1 Material1","","1","On","0","(3.635028, 12.2076492, 4.0738306)","(1.04375374, 1.04375374, 1.04375374)"
"LOD0 Material0","","1","On","0","(4.01065, 14.339901, 4.121956)","(1.19499171, 1.19499171, 1.19499171)"
"LOD2 Material1","","1","On","0","(4.536673, 10.5303078, 4.42597246)","(1.35719883, 1.35719883, 1.35719883)"
"Ground_Moss_ShootMat_03_LOD1_Mesh","Assets/ForestPrototype/Art/SectionFive/Ground_Moss_Shoots_03/FBX/Ground_Moss_ShootMat_03_LOD1.fbx","6","On","0","(1.069629, 0.0234741531, 1.14980292)","(0.7493638, 0.749363661, 0.7493638)"
"Ground_Moss_ShootMat_03_LOD1_Mesh","Assets/ForestPrototype/Art/SectionFive/Ground_Moss_Shoots_03/FBX/Ground_Moss_ShootMat_03_LOD1.fbx","6","On","0","(0.729582846, 0.0232358258, 0.91421926)","(0.7417557, 0.741755545, 0.7417557)"
"LOD1 Material1","","1","On","0","(3.733229, 12.5374422, 4.183886)","(1.071951, 1.071951, 1.071951)"
"Ground_Moss_ShootMat_03_LOD1_Mesh","Assets/ForestPrototype/Art/SectionFive/Ground_Moss_Shoots_03/FBX/Ground_Moss_ShootMat_03_LOD1.fbx","6","On","0","(1.4438324, 0.0309397765, 1.28309894)","(0.9876882, 0.987688243, 0.9876882)"
"Ground_Moss_ShootMat_03_LOD1_Mesh","Assets/ForestPrototype/Art/SectionFive/Ground_Moss_Shoots_03/FBX/Ground_Moss_ShootMat_03_LOD1.fbx","6","On","0","(1.15584147, 0.0288722552, 0.931789041)","(0.9216869, 0.9216869, 0.9216869)"
"Ground_Moss_ShootMat_03_LOD0_Mesh","Assets/ForestPrototype/Art/SectionFive/Ground_Moss_Shoots_03/FBX/Ground_Moss_ShootMat_03_LOD0.fbx","6","On","0","(1.39517152, 0.0320930928, 1.58882761)","(1.10646617, 1.10646594, 1.10646617)"
"Ground_Moss_ShootMat_03_LOD2_Mesh","Assets/ForestPrototype/Art/SectionFive/Ground_Moss_Shoots_03/FBX/Ground_Moss_ShootMat_03_LOD2.fbx","2","On","0","(1.33304524, 0.0292667188, 1.30962849)","(0.8468276, 0.8468276, 0.8468276)"
"ShadeFern_Clump_01_LOD1_Mesh","Assets/ForestPrototype/Art/SectionFive/Woodland_Assets/ShadeFern_Clump_01/ShadeFern_Clump_01_LOD1.fbx","2","On","0","(1.40796876, 0.5298421, 1.39256477)","(0.9314228, 0.93142277, 0.9314228)"
"LOD2 Material0","","1","On","0","(3.90414643, 11.6873426, 3.79906273)","(1.46091783, 1.46091783, 1.46091783)"
"Trunk","Library/unity default resources","1","On","1","(0.160374954, 12.4867764, 0.160374984)","(0.160374939, 6.243388, 0.160374939)"
"LOD2 Material1","","1","On","0","(4.431767, 10.2868042, 4.32362652)","(1.325815, 1.325815, 1.325815)"
"LOD2 Material1","","1","On","0","(3.98552871, 9.251019, 3.888277)","(1.19231761, 1.19231761, 1.19231761)"
"LOD1 Material1","","1","On","0","(3.90442777, 13.1123857, 4.375751)","(1.12110865, 1.12110865, 1.12110865)"
"LOD1 Material1","","1","On","0","(4.708648, 11.0815, 4.582706)","(1.43220663, 1.43220663, 1.43220663)"
"Ground_Moss_ShootMat_03_LOD2_Mesh","Assets/ForestPrototype/Art/SectionFive/Ground_Moss_Shoots_03/FBX/Ground_Moss_ShootMat_03_LOD2.fbx","2","On","0","(1.58627033, 0.0349588655, 1.57937551)","(1.01152909, 1.011529, 1.01152909)"
"LOD2 Material0","","1","On","0","(3.582467, 10.7243729, 3.48604178)","(1.34054661, 1.34054661, 1.34054661)"
"Ground_Moss_ShootMat_03_LOD0_Mesh","Assets/ForestPrototype/Art/SectionFive/Ground_Moss_Shoots_03/FBX/Ground_Moss_ShootMat_03_LOD0.fbx","6","On","0","(1.27994514, 0.02425755, 1.18972659)","(0.8363218, 0.8363218, 0.8363218)"
"LOD0 Material0","","1","On","0","(3.4043963, 12.172266, 3.49887681)","(1.01435554, 1.01435554, 1.01435554)"
"LOD1 Material0","","1","On","0","(3.31398368, 9.919882, 3.224389)","(1.23998523, 1.23998523, 1.23998523)"
"LOD0 Material1","","1","On","0","(3.54262137, 11.8973179, 3.9702692)","(1.01722038, 1.01722038, 1.01722038)"
"LOD2 Material1","","1","On","0","(4.929048, 11.44107, 4.808773)","(1.47458243, 1.47458243, 1.47458243)"
"North Ridge","Library/unity default resources","1","On","1","(42, 5, 1)","(42, 5, 1)"
"LOD1 Material0","","1","On","0","(3.80153561, 11.3792906, 3.69875979)","(1.42241132, 1.42241132, 1.42241132)"
"Ground_Moss_ShootMat_03_LOD2_Mesh","Assets/ForestPrototype/Art/SectionFive/Ground_Moss_Shoots_03/FBX/Ground_Moss_ShootMat_03_LOD2.fbx","2","On","0","(1.38337708, 0.0307242833, 1.39681244)","(0.889001966, 0.889002, 0.889001966)"
"LOD2 Material1","","1","On","0","(4.36752939, 10.1377, 4.26095629)","(1.30659759, 1.30659759, 1.30659759)"
"LOD1 Material0","","1","On","0","(3.18658733, 9.538541, 3.10043669)","(1.19231761, 1.19231761, 1.19231761)"
"LOD2 Material1","","1","On","0","(4.101905, 9.521145, 4.00181341)","(1.22713292, 1.22713292, 1.22713292)"
"LOD0 Material1","","1","On","0","(4.80377769, 11.3053808, 4.675291)","(1.46114171, 1.46114171, 1.46114171)"
"LOD2 Material1","","1","On","0","(4.898467, 11.3700867, 4.778939)","(1.46543384, 1.46543384, 1.46543384)"
"Ground_Moss_ShootMat_03_LOD2_Mesh","Assets/ForestPrototype/Art/SectionFive/Ground_Moss_Shoots_03/FBX/Ground_Moss_ShootMat_03_LOD2.fbx","2","On","0","(1.17404771, 0.0257725473, 1.13579082)","(0.7457243, 0.7457244, 0.7457243)"
"Ground_Moss_ShootMat_03_LOD2_Mesh","Assets/ForestPrototype/Art/SectionFive/Ground_Moss_Shoots_03/FBX/Ground_Moss_ShootMat_03_LOD2.fbx","2","On","0","(1.19111085, 0.0296198372, 1.01808655)","(0.857045, 0.857045054, 0.857045)"
"Ground_Moss_ShootMat_03_LOD2_Mesh","Assets/ForestPrototype/Art/SectionFive/Ground_Moss_Shoots_03/FBX/Ground_Moss_ShootMat_03_LOD2.fbx","2","On","0","(1.57039011, 0.03552319, 1.44189548)","(1.02785766, 1.02785766, 1.02785766)"
"LOD2 Material1","","1","On","0","(3.70972872, 12.3274813, 4.18896246)","(1.056222, 1.056222, 1.056222)"
"LOD0 Material0","","1","On","0","(4.01326752, 14.3492584, 4.12464571)","(1.19577157, 1.19577157, 1.19577157)"
"LOD2 Material0","","1","On","0","(3.55528116, 12.7126207, 3.57812715)","(1.05938506, 1.05938506, 1.05938506)"
"LOD1 Material0","","1","On","0","(4.18961859, 14.9800205, 4.216195)","(1.248335, 1.248335, 1.248335)"
"LOD2 Material0","","1","On","0","(3.51317716, 12.5620689, 3.53575253)","(1.04683912, 1.04683912, 1.04683912)"
"Ground_Moss_ShootMat_03_LOD0_Mesh","Assets/ForestPrototype/Art/SectionFive/Ground_Moss_Shoots_03/FBX/Ground_Moss_ShootMat_03_LOD0.fbx","6","On","0","(1.402673, 0.03234962, 1.59910083)","(1.11531, 1.11531007, 1.11531)"
"Ground_Moss_ShootMat_03_LOD1_Mesh","Assets/ForestPrototype/Art/SectionFive/Ground_Moss_Shoots_03/FBX/Ground_Moss_ShootMat_03_LOD1.fbx","6","On","0","(1.197205, 0.0322583281, 1.40924335)","(1.02978039, 1.02978027, 1.02978039)"
"LOD0 Material1","","1","On","0","(3.83346677, 9.021816, 3.73093271)","(1.16600692, 1.16600692, 1.16600692)"
"Dirt Path 06","Library/unity default resources","1","Off","0","(2.61055946, 0.012, 1.7992481)","(2.6, 0.012, 0.664999962)"
"LOD0 Material0","","1","On","0","(3.40975952, 12.1914425, 3.50438881)","(1.01595354, 1.01595354, 1.01595354)"
"Ground_Moss_ShootMat_03_LOD1_Mesh","Assets/ForestPrototype/Art/SectionFive/Ground_Moss_Shoots_03/FBX/Ground_Moss_ShootMat_03_LOD1.fbx","6","On","0","(1.03690481, 0.0224485658, 1.10581267)","(0.716623962, 0.7166239, 0.716623962)"
"LOD0 Material1","","1","On","0","(3.6523385, 12.2657843, 4.09323072)","(1.04872429, 1.04872429, 1.04872429)"
"Ground_Moss_ShootMat_03_LOD2_Mesh","Assets/ForestPrototype/Art/SectionFive/Ground_Moss_Shoots_03/FBX/Ground_Moss_ShootMat_03_LOD2.fbx","2","On","0","(1.35698557, 0.03140964, 1.21999478)","(0.908832848, 0.908832669, 0.908832848)"
"LOD2 Material1","","1","On","0","(4.918343, 11.4162216, 4.79832935)","(1.47137988, 1.47137988, 1.47137988)"
"Ground_Moss_ShootMat_03_LOD1_Mesh","Assets/ForestPrototype/Art/SectionFive/Ground_Moss_Shoots_03/FBX/Ground_Moss_ShootMat_03_LOD1.fbx","6","On","0","(1.25782883, 0.0315760374, 1.01107144)","(1.0079999, 1.00799954, 1.0079999)"
"LOD1 Material1","","1","On","0","(4.1442337, 13.9177341, 4.644505)","(1.189966, 1.189966, 1.189966)"
"Ground_Moss_ShootMat_03_LOD1_Mesh","Assets/ForestPrototype/Art/SectionFive/Ground_Moss_Shoots_03/FBX/Ground_Moss_ShootMat_03_LOD1.fbx","6","On","0","(1.26240087, 0.0295803566, 1.05708551)","(0.9442915, 0.9442916, 0.9442915)"
"LOD0 Material1","","1","On","0","(3.58895159, 8.446365, 3.49295759)","(1.09163392, 1.09163392, 1.09163392)"
"Ground_Moss_ShootMat_03_LOD1_Mesh","Assets/ForestPrototype/Art/SectionFive/Ground_Moss_Shoots_03/FBX/Ground_Moss_ShootMat_03_LOD1.fbx","6","On","0","(1.48465037, 0.0305048488, 1.52213073)","(0.973803937, 0.973804057, 0.973803937)"
"Ground_Moss_ShootMat_03_LOD0_Mesh","Assets/ForestPrototype/Art/SectionFive/Ground_Moss_Shoots_03/FBX/Ground_Moss_ShootMat_03_LOD0.fbx","6","On","0","(1.24997735, 0.0332482532, 1.5067662)","(1.14629209, 1.14629209, 1.14629209)"
"Dirt Path 29","Library/unity default resources","1","Off","0","(2.66063619, 0.012, 1.46973515)","(2.6, 0.012, 0.631016)"
"LOD1 Material0","","1","On","0","(3.42508316, 12.246417, 3.44681025)","(1.02053475, 1.02053475, 1.02053475)"
"LOD1 Material0","","1","On","0","(3.6337285, 12.99243, 3.656779)","(1.08270252, 1.08270252, 1.08270252)"
"Trunk","Library/unity default resources","1","On","1","(0.202181116, 15.017581, 0.202181131)","(0.202181086, 7.50879049, 0.202181086)"
"LOD2 Material0","","1","On","0","(3.642805, 13.0255814, 3.66621375)","(1.08546507, 1.08546507, 1.08546507)"
"Ground_Moss_ShootMat_03_LOD0_Mesh","Assets/ForestPrototype/Art/SectionFive/Ground_Moss_Shoots_03/FBX/Ground_Moss_ShootMat_03_LOD0.fbx","6","On","0","(1.23532009, 0.02701718, 1.376316)","(0.9314649, 0.931464851, 0.9314649)"
"LOD2 Material1","","1","On","0","(4.91825151, 11.4160089, 4.79823971)","(1.47135246, 1.47135246, 1.47135246)"
"Ground_Moss_ShootMat_03_LOD1_Mesh","Assets/ForestPrototype/Art/SectionFive/Ground_Moss_Shoots_03/FBX/Ground_Moss_ShootMat_03_LOD1.fbx","6","On","0","(1.68321908, 0.0351539776, 1.751234)","(1.12221777, 1.12221789, 1.12221777)"
"Ground_Moss_ShootMat_03_LOD2_Mesh","Assets/ForestPrototype/Art/SectionFive/Ground_Moss_Shoots_03/FBX/Ground_Moss_ShootMat_03_LOD2.fbx","2","On","0","(1.56328821, 0.0377107263, 1.36305487)","(1.09115386, 1.09115362, 1.09115386)"
"LOD2 Material1","","1","On","0","(3.638994, 12.0924292, 4.10909)","(1.03608263, 1.03608263, 1.03608263)"
"Ground_Moss_ShootMat_03_LOD2_Mesh","Assets/ForestPrototype/Art/SectionFive/Ground_Moss_Shoots_03/FBX/Ground_Moss_ShootMat_03_LOD2.fbx","2","On","0","(1.53061128, 0.0357647724, 1.61739)","(1.03484774, 1.03484774, 1.03484774)"
"LOD2 Material0","","1","On","0","(3.8729775, 11.5940361, 3.76873255)","(1.44925451, 1.44925451, 1.44925451)"
"LOD0 Material1","","1","On","0","(3.89577579, 13.0833292, 4.36605453)","(1.11862433, 1.11862433, 1.11862433)"
"LOD1 Material1","","1","On","0","(3.93604279, 9.263223, 3.83076525)","(1.197207, 1.197207, 1.197207)"
"Ground_Moss_ShootMat_03_LOD1_Mesh","Assets/ForestPrototype/Art/SectionFive/Ground_Moss_Shoots_03/FBX/Ground_Moss_ShootMat_03_LOD1.fbx","6","On","0","(0.945433259, 0.025007803, 1.10492158)","(0.7983223, 0.79832226, 0.7983223)"
"Trunk","Library/unity default resources","1","On","1","(0.135852054, 10.2463551, 0.135852069)","(0.135852039, 5.12317753, 0.135852039)"
"Ground_Moss_ShootMat_03_LOD1_Mesh","Assets/ForestPrototype/Art/SectionFive/Ground_Moss_Shoots_03/FBX/Ground_Moss_ShootMat_03_LOD1.fbx","6","On","0","(1.62079132, 0.0332426168, 1.49924207)","(1.06120145, 1.06120157, 1.06120145)"
"LOD0 Material0","","1","On","0","(3.71698618, 10.4598122, 3.61770558)","(1.30747652, 1.30747652, 1.30747652)"
"Woodland_Rush_Clump_02_LOD1_Foliage","Assets/ForestPrototype/Art/SectionFive/Woodland_Grass_Rush/FBX/Woodland_Rush_Clump_02_LOD1.fbx","3","On","0","(0.969827, 0.9339283, 0.9344719)","(0.8500001, 0.85, 0.8500001)"
"LOD0 Material0","","1","On","0","(4.12004232, 11.5940361, 4.00999641)","(1.44925451, 1.44925451, 1.44925451)"
"Ground_Moss_ShootMat_03_LOD1_Mesh","Assets/ForestPrototype/Art/SectionFive/Ground_Moss_Shoots_03/FBX/Ground_Moss_ShootMat_03_LOD1.fbx","6","On","0","(1.20522022, 0.0283512864, 1.34137332)","(0.905056, 0.905056059, 0.905056)"
"Ground_Moss_ShootMat_03_LOD2_Mesh","Assets/ForestPrototype/Art/SectionFive/Ground_Moss_Shoots_03/FBX/Ground_Moss_ShootMat_03_LOD2.fbx","2","On","0","(1.23087919, 0.03856884, 1.48117959)","(1.11598325, 1.115983, 1.11598325)"
"LOD2 Material0","","1","On","0","(3.7853663, 11.3317661, 3.68347979)","(1.41647077, 1.41647077, 1.41647077)"
"Ground_Moss_ShootMat_03_LOD0_Mesh","Assets/ForestPrototype/Art/SectionFive/Ground_Moss_Shoots_03/FBX/Ground_Moss_ShootMat_03_LOD0.fbx","6","On","0","(1.59614813, 0.031114798, 1.44116211)","(1.07273746, 1.07273746, 1.07273746)"
"Ground_Moss_ShootMat_03_LOD0_Mesh","Assets/ForestPrototype/Art/SectionFive/Ground_Moss_Shoots_03/FBX/Ground_Moss_ShootMat_03_LOD0.fbx","6","On","0","(1.61752379, 0.0307802, 1.49602938)","(1.06120145, 1.06120157, 1.06120145)"
"LOD1 Material1","","1","On","0","(3.86191869, 12.9696255, 4.32811069)","(1.10890269, 1.10890269, 1.10890269)"
"LOD1 Material1","","1","On","0","(3.541121, 11.8922787, 3.96858764)","(1.01678956, 1.01678956, 1.01678956)"
"Trunk","Library/unity default resources","1","On","1","(0.105389155, 8.480009, 0.105389163)","(0.105389141, 4.24000454, 0.105389141)"
"LOD0 Material0","","1","On","0","(3.89335465, 10.9561234, 3.78936315)","(1.36951542, 1.36951542, 1.36951542)"
"Ground_Moss_ShootMat_03_LOD2_Mesh","Assets/ForestPrototype/Art/SectionFive/Ground_Moss_Shoots_03/FBX/Ground_Moss_ShootMat_03_LOD2.fbx","2","On","0","(1.16878092, 0.0312349778, 0.956508338)","(0.903779149, 0.9037789, 0.903779149)"
"Ground_Moss_ShootMat_03_LOD1_Mesh","Assets/ForestPrototype/Art/SectionFive/Ground_Moss_Shoots_03/FBX/Ground_Moss_ShootMat_03_LOD1.fbx","6","On","0","(1.19131768, 0.0332228281, 1.420865)","(1.06056988, 1.06056988, 1.06056988)"
"LOD0 Material0","","1","On","0","(3.935249, 11.0740166, 3.83013868)","(1.38425207, 1.38425207, 1.38425207)"
"LOD1 Material0","","1","On","0","(3.87345, 13.8495569, 3.89802122)","(1.15412974, 1.15412974, 1.15412974)"
"LOD0 Material1","","1","On","0","(4.39444542, 10.3420439, 4.276907)","(1.33663714, 1.33663714, 1.33663714)"
"Ground_Moss_ShootMat_03_LOD1_Mesh","Assets/ForestPrototype/Art/SectionFive/Ground_Moss_Shoots_03/FBX/Ground_Moss_ShootMat_03_LOD1.fbx","6","On","0","(1.33798051, 0.0268150568, 1.30065334)","(0.856015146, 0.8560151, 0.856015146)"
"LOD0 Material1","","1","On","0","(4.61211157, 10.8543072, 4.48875141)","(1.40284359, 1.40284359, 1.40284359)"
"Ground_Moss_ShootMat_03_LOD1_Mesh","Assets/ForestPrototype/Art/SectionFive/Ground_Moss_Shoots_03/FBX/Ground_Moss_ShootMat_03_LOD1.fbx","6","On","0","(1.07030749, 0.0223022979, 0.973840654)","(0.711954653, 0.711954653, 0.711954653)"
"LOD2 Material1","","1","On","0","(3.75860357, 8.724291, 3.66688919)","(1.1244303, 1.1244303, 1.1244303)"
"LOD0 Material0","","1","On","0","(3.48857975, 9.817063, 3.39539981)","(1.22713292, 1.22713292, 1.22713292)"
"LOD1 Material0","","1","On","0","(3.47244334, 12.4157543, 3.49447083)","(1.03464615, 1.03464615, 1.03464615)"
"Ground_Moss_ShootMat_03_LOD0_Mesh","Assets/ForestPrototype/Art/SectionFive/Ground_Moss_Shoots_03/FBX/Ground_Moss_ShootMat_03_LOD0.fbx","6","On","0","(1.217431, 0.02863201, 0.972647369)","(0.987138867, 0.9871389, 0.987138867)"
"LOD2 Material1","","1","On","0","(3.58438587, 11.910965, 4.047427)","(1.02053475, 1.02053475, 1.02053475)"
"LOD0 Material1","","1","On","0","(4.89243126, 11.5140219, 4.76157331)","(1.48810709, 1.48810709, 1.48810709)"
"LOD0 Material1","","1","On","0","(3.75110555, 12.5974779, 4.203921)","(1.07708406, 1.07708406, 1.07708406)"
"Ground_Moss_ShootMat_03_LOD1_Mesh","Assets/ForestPrototype/Art/SectionFive/Ground_Moss_Shoots_03/FBX/Ground_Moss_ShootMat_03_LOD1.fbx","6","On","0","(1.26900947, 0.0319468677, 1.01837623)","(1.01983762, 1.0198375, 1.01983762)"
"Ground_Moss_ShootMat_03_LOD2_Mesh","Assets/ForestPrototype/Art/SectionFive/Ground_Moss_Shoots_03/FBX/Ground_Moss_ShootMat_03_LOD2.fbx","2","On","0","(1.14310217, 0.033309076, 1.33818352)","(0.963792562, 0.9637926, 0.963792562)"
"Ground_Moss_ShootMat_03_LOD0_Mesh","Assets/ForestPrototype/Art/SectionFive/Ground_Moss_Shoots_03/FBX/Ground_Moss_ShootMat_03_LOD0.fbx","6","On","0","(1.34926033, 0.02516415, 1.33799791)","(0.8675784, 0.8675784, 0.8675784)"
"Ground_Moss_ShootMat_03_LOD0_Mesh","Assets/ForestPrototype/Art/SectionFive/Ground_Moss_Shoots_03/FBX/Ground_Moss_ShootMat_03_LOD0.fbx","6","On","0","(0.971824, 0.021216305, 0.8114207)","(0.731469452, 0.731469452, 0.731469452)"
"Ground_Moss_ShootMat_03_LOD1_Mesh","Assets/ForestPrototype/Art/SectionFive/Ground_Moss_Shoots_03/FBX/Ground_Moss_ShootMat_03_LOD1.fbx","6","On","0","(1.18242776, 0.02684732, 1.00969529)","(0.857045, 0.857045054, 0.857045)"
"Trunk","Library/unity default resources","1","On","1","(0.167311609, 12.1074362, 0.167311639)","(0.1673116, 6.053718, 0.1673116)"
"Ground_Moss_ShootMat_03_LOD2_Mesh","Assets/ForestPrototype/Art/SectionFive/Ground_Moss_Shoots_03/FBX/Ground_Moss_ShootMat_03_LOD2.fbx","2","On","0","(1.30356169, 0.0341790579, 1.461743)","(0.988965333, 0.9889654, 0.988965333)"
"Dirt Path 20","Library/unity default resources","1","Off","0","(2.624972, 0.012, 0.7200347)","(2.6, 0.012, 0.600535)"
"LOD0 Material1","","1","On","0","(3.69481683, 8.695513, 3.59599161)","(1.12383449, 1.12383449, 1.12383449)"
"LOD0 Material1","","1","On","0","(4.73679161, 11.1477337, 4.61009645)","(1.44076693, 1.44076693, 1.44076693)"
"Ground_Moss_ShootMat_03_LOD1_Mesh","Assets/ForestPrototype/Art/SectionFive/Ground_Moss_Shoots_03/FBX/Ground_Moss_ShootMat_03_LOD1.fbx","6","On","0","(1.15354073, 0.02515622, 1.23552322)","(0.803060055, 0.8030602, 0.803060055)"
"Trunk","Library/unity default resources","1","On","1","(0.195624784, 14.1357937, 0.1956248)","(0.195624754, 7.067897, 0.195624754)"
"LOD2 Material1","","1","On","0","(3.648976, 8.469828, 3.55993652)","(1.09163392, 1.09163392, 1.09163392)"
"LOD1 Material1","","1","On","0","(3.902808, 9.185007, 3.79841948)","(1.18709815, 1.18709815, 1.18709815)"
"LOD0 Material1","","1","On","0","(3.7802937, 12.6955013, 4.23663235)","(1.08546507, 1.08546507, 1.08546507)"
"LOD1 Material0","","1","On","0","(3.653128, 13.0617924, 3.67630148)","(1.08848274, 1.08848274, 1.08848274)"
"Ground_Moss_ShootMat_03_LOD0_Mesh","Assets/ForestPrototype/Art/SectionFive/Ground_Moss_Shoots_03/FBX/Ground_Moss_ShootMat_03_LOD0.fbx","6","On","0","(1.43241191, 0.026658684, 1.40903211)","(0.9191052, 0.919105053, 0.9191052)"
"LOD2 Material0","","1","On","0","(3.76861, 13.475421, 3.792827)","(1.12295175, 1.12295175, 1.12295175)"
"LOD1 Material0","","1","On","0","(3.963004, 14.1697578, 3.98814344)","(1.18081319, 1.18081319, 1.18081319)"
"LOD2 Material1","","1","On","0","(4.81772661, 11.1826754, 4.700168)","(1.44127929, 1.44127929, 1.44127929)"
"LOD0 Material0","","1","On","0","(4.182864, 11.77082, 4.07114)","(1.47135246, 1.47135246, 1.47135246)"
"LOD0 Material0","","1","On","0","(4.04982471, 11.3964386, 3.94165373)","(1.42455482, 1.42455482, 1.42455482)"
"LOD0 Material1","","1","On","0","(3.50037, 11.7554235, 3.9229176)","(1.00508845, 1.00508845, 1.00508845)"
"LOD2 Material0","","1","On","0","(3.78394079, 11.3274984, 3.68209243)","(1.4159373, 1.4159373, 1.4159373)"
"LOD0 Material1","","1","On","0","(4.033691, 13.5464945, 4.520618)","(1.15822494, 1.15822494, 1.15822494)"
"Ground_Moss_ShootMat_03_LOD0_Mesh","Assets/ForestPrototype/Art/SectionFive/Ground_Moss_Shoots_03/FBX/Ground_Moss_ShootMat_03_LOD0.fbx","6","On","0","(1.41660428, 0.0264511537, 1.35054183)","(0.9119503, 0.9119501, 0.9119503)"
"LOD0 Material0","","1","On","0","(3.721717, 13.3068323, 3.82500386)","(1.10890269, 1.10890269, 1.10890269)"
"LOD0 Material1","","1","On","0","(4.0195303, 13.4989386, 4.50474834)","(1.154159, 1.154159, 1.154159)"
"Ground_Moss_ShootMat_03_LOD2_Mesh","Assets/ForestPrototype/Art/SectionFive/Ground_Moss_Shoots_03/FBX/Ground_Moss_ShootMat_03_LOD2.fbx","2","On","0","(0.949433148, 0.0329122953, 1.18589592)","(0.9523117, 0.952311754, 0.9523117)"
"Ground_Moss_ShootMat_03_LOD2_Mesh","Assets/ForestPrototype/Art/SectionFive/Ground_Moss_Shoots_03/FBX/Ground_Moss_ShootMat_03_LOD2.fbx","2","On","0","(0.6991127, 0.0245983321, 0.8780109)","(0.711748838, 0.71174866, 0.711748838)"
"LOD0 Material0","","1","On","0","(3.89954925, 10.9735556, 3.79539251)","(1.37169445, 1.37169445, 1.37169445)"
"LOD0 Material1","","1","On","0","(3.49983716, 11.7536335, 3.92232013)","(1.00493538, 1.00493538, 1.00493538)"
"LOD2 Material0","","1","On","0","(3.24864531, 9.725053, 3.16120481)","(1.2156316, 1.2156316, 1.2156316)"
"LOD2 Material0","","1","On","0","(3.97680664, 11.9048567, 3.86976719)","(1.48810709, 1.48810709, 1.48810709)"
"LOD1 Material1","","1","On","0","(3.624163, 12.1711617, 4.061654)","(1.040634, 1.040634, 1.040634)"
"LOD1 Material0","","1","On","0","(3.361954, 12.0206985, 3.38328052)","(1.00172484, 1.00172484, 1.00172484)"
"LOD0 Material0","","1","On","0","(3.2436, 9.127676, 3.15696335)","(1.1409595, 1.1409595, 1.1409595)"
"Ground_Moss_ShootMat_03_LOD0_Mesh","Assets/ForestPrototype/Art/SectionFive/Ground_Moss_Shoots_03/FBX/Ground_Moss_ShootMat_03_LOD0.fbx","6","On","0","(1.67570376, 0.0311645884, 1.63971162)","(1.07445407, 1.07445407, 1.07445407)"
"Ground_Moss_ShootMat_03_LOD0_Mesh","Assets/ForestPrototype/Art/SectionFive/Ground_Moss_Shoots_03/FBX/Ground_Moss_ShootMat_03_LOD0.fbx","6","On","0","(1.15453887, 0.0226112548, 1.03827286)","(0.7795627, 0.779562831, 0.7795627)"
"LOD1 Material1","","1","On","0","(4.64153242, 10.9235468, 4.517385)","(1.41179228, 1.41179228, 1.41179228)"
"LOD0 Material0","","1","On","0","(3.49259257, 12.487608, 3.58952069)","(1.040634, 1.040634, 1.040634)"
"Trunk","Library/unity default resources","1","On","1","(0.187239528, 13.08885, 0.187239558)","(0.187239513, 6.544425, 0.187239513)"
"LOD0 Material0","","1","On","0","(4.196629, 11.8095551, 4.084537)","(1.47619438, 1.47619438, 1.47619438)"
"Ground_Moss_ShootMat_03_LOD1_Mesh","Assets/ForestPrototype/Art/SectionFive/Ground_Moss_Shoots_03/FBX/Ground_Moss_ShootMat_03_LOD1.fbx","6","On","0","(1.604208, 0.0351105258, 1.40375507)","(1.12083066, 1.12083077, 1.12083066)"
"Ground_Moss_ShootMat_03_LOD2_Mesh","Assets/ForestPrototype/Art/SectionFive/Ground_Moss_Shoots_03/FBX/Ground_Moss_ShootMat_03_LOD2.fbx","2","On","0","(1.27472436, 0.0318719223, 1.08583212)","(0.9222088, 0.9222087, 0.9222088)"
"Ground_Moss_ShootMat_03_LOD0_Mesh","Assets/ForestPrototype/Art/SectionFive/Ground_Moss_Shoots_03/FBX/Ground_Moss_ShootMat_03_LOD0.fbx","6","On","0","(1.20481372, 0.0264909863, 1.34556293)","(0.913323462, 0.9133234, 0.913323462)"
"Ground_Moss_ShootMat_03_LOD0_Mesh","Assets/ForestPrototype/Art/SectionFive/Ground_Moss_Shoots_03/FBX/Ground_Moss_ShootMat_03_LOD0.fbx","6","On","0","(1.191106, 0.02352582, 1.06374645)","(0.811094046, 0.811094046, 0.811094046)"
"Ground_Moss_ShootMat_03_LOD0_Mesh","Assets/ForestPrototype/Art/SectionFive/Ground_Moss_Shoots_03/FBX/Ground_Moss_ShootMat_03_LOD0.fbx","6","On","0","(1.111275, 0.0214792024, 1.15379775)","(0.740533352, 0.7405333, 0.740533352)"
"Ground_Moss_ShootMat_03_LOD2_Mesh","Assets/ForestPrototype/Art/SectionFive/Ground_Moss_Shoots_03/FBX/Ground_Moss_ShootMat_03_LOD2.fbx","2","On","0","(1.36288047, 0.0326503031, 1.46222)","(0.944731, 0.944731057, 0.944731)"
"LOD1 Material0","","1","On","0","(3.90858817, 11.6997356, 3.8029182)","(1.462467, 1.462467, 1.462467)"
"Ground_Moss_ShootMat_03_LOD2_Mesh","Assets/ForestPrototype/Art/SectionFive/Ground_Moss_Shoots_03/FBX/Ground_Moss_ShootMat_03_LOD2.fbx","2","On","0","(1.05187953, 0.0289335344, 1.20356333)","(0.837187, 0.837187, 0.837187)"
"LOD1 Material0","","1","On","0","(3.89899063, 11.6710072, 3.79358)","(1.45887589, 1.45887589, 1.45887589)"
"Ground_Moss_ShootMat_03_LOD0_Mesh","Assets/ForestPrototype/Art/SectionFive/Ground_Moss_Shoots_03/FBX/Ground_Moss_ShootMat_03_LOD0.fbx","6","On","0","(1.23388982, 0.0229466483, 1.20663786)","(0.791126132, 0.7911261, 0.791126132)"
"LOD2 Material1","","1","On","0","(4.75122547, 11.0283165, 4.63528967)","(1.42138469, 1.42138469, 1.42138469)"
"Ground_Moss_ShootMat_03_LOD2_Mesh","Assets/ForestPrototype/Art/SectionFive/Ground_Moss_Shoots_03/FBX/Ground_Moss_ShootMat_03_LOD2.fbx","2","On","0","(1.53751433, 0.0337348133, 1.49709654)","(0.9761113, 0.976111233, 0.9761113)"
"LOD1 Material0","","1","On","0","(3.80282044, 11.3831367, 3.70000982)","(1.42289209, 1.42289209, 1.42289209)"
"LOD2 Material0","","1","On","0","(3.736864, 11.1865711, 3.636283)","(1.39832139, 1.39832139, 1.39832139)"
"LOD1 Material1","","1","On","0","(3.922822, 13.174159, 4.39636564)","(1.12639034, 1.12639034, 1.12639034)"
"ShadeFern_Clump_01_LOD2_Mesh","Assets/ForestPrototype/Art/SectionFive/Woodland_Assets/ShadeFern_Clump_01/ShadeFern_Clump_01_LOD2.fbx","2","On","0","(1.4542433, 0.6428407, 1.42106438)","(1.13391912, 1.133919, 1.13391912)"
"LOD1 Material0","","1","On","0","(3.79392266, 11.3565025, 3.69135261)","(1.41956282, 1.41956282, 1.41956282)"
"LOD2 Material0","","1","On","0","(3.92846656, 11.7601471, 3.8227284)","(1.47001839, 1.47001839, 1.47001839)"
"Ground_Moss_ShootMat_03_LOD1_Mesh","Assets/ForestPrototype/Art/SectionFive/Ground_Moss_Shoots_03/FBX/Ground_Moss_ShootMat_03_LOD1.fbx","6","On","0","(1.16038883, 0.0283112787, 0.948474348)","(0.903779149, 0.9037789, 0.903779149)"
"Ground_Moss_ShootMat_03_LOD2_Mesh","Assets/ForestPrototype/Art/SectionFive/Ground_Moss_Shoots_03/FBX/Ground_Moss_ShootMat_03_LOD2.fbx","2","On","0","(1.06048965, 0.03060373, 1.236808)","(0.885513842, 0.885513842, 0.885513842)"
"Ground_Moss_ShootMat_03_LOD2_Mesh","Assets/ForestPrototype/Art/SectionFive/Ground_Moss_Shoots_03/FBX/Ground_Moss_ShootMat_03_LOD2.fbx","2","On","0","(1.2228322, 0.0362716727, 1.44134784)","(1.04951477, 1.04951477, 1.04951477)"
"Ground_Moss_ShootMat_03_LOD1_Mesh","Assets/ForestPrototype/Art/SectionFive/Ground_Moss_Shoots_03/FBX/Ground_Moss_ShootMat_03_LOD1.fbx","6","On","0","(1.55743337, 0.0343241319, 1.35628712)","(1.09572709, 1.09572673, 1.09572709)"
"Ground_Moss_ShootMat_03_LOD0_Mesh","Assets/ForestPrototype/Art/SectionFive/Ground_Moss_Shoots_03/FBX/Ground_Moss_ShootMat_03_LOD0.fbx","6","On","0","(1.456537, 0.0271040164, 1.43166947)","(0.934458733, 0.9344587, 0.934458733)"
"Ground_Moss_ShootMat_03_LOD0_Mesh","Assets/ForestPrototype/Art/SectionFive/Ground_Moss_Shoots_03/FBX/Ground_Moss_ShootMat_03_LOD0.fbx","6","On","0","(1.16270041, 0.02162977, 1.12452531)","(0.7457243, 0.7457244, 0.7457243)"
"LOD2 Material0","","1","On","0","(2.69959736, 8.081439, 2.62693524)","(1.01017988, 1.01017988, 1.01017988)"
"LOD0 Material0","","1","On","0","(2.85207224, 8.025895, 2.77589345)","(1.00323689, 1.00323689, 1.00323689)"
"Ground_Moss_ShootMat_03_LOD0_Mesh","Assets/ForestPrototype/Art/SectionFive/Ground_Moss_Shoots_03/FBX/Ground_Moss_ShootMat_03_LOD0.fbx","6","On","0","(1.3418287, 0.03326339, 1.574633)","(1.14681411, 1.14681387, 1.14681411)"
"LOD0 Material0","","1","On","0","(3.41401124, 12.2066441, 3.50875878)","(1.01722038, 1.01722038, 1.01722038)"
"Ground_Moss_ShootMat_03_LOD1_Mesh","Assets/ForestPrototype/Art/SectionFive/Ground_Moss_Shoots_03/FBX/Ground_Moss_ShootMat_03_LOD1.fbx","6","On","0","(1.51877773, 0.03251558, 1.35066485)","(1.0379926, 1.0379926, 1.0379926)"
"LOD0 Material0","","1","On","0","(3.63540149, 12.9982147, 3.736293)","(1.0831846, 1.0831846, 1.0831846)"
"LOD0 Material0","","1","On","0","(3.38339067, 12.0971622, 3.47728825)","(1.00809681, 1.00809681, 1.00809681)"
"LOD1 Material1","","1","On","0","(4.70208, 11.0660419, 4.5763135)","(1.4302088, 1.4302088, 1.4302088)"
"LOD1 Material0","","1","On","0","(3.85960531, 11.553113, 3.75525951)","(1.44413912, 1.44413912, 1.44413912)"
"LOD1 Material0","","1","On","0","(3.76881146, 13.475421, 3.792719)","(1.12295175, 1.12295175, 1.12295175)"
"Dirt Path 39","Library/unity default resources","1","Off","0","(2.60563827, 0.012, 1.82172561)","(2.6, 0.012, 0.66801697)"
"LOD2 Material0","","1","On","0","(4.34176064, 15.5248356, 4.36966038)","(1.29373634, 1.29373634, 1.29373634)"
"Ground_Moss_ShootMat_03_LOD1_Mesh","Assets/ForestPrototype/Art/SectionFive/Ground_Moss_Shoots_03/FBX/Ground_Moss_ShootMat_03_LOD1.fbx","6","On","0","(1.18451607, 0.0241207387, 1.105723)","(0.7700047, 0.7700046, 0.7700047)"
"LOD0 Material1","","1","On","0","(3.946555, 13.2538624, 4.42296362)","(1.13320494, 1.13320494, 1.13320494)"
"Ground_Moss_ShootMat_03_LOD0_Mesh","Assets/ForestPrototype/Art/SectionFive/Ground_Moss_Shoots_03/FBX/Ground_Moss_ShootMat_03_LOD0.fbx","6","On","0","(1.43824935, 0.028980149, 1.53677845)","(0.999141634, 0.999141634, 0.999141634)"
"LOD1 Material0","","1","On","0","(3.49712229, 12.503994, 3.51930618)","(1.04199946, 1.04199946, 1.04199946)"
"Ground_Moss_ShootMat_03_LOD0_Mesh","Assets/ForestPrototype/Art/SectionFive/Ground_Moss_Shoots_03/FBX/Ground_Moss_ShootMat_03_LOD0.fbx","6","On","0","(1.00798368, 0.0204311945, 0.882943869)","(0.7044015, 0.704401433, 0.7044015)"
"Ground_Moss_ShootMat_03_LOD1_Mesh","Assets/ForestPrototype/Art/SectionFive/Ground_Moss_Shoots_03/FBX/Ground_Moss_ShootMat_03_LOD1.fbx","6","On","0","(1.71201992, 0.0357265659, 1.78003573)","(1.14049649, 1.14049661, 1.14049649)"
"Trunk","Library/unity default resources","1","On","1","(0.170797437, 12.671793, 0.170797467)","(0.170797423, 6.33589649, 0.170797423)"
"Ground_Moss_ShootMat_03_LOD2_Mesh","Assets/ForestPrototype/Art/SectionFive/Ground_Moss_Shoots_03/FBX/Ground_Moss_ShootMat_03_LOD2.fbx","2","On","0","(1.59890175, 0.0373585559, 1.68949544)","(1.08096373, 1.08096361, 1.08096373)"
"Habitat view: GenericHerbs","","1","Off","0","(0, 0, 0)","(1, 1, 1)"
"LOD2 Material0","","1","On","0","(2.92956877, 8.769875, 2.85071659)","(1.09623432, 1.09623432, 1.09623432)"
"Ground_Moss_ShootMat_03_LOD2_Mesh","Assets/ForestPrototype/Art/SectionFive/Ground_Moss_Shoots_03/FBX/Ground_Moss_ShootMat_03_LOD2.fbx","2","On","0","(1.766706, 0.038809, 1.70235813)","(1.122932, 1.122932, 1.122932)"
"LOD1 Material1","","1","On","0","(3.88269567, 13.0394011, 4.35139561)","(1.11486852, 1.11486852, 1.11486852)"
"Ground_Moss_ShootMat_03_LOD0_Mesh","Assets/ForestPrototype/Art/SectionFive/Ground_Moss_Shoots_03/FBX/Ground_Moss_ShootMat_03_LOD0.fbx","6","On","0","(1.00142419, 0.0211071614, 0.854588151)","(0.7277066, 0.727706552, 0.7277066)"
"Ground_Moss_ShootMat_03_LOD2_Mesh","Assets/ForestPrototype/Art/SectionFive/Ground_Moss_Shoots_03/FBX/Ground_Moss_ShootMat_03_LOD2.fbx","2","On","0","(1.13389683, 0.0255808, 1.04406881)","(0.7401762, 0.7401762, 0.7401762)"
"LOD2 Material0","","1","On","0","(3.88984752, 11.6445379, 3.78514862)","(1.45556724, 1.45556724, 1.45556724)"
"Ground_Moss_ShootMat_03_LOD2_Mesh","Assets/ForestPrototype/Art/SectionFive/Ground_Moss_Shoots_03/FBX/Ground_Moss_ShootMat_03_LOD2.fbx","2","On","0","(1.14108157, 0.02656042, 1.20268226)","(0.7685214, 0.768521369, 0.7685214)"
"Ground_Moss_ShootMat_03_LOD1_Mesh","Assets/ForestPrototype/Art/SectionFive/Ground_Moss_Shoots_03/FBX/Ground_Moss_ShootMat_03_LOD1.fbx","6","On","0","(1.77857733, 0.0357949734, 1.69560432)","(1.14268041, 1.14268029, 1.14268041)"
"LOD1 Material1","","1","On","0","(4.295685, 10.1096172, 4.180788)","(1.30659759, 1.30659759, 1.30659759)"
"Trunk","Library/unity default resources","1","On","1","(0.17710264, 13.4533043, 0.17710267)","(0.177102625, 6.726652, 0.177102625)"
"Trunk","Library/unity default resources","1","On","1","(0.194233581, 13.475421, 0.1942336)","(0.194233552, 6.73771048, 0.194233552)"
"LOD2 Material1","","1","On","0","(3.5712316, 11.8672543, 4.0325737)","(1.01678956, 1.01678956, 1.01678956)"
"Ground_Moss_ShootMat_03_LOD0_Mesh","Assets/ForestPrototype/Art/SectionFive/Ground_Moss_Shoots_03/FBX/Ground_Moss_ShootMat_03_LOD0.fbx","6","On","0","(1.32027328, 0.02690047, 1.41983247)","(0.9274411, 0.927441061, 0.9274411)"
"Ground_Moss_ShootMat_03_LOD2_Mesh","Assets/ForestPrototype/Art/SectionFive/Ground_Moss_Shoots_03/FBX/Ground_Moss_ShootMat_03_LOD2.fbx","2","On","0","(0.980810761, 0.02527989, 0.820064)","(0.731469452, 0.731469452, 0.731469452)"
"LOD1 Material0","","1","On","0","(2.941097, 8.803705, 2.86158347)","(1.10046315, 1.10046315, 1.10046315)"
"LOD2 Material0","","1","On","0","(3.38726783, 10.14003, 3.29609656)","(1.26750374, 1.26750374, 1.26750374)"
"Ground_Moss_ShootMat_03_LOD0_Mesh","Assets/ForestPrototype/Art/SectionFive/Ground_Moss_Shoots_03/FBX/Ground_Moss_ShootMat_03_LOD0.fbx","6","On","0","(1.512557, 0.0281297155, 1.47962761)","(0.969821453, 0.969821453, 0.969821453)"
"Bramble_Clump_01_LOD0_Mesh","Assets/ForestPrototype/Art/SectionFive/Woodland_Assets/Bramble_Clump_01/Bramble_Clump_01_LOD0.fbx","2","On","0","(1.42114007, 0.759197056, 1.57856345)","(0.8381375, 0.8381375, 0.8381375)"
"LOD0 Material1","","1","On","0","(4.1311655, 13.873847, 4.62985945)","(1.18621361, 1.18621361, 1.18621361)"
"LOD1 Material0","","1","On","0","(4.065927, 14.53776, 4.091719)","(1.21148, 1.21148, 1.21148)"
"LOD2 Material1","","1","On","0","(3.818776, 8.863959, 3.72559285)","(1.1424315, 1.1424315, 1.1424315)"
"LOD2 Material0","","1","On","0","(4.010375, 14.339901, 4.03614569)","(1.19499171, 1.19499171, 1.19499171)"
"LOD0 Material0","","1","On","0","(3.58454442, 12.8163786, 3.68402457)","(1.06803155, 1.06803155, 1.06803155)"
"LOD2 Material1","","1","On","0","(3.91213751, 13.00009, 4.417519)","(1.11385119, 1.11385119, 1.11385119)"
"Trunk","Library/unity default resources","1","On","1","(0.137501329, 10.3109636, 0.137501344)","(0.137501314, 5.155482, 0.137501314)"
"LOD2 Material1","","1","On","0","(4.34507132, 10.0855713, 4.239046)","(1.299879, 1.299879, 1.299879)"
"Ground_Moss_ShootMat_03_LOD2_Mesh","Assets/ForestPrototype/Art/SectionFive/Ground_Moss_Shoots_03/FBX/Ground_Moss_ShootMat_03_LOD2.fbx","2","On","0","(1.08398867, 0.0258067232, 1.15879655)","(0.7467133, 0.7467132, 0.7467133)"
"Ground_Moss_ShootMat_03_LOD2_Mesh","Assets/ForestPrototype/Art/SectionFive/Ground_Moss_Shoots_03/FBX/Ground_Moss_ShootMat_03_LOD2.fbx","2","On","0","(1.73822761, 0.0383505151, 1.73506951)","(1.10966575, 1.10966575, 1.10966575)"
"Ground_Moss_ShootMat_03_LOD0_Mesh","Assets/ForestPrototype/Art/SectionFive/Ground_Moss_Shoots_03/FBX/Ground_Moss_ShootMat_03_LOD0.fbx","6","On","0","(1.49116218, 0.03139004, 1.273537)","(1.08222735, 1.082227, 1.08222735)"
"Ground_Moss_ShootMat_03_LOD2_Mesh","Assets/ForestPrototype/Art/SectionFive/Ground_Moss_Shoots_03/FBX/Ground_Moss_ShootMat_03_LOD2.fbx","2","On","0","(1.30597, 0.0286952723, 1.2883234)","(0.830293, 0.83029294, 0.830293)"
"ShadeFern_Clump_01_LOD1_Mesh","Assets/ForestPrototype/Art/SectionFive/Woodland_Assets/ShadeFern_Clump_01/ShadeFern_Clump_01_LOD1.fbx","2","On","0","(1.3068186, 0.544553936, 1.282155)","(0.9572852, 0.9572851, 0.9572852)"
"LOD1 Material0","","1","On","0","(3.42493415, 10.2519941, 3.33233976)","(1.28149927, 1.28149927, 1.28149927)"
"LOD2 Material0","","1","On","0","(3.50814652, 12.5440826, 3.53069)","(1.04534018, 1.04534018, 1.04534018)"
"Ground_Moss_ShootMat_03_LOD2_Mesh","Assets/ForestPrototype/Art/SectionFive/Ground_Moss_Shoots_03/FBX/Ground_Moss_ShootMat_03_LOD2.fbx","2","On","0","(1.587316, 0.0349816456, 1.51322532)","(1.012188, 1.01218808, 1.012188)"
"LOD1 Material1","","1","On","0","(4.847644, 11.4086161, 4.71798372)","(1.47448421, 1.47448421, 1.47448421)"
"Ground_Moss_ShootMat_03_LOD1_Mesh","Assets/ForestPrototype/Art/SectionFive/Ground_Moss_Shoots_03/FBX/Ground_Moss_ShootMat_03_LOD1.fbx","6","On","0","(1.16136241, 0.025810549, 1.00564873)","(0.823948264, 0.823948264, 0.823948264)"
"Ground_Moss_ShootMat_03_LOD2_Mesh","Assets/ForestPrototype/Art/SectionFive/Ground_Moss_Shoots_03/FBX/Ground_Moss_ShootMat_03_LOD2.fbx","2","On","0","(1.14341855, 0.0260179285, 1.18477714)","(0.752824366, 0.7528244, 0.752824366)"
"Ground_Moss_ShootMat_03_LOD0_Mesh","Assets/ForestPrototype/Art/SectionFive/Ground_Moss_Shoots_03/FBX/Ground_Moss_ShootMat_03_LOD0.fbx","6","On","0","(1.13285315, 0.0288825575, 1.34385359)","(0.995777369, 0.995777, 0.995777369)"
"Trunk","Library/unity default resources","1","On","1","(0.12352059, 9.382981, 0.123520605)","(0.123520575, 4.69149065, 0.123520575)"
"Ground_Moss_ShootMat_03_LOD1_Mesh","Assets/ForestPrototype/Art/SectionFive/Ground_Moss_Shoots_03/FBX/Ground_Moss_ShootMat_03_LOD1.fbx","6","On","0","(1.10675764, 0.02303062, 1.00830007)","(0.735205, 0.7352048, 0.735205)"
"LOD1 Material0","","1","On","0","(3.45213532, 10.3334169, 3.35880566)","(1.29167712, 1.29167712, 1.29167712)"
"LOD1 Material0","","1","On","0","(3.72166061, 13.3068323, 3.74526882)","(1.10890269, 1.10890269, 1.10890269)"
"LOD0 Material1","","1","On","0","(3.400509, 8.002878, 3.30955553)","(1.0343163, 1.0343163, 1.0343163)"
"Ground_Moss_ShootMat_03_LOD0_Mesh","Assets/ForestPrototype/Art/SectionFive/Ground_Moss_Shoots_03/FBX/Ground_Moss_ShootMat_03_LOD0.fbx","6","On","0","(1.61563861, 0.03028428, 1.62030113)","(1.04410386, 1.04410386, 1.04410386)"
"LOD2 Material1","","1","On","0","(4.828846, 11.2084856, 4.711016)","(1.44460583, 1.44460583, 1.44460583)"
"LOD0 Material1","","1","On","0","(3.92747641, 9.243062, 3.822428)","(1.19460142, 1.19460142, 1.19460142)"
"LOD1 Material1","","1","On","0","(4.29857445, 10.1164179, 4.18360043)","(1.30747652, 1.30747652, 1.30747652)"
"LOD2 Material0","","1","On","0","(3.72146153, 13.3068323, 3.74537539)","(1.10890269, 1.10890269, 1.10890269)"
"Ground_Moss_ShootMat_03_LOD2_Mesh","Assets/ForestPrototype/Art/SectionFive/Ground_Moss_Shoots_03/FBX/Ground_Moss_ShootMat_03_LOD2.fbx","2","On","0","(1.15869379, 0.0270606745, 1.22397673)","(0.7829962, 0.7829961, 0.7829962)"
"Ground_Moss_ShootMat_03_LOD0_Mesh","Assets/ForestPrototype/Art/SectionFive/Ground_Moss_Shoots_03/FBX/Ground_Moss_ShootMat_03_LOD0.fbx","6","On","0","(1.19022584, 0.0234987345, 1.06331086)","(0.8101603, 0.8101602, 0.8101603)"
"LOD2 Material0","","1","On","0","(3.759616, 11.2546806, 3.65842247)","(1.40683508, 1.40683508, 1.40683508)"
"LOD2 Material0","","1","On","0","(3.76242447, 13.4533043, 3.78660178)","(1.12110865, 1.12110865, 1.12110865)"
"Ground_Moss_ShootMat_03_LOD0_Mesh","Assets/ForestPrototype/Art/SectionFive/Ground_Moss_Shoots_03/FBX/Ground_Moss_ShootMat_03_LOD0.fbx","6","On","0","(1.60253358, 0.03156491, 1.687659)","(1.08825588, 1.08825588, 1.08825588)"
"Ground_Moss_ShootMat_03_LOD2_Mesh","Assets/ForestPrototype/Art/SectionFive/Ground_Moss_Shoots_03/FBX/Ground_Moss_ShootMat_03_LOD2.fbx","2","On","0","(1.78795218, 0.03957504, 1.79571187)","(1.14509726, 1.14509726, 1.14509726)"
"Ground_Moss_ShootMat_03_LOD1_Mesh","Assets/ForestPrototype/Art/SectionFive/Ground_Moss_Shoots_03/FBX/Ground_Moss_ShootMat_03_LOD1.fbx","6","On","0","(0.731286168, 0.0220338553, 0.8977874)","(0.7033851, 0.7033852, 0.7033851)"
"LOD1 Material0","","1","On","0","(3.68799067, 13.1864452, 3.71138525)","(1.0988704, 1.0988704, 1.0988704)"
"LOD2 Material1","","1","On","0","(4.06799, 13.5179882, 4.593505)","(1.15822494, 1.15822494, 1.15822494)"
"Ground_Moss_ShootMat_03_LOD2_Mesh","Assets/ForestPrototype/Art/SectionFive/Ground_Moss_Shoots_03/FBX/Ground_Moss_ShootMat_03_LOD2.fbx","2","On","0","(1.11572289, 0.02654286, 0.9822879)","(0.768013239, 0.768013239, 0.768013239)"
"LOD2 Material0","","1","On","0","(3.44436812, 10.3109636, 3.35165977)","(1.28887045, 1.28887045, 1.28887045)"
"LOD0 Material1","","1","On","0","(3.902808, 9.185007, 3.79841948)","(1.18709815, 1.18709815, 1.18709815)"
"Ground_Moss_ShootMat_03_LOD2_Mesh","Assets/ForestPrototype/Art/SectionFive/Ground_Moss_Shoots_03/FBX/Ground_Moss_ShootMat_03_LOD2.fbx","2","On","0","(1.56679773, 0.036345236, 1.40610754)","(1.05164337, 1.05164337, 1.05164337)"
"Ground_Moss_ShootMat_03_LOD1_Mesh","Assets/ForestPrototype/Art/SectionFive/Ground_Moss_Shoots_03/FBX/Ground_Moss_ShootMat_03_LOD1.fbx","6","On","0","(0.6931689, 0.0222958457, 0.871765435)","(0.711748838, 0.71174866, 0.711748838)"
"LOD0 Material1","","1","On","0","(3.62392139, 12.17035, 4.06138325)","(1.04056466, 1.04056466, 1.04056466)"
"LOD2 Material1","","1","On","0","(4.238544, 14.0847425, 4.786092)","(1.20678461, 1.20678461, 1.20678461)"
"Ground_Moss_ShootMat_03_LOD2_Mesh","Assets/ForestPrototype/Art/SectionFive/Ground_Moss_Shoots_03/FBX/Ground_Moss_ShootMat_03_LOD2.fbx","2","On","0","(1.35599637, 0.03963437, 1.589299)","(1.14681411, 1.14681387, 1.14681411)"
"Ground_Moss_ShootMat_03_LOD2_Mesh","Assets/ForestPrototype/Art/SectionFive/Ground_Moss_Shoots_03/FBX/Ground_Moss_ShootMat_03_LOD2.fbx","2","On","0","(1.45194232, 0.0391697139, 1.64805388)","(1.13336909, 1.13336921, 1.13336909)"
"Ground_Moss_ShootMat_03_LOD0_Mesh","Assets/ForestPrototype/Art/SectionFive/Ground_Moss_Shoots_03/FBX/Ground_Moss_ShootMat_03_LOD0.fbx","6","On","0","(1.73000526, 0.03222574, 1.70856988)","(1.11103916, 1.11103916, 1.11103916)"
"LOD1 Material0","","1","On","0","(3.37239385, 12.0580254, 3.39378667)","(1.00483549, 1.00483549, 1.00483549)"
"Trunk","Library/unity default resources","1","On","1","(0.168931633, 12.7161131, 0.168931663)","(0.168931618, 6.35805655, 0.168931618)"
"Ground_Moss_ShootMat_03_LOD1_Mesh","Assets/ForestPrototype/Art/SectionFive/Ground_Moss_Shoots_03/FBX/Ground_Moss_ShootMat_03_LOD1.fbx","6","On","0","(1.28826392, 0.030326318, 1.43426144)","(0.968104839, 0.968104839, 0.968104839)"
"Corner Post B","Library/unity default resources","1","On","0","(0.1, 0.9, 0.1)","(0.1, 0.9, 0.1)"
"LOD0 Material1","","1","On","0","(3.48522663, 11.704566, 3.905946)","(1.00074017, 1.00074017, 1.00074017)"
"LOD1 Material1","","1","On","0","(4.256859, 14.2959681, 4.770726)","(1.22230494, 1.22230494, 1.22230494)"
"LOD1 Material0","","1","On","0","(2.68125033, 8.025895, 2.60876179)","(1.00323689, 1.00323689, 1.00323689)"
"Ground_Moss_ShootMat_03_LOD0_Mesh","Assets/ForestPrototype/Art/SectionFive/Ground_Moss_Shoots_03/FBX/Ground_Moss_ShootMat_03_LOD0.fbx","6","On","0","(0.691583931, 0.0206443015, 0.8701)","(0.711748838, 0.71174866, 0.711748838)"
"LOD0 Material0","","1","On","0","(3.41256523, 12.2014751, 3.50727272)","(1.01678956, 1.01678956, 1.01678956)"
"LOD2 Material0","","1","On","0","(2.9837234, 8.931991, 2.90341377)","(1.11649883, 1.11649883, 1.11649883)"
"Ground_Moss_ShootMat_03_LOD2_Mesh","Assets/ForestPrototype/Art/SectionFive/Ground_Moss_Shoots_03/FBX/Ground_Moss_ShootMat_03_LOD2.fbx","2","On","0","(1.09190369, 0.0261161756, 0.9576671)","(0.7556672, 0.7556672, 0.7556672)"
"Trunk","Library/unity default resources","1","On","1","(0.192272961, 14.4409218, 0.192272976)","(0.192272931, 7.220461, 0.192272931)"
"Trunk","Library/unity default resources","1","On","1","(0.151271552, 11.5647182, 0.151271567)","(0.151271537, 5.782359, 0.151271537)"
"Woodland_Rush_Clump_01_LOD0_Foliage","Assets/ForestPrototype/Art/SectionFive/Woodland_Grass_Rush/FBX/Woodland_Rush_Clump_01_LOD0.fbx","3","On","0","(0.6433573, 0.8400959, 0.756262064)","(1, 1, 1)"
"LOD1 Material0","","1","On","0","(3.75990653, 11.2546806, 3.658256)","(1.40683508, 1.40683508, 1.40683508)"
"LOD2 Material0","","1","On","0","(3.075176, 9.20576, 2.9924047)","(1.15072, 1.15072, 1.15072)"
"LOD0 Material1","","1","On","0","(4.377644, 10.3025036, 4.26055527)","(1.33152676, 1.33152676, 1.33152676)"
"LOD1 Material0","","1","On","0","(3.39837551, 12.1509228, 3.419933)","(1.01257694, 1.01257694, 1.01257694)"
"Ground_Moss_ShootMat_03_LOD2_Mesh","Assets/ForestPrototype/Art/SectionFive/Ground_Moss_Shoots_03/FBX/Ground_Moss_ShootMat_03_LOD2.fbx","2","On","0","(1.60365212, 0.0391455069, 1.73825)","(1.13266873, 1.13266873, 1.13266873)"
"Dirt Path 32","Library/unity default resources","1","Off","0","(2.636237, 0.012, 1.66306007)","(2.6, 0.012, 0.648816)"
"Ground_Moss_ShootMat_03_LOD1_Mesh","Assets/ForestPrototype/Art/SectionFive/Ground_Moss_Shoots_03/FBX/Ground_Moss_ShootMat_03_LOD1.fbx","6","On","0","(1.322813, 0.0265272558, 1.29943585)","(0.8468276, 0.8468276, 0.8468276)"
"Bilberry_Type_Cover_01_LOD1_Mesh","Assets/ForestPrototype/Art/SectionFive/Bilberry_Type_Cover_01/FBX/Bilberry_Type_Cover_01_LOD1.fbx","4","On","0","(0.698581457, 0.342816055, 0.689298332)","(0.716952562, 0.716952562, 0.716952562)"
"Ground_Moss_ShootMat_03_LOD1_Mesh","Assets/ForestPrototype/Art/SectionFive/Ground_Moss_Shoots_03/FBX/Ground_Moss_ShootMat_03_LOD1.fbx","6","On","0","(1.528204, 0.03316088, 1.34545851)","(1.05859232, 1.05859232, 1.05859232)"
"LOD1 Material0","","1","On","0","(3.5844903, 12.8163786, 3.60722852)","(1.06803155, 1.06803155, 1.06803155)"
"Trunk","Library/unity default resources","1","On","1","(0.124851741, 10.2984543, 0.124851756)","(0.124851726, 5.149227, 0.124851726)"
"Ground_Moss_ShootMat_03_LOD1_Mesh","Assets/ForestPrototype/Art/SectionFive/Ground_Moss_Shoots_03/FBX/Ground_Moss_ShootMat_03_LOD1.fbx","6","On","0","(1.33494747, 0.02807338, 1.20460391)","(0.896184564, 0.896184444, 0.896184564)"
"LOD0 Material0","","1","On","0","(3.91306448, 11.0115881, 3.80854678)","(1.37644851, 1.37644851, 1.37644851)"
"LOD0 Material1","","1","On","0","(4.32416153, 10.1766357, 4.20850325)","(1.31525922, 1.31525922, 1.31525922)"
"Ground_Moss_ShootMat_03_LOD1_Mesh","Assets/ForestPrototype/Art/SectionFive/Ground_Moss_Shoots_03/FBX/Ground_Moss_ShootMat_03_LOD1.fbx","6","On","0","(1.40746415, 0.0312336013, 1.52225542)","(0.9970681, 0.997068, 0.9970681)"
"LOD2 Material0","","1","On","0","(3.940401, 11.7958736, 3.83434153)","(1.47448421, 1.47448421, 1.47448421)"
"LOD2 Material0","","1","On","0","(3.11225414, 9.316756, 3.02848482)","(1.16459453, 1.16459453, 1.16459453)"
"Ground_Moss_ShootMat_03_LOD0_Mesh","Assets/ForestPrototype/Art/SectionFive/Ground_Moss_Shoots_03/FBX/Ground_Moss_ShootMat_03_LOD0.fbx","6","On","0","(1.50345051, 0.0306758359, 1.31088471)","(1.05760336, 1.05760348, 1.05760336)"
"LOD2 Material1","","1","On","0","(3.742178, 8.686164, 3.65086436)","(1.11951637, 1.11951637, 1.11951637)"
"Ground_Moss_ShootMat_03_LOD1_Mesh","Assets/ForestPrototype/Art/SectionFive/Ground_Moss_Shoots_03/FBX/Ground_Moss_ShootMat_03_LOD1.fbx","6","On","0","(1.23453653, 0.0290667024, 1.37455583)","(0.9278944, 0.927894235, 0.9278944)"
"LOD1 Material0","","1","On","0","(3.90504622, 11.6891336, 3.799472)","(1.46114171, 1.46114171, 1.46114171)"
"LOD0 Material1","","1","On","0","(3.67845, 12.3534765, 4.1224947)","(1.056222, 1.056222, 1.056222)"
"Ground_Moss_ShootMat_03_LOD2_Mesh","Assets/ForestPrototype/Art/SectionFive/Ground_Moss_Shoots_03/FBX/Ground_Moss_ShootMat_03_LOD2.fbx","2","On","0","(1.18191552, 0.03068489, 0.9839285)","(0.8878622, 0.8878622, 0.8878622)"
"LOD2 Material1","","1","On","0","(3.80289364, 12.63707, 4.29416275)","(1.08274758, 1.08274758, 1.08274758)"
"LOD0 Material0","","1","On","0","(4.182942, 11.771039, 4.07121563)","(1.47137988, 1.47137988, 1.47137988)"
"Trunk","Library/unity default resources","1","On","1","(0.137245551, 10.4598122, 0.137245566)","(0.137245536, 5.229906, 0.137245536)"
"Ground_Moss_ShootMat_03_LOD1_Mesh","Assets/ForestPrototype/Art/SectionFive/Ground_Moss_Shoots_03/FBX/Ground_Moss_ShootMat_03_LOD1.fbx","6","On","0","(0.941380739, 0.029831592, 1.1774447)","(0.9523117, 0.952311754, 0.9523117)"
"LOD1 Material0","","1","On","0","(3.98112869, 14.2345638, 4.006383)","(1.18621361, 1.18621361, 1.18621361)"
"Dirt Path 42","Library/unity default resources","1","Off","0","(2.61593151, 0.012, 1.77363)","(2.6, 0.012, 0.66168797)"
"Ground_Moss_ShootMat_03_LOD0_Mesh","Assets/ForestPrototype/Art/SectionFive/Ground_Moss_Shoots_03/FBX/Ground_Moss_ShootMat_03_LOD0.fbx","6","On","0","(1.13206649, 0.0218357071, 1.17333674)","(0.752824366, 0.7528244, 0.752824366)"
"Ground_Moss_ShootMat_03_LOD1_Mesh","Assets/ForestPrototype/Art/SectionFive/Ground_Moss_Shoots_03/FBX/Ground_Moss_ShootMat_03_LOD1.fbx","6","On","0","(1.3619864, 0.0318952426, 1.140879)","(1.01818943, 1.01818955, 1.01818943)"
"Ground_Moss_ShootMat_03_LOD1_Mesh","Assets/ForestPrototype/Art/SectionFive/Ground_Moss_Shoots_03/FBX/Ground_Moss_ShootMat_03_LOD1.fbx","6","On","0","(1.545236, 0.03116348, 1.54464722)","(0.994829535, 0.9948295, 0.994829535)"
"Ground_Moss_ShootMat_03_LOD1_Mesh","Assets/ForestPrototype/Art/SectionFive/Ground_Moss_Shoots_03/FBX/Ground_Moss_ShootMat_03_LOD1.fbx","6","On","0","(1.47189319, 0.03127576, 1.31674469)","(0.9984141, 0.9984138, 0.9984141)"
"LOD1 Material0","","1","On","0","(3.72254133, 11.1428337, 3.621901)","(1.39285421, 1.39285421, 1.39285421)"
"Trunk","Library/unity default resources","1","On","1","(0.182014465, 13.569602, 0.1820145)","(0.18201445, 6.784801, 0.18201445)"
"Ground_Moss_ShootMat_03_LOD1_Mesh","Assets/ForestPrototype/Art/SectionFive/Ground_Moss_Shoots_03/FBX/Ground_Moss_ShootMat_03_LOD1.fbx","6","On","0","(1.01269889, 0.0295132473, 1.22798038)","(0.942149162, 0.9421492, 0.942149162)"
"Ground_Moss_ShootMat_03_LOD2_Mesh","Assets/ForestPrototype/Art/SectionFive/Ground_Moss_Shoots_03/FBX/Ground_Moss_ShootMat_03_LOD2.fbx","2","On","0","(1.36099148, 0.035483323, 1.13016486)","(1.02670407, 1.02670407, 1.02670407)"
"Ground_Moss_ShootMat_03_LOD1_Mesh","Assets/ForestPrototype/Art/SectionFive/Ground_Moss_Shoots_03/FBX/Ground_Moss_ShootMat_03_LOD1.fbx","6","On","0","(1.09675992, 0.0223685484, 1.02164257)","(0.7140696, 0.714069545, 0.7140696)"
"LOD0 Material0","","1","On","0","(3.44721723, 12.3253708, 3.54288626)","(1.02711427, 1.02711427, 1.02711427)"
"LOD0 Material1","","1","On","0","(4.29857445, 10.1164179, 4.18360043)","(1.30747652, 1.30747652, 1.30747652)"
"Ground_Moss_ShootMat_03_LOD2_Mesh","Assets/ForestPrototype/Art/SectionFive/Ground_Moss_Shoots_03/FBX/Ground_Moss_ShootMat_03_LOD2.fbx","2","On","0","(1.30169868, 0.0302757658, 1.165701)","(0.8760245, 0.876024246, 0.8760245)"
"LOD1 Material0","","1","On","0","(3.63236427, 12.9875526, 3.655406)","(1.082296, 1.082296, 1.082296)"
"Trunk","Library/unity default resources","1","On","1","(0.165703744, 12.0971613, 0.165703773)","(0.165703729, 6.04858065, 0.165703729)"
"LOD0 Material0","","1","On","0","(3.88404036, 10.9299126, 3.78029776)","(1.36623907, 1.36623907, 1.36623907)"
"Frame Rail Front","Library/unity default resources","1","On","0","(2.04, 0.12, 0.14)","(2.04, 0.12, 0.14)"
"Ground_Moss_ShootMat_03_LOD1_Mesh","Assets/ForestPrototype/Art/SectionFive/Ground_Moss_Shoots_03/FBX/Ground_Moss_ShootMat_03_LOD1.fbx","6","On","0","(1.55181074, 0.0341808759, 1.35191524)","(1.09115386, 1.09115362, 1.09115386)"
"LOD2 Material0","","1","On","0","(3.049092, 9.127676, 2.967023)","(1.1409595, 1.1409595, 1.1409595)"
"LOD1 Material0","","1","On","0","(3.19965458, 9.577656, 3.11315084)","(1.197207, 1.197207, 1.197207)"
"LOD0 Material1","","1","On","0","(4.376774, 10.3004541, 4.259708)","(1.331262, 1.331262, 1.331262)"
"LOD0 Material0","","1","On","0","(3.59855413, 12.8664694, 3.69842315)","(1.07220578, 1.07220578, 1.07220578)"
"Ground_Moss_ShootMat_03_LOD1_Mesh","Assets/ForestPrototype/Art/SectionFive/Ground_Moss_Shoots_03/FBX/Ground_Moss_ShootMat_03_LOD1.fbx","6","On","0","(1.36426842, 0.0331952944, 1.11690879)","(1.059691, 1.059691, 1.059691)"
"Ground_Moss_ShootMat_03_LOD1_Mesh","Assets/ForestPrototype/Art/SectionFive/Ground_Moss_Shoots_03/FBX/Ground_Moss_ShootMat_03_LOD1.fbx","6","On","0","(1.52886426, 0.0311750956, 1.55421782)","(0.9952006, 0.9952003, 0.9952006)"
"LOD1 Material0","","1","On","0","(3.55793, 10.6500959, 3.46174)","(1.331262, 1.331262, 1.331262)"
"LOD1 Material0","","1","On","0","(4.10661125, 14.6832275, 4.132662)","(1.22360229, 1.22360229, 1.22360229)"
"LOD0 Material0","","1","On","0","(3.69974, 13.2282543, 3.802417)","(1.10235453, 1.10235453, 1.10235453)"
"Foundation Marker","Library/unity default resources","1","On","0","(2, 0.1, 1.2)","(2, 0.1, 1.2)"
"Trunk","Library/unity default resources","1","On","1","(0.196746841, 14.09242, 0.196746856)","(0.196746811, 7.04621, 0.196746811)"
"Ground_Moss_ShootMat_03_LOD1_Mesh","Assets/ForestPrototype/Art/SectionFive/Ground_Moss_Shoots_03/FBX/Ground_Moss_ShootMat_03_LOD1.fbx","6","On","0","(1.23183322, 0.0268219411, 1.31818438)","(0.8562349, 0.856234848, 0.8562349)"
"Trunk","Library/unity default resources","1","On","1","(0.150096551, 11.444809, 0.150096565)","(0.150096536, 5.72240448, 0.150096536)"
"Ground_Moss_ShootMat_03_LOD0_Mesh","Assets/ForestPrototype/Art/SectionFive/Ground_Moss_Shoots_03/FBX/Ground_Moss_ShootMat_03_LOD0.fbx","6","On","0","(1.16510725, 0.0222057551, 1.19419312)","(0.765582561, 0.7655825, 0.765582561)"
"Ground_Moss_ShootMat_03_LOD0_Mesh","Assets/ForestPrototype/Art/SectionFive/Ground_Moss_Shoots_03/FBX/Ground_Moss_ShootMat_03_LOD0.fbx","6","On","0","(1.33170056, 0.0251067914, 1.34762335)","(0.8656008, 0.8656008, 0.8656008)"
"LOD1 Material1","","1","On","0","(3.510847, 11.7906094, 3.93465948)","(1.00809681, 1.00809681, 1.00809681)"
"Ground_Moss_ShootMat_03_LOD0_Mesh","Assets/ForestPrototype/Art/SectionFive/Ground_Moss_Shoots_03/FBX/Ground_Moss_ShootMat_03_LOD0.fbx","6","On","0","(1.35570836, 0.0299935, 1.51826286)","(1.03407872, 1.03407872, 1.03407872)"
"Ground_Moss_ShootMat_03_LOD0_Mesh","Assets/ForestPrototype/Art/SectionFive/Ground_Moss_Shoots_03/FBX/Ground_Moss_ShootMat_03_LOD0.fbx","6","On","0","(1.5487504, 0.03164896, 1.34894466)","(1.09115386, 1.09115362, 1.09115386)"
"Ground_Moss_ShootMat_03_LOD1_Mesh","Assets/ForestPrototype/Art/SectionFive/Ground_Moss_Shoots_03/FBX/Ground_Moss_ShootMat_03_LOD1.fbx","6","On","0","(1.02615845, 0.0285388529, 1.222615)","(0.9110437, 0.9110437, 0.9110437)"
"LOD1 Material0","","1","On","0","(3.649459, 10.9240732, 3.55079436)","(1.36550915, 1.36550915, 1.36550915)"
"Ground_Moss_ShootMat_03_LOD2_Mesh","Assets/ForestPrototype/Art/SectionFive/Ground_Moss_Shoots_03/FBX/Ground_Moss_ShootMat_03_LOD2.fbx","2","On","0","(1.51756859, 0.03655122, 1.32459068)","(1.05760336, 1.05760348, 1.05760336)"
"Ground_Moss_ShootMat_03_LOD0_Mesh","Assets/ForestPrototype/Art/SectionFive/Ground_Moss_Shoots_03/FBX/Ground_Moss_ShootMat_03_LOD0.fbx","6","On","0","(1.03915453, 0.0244356059, 0.8302884)","(0.842460454, 0.8424605, 0.842460454)"
"Ground_Moss_ShootMat_03_LOD0_Mesh","Assets/ForestPrototype/Art/SectionFive/Ground_Moss_Shoots_03/FBX/Ground_Moss_ShootMat_03_LOD0.fbx","6","On","0","(1.4743793, 0.0310865138, 1.6144346)","(1.07176232, 1.07176232, 1.07176232)"
"LOD1 Material0","","1","On","0","(3.566186, 12.7509308, 3.588808)","(1.06257761, 1.06257761, 1.06257761)"
"Ground_Moss_ShootMat_03_LOD0_Mesh","Assets/ForestPrototype/Art/SectionFive/Ground_Moss_Shoots_03/FBX/Ground_Moss_ShootMat_03_LOD0.fbx","6","On","0","(1.40865088, 0.026943488, 1.29533637)","(0.9289242, 0.9289242, 0.9289242)"
"LOD2 Material1","","1","On","0","(4.682407, 10.868578, 4.56815052)","(1.40079689, 1.40079689, 1.40079689)"
"Ground_Moss_ShootMat_03_LOD2_Mesh","Assets/ForestPrototype/Art/SectionFive/Ground_Moss_Shoots_03/FBX/Ground_Moss_ShootMat_03_LOD2.fbx","2","On","0","(1.20672786, 0.0297674462, 1.03674483)","(0.8613161, 0.8613161, 0.8613161)"
"LOD0 Material1","","1","On","0","(3.75111866, 8.828015, 3.65078735)","(1.1409595, 1.1409595, 1.1409595)"
"Ground_Moss_ShootMat_03_LOD0_Mesh","Assets/ForestPrototype/Art/SectionFive/Ground_Moss_Shoots_03/FBX/Ground_Moss_ShootMat_03_LOD0.fbx","6","On","0","(1.16944146, 0.0221623369, 1.19120681)","(0.76408565, 0.7640856, 0.76408565)"
"Ground_Moss_ShootMat_03_LOD1_Mesh","Assets/ForestPrototype/Art/SectionFive/Ground_Moss_Shoots_03/FBX/Ground_Moss_ShootMat_03_LOD1.fbx","6","On","0","(1.01896679, 0.023438016, 1.12226784)","(0.7482101, 0.7482101, 0.7482101)"
"Ground_Moss_ShootMat_03_LOD2_Mesh","Assets/ForestPrototype/Art/SectionFive/Ground_Moss_Shoots_03/FBX/Ground_Moss_ShootMat_03_LOD2.fbx","2","On","0","(1.33068967, 0.03338644, 1.13106)","(0.9660311, 0.9660311, 0.9660311)"
"LOD2 Material1","","1","On","0","(4.69279957, 10.8927011, 4.57828951)","(1.403906, 1.403906, 1.403906)"
"LOD0 Material1","","1","On","0","(3.88269567, 13.0394011, 4.35139561)","(1.11486852, 1.11486852, 1.11486852)"
"Stake Left","Library/unity default resources","1","On","0","(0.12, 0.6, 0.12)","(0.12, 0.6, 0.12)"
"Trunk","Library/unity default resources","1","On","1","(0.1551152, 12.1653776, 0.155115217)","(0.155115187, 6.082689, 0.155115187)"
"LOD1 Material0","","1","On","0","(3.94070554, 11.7958736, 3.83416724)","(1.47448421, 1.47448421, 1.47448421)"
"Trunk","Library/unity default resources","1","On","1","(0.12019933, 9.817063, 0.120199345)","(0.120199315, 4.90853167, 0.120199315)"
"Ground_Moss_ShootMat_03_LOD0_Mesh","Assets/ForestPrototype/Art/SectionFive/Ground_Moss_Shoots_03/FBX/Ground_Moss_ShootMat_03_LOD0.fbx","6","On","0","(1.16596317, 0.0283730943, 1.35837483)","(0.9782123, 0.978212357, 0.9782123)"
"LOD2 Material0","","1","On","0","(2.86946678, 8.589955, 2.79223251)","(1.07374442, 1.07374442, 1.07374442)"
"LOD2 Material1","","1","On","0","(3.55643582, 11.8180876, 4.01586676)","(1.01257694, 1.01257694, 1.01257694)"
"Ground_Moss_ShootMat_03_LOD2_Mesh","Assets/ForestPrototype/Art/SectionFive/Ground_Moss_Shoots_03/FBX/Ground_Moss_ShootMat_03_LOD2.fbx","2","On","0","(1.20150149, 0.0279994775, 1.07431483)","(0.8101603, 0.8101602, 0.8101603)"
"LOD0 Material1","","1","On","0","(4.456666, 10.4884758, 4.33746338)","(1.35556245, 1.35556245, 1.35556245)"
"Ground_Moss_ShootMat_03_LOD0_Mesh","Assets/ForestPrototype/Art/SectionFive/Ground_Moss_Shoots_03/FBX/Ground_Moss_ShootMat_03_LOD0.fbx","6","On","0","(1.12967491, 0.0222909972, 1.19114411)","(0.7685214, 0.768521369, 0.7685214)"
"Ground_Moss_ShootMat_03_LOD1_Mesh","Assets/ForestPrototype/Art/SectionFive/Ground_Moss_Shoots_03/FBX/Ground_Moss_ShootMat_03_LOD1.fbx","6","On","0","(1.37002325, 0.0293325633, 1.21832252)","(0.936381161, 0.9363813, 0.936381161)"
"LOD2 Material1","","1","On","0","(4.74513531, 11.01418, 4.62934828)","(1.41956282, 1.41956282, 1.41956282)"
"Ground_Moss_ShootMat_03_LOD2_Mesh","Assets/ForestPrototype/Art/SectionFive/Ground_Moss_Shoots_03/FBX/Ground_Moss_ShootMat_03_LOD2.fbx","2","On","0","(1.36162853, 0.0309701376, 1.41037476)","(0.8961158, 0.8961158, 0.8961158)"
"Ground_Moss_ShootMat_03_LOD1_Mesh","Assets/ForestPrototype/Art/SectionFive/Ground_Moss_Shoots_03/FBX/Ground_Moss_ShootMat_03_LOD1.fbx","6","On","0","(1.48436689, 0.0306700449, 1.53014469)","(0.9790776, 0.9790776, 0.9790776)"
"Trunk","Library/unity default resources","1","On","1","(0.159993365, 12.4113522, 0.1599934)","(0.159993351, 6.205676, 0.159993351)"
"Ground_Moss_ShootMat_03_LOD1_Mesh","Assets/ForestPrototype/Art/SectionFive/Ground_Moss_Shoots_03/FBX/Ground_Moss_ShootMat_03_LOD1.fbx","6","On","0","(1.55864108, 0.0321981, 1.43036318)","(1.02785766, 1.02785766, 1.02785766)"
"LOD2 Material1","","1","On","0","(3.57274485, 11.872282, 4.03428268)","(1.01722038, 1.01722038, 1.01722038)"
"Ground_Moss_ShootMat_03_LOD2_Mesh","Assets/ForestPrototype/Art/SectionFive/Ground_Moss_Shoots_03/FBX/Ground_Moss_ShootMat_03_LOD2.fbx","2","On","0","(1.06539869, 0.0264654979, 0.91125)","(0.765774846, 0.7657748, 0.765774846)"
"LOD2 Material0","","1","On","0","(3.99350858, 14.2795916, 4.01917076)","(1.189966, 1.189966, 1.189966)"
"Ground_Moss_ShootMat_03_LOD2_Mesh","Assets/ForestPrototype/Art/SectionFive/Ground_Moss_Shoots_03/FBX/Ground_Moss_ShootMat_03_LOD2.fbx","2","On","0","(1.164161, 0.0318538845, 0.9397301)","(0.9216869, 0.9216869, 0.9216869)"
"Trunk","Library/unity default resources","1","On","1","(0.148975864, 11.3565025, 0.148975879)","(0.148975849, 5.67825127, 0.148975849)"
"LOD2 Material1","","1","On","0","(3.19001865, 7.404518, 3.112178)","(0.9543314, 0.9543314, 0.9543314)"
"LOD2 Material0","","1","On","0","(3.62259531, 10.8445, 3.52509)","(1.35556245, 1.35556245, 1.35556245)"
"LOD0 Material1","","1","On","0","(3.58200955, 12.0295963, 4.0144124)","(1.02853024, 1.02853024, 1.02853024)"
"LOD0 Material1","","1","On","0","(3.65086627, 12.26084, 4.091581)","(1.04830158, 1.04830158, 1.04830158)"
"LOD2 Material0","","1","On","0","(3.77658772, 11.3054867, 3.67493725)","(1.41318583, 1.41318583, 1.41318583)"
"LOD2 Material0","","1","On","0","(3.794949, 13.5696011, 3.81933522)","(1.13080013, 1.13080013, 1.13080013)"
"Bracken_Clump_01_LOD1_Mesh","Assets/ForestPrototype/Art/SectionFive/Woodland_Assets/Bracken_Clump_01/Bracken_Clump_01_LOD1.fbx","2","On","0","(1.47081912, 0.872751951, 1.47007751)","(0.8565439, 0.856544, 0.8565439)"
"LOD2 Material1","","1","On","0","(3.62427568, 12.04352, 4.09247)","(1.03189206, 1.03189206, 1.03189206)"
"Ground_Moss_ShootMat_03_LOD2_Mesh","Assets/ForestPrototype/Art/SectionFive/Ground_Moss_Shoots_03/FBX/Ground_Moss_ShootMat_03_LOD2.fbx","2","On","0","(1.64583087, 0.03718627, 1.51300764)","(1.07597852, 1.07597852, 1.07597852)"
"LOD2 Material0","","1","On","0","(3.73093128, 11.1688108, 3.63050985)","(1.39610136, 1.39610136, 1.39610136)"
"Ground_Moss_ShootMat_03_LOD2_Mesh","Assets/ForestPrototype/Art/SectionFive/Ground_Moss_Shoots_03/FBX/Ground_Moss_ShootMat_03_LOD2.fbx","2","On","0","(1.06439018, 0.0254422128, 0.9339453)","(0.7361662, 0.7361662, 0.7361662)"
"LOD1 Material1","","1","On","0","(3.75111866, 8.828015, 3.65078735)","(1.1409595, 1.1409595, 1.1409595)"
"LOD0 Material1","","1","On","0","(3.922822, 13.174159, 4.39636564)","(1.12639034, 1.12639034, 1.12639034)"
"Ground_Moss_ShootMat_03_LOD2_Mesh","Assets/ForestPrototype/Art/SectionFive/Ground_Moss_Shoots_03/FBX/Ground_Moss_ShootMat_03_LOD2.fbx","2","On","0","(1.46673322, 0.0321956128, 1.4195869)","(0.931574643, 0.9315747, 0.931574643)"
"LOD2 Material1","","1","On","0","(4.122061, 9.567929, 4.021477)","(1.23316276, 1.23316276, 1.23316276)"
"Trunk","Library/unity default resources","1","On","1","(0.141234547, 11.1071291, 0.141234562)","(0.141234532, 5.55356455, 0.141234532)"
"Ground_Moss_ShootMat_03_LOD1_Mesh","Assets/ForestPrototype/Art/SectionFive/Ground_Moss_Shoots_03/FBX/Ground_Moss_ShootMat_03_LOD1.fbx","6","On","0","(1.22325, 0.0281361882, 1.347245)","(0.898189545, 0.8981895, 0.898189545)"
"Ground_Moss_ShootMat_03_LOD1_Mesh","Assets/ForestPrototype/Art/SectionFive/Ground_Moss_Shoots_03/FBX/Ground_Moss_ShootMat_03_LOD1.fbx","6","On","0","(1.47645211, 0.0296164937, 1.42393756)","(0.9454452, 0.9454452, 0.9454452)"
"Dirt Path 34","Library/unity default resources","1","Off","0","(2.62097669, 0.012, 1.74839473)","(2.6, 0.012, 0.658552)"
"LOD0 Material0","","1","On","0","(3.38756514, 12.1120872, 3.48157859)","(1.00934064, 1.00934064, 1.00934064)"
"LOD2 Material1","","1","On","0","(4.577843, 10.62587, 4.46613836)","(1.36951542, 1.36951542, 1.36951542)"
"Ground_Moss_ShootMat_03_LOD1_Mesh","Assets/ForestPrototype/Art/SectionFive/Ground_Moss_Shoots_03/FBX/Ground_Moss_ShootMat_03_LOD1.fbx","6","On","0","(1.4930886, 0.03561558, 1.2368747)","(1.13695383, 1.13695347, 1.13695383)"
"Ground_Moss_ShootMat_03_LOD0_Mesh","Assets/ForestPrototype/Art/SectionFive/Ground_Moss_Shoots_03/FBX/Ground_Moss_ShootMat_03_LOD0.fbx","6","On","0","(1.38353908, 0.02932072, 1.17658877)","(1.01088381, 1.01088345, 1.01088381)"
"LOD0 Material0","","1","On","0","(3.42513514, 12.246417, 3.52019119)","(1.02053475, 1.02053475, 1.02053475)"
"LOD1 Material1","","1","On","0","(4.570665, 10.7567644, 4.448413)","(1.39023685, 1.39023685, 1.39023685)"
"LOD2 Material1","","1","On","0","(3.72099018, 12.3649035, 4.20167875)","(1.05942833, 1.05942833, 1.05942833)"
"Ground_Moss_ShootMat_03_LOD1_Mesh","Assets/ForestPrototype/Art/SectionFive/Ground_Moss_Shoots_03/FBX/Ground_Moss_ShootMat_03_LOD1.fbx","6","On","0","(1.20547652, 0.0256113671, 1.27015555)","(0.81758976, 0.8175898, 0.81758976)"
"LOD0 Material1","","1","On","0","(3.68062019, 8.662103, 3.58217454)","(1.11951637, 1.11951637, 1.11951637)"
"LOD2 Material1","","1","On","0","(4.56689167, 10.60045, 4.455454)","(1.36623907, 1.36623907, 1.36623907)"
"Ground_Moss_ShootMat_03_LOD1_Mesh","Assets/ForestPrototype/Art/SectionFive/Ground_Moss_Shoots_03/FBX/Ground_Moss_ShootMat_03_LOD1.fbx","6","On","0","(1.16755581, 0.0239822157, 1.1966548)","(0.765582561, 0.7655825, 0.765582561)"
"Trunk","Library/unity default resources","1","On","1","(0.136393577, 10.0164013, 0.136393592)","(0.136393562, 5.00820065, 0.136393562)"
"Ground_Moss_ShootMat_03_LOD1_Mesh","Assets/ForestPrototype/Art/SectionFive/Ground_Moss_Shoots_03/FBX/Ground_Moss_ShootMat_03_LOD1.fbx","6","On","0","(1.57527184, 0.0317072459, 1.50130594)","(1.012188, 1.01218808, 1.012188)"
"LOD1 Material0","","1","On","0","(2.699806, 8.081439, 2.6268158)","(1.01017988, 1.01017988, 1.01017988)"
"Ground_Moss_ShootMat_03_LOD0_Mesh","Assets/ForestPrototype/Art/SectionFive/Ground_Moss_Shoots_03/FBX/Ground_Moss_ShootMat_03_LOD0.fbx","6","On","0","(1.28947592, 0.0254091229, 1.15376866)","(0.8760245, 0.876024246, 0.8760245)"
"LOD2 Material0","","1","On","0","(3.48774767, 12.4711418, 3.51016)","(1.03926182, 1.03926182, 1.03926182)"
"Trunk","Library/unity default resources","1","On","1","(0.116662748, 8.995442, 0.116662763)","(0.116662733, 4.497721, 0.116662733)"
"LOD0 Material1","","1","On","0","(4.68349171, 11.022295, 4.558222)","(1.42455482, 1.42455482, 1.42455482)"
"Ground_Moss_ShootMat_03_LOD0_Mesh","Assets/ForestPrototype/Art/SectionFive/Ground_Moss_Shoots_03/FBX/Ground_Moss_ShootMat_03_LOD0.fbx","6","On","0","(1.4731524, 0.0281651672, 1.35527682)","(0.9710437, 0.9710437, 0.9710437)"
"Ground_Moss_ShootMat_03_LOD1_Mesh","Assets/ForestPrototype/Art/SectionFive/Ground_Moss_Shoots_03/FBX/Ground_Moss_ShootMat_03_LOD1.fbx","6","On","0","(1.041147, 0.0263904538, 0.832186759)","(0.842460454, 0.8424605, 0.842460454)"
"Trunk","Library/unity default resources","1","On","1","(0.14752762, 10.9561234, 0.147527635)","(0.1475276, 5.47806168, 0.1475276)"
"Ground_Moss_ShootMat_03_LOD2_Mesh","Assets/ForestPrototype/Art/SectionFive/Ground_Moss_Shoots_03/FBX/Ground_Moss_ShootMat_03_LOD2.fbx","2","On","0","(0.91895473, 0.0279292334, 1.093229)","(0.808127642, 0.8081277, 0.808127642)"
"Ground_Moss_ShootMat_03_LOD1_Mesh","Assets/ForestPrototype/Art/SectionFive/Ground_Moss_Shoots_03/FBX/Ground_Moss_ShootMat_03_LOD1.fbx","6","On","0","(1.076191, 0.0227690618, 1.13063467)","(0.7268551, 0.7268551, 0.7268551)"
"LOD1 Material1","","1","On","0","(3.70058465, 12.4278116, 4.147301)","(1.06257761, 1.06257761, 1.06257761)"
"Woodland_Grass_Tuft_02_LOD2_Foliage","Assets/ForestPrototype/Art/SectionFive/Woodland_Grass_Rush/FBX/Woodland_Grass_Tuft_02_LOD2.fbx","2","On","0","(1.00010657, 0.401546627, 0.89574)","(0.8452095, 0.8452095, 0.8452095)"
"LOD1 Material1","","1","On","0","(4.65516, 10.9556179, 4.530648)","(1.4159373, 1.4159373, 1.4159373)"
"LOD0 Material0","","1","On","0","(3.55567026, 12.7131405, 3.654349)","(1.05942833, 1.05942833, 1.05942833)"
"Ground_Moss_ShootMat_03_LOD2_Mesh","Assets/ForestPrototype/Art/SectionFive/Ground_Moss_Shoots_03/FBX/Ground_Moss_ShootMat_03_LOD2.fbx","2","On","0","(1.09481478, 0.0297247283, 1.24599969)","(0.8600801, 0.860080063, 0.8600801)"
"LOD0 Material0","","1","On","0","(3.643136, 10.2519941, 3.545828)","(1.28149927, 1.28149927, 1.28149927)"
"LOD0 Material1","","1","On","0","(3.769257, 12.6584358, 4.224263)","(1.082296, 1.082296, 1.082296)"
"LOD1 Material0","","1","On","0","(3.68710351, 11.0367565, 3.58742142)","(1.37959456, 1.37959456, 1.37959456)"
"Ground_Moss_ShootMat_03_LOD1_Mesh","Assets/ForestPrototype/Art/SectionFive/Ground_Moss_Shoots_03/FBX/Ground_Moss_ShootMat_03_LOD1.fbx","6","On","0","(1.05655777, 0.0230607353, 0.9263329)","(0.7361662, 0.7361662, 0.7361662)"
"Ground_Moss_ShootMat_03_LOD1_Mesh","Assets/ForestPrototype/Art/SectionFive/Ground_Moss_Shoots_03/FBX/Ground_Moss_ShootMat_03_LOD1.fbx","6","On","0","(1.49986768, 0.0353066958, 1.66982722)","(1.12709308, 1.12709308, 1.12709308)"
"Ground_Moss_ShootMat_03_LOD1_Mesh","Assets/ForestPrototype/Art/SectionFive/Ground_Moss_Shoots_03/FBX/Ground_Moss_ShootMat_03_LOD1.fbx","6","On","0","(0.837872267, 0.0258359313, 1.0374738)","(0.824758649, 0.8247585, 0.824758649)"
"Ground_Moss_ShootMat_03_LOD0_Mesh","Assets/ForestPrototype/Art/SectionFive/Ground_Moss_Shoots_03/FBX/Ground_Moss_ShootMat_03_LOD0.fbx","6","On","0","(1.31246448, 0.0250159726, 1.21158719)","(0.8624697, 0.8624697, 0.8624697)"
"LOD1 Material1","","1","On","0","(3.69581032, 12.4117775, 4.14195)","(1.0612067, 1.0612067, 1.0612067)"
"LOD0 Material0","","1","On","0","(4.15760374, 11.6997356, 4.046554)","(1.462467, 1.462467, 1.462467)"
"Ground_Moss_ShootMat_03_LOD0_Mesh","Assets/ForestPrototype/Art/SectionFive/Ground_Moss_Shoots_03/FBX/Ground_Moss_ShootMat_03_LOD0.fbx","6","On","0","(1.26879025, 0.027082108, 1.07416284)","(0.933703363, 0.933703363, 0.933703363)"
"Ground_Moss_ShootMat_03_LOD2_Mesh","Assets/ForestPrototype/Art/SectionFive/Ground_Moss_Shoots_03/FBX/Ground_Moss_ShootMat_03_LOD2.fbx","2","On","0","(1.20853794, 0.0285329521, 1.06990361)","(0.8255962, 0.8255962, 0.8255962)"
"LOD2 Material1","","1","On","0","(4.48433447, 10.4088221, 4.37491131)","(1.34154117, 1.34154117, 1.34154117)"
"Ground_Moss_ShootMat_03_LOD2_Mesh","Assets/ForestPrototype/Art/SectionFive/Ground_Moss_Shoots_03/FBX/Ground_Moss_ShootMat_03_LOD2.fbx","2","On","0","(1.10407364, 0.03408556, 1.32122731)","(0.986259937, 0.98626, 0.986259937)"
"LOD0 Material1","","1","On","0","(3.69047952, 12.3938751, 4.13597631)","(1.059676, 1.059676, 1.059676)"
"LOD1 Material0","","1","On","0","(4.138808, 14.7983465, 4.16506243)","(1.23319554, 1.23319554, 1.23319554)"
"Trunk","Library/unity default resources","1","On","1","(0.162491828, 11.6344929, 0.162491858)","(0.162491813, 5.81724644, 0.162491813)"
"Trunk","Library/unity default resources","1","On","1","(0.148556575, 11.5940361, 0.14855659)","(0.14855656, 5.797018, 0.14855656)"
"Ground_Moss_ShootMat_03_LOD2_Mesh","Assets/ForestPrototype/Art/SectionFive/Ground_Moss_Shoots_03/FBX/Ground_Moss_ShootMat_03_LOD2.fbx","2","On","0","(0.9699254, 0.0262182187, 1.101846)","(0.758619845, 0.7586198, 0.758619845)"
"LOD0 Material1","","1","On","0","(3.77067256, 12.6631908, 4.22584963)","(1.08270252, 1.08270252, 1.08270252)"
"LOD2 Material0","","1","On","0","(3.19940734, 9.577656, 3.11329222)","(1.197207, 1.197207, 1.197207)"
"LOD1 Material0","","1","On","0","(3.67869544, 11.0115881, 3.57924056)","(1.37644851, 1.37644851, 1.37644851)"
"LOD0 Material0","","1","On","0","(3.50838733, 12.5440826, 3.605754)","(1.04534018, 1.04534018, 1.04534018)"
"LOD1 Material0","","1","On","0","(2.55054545, 7.634651, 2.48159051)","(0.9543314, 0.9543314, 0.9543314)"
"LOD0 Material1","","1","On","0","(4.489368, 10.5654373, 4.36929035)","(1.36550915, 1.36550915, 1.36550915)"
"LOD1 Material1","","1","On","0","(4.65691376, 10.9597454, 4.532355)","(1.41647077, 1.41647077, 1.41647077)"
"LOD1 Material0","","1","On","0","(3.8284862, 11.4599628, 3.72498155)","(1.43249536, 1.43249536, 1.43249536)"
"Ground_Moss_ShootMat_03_LOD2_Mesh","Assets/ForestPrototype/Art/SectionFive/Ground_Moss_Shoots_03/FBX/Ground_Moss_ShootMat_03_LOD2.fbx","2","On","0","(1.56105137, 0.0358454622, 1.41305161)","(1.03718245, 1.03718245, 1.03718245)"
"LOD1 Material0","","1","On","0","(4.038843, 14.4409218, 4.06446362)","(1.20341015, 1.20341015, 1.20341015)"
"Ground_Moss_ShootMat_03_LOD0_Mesh","Assets/ForestPrototype/Art/SectionFive/Ground_Moss_Shoots_03/FBX/Ground_Moss_ShootMat_03_LOD0.fbx","6","On","0","(1.70515382, 0.0318744145, 1.62119317)","(1.09892654, 1.09892654, 1.09892654)"
"LOD0 Material0","","1","On","0","(3.8863492, 10.93641, 3.782545)","(1.36705124, 1.36705124, 1.36705124)"
"LOD1 Material1","","1","On","0","(3.62392139, 12.17035, 4.06138325)","(1.04056466, 1.04056466, 1.04056466)"
"Ground_Moss_ShootMat_03_LOD2_Mesh","Assets/ForestPrototype/Art/SectionFive/Ground_Moss_Shoots_03/FBX/Ground_Moss_ShootMat_03_LOD2.fbx","2","On","0","(1.21191788, 0.0348273963, 1.41110241)","(1.00772512, 1.00772488, 1.00772512)"
"Ground_Moss_ShootMat_03_LOD0_Mesh","Assets/ForestPrototype/Art/SectionFive/Ground_Moss_Shoots_03/FBX/Ground_Moss_ShootMat_03_LOD0.fbx","6","On","0","(1.39663267, 0.0307220444, 1.16079032)","(1.05919659, 1.05919659, 1.05919659)"
"Bramble_Clump_01_LOD1_Mesh","Assets/ForestPrototype/Art/SectionFive/Woodland_Assets/Bramble_Clump_01/Bramble_Clump_01_LOD1.fbx","2","On","0","(1.56634414, 0.6846315, 1.60271049)","(0.7568549, 0.7568549, 0.7568549)"
"LOD1 Material0","","1","On","0","(3.29978538, 9.877381, 3.21057439)","(1.23467267, 1.23467267, 1.23467267)"
"LOD0 Material0","","1","On","0","(4.106827, 11.5568466, 3.99713373)","(1.44460583, 1.44460583, 1.44460583)"
"LOD1 Material1","","1","On","0","(3.608312, 12.1179285, 4.04388952)","(1.03608263, 1.03608263, 1.03608263)"
"LOD0 Material1","","1","On","0","(4.394954, 10.3432417, 4.2774024)","(1.33679187, 1.33679187, 1.33679187)"
"LOD2 Material1","","1","On","0","(3.8928597, 9.035919, 3.797869)","(1.16459453, 1.16459453, 1.16459453)"
"Ground_Moss_ShootMat_03_LOD0_Mesh","Assets/ForestPrototype/Art/SectionFive/Ground_Moss_Shoots_03/FBX/Ground_Moss_ShootMat_03_LOD0.fbx","6","On","0","(1.18278682, 0.030828001, 1.41489649)","(1.06284976, 1.06284964, 1.06284976)"
"Ground_Moss_ShootMat_03_LOD2_Mesh","Assets/ForestPrototype/Art/SectionFive/Ground_Moss_Shoots_03/FBX/Ground_Moss_ShootMat_03_LOD2.fbx","2","On","0","(1.288965, 0.0283146258, 1.27014256)","(0.819278955, 0.819279, 0.819278955)"
"LOD0 Material1","","1","On","0","(3.66382766, 12.304369, 4.10610676)","(1.05202329, 1.05202329, 1.05202329)"
"Ground_Moss_ShootMat_03_LOD2_Mesh","Assets/ForestPrototype/Art/SectionFive/Ground_Moss_Shoots_03/FBX/Ground_Moss_ShootMat_03_LOD2.fbx","2","On","0","(1.41151857, 0.0359849967, 1.18802214)","(1.04122, 1.04122, 1.04122)"
"LOD1 Material1","","1","On","0","(3.89577579, 13.0833292, 4.36605453)","(1.11862433, 1.11862433, 1.11862433)"
"LOD1 Material0","","1","On","0","(3.43380857, 12.2776146, 3.455591)","(1.02313459, 1.02313459, 1.02313459)"
"Trunk","Library/unity default resources","1","On","1","(0.153430358, 11.0068, 0.153430372)","(0.153430343, 5.5034, 0.153430343)"
"Ground_Moss_ShootMat_03_LOD2_Mesh","Assets/ForestPrototype/Art/SectionFive/Ground_Moss_Shoots_03/FBX/Ground_Moss_ShootMat_03_LOD2.fbx","2","On","0","(1.53954983, 0.0365853943, 1.35649574)","(1.05859232, 1.05859232, 1.05859232)"
"LOD0 Material0","","1","On","0","(3.45196962, 12.3423634, 3.5477705)","(1.02853024, 1.02853024, 1.02853024)"
"Ground_Moss_ShootMat_03_LOD2_Mesh","Assets/ForestPrototype/Art/SectionFive/Ground_Moss_Shoots_03/FBX/Ground_Moss_ShootMat_03_LOD2.fbx","2","On","0","(1.45105886, 0.03695038, 1.22216)","(1.06915307, 1.06915307, 1.06915307)"
"Trunk","Library/unity default resources","1","On","1","(0.1549388, 12.1120872, 0.154938817)","(0.154938787, 6.05604362, 0.154938787)"
"Ground_Moss_ShootMat_03_LOD0_Mesh","Assets/ForestPrototype/Art/SectionFive/Ground_Moss_Shoots_03/FBX/Ground_Moss_ShootMat_03_LOD0.fbx","6","On","0","(1.29886937, 0.0256365687, 1.36979854)","(0.8838658, 0.883865833, 0.8838658)"
"Trunk","Library/unity default resources","1","On","1","(0.102652915, 8.700951, 0.102652922)","(0.1026529, 4.35047531, 0.1026529)"
"LOD2 Material1","","1","On","0","(3.6339488, 12.0756636, 4.103393)","(1.03464615, 1.03464615, 1.03464615)"
"LOD1 Material0","","1","On","0","(3.494361, 10.4598122, 3.39988947)","(1.30747652, 1.30747652, 1.30747652)"
"LOD0 Material0","","1","On","0","(3.41099858, 12.1958733, 3.50566244)","(1.01632273, 1.01632273, 1.01632273)"
"Ground_Moss_ShootMat_03_LOD1_Mesh","Assets/ForestPrototype/Art/SectionFive/Ground_Moss_Shoots_03/FBX/Ground_Moss_ShootMat_03_LOD1.fbx","6","On","0","(1.3603698, 0.0278475266, 1.26126134)","(0.888974547, 0.888974547, 0.888974547)"
"LOD2 Material1","","1","On","0","(3.71526, 12.3458624, 4.195208)","(1.05779684, 1.05779684, 1.05779684)"
"LOD1 Material1","","1","On","0","(4.0625844, 9.56103, 3.95392227)","(1.23569655, 1.23569655, 1.23569655)"
"LOD0 Material1","","1","On","0","(3.68946624, 12.3904715, 4.13484049)","(1.05938506, 1.05938506, 1.05938506)"
"Ground_Moss_ShootMat_03_LOD2_Mesh","Assets/ForestPrototype/Art/SectionFive/Ground_Moss_Shoots_03/FBX/Ground_Moss_ShootMat_03_LOD2.fbx","2","On","0","(1.25781751, 0.03189423, 1.06214738)","(0.9228542, 0.9228542, 0.9228542)"
"LOD2 Material1","","1","On","0","(3.65016, 12.1295347, 4.12169838)","(1.03926182, 1.03926182, 1.03926182)"
"LOD1 Material1","","1","On","0","(4.897608, 11.5262041, 4.76661158)","(1.4896816, 1.4896816, 1.4896816)"
"LOD1 Material1","","1","On","0","(4.27871132, 14.3693562, 4.79521656)","(1.22857964, 1.22857964, 1.22857964)"
"LOD0 Material0","","1","On","0","(4.177143, 11.7547207, 4.065572)","(1.46934009, 1.46934009, 1.46934009)"
"Trunk","Library/unity default resources","1","On","1","(0.1543893, 11.9227247, 0.154389322)","(0.154389292, 5.96136236, 0.154389292)"
"Ground_Moss_ShootMat_03_LOD2_Mesh","Assets/ForestPrototype/Art/SectionFive/Ground_Moss_Shoots_03/FBX/Ground_Moss_ShootMat_03_LOD2.fbx","2","On","0","(1.32463908, 0.0303118378, 1.37890053)","(0.877068, 0.877068, 0.877068)"
"LOD2 Material1","","1","On","0","(3.65497971, 12.14555, 4.127141)","(1.040634, 1.040634, 1.040634)"
"Ground_Moss_ShootMat_03_LOD0_Mesh","Assets/ForestPrototype/Art/SectionFive/Ground_Moss_Shoots_03/FBX/Ground_Moss_ShootMat_03_LOD0.fbx","6","On","0","(0.8359697, 0.0239221584, 1.03548133)","(0.824758649, 0.8247585, 0.824758649)"
"Ground_Moss_ShootMat_03_LOD1_Mesh","Assets/ForestPrototype/Art/SectionFive/Ground_Moss_Shoots_03/FBX/Ground_Moss_ShootMat_03_LOD1.fbx","6","On","0","(1.4226594, 0.030413216, 1.26662064)","(0.970879138, 0.9708789, 0.970879138)"
"LOD2 Material1","","1","On","0","(3.67148376, 12.2003937, 4.14577675)","(1.045333, 1.045333, 1.045333)"
"LOD2 Material1","","1","On","0","(3.61343765, 12.0075054, 4.080232)","(1.02880633, 1.02880633, 1.02880633)"
"Ground_Moss_ShootMat_03_LOD0_Mesh","Assets/ForestPrototype/Art/SectionFive/Ground_Moss_Shoots_03/FBX/Ground_Moss_ShootMat_03_LOD0.fbx","6","On","0","(1.29988837, 0.0246076826, 1.32237065)","(0.8483932, 0.8483932, 0.8483932)"
"Ground_Moss_ShootMat_03_LOD0_Mesh","Assets/ForestPrototype/Art/SectionFive/Ground_Moss_Shoots_03/FBX/Ground_Moss_ShootMat_03_LOD0.fbx","6","On","0","(1.49661422, 0.0326913856, 1.66649735)","(1.12709308, 1.12709308, 1.12709308)"
"Ground_Moss_ShootMat_03_LOD1_Mesh","Assets/ForestPrototype/Art/SectionFive/Ground_Moss_Shoots_03/FBX/Ground_Moss_ShootMat_03_LOD1.fbx","6","On","0","(1.76871312, 0.0354589857, 1.712246)","(1.13195467, 1.13195467, 1.13195467)"
"LOD2 Material0","","1","On","0","(3.67545915, 11.0027514, 3.576531)","(1.37534392, 1.37534392, 1.37534392)"
"Trunk","Library/unity default resources","1","On","1","(0.176713124, 13.123271, 0.176713154)","(0.176713109, 6.56163549, 0.176713109)"
"Ground_Moss_ShootMat_03_LOD0_Mesh","Assets/ForestPrototype/Art/SectionFive/Ground_Moss_Shoots_03/FBX/Ground_Moss_ShootMat_03_LOD0.fbx","6","On","0","(1.35211849, 0.02573416, 1.38385832)","(0.8872304, 0.887230456, 0.8872304)"
"LOD1 Material1","","1","On","0","(4.26137733, 14.311142, 4.77578974)","(1.22360229, 1.22360229, 1.22360229)"
"LOD1 Material1","","1","On","0","(4.49443769, 10.5773687, 4.37422466)","(1.36705124, 1.36705124, 1.36705124)"
"LOD1 Material1","","1","On","0","(4.033691, 13.5464945, 4.520618)","(1.15822494, 1.15822494, 1.15822494)"
"Bracken_Clump_01_LOD2_Mesh","Assets/ForestPrototype/Art/SectionFive/Woodland_Assets/Bracken_Clump_01/Bracken_Clump_01_LOD2.fbx","2","On","0","(1.31972766, 0.8599959, 1.34264231)","(0.8470083, 0.8470083, 0.8470083)"
"Trunk","Library/unity default resources","1","On","1","(0.107286163, 8.927035, 0.10728617)","(0.107286148, 4.46351767, 0.107286148)"
"LOD2 Material1","","1","On","0","(4.84980059, 11.2571249, 4.73145962)","(1.45087469, 1.45087469, 1.45087469)"
"LOD2 Material1","","1","On","0","(3.569592, 11.8618059, 4.03072262)","(1.01632273, 1.01632273, 1.01632273)"
"Ground_Moss_ShootMat_03_LOD0_Mesh","Assets/ForestPrototype/Art/SectionFive/Ground_Moss_Shoots_03/FBX/Ground_Moss_ShootMat_03_LOD0.fbx","6","On","0","(1.44096434, 0.0286479425, 1.28030324)","(0.9876882, 0.987688243, 0.9876882)"
"Stake Right","Library/unity default resources","1","On","0","(0.12, 0.6, 0.12)","(0.12, 0.6, 0.12)"
"Ground_Moss_ShootMat_03_LOD0_Mesh","Assets/ForestPrototype/Art/SectionFive/Ground_Moss_Shoots_03/FBX/Ground_Moss_ShootMat_03_LOD0.fbx","6","On","0","(0.808978438, 0.024075117, 1.0166533)","(0.8300321, 0.830032051, 0.8300321)"
"LOD0 Material0","","1","On","0","(4.15534258, 14.8572426, 4.270664)","(1.23810351, 1.23810351, 1.23810351)"
"Trunk","Library/unity default resources","1","On","1","(0.150093913, 10.93641, 0.150093928)","(0.1500939, 5.468205, 0.1500939)"
"Trunk","Library/unity default resources","1","On","1","(0.135662213, 9.848703, 0.135662228)","(0.1356622, 4.92435169, 0.1356622)"
"LOD0 Material1","","1","On","0","(4.70336962, 11.0690775, 4.57756853)","(1.43060112, 1.43060112, 1.43060112)"
"LOD1 Material1","","1","On","0","(4.673069, 10.9977665, 4.54807854)","(1.42138469, 1.42138469, 1.42138469)"
"Ground_Moss_ShootMat_03_LOD0_Mesh","Assets/ForestPrototype/Art/SectionFive/Ground_Moss_Shoots_03/FBX/Ground_Moss_ShootMat_03_LOD0.fbx","6","On","0","(1.15907693, 0.0238986574, 1.00343347)","(0.823948264, 0.823948264, 0.823948264)"
"Trunk","Library/unity default resources","1","On","1","(0.131062776, 9.525891, 0.131062791)","(0.131062761, 4.76294565, 0.131062761)"
"LOD1 Material0","","1","On","0","(3.104848, 9.293867, 3.02090716)","(1.16173339, 1.16173339, 1.16173339)"
"Trunk","Library/unity default resources","1","On","1","(0.158318475, 11.771039, 0.1583185)","(0.15831846, 5.8855195, 0.15831846)"
"Corner Post A","Library/unity default resources","1","On","0","(0.1, 0.9, 0.1)","(0.1, 0.9, 0.1)"
"Trunk","Library/unity default resources","1","On","1","(0.1596072, 12.3827047, 0.159607232)","(0.159607187, 6.19135237, 0.159607187)"
"LOD1 Material1","","1","On","0","(4.81788874, 11.3385906, 4.68902445)","(1.46543384, 1.46543384, 1.46543384)"
"LOD0 Material1","","1","On","0","(3.614196, 8.505777, 3.51752687)","(1.09931242, 1.09931242, 1.09931242)"
"LOD1 Material0","","1","On","0","(3.51827335, 12.5796185, 3.54059148)","(1.04830158, 1.04830158, 1.04830158)"
"Ground_Moss_ShootMat_03_LOD1_Mesh","Assets/ForestPrototype/Art/SectionFive/Ground_Moss_Shoots_03/FBX/Ground_Moss_ShootMat_03_LOD1.fbx","6","On","0","(1.1523509, 0.025255166, 1.00740373)","(0.806218863, 0.8062188, 0.806218863)"
"Ground_Moss_ShootMat_03_LOD1_Mesh","Assets/ForestPrototype/Art/SectionFive/Ground_Moss_Shoots_03/FBX/Ground_Moss_ShootMat_03_LOD1.fbx","6","On","0","(0.985266268, 0.0300849769, 1.2155782)","(0.9604007, 0.9604005, 0.9604007)"
"LOD1 Material0","","1","On","0","(4.05016851, 14.4814148, 4.0758605)","(1.20678461, 1.20678461, 1.20678461)"
"LOD2 Material0","","1","On","0","(3.56972218, 12.7642574, 3.59266114)","(1.06368816, 1.06368816, 1.06368816)"
"Ground_Moss_ShootMat_03_LOD2_Mesh","Assets/ForestPrototype/Art/SectionFive/Ground_Moss_Shoots_03/FBX/Ground_Moss_ShootMat_03_LOD2.fbx","2","On","0","(1.10114741, 0.0281053185, 0.9261352)","(0.813222647, 0.8132227, 0.813222647)"
"Ground_Moss_ShootMat_03_LOD2_Mesh","Assets/ForestPrototype/Art/SectionFive/Ground_Moss_Shoots_03/FBX/Ground_Moss_ShootMat_03_LOD2.fbx","2","On","0","(1.13500392, 0.0331263468, 1.32953024)","(0.9585056, 0.958505332, 0.9585056)"
"Ground_Moss_ShootMat_03_LOD0_Mesh","Assets/ForestPrototype/Art/SectionFive/Ground_Moss_Shoots_03/FBX/Ground_Moss_ShootMat_03_LOD0.fbx","6","On","0","(1.09723926, 0.0217811354, 1.16156709)","(0.750942945, 0.750943, 0.750942945)"
"Ground_Moss_ShootMat_03_LOD1_Mesh","Assets/ForestPrototype/Art/SectionFive/Ground_Moss_Shoots_03/FBX/Ground_Moss_ShootMat_03_LOD1.fbx","6","On","0","(1.29935622, 0.027694378, 1.37203646)","(0.8840856, 0.8840856, 0.8840856)"
"Ground_Moss_ShootMat_03_LOD0_Mesh","Assets/ForestPrototype/Art/SectionFive/Ground_Moss_Shoots_03/FBX/Ground_Moss_ShootMat_03_LOD0.fbx","6","On","0","(1.07846332, 0.0243320391, 1.21813965)","(0.838889956, 0.8388899, 0.838889956)"
"LOD2 Material1","","1","On","0","(3.69712853, 12.2856112, 4.17473459)","(1.05263448, 1.05263448, 1.05263448)"
"LOD0 Material1","","1","On","0","(4.87703, 11.4777756, 4.746584)","(1.48342252, 1.48342252, 1.48342252)"
"Ground_Moss_ShootMat_03_LOD0_Mesh","Assets/ForestPrototype/Art/SectionFive/Ground_Moss_Shoots_03/FBX/Ground_Moss_ShootMat_03_LOD0.fbx","6","On","0","(1.4758625, 0.0277608614, 1.38664389)","(0.957104564, 0.957104564, 0.957104564)"
"Ground_Moss_ShootMat_03_LOD1_Mesh","Assets/ForestPrototype/Art/SectionFive/Ground_Moss_Shoots_03/FBX/Ground_Moss_ShootMat_03_LOD1.fbx","6","On","0","(0.936892867, 0.0235644951, 0.7522534)","(0.752247632, 0.752247632, 0.752247632)"
"LOD1 Material0","","1","On","0","(3.84517074, 13.7484436, 3.86956263)","(1.14570367, 1.14570367, 1.14570367)"
"Ground_Moss_ShootMat_03_LOD1_Mesh","Assets/ForestPrototype/Art/SectionFive/Ground_Moss_Shoots_03/FBX/Ground_Moss_ShootMat_03_LOD1.fbx","6","On","0","(1.30424321, 0.0279611, 1.38246262)","(0.892600238, 0.8926001, 0.892600238)"
"Ground_Moss_ShootMat_03_LOD0_Mesh","Assets/ForestPrototype/Art/SectionFive/Ground_Moss_Shoots_03/FBX/Ground_Moss_ShootMat_03_LOD0.fbx","6","On","0","(1.00650036, 0.0300488677, 1.266368)","(1.0359875, 1.03598762, 1.0359875)"
"LOD0 Material0","","1","On","0","(3.65318322, 13.0617924, 3.754568)","(1.08848274, 1.08848274, 1.08848274)"
"LOD0 Material0","","1","On","0","(3.43386054, 12.2776146, 3.52915883)","(1.02313459, 1.02313459, 1.02313459)"
"Ground_Moss_ShootMat_03_LOD0_Mesh","Assets/ForestPrototype/Art/SectionFive/Ground_Moss_Shoots_03/FBX/Ground_Moss_ShootMat_03_LOD0.fbx","6","On","0","(1.25573277, 0.0243415982, 1.13952947)","(0.83921957, 0.839219451, 0.83921957)"
"Ground_Moss_ShootMat_03_LOD2_Mesh","Assets/ForestPrototype/Art/SectionFive/Ground_Moss_Shoots_03/FBX/Ground_Moss_ShootMat_03_LOD2.fbx","2","On","0","(1.69233537, 0.03714355, 1.63948655)","(1.07474232, 1.07474244, 1.07474232)"
"LOD0 Material0","","1","On","0","(3.71448731, 10.4527807, 3.61527348)","(1.30659759, 1.30659759, 1.30659759)"
"LOD2 Material1","","1","On","0","(4.88412, 11.3367853, 4.76494169)","(1.46114171, 1.46114171, 1.46114171)"
"Ground_Moss_ShootMat_03_LOD2_Mesh","Assets/ForestPrototype/Art/SectionFive/Ground_Moss_Shoots_03/FBX/Ground_Moss_ShootMat_03_LOD2.fbx","2","On","0","(1.39664507, 0.03075466, 1.38769341)","(0.8898811, 0.889880955, 0.8898811)"
"Ground_Moss_ShootMat_03_LOD0_Mesh","Assets/ForestPrototype/Art/SectionFive/Ground_Moss_Shoots_03/FBX/Ground_Moss_ShootMat_03_LOD0.fbx","6","On","0","(1.542027, 0.0288550742, 1.54143858)","(0.994829535, 0.9948295, 0.994829535)"
"LOD2 Material0","","1","On","0","(3.22493744, 9.654082, 3.13813543)","(1.20676029, 1.20676029, 1.20676029)"
"LOD1 Material1","","1","On","0","(4.37588024, 10.2983513, 4.258838)","(1.3309902, 1.3309902, 1.3309902)"
"Ground_Moss_ShootMat_03_LOD2_Mesh","Assets/ForestPrototype/Art/SectionFive/Ground_Moss_Shoots_03/FBX/Ground_Moss_ShootMat_03_LOD2.fbx","2","On","0","(1.23762822, 0.0273753479, 1.24152219)","(0.792101264, 0.792101145, 0.792101264)"
"Ground_Moss_ShootMat_03_LOD1_Mesh","Assets/ForestPrototype/Art/SectionFive/Ground_Moss_Shoots_03/FBX/Ground_Moss_ShootMat_03_LOD1.fbx","6","On","0","(0.853438854, 0.0225857981, 0.997604251)","(0.7210048, 0.7210048, 0.7210048)"
"Ground_Moss_ShootMat_03_LOD1_Mesh","Assets/ForestPrototype/Art/SectionFive/Ground_Moss_Shoots_03/FBX/Ground_Moss_ShootMat_03_LOD1.fbx","6","On","0","(1.20397723, 0.0241581649, 1.15937781)","(0.771199346, 0.771199346, 0.771199346)"
"Ground_Moss_ShootMat_03_LOD0_Mesh","Assets/ForestPrototype/Art/SectionFive/Ground_Moss_Shoots_03/FBX/Ground_Moss_ShootMat_03_LOD0.fbx","6","On","0","(1.54773235, 0.0306423809, 1.37964034)","(1.05645, 1.05645, 1.05645)"
"Ground_Moss_ShootMat_03_LOD2_Mesh","Assets/ForestPrototype/Art/SectionFive/Ground_Moss_Shoots_03/FBX/Ground_Moss_ShootMat_03_LOD2.fbx","2","On","0","(1.42328012, 0.0333797969, 1.50758278)","(0.9658388, 0.96583885, 0.9658388)"
"Ground_Moss_ShootMat_03_LOD2_Mesh","Assets/ForestPrototype/Art/SectionFive/Ground_Moss_Shoots_03/FBX/Ground_Moss_ShootMat_03_LOD2.fbx","2","On","0","(1.67708552, 0.03914978, 1.77104759)","(1.13279247, 1.13279235, 1.13279247)"
"LOD2 Material1","","1","On","0","(3.58396745, 11.9095755, 4.046955)","(1.02041566, 1.02041566, 1.02041566)"
"LOD1 Material0","","1","On","0","(3.4043448, 12.172266, 3.42594028)","(1.01435554, 1.01435554, 1.01435554)"
"LOD2 Material0","","1","On","0","(3.94799876, 11.8186178, 3.84173465)","(1.47732723, 1.47732723, 1.47732723)"
"Ground_Moss_ShootMat_03_LOD2_Mesh","Assets/ForestPrototype/Art/SectionFive/Ground_Moss_Shoots_03/FBX/Ground_Moss_ShootMat_03_LOD2.fbx","2","On","0","(1.39641607, 0.0349365547, 1.18902266)","(1.01088381, 1.01088345, 1.01088381)"
"Ground_Moss_ShootMat_03_LOD0_Mesh","Assets/ForestPrototype/Art/SectionFive/Ground_Moss_Shoots_03/FBX/Ground_Moss_ShootMat_03_LOD0.fbx","6","On","0","(1.34591746, 0.0293677244, 1.12413049)","(1.012504, 1.012504, 1.012504)"
"Ground_Moss_ShootMat_03_LOD0_Mesh","Assets/ForestPrototype/Art/SectionFive/Ground_Moss_Shoots_03/FBX/Ground_Moss_ShootMat_03_LOD0.fbx","6","On","0","(1.56234026, 0.0307861771, 1.6458075)","(1.0614078, 1.06140769, 1.0614078)"
"LOD1 Material0","","1","On","0","(3.46437049, 12.3868885, 3.48634672)","(1.03224075, 1.03224075, 1.03224075)"
"LOD2 Material0","","1","On","0","(2.68104315, 8.025895, 2.60888028)","(1.00323689, 1.00323689, 1.00323689)"
"LOD0 Material1","","1","On","0","(4.27359629, 10.0576324, 4.15929031)","(1.299879, 1.299879, 1.299879)"
"Ground_Moss_ShootMat_03_LOD1_Mesh","Assets/ForestPrototype/Art/SectionFive/Ground_Moss_Shoots_03/FBX/Ground_Moss_ShootMat_03_LOD1.fbx","6","On","0","(1.71265531, 0.0345650427, 1.714464)","(1.1034174, 1.10341728, 1.1034174)"
"Ground_Moss_ShootMat_03_LOD1_Mesh","Assets/ForestPrototype/Art/SectionFive/Ground_Moss_Shoots_03/FBX/Ground_Moss_ShootMat_03_LOD1.fbx","6","On","0","(1.19791484, 0.0269811116, 1.02821851)","(0.8613161, 0.8613161, 0.8613161)"
"Ground_Moss_ShootMat_03_LOD0_Mesh","Assets/ForestPrototype/Art/SectionFive/Ground_Moss_Shoots_03/FBX/Ground_Moss_ShootMat_03_LOD0.fbx","6","On","0","(1.4800005, 0.0324408375, 1.6505903)","(1.118455, 1.118455, 1.118455)"
"ShadeFern_Clump_01_LOD2_Mesh","Assets/ForestPrototype/Art/SectionFive/Woodland_Assets/ShadeFern_Clump_01/ShadeFern_Clump_01_LOD2.fbx","2","On","0","(1.3433466, 0.5427035, 1.36481857)","(0.957285166, 0.9572851, 0.957285166)"
"LOD1 Material0","","1","On","0","(3.93233562, 11.77082, 3.82602358)","(1.47135246, 1.47135246, 1.47135246)"
"Woodland_Grass_Tuft_03_LOD1_Foliage","Assets/ForestPrototype/Art/SectionFive/Woodland_Grass_Rush/FBX/Woodland_Grass_Tuft_03_LOD1.fbx","2","On","0","(1.51679885, 0.294797748, 1.38513923)","(1.06, 1.06000006, 1.06)"
"Ground_Moss_ShootMat_03_LOD0_Mesh","Assets/ForestPrototype/Art/SectionFive/Ground_Moss_Shoots_03/FBX/Ground_Moss_ShootMat_03_LOD0.fbx","6","On","0","(1.17995167, 0.028187871, 1.36462784)","(0.9718266, 0.9718265, 0.9718266)"
"LOD2 Material0","","1","On","0","(3.47225761, 12.4157543, 3.49457026)","(1.03464615, 1.03464615, 1.03464615)"
"Ground_Moss_ShootMat_03_LOD0_Mesh","Assets/ForestPrototype/Art/SectionFive/Ground_Moss_Shoots_03/FBX/Ground_Moss_ShootMat_03_LOD0.fbx","6","On","0","(1.07996273, 0.0208155848, 1.118638)","(0.717654, 0.71765393, 0.717654)"
"LOD2 Material1","","1","On","0","(3.54389882, 11.7764263, 4.00171)","(1.00900745, 1.00900745, 1.00900745)"
"Ground_Moss_ShootMat_03_LOD1_Mesh","Assets/ForestPrototype/Art/SectionFive/Ground_Moss_Shoots_03/FBX/Ground_Moss_ShootMat_03_LOD1.fbx","6","On","0","(1.1075027, 0.0240583587, 0.9742929)","(0.768013239, 0.768013239, 0.768013239)"
"LOD2 Material0","","1","On","0","(3.21653485, 9.628928, 3.12995887)","(1.203616, 1.203616, 1.203616)"
"LOD2 Material1","","1","On","0","(4.913792, 11.4056578, 4.79388952)","(1.47001839, 1.47001839, 1.47001839)"
"Ground_Moss_ShootMat_03_LOD0_Mesh","Assets/ForestPrototype/Art/SectionFive/Ground_Moss_Shoots_03/FBX/Ground_Moss_ShootMat_03_LOD0.fbx","6","On","0","(1.69990253, 0.0316585153, 1.63423157)","(1.09148312, 1.09148312, 1.09148312)"
"Ground_Moss_ShootMat_03_LOD2_Mesh","Assets/ForestPrototype/Art/SectionFive/Ground_Moss_Shoots_03/FBX/Ground_Moss_ShootMat_03_LOD2.fbx","2","On","0","(0.938016534, 0.0279263854, 1.107198)","(0.8080453, 0.8080453, 0.8080453)"
"LOD0 Material0","","1","On","0","(3.5501945, 12.6935616, 3.64872146)","(1.05779684, 1.05779684, 1.05779684)"
"Trunk","Library/unity default resources","1","On","1","(0.153539538, 11.8135681, 0.153539553)","(0.153539523, 5.906784, 0.153539523)"
"LOD0 Material0","","1","On","0","(3.12520266, 8.794499, 3.0417285)","(1.09931242, 1.09931242, 1.09931242)"
"Ground_Moss_ShootMat_03_LOD1_Mesh","Assets/ForestPrototype/Art/SectionFive/Ground_Moss_Shoots_03/FBX/Ground_Moss_ShootMat_03_LOD1.fbx","6","On","0","(1.13445616, 0.0235825628, 1.17574513)","(0.752824366, 0.7528244, 0.752824366)"
"LOD0 Material1","","1","On","0","(4.68099928, 11.01643, 4.555796)","(1.42379677, 1.42379677, 1.42379677)"
"Ground_Moss_ShootMat_03_LOD2_Mesh","Assets/ForestPrototype/Art/SectionFive/Ground_Moss_Shoots_03/FBX/Ground_Moss_ShootMat_03_LOD2.fbx","2","On","0","(1.75401664, 0.0395394452, 1.80205631)","(1.14406729, 1.14406729, 1.14406729)"
"Bracken_Clump_01_LOD2_Mesh","Assets/ForestPrototype/Art/SectionFive/Woodland_Assets/Bracken_Clump_01/Bracken_Clump_01_LOD2.fbx","2","On","0","(1.35658312, 0.869677842, 1.3592428)","(0.8565439, 0.856544, 0.8565439)"
"LOD0 Material1","","1","On","0","(3.60407615, 8.48196, 3.50767779)","(1.09623432, 1.09623432, 1.09623432)"
"LOD2 Material1","","1","On","0","(4.78389645, 11.1041508, 4.66716337)","(1.43115866, 1.43115866, 1.43115866)"
"LOD1 Material1","","1","On","0","(4.495717, 10.5803795, 4.37546968)","(1.36744034, 1.36744034, 1.36744034)"
"Trunk","Library/unity default resources","1","On","1","(0.1701606, 12.6746635, 0.170160636)","(0.170160592, 6.337332, 0.170160592)"
"LOD0 Material1","","1","On","0","(3.66595626, 12.3115177, 4.10849237)","(1.05263448, 1.05263448, 1.05263448)"
"LOD0 Material0","","1","On","0","(3.952023, 11.12122, 3.84646463)","(1.39015245, 1.39015245, 1.39015245)"
"Woodland_Rush_Clump_01_LOD2_Foliage","Assets/ForestPrototype/Art/SectionFive/Woodland_Grass_Rush/FBX/Woodland_Rush_Clump_01_LOD2.fbx","2","On","0","(0.464969933, 0.8403424, 0.6102946)","(1, 1, 1)"
"Ground_Moss_ShootMat_03_LOD2_Mesh","Assets/ForestPrototype/Art/SectionFive/Ground_Moss_Shoots_03/FBX/Ground_Moss_ShootMat_03_LOD2.fbx","2","On","0","(1.19056392, 0.0269149654, 1.22652125)","(0.77878, 0.778780043, 0.77878)"
"LOD2 Material1","","1","On","0","(3.76506877, 12.5113773, 4.25145149)","(1.07197821, 1.07197821, 1.07197821)"
"Ground_Moss_ShootMat_03_LOD1_Mesh","Assets/ForestPrototype/Art/SectionFive/Ground_Moss_Shoots_03/FBX/Ground_Moss_ShootMat_03_LOD1.fbx","6","On","0","(1.30235648, 0.0312009063, 1.07608235)","(0.9960242, 0.996024251, 0.9960242)"
"Ground_Moss_ShootMat_03_LOD1_Mesh","Assets/ForestPrototype/Art/SectionFive/Ground_Moss_Shoots_03/FBX/Ground_Moss_ShootMat_03_LOD1.fbx","6","On","0","(1.09544086, 0.0258453935, 0.913461566)","(0.825060546, 0.8250606, 0.825060546)"
"LOD1 Material0","","1","On","0","(3.64113426, 10.8991547, 3.54269481)","(1.36239433, 1.36239433, 1.36239433)"
"Footing Front","Library/unity default resources","1","On","0","(2.4, 0.1, 0.14)","(2.4, 0.1, 0.14)"
"Ground_Moss_ShootMat_03_LOD0_Mesh","Assets/ForestPrototype/Art/SectionFive/Ground_Moss_Shoots_03/FBX/Ground_Moss_ShootMat_03_LOD0.fbx","6","On","0","(1.5655067, 0.031019995, 1.39457607)","(1.069469, 1.069469, 1.069469)"
"LOD0 Material0","","1","On","0","(4.091153, 11.5127392, 3.98187828)","(1.4390924, 1.4390924, 1.4390924)"
"LOD1 Material1","","1","On","0","(3.60407615, 8.48196, 3.50767779)","(1.09623432, 1.09623432, 1.09623432)"
"Woodland_Grass_Tuft_03_LOD0_Foliage","Assets/ForestPrototype/Art/SectionFive/Woodland_Grass_Rush/FBX/Woodland_Grass_Tuft_03_LOD0.fbx","2","On","0","(1.44551849, 0.252515435, 1.42316079)","(0.9084037, 0.9084036, 0.9084037)"
"LOD2 Material1","","1","On","0","(4.115125, 9.551831, 4.01471138)","(1.23108792, 1.23108792, 1.23108792)"
"Ground_Moss_ShootMat_03_LOD0_Mesh","Assets/ForestPrototype/Art/SectionFive/Ground_Moss_Shoots_03/FBX/Ground_Moss_ShootMat_03_LOD0.fbx","6","On","0","(1.55328178, 0.03117654, 1.65581226)","(1.074866, 1.074866, 1.074866)"
"LOD1 Material0","","1","On","0","(3.51419, 12.56502, 3.53648233)","(1.04708493, 1.04708493, 1.04708493)"
"LOD1 Material0","","1","On","0","(2.797623, 8.374238, 2.7219882)","(1.04677975, 1.04677975, 1.04677975)"
"Ground_Moss_ShootMat_03_LOD0_Mesh","Assets/ForestPrototype/Art/SectionFive/Ground_Moss_Shoots_03/FBX/Ground_Moss_ShootMat_03_LOD0.fbx","6","On","0","(1.361636, 0.0307363831, 1.11438787)","(1.059691, 1.059691, 1.059691)"
"LOD0 Material1","","1","On","0","(4.32567739, 10.1802025, 4.209978)","(1.3157202, 1.3157202, 1.3157202)"
"LOD0 Material0","","1","On","0","(3.4024694, 12.1653767, 3.49689651)","(1.01378143, 1.01378143, 1.01378143)"
"Trunk","Library/unity default resources","1","On","1","(0.152719945, 12.0592241, 0.15271996)","(0.15271993, 6.029612, 0.15271993)"
"LOD0 Material0","","1","On","0","(3.49705672, 12.5035706, 3.59410882)","(1.04196417, 1.04196417, 1.04196417)"
"LOD2 Material1","","1","On","0","(4.024012, 13.3718491, 4.54384565)","(1.14570367, 1.14570367, 1.14570367)"
"LOD0 Material1","","1","On","0","(3.91996813, 9.225391, 3.81512046)","(1.19231761, 1.19231761, 1.19231761)"
"Ground_Moss_ShootMat_03_LOD2_Mesh","Assets/ForestPrototype/Art/SectionFive/Ground_Moss_Shoots_03/FBX/Ground_Moss_ShootMat_03_LOD2.fbx","2","On","0","(1.51292491, 0.0349569656, 1.36220384)","(1.01147413, 1.011474, 1.01147413)"
"Ground_Moss_ShootMat_03_LOD2_Mesh","Assets/ForestPrototype/Art/SectionFive/Ground_Moss_Shoots_03/FBX/Ground_Moss_ShootMat_03_LOD2.fbx","2","On","0","(0.895856857, 0.0242210068, 1.01779)","(0.700831, 0.7008308, 0.700831)"
"LOD1 Material0","","1","On","0","(3.73715281, 11.1865711, 3.63611746)","(1.39832139, 1.39832139, 1.39832139)"
"LOD1 Material0","","1","On","0","(3.638788, 13.0105209, 3.66187072)","(1.08421, 1.08421, 1.08421)"
"Trunk","Library/unity default resources","1","On","1","(0.1750554, 12.9875517, 0.175055429)","(0.175055385, 6.493776, 0.175055385)"
"Trunk","Library/unity default resources","1","On","1","(0.140537754, 11.0027514, 0.140537769)","(0.140537739, 5.50137568, 0.140537739)"
"LOD1 Material0","","1","On","0","(3.40632558, 10.1962929, 3.3142345)","(1.27453661, 1.27453661, 1.27453661)"
"LOD0 Material1","","1","On","0","(3.49841428, 11.7488556, 3.92072558)","(1.00452685, 1.00452685, 1.00452685)"
"Ground_Moss_ShootMat_03_LOD2_Mesh","Assets/ForestPrototype/Art/SectionFive/Ground_Moss_Shoots_03/FBX/Ground_Moss_ShootMat_03_LOD2.fbx","2","On","0","(1.04384494, 0.028539123, 0.8429974)","(0.82577467, 0.8257748, 0.82577467)"
"Ground_Moss_ShootMat_03_LOD1_Mesh","Assets/ForestPrototype/Art/SectionFive/Ground_Moss_Shoots_03/FBX/Ground_Moss_ShootMat_03_LOD1.fbx","6","On","0","(1.77963877, 0.0358982161, 1.77970219)","(1.14597619, 1.14597619, 1.14597619)"
"Ground_Moss_ShootMat_03_LOD1_Mesh","Assets/ForestPrototype/Art/SectionFive/Ground_Moss_Shoots_03/FBX/Ground_Moss_ShootMat_03_LOD1.fbx","6","On","0","(1.44053543, 0.0334917, 1.21202254)","(1.06915307, 1.06915307, 1.06915307)"
"Ground_Moss_ShootMat_03_LOD2_Mesh","Assets/ForestPrototype/Art/SectionFive/Ground_Moss_Shoots_03/FBX/Ground_Moss_ShootMat_03_LOD2.fbx","2","On","0","(1.26769757, 0.0290037766, 1.15124547)","(0.83921957, 0.839219451, 0.83921957)"
"LOD1 Material0","","1","On","0","(3.824117, 11.4468842, 3.72073054)","(1.43086052, 1.43086052, 1.43086052)"
"LOD0 Material1","","1","On","0","(4.73847628, 11.1516981, 4.6117363)","(1.44127929, 1.44127929, 1.44127929)"
"Ground_Moss_ShootMat_03_LOD0_Mesh","Assets/ForestPrototype/Art/SectionFive/Ground_Moss_Shoots_03/FBX/Ground_Moss_ShootMat_03_LOD0.fbx","6","On","0","(1.51215124, 0.0286853854, 1.5420537)","(0.988979161, 0.988979161, 0.988979161)"
"Corner Post B","Library/unity default resources","1","On","0","(0.1, 0.6, 0.1)","(0.1, 0.6, 0.1)"
"Ground_Moss_ShootMat_03_LOD2_Mesh","Assets/ForestPrototype/Art/SectionFive/Ground_Moss_Shoots_03/FBX/Ground_Moss_ShootMat_03_LOD2.fbx","2","On","0","(1.3109374, 0.0361653566, 1.0531894)","(1.04643857, 1.04643857, 1.04643857)"
"LOD0 Material0","","1","On","0","(3.63378358, 12.99243, 3.73463)","(1.08270252, 1.08270252, 1.08270252)"
"Ground_Moss_ShootMat_03_LOD1_Mesh","Assets/ForestPrototype/Art/SectionFive/Ground_Moss_Shoots_03/FBX/Ground_Moss_ShootMat_03_LOD1.fbx","6","On","0","(1.25189376, 0.0302187689, 1.40935469)","(0.9646717, 0.964671552, 0.9646717)"
"LOD2 Material1","","1","On","0","(4.60101843, 10.6796627, 4.4887476)","(1.37644851, 1.37644851, 1.37644851)"
"LOD1 Material1","","1","On","0","(3.68946624, 12.3904715, 4.13484049)","(1.05938506, 1.05938506, 1.05938506)"
"Ground_Moss_ShootMat_03_LOD1_Mesh","Assets/ForestPrototype/Art/SectionFive/Ground_Moss_Shoots_03/FBX/Ground_Moss_ShootMat_03_LOD1.fbx","6","On","0","(1.43268323, 0.03138159, 1.25295973)","(1.00179231, 1.00179219, 1.00179231)"
"Trunk","Library/unity default resources","1","On","1","(0.17180033, 12.1080894, 0.17180036)","(0.171800315, 6.05404472, 0.171800315)"
"ShadeFern_Clump_01_LOD0_Mesh","Assets/ForestPrototype/Art/SectionFive/Woodland_Assets/ShadeFern_Clump_01/ShadeFern_Clump_01_LOD0.fbx","2","On","0","(1.31634259, 0.544731, 1.32488585)","(0.9572852, 0.9572851, 0.9572852)"
"LOD0 Material1","","1","On","0","(3.75555944, 12.6124353, 4.20891237)","(1.078363, 1.078363, 1.078363)"
"LOD1 Material1","","1","On","0","(4.054254, 9.541426, 3.94581485)","(1.23316276, 1.23316276, 1.23316276)"
"LOD2 Material1","","1","On","0","(4.237547, 9.83599, 4.13414526)","(1.26771176, 1.26771176, 1.26771176)"
"Ground_Moss_ShootMat_03_LOD2_Mesh","Assets/ForestPrototype/Art/SectionFive/Ground_Moss_Shoots_03/FBX/Ground_Moss_ShootMat_03_LOD2.fbx","2","On","0","(0.752405167, 0.0249637924, 0.9247879)","(0.722323358, 0.7223232, 0.722323358)"
"Ground_Moss_ShootMat_03_LOD0_Mesh","Assets/ForestPrototype/Art/SectionFive/Ground_Moss_Shoots_03/FBX/Ground_Moss_ShootMat_03_LOD0.fbx","6","On","0","(1.58743763, 0.0328531079, 1.72174811)","(1.13266873, 1.13266873, 1.13266873)"
"LOD1 Material1","","1","On","0","(3.78320813, 8.903536, 3.68201852)","(1.15072, 1.15072, 1.15072)"
"LOD1 Material1","","1","On","0","(4.07668447, 9.59421349, 3.967645)","(1.23998523, 1.23998523, 1.23998523)"
"Ground_Moss_ShootMat_03_LOD0_Mesh","Assets/ForestPrototype/Art/SectionFive/Ground_Moss_Shoots_03/FBX/Ground_Moss_ShootMat_03_LOD0.fbx","6","On","0","(1.50497675, 0.0295406, 1.58107615)","(1.01846433, 1.01846421, 1.01846433)"
"Ground_Moss_ShootMat_03_LOD2_Mesh","Assets/ForestPrototype/Art/SectionFive/Ground_Moss_Shoots_03/FBX/Ground_Moss_ShootMat_03_LOD2.fbx","2","On","0","(1.15435481, 0.031299524, 0.936753333)","(0.9056465, 0.905646563, 0.9056465)"
"Ground_Moss_ShootMat_03_LOD0_Mesh","Assets/ForestPrototype/Art/SectionFive/Ground_Moss_Shoots_03/FBX/Ground_Moss_ShootMat_03_LOD0.fbx","6","On","0","(1.46576357, 0.0282751042, 1.51933312)","(0.9748343, 0.974834, 0.9748343)"
"LOD2 Material1","","1","On","0","(3.85952115, 12.8252439, 4.358105)","(1.0988704, 1.0988704, 1.0988704)"
"Ground_Moss_ShootMat_03_LOD2_Mesh","Assets/ForestPrototype/Art/SectionFive/Ground_Moss_Shoots_03/FBX/Ground_Moss_ShootMat_03_LOD2.fbx","2","On","0","(1.11981058, 0.0258328263, 1.00960112)","(0.7474685, 0.747468531, 0.7474685)"
"Ground_Moss_ShootMat_03_LOD1_Mesh","Assets/ForestPrototype/Art/SectionFive/Ground_Moss_Shoots_03/FBX/Ground_Moss_ShootMat_03_LOD1.fbx","6","On","0","(1.26838374, 0.0257593561, 1.28263819)","(0.822314262, 0.822314, 0.822314262)"
"Ground_Moss_ShootMat_03_LOD0_Mesh","Assets/ForestPrototype/Art/SectionFive/Ground_Moss_Shoots_03/FBX/Ground_Moss_ShootMat_03_LOD0.fbx","6","On","0","(1.092434, 0.0286065154, 1.30912375)","(0.986259937, 0.98626, 0.986259937)"
"Ground_Moss_ShootMat_03_LOD2_Mesh","Assets/ForestPrototype/Art/SectionFive/Ground_Moss_Shoots_03/FBX/Ground_Moss_ShootMat_03_LOD2.fbx","2","On","0","(1.07326221, 0.026515333, 1.170561)","(0.7672168, 0.767216742, 0.7672168)"
"LOD1 Material0","","1","On","0","(3.07541347, 9.20576, 2.99226856)","(1.15072, 1.15072, 1.15072)"
"LOD1 Material0","","1","On","0","(3.69835639, 11.07044, 3.59837)","(1.383805, 1.383805, 1.383805)"
"LOD2 Material1","","1","On","0","(4.51709938, 10.4848738, 4.40687656)","(1.35134315, 1.35134315, 1.35134315)"
"LOD1 Material1","","1","On","0","(3.91476965, 9.213158, 3.810061)","(1.19073641, 1.19073641, 1.19073641)"
"LOD2 Material1","","1","On","0","(4.88855, 11.3470678, 4.76926327)","(1.462467, 1.462467, 1.462467)"
"Ground_Moss_ShootMat_03_LOD0_Mesh","Assets/ForestPrototype/Art/SectionFive/Ground_Moss_Shoots_03/FBX/Ground_Moss_ShootMat_03_LOD0.fbx","6","On","0","(1.245813, 0.0309108552, 1.46246707)","(1.06570625, 1.06570613, 1.06570625)"
"LOD0 Material1","","1","On","0","(4.651872, 10.9478807, 4.52744865)","(1.41493738, 1.41493738, 1.41493738)"
"LOD0 Material0","","1","On","0","(3.845229, 13.7484436, 3.95194364)","(1.14570367, 1.14570367, 1.14570367)"
"LOD2 Material0","","1","On","0","(3.65112758, 10.9299126, 3.552854)","(1.36623907, 1.36623907, 1.36623907)"
"LOD2 Material0","","1","On","0","(3.38621449, 12.1080894, 3.40797424)","(1.00900745, 1.00900745, 1.00900745)"
"LOD0 Material0","","1","On","0","(3.128474, 8.803705, 3.04491258)","(1.10046315, 1.10046315, 1.10046315)"
"Ground_Moss_ShootMat_03_LOD1_Mesh","Assets/ForestPrototype/Art/SectionFive/Ground_Moss_Shoots_03/FBX/Ground_Moss_ShootMat_03_LOD1.fbx","6","On","0","(1.09476185, 0.024505334, 1.1894846)","(0.782282054, 0.782282, 0.782282054)"
"Ground_Moss_ShootMat_03_LOD0_Mesh","Assets/ForestPrototype/Art/SectionFive/Ground_Moss_Shoots_03/FBX/Ground_Moss_ShootMat_03_LOD0.fbx","6","On","0","(1.72122288, 0.0321859047, 1.71807146)","(1.10966575, 1.10966575, 1.10966575)"
"Ground_Moss_ShootMat_03_LOD0_Mesh","Assets/ForestPrototype/Art/SectionFive/Ground_Moss_Shoots_03/FBX/Ground_Moss_ShootMat_03_LOD0.fbx","6","On","0","(1.6476742, 0.0316501521, 1.50837445)","(1.09119475, 1.09119475, 1.09119475)"
"LOD1 Material1","","1","On","0","(3.55374932, 11.9346895, 3.98274064)","(1.02041566, 1.02041566, 1.02041566)"
"LOD2 Material0","","1","On","0","(3.88698626, 13.8986988, 3.911964)","(1.15822494, 1.15822494, 1.15822494)"
"LOD0 Material1","","1","On","0","(3.89231157, 9.160304, 3.78820372)","(1.18390548, 1.18390548, 1.18390548)"
"Ground_Moss_ShootMat_03_LOD0_Mesh","Assets/ForestPrototype/Art/SectionFive/Ground_Moss_Shoots_03/FBX/Ground_Moss_ShootMat_03_LOD0.fbx","6","On","0","(1.131165, 0.0279548485, 1.32582951)","(0.963792562, 0.9637926, 0.963792562)"
"LOD1 Material1","","1","On","0","(4.63187075, 10.9008083, 4.507982)","(1.40885353, 1.40885353, 1.40885353)"
"LOD0 Material1","","1","On","0","(3.64055276, 12.2262039, 4.08002234)","(1.04534018, 1.04534018, 1.04534018)"
"Ground_Moss_ShootMat_03_LOD2_Mesh","Assets/ForestPrototype/Art/SectionFive/Ground_Moss_Shoots_03/FBX/Ground_Moss_ShootMat_03_LOD2.fbx","2","On","0","(1.31282687, 0.0293208249, 1.33535719)","(0.8483932, 0.8483932, 0.8483932)"
"Ground_Moss_ShootMat_03_LOD2_Mesh","Assets/ForestPrototype/Art/SectionFive/Ground_Moss_Shoots_03/FBX/Ground_Moss_ShootMat_03_LOD2.fbx","2","On","0","(1.36560917, 0.0306630563, 1.397417)","(0.8872304, 0.887230456, 0.8872304)"
"Woodland_Grass_Tuft_03_LOD1_Foliage","Assets/ForestPrototype/Art/SectionFive/Woodland_Grass_Rush/FBX/Woodland_Grass_Tuft_03_LOD1.fbx","2","On","0","(1.3403616, 0.2526371, 1.2388854)","(0.9084037, 0.9084036, 0.9084037)"
"Ground_Moss_ShootMat_03_LOD1_Mesh","Assets/ForestPrototype/Art/SectionFive/Ground_Moss_Shoots_03/FBX/Ground_Moss_ShootMat_03_LOD1.fbx","6","On","0","(0.850598752, 0.0222614314, 0.989952147)","(0.71065, 0.71065, 0.71065)"
"Ground_Moss_ShootMat_03_LOD0_Mesh","Assets/ForestPrototype/Art/SectionFive/Ground_Moss_Shoots_03/FBX/Ground_Moss_ShootMat_03_LOD0.fbx","6","On","0","(1.25023413, 0.0248199925, 1.32359338)","(0.855712831, 0.85571295, 0.855712831)"
"LOD1 Material1","","1","On","0","(3.88616729, 13.05106, 4.355286)","(1.11586535, 1.11586535, 1.11586535)"
"Ground_Moss_ShootMat_03_LOD1_Mesh","Assets/ForestPrototype/Art/SectionFive/Ground_Moss_Shoots_03/FBX/Ground_Moss_ShootMat_03_LOD1.fbx","6","On","0","(1.66383982, 0.0354852267, 1.75764322)","(1.13279247, 1.13279235, 1.13279247)"
"LOD1 Material1","","1","On","0","(3.93817973, 13.2257357, 4.41357756)","(1.13080013, 1.13080013, 1.13080013)"
"LOD2 Material0","","1","On","0","(3.65424442, 10.9392433, 3.555887)","(1.36740541, 1.36740541, 1.36740541)"
"Ground_Moss_ShootMat_03_LOD1_Mesh","Assets/ForestPrototype/Art/SectionFive/Ground_Moss_Shoots_03/FBX/Ground_Moss_ShootMat_03_LOD1.fbx","6","On","0","(1.366674, 0.02739195, 1.3268187)","(0.8744312, 0.8744312, 0.8744312)"
"Ground_Moss_ShootMat_03_LOD2_Mesh","Assets/ForestPrototype/Art/SectionFive/Ground_Moss_Shoots_03/FBX/Ground_Moss_ShootMat_03_LOD2.fbx","2","On","0","(1.06903434, 0.0249324664, 1.12823749)","(0.72141695, 0.7214168, 0.72141695)"
"Ground_Moss_ShootMat_03_LOD2_Mesh","Assets/ForestPrototype/Art/SectionFive/Ground_Moss_Shoots_03/FBX/Ground_Moss_ShootMat_03_LOD2.fbx","2","On","0","(1.10594177, 0.0242708437, 1.08293748)","(0.702272832, 0.702272832, 0.702272832)"
"LOD1 Material1","","1","On","0","(3.69677567, 8.700123, 3.597898)","(1.1244303, 1.1244303, 1.1244303)"
"Trunk","Library/unity default resources","1","On","1","(0.154118687, 11.5624161, 0.1541187)","(0.154118672, 5.781208, 0.154118672)"
"Ground_Moss_ShootMat_03_LOD0_Mesh","Assets/ForestPrototype/Art/SectionFive/Ground_Moss_Shoots_03/FBX/Ground_Moss_ShootMat_03_LOD0.fbx","6","On","0","(1.42694724, 0.0295895915, 1.23066711)","(1.02015328, 1.02015328, 1.02015328)"
"LOD1 Material1","","1","On","0","(4.16784048, 9.80874348, 4.056363)","(1.26771176, 1.26771176, 1.26771176)"
"Ground_Moss_ShootMat_03_LOD2_Mesh","Assets/ForestPrototype/Art/SectionFive/Ground_Moss_Shoots_03/FBX/Ground_Moss_ShootMat_03_LOD2.fbx","2","On","0","(1.32039666, 0.0347414874, 1.09052467)","(1.005239, 1.00523913, 1.005239)"
"LOD0 Material1","","1","On","0","(3.84506917, 9.049122, 3.742225)","(1.169536, 1.169536, 1.169536)"
"Ground_Moss_ShootMat_03_LOD0_Mesh","Assets/ForestPrototype/Art/SectionFive/Ground_Moss_Shoots_03/FBX/Ground_Moss_ShootMat_03_LOD0.fbx","6","On","0","(1.09302247, 0.02198986, 1.16681969)","(0.7581391, 0.758139133, 0.7581391)"
"LOD2 Material0","","1","On","0","(3.26966047, 9.787964, 3.18165469)","(1.22349548, 1.22349548, 1.22349548)"
"LOD0 Material0","","1","On","0","(3.71701813, 13.2900324, 3.820175)","(1.1075027, 1.1075027, 1.1075027)"
"Ground_Moss_ShootMat_03_LOD2_Mesh","Assets/ForestPrototype/Art/SectionFive/Ground_Moss_Shoots_03/FBX/Ground_Moss_ShootMat_03_LOD2.fbx","2","On","0","(1.2080878, 0.0267592873, 1.214786)","(0.774275541, 0.774275541, 0.774275541)"
"Ground_Moss_ShootMat_03_LOD1_Mesh","Assets/ForestPrototype/Art/SectionFive/Ground_Moss_Shoots_03/FBX/Ground_Moss_ShootMat_03_LOD1.fbx","6","On","0","(1.07435679, 0.027328711, 1.2362541)","(0.872412443, 0.872412443, 0.872412443)"
"LOD2 Material0","","1","On","0","(3.96279216, 14.1697578, 3.988257)","(1.18081319, 1.18081319, 1.18081319)"
"LOD1 Material0","","1","On","0","(3.78557253, 11.3315077, 3.68322825)","(1.41643846, 1.41643846, 1.41643846)"
"LOD0 Material0","","1","On","0","(4.013542, 11.2943382, 3.9063406)","(1.41179228, 1.41179228, 1.41179228)"
"LOD1 Material1","","1","On","0","(3.818093, 12.8224449, 4.27899456)","(1.09631872, 1.09631872, 1.09631872)"
"Ground_Moss_ShootMat_03_LOD0_Mesh","Assets/ForestPrototype/Art/SectionFive/Ground_Moss_Shoots_03/FBX/Ground_Moss_ShootMat_03_LOD0.fbx","6","On","0","(1.41447258, 0.0263013821, 1.3790617)","(0.906786442, 0.906786442, 0.906786442)"
"LOD0 Material0","","1","On","0","(3.99250674, 14.27503, 4.103309)","(1.1895858, 1.1895858, 1.1895858)"
"LOD0 Material0","","1","On","0","(4.107874, 11.5597925, 3.99815249)","(1.44497406, 1.44497406, 1.44497406)"
"Ground_Moss_ShootMat_03_LOD1_Mesh","Assets/ForestPrototype/Art/SectionFive/Ground_Moss_Shoots_03/FBX/Ground_Moss_ShootMat_03_LOD1.fbx","6","On","0","(1.29835343, 0.03153947, 1.46565759)","(1.00683248, 1.00683224, 1.00683248)"
"LOD1 Material0","","1","On","0","(3.73997283, 13.3723087, 3.76369739)","(1.114359, 1.114359, 1.114359)"
"Ground_Moss_ShootMat_03_LOD2_Mesh","Assets/ForestPrototype/Art/SectionFive/Ground_Moss_Shoots_03/FBX/Ground_Moss_ShootMat_03_LOD2.fbx","2","On","0","(0.943627238, 0.0259979945, 0.758675933)","(0.752247632, 0.752247632, 0.752247632)"
"LOD0 Material1","","1","On","0","(3.93817973, 13.2257357, 4.41357756)","(1.13080013, 1.13080013, 1.13080013)"
"LOD2 Material1","","1","On","0","(4.68924856, 10.8844585, 4.574825)","(1.40284359, 1.40284359, 1.40284359)"
"Ground_Moss_ShootMat_03_LOD0_Mesh","Assets/ForestPrototype/Art/SectionFive/Ground_Moss_Shoots_03/FBX/Ground_Moss_ShootMat_03_LOD0.fbx","6","On","0","(1.41555989, 0.0287929345, 1.23691952)","(0.992687, 0.9926871, 0.992687)"
"Ground_Moss_ShootMat_03_LOD2_Mesh","Assets/ForestPrototype/Art/SectionFive/Ground_Moss_Shoots_03/FBX/Ground_Moss_ShootMat_03_LOD2.fbx","2","On","0","(1.23315609, 0.0310418047, 1.3573606)","(0.898189545, 0.8981895, 0.898189545)"
"LOD0 Material1","","1","On","0","(3.91476965, 9.213158, 3.810061)","(1.19073641, 1.19073641, 1.19073641)"
"Ground_Moss_ShootMat_03_LOD2_Mesh","Assets/ForestPrototype/Art/SectionFive/Ground_Moss_Shoots_03/FBX/Ground_Moss_ShootMat_03_LOD2.fbx","2","On","0","(1.34901953, 0.0367178135, 1.53689051)","(1.06242371, 1.06242383, 1.06242371)"
"LOD0 Material0","","1","On","0","(3.588403, 10.0979719, 3.49255681)","(1.26224649, 1.26224649, 1.26224649)"
"Ground_Moss_ShootMat_03_LOD1_Mesh","Assets/ForestPrototype/Art/SectionFive/Ground_Moss_Shoots_03/FBX/Ground_Moss_ShootMat_03_LOD1.fbx","6","On","0","(1.36390615, 0.03295008, 1.53601146)","(1.05186343, 1.05186307, 1.05186343)"
"LOD2 Material1","","1","On","0","(4.023776, 9.339795, 3.92559075)","(1.20375967, 1.20375967, 1.20375967)"
"Ground_Moss_ShootMat_03_LOD1_Mesh","Assets/ForestPrototype/Art/SectionFive/Ground_Moss_Shoots_03/FBX/Ground_Moss_ShootMat_03_LOD1.fbx","6","On","0","(1.13481379, 0.02701854, 0.94113946)","(0.86251086, 0.86251086, 0.86251086)"
"LOD2 Material1","","1","On","0","(3.92890215, 13.0557976, 4.436449)","(1.11862433, 1.11862433, 1.11862433)"
"LOD1 Material0","","1","On","0","(3.63389, 10.87747, 3.53564644)","(1.35968375, 1.35968375, 1.35968375)"
"Ground_Moss_ShootMat_03_LOD1_Mesh","Assets/ForestPrototype/Art/SectionFive/Ground_Moss_Shoots_03/FBX/Ground_Moss_ShootMat_03_LOD1.fbx","6","On","0","(1.22805119, 0.0248129237, 1.23193836)","(0.792101264, 0.792101145, 0.792101264)"
"Ground_Moss_ShootMat_03_LOD0_Mesh","Assets/ForestPrototype/Art/SectionFive/Ground_Moss_Shoots_03/FBX/Ground_Moss_ShootMat_03_LOD0.fbx","6","On","0","(0.9392335, 0.0276218448, 1.17519116)","(0.9523117, 0.952311754, 0.9523117)"
"LOD0 Material1","","1","On","0","(4.19159365, 14.0767841, 4.697582)","(1.20356476, 1.20356476, 1.20356476)"
"LOD1 Material0","","1","On","0","(3.62724876, 10.8575907, 3.52918482)","(1.35719883, 1.35719883, 1.35719883)"
"Ground_Moss_ShootMat_03_LOD1_Mesh","Assets/ForestPrototype/Art/SectionFive/Ground_Moss_Shoots_03/FBX/Ground_Moss_ShootMat_03_LOD1.fbx","6","On","0","(1.60593832, 0.0340901, 1.69110227)","(1.08825588, 1.08825588, 1.08825588)"
"Ground_Moss_ShootMat_03_LOD1_Mesh","Assets/ForestPrototype/Art/SectionFive/Ground_Moss_Shoots_03/FBX/Ground_Moss_ShootMat_03_LOD1.fbx","6","On","0","(1.22060978, 0.0349586681, 1.470488)","(1.11598325, 1.115983, 1.11598325)"
"Ground_Moss_ShootMat_03_LOD0_Mesh","Assets/ForestPrototype/Art/SectionFive/Ground_Moss_Shoots_03/FBX/Ground_Moss_ShootMat_03_LOD0.fbx","6","On","0","(1.21030509, 0.02773537, 1.37611842)","(0.9562257, 0.9562257, 0.9562257)"
"Ground_Moss_ShootMat_03_LOD1_Mesh","Assets/ForestPrototype/Art/SectionFive/Ground_Moss_Shoots_03/FBX/Ground_Moss_ShootMat_03_LOD1.fbx","6","On","0","(1.562835, 0.0319787, 1.44971991)","(1.02085376, 1.02085376, 1.02085376)"
"Ground_Moss_ShootMat_03_LOD0_Mesh","Assets/ForestPrototype/Art/SectionFive/Ground_Moss_Shoots_03/FBX/Ground_Moss_ShootMat_03_LOD0.fbx","6","On","0","(1.31125939, 0.0307578947, 1.04921877)","(1.06043267, 1.06043255, 1.06043267)"
"LOD2 Material1","","1","On","0","(4.91795063, 11.4153118, 4.797947)","(1.47126257, 1.47126257, 1.47126257)"
"LOD2 Material1","","1","On","0","(4.97425652, 11.5460052, 4.85287857)","(1.48810709, 1.48810709, 1.48810709)"
"LOD2 Material1","","1","On","0","(4.816014, 11.1787, 4.6984973)","(1.44076693, 1.44076693, 1.44076693)"
"Ground_Moss_ShootMat_03_LOD0_Mesh","Assets/ForestPrototype/Art/SectionFive/Ground_Moss_Shoots_03/FBX/Ground_Moss_ShootMat_03_LOD0.fbx","6","On","0","(1.15007544, 0.0233844128, 1.00519347)","(0.806218863, 0.8062188, 0.806218863)"
"Ground_Moss_ShootMat_03_LOD2_Mesh","Assets/ForestPrototype/Art/SectionFive/Ground_Moss_Shoots_03/FBX/Ground_Moss_ShootMat_03_LOD2.fbx","2","On","0","(1.25632, 0.0277469773, 1.25672281)","(0.8028542, 0.8028542, 0.8028542)"
"LOD0 Material1","","1","On","0","(4.513895, 10.62316, 4.393162)","(1.37296951, 1.37296951, 1.37296951)"
"Forest Clearing","Library/unity default resources","1","Off","0","(9.000001, 0.016, 9.000002)","(9, 0.008, 9)"
"LOD0 Material1","","1","On","0","(3.668663, 8.633962, 3.57053733)","(1.11587942, 1.11587942, 1.11587942)"
"LOD1 Material1","","1","On","0","(4.107706, 9.667221, 3.997837)","(1.249421, 1.249421, 1.249421)"
"Ground_Moss_ShootMat_03_LOD2_Mesh","Assets/ForestPrototype/Art/SectionFive/Ground_Moss_Shoots_03/FBX/Ground_Moss_ShootMat_03_LOD2.fbx","2","On","0","(1.18454444, 0.0373253338, 1.42840052)","(1.08000231, 1.08000231, 1.08000231)"
"Ground_Moss_ShootMat_03_LOD0_Mesh","Assets/ForestPrototype/Art/SectionFive/Ground_Moss_Shoots_03/FBX/Ground_Moss_ShootMat_03_LOD0.fbx","6","On","0","(1.23185849, 0.0269136149, 1.37181473)","(0.9278944, 0.927894235, 0.9278944)"
"West Ridge","Library/unity default resources","1","On","1","(1, 5, 40)","(1, 5, 40)"
"LOD1 Material1","","1","On","0","(4.40729856, 10.3722925, 4.28941631)","(1.34054661, 1.34054661, 1.34054661)"
"LOD1 Material1","","1","On","0","(3.58895159, 8.446365, 3.49295759)","(1.09163392, 1.09163392, 1.09163392)"
"LOD2 Material1","","1","On","0","(4.782033, 11.0998249, 4.665345)","(1.43060112, 1.43060112, 1.43060112)"
"LOD2 Material0","","1","On","0","(3.59327483, 10.7567263, 3.49655843)","(1.34459078, 1.34459078, 1.34459078)"
"Ground_Moss_ShootMat_03_LOD1_Mesh","Assets/ForestPrototype/Art/SectionFive/Ground_Moss_Shoots_03/FBX/Ground_Moss_ShootMat_03_LOD1.fbx","6","On","0","(1.545053, 0.0321675539, 1.40692031)","(1.02688253, 1.02688253, 1.02688253)"
"Trunk","Library/unity default resources","1","On","1","(0.176003963, 12.8534212, 0.176004)","(0.176003948, 6.42671061, 0.176003948)"
"Ground_Moss_ShootMat_03_LOD1_Mesh","Assets/ForestPrototype/Art/SectionFive/Ground_Moss_Shoots_03/FBX/Ground_Moss_ShootMat_03_LOD1.fbx","6","On","0","(1.42809558, 0.0350365341, 1.16348612)","(1.11846864, 1.11846876, 1.11846864)"
"LOD1 Material1","","1","On","0","(3.57702255, 8.418292, 3.4813478)","(1.08800554, 1.08800554, 1.08800554)"
"LOD1 Material0","","1","On","0","(3.54405236, 12.671793, 3.566534)","(1.05598271, 1.05598271, 1.05598271)"
"Ground_Moss_ShootMat_03_LOD2_Mesh","Assets/ForestPrototype/Art/SectionFive/Ground_Moss_Shoots_03/FBX/Ground_Moss_ShootMat_03_LOD2.fbx","2","On","0","(1.22324049, 0.0277275182, 1.2632556)","(0.8022913, 0.802291155, 0.8022913)"
"Bracken_Clump_01_LOD2_Mesh","Assets/ForestPrototype/Art/SectionFive/Woodland_Assets/Bracken_Clump_01/Bracken_Clump_01_LOD2.fbx","2","On","0","(0.9802182, 0.736318767, 1.0499866)","(0.725199, 0.7251989, 0.725199)"
"Ground_Moss_ShootMat_03_LOD1_Mesh","Assets/ForestPrototype/Art/SectionFive/Ground_Moss_Shoots_03/FBX/Ground_Moss_ShootMat_03_LOD1.fbx","6","On","0","(1.39823318, 0.03466054, 1.59197652)","(1.10646617, 1.10646594, 1.10646617)"
"Ground_Moss_ShootMat_03_LOD1_Mesh","Assets/ForestPrototype/Art/SectionFive/Ground_Moss_Shoots_03/FBX/Ground_Moss_ShootMat_03_LOD1.fbx","6","On","0","(1.38951743, 0.0328859836, 1.15650988)","(1.049817, 1.04981685, 1.049817)"
"LOD2 Material1","","1","On","0","(4.14228773, 9.614879, 4.04121065)","(1.23921382, 1.23921382, 1.23921382)"
"LOD2 Material0","","1","On","0","(3.3981936, 12.1509228, 3.42003036)","(1.01257694, 1.01257694, 1.01257694)"
"LOD1 Material1","","1","On","0","(4.09524727, 13.7532215, 4.58960533)","(1.1759001, 1.1759001, 1.1759001)"
"LOD2 Material1","","1","On","0","(4.35725641, 10.1138544, 4.250934)","(1.30352426, 1.30352426, 1.30352426)"
"LOD0 Material0","","1","On","0","(3.80338216, 13.5988226, 3.90893555)","(1.13323522, 1.13323522, 1.13323522)"
"Trunk","Library/unity default resources","1","On","1","(0.1425688, 10.5357351, 0.142568812)","(0.142568782, 5.26786757, 0.142568782)"
"Ground_Moss_ShootMat_03_LOD1_Mesh","Assets/ForestPrototype/Art/SectionFive/Ground_Moss_Shoots_03/FBX/Ground_Moss_ShootMat_03_LOD1.fbx","6","On","0","(1.76964986, 0.035999313, 1.79357886)","(1.1492033, 1.14920342, 1.1492033)"
"LOD1 Material0","","1","On","0","(3.338622, 9.993633, 3.24836135)","(1.24920416, 1.24920416, 1.24920416)"
"LOD2 Material1","","1","On","0","(4.144866, 9.620864, 4.04372644)","(1.23998523, 1.23998523, 1.23998523)"
"Foundation Marker","Library/unity default resources","1","On","0","(1.8, 0.1, 1)","(1.8, 0.1, 1)"
"Trunk","Library/unity default resources","1","On","1","(0.108301, 8.589955, 0.108301006)","(0.108300984, 4.29497766, 0.108300984)"
"LOD0 Material0","","1","On","0","(3.1966095, 8.995442, 3.111228)","(1.1244303, 1.1244303, 1.1244303)"
"Trunk","Library/unity default resources","1","On","1","(0.156986952, 12.2484846, 0.156986982)","(0.156986937, 6.12424231, 0.156986937)"
"LOD0 Material0","","1","On","0","(4.23497152, 11.9174528, 4.12185574)","(1.4896816, 1.4896816, 1.4896816)"
"LOD0 Material0","","1","On","0","(3.61921883, 12.9403553, 3.71966147)","(1.078363, 1.078363, 1.078363)"
"LOD0 Material1","","1","On","0","(3.79865551, 12.7571669, 4.25721073)","(1.09073746, 1.09073746, 1.09073746)"
"Trunk","Library/unity default resources","1","On","1","(0.1762396, 13.3903837, 0.176239625)","(0.17623958, 6.695192, 0.17623958)"
"LOD1 Material0","","1","On","0","(4.08348656, 14.600544, 4.10939)","(1.216712, 1.216712, 1.216712)"
"Dirt Path 51","Library/unity default resources","1","Off","0","(2.67120361, 0.012, 1.17702651)","(2.6, 0.012, 0.612904)"
"LOD1 Material1","","1","On","0","(4.80448532, 11.3070459, 4.67597961)","(1.46135688, 1.46135688, 1.46135688)"
"Trunk","Library/unity default resources","1","On","1","(0.14048171, 10.3357477, 0.140481725)","(0.1404817, 5.167874, 0.1404817)"
"LOD1 Material1","","1","On","0","(3.646629, 12.2466106, 4.086832)","(1.04708493, 1.04708493, 1.04708493)"
"LOD0 Material1","","1","On","0","(3.59371781, 12.0689163, 4.02753353)","(1.03189206, 1.03189206, 1.03189206)"
"Woodland_Forb_Flowering_01_LOD0_Mesh","Assets/ForestPrototype/Art/SectionFive/Woodland_Forbs_01/FBX/Woodland_Forb_Flowering_01_LOD0.fbx","4","On","0","(0.765956163, 0.283777773, 0.7714032)","(0.8485001, 0.8485, 0.8485001)"
"Ground_Moss_ShootMat_03_LOD1_Mesh","Assets/ForestPrototype/Art/SectionFive/Ground_Moss_Shoots_03/FBX/Ground_Moss_ShootMat_03_LOD1.fbx","6","On","0","(1.55902076, 0.0313807279, 1.55175912)","(1.00176454, 1.00176466, 1.00176454)"
"LOD2 Material1","","1","On","0","(3.97502422, 9.226635, 3.87802863)","(1.189175, 1.189175, 1.189175)"
"Trunk","Library/unity default resources","1","On","1","(0.15482384, 11.5261354, 0.154823855)","(0.154823825, 5.76306772, 0.154823825)"
"Ground_Moss_ShootMat_03_LOD0_Mesh","Assets/ForestPrototype/Art/SectionFive/Ground_Moss_Shoots_03/FBX/Ground_Moss_ShootMat_03_LOD0.fbx","6","On","0","(1.00793207, 0.0236277916, 1.15682113)","(0.8146096, 0.8146097, 0.8146096)"
"Ground_Moss_ShootMat_03_LOD2_Mesh","Assets/ForestPrototype/Art/SectionFive/Ground_Moss_Shoots_03/FBX/Ground_Moss_ShootMat_03_LOD2.fbx","2","On","0","(1.42225146, 0.039211005, 1.62886488)","(1.13456392, 1.13456392, 1.13456392)"
"LOD2 Material0","","1","On","0","(3.861996, 11.561162, 3.75804663)","(1.44514525, 1.44514525, 1.44514525)"
"LOD1 Material1","","1","On","0","(3.507327, 11.7787876, 3.93071437)","(1.007086, 1.007086, 1.007086)"
"Ground_Moss_ShootMat_03_LOD2_Mesh","Assets/ForestPrototype/Art/SectionFive/Ground_Moss_Shoots_03/FBX/Ground_Moss_ShootMat_03_LOD2.fbx","2","On","0","(1.59445679, 0.03503765, 1.57359636)","(1.01380873, 1.01380861, 1.01380873)"
"LOD1 Material0","","1","On","0","(3.55720353, 10.6479216, 3.46103334)","(1.3309902, 1.3309902, 1.3309902)"
"LOD0 Material1","","1","On","0","(4.23226261, 9.960358, 4.11906242)","(1.28730679, 1.28730679, 1.28730679)"
"LOD2 Material1","","1","On","0","(4.570907, 10.60977, 4.459371)","(1.36744034, 1.36744034, 1.36744034)"
"Ground_Moss_ShootMat_03_LOD2_Mesh","Assets/ForestPrototype/Art/SectionFive/Ground_Moss_Shoots_03/FBX/Ground_Moss_ShootMat_03_LOD2.fbx","2","On","0","(1.11703575, 0.0296625532, 0.917581)","(0.8582811, 0.8582811, 0.8582811)"
"LOD0 Material0","","1","On","0","(3.464423, 12.3868885, 3.56056929)","(1.03224075, 1.03224075, 1.03224075)"
"LOD2 Material1","","1","On","0","(4.348544, 14.4502754, 4.910302)","(1.23810351, 1.23810351, 1.23810351)"
"LOD0 Material0","","1","On","0","(3.90992427, 11.0027514, 3.80549026)","(1.37534392, 1.37534392, 1.37534392)"
"LOD0 Material1","","1","On","0","(4.039316, 13.5653868, 4.5269227)","(1.15984023, 1.15984023, 1.15984023)"
"LOD0 Material1","","1","On","0","(4.094093, 13.7493448, 4.58831167)","(1.1755687, 1.1755687, 1.1755687)"
"Ground_Moss_ShootMat_03_LOD0_Mesh","Assets/ForestPrototype/Art/SectionFive/Ground_Moss_Shoots_03/FBX/Ground_Moss_ShootMat_03_LOD0.fbx","6","On","0","(1.739959, 0.0333546065, 1.59621727)","(1.14995885, 1.14995873, 1.14995885)"
"Ground_Moss_ShootMat_03_LOD2_Mesh","Assets/ForestPrototype/Art/SectionFive/Ground_Moss_Shoots_03/FBX/Ground_Moss_ShootMat_03_LOD2.fbx","2","On","0","(1.20913911, 0.0311599877, 1.34549367)","(0.9016092, 0.901609063, 0.9016092)"
"Ground_Moss_ShootMat_03_LOD1_Mesh","Assets/ForestPrototype/Art/SectionFive/Ground_Moss_Shoots_03/FBX/Ground_Moss_ShootMat_03_LOD1.fbx","6","On","0","(1.22179461, 0.02578947, 1.28146839)","(0.8232754, 0.8232753, 0.8232754)"
"LOD0 Material0","","1","On","0","(3.705135, 13.2475452, 3.807962)","(1.10396206, 1.10396206, 1.10396206)"
"LOD2 Material1","","1","On","0","(3.73002076, 8.657946, 3.63900375)","(1.11587942, 1.11587942, 1.11587942)"
"Ground_Moss_ShootMat_03_LOD2_Mesh","Assets/ForestPrototype/Art/SectionFive/Ground_Moss_Shoots_03/FBX/Ground_Moss_ShootMat_03_LOD2.fbx","2","On","0","(1.72600055, 0.0381345637, 1.72781229)","(1.1034174, 1.10341728, 1.1034174)"
"Ground_Moss_ShootMat_03_LOD1_Mesh","Assets/ForestPrototype/Art/SectionFive/Ground_Moss_Shoots_03/FBX/Ground_Moss_ShootMat_03_LOD1.fbx","6","On","0","(1.04537129, 0.023151936, 0.9073312)","(0.7390778, 0.739077568, 0.7390778)"
"Ground_Moss_ShootMat_03_LOD1_Mesh","Assets/ForestPrototype/Art/SectionFive/Ground_Moss_Shoots_03/FBX/Ground_Moss_ShootMat_03_LOD1.fbx","6","On","0","(1.08387, 0.023671614, 0.9498599)","(0.7556672, 0.7556672, 0.7556672)"
"Ground_Moss_ShootMat_03_LOD0_Mesh","Assets/ForestPrototype/Art/SectionFive/Ground_Moss_Shoots_03/FBX/Ground_Moss_ShootMat_03_LOD0.fbx","6","On","0","(0.935097158, 0.0218189768, 0.750540853)","(0.752247632, 0.752247632, 0.752247632)"
"Ground_Moss_ShootMat_03_LOD1_Mesh","Assets/ForestPrototype/Art/SectionFive/Ground_Moss_Shoots_03/FBX/Ground_Moss_ShootMat_03_LOD1.fbx","6","On","0","(1.31401408, 0.0281886719, 1.39339232)","(0.899864852, 0.8998649, 0.899864852)"
"LOD2 Material0","","1","On","0","(3.73806858, 13.3662148, 3.76208925)","(1.11385119, 1.11385119, 1.11385119)"
"LOD1 Material0","","1","On","0","(3.597736, 12.863739, 3.62055826)","(1.07197821, 1.07197821, 1.07197821)"
"Trunk","Library/unity default resources","1","On","1","(0.131965652, 9.628928, 0.131965667)","(0.131965637, 4.814464, 0.131965637)"
"Trunk","Library/unity default resources","1","On","1","(0.149836, 10.9392433, 0.149836019)","(0.149835989, 5.46962166, 0.149835989)"
"LOD2 Material1","","1","On","0","(4.40219069, 10.218154, 4.29477167)","(1.31696689, 1.31696689, 1.31696689)"
"LOD0 Material0","","1","On","0","(3.827126, 10.7697525, 3.72490358)","(1.34621906, 1.34621906, 1.34621906)"
"Dirt Path 08","Library/unity default resources","1","Off","0","(2.6216073, 0.012, 1.74515224)","(2.6, 0.012, 0.658158064)"
"Ground_Moss_ShootMat_03_LOD0_Mesh","Assets/ForestPrototype/Art/SectionFive/Ground_Moss_Shoots_03/FBX/Ground_Moss_ShootMat_03_LOD0.fbx","6","On","0","(1.40755391, 0.02656667, 1.42653656)","(0.9159328, 0.9159327, 0.9159328)"
"Ground_Moss_ShootMat_03_LOD0_Mesh","Assets/ForestPrototype/Art/SectionFive/Ground_Moss_Shoots_03/FBX/Ground_Moss_ShootMat_03_LOD0.fbx","6","On","0","(1.15107822, 0.0232927967, 1.23302364)","(0.803060055, 0.8030602, 0.803060055)"
"LOD1 Material0","","1","On","0","(3.4632, 12.3827047, 3.485169)","(1.03189206, 1.03189206, 1.03189206)"
"LOD1 Material1","","1","On","0","(3.92145371, 9.22888851, 3.81656647)","(1.19276953, 1.19276953, 1.19276953)"
"LOD1 Material1","","1","On","0","(3.400509, 8.002878, 3.30955553)","(1.0343163, 1.0343163, 1.0343163)"
"Trunk","Library/unity default resources","1","On","1","(0.0964558646, 8.081439, 0.09645587)","(0.09645585, 4.04071951, 0.09645585)"
"Ground_Moss_ShootMat_03_LOD1_Mesh","Assets/ForestPrototype/Art/SectionFive/Ground_Moss_Shoots_03/FBX/Ground_Moss_ShootMat_03_LOD1.fbx","6","On","0","(0.922975838, 0.02328917, 0.7396898)","(0.74345845, 0.74345845, 0.74345845)"
"Ground_Moss_ShootMat_03_LOD1_Mesh","Assets/ForestPrototype/Art/SectionFive/Ground_Moss_Shoots_03/FBX/Ground_Moss_ShootMat_03_LOD1.fbx","6","On","0","(1.40681052, 0.0311406776, 1.51947951)","(0.994101763, 0.9941016, 0.994101763)"
"Ground_Moss_ShootMat_03_LOD0_Mesh","Assets/ForestPrototype/Art/SectionFive/Ground_Moss_Shoots_03/FBX/Ground_Moss_ShootMat_03_LOD0.fbx","6","On","0","(1.72109079, 0.0320516676, 1.654918)","(1.10503793, 1.10503769, 1.10503793)"
"Woodland_Rush_Clump_01_LOD1_Foliage","Assets/ForestPrototype/Art/SectionFive/Woodland_Grass_Rush/FBX/Woodland_Rush_Clump_01_LOD1.fbx","3","On","0","(0.6128732, 0.840283, 0.678007841)","(1, 1, 1)"
"Ground_Moss_ShootMat_03_LOD2_Mesh","Assets/ForestPrototype/Art/SectionFive/Ground_Moss_Shoots_03/FBX/Ground_Moss_ShootMat_03_LOD2.fbx","2","On","0","(1.24598312, 0.0273416489, 1.218673)","(0.791126132, 0.7911261, 0.791126132)"
"LOD1 Material0","","1","On","0","(3.923309, 14.0278282, 3.94819665)","(1.16898572, 1.16898572, 1.16898572)"
"LOD1 Material1","","1","On","0","(4.61211157, 10.8543072, 4.48875141)","(1.40284359, 1.40284359, 1.40284359)"
"Trunk","Library/unity default resources","1","On","1","(0.164542511, 12.4157534, 0.164542541)","(0.1645425, 6.20787668, 0.1645425)"
"Ground_Moss_ShootMat_03_LOD0_Mesh","Assets/ForestPrototype/Art/SectionFive/Ground_Moss_Shoots_03/FBX/Ground_Moss_ShootMat_03_LOD0.fbx","6","On","0","(1.74965668, 0.0325706936, 1.68544626)","(1.122932, 1.122932, 1.122932)"
"Frame Rail Left","Library/unity default resources","1","On","0","(0.14, 0.12, 0.94)","(0.14, 0.12, 0.94)"
"Ground_Moss_ShootMat_03_LOD2_Mesh","Assets/ForestPrototype/Art/SectionFive/Ground_Moss_Shoots_03/FBX/Ground_Moss_ShootMat_03_LOD2.fbx","2","On","0","(1.25484622, 0.0301267337, 1.09769487)","(0.871711969, 0.871712, 0.871711969)"
"Corner Post B","Library/unity default resources","1","On","0","(0.1, 0.9, 0.1)","(0.1, 0.9, 0.1)"
"LOD0 Material1","","1","On","0","(4.897608, 11.5262041, 4.76661158)","(1.4896816, 1.4896816, 1.4896816)"
"LOD0 Material0","","1","On","0","(3.38067031, 9.5134, 3.29037261)","(1.189175, 1.189175, 1.189175)"
"Dirt Path 43","Library/unity default resources","1","Off","0","(2.622248, 0.012, 1.74183869)","(2.6, 0.012, 0.657758057)"
"Ground_Moss_ShootMat_03_LOD1_Mesh","Assets/ForestPrototype/Art/SectionFive/Ground_Moss_Shoots_03/FBX/Ground_Moss_ShootMat_03_LOD1.fbx","6","On","0","(1.5185194, 0.03241707, 1.60515165)","(1.03484774, 1.03484774, 1.03484774)"
"LOD2 Material0","","1","On","0","(3.85166454, 11.5302343, 3.74799323)","(1.44127929, 1.44127929, 1.44127929)"
"Ground_Moss_ShootMat_03_LOD2_Mesh","Assets/ForestPrototype/Art/SectionFive/Ground_Moss_Shoots_03/FBX/Ground_Moss_ShootMat_03_LOD2.fbx","2","On","0","(1.45582342, 0.0346978232, 1.55731082)","(1.00397587, 1.00397575, 1.00397587)"
"Ground_Moss_ShootMat_03_LOD1_Mesh","Assets/ForestPrototype/Art/SectionFive/Ground_Moss_Shoots_03/FBX/Ground_Moss_ShootMat_03_LOD1.fbx","6","On","0","(1.34817481, 0.0274986383, 1.25568938)","(0.877837, 0.877837, 0.877837)"
"Ground_Moss_ShootMat_03_LOD2_Mesh","Assets/ForestPrototype/Art/SectionFive/Ground_Moss_Shoots_03/FBX/Ground_Moss_ShootMat_03_LOD2.fbx","2","On","0","(1.34494793, 0.03097251, 1.2143842)","(0.896184564, 0.896184444, 0.896184564)"
"LOD0 Material1","","1","On","0","(3.77082968, 12.6637173, 4.22602558)","(1.08274758, 1.08274758, 1.08274758)"
"LOD1 Material1","","1","On","0","(4.47912741, 10.541337, 4.359324)","(1.36239433, 1.36239433, 1.36239433)"
"Ground_Moss_ShootMat_03_LOD1_Mesh","Assets/ForestPrototype/Art/SectionFive/Ground_Moss_Shoots_03/FBX/Ground_Moss_ShootMat_03_LOD1.fbx","6","On","0","(1.74346328, 0.0360229723, 1.5996567)","(1.14995885, 1.14995873, 1.14995885)"
"LOD2 Material0","","1","On","0","(4.038627, 14.4409218, 4.064579)","(1.20341015, 1.20341015, 1.20341015)"
"Ground_Moss_ShootMat_03_LOD1_Mesh","Assets/ForestPrototype/Art/SectionFive/Ground_Moss_Shoots_03/FBX/Ground_Moss_ShootMat_03_LOD1.fbx","6","On","0","(1.31467211, 0.026611574, 1.23852468)","(0.8495193, 0.8495193, 0.8495193)"
"Ground_Moss_ShootMat_03_LOD1_Mesh","Assets/ForestPrototype/Art/SectionFive/Ground_Moss_Shoots_03/FBX/Ground_Moss_ShootMat_03_LOD1.fbx","6","On","0","(1.40128446, 0.0326166824, 1.178165)","(1.04122, 1.04122, 1.04122)"
"Ground_Moss_ShootMat_03_LOD0_Mesh","Assets/ForestPrototype/Art/SectionFive/Ground_Moss_Shoots_03/FBX/Ground_Moss_ShootMat_03_LOD0.fbx","6","On","0","(1.3762517, 0.0255923532, 1.344347)","(0.882341444, 0.882341444, 0.882341444)"
"Ground_Moss_ShootMat_03_LOD2_Mesh","Assets/ForestPrototype/Art/SectionFive/Ground_Moss_Shoots_03/FBX/Ground_Moss_ShootMat_03_LOD2.fbx","2","On","0","(1.6187067, 0.03761058, 1.70401454)","(1.08825588, 1.08825588, 1.08825588)"
"LOD2 Material1","","1","On","0","(4.62710333, 10.74021, 4.514196)","(1.38425207, 1.38425207, 1.38425207)"
"Ground_Moss_ShootMat_03_LOD2_Mesh","Assets/ForestPrototype/Art/SectionFive/Ground_Moss_Shoots_03/FBX/Ground_Moss_ShootMat_03_LOD2.fbx","2","On","0","(1.06900048, 0.03496883, 1.30707145)","(1.01181734, 1.01181734, 1.01181734)"
"Ground_Moss_ShootMat_03_LOD0_Mesh","Assets/ForestPrototype/Art/SectionFive/Ground_Moss_Shoots_03/FBX/Ground_Moss_ShootMat_03_LOD0.fbx","6","On","0","(1.27541685, 0.02890845, 1.44343948)","(0.996669948, 0.9966697, 0.996669948)"
"Ground_Moss_ShootMat_03_LOD0_Mesh","Assets/ForestPrototype/Art/SectionFive/Ground_Moss_Shoots_03/FBX/Ground_Moss_ShootMat_03_LOD0.fbx","6","On","0","(1.07110918, 0.0312729366, 1.33662093)","(1.07818949, 1.07818949, 1.07818949)"
"LOD0 Material0","","1","On","0","(3.887356, 10.9392433, 3.783525)","(1.36740541, 1.36740541, 1.36740541)"
"Ground_Moss_ShootMat_03_LOD1_Mesh","Assets/ForestPrototype/Art/SectionFive/Ground_Moss_Shoots_03/FBX/Ground_Moss_ShootMat_03_LOD1.fbx","6","On","0","(1.35205936, 0.0271772817, 1.340792)","(0.8675784, 0.8675784, 0.8675784)"
"LOD1 Material0","","1","On","0","(3.49160147, 10.4515524, 3.39720488)","(1.306444, 1.306444, 1.306444)"
"Trunk","Library/unity default resources","1","On","1","(0.153026164, 11.2546806, 0.153026178)","(0.153026149, 5.62734032, 0.153026149)"
"LOD0 Material0","","1","On","0","(4.07157755, 11.457653, 3.96282578)","(1.43220663, 1.43220663, 1.43220663)"
"Ground_Moss_ShootMat_03_LOD0_Mesh","Assets/ForestPrototype/Art/SectionFive/Ground_Moss_Shoots_03/FBX/Ground_Moss_ShootMat_03_LOD0.fbx","6","On","0","(1.025786, 0.02216154, 1.13645411)","(0.7640582, 0.7640581, 0.7640582)"
"LOD0 Material1","","1","On","0","(3.62891817, 12.1871309, 4.066983)","(1.04199946, 1.04199946, 1.04199946)"
"LOD2 Material0","","1","On","0","(3.744828, 13.3903847, 3.76889229)","(1.11586535, 1.11586535, 1.11586535)"
"LOD1 Material0","","1","On","0","(3.519692, 12.584692, 3.54201913)","(1.04872429, 1.04872429, 1.04872429)"
"LOD0 Material0","","1","On","0","(4.07001543, 11.4532566, 3.96130538)","(1.43165708, 1.43165708, 1.43165708)"
"LOD0 Material0","","1","On","0","(3.59779048, 12.863739, 3.697638)","(1.07197821, 1.07197821, 1.07197821)"
"LOD1 Material0","","1","On","0","(3.29020476, 9.848703, 3.201253)","(1.23108792, 1.23108792, 1.23108792)"
"Ground_Moss_ShootMat_03_LOD1_Mesh","Assets/ForestPrototype/Art/SectionFive/Ground_Moss_Shoots_03/FBX/Ground_Moss_ShootMat_03_LOD1.fbx","6","On","0","(1.7425673, 0.0352327041, 1.64496076)","(1.12473118, 1.12473106, 1.12473118)"
"Ground_Moss_ShootMat_03_LOD2_Mesh","Assets/ForestPrototype/Art/SectionFive/Ground_Moss_Shoots_03/FBX/Ground_Moss_ShootMat_03_LOD2.fbx","2","On","0","(1.12798357, 0.0249400623, 1.06768084)","(0.721636534, 0.721636534, 0.721636534)"
"Ground_Moss_ShootMat_03_LOD2_Mesh","Assets/ForestPrototype/Art/SectionFive/Ground_Moss_Shoots_03/FBX/Ground_Moss_ShootMat_03_LOD2.fbx","2","On","0","(0.860526, 0.0249182284, 1.004935)","(0.7210048, 0.7210048, 0.7210048)"
"Ground_Moss_ShootMat_03_LOD0_Mesh","Assets/ForestPrototype/Art/SectionFive/Ground_Moss_Shoots_03/FBX/Ground_Moss_ShootMat_03_LOD0.fbx","6","On","0","(1.05555868, 0.0222113319, 0.90173924)","(0.765774846, 0.7657748, 0.765774846)"
"Ground_Moss_ShootMat_03_LOD2_Mesh","Assets/ForestPrototype/Art/SectionFive/Ground_Moss_Shoots_03/FBX/Ground_Moss_ShootMat_03_LOD2.fbx","2","On","0","(1.76875091, 0.0388697535, 1.70123672)","(1.12468982, 1.12468982, 1.12468982)"
"LOD2 Material1","","1","On","0","(3.665937, 12.1819611, 4.13951349)","(1.04375374, 1.04375374, 1.04375374)"
"LOD2 Material1","","1","On","0","(4.29305553, 14.2658854, 4.84764528)","(1.22230494, 1.22230494, 1.22230494)"
"Ground_Moss_ShootMat_03_LOD2_Mesh","Assets/ForestPrototype/Art/SectionFive/Ground_Moss_Shoots_03/FBX/Ground_Moss_ShootMat_03_LOD2.fbx","2","On","0","(1.16614509, 0.0257791933, 1.16857958)","(0.745916665, 0.745916665, 0.745916665)"
"Ground_Moss_ShootMat_03_LOD0_Mesh","Assets/ForestPrototype/Art/SectionFive/Ground_Moss_Shoots_03/FBX/Ground_Moss_ShootMat_03_LOD0.fbx","6","On","0","(1.58673692, 0.032308992, 1.38546932)","(1.11390924, 1.11390936, 1.11390924)"
"LOD1 Material0","","1","On","0","(3.32760715, 9.960662, 3.2376442)","(1.24508274, 1.24508274, 1.24508274)"
"Bilberry_Type_Cover_01_LOD0_Mesh","Assets/ForestPrototype/Art/SectionFive/Bilberry_Type_Cover_01/FBX/Bilberry_Type_Cover_01_LOD0.fbx","4","On","0","(0.6989, 0.342899978, 0.6896593)","(0.716952562, 0.716952562, 0.716952562)"
"Ground_Moss_ShootMat_03_LOD1_Mesh","Assets/ForestPrototype/Art/SectionFive/Ground_Moss_Shoots_03/FBX/Ground_Moss_ShootMat_03_LOD1.fbx","6","On","0","(1.39934719, 0.03317981, 1.1633985)","(1.05919659, 1.05919659, 1.05919659)"
"LOD0 Material1","","1","On","0","(3.80864525, 12.7907152, 4.26840639)","(1.09360588, 1.09360588, 1.09360588)"
"Ground_Moss_ShootMat_03_LOD0_Mesh","Assets/ForestPrototype/Art/SectionFive/Ground_Moss_Shoots_03/FBX/Ground_Moss_ShootMat_03_LOD0.fbx","6","On","0","(1.40877235, 0.0306726526, 1.178179)","(1.057494, 1.05749369, 1.057494)"
"Ground_Moss_ShootMat_03_LOD0_Mesh","Assets/ForestPrototype/Art/SectionFive/Ground_Moss_Shoots_03/FBX/Ground_Moss_ShootMat_03_LOD0.fbx","6","On","0","(1.02474236, 0.02141029, 0.8794302)","(0.738157451, 0.738157451, 0.738157451)"
"LOD1 Material1","","1","On","0","(3.91084671, 13.1339417, 4.38294458)","(1.12295175, 1.12295175, 1.12295175)"
"Ground_Moss_ShootMat_03_LOD2_Mesh","Assets/ForestPrototype/Art/SectionFive/Ground_Moss_Shoots_03/FBX/Ground_Moss_ShootMat_03_LOD2.fbx","2","On","0","(1.59729469, 0.03609986, 1.46795082)","(1.04454374, 1.04454339, 1.04454374)"
"Ground_Moss_ShootMat_03_LOD0_Mesh","Assets/ForestPrototype/Art/SectionFive/Ground_Moss_Shoots_03/FBX/Ground_Moss_ShootMat_03_LOD0.fbx","6","On","0","(1.740486, 0.03265036, 1.747943)","(1.12567854, 1.12567866, 1.12567854)"
"LOD1 Material0","","1","On","0","(3.699551, 11.0740166, 3.59953237)","(1.38425207, 1.38425207, 1.38425207)"
"LOD0 Material1","","1","On","0","(3.51550579, 11.8062544, 3.93988037)","(1.00943446, 1.00943446, 1.00943446)"
"LOD2 Material0","","1","On","0","(3.90531969, 11.690855, 3.80020428)","(1.46135688, 1.46135688, 1.46135688)"
"LOD2 Material1","","1","On","0","(3.75120687, 12.4653149, 4.235799)","(1.06803155, 1.06803155, 1.06803155)"
"Trunk","Library/unity default resources","1","On","1","(0.141051337, 10.3334169, 0.141051352)","(0.141051322, 5.16670847, 0.141051322)"
"LOD1 Material1","","1","On","0","(4.70396137, 11.0704689, 4.578144)","(1.430781, 1.430781, 1.430781)"
"LOD1 Material1","","1","On","0","(3.90963626, 9.20107651, 3.805065)","(1.189175, 1.189175, 1.189175)"
"LOD2 Material0","","1","On","0","(3.8742826, 11.5979433, 3.7700026)","(1.44974291, 1.44974291, 1.44974291)"
"Ground_Moss_ShootMat_03_LOD2_Mesh","Assets/ForestPrototype/Art/SectionFive/Ground_Moss_Shoots_03/FBX/Ground_Moss_ShootMat_03_LOD2.fbx","2","On","0","(1.01075613, 0.0251498446, 0.863605738)","(0.7277066, 0.727706552, 0.7277066)"
"Ground_Moss_ShootMat_03_LOD0_Mesh","Assets/ForestPrototype/Art/SectionFive/Ground_Moss_Shoots_03/FBX/Ground_Moss_ShootMat_03_LOD0.fbx","6","On","0","(1.24388945, 0.0231442209, 1.20155227)","(0.797937751, 0.797937751, 0.797937751)"
"Trunk","Library/unity default resources","1","On","1","(0.151731551, 11.5979433, 0.151731566)","(0.151731536, 5.79897165, 0.151731536)"
"Ground_Moss_ShootMat_03_LOD1_Mesh","Assets/ForestPrototype/Art/SectionFive/Ground_Moss_Shoots_03/FBX/Ground_Moss_ShootMat_03_LOD1.fbx","6","On","0","(1.16508925, 0.02336015, 1.126897)","(0.7457243, 0.7457244, 0.7457243)"
"LOD2 Material0","","1","On","0","(3.4060626, 10.1962929, 3.31438518)","(1.27453661, 1.27453661, 1.27453661)"
"Ground_Moss_ShootMat_03_LOD2_Mesh","Assets/ForestPrototype/Art/SectionFive/Ground_Moss_Shoots_03/FBX/Ground_Moss_ShootMat_03_LOD2.fbx","2","On","0","(1.2225821, 0.0281921737, 1.28012228)","(0.8157358, 0.8157359, 0.8157358)"
"Ground_Moss_ShootMat_03_LOD0_Mesh","Assets/ForestPrototype/Art/SectionFive/Ground_Moss_Shoots_03/FBX/Ground_Moss_ShootMat_03_LOD0.fbx","6","On","0","(1.09123111, 0.03093117, 1.34691691)","(1.06640649, 1.06640649, 1.06640649)"
"LOD1 Material0","","1","On","0","(3.43844, 10.2924223, 3.34548068)","(1.28655279, 1.28655279, 1.28655279)"
"LOD2 Material1","","1","On","0","(4.176407, 9.694075, 4.074497)","(1.249421, 1.249421, 1.249421)"
"Ground_Moss_ShootMat_03_LOD0_Mesh","Assets/ForestPrototype/Art/SectionFive/Ground_Moss_Shoots_03/FBX/Ground_Moss_ShootMat_03_LOD0.fbx","6","On","0","(1.17960072, 0.0271079987, 1.34279013)","(0.934596062, 0.934596, 0.934596062)"
"Ground_Moss_ShootMat_03_LOD0_Mesh","Assets/ForestPrototype/Art/SectionFive/Ground_Moss_Shoots_03/FBX/Ground_Moss_ShootMat_03_LOD0.fbx","6","On","0","(0.9212079, 0.0215640459, 0.738004446)","(0.74345845, 0.74345845, 0.74345845)"
"LOD0 Material0","","1","On","0","(3.638843, 13.0105209, 3.73983)","(1.08421, 1.08421, 1.08421)"
"LOD2 Material1","","1","On","0","(4.625609, 10.7367411, 4.512738)","(1.383805, 1.383805, 1.383805)"
"Ground_Moss_ShootMat_03_LOD1_Mesh","Assets/ForestPrototype/Art/SectionFive/Ground_Moss_Shoots_03/FBX/Ground_Moss_ShootMat_03_LOD1.fbx","6","On","0","(1.32612288, 0.0273872185, 1.366408)","(0.8742802, 0.874280155, 0.8742802)"
"LOD1 Material1","","1","On","0","(3.73032951, 12.5277052, 4.18063641)","(1.07111847, 1.07111847, 1.07111847)"
"Ground_Moss_ShootMat_03_LOD0_Mesh","Assets/ForestPrototype/Art/SectionFive/Ground_Moss_Shoots_03/FBX/Ground_Moss_ShootMat_03_LOD0.fbx","6","On","0","(1.24401927, 0.0232868213, 1.24442136)","(0.8028542, 0.8028542, 0.8028542)"
"Ground_Moss_ShootMat_03_LOD1_Mesh","Assets/ForestPrototype/Art/SectionFive/Ground_Moss_Shoots_03/FBX/Ground_Moss_ShootMat_03_LOD1.fbx","6","On","0","(1.37264466, 0.0278483871, 1.38605738)","(0.889001966, 0.889002, 0.889001966)"
"Ground_Moss_ShootMat_03_LOD0_Mesh","Assets/ForestPrototype/Art/SectionFive/Ground_Moss_Shoots_03/FBX/Ground_Moss_ShootMat_03_LOD0.fbx","6","On","0","(0.851549, 0.0209127758, 0.9956495)","(0.7210048, 0.7210048, 0.7210048)"
"Ground_Moss_ShootMat_03_LOD2_Mesh","Assets/ForestPrototype/Art/SectionFive/Ground_Moss_Shoots_03/FBX/Ground_Moss_ShootMat_03_LOD2.fbx","2","On","0","(1.3771975, 0.03022071, 1.33727491)","(0.8744312, 0.8744312, 0.8744312)"
"Ground_Moss_ShootMat_03_LOD1_Mesh","Assets/ForestPrototype/Art/SectionFive/Ground_Moss_Shoots_03/FBX/Ground_Moss_ShootMat_03_LOD1.fbx","6","On","0","(1.19873047, 0.0242545288, 1.20541751)","(0.774275541, 0.774275541, 0.774275541)"
"LOD2 Material0","","1","On","0","(4.13858652, 14.7983465, 4.165181)","(1.23319554, 1.23319554, 1.23319554)"
"Bilberry_Type_Cover_01_LOD1_Mesh","Assets/ForestPrototype/Art/SectionFive/Bilberry_Type_Cover_01/FBX/Bilberry_Type_Cover_01_LOD1.fbx","4","On","0","(0.5024526, 0.3512091, 0.541070342)","(0.7345054, 0.7345054, 0.7345054)"
"LOD1 Material1","","1","On","0","(3.87394857, 13.010026, 4.34159231)","(1.1123569, 1.1123569, 1.1123569)"
"LOD0 Material0","","1","On","0","(3.38960433, 9.538541, 3.299068)","(1.19231761, 1.19231761, 1.19231761)"
"LOD1 Material1","","1","On","0","(3.66595626, 12.3115177, 4.10849237)","(1.05263448, 1.05263448, 1.05263448)"
"LOD0 Material0","","1","On","0","(3.74042177, 10.5257616, 3.64051533)","(1.3157202, 1.3157202, 1.3157202)"
"Trunk","Library/unity default resources","1","On","1","(0.150783345, 10.8991547, 0.15078336)","(0.15078333, 5.44957733, 0.15078333)"
"LOD1 Material0","","1","On","0","(4.12331629, 14.7429562, 4.149472)","(1.22857964, 1.22857964, 1.22857964)"
"Trunk","Library/unity default resources","1","On","1","(0.156801149, 11.44167, 0.156801179)","(0.156801134, 5.720835, 0.156801134)"
"LOD2 Material1","","1","On","0","(3.671509, 12.2004766, 4.14580536)","(1.04534018, 1.04534018, 1.04534018)"
"Ground_Moss_ShootMat_03_LOD1_Mesh","Assets/ForestPrototype/Art/SectionFive/Ground_Moss_Shoots_03/FBX/Ground_Moss_ShootMat_03_LOD1.fbx","6","On","0","(1.19348121, 0.0254078843, 1.06606424)","(0.811094046, 0.811094046, 0.811094046)"
"Ground_Moss_ShootMat_03_LOD2_Mesh","Assets/ForestPrototype/Art/SectionFive/Ground_Moss_Shoots_03/FBX/Ground_Moss_ShootMat_03_LOD2.fbx","2","On","0","(0.8427443, 0.0267032832, 1.01834238)","(0.77265507, 0.77265507, 0.77265507)"
"Trunk","Library/unity default resources","1","On","1","(0.104288638, 8.025895, 0.104288645)","(0.104288623, 4.01294756, 0.104288623)"
"LOD0 Material0","","1","On","0","(3.67037749, 13.12327, 3.77223969)","(1.09360588, 1.09360588, 1.09360588)"
"Ground_Moss_ShootMat_03_LOD2_Mesh","Assets/ForestPrototype/Art/SectionFive/Ground_Moss_Shoots_03/FBX/Ground_Moss_ShootMat_03_LOD2.fbx","2","On","0","(0.7938958, 0.0245821942, 0.951096833)","(0.7112818, 0.7112817, 0.7112818)"
"LOD1 Material0","","1","On","0","(3.62287521, 10.8445, 3.52492952)","(1.35556245, 1.35556245, 1.35556245)"
"Ground_Moss_ShootMat_03_LOD0_Mesh","Assets/ForestPrototype/Art/SectionFive/Ground_Moss_Shoots_03/FBX/Ground_Moss_ShootMat_03_LOD0.fbx","6","On","0","(1.585113, 0.03009149, 1.61779952)","(1.03745711, 1.03745711, 1.03745711)"
"LOD2 Material0","","1","On","0","(3.80301952, 13.5984592, 3.82745767)","(1.13320494, 1.13320494, 1.13320494)"
"LOD0 Material1","","1","On","0","(3.79080319, 12.7307959, 4.24841)","(1.08848274, 1.08848274, 1.08848274)"
"ShadeFern_Clump_01_LOD2_Mesh","Assets/ForestPrototype/Art/SectionFive/Woodland_Assets/ShadeFern_Clump_01/ShadeFern_Clump_01_LOD2.fbx","2","On","0","(1.30646682, 0.5427035, 1.28190184)","(0.9572852, 0.9572851, 0.9572852)"
"Ground_Moss_ShootMat_03_LOD1_Mesh","Assets/ForestPrototype/Art/SectionFive/Ground_Moss_Shoots_03/FBX/Ground_Moss_ShootMat_03_LOD1.fbx","6","On","0","(1.21381283, 0.0243354049, 1.19027042)","(0.776857436, 0.7768574, 0.776857436)"
"LOD0 Material1","","1","On","0","(4.27871132, 14.3693562, 4.79521656)","(1.22857964, 1.22857964, 1.22857964)"
"LOD1 Material0","","1","On","0","(4.013207, 14.3492584, 4.038665)","(1.19577157, 1.19577157, 1.19577157)"
"Trunk","Library/unity default resources","1","On","1","(0.156674132, 12.1914425, 0.156674162)","(0.156674117, 6.09572124, 0.156674117)"
"LOD1 Material0","","1","On","0","(3.44716525, 12.3253708, 3.46903229)","(1.02711427, 1.02711427, 1.02711427)"
"LOD1 Material0","","1","On","0","(3.59849977, 12.8664694, 3.62132668)","(1.07220578, 1.07220578, 1.07220578)"
"LOD0 Material1","","1","On","0","(3.86191869, 12.9696255, 4.32811069)","(1.10890269, 1.10890269, 1.10890269)"
"LOD0 Material0","","1","On","0","(3.38788, 12.1132135, 3.48190236)","(1.00943446, 1.00943446, 1.00943446)"
"LOD0 Material0","","1","On","0","(4.03942347, 14.4427776, 4.1515274)","(1.20356476, 1.20356476, 1.20356476)"
"Ground_Moss_ShootMat_03_LOD1_Mesh","Assets/ForestPrototype/Art/SectionFive/Ground_Moss_Shoots_03/FBX/Ground_Moss_ShootMat_03_LOD1.fbx","6","On","0","(1.18997121, 0.02406094, 1.1232245)","(0.7680956, 0.7680957, 0.7680956)"
"Ground_Moss_ShootMat_03_LOD0_Mesh","Assets/ForestPrototype/Art/SectionFive/Ground_Moss_Shoots_03/FBX/Ground_Moss_ShootMat_03_LOD0.fbx","6","On","0","(1.27000356, 0.0263232887, 1.095638)","(0.907541931, 0.907541752, 0.907541931)"
"Ground_Moss_ShootMat_03_LOD0_Mesh","Assets/ForestPrototype/Art/SectionFive/Ground_Moss_Shoots_03/FBX/Ground_Moss_ShootMat_03_LOD0.fbx","6","On","0","(1.08402407, 0.0251131635, 1.23813236)","(0.8658207, 0.8658205, 0.8658207)"
"LOD1 Material0","","1","On","0","(3.49253964, 12.487608, 3.51469469)","(1.040634, 1.040634, 1.040634)"
"LOD0 Material0","","1","On","0","(3.62339354, 12.9552813, 3.72395182)","(1.07960677, 1.07960677, 1.07960677)"
"LOD0 Material1","","1","On","0","(4.164642, 9.801216, 4.05325031)","(1.26673889, 1.26673889, 1.26673889)"
"Ground_Moss_ShootMat_03_LOD0_Mesh","Assets/ForestPrototype/Art/SectionFive/Ground_Moss_Shoots_03/FBX/Ground_Moss_ShootMat_03_LOD0.fbx","6","On","0","(0.9599253, 0.0220038015, 1.091564)","(0.758619845, 0.7586198, 0.758619845)"
"LOD0 Material1","","1","On","0","(4.570665, 10.7567644, 4.448413)","(1.39023685, 1.39023685, 1.39023685)"
"Ground_Moss_ShootMat_03_LOD1_Mesh","Assets/ForestPrototype/Art/SectionFive/Ground_Moss_Shoots_03/FBX/Ground_Moss_ShootMat_03_LOD1.fbx","6","On","0","(1.18013239, 0.02390478, 1.11047328)","(0.763110638, 0.7631105, 0.763110638)"
"LOD2 Material1","","1","On","0","(4.16629362, 13.8446522, 4.70450735)","(1.18621361, 1.18621361, 1.18621361)"
"LOD1 Material0","","1","On","0","(3.582744, 10.7243729, 3.48588324)","(1.34054661, 1.34054661, 1.34054661)"
"LOD1 Material1","","1","On","0","(4.16445255, 13.9856358, 4.667165)","(1.19577157, 1.19577157, 1.19577157)"
"LOD0 Material0","","1","On","0","(3.36568975, 9.471244, 3.27579212)","(1.18390548, 1.18390548, 1.18390548)"
"Ground_Moss_ShootMat_03_LOD0_Mesh","Assets/ForestPrototype/Art/SectionFive/Ground_Moss_Shoots_03/FBX/Ground_Moss_ShootMat_03_LOD0.fbx","6","On","0","(1.094543, 0.02071162, 1.01945961)","(0.7140696, 0.714069545, 0.7140696)"
"Trunk","Library/unity default resources","1","On","1","(0.157830492, 11.3831367, 0.157830521)","(0.157830477, 5.69156837, 0.157830477)"
"Bilberry_Type_Cover_01_LOD2_Mesh","Assets/ForestPrototype/Art/SectionFive/Bilberry_Type_Cover_01/FBX/Bilberry_Type_Cover_01_LOD2.fbx","2","On","0","(0.6315086, 0.342574418, 0.658445)","(0.7305373, 0.730537236, 0.7305373)"
"LOD1 Material1","","1","On","0","(4.27359629, 10.0576324, 4.15929031)","(1.299879, 1.299879, 1.299879)"
"Ground_Moss_ShootMat_03_LOD0_Mesh","Assets/ForestPrototype/Art/SectionFive/Ground_Moss_Shoots_03/FBX/Ground_Moss_ShootMat_03_LOD0.fbx","6","On","0","(1.39779735, 0.0294302627, 1.52950287)","(1.01466, 1.01466012, 1.01466)"
"LOD2 Material1","","1","On","0","(4.60361862, 10.6856995, 4.491285)","(1.37722647, 1.37722647, 1.37722647)"
"LOD1 Material0","","1","On","0","(3.977114, 11.9048567, 3.86959124)","(1.48810709, 1.48810709, 1.48810709)"
"Ground_Moss_ShootMat_03_LOD2_Mesh","Assets/ForestPrototype/Art/SectionFive/Ground_Moss_Shoots_03/FBX/Ground_Moss_ShootMat_03_LOD2.fbx","2","On","0","(1.48779213, 0.0326749831, 1.43518877)","(0.9454452, 0.9454452, 0.9454452)"
"LOD1 Material0","","1","On","0","(3.64700818, 13.0399113, 3.670143)","(1.08665931, 1.08665931, 1.08665931)"
"Ground_Moss_ShootMat_03_LOD0_Mesh","Assets/ForestPrototype/Art/SectionFive/Ground_Moss_Shoots_03/FBX/Ground_Moss_ShootMat_03_LOD0.fbx","6","On","0","(1.18686128, 0.0221894234, 1.12801576)","(0.7650195, 0.7650194, 0.7650195)"
"LOD1 Material0","","1","On","0","(3.35864925, 12.0088825, 3.37995481)","(1.00074017, 1.00074017, 1.00074017)"
"LOD2 Material0","","1","On","0","(3.46301484, 12.3827047, 3.485268)","(1.03189206, 1.03189206, 1.03189206)"
"Ground_Moss_ShootMat_03_LOD1_Mesh","Assets/ForestPrototype/Art/SectionFive/Ground_Moss_Shoots_03/FBX/Ground_Moss_ShootMat_03_LOD1.fbx","6","On","0","(1.20725238, 0.0303456765, 0.9696829)","(0.9687228, 0.9687228, 0.9687228)"
"LOD2 Material0","","1","On","0","(3.38733268, 12.1120872, 3.40909958)","(1.00934064, 1.00934064, 1.00934064)"
"LOD2 Material0","","1","On","0","(3.364525, 12.0305347, 3.38614535)","(1.00254452, 1.00254452, 1.00254452)"
"LOD0 Material1","","1","On","0","(4.81366539, 11.32865, 4.68491364)","(1.46414912, 1.46414912, 1.46414912)"
"LOD2 Material1","","1","On","0","(4.72381926, 10.9647026, 4.608552)","(1.41318583, 1.41318583, 1.41318583)"
"LOD1 Material0","","1","On","0","(3.52260327, 12.5951014, 3.544949)","(1.04959178, 1.04959178, 1.04959178)"
"Ground_Moss_ShootMat_03_LOD0_Mesh","Assets/ForestPrototype/Art/SectionFive/Ground_Moss_Shoots_03/FBX/Ground_Moss_ShootMat_03_LOD0.fbx","6","On","0","(0.884973645, 0.0206960849, 0.709372342)","(0.7135341, 0.713534, 0.7135341)"
"Ground_Moss_ShootMat_03_LOD2_Mesh","Assets/ForestPrototype/Art/SectionFive/Ground_Moss_Shoots_03/FBX/Ground_Moss_ShootMat_03_LOD2.fbx","2","On","0","(0.906427741, 0.0248683933, 0.730545342)","(0.7195629, 0.7195628, 0.7195629)"
"Woodland_Grass_Tuft_02_LOD1_Foliage","Assets/ForestPrototype/Art/SectionFive/Woodland_Grass_Rush/FBX/Woodland_Grass_Tuft_02_LOD1.fbx","2","On","0","(1.13017452, 0.4369619, 1.04460883)","(0.8452095, 0.8452095, 0.8452095)"
"Ground_Moss_ShootMat_03_LOD2_Mesh","Assets/ForestPrototype/Art/SectionFive/Ground_Moss_Shoots_03/FBX/Ground_Moss_ShootMat_03_LOD2.fbx","2","On","0","(1.016048, 0.03459388, 1.26075661)","(1.00096834, 1.00096822, 1.00096834)"
"LOD2 Material0","","1","On","0","(3.84582019, 11.5127392, 3.74230647)","(1.4390924, 1.4390924, 1.4390924)"
"LOD1 Material0","","1","On","0","(3.53076386, 12.624279, 3.55316138)","(1.05202329, 1.05202329, 1.05202329)"
"LOD1 Material1","","1","On","0","(3.60203171, 12.096838, 4.03685141)","(1.03427935, 1.03427935, 1.03427935)"
"LOD0 Material0","","1","On","0","(3.324839, 9.356288, 3.23603272)","(1.169536, 1.169536, 1.169536)"
"Trunk","Library/unity default resources","1","On","1","(0.131115064, 10.5220737, 0.131115079)","(0.131115049, 5.261037, 0.131115049)"
"LOD1 Material1","","1","On","0","(4.21316957, 9.915422, 4.1004796)","(1.28149927, 1.28149927, 1.28149927)"
"LOD1 Material0","","1","On","0","(3.705079, 13.2475452, 3.72858214)","(1.10396206, 1.10396206, 1.10396206)"
"Ground_Moss_ShootMat_03_LOD2_Mesh","Assets/ForestPrototype/Art/SectionFive/Ground_Moss_Shoots_03/FBX/Ground_Moss_ShootMat_03_LOD2.fbx","2","On","0","(1.213219, 0.0266529731, 1.16854429)","(0.771199346, 0.771199346, 0.771199346)"
"Trunk","Library/unity default resources","1","On","1","(0.177946284, 13.4961977, 0.177946314)","(0.17794627, 6.748099, 0.17794627)"
"Ground_Moss_ShootMat_03_LOD2_Mesh","Assets/ForestPrototype/Art/SectionFive/Ground_Moss_Shoots_03/FBX/Ground_Moss_ShootMat_03_LOD2.fbx","2","On","0","(1.60164475, 0.038497176, 1.39994621)","(1.11390924, 1.11390936, 1.11390924)"
"LOD2 Material1","","1","On","0","(4.88483953, 11.3384542, 4.765643)","(1.46135688, 1.46135688, 1.46135688)"
"Ground_Moss_ShootMat_03_LOD1_Mesh","Assets/ForestPrototype/Art/SectionFive/Ground_Moss_Shoots_03/FBX/Ground_Moss_ShootMat_03_LOD1.fbx","6","On","0","(1.04991186, 0.0239890981, 1.15262091)","(0.765802145, 0.7658022, 0.765802145)"
"Ground_Moss_ShootMat_03_LOD2_Mesh","Assets/ForestPrototype/Art/SectionFive/Ground_Moss_Shoots_03/FBX/Ground_Moss_ShootMat_03_LOD2.fbx","2","On","0","(1.212042, 0.03602724, 1.42977786)","(1.04244232, 1.0424422, 1.04244232)"
"LOD1 Material1","","1","On","0","(3.66382766, 12.304369, 4.10610676)","(1.05202329, 1.05202329, 1.05202329)"
"Trunk","Library/unity default resources","1","On","1","(0.14149484, 10.600915, 0.141494855)","(0.141494825, 5.30045748, 0.141494825)"
"LOD1 Material0","","1","On","0","(3.61653328, 10.8255157, 3.518759)","(1.35318947, 1.35318947, 1.35318947)"
"Ground_Moss_ShootMat_03_LOD0_Mesh","Assets/ForestPrototype/Art/SectionFive/Ground_Moss_Shoots_03/FBX/Ground_Moss_ShootMat_03_LOD0.fbx","6","On","0","(1.69771826, 0.0332450643, 1.526914)","(1.14618218, 1.14618218, 1.14618218)"
"LOD1 Material1","","1","On","0","(3.99008369, 13.4000463, 4.471747)","(1.14570367, 1.14570367, 1.14570367)"
"LOD2 Material1","","1","On","0","(4.93443632, 11.4535761, 4.81402969)","(1.47619438, 1.47619438, 1.47619438)"
"Ground_Moss_ShootMat_03_LOD2_Mesh","Assets/ForestPrototype/Art/SectionFive/Ground_Moss_Shoots_03/FBX/Ground_Moss_ShootMat_03_LOD2.fbx","2","On","0","(1.7823174, 0.0391208269, 1.725755)","(1.13195467, 1.13195467, 1.13195467)"
"LOD2 Material1","","1","On","0","(4.255036, 14.1395445, 4.80471373)","(1.21148, 1.21148, 1.21148)"
"LOD0 Material0","","1","On","0","(3.01344562, 8.480009, 2.9329567)","(1.06000113, 1.06000113, 1.06000113)"
"Ground_Moss_ShootMat_03_LOD1_Mesh","Assets/ForestPrototype/Art/SectionFive/Ground_Moss_Shoots_03/FBX/Ground_Moss_ShootMat_03_LOD1.fbx","6","On","0","(1.735735, 0.0347951949, 1.68148947)","(1.11076486, 1.1107645, 1.11076486)"
"LOD0 Material0","","1","On","0","(4.10667372, 14.6832275, 4.220644)","(1.22360229, 1.22360229, 1.22360229)"
"Trunk","Library/unity default resources","1","On","1","(0.116162956, 9.293867, 0.116162971)","(0.116162941, 4.64693356, 0.116162941)"
"LOD0 Material0","","1","On","0","(3.99441957, 11.2405262, 3.887729)","(1.40506577, 1.40506577, 1.40506577)"
"LOD2 Material1","","1","On","0","(4.938223, 11.4623661, 4.817724)","(1.47732723, 1.47732723, 1.47732723)"
"Trunk","Library/unity default resources","1","On","1","(0.161547452, 12.0088816, 0.161547482)","(0.161547437, 6.004441, 0.161547437)"
"Trunk","Library/unity default resources","1","On","1","(0.153445661, 11.7701006, 0.153445676)","(0.153445646, 5.8850503, 0.153445646)"
"Ground_Moss_ShootMat_03_LOD1_Mesh","Assets/ForestPrototype/Art/SectionFive/Ground_Moss_Shoots_03/FBX/Ground_Moss_ShootMat_03_LOD1.fbx","6","On","0","(1.1685468, 0.03064294, 1.36104512)","(0.9782123, 0.978212357, 0.9782123)"
"Trunk","Library/unity default resources","1","On","1","(0.200177744, 14.5121946, 0.200177759)","(0.200177714, 7.25609732, 0.200177714)"
"LOD0 Material0","","1","On","0","(3.69538713, 10.3990316, 3.5966835)","(1.299879, 1.299879, 1.299879)"
"Ground_Moss_ShootMat_03_LOD2_Mesh","Assets/ForestPrototype/Art/SectionFive/Ground_Moss_Shoots_03/FBX/Ground_Moss_ShootMat_03_LOD2.fbx","2","On","0","(1.48288465, 0.0345056, 1.32747412)","(0.9984141, 0.9984138, 0.9984141)"
"LOD2 Material0","","1","On","0","(3.44018936, 10.2984543, 3.34759355)","(1.28730679, 1.28730679, 1.28730679)"
"Trunk","Library/unity default resources","1","On","1","(0.210236192, 14.5475836, 0.2102362)","(0.210236162, 7.273792, 0.210236162)"
"LOD2 Material1","","1","On","0","(4.729674, 10.9782925, 4.614264)","(1.41493738, 1.41493738, 1.41493738)"
"LOD0 Material1","","1","On","0","(4.0625844, 9.56103, 3.95392227)","(1.23569655, 1.23569655, 1.23569655)"
"Ground_Moss_ShootMat_03_LOD0_Mesh","Assets/ForestPrototype/Art/SectionFive/Ground_Moss_Shoots_03/FBX/Ground_Moss_ShootMat_03_LOD0.fbx","6","On","0","(0.898253739, 0.0206152238, 1.02195632)","(0.7107463, 0.710746169, 0.7107463)"
"Ground_Moss_ShootMat_03_LOD1_Mesh","Assets/ForestPrototype/Art/SectionFive/Ground_Moss_Shoots_03/FBX/Ground_Moss_ShootMat_03_LOD1.fbx","6","On","0","(1.34598088, 0.02734807, 1.36199045)","(0.8730304, 0.8730304, 0.8730304)"
"Ground_Moss_ShootMat_03_LOD0_Mesh","Assets/ForestPrototype/Art/SectionFive/Ground_Moss_Shoots_03/FBX/Ground_Moss_ShootMat_03_LOD0.fbx","6","On","0","(0.9239439, 0.02435833, 1.11003458)","(0.839796364, 0.8397963, 0.839796364)"
"LOD1 Material1","","1","On","0","(3.856039, 9.074939, 3.75290155)","(1.17287266, 1.17287266, 1.17287266)"
"LOD2 Material0","","1","On","0","(3.74894929, 11.2227488, 3.64804268)","(1.40284359, 1.40284359, 1.40284359)"
"Ground_Moss_ShootMat_03_LOD2_Mesh","Assets/ForestPrototype/Art/SectionFive/Ground_Moss_Shoots_03/FBX/Ground_Moss_ShootMat_03_LOD2.fbx","2","On","0","(1.0907532, 0.0284380279, 1.22007775)","(0.822849631, 0.822849631, 0.822849631)"
"LOD0 Material0","","1","On","0","(3.641132, 10.2463551, 3.5438776)","(1.28079438, 1.28079438, 1.28079438)"
"Ground_Moss_ShootMat_03_LOD0_Mesh","Assets/ForestPrototype/Art/SectionFive/Ground_Moss_Shoots_03/FBX/Ground_Moss_ShootMat_03_LOD0.fbx","6","On","0","(1.32008469, 0.0245622732, 1.29671788)","(0.8468276, 0.8468276, 0.8468276)"
"Trunk","Library/unity default resources","1","On","1","(0.183538184, 13.3723078, 0.183538213)","(0.183538169, 6.686154, 0.183538169)"
"Ground_Moss_ShootMat_03_LOD2_Mesh","Assets/ForestPrototype/Art/SectionFive/Ground_Moss_Shoots_03/FBX/Ground_Moss_ShootMat_03_LOD2.fbx","2","On","0","(1.72079921, 0.0395807363, 1.798418)","(1.14526212, 1.145262, 1.14526212)"
"Ground_Moss_ShootMat_03_LOD2_Mesh","Assets/ForestPrototype/Art/SectionFive/Ground_Moss_Shoots_03/FBX/Ground_Moss_ShootMat_03_LOD2.fbx","2","On","0","(0.842020631, 0.02787038, 1.034024)","(0.806424856, 0.8064248, 0.806424856)"
"LOD1 Material1","","1","On","0","(3.668663, 8.633962, 3.57053733)","(1.11587942, 1.11587942, 1.11587942)"
"Ground_Moss_ShootMat_03_LOD0_Mesh","Assets/ForestPrototype/Art/SectionFive/Ground_Moss_Shoots_03/FBX/Ground_Moss_ShootMat_03_LOD0.fbx","6","On","0","(0.7855717, 0.0210748967, 0.9499949)","(0.7265944, 0.72659415, 0.7265944)"
"Ground_Moss_ShootMat_03_LOD2_Mesh","Assets/ForestPrototype/Art/SectionFive/Ground_Moss_Shoots_03/FBX/Ground_Moss_ShootMat_03_LOD2.fbx","2","On","0","(1.07820487, 0.0258983225, 1.15851426)","(0.7493638, 0.749363661, 0.7493638)"
"LOD1 Material0","","1","On","0","(3.41094685, 12.1958733, 3.43258429)","(1.01632273, 1.01632273, 1.01632273)"
"Ground_Moss_ShootMat_03_LOD2_Mesh","Assets/ForestPrototype/Art/SectionFive/Ground_Moss_Shoots_03/FBX/Ground_Moss_ShootMat_03_LOD2.fbx","2","On","0","(0.9936429, 0.0331918448, 1.224344)","(0.9604007, 0.9604005, 0.9604007)"
"LOD1 Material0","","1","On","0","(3.38333941, 12.0971622, 3.40480161)","(1.00809681, 1.00809681, 1.00809681)"
"LOD0 Material0","","1","On","0","(3.94701576, 11.1071291, 3.84159112)","(1.38839114, 1.38839114, 1.38839114)"
"Trunk","Library/unity default resources","1","On","1","(0.194993958, 14.1108007, 0.194993973)","(0.194993928, 7.05540037, 0.194993928)"
"LOD2 Material0","","1","On","0","(3.941163, 14.0924187, 3.96648884)","(1.17436826, 1.17436826, 1.17436826)"
"LOD0 Material0","","1","On","0","(4.189682, 14.9800205, 4.305956)","(1.248335, 1.248335, 1.248335)"
"LOD1 Material0","","1","On","0","(3.78881073, 13.5469284, 3.812845)","(1.12891066, 1.12891066, 1.12891066)"
"Ground_Moss_ShootMat_03_LOD0_Mesh","Assets/ForestPrototype/Art/SectionFive/Ground_Moss_Shoots_03/FBX/Ground_Moss_ShootMat_03_LOD0.fbx","6","On","0","(0.999423742, 0.02142264, 1.10315514)","(0.7385832, 0.7385832, 0.7385832)"
"Ground_Moss_ShootMat_03_LOD1_Mesh","Assets/ForestPrototype/Art/SectionFive/Ground_Moss_Shoots_03/FBX/Ground_Moss_ShootMat_03_LOD1.fbx","6","On","0","(1.0280112, 0.023934463, 1.1387291)","(0.7640582, 0.7640581, 0.7640582)"
"LOD2 Material1","","1","On","0","(3.98703933, 9.254524, 3.88975072)","(1.19276953, 1.19276953, 1.19276953)"
"LOD0 Material0","","1","On","0","(3.390889, 9.542156, 3.30031848)","(1.19276953, 1.19276953, 1.19276953)"
"Ground_Moss_ShootMat_03_LOD0_Mesh","Assets/ForestPrototype/Art/SectionFive/Ground_Moss_Shoots_03/FBX/Ground_Moss_ShootMat_03_LOD0.fbx","6","On","0","(1.04650939, 0.0208984371, 0.9266906)","(0.720510364, 0.7205104, 0.720510364)"
"LOD0 Material0","","1","On","0","(3.09305859, 8.704044, 3.010443)","(1.08800554, 1.08800554, 1.08800554)"
"Ground_Moss_ShootMat_03_LOD1_Mesh","Assets/ForestPrototype/Art/SectionFive/Ground_Moss_Shoots_03/FBX/Ground_Moss_ShootMat_03_LOD1.fbx","6","On","0","(0.9758916, 0.022232607, 0.8315493)","(0.7097299, 0.7097299, 0.7097299)"
"LOD2 Material0","","1","On","0","(3.41377687, 12.2066441, 3.43571377)","(1.01722038, 1.01722038, 1.01722038)"
"LOD1 Material1","","1","On","0","(4.6252346, 10.885191, 4.501523)","(1.40683508, 1.40683508, 1.40683508)"
"Ground_Moss_ShootMat_03_LOD0_Mesh","Assets/ForestPrototype/Art/SectionFive/Ground_Moss_Shoots_03/FBX/Ground_Moss_ShootMat_03_LOD0.fbx","6","On","0","(1.31200349, 0.0246403459, 1.23589027)","(0.8495193, 0.8495193, 0.8495193)"
"Ground_Moss_ShootMat_03_LOD1_Mesh","Assets/ForestPrototype/Art/SectionFive/Ground_Moss_Shoots_03/FBX/Ground_Moss_ShootMat_03_LOD1.fbx","6","On","0","(1.65292656, 0.03518237, 1.47667933)","(1.12312424, 1.12312424, 1.12312424)"
"LOD0 Material1","","1","On","0","(4.19027853, 9.861549, 4.078201)","(1.27453661, 1.27453661, 1.27453661)"
"Trunk","Library/unity default resources","1","On","1","(0.194029987, 14.2345638, 0.19403)","(0.194029957, 7.117282, 0.194029957)"
"LOD0 Material1","","1","On","0","(4.01942873, 13.4985971, 4.50463438)","(1.15412974, 1.15412974, 1.15412974)"
"Trunk","Library/unity default resources","1","On","1","(0.153288, 12.0850325, 0.153288022)","(0.153287992, 6.042516, 0.153287992)"
"Ground_Moss_ShootMat_03_LOD0_Mesh","Assets/ForestPrototype/Art/SectionFive/Ground_Moss_Shoots_03/FBX/Ground_Moss_ShootMat_03_LOD0.fbx","6","On","0","(1.01676631, 0.0217018668, 1.120021)","(0.7482101, 0.7482101, 0.7482101)"
"LOD2 Material1","","1","On","0","(3.850559, 12.7954626, 4.34798527)","(1.09631872, 1.09631872, 1.09631872)"
"LOD1 Material1","","1","On","0","(4.202807, 14.1144438, 4.71014929)","(1.20678461, 1.20678461, 1.20678461)"
"LOD0 Material0","","1","On","0","(4.068736, 14.5475836, 4.1816535)","(1.21229863, 1.21229863, 1.21229863)"
"Ground_Moss_ShootMat_03_LOD2_Mesh","Assets/ForestPrototype/Art/SectionFive/Ground_Moss_Shoots_03/FBX/Ground_Moss_ShootMat_03_LOD2.fbx","2","On","0","(1.49606824, 0.0338373333, 1.54192352)","(0.9790776, 0.9790776, 0.9790776)"
"Ground_Moss_ShootMat_03_LOD2_Mesh","Assets/ForestPrototype/Art/SectionFive/Ground_Moss_Shoots_03/FBX/Ground_Moss_ShootMat_03_LOD2.fbx","2","On","0","(1.24114633, 0.03903919, 1.49566066)","(1.12959254, 1.12959254, 1.12959254)"
"Ground_Moss_ShootMat_03_LOD1_Mesh","Assets/ForestPrototype/Art/SectionFive/Ground_Moss_Shoots_03/FBX/Ground_Moss_ShootMat_03_LOD1.fbx","6","On","0","(1.44012809, 0.035503298, 1.63590884)","(1.13336909, 1.13336921, 1.13336909)"
"Trunk","Library/unity default resources","1","On","1","(0.187902838, 13.1864452, 0.187902853)","(0.187902808, 6.59322262, 0.187902808)"
"LOD2 Material1","","1","On","0","(4.73469162, 10.9899387, 4.619159)","(1.41643846, 1.41643846, 1.41643846)"
"LOD2 Material0","","1","On","0","(3.7812686, 11.319499, 3.67949224)","(1.41493738, 1.41493738, 1.41493738)"
"Ground_Moss_ShootMat_03_LOD1_Mesh","Assets/ForestPrototype/Art/SectionFive/Ground_Moss_Shoots_03/FBX/Ground_Moss_ShootMat_03_LOD1.fbx","6","On","0","(1.59787154, 0.03467732, 1.7065444)","(1.10700154, 1.10700154, 1.10700154)"
"Ground_Moss_ShootMat_03_LOD2_Mesh","Assets/ForestPrototype/Art/SectionFive/Ground_Moss_Shoots_03/FBX/Ground_Moss_ShootMat_03_LOD2.fbx","2","On","0","(1.21727037, 0.03156484, 1.358321)","(0.913323462, 0.9133234, 0.913323462)"
"Ground_Moss_ShootMat_03_LOD2_Mesh","Assets/ForestPrototype/Art/SectionFive/Ground_Moss_Shoots_03/FBX/Ground_Moss_ShootMat_03_LOD2.fbx","2","On","0","(1.19903636, 0.026545709, 1.13217688)","(0.7680956, 0.7680957, 0.7680956)"
"LOD1 Material0","","1","On","0","(3.4404552, 10.2984543, 3.34744143)","(1.28730679, 1.28730679, 1.28730679)"
"LOD1 Material0","","1","On","0","(3.65452671, 10.9392433, 3.55572534)","(1.36740541, 1.36740541, 1.36740541)"
"Ground_Moss_ShootMat_03_LOD0_Mesh","Assets/ForestPrototype/Art/SectionFive/Ground_Moss_Shoots_03/FBX/Ground_Moss_ShootMat_03_LOD0.fbx","6","On","0","(0.8647993, 0.0213569142, 1.01334453)","(0.7363172, 0.7363172, 0.7363172)"
"LOD2 Material1","","1","On","0","(3.944101, 13.1063042, 4.453612)","(1.12295175, 1.12295175, 1.12295175)"
"LOD0 Material1","","1","On","0","(4.07668447, 9.59421349, 3.967645)","(1.23998523, 1.23998523, 1.23998523)"
"LOD2 Material0","","1","On","0","(3.63217, 12.9875526, 3.65551019)","(1.082296, 1.082296, 1.082296)"
"Foundation Marker","Library/unity default resources","1","On","0","(1.8, 0.1, 1)","(1.8, 0.1, 1)"
"Dirt Path 05","Library/unity default resources","1","Off","0","(2.60723853, 0.012, 1.81451344)","(2.60000014, 0.012, 0.667037)"
"LOD2 Material1","","1","On","0","(3.514862, 11.6799364, 3.96892214)","(1.00074017, 1.00074017, 1.00074017)"
"LOD2 Material0","","1","On","0","(3.73305368, 13.3482828, 3.75704217)","(1.1123569, 1.1123569, 1.1123569)"
"Ground_Moss_ShootMat_03_LOD2_Mesh","Assets/ForestPrototype/Art/SectionFive/Ground_Moss_Shoots_03/FBX/Ground_Moss_ShootMat_03_LOD2.fbx","2","On","0","(0.793975055, 0.0251114, 0.958750248)","(0.7265944, 0.72659415, 0.7265944)"
"LOD2 Material1","","1","On","0","(3.53715038, 11.7540016, 3.99408984)","(1.007086, 1.007086, 1.007086)"
"Ground_Moss_ShootMat_03_LOD1_Mesh","Assets/ForestPrototype/Art/SectionFive/Ground_Moss_Shoots_03/FBX/Ground_Moss_ShootMat_03_LOD1.fbx","6","On","0","(0.9290703, 0.0252457, 1.09717739)","(0.805916846, 0.805916667, 0.805916846)"
"LOD1 Material1","","1","On","0","(4.09344339, 9.633655, 3.98395586)","(1.24508274, 1.24508274, 1.24508274)"
"LOD1 Material0","","1","On","0","(3.513365, 12.5620689, 3.535652)","(1.04683912, 1.04683912, 1.04683912)"
"LOD0 Material1","","1","On","0","(4.6252346, 10.885191, 4.501523)","(1.40683508, 1.40683508, 1.40683508)"
"Ground_Moss_ShootMat_03_LOD2_Mesh","Assets/ForestPrototype/Art/SectionFive/Ground_Moss_Shoots_03/FBX/Ground_Moss_ShootMat_03_LOD2.fbx","2","On","0","(1.49682117, 0.03382452, 1.54143262)","(0.978706658, 0.9787068, 0.978706658)"
"Ground_Moss_ShootMat_03_LOD0_Mesh","Assets/ForestPrototype/Art/SectionFive/Ground_Moss_Shoots_03/FBX/Ground_Moss_ShootMat_03_LOD0.fbx","6","On","0","(1.71443474, 0.03301045, 1.77424192)","(1.13809359, 1.13809335, 1.13809359)"
"Ground_Moss_ShootMat_03_LOD1_Mesh","Assets/ForestPrototype/Art/SectionFive/Ground_Moss_Shoots_03/FBX/Ground_Moss_ShootMat_03_LOD1.fbx","6","On","0","(0.779366, 0.0224201735, 0.940470755)","(0.715717554, 0.715717554, 0.715717554)"
"LOD2 Material0","","1","On","0","(3.59762621, 10.7697525, 3.50079274)","(1.34621906, 1.34621906, 1.34621906)"
"Ground_Moss_ShootMat_03_LOD0_Mesh","Assets/ForestPrototype/Art/SectionFive/Ground_Moss_Shoots_03/FBX/Ground_Moss_ShootMat_03_LOD0.fbx","6","On","0","(1.33339238, 0.0247941017, 1.30084872)","(0.854820251, 0.8548203, 0.854820251)"
"Ground_Moss_ShootMat_03_LOD2_Mesh","Assets/ForestPrototype/Art/SectionFive/Ground_Moss_Shoots_03/FBX/Ground_Moss_ShootMat_03_LOD2.fbx","2","On","0","(1.32468, 0.029359743, 1.24840379)","(0.8495193, 0.8495193, 0.8495193)"
"Ground_Moss_ShootMat_03_LOD0_Mesh","Assets/ForestPrototype/Art/SectionFive/Ground_Moss_Shoots_03/FBX/Ground_Moss_ShootMat_03_LOD0.fbx","6","On","0","(1.06734216, 0.0217353273, 1.14748)","(0.7493638, 0.749363661, 0.7493638)"
"Ground_Moss_ShootMat_03_LOD2_Mesh","Assets/ForestPrototype/Art/SectionFive/Ground_Moss_Shoots_03/FBX/Ground_Moss_ShootMat_03_LOD2.fbx","2","On","0","(1.34492815, 0.0299155284, 1.360885)","(0.8656008, 0.8656008, 0.8656008)"
"LOD0 Material1","","1","On","0","(3.93159938, 13.2036371, 4.406203)","(1.12891066, 1.12891066, 1.12891066)"
"LOD2 Material1","","1","On","0","(4.27341175, 14.2006083, 4.825464)","(1.216712, 1.216712, 1.216712)"
"Ground_Moss_ShootMat_03_LOD2_Mesh","Assets/ForestPrototype/Art/SectionFive/Ground_Moss_Shoots_03/FBX/Ground_Moss_ShootMat_03_LOD2.fbx","2","On","0","(1.03635609, 0.0264061689, 1.147261)","(0.7640582, 0.7640581, 0.7640582)"
"Ground_Moss_ShootMat_03_LOD0_Mesh","Assets/ForestPrototype/Art/SectionFive/Ground_Moss_Shoots_03/FBX/Ground_Moss_ShootMat_03_LOD0.fbx","6","On","0","(1.08494353, 0.0222746655, 1.17169392)","(0.767958343, 0.767958343, 0.767958343)"
"Ground_Moss_ShootMat_03_LOD1_Mesh","Assets/ForestPrototype/Art/SectionFive/Ground_Moss_Shoots_03/FBX/Ground_Moss_ShootMat_03_LOD1.fbx","6","On","0","(0.810831547, 0.0260011256, 1.01859987)","(0.8300321, 0.830032051, 0.8300321)"
"Ground_Moss_ShootMat_03_LOD1_Mesh","Assets/ForestPrototype/Art/SectionFive/Ground_Moss_Shoots_03/FBX/Ground_Moss_ShootMat_03_LOD1.fbx","6","On","0","(1.51256967, 0.0334981531, 1.31285989)","(1.06935906, 1.06935906, 1.06935906)"
"ShadeFern_Clump_01_LOD1_Mesh","Assets/ForestPrototype/Art/SectionFive/Woodland_Assets/ShadeFern_Clump_01/ShadeFern_Clump_01_LOD1.fbx","2","On","0","(1.454646, 0.6450326, 1.42133355)","(1.13391912, 1.133919, 1.13391912)"
"Dirt Path 28","Library/unity default resources","1","Off","0","(2.66679859, 0.012, 1.38735211)","(2.60000014, 0.012, 0.624955058)"
"LOD1 Material1","","1","On","0","(3.53013635, 8.307948, 3.43571568)","(1.07374442, 1.07374442, 1.07374442)"
"LOD0 Material0","","1","On","0","(4.04509735, 11.3831367, 3.9370532)","(1.42289209, 1.42289209, 1.42289209)"
"Ground_Moss_ShootMat_03_LOD2_Mesh","Assets/ForestPrototype/Art/SectionFive/Ground_Moss_Shoots_03/FBX/Ground_Moss_ShootMat_03_LOD2.fbx","2","On","0","(1.19330025, 0.0290488675, 1.034111)","(0.840524137, 0.840524137, 0.840524137)"
"LOD0 Material1","","1","On","0","(3.57707834, 12.0130358, 4.008886)","(1.02711427, 1.02711427, 1.02711427)"
"LOD0 Material0","","1","On","0","(4.10231924, 14.66766, 4.216169)","(1.22230494, 1.22230494, 1.22230494)"
"Trunk","Library/unity default resources","1","On","1","(0.178658113, 13.3662148, 0.178658143)","(0.1786581, 6.68310738, 0.1786581)"
"Trunk","Library/unity default resources","1","On","1","(0.141109064, 11.2405262, 0.141109079)","(0.141109049, 5.620263, 0.141109049)"
"Bramble_Clump_01_LOD1_Mesh","Assets/ForestPrototype/Art/SectionFive/Woodland_Assets/Bramble_Clump_01/Bramble_Clump_01_LOD1.fbx","2","On","0","(2.17803741, 0.954157054, 2.23353958)","(1.05481327, 1.05481327, 1.05481327)"
"Trunk","Library/unity default resources","1","On","1","(0.114480294, 8.733071, 0.114480309)","(0.114480279, 4.36653566, 0.114480279)"
"Ground_Moss_ShootMat_03_LOD1_Mesh","Assets/ForestPrototype/Art/SectionFive/Ground_Moss_Shoots_03/FBX/Ground_Moss_ShootMat_03_LOD1.fbx","6","On","0","(1.41202521, 0.0302553345, 1.49618554)","(0.9658388, 0.96583885, 0.9658388)"
"LOD2 Material0","","1","On","0","(3.94497132, 11.8095551, 3.83878875)","(1.47619438, 1.47619438, 1.47619438)"
"LOD0 Material1","","1","On","0","(4.65680742, 10.9594955, 4.53225136)","(1.41643846, 1.41643846, 1.41643846)"
"Ground_Moss_ShootMat_03_LOD0_Mesh","Assets/ForestPrototype/Art/SectionFive/Ground_Moss_Shoots_03/FBX/Ground_Moss_ShootMat_03_LOD0.fbx","6","On","0","(1.703656, 0.0332183763, 1.78110909)","(1.14526212, 1.145262, 1.14526212)"
"LOD0 Material0","","1","On","0","(3.500077, 12.514369, 3.597213)","(1.04286408, 1.04286408, 1.04286408)"
"Ground_Moss_ShootMat_03_LOD2_Mesh","Assets/ForestPrototype/Art/SectionFive/Ground_Moss_Shoots_03/FBX/Ground_Moss_ShootMat_03_LOD2.fbx","2","On","0","(1.356914, 0.03395836, 1.48939586)","(0.98257947, 0.9825795, 0.98257947)"
"Ground_Moss_ShootMat_03_LOD0_Mesh","Assets/ForestPrototype/Art/SectionFive/Ground_Moss_Shoots_03/FBX/Ground_Moss_ShootMat_03_LOD0.fbx","6","On","0","(1.34544992, 0.0254617017, 1.2530061)","(0.877837, 0.877837, 0.877837)"
"LOD0 Material0","","1","On","0","(3.472496, 12.4157543, 3.56886649)","(1.03464615, 1.03464615, 1.03464615)"
"Ground_Moss_ShootMat_03_LOD2_Mesh","Assets/ForestPrototype/Art/SectionFive/Ground_Moss_Shoots_03/FBX/Ground_Moss_ShootMat_03_LOD2.fbx","2","On","0","(1.52781224, 0.0339351036, 1.434796)","(0.981906533, 0.9819066, 0.981906533)"
"Ground_Moss_ShootMat_03_LOD2_Mesh","Assets/ForestPrototype/Art/SectionFive/Ground_Moss_Shoots_03/FBX/Ground_Moss_ShootMat_03_LOD2.fbx","2","On","0","(1.51206851, 0.03895281, 1.68231535)","(1.12709308, 1.12709308, 1.12709308)"
"LOD0 Material0","","1","On","0","(4.166038, 11.7234707, 4.05476332)","(1.46543384, 1.46543384, 1.46543384)"
"Dirt Path 00","Library/unity default resources","1","Off","0","(2.61540627, 0.012, 1.77618849)","(2.6, 0.012, 0.662013)"
"Ground_Moss_ShootMat_03_LOD1_Mesh","Assets/ForestPrototype/Art/SectionFive/Ground_Moss_Shoots_03/FBX/Ground_Moss_ShootMat_03_LOD1.fbx","6","On","0","(1.40575266, 0.0349375866, 1.60226893)","(1.11531, 1.11531007, 1.11531)"
"Ground_Moss_ShootMat_03_LOD2_Mesh","Assets/ForestPrototype/Art/SectionFive/Ground_Moss_Shoots_03/FBX/Ground_Moss_ShootMat_03_LOD2.fbx","2","On","0","(1.14962065, 0.029324621, 1.27329934)","(0.848503, 0.848503053, 0.848503)"
"LOD2 Material1","","1","On","0","(4.13053036, 9.587589, 4.02974033)","(1.23569655, 1.23569655, 1.23569655)"
"LOD0 Material1","","1","On","0","(4.03443, 9.49477, 3.92652082)","(1.22713292, 1.22713292, 1.22713292)"
"LOD0 Material1","","1","On","0","(3.90442777, 13.1123857, 4.375751)","(1.12110865, 1.12110865, 1.12110865)"
"Ground_Moss_ShootMat_03_LOD2_Mesh","Assets/ForestPrototype/Art/SectionFive/Ground_Moss_Shoots_03/FBX/Ground_Moss_ShootMat_03_LOD2.fbx","2","On","0","(1.36834621, 0.03203519, 1.21909392)","(0.926932931, 0.926932931, 0.926932931)"
"LOD2 Material1","","1","On","0","(3.812438, 12.668786, 4.30494)","(1.08546507, 1.08546507, 1.08546507)"
"Ground_Moss_ShootMat_03_LOD2_Mesh","Assets/ForestPrototype/Art/SectionFive/Ground_Moss_Shoots_03/FBX/Ground_Moss_ShootMat_03_LOD2.fbx","2","On","0","(1.05639172, 0.0249011423, 0.9363164)","(0.720510364, 0.7205104, 0.720510364)"
"LOD0 Material1","","1","On","0","(3.828823, 9.010888, 3.72641349)","(1.16459453, 1.16459453, 1.16459453)"
"Ground_Moss_ShootMat_03_LOD0_Mesh","Assets/ForestPrototype/Art/SectionFive/Ground_Moss_Shoots_03/FBX/Ground_Moss_ShootMat_03_LOD0.fbx","6","On","0","(1.12314808, 0.02780149, 1.317259)","(0.9585056, 0.958505332, 0.9585056)"
"LOD1 Material1","","1","On","0","(4.34751225, 14.6004133, 4.872323)","(1.248335, 1.248335, 1.248335)"
"Ground_Moss_ShootMat_03_LOD2_Mesh","Assets/ForestPrototype/Art/SectionFive/Ground_Moss_Shoots_03/FBX/Ground_Moss_ShootMat_03_LOD2.fbx","2","On","0","(1.73204517, 0.03880758, 1.76827979)","(1.122891, 1.12289083, 1.122891)"
"LOD1 Material0","","1","On","0","(3.981322, 11.9174528, 3.8736856)","(1.4896816, 1.4896816, 1.4896816)"
"Trunk","Library/unity default resources","1","On","1","(0.1636232, 11.74699, 0.163623229)","(0.163623184, 5.873495, 0.163623184)"
"Ground_Moss_ShootMat_03_LOD2_Mesh","Assets/ForestPrototype/Art/SectionFive/Ground_Moss_Shoots_03/FBX/Ground_Moss_ShootMat_03_LOD2.fbx","2","On","0","(1.35839367, 0.0303384159, 1.26575208)","(0.877837, 0.877837, 0.877837)"
"LOD2 Material0","","1","On","0","(3.916215, 11.7234707, 3.81080627)","(1.46543384, 1.46543384, 1.46543384)"
"LOD0 Material0","","1","On","0","(4.02248335, 11.319499, 3.91504288)","(1.41493738, 1.41493738, 1.41493738)"
"LOD0 Material0","","1","On","0","(3.56623983, 12.7509308, 3.66521215)","(1.06257761, 1.06257761, 1.06257761)"
"Trunk","Library/unity default resources","1","On","1","(0.178599223, 12.863739, 0.178599253)","(0.178599209, 6.43186951, 0.178599209)"
"LOD1 Material1","","1","On","0","(4.857355, 11.4314718, 4.727435)","(1.47743809, 1.47743809, 1.47743809)"
"LOD1 Material0","","1","On","0","(3.500024, 12.514369, 3.52222657)","(1.04286408, 1.04286408, 1.04286408)"
"Ground_Moss_ShootMat_03_LOD2_Mesh","Assets/ForestPrototype/Art/SectionFive/Ground_Moss_Shoots_03/FBX/Ground_Moss_ShootMat_03_LOD2.fbx","2","On","0","(1.3992331, 0.03070957, 1.37112236)","(0.8885763, 0.8885763, 0.8885763)"
"LOD0 Material0","","1","On","0","(3.911363, 11.0068, 3.80689049)","(1.37585, 1.37585, 1.37585)"
"Ground_Moss_ShootMat_03_LOD0_Mesh","Assets/ForestPrototype/Art/SectionFive/Ground_Moss_Shoots_03/FBX/Ground_Moss_ShootMat_03_LOD0.fbx","6","On","0","(1.349469, 0.0262368526, 1.40772355)","(0.9045617, 0.9045617, 0.9045617)"
"Ground_Moss_ShootMat_03_LOD2_Mesh","Assets/ForestPrototype/Art/SectionFive/Ground_Moss_Shoots_03/FBX/Ground_Moss_ShootMat_03_LOD2.fbx","2","On","0","(1.61609185, 0.03873638, 1.41530037)","(1.12083066, 1.12083077, 1.12083066)"
"LOD1 Material0","","1","On","0","(2.929795, 8.769875, 2.85058713)","(1.09623432, 1.09623432, 1.09623432)"
"LOD2 Material0","","1","On","0","(3.59557033, 10.7635984, 3.49879241)","(1.34544981, 1.34544981, 1.34544981)"
"Ground_Moss_ShootMat_03_LOD1_Mesh","Assets/ForestPrototype/Art/SectionFive/Ground_Moss_Shoots_03/FBX/Ground_Moss_ShootMat_03_LOD1.fbx","6","On","0","(1.55486178, 0.0319275074, 1.5930891)","(1.01921964, 1.01921952, 1.01921964)"
"Ground_Moss_ShootMat_03_LOD0_Mesh","Assets/ForestPrototype/Art/SectionFive/Ground_Moss_Shoots_03/FBX/Ground_Moss_ShootMat_03_LOD0.fbx","6","On","0","(1.178771, 0.022588551, 1.21465158)","(0.77878, 0.778780043, 0.77878)"
"LOD0 Material0","","1","On","0","(3.52292418, 9.913711, 3.42882681)","(1.23921382, 1.23921382, 1.23921382)"
"LOD1 Material0","","1","On","0","(3.92437482, 11.74699, 3.81827784)","(1.46837378, 1.46837378, 1.46837378)"
"Ground_Moss_ShootMat_03_LOD1_Mesh","Assets/ForestPrototype/Art/SectionFive/Ground_Moss_Shoots_03/FBX/Ground_Moss_ShootMat_03_LOD1.fbx","6","On","0","(1.41738772, 0.0284054913, 1.38196087)","(0.906786442, 0.906786442, 0.906786442)"
"Bracken_Clump_01_LOD0_Mesh","Assets/ForestPrototype/Art/SectionFive/Woodland_Assets/Bracken_Clump_01/Bracken_Clump_01_LOD0.fbx","2","On","0","(1.4446454, 0.8622909, 1.4382813)","(0.8470083, 0.8470083, 0.8470083)"
"Ground_Moss_ShootMat_03_LOD1_Mesh","Assets/ForestPrototype/Art/SectionFive/Ground_Moss_Shoots_03/FBX/Ground_Moss_ShootMat_03_LOD1.fbx","6","On","0","(1.292049, 0.0274418518, 1.15628064)","(0.8760245, 0.876024246, 0.8760245)"
"Ground_Moss_ShootMat_03_LOD0_Mesh","Assets/ForestPrototype/Art/SectionFive/Ground_Moss_Shoots_03/FBX/Ground_Moss_ShootMat_03_LOD0.fbx","6","On","0","(1.21068442, 0.0325774662, 1.4657346)","(1.12316537, 1.12316549, 1.12316537)"
"LOD1 Material1","","1","On","0","(3.50037, 11.7554235, 3.9229176)","(1.00508845, 1.00508845, 1.00508845)"
"Ground_Moss_ShootMat_03_LOD0_Mesh","Assets/ForestPrototype/Art/SectionFive/Ground_Moss_Shoots_03/FBX/Ground_Moss_ShootMat_03_LOD0.fbx","6","On","0","(1.54246831, 0.029312754, 1.42888665)","(1.010609, 1.01060879, 1.010609)"
"Ground_Moss_ShootMat_03_LOD0_Mesh","Assets/ForestPrototype/Art/SectionFive/Ground_Moss_Shoots_03/FBX/Ground_Moss_ShootMat_03_LOD0.fbx","6","On","0","(1.36730111, 0.0271597821, 1.21566868)","(0.936381161, 0.9363813, 0.936381161)"
"LOD1 Material1","","1","On","0","(4.70336962, 11.0690775, 4.57756853)","(1.43060112, 1.43060112, 1.43060112)"
"Ground_Moss_ShootMat_03_LOD2_Mesh","Assets/ForestPrototype/Art/SectionFive/Ground_Moss_Shoots_03/FBX/Ground_Moss_ShootMat_03_LOD2.fbx","2","On","0","(1.02124345, 0.03256107, 1.23688853)","(0.942149162, 0.9421492, 0.942149162)"
"Ground_Moss_ShootMat_03_LOD1_Mesh","Assets/ForestPrototype/Art/SectionFive/Ground_Moss_Shoots_03/FBX/Ground_Moss_ShootMat_03_LOD1.fbx","6","On","0","(1.2930088, 0.0309797842, 1.45092344)","(0.988965333, 0.9889654, 0.988965333)"
"LOD2 Material1","","1","On","0","(3.56829548, 11.8574963, 4.02925825)","(1.01595354, 1.01595354, 1.01595354)"
"Dirt Path 21","Library/unity default resources","1","Off","0","(2.60135484, 0.012, 0.605899334)","(2.6, 0.012, 0.600001)"
"LOD0 Material1","","1","On","0","(4.59724426, 10.8193169, 4.47428131)","(1.39832139, 1.39832139, 1.39832139)"
"LOD2 Material0","","1","On","0","(3.82382131, 11.4468842, 3.72089982)","(1.43086052, 1.43086052, 1.43086052)"
"Ground_Moss_ShootMat_03_LOD2_Mesh","Assets/ForestPrototype/Art/SectionFive/Ground_Moss_Shoots_03/FBX/Ground_Moss_ShootMat_03_LOD2.fbx","2","On","0","(1.01715887, 0.0252637528, 0.8700644)","(0.73100245, 0.7310025, 0.73100245)"
"LOD1 Material1","","1","On","0","(3.79080319, 12.7307959, 4.24841)","(1.08848274, 1.08848274, 1.08848274)"
"LOD0 Material0","","1","On","0","(3.19491553, 8.990676, 3.10957956)","(1.12383449, 1.12383449, 1.12383449)"
"Ground_Moss_ShootMat_03_LOD1_Mesh","Assets/ForestPrototype/Art/SectionFive/Ground_Moss_Shoots_03/FBX/Ground_Moss_ShootMat_03_LOD1.fbx","6","On","0","(1.13067329, 0.0232659373, 1.16093969)","(0.7427169, 0.742716849, 0.7427169)"
"Ground_Moss_ShootMat_03_LOD1_Mesh","Assets/ForestPrototype/Art/SectionFive/Ground_Moss_Shoots_03/FBX/Ground_Moss_ShootMat_03_LOD1.fbx","6","On","0","(1.43685317, 0.0295769162, 1.32363749)","(0.9441817, 0.94418174, 0.9441817)"
"LOD0 Material1","","1","On","0","(3.29832959, 7.762406, 3.210109)","(1.00323689, 1.00323689, 1.00323689)"
"Frame Post Front Right","Library/unity default resources","1","On","0","(0.14, 1.2, 0.14)","(0.14, 1.2, 0.14)"
"Ground_Moss_ShootMat_03_LOD1_Mesh","Assets/ForestPrototype/Art/SectionFive/Ground_Moss_Shoots_03/FBX/Ground_Moss_ShootMat_03_LOD1.fbx","6","On","0","(1.65384483, 0.0331789479, 1.6282742)","(1.05916941, 1.05916917, 1.05916941)"
"Trunk","Library/unity default resources","1","On","1","(0.150190875, 10.7635984, 0.15019089)","(0.15019086, 5.381799, 0.15019086)"
"Ground_Moss_ShootMat_03_LOD2_Mesh","Assets/ForestPrototype/Art/SectionFive/Ground_Moss_Shoots_03/FBX/Ground_Moss_ShootMat_03_LOD2.fbx","2","On","0","(0.817780852, 0.0286862552, 1.02590013)","(0.8300321, 0.830032051, 0.8300321)"
"Ground_Moss_ShootMat_03_LOD2_Mesh","Assets/ForestPrototype/Art/SectionFive/Ground_Moss_Shoots_03/FBX/Ground_Moss_ShootMat_03_LOD2.fbx","2","On","0","(1.42886293, 0.0343076847, 1.24984026)","(0.992687, 0.9926871, 0.992687)"
"Trunk","Library/unity default resources","1","On","1","(0.150092587, 11.4492693, 0.1500926)","(0.150092572, 5.72463465, 0.150092572)"
"Bracken_Clump_01_LOD0_Mesh","Assets/ForestPrototype/Art/SectionFive/Woodland_Assets/Bracken_Clump_01/Bracken_Clump_01_LOD0.fbx","2","On","0","(1.47077477, 0.871998668, 1.47003615)","(0.8565439, 0.856544, 0.8565439)"
"LOD2 Material1","","1","On","0","(3.54539871, 11.78141, 4.00340366)","(1.00943446, 1.00943446, 1.00943446)"
"Ground_Moss_ShootMat_03_LOD0_Mesh","Assets/ForestPrototype/Art/SectionFive/Ground_Moss_Shoots_03/FBX/Ground_Moss_ShootMat_03_LOD0.fbx","6","On","0","(1.13485622, 0.0213278364, 1.06778979)","(0.735314846, 0.7353147, 0.735314846)"
"Trunk","Library/unity default resources","1","On","1","(0.209848553, 14.98002, 0.209848568)","(0.209848523, 7.49001, 0.209848523)"
"Ground_Moss_ShootMat_03_LOD1_Mesh","Assets/ForestPrototype/Art/SectionFive/Ground_Moss_Shoots_03/FBX/Ground_Moss_ShootMat_03_LOD1.fbx","6","On","0","(1.13957512, 0.0249660742, 1.22379458)","(0.796990156, 0.796990156, 0.796990156)"
"LOD0 Material0","","1","On","0","(4.10962439, 11.5647182, 3.99985623)","(1.44558978, 1.44558978, 1.44558978)"
"Ground_Moss_ShootMat_03_LOD0_Mesh","Assets/ForestPrototype/Art/SectionFive/Ground_Moss_Shoots_03/FBX/Ground_Moss_ShootMat_03_LOD0.fbx","6","On","0","(1.38564253, 0.0257731955, 1.35759187)","(0.8885763, 0.8885763, 0.8885763)"
"Trunk","Library/unity default resources","1","On","1","(0.121752337, 9.48982048, 0.121752352)","(0.121752322, 4.74491024, 0.121752322)"
"Ground_Moss_ShootMat_03_LOD0_Mesh","Assets/ForestPrototype/Art/SectionFive/Ground_Moss_Shoots_03/FBX/Ground_Moss_ShootMat_03_LOD0.fbx","6","On","0","(1.1068635, 0.0248944815, 0.9078348)","(0.8582811, 0.8582811, 0.8582811)"
"Ground_Moss_ShootMat_03_LOD2_Mesh","Assets/ForestPrototype/Art/SectionFive/Ground_Moss_Shoots_03/FBX/Ground_Moss_ShootMat_03_LOD2.fbx","2","On","0","(1.00395107, 0.0247188881, 1.09308255)","(0.715236962, 0.7152369, 0.715236962)"
"LOD2 Material0","","1","On","0","(3.46418524, 12.3868885, 3.486446)","(1.03224075, 1.03224075, 1.03224075)"
"Ground_Moss_ShootMat_03_LOD1_Mesh","Assets/ForestPrototype/Art/SectionFive/Ground_Moss_Shoots_03/FBX/Ground_Moss_ShootMat_03_LOD1.fbx","6","On","0","(1.3151139, 0.0270172488, 1.2141912)","(0.8624697, 0.8624697, 0.8624697)"
"LOD2 Material0","","1","On","0","(3.62314487, 12.9552813, 3.646427)","(1.07960677, 1.07960677, 1.07960677)"
"LOD0 Material1","","1","On","0","(3.78700447, 12.7180386, 4.244153)","(1.087392, 1.087392, 1.087392)"
"Ground_Moss_ShootMat_03_LOD1_Mesh","Assets/ForestPrototype/Art/SectionFive/Ground_Moss_Shoots_03/FBX/Ground_Moss_ShootMat_03_LOD1.fbx","6","On","0","(1.212959, 0.0255532917, 1.27040231)","(0.8157358, 0.8157359, 0.8157358)"
"Ground_Moss_ShootMat_03_LOD1_Mesh","Assets/ForestPrototype/Art/SectionFive/Ground_Moss_Shoots_03/FBX/Ground_Moss_ShootMat_03_LOD1.fbx","6","On","0","(1.32310247, 0.0290525071, 1.42270637)","(0.9274411, 0.927441061, 0.9274411)"
"Ground_Moss_ShootMat_03_LOD2_Mesh","Assets/ForestPrototype/Art/SectionFive/Ground_Moss_Shoots_03/FBX/Ground_Moss_ShootMat_03_LOD2.fbx","2","On","0","(1.52015054, 0.03519855, 1.59641266)","(1.01846433, 1.01846421, 1.01846433)"
"Ground_Moss_ShootMat_03_LOD0_Mesh","Assets/ForestPrototype/Art/SectionFive/Ground_Moss_Shoots_03/FBX/Ground_Moss_ShootMat_03_LOD0.fbx","6","On","0","(1.72994113, 0.0326081365, 1.75012612)","(1.12422276, 1.12422287, 1.12422276)"
"Ground_Moss_ShootMat_03_LOD2_Mesh","Assets/ForestPrototype/Art/SectionFive/Ground_Moss_Shoots_03/FBX/Ground_Moss_ShootMat_03_LOD2.fbx","2","On","0","(0.933799267, 0.0290237125, 1.12028825)","(0.839796364, 0.8397963, 0.839796364)"
"LOD1 Material0","","1","On","0","(3.54337215, 10.60652, 3.44757581)","(1.325815, 1.325815, 1.325815)"
"Ground_Moss_ShootMat_03_LOD1_Mesh","Assets/ForestPrototype/Art/SectionFive/Ground_Moss_Shoots_03/FBX/Ground_Moss_ShootMat_03_LOD1.fbx","6","On","0","(1.47357738, 0.0357153825, 1.209184)","(1.14013946, 1.14013958, 1.14013946)"
"LOD2 Material1","","1","On","0","(4.06310463, 9.431083, 3.96395969)","(1.21552527, 1.21552527, 1.21552527)"
"Ground_Moss_ShootMat_03_LOD2_Mesh","Assets/ForestPrototype/Art/SectionFive/Ground_Moss_Shoots_03/FBX/Ground_Moss_ShootMat_03_LOD2.fbx","2","On","0","(1.01746488, 0.0243444089, 0.8921573)","(0.7044015, 0.704401433, 0.7044015)"
"LOD0 Material0","","1","On","0","(3.99112248, 11.2312479, 3.88451982)","(1.403906, 1.403906, 1.403906)"
"Ground_Moss_ShootMat_03_LOD1_Mesh","Assets/ForestPrototype/Art/SectionFive/Ground_Moss_Shoots_03/FBX/Ground_Moss_ShootMat_03_LOD1.fbx","6","On","0","(1.31980538, 0.0331101157, 1.51013589)","(1.05697179, 1.05697179, 1.05697179)"
"Ground_Moss_ShootMat_03_LOD1_Mesh","Assets/ForestPrototype/Art/SectionFive/Ground_Moss_Shoots_03/FBX/Ground_Moss_ShootMat_03_LOD1.fbx","6","On","0","(0.900321662, 0.0271725487, 1.10599709)","(0.8674274, 0.8674273, 0.8674274)"
"LOD1 Material0","","1","On","0","(3.59790421, 10.7697525, 3.50063348)","(1.34621906, 1.34621906, 1.34621906)"
"Ground_Moss_ShootMat_03_LOD2_Mesh","Assets/ForestPrototype/Art/SectionFive/Ground_Moss_Shoots_03/FBX/Ground_Moss_ShootMat_03_LOD2.fbx","2","On","0","(1.18415892, 0.0270046685, 1.07861233)","(0.7813755, 0.7813756, 0.7813755)"
"LOD2 Material0","","1","On","0","(3.66911387, 10.9837561, 3.57035637)","(1.37296951, 1.37296951, 1.37296951)"
"LOD2 Material1","","1","On","0","(3.78510451, 12.5779562, 4.27407551)","(1.07768273, 1.07768273, 1.07768273)"
"LOD2 Material0","","1","On","0","(3.71032643, 11.1071291, 3.61045957)","(1.38839114, 1.38839114, 1.38839114)"
"Ground_Moss_ShootMat_03_LOD2_Mesh","Assets/ForestPrototype/Art/SectionFive/Ground_Moss_Shoots_03/FBX/Ground_Moss_ShootMat_03_LOD2.fbx","2","On","0","(0.8701385, 0.0249248724, 1.01186919)","(0.721197069, 0.721197069, 0.721197069)"
"Ground_Moss_ShootMat_03_LOD1_Mesh","Assets/ForestPrototype/Art/SectionFive/Ground_Moss_Shoots_03/FBX/Ground_Moss_ShootMat_03_LOD1.fbx","6","On","0","(1.24412346, 0.0254706927, 1.27064908)","(0.8130991, 0.8130991, 0.8130991)"
"Ground_Moss_ShootMat_03_LOD0_Mesh","Assets/ForestPrototype/Art/SectionFive/Ground_Moss_Shoots_03/FBX/Ground_Moss_ShootMat_03_LOD0.fbx","6","On","0","(1.47073174, 0.0330698, 1.20645738)","(1.14013946, 1.14013958, 1.14013946)"
"Ground_Moss_ShootMat_03_LOD0_Mesh","Assets/ForestPrototype/Art/SectionFive/Ground_Moss_Shoots_03/FBX/Ground_Moss_ShootMat_03_LOD0.fbx","6","On","0","(1.25900149, 0.02663319, 1.38085)","(0.9182262, 0.9182261, 0.9182262)"
"LOD1 Material1","","1","On","0","(3.78700447, 12.7180386, 4.244153)","(1.087392, 1.087392, 1.087392)"
"LOD1 Material0","","1","On","0","(3.24889612, 9.725053, 3.161061)","(1.2156316, 1.2156316, 1.2156316)"
"Bilberry_Type_Cover_01_LOD2_Mesh","Assets/ForestPrototype/Art/SectionFive/Bilberry_Type_Cover_01/FBX/Bilberry_Type_Cover_01_LOD2.fbx","2","On","0","(0.4630404, 0.344435245, 0.52344)","(0.7345054, 0.7345054, 0.7345054)"
"Ground_Moss_ShootMat_03_LOD1_Mesh","Assets/ForestPrototype/Art/SectionFive/Ground_Moss_Shoots_03/FBX/Ground_Moss_ShootMat_03_LOD1.fbx","6","On","0","(1.75759387, 0.0354331769, 1.75559521)","(1.13113117, 1.1311307, 1.13113117)"
"Ground_Moss_ShootMat_03_LOD0_Mesh","Assets/ForestPrototype/Art/SectionFive/Ground_Moss_Shoots_03/FBX/Ground_Moss_ShootMat_03_LOD0.fbx","6","On","0","(1.569268, 0.0295955669, 1.58875442)","(1.02035928, 1.02035928, 1.02035928)"
"Ground_Moss_ShootMat_03_LOD0_Mesh","Assets/ForestPrototype/Art/SectionFive/Ground_Moss_Shoots_03/FBX/Ground_Moss_ShootMat_03_LOD0.fbx","6","On","0","(1.30147076, 0.025889907, 1.37965488)","(0.892600238, 0.8926001, 0.892600238)"
"Ground_Moss_ShootMat_03_LOD0_Mesh","Assets/ForestPrototype/Art/SectionFive/Ground_Moss_Shoots_03/FBX/Ground_Moss_ShootMat_03_LOD0.fbx","6","On","0","(1.27545381, 0.0306272432, 1.4781245)","(1.05592811, 1.05592811, 1.05592811)"
"Ground_Moss_ShootMat_03_LOD0_Mesh","Assets/ForestPrototype/Art/SectionFive/Ground_Moss_Shoots_03/FBX/Ground_Moss_ShootMat_03_LOD0.fbx","6","On","0","(1.54633546, 0.0300835241, 1.39865184)","(1.03718245, 1.03718245, 1.03718245)"
"LOD0 Material0","","1","On","0","(3.42213249, 9.630077, 3.33072758)","(1.20375967, 1.20375967, 1.20375967)"
"LOD0 Material0","","1","On","0","(4.10836029, 11.561162, 3.99862623)","(1.44514525, 1.44514525, 1.44514525)"
"LOD1 Material0","","1","On","0","(3.784233, 11.3274984, 3.681925)","(1.4159373, 1.4159373, 1.4159373)"
"LOD2 Material1","","1","On","0","(4.13006973, 13.72428, 4.66360426)","(1.1759001, 1.1759001, 1.1759001)"
"Bramble_Clump_01_LOD0_Mesh","Assets/ForestPrototype/Art/SectionFive/Woodland_Assets/Bramble_Clump_01/Bramble_Clump_01_LOD0.fbx","2","On","0","(1.61496687, 0.685570061, 1.641946)","(0.7568549, 0.7568549, 0.7568549)"
"Ground_Moss_ShootMat_03_LOD2_Mesh","Assets/ForestPrototype/Art/SectionFive/Ground_Moss_Shoots_03/FBX/Ground_Moss_ShootMat_03_LOD2.fbx","2","On","0","(1.35781956, 0.0307446923, 1.40086627)","(0.889592469, 0.8895926, 0.889592469)"
"LOD2 Material1","","1","On","0","(4.33130646, 14.392993, 4.890837)","(1.23319554, 1.23319554, 1.23319554)"
"LOD1 Material1","","1","On","0","(4.549519, 10.7069988, 4.4278326)","(1.383805, 1.383805, 1.383805)"
"Trunk","Library/unity default resources","1","On","1","(0.1658367, 12.0206985, 0.165836737)","(0.165836692, 6.01034927, 0.165836692)"
"Trunk","Library/unity default resources","1","On","1","(0.142016888, 10.7697525, 0.1420169)","(0.142016873, 5.38487625, 0.142016873)"
"LOD2 Material1","","1","On","0","(3.67763686, 12.22084, 4.15272474)","(1.04708493, 1.04708493, 1.04708493)"
"LOD2 Material1","","1","On","0","(4.95859766, 11.5096588, 4.83760166)","(1.48342252, 1.48342252, 1.48342252)"
"Ground_Moss_ShootMat_03_LOD0_Mesh","Assets/ForestPrototype/Art/SectionFive/Ground_Moss_Shoots_03/FBX/Ground_Moss_ShootMat_03_LOD0.fbx","6","On","0","(1.2415179, 0.0235839766, 1.2680316)","(0.8130991, 0.8130991, 0.8130991)"
"Ground_Moss_ShootMat_03_LOD2_Mesh","Assets/ForestPrototype/Art/SectionFive/Ground_Moss_Shoots_03/FBX/Ground_Moss_ShootMat_03_LOD2.fbx","2","On","0","(1.60846686, 0.0355269872, 1.60920787)","(1.02796757, 1.02796745, 1.02796757)"
"LOD0 Material0","","1","On","0","(3.82249713, 10.7567263, 3.72039843)","(1.34459078, 1.34459078, 1.34459078)"
"LOD2 Material0","","1","On","0","(3.45186877, 10.3334169, 3.35895848)","(1.29167712, 1.29167712, 1.29167712)"
"Ground_Moss_ShootMat_03_LOD0_Mesh","Assets/ForestPrototype/Art/SectionFive/Ground_Moss_Shoots_03/FBX/Ground_Moss_ShootMat_03_LOD0.fbx","6","On","0","(1.31171036, 0.0276222434, 1.12002122)","(0.952325463, 0.952325463, 0.952325463)"
"Ground_Moss_ShootMat_03_LOD2_Mesh","Assets/ForestPrototype/Art/SectionFive/Ground_Moss_Shoots_03/FBX/Ground_Moss_ShootMat_03_LOD2.fbx","2","On","0","(1.465142, 0.0359157026, 1.2638855)","(1.03921485, 1.03921485, 1.03921485)"
"LOD2 Material0","","1","On","0","(3.69926524, 11.0740166, 3.59969616)","(1.38425207, 1.38425207, 1.38425207)"
"LOD1 Material1","","1","On","0","(4.022471, 9.466626, 3.914882)","(1.22349548, 1.22349548, 1.22349548)"
"LOD1 Material1","","1","On","0","(4.68099928, 11.01643, 4.555796)","(1.42379677, 1.42379677, 1.42379677)"
"LOD1 Material0","","1","On","0","(3.822375, 11.44167, 3.71903586)","(1.4302088, 1.4302088, 1.4302088)"
"LOD2 Material1","","1","On","0","(3.735952, 12.4146214, 4.218573)","(1.06368816, 1.06368816, 1.06368816)"
"LOD0 Material0","","1","On","0","(4.05883837, 14.5121937, 4.171481)","(1.20934951, 1.20934951, 1.20934951)"
"LOD1 Material1","","1","On","0","(4.75118637, 11.18161, 4.62410641)","(1.44514525, 1.44514525, 1.44514525)"
"Ground_Moss_ShootMat_03_LOD0_Mesh","Assets/ForestPrototype/Art/SectionFive/Ground_Moss_Shoots_03/FBX/Ground_Moss_ShootMat_03_LOD0.fbx","6","On","0","(1.10073209, 0.0217656, 0.982146144)","(0.7504074, 0.7504074, 0.7504074)"
"LOD1 Material0","","1","On","0","(3.572709, 10.694335, 3.47611952)","(1.33679187, 1.33679187, 1.33679187)"
"LOD0 Material0","","1","On","0","(3.65750265, 10.2924223, 3.55981088)","(1.28655279, 1.28655279, 1.28655279)"
"Bracken_Clump_01_LOD1_Mesh","Assets/ForestPrototype/Art/SectionFive/Woodland_Assets/Bracken_Clump_01/Bracken_Clump_01_LOD1.fbx","2","On","0","(1.44470024, 0.863035738, 1.4383105)","(0.8470083, 0.8470083, 0.8470083)"
"Ground_Moss_ShootMat_03_LOD2_Mesh","Assets/ForestPrototype/Art/SectionFive/Ground_Moss_Shoots_03/FBX/Ground_Moss_ShootMat_03_LOD2.fbx","2","On","0","(1.48949826, 0.037040554, 1.62985349)","(1.07176232, 1.07176232, 1.07176232)"
"LOD2 Material0","","1","On","0","(3.8516717, 13.7724247, 3.87642241)","(1.1477021, 1.1477021, 1.1477021)"
"Ground_Moss_ShootMat_03_LOD2_Mesh","Assets/ForestPrototype/Art/SectionFive/Ground_Moss_Shoots_03/FBX/Ground_Moss_ShootMat_03_LOD2.fbx","2","On","0","(1.24457932, 0.0320684128, 1.38483524)","(0.9278944, 0.927894235, 0.9278944)"
"LOD0 Material1","","1","On","0","(3.646629, 12.2466106, 4.086832)","(1.04708493, 1.04708493, 1.04708493)"
"LOD2 Material1","","1","On","0","(4.39802361, 10.2084808, 4.290706)","(1.3157202, 1.3157202, 1.3157202)"
"Ground_Moss_ShootMat_03_LOD0_Mesh","Assets/ForestPrototype/Art/SectionFive/Ground_Moss_Shoots_03/FBX/Ground_Moss_ShootMat_03_LOD0.fbx","6","On","0","(1.75169373, 0.032621678, 1.68432367)","(1.12468982, 1.12468982, 1.12468982)"
"LOD0 Material1","","1","On","0","(3.996617, 9.405781, 3.88971949)","(1.2156316, 1.2156316, 1.2156316)"
"LOD1 Material0","","1","On","0","(3.71061325, 11.1071291, 3.61029553)","(1.38839114, 1.38839114, 1.38839114)"
"LOD2 Material0","","1","On","0","(3.29549527, 9.865302, 3.206794)","(1.23316276, 1.23316276, 1.23316276)"
"Bracken_Clump_01_LOD1_Mesh","Assets/ForestPrototype/Art/SectionFive/Woodland_Assets/Bracken_Clump_01/Bracken_Clump_01_LOD1.fbx","2","On","0","(1.10895514, 0.738921463, 1.08950019)","(0.725199, 0.7251989, 0.725199)"
"Trunk","Library/unity default resources","1","On","1","(0.12693125, 10.0979719, 0.126931265)","(0.126931235, 5.048986, 0.126931235)"
"LOD2 Material0","","1","On","0","(3.38764763, 12.1132135, 3.40941644)","(1.00943446, 1.00943446, 1.00943446)"
"LOD2 Material0","","1","On","0","(3.18754864, 9.542156, 3.101753)","(1.19276953, 1.19276953, 1.19276953)"
"Ground_Moss_ShootMat_03_LOD2_Mesh","Assets/ForestPrototype/Art/SectionFive/Ground_Moss_Shoots_03/FBX/Ground_Moss_ShootMat_03_LOD2.fbx","2","On","0","(1.39962971, 0.03628211, 1.16622853)","(1.049817, 1.04981685, 1.049817)"
"Ground_Moss_ShootMat_03_LOD0_Mesh","Assets/ForestPrototype/Art/SectionFive/Ground_Moss_Shoots_03/FBX/Ground_Moss_ShootMat_03_LOD0.fbx","6","On","0","(1.20493829, 0.02809785, 0.967475653)","(0.9687228, 0.9687228, 0.9687228)"
"LOD2 Material0","","1","On","0","(3.75408721, 13.4234924, 3.77821088)","(1.11862433, 1.11862433, 1.11862433)"
"LOD1 Material0","","1","On","0","(3.69726944, 13.2196217, 3.720723)","(1.1016351, 1.1016351, 1.1016351)"
"LOD2 Material0","","1","On","0","(3.56139445, 12.73448, 3.58427978)","(1.0612067, 1.0612067, 1.0612067)"
"LOD0 Material0","","1","On","0","(4.02675056, 11.3315077, 3.91919637)","(1.41643846, 1.41643846, 1.41643846)"
"Ground_Moss_ShootMat_03_LOD1_Mesh","Assets/ForestPrototype/Art/SectionFive/Ground_Moss_Shoots_03/FBX/Ground_Moss_ShootMat_03_LOD1.fbx","6","On","0","(1.02675664, 0.0231231134, 0.881379068)","(0.738157451, 0.738157451, 0.738157451)"
"LOD0 Material0","","1","On","0","(3.53081727, 12.624279, 3.62880635)","(1.05202329, 1.05202329, 1.05202329)"
"Ground_Moss_ShootMat_03_LOD1_Mesh","Assets/ForestPrototype/Art/SectionFive/Ground_Moss_Shoots_03/FBX/Ground_Moss_ShootMat_03_LOD1.fbx","6","On","0","(1.52129126, 0.0348575749, 1.29159272)","(1.11275613, 1.11275578, 1.11275613)"
"Ground_Moss_ShootMat_03_LOD2_Mesh","Assets/ForestPrototype/Art/SectionFive/Ground_Moss_Shoots_03/FBX/Ground_Moss_ShootMat_03_LOD2.fbx","2","On","0","(1.27830672, 0.028419517, 1.29258525)","(0.822314262, 0.822314, 0.822314262)"
"LOD1 Material1","","1","On","0","(4.6156044, 10.8625278, 4.492151)","(1.403906, 1.403906, 1.403906)"
"Ground_Moss_ShootMat_03_LOD0_Mesh","Assets/ForestPrototype/Art/SectionFive/Ground_Moss_Shoots_03/FBX/Ground_Moss_ShootMat_03_LOD0.fbx","6","On","0","(1.33026922, 0.0254871957, 1.37053537)","(0.8787159, 0.878715932, 0.8787159)"
"Ground_Moss_ShootMat_03_LOD0_Mesh","Assets/ForestPrototype/Art/SectionFive/Ground_Moss_Shoots_03/FBX/Ground_Moss_ShootMat_03_LOD0.fbx","6","On","0","(1.52771878, 0.0331665948, 1.69635987)","(1.14347684, 1.14347672, 1.14347684)"
"LOD0 Material0","","1","On","0","(3.47823882, 9.787964, 3.38533521)","(1.22349548, 1.22349548, 1.22349548)"
"LOD1 Material0","","1","On","0","(3.71532059, 11.12122, 3.61487556)","(1.39015245, 1.39015245, 1.39015245)"
"LOD2 Material1","","1","On","0","(4.3030467, 9.988026, 4.198047)","(1.28730679, 1.28730679, 1.28730679)"
"LOD1 Material1","","1","On","0","(3.84471226, 12.91184, 4.308827)","(1.10396206, 1.10396206, 1.10396206)"
"Trunk","Library/unity default resources","1","On","1","(0.195081621, 14.1068239, 0.195081636)","(0.195081592, 7.053412, 0.195081592)"
"LOD0 Material0","","1","On","0","(4.035633, 11.3565025, 3.92784119)","(1.41956282, 1.41956282, 1.41956282)"
"LOD1 Material0","","1","On","0","(3.9612453, 14.1634693, 3.98637342)","(1.18028915, 1.18028915, 1.18028915)"
"LOD1 Material1","","1","On","0","(4.294787, 14.4233437, 4.81323242)","(1.23319554, 1.23319554, 1.23319554)"
"Ground_Moss_ShootMat_03_LOD1_Mesh","Assets/ForestPrototype/Art/SectionFive/Ground_Moss_Shoots_03/FBX/Ground_Moss_ShootMat_03_LOD1.fbx","6","On","0","(1.117494, 0.0246911775, 1.20578551)","(0.788214743, 0.7882147, 0.788214743)"
"Ground_Moss_ShootMat_03_LOD2_Mesh","Assets/ForestPrototype/Art/SectionFive/Ground_Moss_Shoots_03/FBX/Ground_Moss_ShootMat_03_LOD2.fbx","2","On","0","(1.01506734, 0.0326161273, 1.23294926)","(0.943742633, 0.9437423, 0.943742633)"
"LOD1 Material0","","1","On","0","(3.64512038, 10.911087, 3.5465734)","(1.36388588, 1.36388588, 1.36388588)"
"Ground_Moss_ShootMat_03_LOD2_Mesh","Assets/ForestPrototype/Art/SectionFive/Ground_Moss_Shoots_03/FBX/Ground_Moss_ShootMat_03_LOD2.fbx","2","On","0","(1.45458817, 0.03413492, 1.29358315)","(0.9876882, 0.987688243, 0.9876882)"
"Ground_Moss_ShootMat_03_LOD1_Mesh","Assets/ForestPrototype/Art/SectionFive/Ground_Moss_Shoots_03/FBX/Ground_Moss_ShootMat_03_LOD1.fbx","6","On","0","(1.66011381, 0.03329295, 1.63125992)","(1.06280828, 1.06280839, 1.06280828)"
"Trunk","Library/unity default resources","1","On","1","(0.167898625, 12.9250088, 0.167898655)","(0.16789861, 6.46250439, 0.16789861)"
"Ground_Moss_ShootMat_03_LOD1_Mesh","Assets/ForestPrototype/Art/SectionFive/Ground_Moss_Shoots_03/FBX/Ground_Moss_ShootMat_03_LOD1.fbx","6","On","0","(1.41151631, 0.0331264623, 1.18081927)","(1.057494, 1.05749369, 1.057494)"
"Trunk","Library/unity default resources","1","On","1","(0.1893845, 13.7724257, 0.18938452)","(0.189384475, 6.886213, 0.189384475)"
"LOD2 Material0","","1","On","0","(3.40952539, 12.1914425, 3.43143487)","(1.01595354, 1.01595354, 1.01595354)"
"Ground_Moss_ShootMat_03_LOD1_Mesh","Assets/ForestPrototype/Art/SectionFive/Ground_Moss_Shoots_03/FBX/Ground_Moss_ShootMat_03_LOD1.fbx","6","On","0","(1.31371117, 0.0263960455, 1.30119133)","(0.8426392, 0.842639, 0.8426392)"
"LOD1 Material1","","1","On","0","(3.83346677, 9.021816, 3.73093271)","(1.16600692, 1.16600692, 1.16600692)"
"LOD2 Material0","","1","On","0","(3.61897063, 12.9403553, 3.642226)","(1.078363, 1.078363, 1.078363)"
"LOD2 Material0","","1","On","0","(3.59754348, 12.863739, 3.62066126)","(1.07197821, 1.07197821, 1.07197821)"
"Ground_Moss_ShootMat_03_LOD1_Mesh","Assets/ForestPrototype/Art/SectionFive/Ground_Moss_Shoots_03/FBX/Ground_Moss_ShootMat_03_LOD1.fbx","6","On","0","(1.02844548, 0.0277903117, 1.21192658)","(0.887148142, 0.8871481, 0.887148142)"
"Ground_Moss_ShootMat_03_LOD1_Mesh","Assets/ForestPrototype/Art/SectionFive/Ground_Moss_Shoots_03/FBX/Ground_Moss_ShootMat_03_LOD1.fbx","6","On","0","(1.41836035, 0.031096369, 1.23963964)","(0.992687, 0.9926871, 0.992687)"
"LOD0 Material1","","1","On","0","(4.21173954, 14.1444426, 4.72016)","(1.20934951, 1.20934951, 1.20934951)"
"Ground_Moss_ShootMat_03_LOD1_Mesh","Assets/ForestPrototype/Art/SectionFive/Ground_Moss_Shoots_03/FBX/Ground_Moss_ShootMat_03_LOD1.fbx","6","On","0","(1.15232408, 0.02588024, 1.25419879)","(0.826173, 0.826173, 0.826173)"
"LOD0 Material1","","1","On","0","(4.106993, 9.665544, 3.99714327)","(1.24920416, 1.24920416, 1.24920416)"
"LOD1 Material0","","1","On","0","(3.89261532, 13.9180832, 3.917308)","(1.15984023, 1.15984023, 1.15984023)"
"LOD2 Material0","","1","On","0","(3.572433, 10.694335, 3.47627759)","(1.33679187, 1.33679187, 1.33679187)"
"LOD1 Material1","","1","On","0","(4.83734751, 11.3843851, 4.707963)","(1.47135246, 1.47135246, 1.47135246)"
"LOD2 Material0","","1","On","0","(3.05302572, 9.139452, 2.97085071)","(1.1424315, 1.1424315, 1.1424315)"
"Ground_Moss_ShootMat_03_LOD2_Mesh","Assets/ForestPrototype/Art/SectionFive/Ground_Moss_Shoots_03/FBX/Ground_Moss_ShootMat_03_LOD2.fbx","2","On","0","(1.04861927, 0.0291157886, 0.839306)","(0.842460454, 0.8424605, 0.842460454)"
"Ground_Moss_ShootMat_03_LOD2_Mesh","Assets/ForestPrototype/Art/SectionFive/Ground_Moss_Shoots_03/FBX/Ground_Moss_ShootMat_03_LOD2.fbx","2","On","0","(0.914367557, 0.0261707567, 1.0629673)","(0.757246554, 0.7572465, 0.757246554)"
"Ground_Moss_ShootMat_03_LOD0_Mesh","Assets/ForestPrototype/Art/SectionFive/Ground_Moss_Shoots_03/FBX/Ground_Moss_ShootMat_03_LOD0.fbx","6","On","0","(0.948626161, 0.0237536635, 1.117553)","(0.818949342, 0.8189494, 0.818949342)"
"LOD1 Material1","","1","On","0","(4.071167, 13.6723509, 4.56261826)","(1.16898572, 1.16898572, 1.16898572)"
"Ground_Moss_ShootMat_03_LOD0_Mesh","Assets/ForestPrototype/Art/SectionFive/Ground_Moss_Shoots_03/FBX/Ground_Moss_ShootMat_03_LOD0.fbx","6","On","0","(1.31170082, 0.0292526074, 1.47415352)","(1.00853515, 1.00853515, 1.00853515)"
"LOD0 Material1","","1","On","0","(3.441485, 8.099313, 3.34943557)","(1.04677975, 1.04677975, 1.04677975)"
"LOD2 Material1","","1","On","0","(3.88329577, 9.01372, 3.78853846)","(1.16173339, 1.16173339, 1.16173339)"
"Ground_Moss_ShootMat_03_LOD2_Mesh","Assets/ForestPrototype/Art/SectionFive/Ground_Moss_Shoots_03/FBX/Ground_Moss_ShootMat_03_LOD2.fbx","2","On","0","(1.15950108, 0.0272320118, 1.229291)","(0.787953734, 0.787953734, 0.787953734)"
"LOD0 Material1","","1","On","0","(4.358413, 14.637022, 4.8845396)","(1.25146508, 1.25146508, 1.25146508)"
"Trunk","Library/unity default resources","1","On","1","(0.1405104, 10.5257616, 0.14051041)","(0.14051038, 5.262881, 0.14051038)"
"Ground_Moss_ShootMat_03_LOD1_Mesh","Assets/ForestPrototype/Art/SectionFive/Ground_Moss_Shoots_03/FBX/Ground_Moss_ShootMat_03_LOD1.fbx","6","On","0","(1.41063488, 0.0355407223, 1.61689985)","(1.13456392, 1.13456392, 1.13456392)"
"LOD1 Material0","","1","On","0","(3.773155, 11.2943382, 3.67114639)","(1.41179228, 1.41179228, 1.41179228)"
"LOD1 Material1","","1","On","0","(4.58994532, 10.80214, 4.467178)","(1.39610136, 1.39610136, 1.39610136)"
"Ground_Moss_ShootMat_03_LOD2_Mesh","Assets/ForestPrototype/Art/SectionFive/Ground_Moss_Shoots_03/FBX/Ground_Moss_ShootMat_03_LOD2.fbx","2","On","0","(1.50506175, 0.03740222, 1.28697073)","(1.08222735, 1.082227, 1.08222735)"
"LOD0 Material0","","1","On","0","(4.25502872, 11.9738951, 4.141377)","(1.49673688, 1.49673688, 1.49673688)"
"Ground_Moss_ShootMat_03_LOD1_Mesh","Assets/ForestPrototype/Art/SectionFive/Ground_Moss_Shoots_03/FBX/Ground_Moss_ShootMat_03_LOD1.fbx","6","On","0","(1.49242079, 0.03373132, 1.62961018)","(1.07680249, 1.07680249, 1.07680249)"
"Ground_Moss_ShootMat_03_LOD1_Mesh","Assets/ForestPrototype/Art/SectionFive/Ground_Moss_Shoots_03/FBX/Ground_Moss_ShootMat_03_LOD1.fbx","6","On","0","(0.7873407, 0.0227608867, 0.951838136)","(0.7265944, 0.72659415, 0.7265944)"
"LOD1 Material1","","1","On","0","(4.90126228, 11.5348043, 4.770168)","(1.49079311, 1.49079311, 1.49079311)"
"Ground_Moss_ShootMat_03_LOD2_Mesh","Assets/ForestPrototype/Art/SectionFive/Ground_Moss_Shoots_03/FBX/Ground_Moss_ShootMat_03_LOD2.fbx","2","On","0","(1.12850809, 0.02490209, 1.12682712)","(0.7205378, 0.720537841, 0.7205378)"
"Ground_Moss_ShootMat_03_LOD2_Mesh","Assets/ForestPrototype/Art/SectionFive/Ground_Moss_Shoots_03/FBX/Ground_Moss_ShootMat_03_LOD2.fbx","2","On","0","(1.54084992, 0.03439454, 1.56624627)","(0.9952006, 0.9952003, 0.9952006)"
"LOD1 Material1","","1","On","0","(3.62879539, 12.1867189, 4.066846)","(1.04196417, 1.04196417, 1.04196417)"
"Ground_Moss_ShootMat_03_LOD0_Mesh","Assets/ForestPrototype/Art/SectionFive/Ground_Moss_Shoots_03/FBX/Ground_Moss_ShootMat_03_LOD0.fbx","6","On","0","(1.24625254, 0.0267674271, 1.05100048)","(0.9228542, 0.9228542, 0.9228542)"
"Trunk","Library/unity default resources","1","On","1","(0.173157454, 13.0487032, 0.173157483)","(0.173157439, 6.5243516, 0.173157439)"
"LOD0 Material1","","1","On","0","(3.51401854, 11.80126, 3.93821359)","(1.00900745, 1.00900745, 1.00900745)"
"Ground_Moss_ShootMat_03_LOD0_Mesh","Assets/ForestPrototype/Art/SectionFive/Ground_Moss_Shoots_03/FBX/Ground_Moss_ShootMat_03_LOD0.fbx","6","On","0","(1.31842649, 0.0280197747, 1.11922324)","(0.9660311, 0.9660311, 0.9660311)"
"LOD2 Material1","","1","On","0","(4.449066, 10.3269587, 4.340503)","(1.3309902, 1.3309902, 1.3309902)"
"Ground_Moss_ShootMat_03_LOD0_Mesh","Assets/ForestPrototype/Art/SectionFive/Ground_Moss_Shoots_03/FBX/Ground_Moss_ShootMat_03_LOD0.fbx","6","On","0","(1.02490878, 0.02593213, 1.21226239)","(0.894055843, 0.894055843, 0.894055843)"
"Ground_Moss_ShootMat_03_LOD2_Mesh","Assets/ForestPrototype/Art/SectionFive/Ground_Moss_Shoots_03/FBX/Ground_Moss_ShootMat_03_LOD2.fbx","2","On","0","(1.35538733, 0.034415897, 1.49802375)","(0.9958183, 0.995818257, 0.9958183)"
"Ground_Moss_ShootMat_03_LOD1_Mesh","Assets/ForestPrototype/Art/SectionFive/Ground_Moss_Shoots_03/FBX/Ground_Moss_ShootMat_03_LOD1.fbx","6","On","0","(1.40230942, 0.03077114, 1.22487164)","(0.9823048, 0.9823049, 0.9823048)"
"Ground_Moss_ShootMat_03_LOD2_Mesh","Assets/ForestPrototype/Art/SectionFive/Ground_Moss_Shoots_03/FBX/Ground_Moss_ShootMat_03_LOD2.fbx","2","On","0","(1.68505192, 0.0383196622, 1.53897977)","(1.10877323, 1.10877311, 1.10877323)"
"LOD1 Material1","","1","On","0","(4.73128653, 11.1347771, 4.60473871)","(1.4390924, 1.4390924, 1.4390924)"
"LOD0 Material1","","1","On","0","(4.329776, 10.1898479, 4.21396732)","(1.31696689, 1.31696689, 1.31696689)"
"LOD0 Material0","","1","On","0","(4.083548, 14.600544, 4.196877)","(1.216712, 1.216712, 1.216712)"
"Ground_Moss_ShootMat_03_LOD2_Mesh","Assets/ForestPrototype/Art/SectionFive/Ground_Moss_Shoots_03/FBX/Ground_Moss_ShootMat_03_LOD2.fbx","2","On","0","(1.32393622, 0.03291277, 1.13183677)","(0.952325463, 0.952325463, 0.952325463)"
"Ground_Moss_ShootMat_03_LOD2_Mesh","Assets/ForestPrototype/Art/SectionFive/Ground_Moss_Shoots_03/FBX/Ground_Moss_ShootMat_03_LOD2.fbx","2","On","0","(1.71645439, 0.0377221145, 1.65064287)","(1.09148312, 1.09148312, 1.09148312)"
"Ground_Moss_ShootMat_03_LOD1_Mesh","Assets/ForestPrototype/Art/SectionFive/Ground_Moss_Shoots_03/FBX/Ground_Moss_ShootMat_03_LOD1.fbx","6","On","0","(1.28483677, 0.02583292, 1.22819376)","(0.8246623, 0.8246624, 0.8246623)"
"LOD0 Material1","","1","On","0","(4.807102, 11.3132038, 4.6785264)","(1.46215284, 1.46215284, 1.46215284)"
"Ground_Moss_ShootMat_03_LOD0_Mesh","Assets/ForestPrototype/Art/SectionFive/Ground_Moss_Shoots_03/FBX/Ground_Moss_ShootMat_03_LOD0.fbx","6","On","0","(1.19658887, 0.02742507, 1.36060679)","(0.9455277, 0.945527554, 0.9455277)"
"Trunk","Library/unity default resources","1","On","1","(0.1368442, 10.8255157, 0.136844218)","(0.136844188, 5.412758, 0.136844188)"
"LOD2 Material0","","1","On","0","(3.55542636, 12.7131405, 3.5782733)","(1.05942833, 1.05942833, 1.05942833)"
"Ground_Moss_ShootMat_03_LOD1_Mesh","Assets/ForestPrototype/Art/SectionFive/Ground_Moss_Shoots_03/FBX/Ground_Moss_ShootMat_03_LOD1.fbx","6","On","0","(1.21976519, 0.03092257, 0.974871337)","(0.987138867, 0.9871389, 0.987138867)"
"Ground_Moss_ShootMat_03_LOD0_Mesh","Assets/ForestPrototype/Art/SectionFive/Ground_Moss_Shoots_03/FBX/Ground_Moss_ShootMat_03_LOD0.fbx","6","On","0","(1.54195642, 0.0297847744, 1.40388584)","(1.02688253, 1.02688253, 1.02688253)"
"Ground_Moss_ShootMat_03_LOD0_Mesh","Assets/ForestPrototype/Art/SectionFive/Ground_Moss_Shoots_03/FBX/Ground_Moss_ShootMat_03_LOD0.fbx","6","On","0","(1.46896219, 0.0289590377, 1.31388378)","(0.9984141, 0.9984138, 0.9984141)"
"ShadeFern_Clump_01_LOD1_Mesh","Assets/ForestPrototype/Art/SectionFive/Woodland_Assets/ShadeFern_Clump_01/ShadeFern_Clump_01_LOD1.fbx","2","On","0","(1.34361982, 0.544553936, 1.36517823)","(0.957285166, 0.9572851, 0.957285166)"
"LOD2 Material0","","1","On","0","(3.51945281, 10.5357351, 3.42472363)","(1.31696689, 1.31696689, 1.31696689)"
"LOD0 Material0","","1","On","0","(4.108806, 11.5624161, 3.99906)","(1.445302, 1.445302, 1.445302)"
"LOD0 Material1","","1","On","0","(4.52170134, 10.6415319, 4.400759)","(1.37534392, 1.37534392, 1.37534392)"
"ShadeFern_Clump_01_LOD0_Mesh","Assets/ForestPrototype/Art/SectionFive/Woodland_Assets/ShadeFern_Clump_01/ShadeFern_Clump_01_LOD0.fbx","2","On","0","(1.38546944, 0.544731, 1.37800193)","(0.957285166, 0.9572851, 0.957285166)"
"LOD1 Material1","","1","On","0","(4.41056871, 10.3799887, 4.29259872)","(1.34154117, 1.34154117, 1.34154117)"
"LOD2 Material1","","1","On","0","(3.83801436, 12.7537766, 4.33382034)","(1.09274709, 1.09274709, 1.09274709)"
"ShadeFern_Clump_01_LOD0_Mesh","Assets/ForestPrototype/Art/SectionFive/Woodland_Assets/ShadeFern_Clump_01/ShadeFern_Clump_01_LOD0.fbx","2","On","0","(1.04035282, 0.449566782, 1.03250623)","(0.7900478, 0.7900479, 0.7900478)"
"Ground_Moss_ShootMat_03_LOD1_Mesh","Assets/ForestPrototype/Art/SectionFive/Ground_Moss_Shoots_03/FBX/Ground_Moss_ShootMat_03_LOD1.fbx","6","On","0","(1.19259953, 0.0253786314, 1.06562746)","(0.8101603, 0.8101602, 0.8101603)"
"LOD0 Material1","","1","On","0","(3.884629, 9.142224, 3.78072667)","(1.18156874, 1.18156874, 1.18156874)"
"LOD2 Material0","","1","On","0","(3.98091578, 14.2345638, 4.006497)","(1.18621361, 1.18621361, 1.18621361)"
"LOD0 Material0","","1","On","0","(3.60334873, 10.14003, 3.5071032)","(1.26750374, 1.26750374, 1.26750374)"
"LOD1 Material0","","1","On","0","(2.98229861, 8.927035, 2.90167117)","(1.11587942, 1.11587942, 1.11587942)"
"LOD1 Material0","","1","On","0","(3.55561638, 12.7131405, 3.57817149)","(1.05942833, 1.05942833, 1.05942833)"
"LOD1 Material1","","1","On","0","(3.81941676, 8.98875, 3.71725845)","(1.16173339, 1.16173339, 1.16173339)"
"Ground_Moss_ShootMat_03_LOD1_Mesh","Assets/ForestPrototype/Art/SectionFive/Ground_Moss_Shoots_03/FBX/Ground_Moss_ShootMat_03_LOD1.fbx","6","On","0","(1.156847, 0.0244201552, 1.04052866)","(0.7795627, 0.779562831, 0.7795627)"
"Trunk","Library/unity default resources","1","On","1","(0.148121476, 11.3317661, 0.148121491)","(0.148121461, 5.665883, 0.148121461)"
"Ground_Moss_ShootMat_03_LOD0_Mesh","Assets/ForestPrototype/Art/SectionFive/Ground_Moss_Shoots_03/FBX/Ground_Moss_ShootMat_03_LOD0.fbx","6","On","0","(1.17851424, 0.0225921348, 1.08113992)","(0.7789036, 0.7789036, 0.7789036)"
"LOD0 Material0","","1","On","0","(3.71668816, 13.2888527, 3.81983566)","(1.10740435, 1.10740435, 1.10740435)"
"Ground_Moss_ShootMat_03_LOD0_Mesh","Assets/ForestPrototype/Art/SectionFive/Ground_Moss_Shoots_03/FBX/Ground_Moss_ShootMat_03_LOD0.fbx","6","On","0","(1.11510122, 0.0228622016, 1.20335281)","(0.788214743, 0.7882147, 0.788214743)"
"LOD0 Material1","","1","On","0","(3.957586, 9.313923, 3.85173225)","(1.20375967, 1.20375967, 1.20375967)"
"Ground_Moss_ShootMat_03_LOD2_Mesh","Assets/ForestPrototype/Art/SectionFive/Ground_Moss_Shoots_03/FBX/Ground_Moss_ShootMat_03_LOD2.fbx","2","On","0","(1.05589366, 0.0347244, 1.2935828)","(1.00474489, 1.00474477, 1.00474489)"
"LOD0 Material0","","1","On","0","(3.544106, 12.671793, 3.642464)","(1.05598271, 1.05598271, 1.05598271)"
"Ground_Moss_ShootMat_03_LOD1_Mesh","Assets/ForestPrototype/Art/SectionFive/Ground_Moss_Shoots_03/FBX/Ground_Moss_ShootMat_03_LOD1.fbx","6","On","0","(1.22512412, 0.0249036942, 1.14650345)","(0.7949988, 0.7949988, 0.7949988)"
"Ground_Moss_ShootMat_03_LOD0_Mesh","Assets/ForestPrototype/Art/SectionFive/Ground_Moss_Shoots_03/FBX/Ground_Moss_ShootMat_03_LOD0.fbx","6","On","0","(1.28221416, 0.02391937, 1.22559667)","(0.8246623, 0.8246624, 0.8246623)"
"Ground_Moss_ShootMat_03_LOD2_Mesh","Assets/ForestPrototype/Art/SectionFive/Ground_Moss_Shoots_03/FBX/Ground_Moss_ShootMat_03_LOD2.fbx","2","On","0","(1.165503, 0.0269420184, 1.0489881)","(0.7795627, 0.779562831, 0.7795627)"
"Ground_Moss_ShootMat_03_LOD0_Mesh","Assets/ForestPrototype/Art/SectionFive/Ground_Moss_Shoots_03/FBX/Ground_Moss_ShootMat_03_LOD0.fbx","6","On","0","(1.20851862, 0.0269904919, 0.9953575)","(0.9305447, 0.930544734, 0.9305447)"
"Ground_Moss_ShootMat_03_LOD2_Mesh","Assets/ForestPrototype/Art/SectionFive/Ground_Moss_Shoots_03/FBX/Ground_Moss_ShootMat_03_LOD2.fbx","2","On","0","(1.09533811, 0.02992312, 1.24977636)","(0.8658207, 0.8658205, 0.8658207)"
"LOD2 Material1","","1","On","0","(3.81663251, 12.682725, 4.30967665)","(1.08665931, 1.08665931, 1.08665931)"
"Ground_Moss_ShootMat_03_LOD2_Mesh","Assets/ForestPrototype/Art/SectionFive/Ground_Moss_Shoots_03/FBX/Ground_Moss_ShootMat_03_LOD2.fbx","2","On","0","(1.40335524, 0.0311865658, 1.4181962)","(0.9023783, 0.9023781, 0.9023783)"
"LOD0 Material1","","1","On","0","(3.68042684, 12.3601141, 4.12470961)","(1.05678952, 1.05678952, 1.05678952)"
"Ground_Moss_ShootMat_03_LOD1_Mesh","Assets/ForestPrototype/Art/SectionFive/Ground_Moss_Shoots_03/FBX/Ground_Moss_ShootMat_03_LOD1.fbx","6","On","0","(1.49574935, 0.0332873538, 1.2940253)","(1.06262982, 1.06262982, 1.06262982)"
"Ground_Moss_ShootMat_03_LOD0_Mesh","Assets/ForestPrototype/Art/SectionFive/Ground_Moss_Shoots_03/FBX/Ground_Moss_ShootMat_03_LOD0.fbx","6","On","0","(1.09331369, 0.02393092, 0.911416352)","(0.825060546, 0.8250606, 0.825060546)"
"Dirt Path 03","Library/unity default resources","1","Off","0","(2.60555172, 0.012, 1.82211339)","(2.6, 0.012, 0.66807)"
"LOD1 Material0","","1","On","0","(3.483798, 10.428194, 3.38961244)","(1.30352426, 1.30352426, 1.30352426)"
"Trunk","Library/unity default resources","1","On","1","(0.164702579, 11.8186178, 0.164702609)","(0.164702564, 5.909309, 0.164702564)"
"Woodland_Forb_Rosette_01_LOD0_Mesh","Assets/ForestPrototype/Art/SectionFive/Woodland_Forbs_01/FBX/Woodland_Forb_Rosette_01_LOD0.fbx","2","On","0","(0.628910363, 0.113106377, 0.637028)","(0.794314563, 0.7943146, 0.794314563)"
"Ground_Moss_ShootMat_03_LOD2_Mesh","Assets/ForestPrototype/Art/SectionFive/Ground_Moss_Shoots_03/FBX/Ground_Moss_ShootMat_03_LOD2.fbx","2","On","0","(1.39547884, 0.0385878272, 1.11958992)","(1.11653233, 1.11653233, 1.11653233)"
"LOD0 Material0","","1","On","0","(4.14739466, 11.6710072, 4.036618)","(1.45887589, 1.45887589, 1.45887589)"
"Ground_Moss_ShootMat_03_LOD2_Mesh","Assets/ForestPrototype/Art/SectionFive/Ground_Moss_Shoots_03/FBX/Ground_Moss_ShootMat_03_LOD2.fbx","2","On","0","(1.14581633, 0.0254127849, 1.07860637)","(0.735314846, 0.7353147, 0.735314846)"
"Trunk","Library/unity default resources","1","On","1","(0.195990369, 13.5984592, 0.195990384)","(0.195990339, 6.79922962, 0.195990339)"
"LOD1 Material1","","1","On","0","(3.689617, 12.3909779, 4.13500929)","(1.05942833, 1.05942833, 1.05942833)"
"Ground_Moss_ShootMat_03_LOD2_Mesh","Assets/ForestPrototype/Art/SectionFive/Ground_Moss_Shoots_03/FBX/Ground_Moss_ShootMat_03_LOD2.fbx","2","On","0","(1.38291979, 0.03660438, 1.55710077)","(1.05914187, 1.05914164, 1.05914187)"
"ShadeFern_Clump_01_LOD1_Mesh","Assets/ForestPrototype/Art/SectionFive/Woodland_Assets/ShadeFern_Clump_01/ShadeFern_Clump_01_LOD1.fbx","2","On","0","(1.54781008, 0.6450326, 1.518589)","(1.133919, 1.133919, 1.133919)"
"LOD0 Material1","","1","On","0","(4.022471, 9.466626, 3.914882)","(1.22349548, 1.22349548, 1.22349548)"
"LOD2 Material1","","1","On","0","(3.99316287, 9.268738, 3.89572477)","(1.19460142, 1.19460142, 1.19460142)"
"LOD2 Material0","","1","On","0","(3.58429861, 12.8163786, 3.607331)","(1.06803155, 1.06803155, 1.06803155)"
"Trunk","Library/unity default resources","1","On","1","(0.1501638, 10.9736843, 0.150163814)","(0.150163785, 5.486842, 0.150163785)"
"LOD1 Material1","","1","On","0","(3.67845, 12.3534765, 4.1224947)","(1.056222, 1.056222, 1.056222)"
"Ground_Moss_ShootMat_03_LOD2_Mesh","Assets/ForestPrototype/Art/SectionFive/Ground_Moss_Shoots_03/FBX/Ground_Moss_ShootMat_03_LOD2.fbx","2","On","0","(1.35087669, 0.0299354624, 1.273448)","(0.8661776, 0.8661776, 0.8661776)"
"LOD0 Material0","","1","On","0","(3.555525, 12.7126207, 3.65419984)","(1.05938506, 1.05938506, 1.05938506)"
"LOD0 Material0","","1","On","0","(4.259214, 11.985673, 4.14545059)","(1.49820912, 1.49820912, 1.49820912)"
"Ground_Moss_ShootMat_03_LOD1_Mesh","Assets/ForestPrototype/Art/SectionFive/Ground_Moss_Shoots_03/FBX/Ground_Moss_ShootMat_03_LOD1.fbx","6","On","0","(1.27820849, 0.0312211253, 1.44630682)","(0.996669948, 0.9966697, 0.996669948)"
"LOD0 Material1","","1","On","0","(4.84796667, 11.4093761, 4.718298)","(1.47458243, 1.47458243, 1.47458243)"
"Trunk","Library/unity default resources","1","On","1","(0.185661674, 13.9180822, 0.1856617)","(0.185661659, 6.959041, 0.185661659)"
"Trunk","Library/unity default resources","1","On","1","(0.147960588, 10.9735556, 0.1479606)","(0.147960573, 5.486778, 0.147960573)"
"Ground_Moss_ShootMat_03_LOD0_Mesh","Assets/ForestPrototype/Art/SectionFive/Ground_Moss_Shoots_03/FBX/Ground_Moss_ShootMat_03_LOD0.fbx","6","On","0","(1.06238282, 0.0222531557, 1.15947378)","(0.7672168, 0.767216742, 0.7672168)"
"Ground_Moss_ShootMat_03_LOD0_Mesh","Assets/ForestPrototype/Art/SectionFive/Ground_Moss_Shoots_03/FBX/Ground_Moss_ShootMat_03_LOD0.fbx","6","On","0","(1.44118285, 0.0291203614, 1.54245353)","(1.00397587, 1.00397575, 1.00397587)"
"Ground_Moss_ShootMat_03_LOD0_Mesh","Assets/ForestPrototype/Art/SectionFive/Ground_Moss_Shoots_03/FBX/Ground_Moss_ShootMat_03_LOD0.fbx","6","On","0","(1.128406, 0.0229227487, 1.21144533)","(0.7903021, 0.7903021, 0.7903021)"
"Ground_Moss_ShootMat_03_LOD2_Mesh","Assets/ForestPrototype/Art/SectionFive/Ground_Moss_Shoots_03/FBX/Ground_Moss_ShootMat_03_LOD2.fbx","2","On","0","(1.79350066, 0.0396054164, 1.79356432)","(1.14597619, 1.14597619, 1.14597619)"
"LOD1 Material1","","1","On","0","(4.651872, 10.9478807, 4.52744865)","(1.41493738, 1.41493738, 1.41493738)"
"LOD0 Material1","","1","On","0","(3.60203171, 12.096838, 4.03685141)","(1.03427935, 1.03427935, 1.03427935)"
"LOD2 Material1","","1","On","0","(4.59732628, 10.671093, 4.48514557)","(1.37534392, 1.37534392, 1.37534392)"
"LOD2 Material1","","1","On","0","(4.983235, 11.5668459, 4.861638)","(1.49079311, 1.49079311, 1.49079311)"
"Ground_Moss_ShootMat_03_LOD2_Mesh","Assets/ForestPrototype/Art/SectionFive/Ground_Moss_Shoots_03/FBX/Ground_Moss_ShootMat_03_LOD2.fbx","2","On","0","(1.03475046, 0.031486053, 1.23153889)","(0.9110437, 0.9110437, 0.9110437)"
"LOD1 Material1","","1","On","0","(3.91996813, 9.225391, 3.81512046)","(1.19231761, 1.19231761, 1.19231761)"
"Ground_Moss_ShootMat_03_LOD0_Mesh","Assets/ForestPrototype/Art/SectionFive/Ground_Moss_Shoots_03/FBX/Ground_Moss_ShootMat_03_LOD0.fbx","6","On","0","(1.34422541, 0.0263607334, 1.20752716)","(0.908832848, 0.908832669, 0.908832848)"
"Trunk","Library/unity default resources","1","On","1","(0.1425728, 11.1948071, 0.14257282)","(0.14257279, 5.59740353, 0.14257279)"
"LOD2 Material1","","1","On","0","(3.72723627, 12.3856592, 4.20873165)","(1.0612067, 1.0612067, 1.0612067)"
"Trunk","Library/unity default resources","1","On","1","(0.1759901, 13.2196207, 0.175990134)","(0.17599009, 6.60981035, 0.17599009)"
"Ground_Moss_ShootMat_03_LOD1_Mesh","Assets/ForestPrototype/Art/SectionFive/Ground_Moss_Shoots_03/FBX/Ground_Moss_ShootMat_03_LOD1.fbx","6","On","0","(1.02719474, 0.0280067, 1.21463263)","(0.894055843, 0.894055843, 0.894055843)"
"LOD2 Material0","","1","On","0","(2.7640996, 8.27453, 2.689701)","(1.0343163, 1.0343163, 1.0343163)"
"Ground_Moss_ShootMat_03_LOD2_Mesh","Assets/ForestPrototype/Art/SectionFive/Ground_Moss_Shoots_03/FBX/Ground_Moss_ShootMat_03_LOD2.fbx","2","On","0","(1.58916664, 0.03770408, 1.69539)","(1.09096122, 1.09096134, 1.09096122)"
"LOD0 Material0","","1","On","0","(3.81382751, 10.7323294, 3.71196032)","(1.34154117, 1.34154117, 1.34154117)"
"LOD0 Material1","","1","On","0","(4.85491562, 11.42573, 4.725061)","(1.476696, 1.476696, 1.476696)"
"Ground_Moss_ShootMat_03_LOD0_Mesh","Assets/ForestPrototype/Art/SectionFive/Ground_Moss_Shoots_03/FBX/Ground_Moss_ShootMat_03_LOD0.fbx","6","On","0","(1.38682091, 0.0304499846, 1.15391839)","(1.049817, 1.04981685, 1.049817)"
"Ground_Moss_ShootMat_03_LOD0_Mesh","Assets/ForestPrototype/Art/SectionFive/Ground_Moss_Shoots_03/FBX/Ground_Moss_ShootMat_03_LOD0.fbx","6","On","0","(1.28546941, 0.0280799251, 1.43140125)","(0.968104839, 0.968104839, 0.968104839)"
"LOD2 Material0","","1","On","0","(3.788608, 13.5469284, 3.81295347)","(1.12891066, 1.12891066, 1.12891066)"
"Habitat view: DwarfShrubType","","1","Off","0","(0, 0, 0)","(1, 1, 1)"
"Ground_Moss_ShootMat_03_LOD2_Mesh","Assets/ForestPrototype/Art/SectionFive/Ground_Moss_Shoots_03/FBX/Ground_Moss_ShootMat_03_LOD2.fbx","2","On","0","(1.03959215, 0.03367074, 1.26645839)","(0.9742571, 0.974257231, 0.9742571)"
"Woodland_Grass_Tuft_03_LOD0_Foliage","Assets/ForestPrototype/Art/SectionFive/Woodland_Grass_Rush/FBX/Woodland_Grass_Tuft_03_LOD0.fbx","2","On","0","(1.62829471, 0.29465577, 1.59928668)","(1.06, 1.06000006, 1.06)"
"Trunk","Library/unity default resources","1","On","1","(0.150577158, 11.3710775, 0.150577173)","(0.150577143, 5.685539, 0.150577143)"
"LOD0 Material0","","1","On","0","(3.512925, 9.885572, 3.4190948)","(1.23569655, 1.23569655, 1.23569655)"
"Ground_Moss_ShootMat_03_LOD2_Mesh","Assets/ForestPrototype/Art/SectionFive/Ground_Moss_Shoots_03/FBX/Ground_Moss_ShootMat_03_LOD2.fbx","2","On","0","(1.12242627, 0.0255931411, 1.16504)","(0.740533352, 0.7405333, 0.740533352)"
"LOD0 Material0","","1","On","0","(3.6495223, 13.0487041, 3.75080585)","(1.087392, 1.087392, 1.087392)"
"LOD2 Material1","","1","On","0","(3.66435361, 8.505522, 3.574939)","(1.09623432, 1.09623432, 1.09623432)"
"LOD1 Material1","","1","On","0","(3.61735344, 12.1482925, 4.05402231)","(1.03867877, 1.03867877, 1.03867877)"
"Trunk","Library/unity default resources","1","On","1","(0.120465368, 9.127676, 0.120465383)","(0.120465353, 4.563838, 0.120465353)"
"Trunk","Library/unity default resources","1","On","1","(0.148587972, 11.1865711, 0.148587987)","(0.148587957, 5.59328556, 0.148587957)"
"LOD0 Material1","","1","On","0","(4.246631, 9.994172, 4.133046)","(1.29167712, 1.29167712, 1.29167712)"
"Trunk","Library/unity default resources","1","On","1","(0.1612233, 12.4876089, 0.161223337)","(0.161223292, 6.24380445, 0.161223292)"
"Trunk","Library/unity default resources","1","On","1","(0.118950069, 9.45255, 0.118950084)","(0.118950054, 4.726275, 0.118950054)"
"Ground_Moss_ShootMat_03_LOD1_Mesh","Assets/ForestPrototype/Art/SectionFive/Ground_Moss_Shoots_03/FBX/Ground_Moss_ShootMat_03_LOD1.fbx","6","On","0","(1.16365182, 0.0296638142, 0.9270243)","(0.9469559, 0.9469558, 0.9469559)"
"Ground_Moss_ShootMat_03_LOD2_Mesh","Assets/ForestPrototype/Art/SectionFive/Ground_Moss_Shoots_03/FBX/Ground_Moss_ShootMat_03_LOD2.fbx","2","On","0","(1.219641, 0.0321600176, 1.00602365)","(0.9305447, 0.930544734, 0.9305447)"
"LOD0 Material1","","1","On","0","(3.82697964, 12.8522882, 4.288954)","(1.0988704, 1.0988704, 1.0988704)"
"Ground_Moss_ShootMat_03_LOD1_Mesh","Assets/ForestPrototype/Art/SectionFive/Ground_Moss_Shoots_03/FBX/Ground_Moss_ShootMat_03_LOD1.fbx","6","On","0","(1.3855269, 0.0349758752, 1.11010325)","(1.11653233, 1.11653233, 1.11653233)"
"LOD1 Material1","","1","On","0","(4.83743763, 11.3845968, 4.70805025)","(1.47137988, 1.47137988, 1.47137988)"
"Ground_Moss_ShootMat_03_LOD2_Mesh","Assets/ForestPrototype/Art/SectionFive/Ground_Moss_Shoots_03/FBX/Ground_Moss_ShootMat_03_LOD2.fbx","2","On","0","(1.14033461, 0.0256463, 1.05360353)","(0.74207145, 0.7420714, 0.74207145)"
"Ground_Moss_ShootMat_03_LOD2_Mesh","Assets/ForestPrototype/Art/SectionFive/Ground_Moss_Shoots_03/FBX/Ground_Moss_ShootMat_03_LOD2.fbx","2","On","0","(1.28058052, 0.03226918, 1.08553648)","(0.933703363, 0.933703363, 0.933703363)"
"LOD2 Material0","","1","On","0","(3.51612115, 10.5257616, 3.42148161)","(1.3157202, 1.3157202, 1.3157202)"
"Dirt Path 50","Library/unity default resources","1","Off","0","(2.6711092, 0.012, 1.27815855)","(2.59999967, 0.012, 0.618123949)"
"LOD1 Material1","","1","On","0","(3.82697964, 12.8522882, 4.288954)","(1.0988704, 1.0988704, 1.0988704)"
"LOD0 Material0","","1","On","0","(4.15319967, 11.6873426, 4.042268)","(1.46091783, 1.46091783, 1.46091783)"
"Ground_Moss_ShootMat_03_LOD2_Mesh","Assets/ForestPrototype/Art/SectionFive/Ground_Moss_Shoots_03/FBX/Ground_Moss_ShootMat_03_LOD2.fbx","2","On","0","(1.47119963, 0.0342103839, 1.54957438)","(0.9898719, 0.9898718, 0.9898719)"
"Ground_Moss_ShootMat_03_LOD1_Mesh","Assets/ForestPrototype/Art/SectionFive/Ground_Moss_Shoots_03/FBX/Ground_Moss_ShootMat_03_LOD1.fbx","6","On","0","(1.125644, 0.0300256088, 1.31984222)","(0.9585056, 0.958505332, 0.9585056)"
"LOD0 Material0","","1","On","0","(4.13887072, 14.7983465, 4.25373459)","(1.23319554, 1.23319554, 1.23319554)"
"Ground_Moss_ShootMat_03_LOD0_Mesh","Assets/ForestPrototype/Art/SectionFive/Ground_Moss_Shoots_03/FBX/Ground_Moss_ShootMat_03_LOD0.fbx","6","On","0","(1.732174, 0.0322177745, 1.677953)","(1.11076486, 1.1107645, 1.11076486)"
"Ground_Moss_ShootMat_03_LOD2_Mesh","Assets/ForestPrototype/Art/SectionFive/Ground_Moss_Shoots_03/FBX/Ground_Moss_ShootMat_03_LOD2.fbx","2","On","0","(1.39097321, 0.0339071, 1.2043252)","(0.981096268, 0.9810963, 0.981096268)"
"Trunk","Library/unity default resources","1","On","1","(0.168092966, 12.8664694, 0.168093)","(0.168092951, 6.43323469, 0.168092951)"
"LOD2 Material1","","1","On","0","(4.862011, 11.2854662, 4.743372)","(1.4545275, 1.4545275, 1.4545275)"
"LOD0 Material1","","1","On","0","(3.85670042, 12.9521008, 4.32226229)","(1.10740435, 1.10740435, 1.10740435)"
"LOD2 Material1","","1","On","0","(4.57045174, 10.6087122, 4.45892668)","(1.36730409, 1.36730409, 1.36730409)"
"LOD0 Material0","","1","On","0","(3.97524619, 11.1865711, 3.86906767)","(1.39832139, 1.39832139, 1.39832139)"
"Ground_Moss_ShootMat_03_LOD2_Mesh","Assets/ForestPrototype/Art/SectionFive/Ground_Moss_Shoots_03/FBX/Ground_Moss_ShootMat_03_LOD2.fbx","2","On","0","(1.30424, 0.03537463, 1.05819154)","(1.02355933, 1.02355909, 1.02355933)"
"LOD0 Material1","","1","On","0","(3.575751, 8.415299, 3.48011041)","(1.08761883, 1.08761883, 1.08761883)"
"LOD2 Material1","","1","On","0","(3.683395, 12.239974, 4.15922642)","(1.04872429, 1.04872429, 1.04872429)"
"LOD0 Material1","","1","On","0","(3.62879539, 12.1867189, 4.066846)","(1.04196417, 1.04196417, 1.04196417)"
"Ground_Moss_ShootMat_03_LOD0_Mesh","Assets/ForestPrototype/Art/SectionFive/Ground_Moss_Shoots_03/FBX/Ground_Moss_ShootMat_03_LOD0.fbx","6","On","0","(1.77495062, 0.0331434943, 1.69201517)","(1.14268041, 1.14268029, 1.14268041)"
"LOD2 Material0","","1","On","0","(3.61668777, 12.9321928, 3.63992858)","(1.07768273, 1.07768273, 1.07768273)"
"LOD0 Material1","","1","On","0","(4.48403072, 10.5528774, 4.364096)","(1.36388588, 1.36388588, 1.36388588)"
"LOD2 Material0","","1","On","0","(3.7079494, 13.2585163, 3.73177648)","(1.1048764, 1.1048764, 1.1048764)"
"Ground_Moss_ShootMat_03_LOD1_Mesh","Assets/ForestPrototype/Art/SectionFive/Ground_Moss_Shoots_03/FBX/Ground_Moss_ShootMat_03_LOD1.fbx","6","On","0","(1.1308223, 0.0247565676, 1.2138989)","(0.7903021, 0.7903021, 0.7903021)"
"LOD2 Material0","","1","On","0","(3.47707844, 12.432991, 3.499422)","(1.03608263, 1.03608263, 1.03608263)"
"LOD2 Material1","","1","On","0","(3.52924585, 11.7277346, 3.98516417)","(1.00483549, 1.00483549, 1.00483549)"
"LOD0 Material0","","1","On","0","(4.200187, 15.017581, 4.316753)","(1.25146508, 1.25146508, 1.25146508)"
"Ground_Moss_ShootMat_03_LOD0_Mesh","Assets/ForestPrototype/Art/SectionFive/Ground_Moss_Shoots_03/FBX/Ground_Moss_ShootMat_03_LOD0.fbx","6","On","0","(1.26657772, 0.0295804329, 1.01605725)","(1.01983762, 1.0198375, 1.01983762)"
"LOD0 Material0","","1","On","0","(3.6720705, 10.3334169, 3.57398963)","(1.29167712, 1.29167712, 1.29167712)"
"LOD0 Material0","","1","On","0","(3.66075039, 13.08885, 3.76234555)","(1.09073746, 1.09073746, 1.09073746)"
"LOD1 Material1","","1","On","0","(3.554764, 11.938097, 3.98387766)","(1.020707, 1.020707, 1.020707)"
"LOD0 Material0","","1","On","0","(3.37476587, 9.496785, 3.284626)","(1.18709815, 1.18709815, 1.18709815)"
"LOD1 Material0","","1","On","0","(3.754288, 13.4234924, 3.77810335)","(1.11862433, 1.11862433, 1.11862433)"
"Ground_Moss_ShootMat_03_LOD1_Mesh","Assets/ForestPrototype/Art/SectionFive/Ground_Moss_Shoots_03/FBX/Ground_Moss_ShootMat_03_LOD1.fbx","6","On","0","(1.14036179, 0.0265797377, 1.26383185)","(0.848503, 0.848503053, 0.848503)"
"Ground_Moss_ShootMat_03_LOD0_Mesh","Assets/ForestPrototype/Art/SectionFive/Ground_Moss_Shoots_03/FBX/Ground_Moss_ShootMat_03_LOD0.fbx","6","On","0","(1.17297018, 0.0226638336, 1.06764913)","(0.7813755, 0.7813756, 0.7813755)"
"Ground_Moss_ShootMat_03_LOD1_Mesh","Assets/ForestPrototype/Art/SectionFive/Ground_Moss_Shoots_03/FBX/Ground_Moss_ShootMat_03_LOD1.fbx","6","On","0","(1.6335119, 0.03370551, 1.50091267)","(1.07597852, 1.07597852, 1.07597852)"
"LOD2 Material1","","1","On","0","(3.83095622, 12.7303219, 4.32585049)","(1.09073746, 1.09073746, 1.09073746)"
"Ground_Moss_ShootMat_03_LOD2_Mesh","Assets/ForestPrototype/Art/SectionFive/Ground_Moss_Shoots_03/FBX/Ground_Moss_ShootMat_03_LOD2.fbx","2","On","0","(1.10341823, 0.0285144411, 0.9211316)","(0.825060546, 0.8250606, 0.825060546)"
"Ground_Moss_ShootMat_03_LOD1_Mesh","Assets/ForestPrototype/Art/SectionFive/Ground_Moss_Shoots_03/FBX/Ground_Moss_ShootMat_03_LOD1.fbx","6","On","0","(1.25825155, 0.0262889247, 1.14199591)","(0.83921957, 0.839219451, 0.83921957)"
"Bramble_Clump_01_LOD2_Mesh","Assets/ForestPrototype/Art/SectionFive/Woodland_Assets/Bramble_Clump_01/Bramble_Clump_01_LOD2.fbx","2","On","0","(1.43715072, 0.6833624, 1.45687675)","(0.7568549, 0.7568549, 0.7568549)"
"Ground_Moss_ShootMat_03_LOD1_Mesh","Assets/ForestPrototype/Art/SectionFive/Ground_Moss_Shoots_03/FBX/Ground_Moss_ShootMat_03_LOD1.fbx","6","On","0","(1.25509262, 0.025432406, 1.26505041)","(0.8118768, 0.811876833, 0.8118768)"
"LOD2 Material1","","1","On","0","(4.30827332, 10.0001574, 4.20314646)","(1.28887045, 1.28887045, 1.28887045)"
"LOD1 Material0","","1","On","0","(3.86183667, 11.5597925, 3.75743055)","(1.44497406, 1.44497406, 1.44497406)"
"Ground_Moss_ShootMat_03_LOD0_Mesh","Assets/ForestPrototype/Art/SectionFive/Ground_Moss_Shoots_03/FBX/Ground_Moss_ShootMat_03_LOD0.fbx","6","On","0","(1.54948223, 0.0322982334, 1.33178616)","(1.1135385, 1.1135385, 1.1135385)"
"Ground_Moss_ShootMat_03_LOD2_Mesh","Assets/ForestPrototype/Art/SectionFive/Ground_Moss_Shoots_03/FBX/Ground_Moss_ShootMat_03_LOD2.fbx","2","On","0","(1.16993332, 0.028475998, 1.01395667)","(0.823948264, 0.823948264, 0.823948264)"
"LOD2 Material0","","1","On","0","(3.17239261, 9.496785, 3.08700466)","(1.18709815, 1.18709815, 1.18709815)"
"LOD1 Material1","","1","On","0","(3.62891817, 12.1871309, 4.066983)","(1.04199946, 1.04199946, 1.04199946)"
"Ground_Moss_ShootMat_03_LOD2_Mesh","Assets/ForestPrototype/Art/SectionFive/Ground_Moss_Shoots_03/FBX/Ground_Moss_ShootMat_03_LOD2.fbx","2","On","0","(1.27734256, 0.0344102, 1.04048324)","(0.9956535, 0.99565345, 0.9956535)"
"Ground_Moss_ShootMat_03_LOD1_Mesh","Assets/ForestPrototype/Art/SectionFive/Ground_Moss_Shoots_03/FBX/Ground_Moss_ShootMat_03_LOD1.fbx","6","On","0","(1.00997961, 0.02206569, 0.884883463)","(0.7044015, 0.704401433, 0.7044015)"
"LOD2 Material0","","1","On","0","(3.61625385, 10.8255157, 3.518919)","(1.35318947, 1.35318947, 1.35318947)"
"Ground_Moss_ShootMat_03_LOD2_Mesh","Assets/ForestPrototype/Art/SectionFive/Ground_Moss_Shoots_03/FBX/Ground_Moss_ShootMat_03_LOD2.fbx","2","On","0","(1.31072807, 0.0287788063, 1.28828132)","(0.832709968, 0.832709968, 0.832709968)"
"LOD0 Material1","","1","On","0","(3.99626756, 9.404958, 3.88937926)","(1.21552527, 1.21552527, 1.21552527)"
"LOD1 Material1","","1","On","0","(4.83296156, 11.3740625, 4.703694)","(1.47001839, 1.47001839, 1.47001839)"
"LOD2 Material0","","1","On","0","(3.522415, 12.5951014, 3.54505)","(1.04959178, 1.04959178, 1.04959178)"
"LOD1 Material0","","1","On","0","(3.93240881, 11.771039, 3.82609487)","(1.47137988, 1.47137988, 1.47137988)"
"LOD1 Material1","","1","On","0","(4.08991241, 13.7353048, 4.58362627)","(1.17436826, 1.17436826, 1.17436826)"
"LOD0 Material0","","1","On","0","(3.362005, 12.0206985, 3.455309)","(1.00172484, 1.00172484, 1.00172484)"
"Ground_Moss_ShootMat_03_LOD0_Mesh","Assets/ForestPrototype/Art/SectionFive/Ground_Moss_Shoots_03/FBX/Ground_Moss_ShootMat_03_LOD0.fbx","6","On","0","(1.08172786, 0.02191816, 0.9477781)","(0.7556672, 0.7556672, 0.7556672)"
"Ground_Moss_ShootMat_03_LOD1_Mesh","Assets/ForestPrototype/Art/SectionFive/Ground_Moss_Shoots_03/FBX/Ground_Moss_ShootMat_03_LOD1.fbx","6","On","0","(1.72461891, 0.0346158, 1.65841639)","(1.10503793, 1.10503769, 1.10503793)"
"LOD1 Material0","","1","On","0","(3.50301, 12.5250454, 3.52523136)","(1.04375374, 1.04375374, 1.04375374)"
"LOD1 Material1","","1","On","0","(3.784453, 12.7094688, 4.24129343)","(1.08665931, 1.08665931, 1.08665931)"
"Ground_Moss_ShootMat_03_LOD0_Mesh","Assets/ForestPrototype/Art/SectionFive/Ground_Moss_Shoots_03/FBX/Ground_Moss_ShootMat_03_LOD0.fbx","6","On","0","(1.33228087, 0.02599387, 1.201996)","(0.896184564, 0.896184444, 0.896184564)"
"Trunk","Library/unity default resources","1","On","1","(0.149133042, 11.4462481, 0.149133056)","(0.149133027, 5.723124, 0.149133027)"
"Ground_Moss_ShootMat_03_LOD2_Mesh","Assets/ForestPrototype/Art/SectionFive/Ground_Moss_Shoots_03/FBX/Ground_Moss_ShootMat_03_LOD2.fbx","2","On","0","(1.46169317, 0.03209784, 1.43780971)","(0.9287456, 0.9287457, 0.9287456)"
"LOD2 Material0","","1","On","0","(2.79740667, 8.374238, 2.722112)","(1.04677975, 1.04677975, 1.04677975)"
"Ground_Moss_ShootMat_03_LOD0_Mesh","Assets/ForestPrototype/Art/SectionFive/Ground_Moss_Shoots_03/FBX/Ground_Moss_ShootMat_03_LOD0.fbx","6","On","0","(1.77468491, 0.0330311656, 1.710999)","(1.13880754, 1.13880754, 1.13880754)"
"Ground_Moss_ShootMat_03_LOD0_Mesh","Assets/ForestPrototype/Art/SectionFive/Ground_Moss_Shoots_03/FBX/Ground_Moss_ShootMat_03_LOD0.fbx","6","On","0","(1.11746657, 0.0208992325, 1.11578941)","(0.7205378, 0.720537841, 0.7205378)"
"LOD0 Material0","","1","On","0","(3.61492682, 12.9250088, 3.71525)","(1.07708406, 1.07708406, 1.07708406)"
"Ground_Moss_ShootMat_03_LOD2_Mesh","Assets/ForestPrototype/Art/SectionFive/Ground_Moss_Shoots_03/FBX/Ground_Moss_ShootMat_03_LOD2.fbx","2","On","0","(1.41730142, 0.0385455824, 1.61414969)","(1.11531, 1.11531007, 1.11531)"
"LOD2 Material0","","1","On","0","(3.7801497, 13.5166836, 3.804441)","(1.12639034, 1.12639034, 1.12639034)"
"LOD1 Material1","","1","On","0","(3.55416417, 11.9360819, 3.98320532)","(1.02053475, 1.02053475, 1.02053475)"
"LOD1 Material1","","1","On","0","(4.8275547, 11.3613377, 4.69843149)","(1.46837378, 1.46837378, 1.46837378)"
"LOD0 Material0","","1","On","0","(3.05985427, 8.610605, 2.97812557)","(1.07632565, 1.07632565, 1.07632565)"
"Ground_Moss_ShootMat_03_LOD2_Mesh","Assets/ForestPrototype/Art/SectionFive/Ground_Moss_Shoots_03/FBX/Ground_Moss_ShootMat_03_LOD2.fbx","2","On","0","(1.22851908, 0.0341159366, 0.983211458)","(0.987138867, 0.9871389, 0.987138867)"
"Ground_Moss_ShootMat_03_LOD1_Mesh","Assets/ForestPrototype/Art/SectionFive/Ground_Moss_Shoots_03/FBX/Ground_Moss_ShootMat_03_LOD1.fbx","6","On","0","(0.875306964, 0.02271873, 1.0153712)","(0.7252485, 0.725248337, 0.7252485)"
"LOD0 Material1","","1","On","0","(4.054254, 9.541426, 3.94581485)","(1.23316276, 1.23316276, 1.23316276)"
"LOD1 Material1","","1","On","0","(3.92142463, 13.169466, 4.39479971)","(1.12598908, 1.12598908, 1.12598908)"
"Ground_Moss_ShootMat_03_LOD1_Mesh","Assets/ForestPrototype/Art/SectionFive/Ground_Moss_Shoots_03/FBX/Ground_Moss_ShootMat_03_LOD1.fbx","6","On","0","(1.740315, 0.03583842, 1.78827369)","(1.14406729, 1.14406729, 1.14406729)"
"Ground_Moss_ShootMat_03_LOD2_Mesh","Assets/ForestPrototype/Art/SectionFive/Ground_Moss_Shoots_03/FBX/Ground_Moss_ShootMat_03_LOD2.fbx","2","On","0","(1.30897653, 0.0347965434, 1.47656345)","(1.00683248, 1.00683224, 1.00683248)"
"LOD2 Material0","","1","On","0","(3.29414845, 9.86127, 3.20548344)","(1.23265874, 1.23265874, 1.23265874)"
"LOD0 Material1","","1","On","0","(4.247589, 9.996427, 4.13397837)","(1.29196846, 1.29196846, 1.29196846)"
"LOD0 Material0","","1","On","0","(4.06859827, 11.4492693, 3.95992613)","(1.43115866, 1.43115866, 1.43115866)"
"Dirt Path 04","Library/unity default resources","1","Off","0","(2.60555172, 0.012, 1.82211339)","(2.6, 0.012, 0.66807)"
"LOD2 Material0","","1","On","0","(3.54657054, 12.6814747, 3.56936049)","(1.05678952, 1.05678952, 1.05678952)"
"LOD1 Material0","","1","On","0","(3.37135816, 12.0543222, 3.3927443)","(1.00452685, 1.00452685, 1.00452685)"
"Ground_Moss_ShootMat_03_LOD2_Mesh","Assets/ForestPrototype/Art/SectionFive/Ground_Moss_Shoots_03/FBX/Ground_Moss_ShootMat_03_LOD2.fbx","2","On","0","(1.0343107, 0.025511032, 0.888687551)","(0.738157451, 0.738157451, 0.738157451)"
"Ground_Moss_ShootMat_03_LOD0_Mesh","Assets/ForestPrototype/Art/SectionFive/Ground_Moss_Shoots_03/FBX/Ground_Moss_ShootMat_03_LOD0.fbx","6","On","0","(1.58290219, 0.0313534, 1.67330241)","(1.08096373, 1.08096361, 1.08096373)"
"Ground_Moss_ShootMat_03_LOD2_Mesh","Assets/ForestPrototype/Art/SectionFive/Ground_Moss_Shoots_03/FBX/Ground_Moss_ShootMat_03_LOD2.fbx","2","On","0","(1.50446367, 0.0372147448, 1.6418848)","(1.07680249, 1.07680249, 1.07680249)"
"Ground_Moss_ShootMat_03_LOD2_Mesh","Assets/ForestPrototype/Art/SectionFive/Ground_Moss_Shoots_03/FBX/Ground_Moss_ShootMat_03_LOD2.fbx","2","On","0","(1.29467154, 0.028500678, 1.23793292)","(0.8246623, 0.8246624, 0.8246623)"
"Ground_Moss_ShootMat_03_LOD2_Mesh","Assets/ForestPrototype/Art/SectionFive/Ground_Moss_Shoots_03/FBX/Ground_Moss_ShootMat_03_LOD2.fbx","2","On","0","(1.41269088, 0.03394887, 1.2349534)","(0.9823048, 0.9823049, 0.9823048)"
"LOD0 Material0","","1","On","0","(3.51424313, 12.56502, 3.6117723)","(1.04708493, 1.04708493, 1.04708493)"
"Ground_Moss_ShootMat_03_LOD2_Mesh","Assets/ForestPrototype/Art/SectionFive/Ground_Moss_Shoots_03/FBX/Ground_Moss_ShootMat_03_LOD2.fbx","2","On","0","(1.72556233, 0.03941604, 1.793693)","(1.14049649, 1.14049661, 1.14049649)"
"Ground_Moss_ShootMat_03_LOD1_Mesh","Assets/ForestPrototype/Art/SectionFive/Ground_Moss_Shoots_03/FBX/Ground_Moss_ShootMat_03_LOD1.fbx","6","On","0","(1.19961631, 0.0258621722, 1.06121564)","(0.8255962, 0.8255962, 0.8255962)"
"Ground_Moss_ShootMat_03_LOD2_Mesh","Assets/ForestPrototype/Art/SectionFive/Ground_Moss_Shoots_03/FBX/Ground_Moss_ShootMat_03_LOD2.fbx","2","On","0","(1.65109909, 0.0386163034, 1.74578142)","(1.1173563, 1.1173563, 1.1173563)"
"Ground_Moss_ShootMat_03_LOD2_Mesh","Assets/ForestPrototype/Art/SectionFive/Ground_Moss_Shoots_03/FBX/Ground_Moss_ShootMat_03_LOD2.fbx","2","On","0","(1.73739982, 0.0383415, 1.73513508)","(1.109405, 1.10940492, 1.109405)"
"LOD1 Material0","","1","On","0","(3.59584832, 10.7635984, 3.49863315)","(1.34544981, 1.34544981, 1.34544981)"
"Ground_Moss_ShootMat_03_LOD2_Mesh","Assets/ForestPrototype/Art/SectionFive/Ground_Moss_Shoots_03/FBX/Ground_Moss_ShootMat_03_LOD2.fbx","2","On","0","(1.2886771, 0.0344453231, 1.45705938)","(0.996669948, 0.9966697, 0.996669948)"
"LOD0 Material1","","1","On","0","(3.635028, 12.2076492, 4.0738306)","(1.04375374, 1.04375374, 1.04375374)"
"LOD1 Material1","","1","On","0","(3.69481683, 8.695513, 3.59599161)","(1.12383449, 1.12383449, 1.12383449)"
"LOD1 Material0","","1","On","0","(3.38751388, 12.1120872, 3.40900254)","(1.00934064, 1.00934064, 1.00934064)"
"LOD0 Material0","","1","On","0","(3.89267421, 13.9180832, 4.00070572)","(1.15984023, 1.15984023, 1.15984023)"
"LOD0 Material1","","1","On","0","(4.605383, 10.8384714, 4.48220253)","(1.40079689, 1.40079689, 1.40079689)"
"LOD0 Material1","","1","On","0","(4.2191596, 14.1693611, 4.72847557)","(1.21148, 1.21148, 1.21148)"
"LOD0 Material0","","1","On","0","(3.764876, 10.5945768, 3.66431618)","(1.3243221, 1.3243221, 1.3243221)"
"Ground_Moss_ShootMat_03_LOD2_Mesh","Assets/ForestPrototype/Art/SectionFive/Ground_Moss_Shoots_03/FBX/Ground_Moss_ShootMat_03_LOD2.fbx","2","On","0","(1.79198372, 0.0393576659, 1.72816145)","(1.13880754, 1.13880754, 1.13880754)"
"Ground_Moss_ShootMat_03_LOD0_Mesh","Assets/ForestPrototype/Art/SectionFive/Ground_Moss_Shoots_03/FBX/Ground_Moss_ShootMat_03_LOD0.fbx","6","On","0","(1.55550814, 0.0298130587, 1.427288)","(1.02785766, 1.02785766, 1.02785766)"
"Ground_Moss_ShootMat_03_LOD0_Mesh","Assets/ForestPrototype/Art/SectionFive/Ground_Moss_Shoots_03/FBX/Ground_Moss_ShootMat_03_LOD0.fbx","6","On","0","(1.29325235, 0.0240826849, 1.27564359)","(0.830293, 0.83029294, 0.830293)"
"Dirt Path 12","Library/unity default resources","1","Off","0","(2.65377569, 0.012, 1.536651)","(2.6, 0.012, 0.6365731)"
"Dirt Path 41","Library/unity default resources","1","Off","0","(2.61095, 0.012, 1.79742646)","(2.6, 0.012, 0.664759934)"
"Ground_Moss_ShootMat_03_LOD1_Mesh","Assets/ForestPrototype/Art/SectionFive/Ground_Moss_Shoots_03/FBX/Ground_Moss_ShootMat_03_LOD1.fbx","6","On","0","(1.09746361, 0.02199901, 1.074498)","(0.702272832, 0.702272832, 0.702272832)"
"LOD1 Material1","","1","On","0","(4.39444542, 10.3420439, 4.276907)","(1.33663714, 1.33663714, 1.33663714)"
"LOD2 Material0","","1","On","0","(4.15505743, 14.8572426, 4.181758)","(1.23810351, 1.23810351, 1.23810351)"
"Ground_Moss_ShootMat_03_LOD2_Mesh","Assets/ForestPrototype/Art/SectionFive/Ground_Moss_Shoots_03/FBX/Ground_Moss_ShootMat_03_LOD2.fbx","2","On","0","(1.29874349, 0.03345811, 1.44498765)","(0.968104839, 0.968104839, 0.968104839)"
"LOD0 Material1","","1","On","0","(4.725111, 11.120244, 4.598728)","(1.437214, 1.437214, 1.437214)"
"LOD2 Material0","","1","On","0","(3.74148273, 13.3784218, 3.76552534)","(1.11486852, 1.11486852, 1.11486852)"
"Ground_Moss_ShootMat_03_LOD2_Mesh","Assets/ForestPrototype/Art/SectionFive/Ground_Moss_Shoots_03/FBX/Ground_Moss_ShootMat_03_LOD2.fbx","2","On","0","(1.48424864, 0.0394037031, 1.21940875)","(1.14013946, 1.14013958, 1.14013946)"
"Ground_Moss_ShootMat_03_LOD1_Mesh","Assets/ForestPrototype/Art/SectionFive/Ground_Moss_Shoots_03/FBX/Ground_Moss_ShootMat_03_LOD1.fbx","6","On","0","(1.07833457, 0.0219977219, 1.0967859)","(0.7022315, 0.702231646, 0.7022315)"
"LOD0 Material1","","1","On","0","(3.967451, 9.33714, 3.86133337)","(1.20676029, 1.20676029, 1.20676029)"
"LOD1 Material0","","1","On","0","(3.76048851, 11.256423, 3.65882254)","(1.40705287, 1.40705287, 1.40705287)"
"LOD1 Material1","","1","On","0","(4.32416153, 10.1766357, 4.20850325)","(1.31525922, 1.31525922, 1.31525922)"
"LOD0 Material1","","1","On","0","(3.7723515, 12.668829, 4.227731)","(1.0831846, 1.0831846, 1.0831846)"
"LOD0 Material1","","1","On","0","(4.41056871, 10.3799887, 4.29259872)","(1.34154117, 1.34154117, 1.34154117)"
"Ground_Moss_ShootMat_03_LOD0_Mesh","Assets/ForestPrototype/Art/SectionFive/Ground_Moss_Shoots_03/FBX/Ground_Moss_ShootMat_03_LOD0.fbx","6","On","0","(1.34855092, 0.0297795981, 1.11821759)","(1.02670407, 1.02670407, 1.02670407)"
"LOD2 Material1","","1","On","0","(3.52816176, 11.7241325, 3.98394012)","(1.00452685, 1.00452685, 1.00452685)"
"LOD0 Material0","","1","On","0","(3.88745546, 10.9395227, 3.78362155)","(1.36744034, 1.36744034, 1.36744034)"
"Ground_Moss_ShootMat_03_LOD2_Mesh","Assets/ForestPrototype/Art/SectionFive/Ground_Moss_Shoots_03/FBX/Ground_Moss_ShootMat_03_LOD2.fbx","2","On","0","(1.60399818, 0.0389646739, 1.73416054)","(1.1274364, 1.1274364, 1.1274364)"
"Ground","Library/unity default resources","1","On","1","(40, 1, 40)","(40, 1, 40)"
"LOD0 Material1","","1","On","0","(4.766302, 11.2171841, 4.638818)","(1.44974291, 1.44974291, 1.44974291)"
"LOD1 Material1","","1","On","0","(3.54262137, 11.8973179, 3.9702692)","(1.01722038, 1.01722038, 1.01722038)"
"Ground_Moss_ShootMat_03_LOD0_Mesh","Assets/ForestPrototype/Art/SectionFive/Ground_Moss_Shoots_03/FBX/Ground_Moss_ShootMat_03_LOD0.fbx","6","On","0","(1.286092, 0.02740316, 1.41552484)","(0.944772243, 0.944772243, 0.944772243)"
"LOD0 Material0","","1","On","0","(3.66749525, 13.1129646, 3.76927757)","(1.09274709, 1.09274709, 1.09274709)"
"LOD2 Material1","","1","On","0","(4.883372, 11.3350477, 4.764211)","(1.46091783, 1.46091783, 1.46091783)"
"LOD0 Material1","","1","On","0","(4.16784048, 9.80874348, 4.056363)","(1.26771176, 1.26771176, 1.26771176)"
"LOD1 Material1","","1","On","0","(4.28558064, 10.0858374, 4.170954)","(1.30352426, 1.30352426, 1.30352426)"
"LOD0 Material1","","1","On","0","(3.52645, 11.843008, 3.95214558)","(1.01257694, 1.01257694, 1.01257694)"
"Ground_Moss_ShootMat_03_LOD0_Mesh","Assets/ForestPrototype/Art/SectionFive/Ground_Moss_Shoots_03/FBX/Ground_Moss_ShootMat_03_LOD0.fbx","6","On","0","(0.7671384, 0.0211804528, 0.9376998)","(0.730233431, 0.730233431, 0.730233431)"
"LOD0 Material0","","1","On","0","(3.3587, 12.0088825, 3.45191264)","(1.00074017, 1.00074017, 1.00074017)"
"LOD1 Material0","","1","On","0","(3.660695, 13.08885, 3.68391681)","(1.09073746, 1.09073746, 1.09073746)"
"LOD2 Material1","","1","On","0","(4.8875, 11.34463, 4.768239)","(1.46215284, 1.46215284, 1.46215284)"
"LOD0 Material1","","1","On","0","(3.594932, 12.0729942, 4.02889442)","(1.03224075, 1.03224075, 1.03224075)"
"Ground_Moss_ShootMat_03_LOD0_Mesh","Assets/ForestPrototype/Art/SectionFive/Ground_Moss_Shoots_03/FBX/Ground_Moss_ShootMat_03_LOD0.fbx","6","On","0","(1.19454587, 0.0298688225, 1.4064889)","(1.02978039, 1.02978027, 1.02978039)"
"Ground_Moss_ShootMat_03_LOD2_Mesh","Assets/ForestPrototype/Art/SectionFive/Ground_Moss_Shoots_03/FBX/Ground_Moss_ShootMat_03_LOD2.fbx","2","On","0","(1.58860743, 0.03496124, 1.57584274)","(1.01159763, 1.01159763, 1.01159763)"
"Ground_Moss_ShootMat_03_LOD2_Mesh","Assets/ForestPrototype/Art/SectionFive/Ground_Moss_Shoots_03/FBX/Ground_Moss_ShootMat_03_LOD2.fbx","2","On","0","(1.06594348, 0.0265580472, 1.16747844)","(0.768452764, 0.7684527, 0.768452764)"
"LOD0 Material0","","1","On","0","(3.82493925, 10.7635984, 3.72277522)","(1.34544981, 1.34544981, 1.34544981)"
"Dirt Path 33","Library/unity default resources","1","Off","0","(2.62819719, 0.012, 1.70993662)","(2.6, 0.012, 0.654004037)"
"LOD2 Material1","","1","On","0","(3.68644166, 12.2500982, 4.16266727)","(1.04959178, 1.04959178, 1.04959178)"
"Trunk","Library/unity default resources","1","On","1","(0.149610877, 11.7958736, 0.149610892)","(0.149610862, 5.897937, 0.149610862)"
"LOD1 Material0","","1","On","0","(4.06867456, 14.5475836, 4.094484)","(1.21229863, 1.21229863, 1.21229863)"
"Ground_Moss_ShootMat_03_LOD1_Mesh","Assets/ForestPrototype/Art/SectionFive/Ground_Moss_Shoots_03/FBX/Ground_Moss_ShootMat_03_LOD1.fbx","6","On","0","(1.468858, 0.0305371135, 1.52245164)","(0.9748343, 0.974834, 0.9748343)"
"Ground_Moss_ShootMat_03_LOD1_Mesh","Assets/ForestPrototype/Art/SectionFive/Ground_Moss_Shoots_03/FBX/Ground_Moss_ShootMat_03_LOD1.fbx","6","On","0","(1.05739832, 0.0240721256, 1.158762)","(0.768452764, 0.7684527, 0.768452764)"
"LOD0 Material1","","1","On","0","(4.803042, 11.3036489, 4.67457438)","(1.46091783, 1.46091783, 1.46091783)"
"Ground_Moss_ShootMat_03_LOD1_Mesh","Assets/ForestPrototype/Art/SectionFive/Ground_Moss_Shoots_03/FBX/Ground_Moss_ShootMat_03_LOD1.fbx","6","On","0","(1.51567841, 0.0303800926, 1.482734)","(0.969821453, 0.969821453, 0.969821453)"
"Ground_Moss_ShootMat_03_LOD2_Mesh","Assets/ForestPrototype/Art/SectionFive/Ground_Moss_Shoots_03/FBX/Ground_Moss_ShootMat_03_LOD2.fbx","2","On","0","(1.18978858, 0.0269192345, 1.09220576)","(0.7789036, 0.7789036, 0.7789036)"
"Ground_Moss_ShootMat_03_LOD1_Mesh","Assets/ForestPrototype/Art/SectionFive/Ground_Moss_Shoots_03/FBX/Ground_Moss_ShootMat_03_LOD1.fbx","6","On","0","(1.261806, 0.0261529852, 1.15402639)","(0.8348798, 0.8348798, 0.8348798)"
"Ground_Moss_ShootMat_03_LOD0_Mesh","Assets/ForestPrototype/Art/SectionFive/Ground_Moss_Shoots_03/FBX/Ground_Moss_ShootMat_03_LOD0.fbx","6","On","0","(1.3431232, 0.0284997635, 1.47532189)","(0.98257947, 0.9825795, 0.98257947)"
"LOD1 Material1","","1","On","0","(3.99626756, 9.404958, 3.88937926)","(1.21552527, 1.21552527, 1.21552527)"
"Trunk","Library/unity default resources","1","On","1","(0.211197585, 15.5248365, 0.2111976)","(0.211197555, 7.76241827, 0.211197555)"
"LOD2 Material0","","1","On","0","(3.77286363, 11.2943382, 3.67131352)","(1.41179228, 1.41179228, 1.41179228)"
"Woodland_Grass_Tuft_03_LOD2_Foliage","Assets/ForestPrototype/Art/SectionFive/Woodland_Grass_Rush/FBX/Woodland_Grass_Tuft_03_LOD2.fbx","2","On","0","(1.07274735, 0.231966048, 1.10746932)","(0.9084037, 0.9084036, 0.9084037)"
"LOD2 Material0","","1","On","0","(3.48352885, 10.428194, 3.38976645)","(1.30352426, 1.30352426, 1.30352426)"
"Ground_Moss_ShootMat_03_LOD2_Mesh","Assets/ForestPrototype/Art/SectionFive/Ground_Moss_Shoots_03/FBX/Ground_Moss_ShootMat_03_LOD2.fbx","2","On","0","(1.09658051, 0.0300090276, 0.8851046)","(0.8683062, 0.8683062, 0.8683062)"
"LOD2 Material0","","1","On","0","(3.63515186, 12.9982147, 3.6585114)","(1.0831846, 1.0831846, 1.0831846)"
"LOD2 Material1","","1","On","0","(4.57620335, 10.6220636, 4.46453857)","(1.36902487, 1.36902487, 1.36902487)"
"LOD1 Material1","","1","On","0","(3.85670042, 12.9521008, 4.32226229)","(1.10740435, 1.10740435, 1.10740435)"
"Ground_Moss_ShootMat_03_LOD0_Mesh","Assets/ForestPrototype/Art/SectionFive/Ground_Moss_Shoots_03/FBX/Ground_Moss_ShootMat_03_LOD0.fbx","6","On","0","(1.01042044, 0.0273270812, 1.22560489)","(0.942149162, 0.9421492, 0.942149162)"
"Ground_Moss_ShootMat_03_LOD0_Mesh","Assets/ForestPrototype/Art/SectionFive/Ground_Moss_Shoots_03/FBX/Ground_Moss_ShootMat_03_LOD0.fbx","6","On","0","(1.16406858, 0.0266029164, 0.94578445)","(0.917182446, 0.9171824, 0.917182446)"
"Ground_Moss_ShootMat_03_LOD2_Mesh","Assets/ForestPrototype/Art/SectionFive/Ground_Moss_Shoots_03/FBX/Ground_Moss_ShootMat_03_LOD2.fbx","2","On","0","(1.55727816, 0.0349270627, 1.44345331)","(1.010609, 1.01060879, 1.010609)"
"LOD0 Material1","","1","On","0","(3.69677567, 8.700123, 3.597898)","(1.1244303, 1.1244303, 1.1244303)"
"Ground_Moss_ShootMat_03_LOD2_Mesh","Assets/ForestPrototype/Art/SectionFive/Ground_Moss_Shoots_03/FBX/Ground_Moss_ShootMat_03_LOD2.fbx","2","On","0","(0.936819553, 0.0278528184, 1.10521066)","(0.805916846, 0.805916667, 0.805916846)"
"Ground_Moss_ShootMat_03_LOD1_Mesh","Assets/ForestPrototype/Art/SectionFive/Ground_Moss_Shoots_03/FBX/Ground_Moss_ShootMat_03_LOD1.fbx","6","On","0","(1.265239, 0.0260136, 1.29804111)","(0.830430269, 0.830430269, 0.830430269)"
"Ground_Moss_ShootMat_03_LOD2_Mesh","Assets/ForestPrototype/Art/SectionFive/Ground_Moss_Shoots_03/FBX/Ground_Moss_ShootMat_03_LOD2.fbx","2","On","0","(1.49632859, 0.0336550772, 1.53387237)","(0.973803937, 0.973804057, 0.973803937)"
"LOD1 Material0","","1","On","0","(3.73121953, 11.1688108, 3.63034463)","(1.39610136, 1.39610136, 1.39610136)"
"Ground_Moss_ShootMat_03_LOD2_Mesh","Assets/ForestPrototype/Art/SectionFive/Ground_Moss_Shoots_03/FBX/Ground_Moss_ShootMat_03_LOD2.fbx","2","On","0","(1.04089761, 0.0280906036, 0.847003043)","(0.81279695, 0.81279695, 0.81279695)"
"LOD1 Material0","","1","On","0","(3.47405553, 10.3990316, 3.38013339)","(1.299879, 1.299879, 1.299879)"
"LOD1 Material0","","1","On","0","(3.890148, 11.6445379, 3.78497648)","(1.45556724, 1.45556724, 1.45556724)"
"LOD1 Material1","","1","On","0","(4.1311655, 13.873847, 4.62985945)","(1.18621361, 1.18621361, 1.18621361)"
"LOD1 Material0","","1","On","0","(3.311922, 9.913711, 3.222383)","(1.23921382, 1.23921382, 1.23921382)"
"LOD0 Material1","","1","On","0","(3.683935, 12.3718958, 4.12864161)","(1.05779684, 1.05779684, 1.05779684)"
"Ground_Moss_ShootMat_03_LOD0_Mesh","Assets/ForestPrototype/Art/SectionFive/Ground_Moss_Shoots_03/FBX/Ground_Moss_ShootMat_03_LOD0.fbx","6","On","0","(1.17201483, 0.0313255154, 1.41535)","(1.08000231, 1.08000231, 1.08000231)"
"Ground_Moss_ShootMat_03_LOD2_Mesh","Assets/ForestPrototype/Art/SectionFive/Ground_Moss_Shoots_03/FBX/Ground_Moss_ShootMat_03_LOD2.fbx","2","On","0","(1.18495977, 0.03012009, 0.9991328)","(0.8715201, 0.8715198, 0.8715201)"
"Ground_Moss_ShootMat_03_LOD1_Mesh","Assets/ForestPrototype/Art/SectionFive/Ground_Moss_Shoots_03/FBX/Ground_Moss_ShootMat_03_LOD1.fbx","6","On","0","(1.60057592, 0.0322307944, 1.523742)","(1.02890146, 1.02890134, 1.02890146)"
"LOD2 Material1","","1","On","0","(3.72186041, 12.367795, 4.202661)","(1.059676, 1.059676, 1.059676)"
"Ground_Moss_ShootMat_03_LOD1_Mesh","Assets/ForestPrototype/Art/SectionFive/Ground_Moss_Shoots_03/FBX/Ground_Moss_ShootMat_03_LOD1.fbx","6","On","0","(1.0943203, 0.0228581131, 1.13867009)","(0.729698, 0.7296979, 0.729698)"
"LOD2 Material1","","1","On","0","(3.87175822, 12.8659086, 4.37192345)","(1.10235453, 1.10235453, 1.10235453)"
"LOD0 Material0","","1","On","0","(3.74173951, 13.3784218, 3.84558225)","(1.11486852, 1.11486852, 1.11486852)"
"LOD0 Material1","","1","On","0","(4.751702, 11.1828232, 4.62460756)","(1.445302, 1.445302, 1.445302)"
"LOD0 Material1","","1","On","0","(3.507327, 11.7787876, 3.93071437)","(1.007086, 1.007086, 1.007086)"
"LOD0 Material1","","1","On","0","(3.61797929, 8.514681, 3.521209)","(1.10046315, 1.10046315, 1.10046315)"
"Ground_Moss_ShootMat_03_LOD2_Mesh","Assets/ForestPrototype/Art/SectionFive/Ground_Moss_Shoots_03/FBX/Ground_Moss_ShootMat_03_LOD2.fbx","2","On","0","(1.21658921, 0.0339275077, 0.9712875)","(0.981686831, 0.981686831, 0.981686831)"
"Ground_Moss_ShootMat_03_LOD1_Mesh","Assets/ForestPrototype/Art/SectionFive/Ground_Moss_Shoots_03/FBX/Ground_Moss_ShootMat_03_LOD1.fbx","6","On","0","(1.200141, 0.0247247331, 1.10457659)","(0.789285839, 0.789285839, 0.789285839)"
"Ground_Moss_ShootMat_03_LOD2_Mesh","Assets/ForestPrototype/Art/SectionFive/Ground_Moss_Shoots_03/FBX/Ground_Moss_ShootMat_03_LOD2.fbx","2","On","0","(1.38026857, 0.0303816069, 1.32020867)","(0.879087, 0.879086733, 0.879087)"
"LOD0 Material0","","1","On","0","(3.24778461, 9.139452, 3.16103625)","(1.1424315, 1.1424315, 1.1424315)"
"LOD0 Material1","","1","On","0","(4.052597, 9.537525, 3.94420218)","(1.23265874, 1.23265874, 1.23265874)"
"Woodland_Rush_Clump_01_LOD0_Foliage","Assets/ForestPrototype/Art/SectionFive/Woodland_Grass_Rush/FBX/Woodland_Rush_Clump_01_LOD0.fbx","3","On","0","(0.8414871, 0.7140815, 0.8202557)","(0.850000143, 0.85, 0.850000143)"
"Ground_Moss_ShootMat_03_LOD1_Mesh","Assets/ForestPrototype/Art/SectionFive/Ground_Moss_Shoots_03/FBX/Ground_Moss_ShootMat_03_LOD1.fbx","6","On","0","(1.18255806, 0.030442901, 1.36731732)","(0.9718266, 0.9718265, 0.9718266)"
"LOD0 Material0","","1","On","0","(3.452896, 12.3456764, 3.54872274)","(1.02880633, 1.02880633, 1.02880633)"
"LOD1 Material0","","1","On","0","(3.68077445, 11.0178118, 3.58126354)","(1.37722647, 1.37722647, 1.37722647)"
"Trunk","Library/unity default resources","1","On","1","(0.1806437, 12.8163786, 0.180643722)","(0.180643678, 6.4081893, 0.180643678)"
"LOD0 Material1","","1","On","0","(4.047433, 9.525372, 3.93917584)","(1.23108792, 1.23108792, 1.23108792)"
"Trunk","Library/unity default resources","1","On","1","(0.13880527, 11.12122, 0.138805285)","(0.138805255, 5.56061, 0.138805255)"
"Ground_Moss_ShootMat_03_LOD2_Mesh","Assets/ForestPrototype/Art/SectionFive/Ground_Moss_Shoots_03/FBX/Ground_Moss_ShootMat_03_LOD2.fbx","2","On","0","(1.10411453, 0.0262016058, 1.17806971)","(0.7581391, 0.758139133, 0.7581391)"
"LOD1 Material0","","1","On","0","(3.94137383, 14.0924187, 3.966376)","(1.17436826, 1.17436826, 1.17436826)"
"Ground_Moss_ShootMat_03_LOD2_Mesh","Assets/ForestPrototype/Art/SectionFive/Ground_Moss_Shoots_03/FBX/Ground_Moss_ShootMat_03_LOD2.fbx","2","On","0","(1.33371186, 0.03205275, 1.43348408)","(0.9274411, 0.927441061, 0.9274411)"
"LOD2 Material0","","1","On","0","(3.32735014, 9.960662, 3.23779154)","(1.24508274, 1.24508274, 1.24508274)"
"Ground_Moss_ShootMat_03_LOD0_Mesh","Assets/ForestPrototype/Art/SectionFive/Ground_Moss_Shoots_03/FBX/Ground_Moss_ShootMat_03_LOD0.fbx","6","On","0","(1.21002471, 0.0304412227, 1.42807364)","(1.04951477, 1.04951477, 1.04951477)"
"Ground_Moss_ShootMat_03_LOD2_Mesh","Assets/ForestPrototype/Art/SectionFive/Ground_Moss_Shoots_03/FBX/Ground_Moss_ShootMat_03_LOD2.fbx","2","On","0","(1.421807, 0.0365474261, 1.19072032)","(1.057494, 1.05749369, 1.057494)"
"LOD0 Material0","","1","On","0","(3.67289877, 10.3357477, 3.57479572)","(1.29196846, 1.29196846, 1.29196846)"
"Trunk","Library/unity default resources","1","On","1","(0.174242243, 12.3253708, 0.174242273)","(0.174242228, 6.16268539, 0.174242228)"
"LOD1 Material0","","1","On","0","(3.75207829, 11.2312479, 3.65063953)","(1.403906, 1.403906, 1.403906)"
"Ground_Moss_ShootMat_03_LOD1_Mesh","Assets/ForestPrototype/Art/SectionFive/Ground_Moss_Shoots_03/FBX/Ground_Moss_ShootMat_03_LOD1.fbx","6","On","0","(1.07538462, 0.0233911257, 1.15006638)","(0.7467133, 0.7467132, 0.7467133)"
"Ground_Moss_ShootMat_03_LOD2_Mesh","Assets/ForestPrototype/Art/SectionFive/Ground_Moss_Shoots_03/FBX/Ground_Moss_ShootMat_03_LOD2.fbx","2","On","0","(1.57810974, 0.0366826952, 1.66175556)","(1.0614078, 1.06140769, 1.0614078)"
"LOD0 Material0","","1","On","0","(3.94657469, 14.1108017, 4.05610228)","(1.1759001, 1.1759001, 1.1759001)"
"LOD2 Material1","","1","On","0","(3.88061571, 12.8953419, 4.381925)","(1.1048764, 1.1048764, 1.1048764)"
"Trunk","Library/unity default resources","1","On","1","(0.172562152, 12.99297, 0.172562182)","(0.172562137, 6.496485, 0.172562137)"
"LOD0 Material0","","1","On","0","(3.76712823, 10.600915, 3.6665082)","(1.32511437, 1.32511437, 1.32511437)"
"Ground_Moss_ShootMat_03_LOD1_Mesh","Assets/ForestPrototype/Art/SectionFive/Ground_Moss_Shoots_03/FBX/Ground_Moss_ShootMat_03_LOD1.fbx","6","On","0","(1.32100809, 0.0302613564, 1.12171507)","(0.9660311, 0.9660311, 0.9660311)"
"LOD1 Material1","","1","On","0","(4.191055, 14.074976, 4.69697857)","(1.20341015, 1.20341015, 1.20341015)"
"LOD1 Material1","","1","On","0","(4.50092649, 10.59264, 4.38054)","(1.36902487, 1.36902487, 1.36902487)"
"LOD1 Material1","","1","On","0","(4.425948, 10.4161825, 4.307567)","(1.34621906, 1.34621906, 1.34621906)"
"LOD0 Material0","","1","On","0","(3.544909, 12.6746635, 3.643289)","(1.056222, 1.056222, 1.056222)"
"LOD2 Material1","","1","On","0","(4.45085955, 10.3311214, 4.342253)","(1.33152676, 1.33152676, 1.33152676)"
"Ground_Moss_ShootMat_03_LOD0_Mesh","Assets/ForestPrototype/Art/SectionFive/Ground_Moss_Shoots_03/FBX/Ground_Moss_ShootMat_03_LOD0.fbx","6","On","0","(1.07309031, 0.02165845, 1.14773846)","(0.7467133, 0.7467132, 0.7467133)"
"LOD1 Material1","","1","On","0","(4.047433, 9.525372, 3.93917584)","(1.23108792, 1.23108792, 1.23108792)"
"LOD2 Material1","","1","On","0","(3.593517, 11.941309, 4.0577383)","(1.02313459, 1.02313459, 1.02313459)"
"Ground_Moss_ShootMat_03_LOD0_Mesh","Assets/ForestPrototype/Art/SectionFive/Ground_Moss_Shoots_03/FBX/Ground_Moss_ShootMat_03_LOD0.fbx","6","On","0","(1.32333577, 0.0253585353, 1.36360276)","(0.8742802, 0.874280155, 0.8742802)"
"LOD0 Material1","","1","On","0","(4.229784, 9.954523, 4.11664963)","(1.28655279, 1.28655279, 1.28655279)"
"LOD1 Material1","","1","On","0","(4.646114, 10.934329, 4.521844)","(1.41318583, 1.41318583, 1.41318583)"
"LOD1 Material0","","1","On","0","(3.00515175, 8.995442, 2.92390633)","(1.1244303, 1.1244303, 1.1244303)"
"Ground_Moss_ShootMat_03_LOD0_Mesh","Assets/ForestPrototype/Art/SectionFive/Ground_Moss_Shoots_03/FBX/Ground_Moss_ShootMat_03_LOD0.fbx","6","On","0","(1.40379691, 0.0288339611, 1.51641524)","(0.994101763, 0.9941016, 0.994101763)"
"Ground_Moss_ShootMat_03_LOD2_Mesh","Assets/ForestPrototype/Art/SectionFive/Ground_Moss_Shoots_03/FBX/Ground_Moss_ShootMat_03_LOD2.fbx","2","On","0","(0.937898636, 0.0307271313, 1.14741874)","(0.8890846, 0.889084458, 0.8890846)"
"Dirt Path 23","Library/unity default resources","1","Off","0","(2.64666033, 0.012, 0.8553422)","(2.6, 0.012, 0.602438)"
"LOD0 Material0","","1","On","0","(3.60117435, 10.1339111, 3.504987)","(1.26673889, 1.26673889, 1.26673889)"
"Ground_Moss_ShootMat_03_LOD2_Mesh","Assets/ForestPrototype/Art/SectionFive/Ground_Moss_Shoots_03/FBX/Ground_Moss_ShootMat_03_LOD2.fbx","2","On","0","(1.66664863, 0.036605332, 1.64103484)","(1.05916941, 1.05916917, 1.05916941)"
"Ground_Moss_ShootMat_03_LOD1_Mesh","Assets/ForestPrototype/Art/SectionFive/Ground_Moss_Shoots_03/FBX/Ground_Moss_ShootMat_03_LOD1.fbx","6","On","0","(1.35822141, 0.029036589, 1.20922089)","(0.926932931, 0.926932931, 0.926932931)"
"LOD2 Material1","","1","On","0","(4.89417267, 11.3601189, 4.774749)","(1.46414912, 1.46414912, 1.46414912)"
"Ground_Moss_ShootMat_03_LOD2_Mesh","Assets/ForestPrototype/Art/SectionFive/Ground_Moss_Shoots_03/FBX/Ground_Moss_ShootMat_03_LOD2.fbx","2","On","0","(1.44329429, 0.03462236, 1.26326716)","(1.00179231, 1.00179219, 1.00179231)"
"Ground_Moss_ShootMat_03_LOD0_Mesh","Assets/ForestPrototype/Art/SectionFive/Ground_Moss_Shoots_03/FBX/Ground_Moss_ShootMat_03_LOD0.fbx","6","On","0","(1.59446454, 0.03210863, 1.70308828)","(1.10700154, 1.10700154, 1.10700154)"
"Ground_Moss_ShootMat_03_LOD1_Mesh","Assets/ForestPrototype/Art/SectionFive/Ground_Moss_Shoots_03/FBX/Ground_Moss_ShootMat_03_LOD1.fbx","6","On","0","(1.133678, 0.0301912352, 1.32843029)","(0.963792562, 0.9637926, 0.963792562)"
"Trunk","Library/unity default resources","1","On","1","(0.175806612, 12.3423624, 0.175806642)","(0.1758066, 6.171181, 0.1758066)"
"Ground_Moss_ShootMat_03_LOD2_Mesh","Assets/ForestPrototype/Art/SectionFive/Ground_Moss_Shoots_03/FBX/Ground_Moss_ShootMat_03_LOD2.fbx","2","On","0","(0.9842081, 0.0253738668, 1.09540069)","(0.7341887, 0.7341886, 0.7341887)"
"LOD2 Material0","","1","On","0","(3.50812268, 12.5439968, 3.53066564)","(1.045333, 1.045333, 1.045333)"
"Dirt Path 18","Library/unity default resources","1","Off","0","(2.65918732, 0.012, 0.9640335)","(2.6, 0.012, 0.6050019)"
"Trunk","Library/unity default resources","1","On","1","(0.193541825, 14.2795916, 0.19354184)","(0.1935418, 7.139796, 0.1935418)"
"LOD1 Material1","","1","On","0","(4.377644, 10.3025036, 4.26055527)","(1.33152676, 1.33152676, 1.33152676)"
"LOD0 Material1","","1","On","0","(3.624163, 12.1711617, 4.061654)","(1.040634, 1.040634, 1.040634)"
"LOD1 Material0","","1","On","0","(3.9077487, 11.6972227, 3.80210137)","(1.46215284, 1.46215284, 1.46215284)"
"LOD0 Material0","","1","On","0","(3.386447, 12.1080894, 3.48042941)","(1.00900745, 1.00900745, 1.00900745)"
"LOD2 Material0","","1","On","0","(4.106392, 14.6832275, 4.132779)","(1.22360229, 1.22360229, 1.22360229)"
"LOD0 Material0","","1","On","0","(3.503063, 12.5250454, 3.60028172)","(1.04375374, 1.04375374, 1.04375374)"
"LOD0 Material0","","1","On","0","(4.217178, 11.86738, 4.104537)","(1.48342252, 1.48342252, 1.48342252)"
"Ground_Moss_ShootMat_03_LOD0_Mesh","Assets/ForestPrototype/Art/SectionFive/Ground_Moss_Shoots_03/FBX/Ground_Moss_ShootMat_03_LOD0.fbx","6","On","0","(1.04100132, 0.0242826473, 1.19236124)","(0.837187, 0.837187, 0.837187)"
"Ground_Moss_ShootMat_03_LOD2_Mesh","Assets/ForestPrototype/Art/SectionFive/Ground_Moss_Shoots_03/FBX/Ground_Moss_ShootMat_03_LOD2.fbx","2","On","0","(1.78500712, 0.0396471843, 1.67637324)","(1.14718461, 1.14718473, 1.14718461)"
"Ground_Moss_ShootMat_03_LOD2_Mesh","Assets/ForestPrototype/Art/SectionFive/Ground_Moss_Shoots_03/FBX/Ground_Moss_ShootMat_03_LOD2.fbx","2","On","0","(1.49107647, 0.0327186473, 1.45749545)","(0.94670856, 0.9467086, 0.94670856)"
"LOD2 Material0","","1","On","0","(3.12545967, 9.356288, 3.04133487)","(1.169536, 1.169536, 1.169536)"
"Ground_Moss_ShootMat_03_LOD2_Mesh","Assets/ForestPrototype/Art/SectionFive/Ground_Moss_Shoots_03/FBX/Ground_Moss_ShootMat_03_LOD2.fbx","2","On","0","(1.20905423, 0.03267783, 1.37342334)","(0.9455277, 0.945527554, 0.9455277)"
"Ground_Moss_ShootMat_03_LOD0_Mesh","Assets/ForestPrototype/Art/SectionFive/Ground_Moss_Shoots_03/FBX/Ground_Moss_ShootMat_03_LOD0.fbx","6","On","0","(1.19934309, 0.0302360822, 1.416614)","(1.04244232, 1.0424422, 1.04244232)"
"LOD2 Material0","","1","On","0","(3.425478, 12.2484837, 3.44749)","(1.020707, 1.020707, 1.020707)"
"Trunk","Library/unity default resources","1","On","1","(0.147727087, 10.7567263, 0.1477271)","(0.147727072, 5.378363, 0.147727072)"
"LOD2 Material1","","1","On","0","(4.57079029, 10.609499, 4.459257)","(1.36740541, 1.36740541, 1.36740541)"
"Ground_Moss_ShootMat_03_LOD2_Mesh","Assets/ForestPrototype/Art/SectionFive/Ground_Moss_Shoots_03/FBX/Ground_Moss_ShootMat_03_LOD2.fbx","2","On","0","(1.317353, 0.0290156435, 1.25772262)","(0.839563, 0.839562833, 0.839563)"
"Ground_Moss_ShootMat_03_LOD1_Mesh","Assets/ForestPrototype/Art/SectionFive/Ground_Moss_Shoots_03/FBX/Ground_Moss_ShootMat_03_LOD1.fbx","6","On","0","(1.26172113, 0.0287638456, 1.38362455)","(0.9182262, 0.9182261, 0.9182262)"
"LOD2 Material0","","1","On","0","(2.982068, 8.927035, 2.901803)","(1.11587942, 1.11587942, 1.11587942)"
"LOD0 Material1","","1","On","0","(4.64153242, 10.9235468, 4.517385)","(1.41179228, 1.41179228, 1.41179228)"
"LOD0 Material1","","1","On","0","(3.689617, 12.3909779, 4.13500929)","(1.05942833, 1.05942833, 1.05942833)"
"LOD1 Material1","","1","On","0","(4.164642, 9.801216, 4.05325031)","(1.26673889, 1.26673889, 1.26673889)"
"LOD0 Material1","","1","On","0","(4.50562954, 15.131423, 5.04952669)","(1.29373634, 1.29373634, 1.29373634)"
"LOD0 Material1","","1","On","0","(4.425948, 10.4161825, 4.307567)","(1.34621906, 1.34621906, 1.34621906)"
"Trunk","Library/unity default resources","1","On","1","(0.14426887, 11.4599628, 0.144268885)","(0.144268855, 5.72998142, 0.144268855)"
"Ground_Moss_ShootMat_03_LOD2_Mesh","Assets/ForestPrototype/Art/SectionFive/Ground_Moss_Shoots_03/FBX/Ground_Moss_ShootMat_03_LOD2.fbx","2","On","0","(0.882551968, 0.0250648875, 1.02285278)","(0.7252485, 0.725248337, 0.7252485)"
"Ground_Moss_ShootMat_03_LOD1_Mesh","Assets/ForestPrototype/Art/SectionFive/Ground_Moss_Shoots_03/FBX/Ground_Moss_ShootMat_03_LOD1.fbx","6","On","0","(1.17636287, 0.027300749, 0.9908493)","(0.8715201, 0.8715198, 0.8715201)"
"Ground_Moss_ShootMat_03_LOD0_Mesh","Assets/ForestPrototype/Art/SectionFive/Ground_Moss_Shoots_03/FBX/Ground_Moss_ShootMat_03_LOD0.fbx","6","On","0","(1.21542132, 0.024593344, 1.30190182)","(0.847898841, 0.847898841, 0.847898841)"
"LOD0 Material0","","1","On","0","(3.84169316, 10.8107452, 3.73908162)","(1.35134315, 1.35134315, 1.35134315)"
"Trunk","Library/unity default resources","1","On","1","(0.139882833, 10.8445, 0.139882848)","(0.139882818, 5.42225, 0.139882818)"
"LOD1 Material1","","1","On","0","(4.73679161, 11.1477337, 4.61009645)","(1.44076693, 1.44076693, 1.44076693)"
"LOD0 Material0","","1","On","0","(3.99378276, 14.2795916, 4.10462046)","(1.189966, 1.189966, 1.189966)"
"LOD2 Material0","","1","On","0","(3.59830713, 12.8664694, 3.62142968)","(1.07220578, 1.07220578, 1.07220578)"
"Ground_Moss_ShootMat_03_LOD0_Mesh","Assets/ForestPrototype/Art/SectionFive/Ground_Moss_Shoots_03/FBX/Ground_Moss_ShootMat_03_LOD0.fbx","6","On","0","(1.4733659, 0.028009817, 1.36427045)","(0.965687752, 0.965687752, 0.965687752)"
"Ground_Moss_ShootMat_03_LOD1_Mesh","Assets/ForestPrototype/Art/SectionFive/Ground_Moss_Shoots_03/FBX/Ground_Moss_ShootMat_03_LOD1.fbx","6","On","0","(1.29406083, 0.0312404837, 1.45690358)","(0.997287631, 0.9972877, 0.997287631)"
"Ground_Moss_ShootMat_03_LOD1_Mesh","Assets/ForestPrototype/Art/SectionFive/Ground_Moss_Shoots_03/FBX/Ground_Moss_ShootMat_03_LOD1.fbx","6","On","0","(1.060593, 0.0225987043, 1.11969638)","(0.72141695, 0.7214168, 0.72141695)"
"Ground_Moss_ShootMat_03_LOD0_Mesh","Assets/ForestPrototype/Art/SectionFive/Ground_Moss_Shoots_03/FBX/Ground_Moss_ShootMat_03_LOD0.fbx","6","On","0","(1.73902738, 0.0326228738, 1.64146483)","(1.12473118, 1.12473106, 1.12473118)"
"Ground_Moss_ShootMat_03_LOD0_Mesh","Assets/ForestPrototype/Art/SectionFive/Ground_Moss_Shoots_03/FBX/Ground_Moss_ShootMat_03_LOD0.fbx","6","On","0","(1.071096, 0.0217138175, 1.14855993)","(0.7486224, 0.7486221, 0.7486224)"
"Ground_Moss_ShootMat_03_LOD0_Mesh","Assets/ForestPrototype/Art/SectionFive/Ground_Moss_Shoots_03/FBX/Ground_Moss_ShootMat_03_LOD0.fbx","6","On","0","(1.57932019, 0.03307219, 1.72341681)","(1.140222, 1.140222, 1.140222)"
"LOD0 Material0","","1","On","0","(3.63393474, 12.9929714, 3.73478556)","(1.08274758, 1.08274758, 1.08274758)"
"Ground_Moss_ShootMat_03_LOD2_Mesh","Assets/ForestPrototype/Art/SectionFive/Ground_Moss_Shoots_03/FBX/Ground_Moss_ShootMat_03_LOD2.fbx","2","On","0","(1.70160043, 0.0380761847, 1.581676)","(1.10172844, 1.10172808, 1.10172844)"
"Trunk","Library/unity default resources","1","On","1","(0.1260102, 9.885572, 0.126010209)","(0.12601018, 4.942786, 0.12601018)"
"LOD1 Material1","","1","On","0","(4.85041428, 11.4151363, 4.72067976)","(1.4753269, 1.4753269, 1.4753269)"
"Ground_Moss_ShootMat_03_LOD0_Mesh","Assets/ForestPrototype/Art/SectionFive/Ground_Moss_Shoots_03/FBX/Ground_Moss_ShootMat_03_LOD0.fbx","6","On","0","(1.197726, 0.02289327, 1.10220468)","(0.789285839, 0.789285839, 0.789285839)"
"Bramble_Clump_01_LOD0_Mesh","Assets/ForestPrototype/Art/SectionFive/Woodland_Assets/Bramble_Clump_01/Bramble_Clump_01_LOD0.fbx","2","On","0","(2.24635363, 0.9554651, 2.287529)","(1.05481327, 1.05481327, 1.05481327)"
"LOD0 Material1","","1","On","0","(4.78132248, 11.2525339, 4.653436)","(1.45431161, 1.45431161, 1.45431161)"
"Ground_Moss_ShootMat_03_LOD1_Mesh","Assets/ForestPrototype/Art/SectionFive/Ground_Moss_Shoots_03/FBX/Ground_Moss_ShootMat_03_LOD1.fbx","6","On","0","(1.14557779, 0.0262446161, 0.972705)","(0.837805152, 0.837805, 0.837805152)"
"LOD0 Material0","","1","On","0","(4.040812, 11.3710775, 3.93288231)","(1.42138469, 1.42138469, 1.42138469)"
"LOD2 Material1","","1","On","0","(3.79186225, 12.6004124, 4.28170633)","(1.07960677, 1.07960677, 1.07960677)"
"LOD2 Material1","","1","On","0","(4.827286, 11.2048645, 4.709494)","(1.44413912, 1.44413912, 1.44413912)"
"Ground_Moss_ShootMat_03_LOD1_Mesh","Assets/ForestPrototype/Art/SectionFive/Ground_Moss_Shoots_03/FBX/Ground_Moss_ShootMat_03_LOD1.fbx","6","On","0","(0.8999535, 0.0225406289, 0.7243677)","(0.7195629, 0.7195628, 0.7195629)"
"LOD0 Material1","","1","On","0","(4.678025, 11.00943, 4.55290174)","(1.42289209, 1.42289209, 1.42289209)"
"Ground_Moss_ShootMat_03_LOD0_Mesh","Assets/ForestPrototype/Art/SectionFive/Ground_Moss_Shoots_03/FBX/Ground_Moss_ShootMat_03_LOD0.fbx","6","On","0","(1.05762422, 0.0293478072, 1.29518664)","(1.01181734, 1.01181734, 1.01181734)"
"Ground_Moss_ShootMat_03_LOD2_Mesh","Assets/ForestPrototype/Art/SectionFive/Ground_Moss_Shoots_03/FBX/Ground_Moss_ShootMat_03_LOD2.fbx","2","On","0","(1.18121028, 0.0260008425, 1.12971163)","(0.7523304, 0.752330065, 0.7523304)"
"LOD1 Material0","","1","On","0","(3.851962, 11.5302343, 3.747823)","(1.44127929, 1.44127929, 1.44127929)"
"LOD0 Material1","","1","On","0","(4.22201061, 14.1789351, 4.731671)","(1.21229863, 1.21229863, 1.21229863)"
"LOD0 Material0","","1","On","0","(3.48727965, 9.813405, 3.39413452)","(1.22667563, 1.22667563, 1.22667563)"
"LOD1 Material0","","1","On","0","(3.5151608, 10.5220737, 3.42012739)","(1.31525922, 1.31525922, 1.31525922)"
"LOD0 Material1","","1","On","0","(4.071167, 13.6723509, 4.56261826)","(1.16898572, 1.16898572, 1.16898572)"
"Ground_Moss_ShootMat_03_LOD1_Mesh","Assets/ForestPrototype/Art/SectionFive/Ground_Moss_Shoots_03/FBX/Ground_Moss_ShootMat_03_LOD1.fbx","6","On","0","(1.00338864, 0.0227957331, 0.856486559)","(0.7277066, 0.727706552, 0.7277066)"
"LOD2 Material1","","1","On","0","(3.6597755, 12.1614866, 4.132556)","(1.04199946, 1.04199946, 1.04199946)"
"Ground_Moss_ShootMat_03_LOD2_Mesh","Assets/ForestPrototype/Art/SectionFive/Ground_Moss_Shoots_03/FBX/Ground_Moss_ShootMat_03_LOD2.fbx","2","On","0","(1.46716547, 0.0385403633, 1.64653552)","(1.11515915, 1.115159, 1.11515915)"
"LOD1 Material1","","1","On","0","(3.6706996, 8.638755, 3.5725193)","(1.11649883, 1.11649883, 1.11649883)"
"Ground_Moss_ShootMat_03_LOD1_Mesh","Assets/ForestPrototype/Art/SectionFive/Ground_Moss_Shoots_03/FBX/Ground_Moss_ShootMat_03_LOD1.fbx","6","On","0","(1.05176067, 0.0277391188, 1.22778165)","(0.885513842, 0.885513842, 0.885513842)"
"Ground_Moss_ShootMat_03_LOD2_Mesh","Assets/ForestPrototype/Art/SectionFive/Ground_Moss_Shoots_03/FBX/Ground_Moss_ShootMat_03_LOD2.fbx","2","On","0","(1.37414038, 0.0366233625, 1.12636292)","(1.059691, 1.059691, 1.059691)"
"Ground_Moss_ShootMat_03_LOD1_Mesh","Assets/ForestPrototype/Art/SectionFive/Ground_Moss_Shoots_03/FBX/Ground_Moss_ShootMat_03_LOD1.fbx","6","On","0","(1.4746151, 0.02986816, 1.48535228)","(0.9534792, 0.953479052, 0.9534792)"
"Trunk","Library/unity default resources","1","On","1","(0.171802461, 12.9552813, 0.171802491)","(0.171802446, 6.47764063, 0.171802446)"
"Ground_Moss_ShootMat_03_LOD0_Mesh","Assets/ForestPrototype/Art/SectionFive/Ground_Moss_Shoots_03/FBX/Ground_Moss_ShootMat_03_LOD0.fbx","6","On","0","(1.26573777, 0.023851255, 1.27998567)","(0.822314262, 0.822314, 0.822314262)"
"LOD0 Material0","","1","On","0","(3.86540437, 10.87747, 3.76215959)","(1.35968375, 1.35968375, 1.35968375)"
"Ground_Moss_ShootMat_03_LOD1_Mesh","Assets/ForestPrototype/Art/SectionFive/Ground_Moss_Shoots_03/FBX/Ground_Moss_ShootMat_03_LOD1.fbx","6","On","0","(1.10367537, 0.02221411, 1.098389)","(0.709139347, 0.7091394, 0.709139347)"
"Trunk","Library/unity default resources","1","On","1","(0.147577554, 11.2227488, 0.147577569)","(0.147577539, 5.61137438, 0.147577539)"
"Woodland_Rush_Clump_02_LOD1_Foliage","Assets/ForestPrototype/Art/SectionFive/Woodland_Grass_Rush/FBX/Woodland_Rush_Clump_02_LOD1.fbx","3","On","0","(1.351651, 1.09873915, 1.34905517)","(1.00000012, 1, 1.00000012)"
"Ground_Moss_ShootMat_03_LOD2_Mesh","Assets/ForestPrototype/Art/SectionFive/Ground_Moss_Shoots_03/FBX/Ground_Moss_ShootMat_03_LOD2.fbx","2","On","0","(1.20129693, 0.03665374, 1.43123209)","(1.06056988, 1.06056988, 1.06056988)"
"Trunk","Library/unity default resources","1","On","1","(0.1671195, 11.77082, 0.167119533)","(0.167119488, 5.88541, 0.167119488)"
"Ground_Moss_ShootMat_03_LOD2_Mesh","Assets/ForestPrototype/Art/SectionFive/Ground_Moss_Shoots_03/FBX/Ground_Moss_ShootMat_03_LOD2.fbx","2","On","0","(1.28884852, 0.03649332, 1.49195313)","(1.05592811, 1.05592811, 1.05592811)"
"Ground_Moss_ShootMat_03_LOD2_Mesh","Assets/ForestPrototype/Art/SectionFive/Ground_Moss_Shoots_03/FBX/Ground_Moss_ShootMat_03_LOD2.fbx","2","On","0","(1.13988364, 0.0273131728, 1.22310066)","(0.7903021, 0.7903021, 0.7903021)"
"LOD1 Material0","","1","On","0","(3.73990417, 11.1948071, 3.63879466)","(1.39935088, 1.39935088, 1.39935088)"
"Ground_Moss_ShootMat_03_LOD0_Mesh","Assets/ForestPrototype/Art/SectionFive/Ground_Moss_Shoots_03/FBX/Ground_Moss_ShootMat_03_LOD0.fbx","6","On","0","(1.25994587, 0.02738922, 1.054723)","(0.9442915, 0.9442916, 0.9442915)"
"LOD1 Material0","","1","On","0","(3.7450285, 13.3903847, 3.768785)","(1.11586535, 1.11586535, 1.11586535)"
"Ground_Moss_ShootMat_03_LOD1_Mesh","Assets/ForestPrototype/Art/SectionFive/Ground_Moss_Shoots_03/FBX/Ground_Moss_ShootMat_03_LOD1.fbx","6","On","0","(1.71805179, 0.0356512852, 1.77788591)","(1.13809359, 1.13809335, 1.13809359)"
"Ground_Moss_ShootMat_03_LOD1_Mesh","Assets/ForestPrototype/Art/SectionFive/Ground_Moss_Shoots_03/FBX/Ground_Moss_ShootMat_03_LOD1.fbx","6","On","0","(1.23643565, 0.0247823782, 1.20917153)","(0.791126132, 0.7911261, 0.791126132)"
"LOD2 Material0","","1","On","0","(3.71503353, 11.12122, 3.61503983)","(1.39015245, 1.39015245, 1.39015245)"
"Ground_Moss_ShootMat_03_LOD1_Mesh","Assets/ForestPrototype/Art/SectionFive/Ground_Moss_Shoots_03/FBX/Ground_Moss_ShootMat_03_LOD1.fbx","6","On","0","(0.9260187, 0.0263069961, 1.11219323)","(0.839796364, 0.8397963, 0.839796364)"
"LOD2 Material1","","1","On","0","(3.446539, 7.999941, 3.36243916)","(1.0310725, 1.0310725, 1.0310725)"
"Ground_Moss_ShootMat_03_LOD1_Mesh","Assets/ForestPrototype/Art/SectionFive/Ground_Moss_Shoots_03/FBX/Ground_Moss_ShootMat_03_LOD1.fbx","6","On","0","(1.53709626, 0.03342072, 1.6434567)","(1.06688726, 1.06688714, 1.06688726)"
"Ground_Moss_ShootMat_03_LOD0_Mesh","Assets/ForestPrototype/Art/SectionFive/Ground_Moss_Shoots_03/FBX/Ground_Moss_ShootMat_03_LOD0.fbx","6","On","0","(1.03439462, 0.0239516348, 0.83397603)","(0.82577467, 0.8257748, 0.82577467)"
"LOD1 Material1","","1","On","0","(4.42059469, 10.4035845, 4.30235672)","(1.34459078, 1.34459078, 1.34459078)"
"LOD2 Material1","","1","On","0","(3.89475727, 12.9423342, 4.39789343)","(1.10890269, 1.10890269, 1.10890269)"
"Footing Back","Library/unity default resources","1","On","0","(2.4, 0.1, 0.14)","(2.4, 0.1, 0.14)"
"LOD2 Material1","","1","On","0","(3.89758086, 9.046877, 3.802475)","(1.16600692, 1.16600692, 1.16600692)"
"Ground_Moss_ShootMat_03_LOD0_Mesh","Assets/ForestPrototype/Art/SectionFive/Ground_Moss_Shoots_03/FBX/Ground_Moss_ShootMat_03_LOD0.fbx","6","On","0","(1.7446363, 0.0324707143, 1.68235707)","(1.1194849, 1.119485, 1.1194849)"
"LOD2 Material0","","1","On","0","(3.6768117, 11.0068, 3.57784677)","(1.37585, 1.37585, 1.37585)"
"Ground_Moss_ShootMat_03_LOD0_Mesh","Assets/ForestPrototype/Art/SectionFive/Ground_Moss_Shoots_03/FBX/Ground_Moss_ShootMat_03_LOD0.fbx","6","On","0","(1.51307964, 0.0302918479, 1.33732176)","(1.04436481, 1.04436481, 1.04436481)"
"Ground_Moss_ShootMat_03_LOD0_Mesh","Assets/ForestPrototype/Art/SectionFive/Ground_Moss_Shoots_03/FBX/Ground_Moss_ShootMat_03_LOD0.fbx","6","On","0","(1.36978269, 0.025785543, 1.38318944)","(0.889001966, 0.889002, 0.889001966)"
"Ground_Moss_ShootMat_03_LOD1_Mesh","Assets/ForestPrototype/Art/SectionFive/Ground_Moss_Shoots_03/FBX/Ground_Moss_ShootMat_03_LOD1.fbx","6","On","0","(1.28961194, 0.0263048448, 1.31150508)","(0.839727759, 0.83972764, 0.839727759)"
"Trunk","Library/unity default resources","1","On","1","(0.160710946, 11.7076073, 0.160710976)","(0.160710931, 5.85380363, 0.160710931)"
"LOD0 Material0","","1","On","0","(3.745085, 13.3903847, 3.84902072)","(1.11586535, 1.11586535, 1.11586535)"
"LOD2 Material1","","1","On","0","(4.80413771, 11.1511335, 4.68691063)","(1.437214, 1.437214, 1.437214)"
"Ground_Moss_ShootMat_03_LOD2_Mesh","Assets/ForestPrototype/Art/SectionFive/Ground_Moss_Shoots_03/FBX/Ground_Moss_ShootMat_03_LOD2.fbx","2","On","0","(1.16725361, 0.029410528, 1.28539681)","(0.8509888, 0.850988746, 0.8509888)"
"LOD2 Material1","","1","On","0","(4.00187254, 9.288954, 3.90422177)","(1.197207, 1.197207, 1.197207)"
"Trunk","Library/unity default resources","1","On","1","(0.128720552, 9.724202, 0.128720567)","(0.128720537, 4.862101, 0.128720537)"
"Ground_Moss_ShootMat_03_LOD1_Mesh","Assets/ForestPrototype/Art/SectionFive/Ground_Moss_Shoots_03/FBX/Ground_Moss_ShootMat_03_LOD1.fbx","6","On","0","(1.20743608, 0.0286102649, 1.34824884)","(0.913323462, 0.9133234, 0.913323462)"
"LOD1 Material1","","1","On","0","(3.75319052, 12.60448, 4.20625734)","(1.07768273, 1.07768273, 1.07768273)"
"Ground_Moss_ShootMat_03_LOD2_Mesh","Assets/ForestPrototype/Art/SectionFive/Ground_Moss_Shoots_03/FBX/Ground_Moss_ShootMat_03_LOD2.fbx","2","On","0","(1.48613381, 0.0329526365, 1.49688888)","(0.9534792, 0.953479052, 0.9534792)"
"LOD2 Material0","","1","On","0","(3.57201958, 10.6930971, 3.47587538)","(1.33663714, 1.33663714, 1.33663714)"
"Ground_Moss_ShootMat_03_LOD0_Mesh","Assets/ForestPrototype/Art/SectionFive/Ground_Moss_Shoots_03/FBX/Ground_Moss_ShootMat_03_LOD0.fbx","6","On","0","(1.28691554, 0.0243563373, 1.30879879)","(0.839727759, 0.83972764, 0.839727759)"
"LOD1 Material1","","1","On","0","(4.489368, 10.5654373, 4.36929035)","(1.36550915, 1.36550915, 1.36550915)"
"Ground_Moss_ShootMat_03_LOD1_Mesh","Assets/ForestPrototype/Art/SectionFive/Ground_Moss_Shoots_03/FBX/Ground_Moss_ShootMat_03_LOD1.fbx","6","On","0","(1.55900836, 0.0338487625, 1.37200832)","(1.080552, 1.08055162, 1.080552)"
"Ground_Moss_ShootMat_03_LOD2_Mesh","Assets/ForestPrototype/Art/SectionFive/Ground_Moss_Shoots_03/FBX/Ground_Moss_ShootMat_03_LOD2.fbx","2","On","0","(1.6002028, 0.03794661, 1.70664394)","(1.09797907, 1.097979, 1.09797907)"
"Ground_Moss_ShootMat_03_LOD2_Mesh","Assets/ForestPrototype/Art/SectionFive/Ground_Moss_Shoots_03/FBX/Ground_Moss_ShootMat_03_LOD2.fbx","2","On","0","(1.336575, 0.0302154887, 1.37692809)","(0.8742802, 0.874280155, 0.8742802)"
"LOD1 Material0","","1","On","0","(3.803223, 13.5984592, 3.82734871)","(1.13320494, 1.13320494, 1.13320494)"
"LOD1 Material1","","1","On","0","(4.70422268, 11.071084, 4.5783987)","(1.43086052, 1.43086052, 1.43086052)"
"Ground_Moss_ShootMat_03_LOD0_Mesh","Assets/ForestPrototype/Art/SectionFive/Ground_Moss_Shoots_03/FBX/Ground_Moss_ShootMat_03_LOD0.fbx","6","On","0","(1.40096962, 0.0300815329, 1.1816957)","(1.03711379, 1.03711379, 1.03711379)"
"Ground_Moss_ShootMat_03_LOD2_Mesh","Assets/ForestPrototype/Art/SectionFive/Ground_Moss_Shoots_03/FBX/Ground_Moss_ShootMat_03_LOD2.fbx","2","On","0","(1.43035376, 0.03151738, 1.36414981)","(0.9119503, 0.9119501, 0.9119503)"
"LOD1 Material1","","1","On","0","(3.967451, 9.33714, 3.86133337)","(1.20676029, 1.20676029, 1.20676029)"
"Ground_Moss_ShootMat_03_LOD2_Mesh","Assets/ForestPrototype/Art/SectionFive/Ground_Moss_Shoots_03/FBX/Ground_Moss_ShootMat_03_LOD2.fbx","2","On","0","(1.222913, 0.03304756, 1.38908136)","(0.9562257, 0.9562257, 0.9562257)"
"Ground_Moss_ShootMat_03_LOD1_Mesh","Assets/ForestPrototype/Art/SectionFive/Ground_Moss_Shoots_03/FBX/Ground_Moss_ShootMat_03_LOD1.fbx","6","On","0","(1.71854913, 0.03517506, 1.75472236)","(1.122891, 1.12289083, 1.122891)"
"Ground_Moss_ShootMat_03_LOD0_Mesh","Assets/ForestPrototype/Art/SectionFive/Ground_Moss_Shoots_03/FBX/Ground_Moss_ShootMat_03_LOD0.fbx","6","On","0","(1.21920848, 0.0238791388, 1.27885532)","(0.8232754, 0.8232753, 0.8232754)"
"LOD1 Material1","","1","On","0","(4.7506237, 11.1802855, 4.62355852)","(1.44497406, 1.44497406, 1.44497406)"
"LOD2 Material1","","1","On","0","(3.91921186, 13.0235968, 4.425507)","(1.11586535, 1.11586535, 1.11586535)"
"LOD0 Material1","","1","On","0","(4.81788874, 11.3385906, 4.68902445)","(1.46543384, 1.46543384, 1.46543384)"
"LOD0 Material1","","1","On","0","(4.03292656, 9.491232, 3.92505765)","(1.22667563, 1.22667563, 1.22667563)"
"Ground_Moss_ShootMat_03_LOD0_Mesh","Assets/ForestPrototype/Art/SectionFive/Ground_Moss_Shoots_03/FBX/Ground_Moss_ShootMat_03_LOD0.fbx","6","On","0","(1.29552066, 0.0292032138, 1.46274948)","(1.00683248, 1.00683224, 1.00683248)"
"Ground_Moss_ShootMat_03_LOD2_Mesh","Assets/ForestPrototype/Art/SectionFive/Ground_Moss_Shoots_03/FBX/Ground_Moss_ShootMat_03_LOD2.fbx","2","On","0","(1.20717669, 0.03558964, 1.41957331)","(1.02978039, 1.02978027, 1.02978039)"
"Ground_Moss_ShootMat_03_LOD0_Mesh","Assets/ForestPrototype/Art/SectionFive/Ground_Moss_Shoots_03/FBX/Ground_Moss_ShootMat_03_LOD0.fbx","6","On","0","(1.26258445, 0.0240866672, 1.29537177)","(0.830430269, 0.830430269, 0.830430269)"
"LOD1 Material0","","1","On","0","(3.78156066, 11.319499, 3.67932487)","(1.41493738, 1.41493738, 1.41493738)"
"LOD0 Material0","","1","On","0","(3.421724, 9.628928, 3.33033013)","(1.203616, 1.203616, 1.203616)"
"Trunk","Library/unity default resources","1","On","1","(0.156992674, 11.7547207, 0.1569927)","(0.156992659, 5.87736034, 0.156992659)"
"East Ridge","Library/unity default resources","1","On","1","(1, 5, 40)","(1, 5, 40)"
"Trunk","Library/unity default resources","1","On","1","(0.187176064, 13.7484446, 0.1871761)","(0.187176049, 6.87422228, 0.187176049)"
"Ground_Moss_ShootMat_03_LOD1_Mesh","Assets/ForestPrototype/Art/SectionFive/Ground_Moss_Shoots_03/FBX/Ground_Moss_ShootMat_03_LOD1.fbx","6","On","0","(1.47634363, 0.0302506015, 1.367199)","(0.965687752, 0.965687752, 0.965687752)"
"Trunk","Library/unity default resources","1","On","1","(0.206935763, 14.7429562, 0.206935778)","(0.206935734, 7.371478, 0.206935734)"
"LOD2 Material0","","1","On","0","(3.104608, 9.293867, 3.02104449)","(1.16173339, 1.16173339, 1.16173339)"
"Ground_Moss_ShootMat_03_LOD2_Mesh","Assets/ForestPrototype/Art/SectionFive/Ground_Moss_Shoots_03/FBX/Ground_Moss_ShootMat_03_LOD2.fbx","2","On","0","(1.57114184, 0.0346214063, 1.56386793)","(1.00176454, 1.00176466, 1.00176454)"
"LOD1 Material1","","1","On","0","(4.74787855, 11.1738253, 4.620887)","(1.44413912, 1.44413912, 1.44413912)"
"Ground_Moss_ShootMat_03_LOD1_Mesh","Assets/ForestPrototype/Art/SectionFive/Ground_Moss_Shoots_03/FBX/Ground_Moss_ShootMat_03_LOD1.fbx","6","On","0","(1.18236864, 0.0238307863, 1.12324548)","(0.760748446, 0.760748446, 0.760748446)"
"Ground_Moss_ShootMat_03_LOD0_Mesh","Assets/ForestPrototype/Art/SectionFive/Ground_Moss_Shoots_03/FBX/Ground_Moss_ShootMat_03_LOD0.fbx","6","On","0","(1.262968, 0.0267487057, 1.07447934)","(0.9222088, 0.9222087, 0.9222088)"
"LOD1 Material1","","1","On","0","(3.594932, 12.0729942, 4.02889442)","(1.03224075, 1.03224075, 1.03224075)"
"LOD2 Material0","","1","On","0","(3.33836436, 9.993633, 3.24850917)","(1.24920416, 1.24920416, 1.24920416)"
"Stake Right","Library/unity default resources","1","On","0","(0.12, 0.6, 0.12)","(0.12, 0.6, 0.12)"
"LOD0 Material1","","1","On","0","(4.70396137, 11.0704689, 4.578144)","(1.430781, 1.430781, 1.430781)"
"Ground_Moss_ShootMat_03_LOD1_Mesh","Assets/ForestPrototype/Art/SectionFive/Ground_Moss_Shoots_03/FBX/Ground_Moss_ShootMat_03_LOD1.fbx","6","On","0","(1.17223656, 0.0235670768, 1.12082469)","(0.7523304, 0.752330065, 0.7523304)"
"LOD0 Material1","","1","On","0","(3.6706996, 8.638755, 3.5725193)","(1.11649883, 1.11649883, 1.11649883)"
"Ground_Moss_ShootMat_03_LOD2_Mesh","Assets/ForestPrototype/Art/SectionFive/Ground_Moss_Shoots_03/FBX/Ground_Moss_ShootMat_03_LOD2.fbx","2","On","0","(1.61132824, 0.0370742567, 1.45601046)","(1.07273746, 1.07273746, 1.07273746)"
"Ground_Moss_ShootMat_03_LOD1_Mesh","Assets/ForestPrototype/Art/SectionFive/Ground_Moss_Shoots_03/FBX/Ground_Moss_ShootMat_03_LOD1.fbx","6","On","0","(1.39246416, 0.0282673985, 1.40728)","(0.9023783, 0.9023781, 0.9023783)"
"Ground_Moss_ShootMat_03_LOD1_Mesh","Assets/ForestPrototype/Art/SectionFive/Ground_Moss_Shoots_03/FBX/Ground_Moss_ShootMat_03_LOD1.fbx","6","On","0","(1.27485967, 0.0277322344, 1.36345935)","(0.8852941, 0.8852941, 0.8852941)"
"Ground_Moss_ShootMat_03_LOD2_Mesh","Assets/ForestPrototype/Art/SectionFive/Ground_Moss_Shoots_03/FBX/Ground_Moss_ShootMat_03_LOD2.fbx","2","On","0","(1.26687348, 0.03483689, 1.01969934)","(1.0079999, 1.00799954, 1.0079999)"
"Trunk","Library/unity default resources","1","On","1","(0.190240219, 13.3784218, 0.190240234)","(0.190240189, 6.689211, 0.190240189)"
"Ground_Moss_ShootMat_03_LOD1_Mesh","Assets/ForestPrototype/Art/SectionFive/Ground_Moss_Shoots_03/FBX/Ground_Moss_ShootMat_03_LOD1.fbx","6","On","0","(1.638052, 0.0350016877, 1.73257458)","(1.1173563, 1.1173563, 1.1173563)"
"Ground_Moss_ShootMat_03_LOD1_Mesh","Assets/ForestPrototype/Art/SectionFive/Ground_Moss_Shoots_03/FBX/Ground_Moss_ShootMat_03_LOD1.fbx","6","On","0","(1.03343856, 0.0254612286, 0.8398709)","(0.81279695, 0.81279695, 0.81279695)"
"Ground_Moss_ShootMat_03_LOD2_Mesh","Assets/ForestPrototype/Art/SectionFive/Ground_Moss_Shoots_03/FBX/Ground_Moss_ShootMat_03_LOD2.fbx","2","On","0","(1.2159313, 0.033479467, 0.977960348)","(0.9687228, 0.9687228, 0.9687228)"
"LOD2 Material0","","1","On","0","(3.514002, 12.56502, 3.53658271)","(1.04708493, 1.04708493, 1.04708493)"
"LOD1 Material1","","1","On","0","(3.73332357, 12.53776, 4.18399239)","(1.07197821, 1.07197821, 1.07197821)"
"LOD0 Material1","","1","On","0","(4.423419, 10.4102306, 4.30510569)","(1.34544981, 1.34544981, 1.34544981)"
"LOD1 Material0","","1","On","0","(3.67709565, 11.0068, 3.57768416)","(1.37585, 1.37585, 1.37585)"
"Ground_Moss_ShootMat_03_LOD1_Mesh","Assets/ForestPrototype/Art/SectionFive/Ground_Moss_Shoots_03/FBX/Ground_Moss_ShootMat_03_LOD1.fbx","6","On","0","(1.23078477, 0.035384994, 1.48486984)","(1.12959254, 1.12959254, 1.12959254)"
"Ground_Moss_ShootMat_03_LOD1_Mesh","Assets/ForestPrototype/Art/SectionFive/Ground_Moss_Shoots_03/FBX/Ground_Moss_ShootMat_03_LOD1.fbx","6","On","0","(1.33307076, 0.02752617, 1.37335491)","(0.8787159, 0.878715932, 0.8787159)"
"Ground_Moss_ShootMat_03_LOD2_Mesh","Assets/ForestPrototype/Art/SectionFive/Ground_Moss_Shoots_03/FBX/Ground_Moss_ShootMat_03_LOD2.fbx","2","On","0","(1.52738357, 0.0335174352, 1.49438357)","(0.969821453, 0.969821453, 0.969821453)"
"LOD1 Material1","","1","On","0","(3.71957874, 12.4916, 4.168588)","(1.06803155, 1.06803155, 1.06803155)"
"Trunk","Library/unity default resources","1","On","1","(0.199059263, 13.8499079, 0.199059278)","(0.199059233, 6.924954, 0.199059233)"
"Ground_Moss_ShootMat_03_LOD2_Mesh","Assets/ForestPrototype/Art/SectionFive/Ground_Moss_Shoots_03/FBX/Ground_Moss_ShootMat_03_LOD2.fbx","2","On","0","(1.30969858, 0.03055437, 1.3825016)","(0.8840856, 0.8840856, 0.8840856)"
"Ground_Moss_ShootMat_03_LOD1_Mesh","Assets/ForestPrototype/Art/SectionFive/Ground_Moss_Shoots_03/FBX/Ground_Moss_ShootMat_03_LOD1.fbx","6","On","0","(1.383842, 0.031150572, 1.50794)","(0.994417548, 0.9944174, 0.994417548)"
"LOD2 Material0","","1","On","0","(3.96103334, 14.1634693, 3.986487)","(1.18028915, 1.18028915, 1.18028915)"
"LOD0 Material0","","1","On","0","(3.6430552, 13.0255814, 3.74415922)","(1.08546507, 1.08546507, 1.08546507)"
"Ground_Moss_ShootMat_03_LOD1_Mesh","Assets/ForestPrototype/Art/SectionFive/Ground_Moss_Shoots_03/FBX/Ground_Moss_ShootMat_03_LOD1.fbx","6","On","0","(1.46772289, 0.03241922, 1.27621794)","(1.0349164, 1.0349164, 1.0349164)"
"Trunk","Library/unity default resources","1","On","1","(0.115327515, 9.538541, 0.11532753)","(0.1153275, 4.76927042, 0.1153275)"
"LOD0 Material0","","1","On","0","(3.616936, 12.9321928, 3.7173152)","(1.07768273, 1.07768273, 1.07768273)"
"Ground_Moss_ShootMat_03_LOD0_Mesh","Assets/ForestPrototype/Art/SectionFive/Ground_Moss_Shoots_03/FBX/Ground_Moss_ShootMat_03_LOD0.fbx","6","On","0","(1.13789284, 0.02461087, 1.26130724)","(0.848503, 0.848503053, 0.848503)"
"Woodland_Grass_Tuft_02_LOD1_Foliage","Assets/ForestPrototype/Art/SectionFive/Woodland_Grass_Rush/FBX/Woodland_Grass_Tuft_02_LOD1.fbx","2","On","0","(1.2734462, 0.5480057, 1.121842)","(1.06000006, 1.06000006, 1.06000006)"
"LOD1 Material0","","1","On","0","(3.94540262, 14.1068249, 3.97043037)","(1.1755687, 1.1755687, 1.1755687)"
"Ground_Moss_ShootMat_03_LOD0_Mesh","Assets/ForestPrototype/Art/SectionFive/Ground_Moss_Shoots_03/FBX/Ground_Moss_ShootMat_03_LOD0.fbx","6","On","0","(1.59731412, 0.02984333, 1.52051473)","(1.02890146, 1.02890134, 1.02890146)"
"Ground_Moss_ShootMat_03_LOD1_Mesh","Assets/ForestPrototype/Art/SectionFive/Ground_Moss_Shoots_03/FBX/Ground_Moss_ShootMat_03_LOD1.fbx","6","On","0","(1.00880718, 0.032452777, 1.26879179)","(1.0359875, 1.03598762, 1.0359875)"
"Ground_Moss_ShootMat_03_LOD2_Mesh","Assets/ForestPrototype/Art/SectionFive/Ground_Moss_Shoots_03/FBX/Ground_Moss_ShootMat_03_LOD2.fbx","2","On","0","(1.3697412, 0.0357381962, 1.53264368)","(1.03407872, 1.03407872, 1.03407872)"
"LOD0 Material1","","1","On","0","(4.502539, 10.5964355, 4.38210964)","(1.36951542, 1.36951542, 1.36951542)"
"LOD2 Material1","","1","On","0","(3.81385541, 8.852538, 3.72079253)","(1.1409595, 1.1409595, 1.1409595)"
"Ground_Moss_ShootMat_03_LOD1_Mesh","Assets/ForestPrototype/Art/SectionFive/Ground_Moss_Shoots_03/FBX/Ground_Moss_ShootMat_03_LOD1.fbx","6","On","0","(1.04701471, 0.03147408, 1.284303)","(1.00474489, 1.00474477, 1.00474489)"
"Ground_Moss_ShootMat_03_LOD0_Mesh","Assets/ForestPrototype/Art/SectionFive/Ground_Moss_Shoots_03/FBX/Ground_Moss_ShootMat_03_LOD0.fbx","6","On","0","(1.11717165, 0.0209311, 1.05699778)","(0.721636534, 0.721636534, 0.721636534)"
"LOD2 Material0","","1","On","0","(3.45173264, 12.3423634, 3.47391343)","(1.02853024, 1.02853024, 1.02853024)"
"LOD1 Material1","","1","On","0","(4.78545046, 11.262249, 4.657454)","(1.45556724, 1.45556724, 1.45556724)"
"Ground_Moss_ShootMat_03_LOD1_Mesh","Assets/ForestPrototype/Art/SectionFive/Ground_Moss_Shoots_03/FBX/Ground_Moss_ShootMat_03_LOD1.fbx","6","On","0","(1.35042214, 0.0272529963, 1.35171366)","(0.869995356, 0.8699954, 0.869995356)"
"Trunk","Library/unity default resources","1","On","1","(0.191994771, 13.8495569, 0.191994786)","(0.191994742, 6.92477846, 0.191994742)"
"LOD0 Material1","","1","On","0","(4.2373805, 14.2305536, 4.7488966)","(1.216712, 1.216712, 1.216712)"
"Ground_Moss_ShootMat_03_LOD2_Mesh","Assets/ForestPrototype/Art/SectionFive/Ground_Moss_Shoots_03/FBX/Ground_Moss_ShootMat_03_LOD2.fbx","2","On","0","(1.00970638, 0.025525745, 1.11365986)","(0.7385832, 0.7385832, 0.7385832)"
"Ground_Moss_ShootMat_03_LOD2_Mesh","Assets/ForestPrototype/Art/SectionFive/Ground_Moss_Shoots_03/FBX/Ground_Moss_ShootMat_03_LOD2.fbx","2","On","0","(1.527358, 0.0360936858, 1.351224)","(1.04436481, 1.04436481, 1.04436481)"
"LOD2 Material0","","1","On","0","(3.824618, 11.4492693, 3.721675)","(1.43115866, 1.43115866, 1.43115866)"
"Ground_Moss_ShootMat_03_LOD1_Mesh","Assets/ForestPrototype/Art/SectionFive/Ground_Moss_Shoots_03/FBX/Ground_Moss_ShootMat_03_LOD1.fbx","6","On","0","(1.58627033, 0.03386167, 1.67671132)","(1.08096373, 1.08096361, 1.08096373)"
"Ground_Moss_ShootMat_03_LOD0_Mesh","Assets/ForestPrototype/Art/SectionFive/Ground_Moss_Shoots_03/FBX/Ground_Moss_ShootMat_03_LOD0.fbx","6","On","0","(1.18755388, 0.02227865, 1.12083733)","(0.7680956, 0.7680957, 0.7680956)"
"LOD2 Material0","","1","On","0","(3.54309845, 10.60652, 3.44773269)","(1.325815, 1.325815, 1.325815)"
"LOD1 Material1","","1","On","0","(4.05921841, 9.553108, 3.95064616)","(1.23467267, 1.23467267, 1.23467267)"
"LOD2 Material0","","1","On","0","(3.92665386, 11.7547207, 3.82096434)","(1.46934009, 1.46934009, 1.46934009)"
"LOD0 Material0","","1","On","0","(3.052516, 8.589955, 2.97098351)","(1.07374442, 1.07374442, 1.07374442)"
"LOD1 Material1","","1","On","0","(3.69047952, 12.3938751, 4.13597631)","(1.059676, 1.059676, 1.059676)"
"Trunk","Library/unity default resources","1","On","1","(0.150395647, 11.0115881, 0.150395662)","(0.150395632, 5.505794, 0.150395632)"
"Ground_Moss_ShootMat_03_LOD0_Mesh","Assets/ForestPrototype/Art/SectionFive/Ground_Moss_Shoots_03/FBX/Ground_Moss_ShootMat_03_LOD0.fbx","6","On","0","(1.59489584, 0.0308459271, 1.65677166)","(1.0634675, 1.06346762, 1.0634675)"
"Trunk","Library/unity default resources","1","On","1","(0.146099046, 11.2063751, 0.146099061)","(0.146099031, 5.60318756, 0.146099031)"
"Ground_Moss_ShootMat_03_LOD0_Mesh","Assets/ForestPrototype/Art/SectionFive/Ground_Moss_Shoots_03/FBX/Ground_Moss_ShootMat_03_LOD0.fbx","6","On","0","(1.11748958, 0.0293382462, 1.340454)","(1.01148784, 1.01148772, 1.01148784)"
"LOD0 Material1","","1","On","0","(4.202807, 14.1144438, 4.71014929)","(1.20678461, 1.20678461, 1.20678461)"
"Ground_Moss_ShootMat_03_LOD0_Mesh","Assets/ForestPrototype/Art/SectionFive/Ground_Moss_Shoots_03/FBX/Ground_Moss_ShootMat_03_LOD0.fbx","6","On","0","(1.24048686, 0.0302663557, 1.446698)","(1.043486, 1.04348588, 1.043486)"
"Ground_Moss_ShootMat_03_LOD1_Mesh","Assets/ForestPrototype/Art/SectionFive/Ground_Moss_Shoots_03/FBX/Ground_Moss_ShootMat_03_LOD1.fbx","6","On","0","(0.900224149, 0.0222644415, 1.02398252)","(0.7107463, 0.710746169, 0.7107463)"
"LOD2 Material0","","1","On","0","(2.55034828, 7.634651, 2.48170352)","(0.9543314, 0.9543314, 0.9543314)"
"LOD1 Material1","","1","On","0","(3.6523385, 12.2657843, 4.09323072)","(1.04872429, 1.04872429, 1.04872429)"
"Ground_Moss_ShootMat_03_LOD0_Mesh","Assets/ForestPrototype/Art/SectionFive/Ground_Moss_Shoots_03/FBX/Ground_Moss_ShootMat_03_LOD0.fbx","6","On","0","(0.8343842, 0.0235198438, 1.02777374)","(0.8108881, 0.810888052, 0.8108881)"
"LOD0 Material0","","1","On","0","(4.09737, 11.5302343, 3.98792934)","(1.44127929, 1.44127929, 1.44127929)"
"Bracken_Clump_01_LOD1_Mesh","Assets/ForestPrototype/Art/SectionFive/Woodland_Assets/Bracken_Clump_01/Bracken_Clump_01_LOD1.fbx","2","On","0","(1.48116112, 0.896651745, 1.47038746)","(0.880000234, 0.88, 0.880000234)"
"Ground_Moss_ShootMat_03_LOD0_Mesh","Assets/ForestPrototype/Art/SectionFive/Ground_Moss_Shoots_03/FBX/Ground_Moss_ShootMat_03_LOD0.fbx","6","On","0","(1.5453198, 0.0300775487, 1.39716434)","(1.03697658, 1.03697646, 1.03697658)"
"LOD1 Material1","","1","On","0","(3.575751, 8.415299, 3.48011041)","(1.08761883, 1.08761883, 1.08761883)"
"Ground_Moss_ShootMat_03_LOD0_Mesh","Assets/ForestPrototype/Art/SectionFive/Ground_Moss_Shoots_03/FBX/Ground_Moss_ShootMat_03_LOD0.fbx","6","On","0","(1.57310414, 0.0293414351, 1.56036675)","(1.01159763, 1.01159763, 1.01159763)"
"LOD0 Material1","","1","On","0","(4.14290953, 13.9132881, 4.643021)","(1.1895858, 1.1895858, 1.1895858)"
"LOD2 Material1","","1","On","0","(4.234295, 9.828442, 4.130973)","(1.26673889, 1.26673889, 1.26673889)"
"Trunk","Library/unity default resources","1","On","1","(0.169230953, 12.4711418, 0.169230983)","(0.169230938, 6.235571, 0.169230938)"
"Dirt Path 02","Library/unity default resources","1","Off","0","(2.60723853, 0.012, 1.81451344)","(2.60000014, 0.012, 0.667037)"
"Ground_Moss_ShootMat_03_LOD0_Mesh","Assets/ForestPrototype/Art/SectionFive/Ground_Moss_Shoots_03/FBX/Ground_Moss_ShootMat_03_LOD0.fbx","6","On","0","(1.19723725, 0.0239464547, 1.05889893)","(0.8255962, 0.8255962, 0.8255962)"
"LOD1 Material1","","1","On","0","(3.619384, 12.1551123, 4.05629826)","(1.03926182, 1.03926182, 1.03926182)"
"LOD1 Material0","","1","On","0","(3.48597741, 12.4641457, 3.50809073)","(1.03867877, 1.03867877, 1.03867877)"
"Ground_Moss_ShootMat_03_LOD2_Mesh","Assets/ForestPrototype/Art/SectionFive/Ground_Moss_Shoots_03/FBX/Ground_Moss_ShootMat_03_LOD2.fbx","2","On","0","(1.56903553, 0.0371478237, 1.67178559)","(1.074866, 1.074866, 1.074866)"
"Ground_Moss_ShootMat_03_LOD0_Mesh","Assets/ForestPrototype/Art/SectionFive/Ground_Moss_Shoots_03/FBX/Ground_Moss_ShootMat_03_LOD0.fbx","6","On","0","(1.18212, 0.0223340169, 1.10336232)","(0.7700047, 0.7700046, 0.7700047)"
"LOD1 Material1","","1","On","0","(3.13754368, 7.3840065, 3.05362368)","(0.9543314, 0.9543314, 0.9543314)"
"Ground_Moss_ShootMat_03_LOD0_Mesh","Assets/ForestPrototype/Art/SectionFive/Ground_Moss_Shoots_03/FBX/Ground_Moss_ShootMat_03_LOD0.fbx","6","On","0","(1.34761631, 0.0252342559, 1.34890723)","(0.869995356, 0.8699954, 0.869995356)"
"LOD1 Material1","","1","On","0","(4.495269, 10.5793257, 4.375034)","(1.36730409, 1.36730409, 1.36730409)"
"LOD1 Material1","","1","On","0","(3.48495269, 8.20161152, 3.39174056)","(1.06000113, 1.06000113, 1.06000113)"
"Ground_Moss_ShootMat_03_LOD2_Mesh","Assets/ForestPrototype/Art/SectionFive/Ground_Moss_Shoots_03/FBX/Ground_Moss_ShootMat_03_LOD2.fbx","2","On","0","(1.75772226, 0.0389039256, 1.76519537)","(1.12567854, 1.12567866, 1.12567854)"
"LOD0 Material1","","1","On","0","(3.53862262, 8.32792, 3.443975)","(1.07632565, 1.07632565, 1.07632565)"
"LOD1 Material1","","1","On","0","(4.70684147, 11.0772476, 4.5809474)","(1.43165708, 1.43165708, 1.43165708)"
"LOD0 Material0","","1","On","0","(2.799097, 7.87681961, 2.72433329)","(0.984602451, 0.984602451, 0.984602451)"
"Woodland_Grass_Tuft_02_LOD0_Foliage","Assets/ForestPrototype/Art/SectionFive/Woodland_Grass_Rush/FBX/Woodland_Grass_Tuft_02_LOD0.fbx","2","On","0","(1.29342508, 0.5479008, 1.276321)","(1.06000006, 1.06000006, 1.06000006)"
"LOD1 Material0","","1","On","0","(3.70814776, 13.2585163, 3.73167038)","(1.1048764, 1.1048764, 1.1048764)"
"LOD2 Material0","","1","On","0","(3.71676326, 13.2900324, 3.74064684)","(1.1075027, 1.1075027, 1.1075027)"
"LOD0 Material1","","1","On","0","(3.515179, 11.8051567, 3.93951416)","(1.00934064, 1.00934064, 1.00934064)"
"LOD1 Material1","","1","On","0","(4.66707945, 10.98367, 4.54224873)","(1.41956282, 1.41956282, 1.41956282)"
"LOD0 Material1","","1","On","0","(4.495269, 10.5793257, 4.375034)","(1.36730409, 1.36730409, 1.36730409)"
"Ground_Moss_ShootMat_03_LOD2_Mesh","Assets/ForestPrototype/Art/SectionFive/Ground_Moss_Shoots_03/FBX/Ground_Moss_ShootMat_03_LOD2.fbx","2","On","0","(1.24169135, 0.029591836, 1.32818842)","(0.8562349, 0.856234848, 0.8562349)"
"Trunk","Library/unity default resources","1","On","1","(0.124299042, 10.2924223, 0.124299057)","(0.124299027, 5.146211, 0.124299027)"
"Ground_Moss_ShootMat_03_LOD2_Mesh","Assets/ForestPrototype/Art/SectionFive/Ground_Moss_Shoots_03/FBX/Ground_Moss_ShootMat_03_LOD2.fbx","2","On","0","(1.39172554, 0.03085528, 1.31090224)","(0.8927924, 0.8927924, 0.8927924)"
"LOD2 Material1","","1","On","0","(4.23685169, 9.834376, 4.133467)","(1.26750374, 1.26750374, 1.26750374)"
"Trunk","Library/unity default resources","1","On","1","(0.1999745, 14.8572416, 0.199974522)","(0.199974477, 7.428621, 0.199974477)"
"LOD2 Material1","","1","On","0","(3.94959879, 9.16762, 3.8532238)","(1.18156874, 1.18156874, 1.18156874)"
"Ground_Moss_ShootMat_03_LOD1_Mesh","Assets/ForestPrototype/Art/SectionFive/Ground_Moss_Shoots_03/FBX/Ground_Moss_ShootMat_03_LOD1.fbx","6","On","0","(0.96203053, 0.0237641055, 1.09372854)","(0.758619845, 0.7586198, 0.758619845)"
"Ground_Moss_ShootMat_03_LOD0_Mesh","Assets/ForestPrototype/Art/SectionFive/Ground_Moss_Shoots_03/FBX/Ground_Moss_ShootMat_03_LOD0.fbx","6","On","0","(1.33393776, 0.0289255772, 1.11836171)","(0.997260332, 0.9972602, 0.997260332)"
"LOD0 Material1","","1","On","0","(3.89994574, 9.17827, 3.79563379)","(1.18622756, 1.18622756, 1.18622756)"
"Trunk","Library/unity default resources","1","On","1","(0.178213224, 12.5951014, 0.178213254)","(0.178213209, 6.29755068, 0.178213209)"
"Ground_Moss_ShootMat_03_LOD0_Mesh","Assets/ForestPrototype/Art/SectionFive/Ground_Moss_Shoots_03/FBX/Ground_Moss_ShootMat_03_LOD0.fbx","6","On","0","(1.43396091, 0.0273860339, 1.32079625)","(0.9441817, 0.94418174, 0.9441817)"
"LOD1 Material0","","1","On","0","(3.964594, 11.86738, 3.85740972)","(1.48342252, 1.48342252, 1.48342252)"
"LOD0 Material1","","1","On","0","(3.513829, 11.8006229, 3.93800116)","(1.008953, 1.008953, 1.008953)"
"Ground_Moss_ShootMat_03_LOD1_Mesh","Assets/ForestPrototype/Art/SectionFive/Ground_Moss_Shoots_03/FBX/Ground_Moss_ShootMat_03_LOD1.fbx","6","On","0","(1.70863438, 0.03442437, 1.6246357)","(1.09892654, 1.09892654, 1.09892654)"
"LOD0 Material0","","1","On","0","(4.23694229, 15.1489983, 4.354528)","(1.26241648, 1.26241648, 1.26241648)"
"Ground_Moss_ShootMat_03_LOD0_Mesh","Assets/ForestPrototype/Art/SectionFive/Ground_Moss_Shoots_03/FBX/Ground_Moss_ShootMat_03_LOD0.fbx","6","On","0","(0.886620045, 0.02032763, 1.00829268)","(0.700831, 0.7008308, 0.700831)"
"Ground_Moss_ShootMat_03_LOD0_Mesh","Assets/ForestPrototype/Art/SectionFive/Ground_Moss_Shoots_03/FBX/Ground_Moss_ShootMat_03_LOD0.fbx","6","On","0","(1.52517855, 0.0307045188, 1.34251547)","(1.05859232, 1.05859232, 1.05859232)"
"Dirt Path 25","Library/unity default resources","1","Off","0","(2.66825271, 0.012, 1.08915114)","(2.6, 0.012, 0.60916)"
"LOD2 Material0","","1","On","0","(3.28995061, 9.848703, 3.20139837)","(1.23108792, 1.23108792, 1.23108792)"
"LOD1 Material0","","1","On","0","(3.61916423, 12.9403553, 3.64212227)","(1.078363, 1.078363, 1.078363)"
"LOD0 Material1","","1","On","0","(3.677617, 12.3506784, 4.12156057)","(1.05598271, 1.05598271, 1.05598271)"
"Foundation Marker","Library/unity default resources","1","On","0","(1.4, 0.1, 1.2)","(1.4, 0.1, 1.2)"
"Trunk","Library/unity default resources","1","On","1","(0.153915942, 10.952199, 0.153915957)","(0.153915927, 5.47609949, 0.153915927)"
"LOD2 Material1","","1","On","0","(3.52959681, 11.7289, 3.98556042)","(1.00493538, 1.00493538, 1.00493538)"
"Ground_Moss_ShootMat_03_LOD1_Mesh","Assets/ForestPrototype/Art/SectionFive/Ground_Moss_Shoots_03/FBX/Ground_Moss_ShootMat_03_LOD1.fbx","6","On","0","(1.34853792, 0.03171714, 1.126651)","(1.012504, 1.012504, 1.012504)"
"LOD1 Material0","","1","On","0","(3.77900529, 13.5118694, 3.80297732)","(1.12598908, 1.12598908, 1.12598908)"
"LOD2 Material0","","1","On","0","(3.248361, 9.724202, 3.16092849)","(1.21552527, 1.21552527, 1.21552527)"
"Ground_Moss_ShootMat_03_LOD2_Mesh","Assets/ForestPrototype/Art/SectionFive/Ground_Moss_Shoots_03/FBX/Ground_Moss_ShootMat_03_LOD2.fbx","2","On","0","(0.8632008, 0.0262381528, 1.02695215)","(0.7591966, 0.7591966, 0.7591966)"
"Ground_Moss_ShootMat_03_LOD1_Mesh","Assets/ForestPrototype/Art/SectionFive/Ground_Moss_Shoots_03/FBX/Ground_Moss_ShootMat_03_LOD1.fbx","6","On","0","(1.00745583, 0.03135578, 1.25175178)","(1.00096834, 1.00096822, 1.00096834)"
"LOD1 Material0","","1","On","0","(3.29440284, 9.86127, 3.20533752)","(1.23265874, 1.23265874, 1.23265874)"
"Trunk","Library/unity default resources","1","On","1","(0.1181243, 8.803705, 0.118124314)","(0.118124284, 4.40185261, 0.118124284)"
"Ground_Moss_ShootMat_03_LOD2_Mesh","Assets/ForestPrototype/Art/SectionFive/Ground_Moss_Shoots_03/FBX/Ground_Moss_ShootMat_03_LOD2.fbx","2","On","0","(1.44029462, 0.035256926, 1.24359441)","(1.02015328, 1.02015328, 1.02015328)"
"Ground_Moss_ShootMat_03_LOD1_Mesh","Assets/ForestPrototype/Art/SectionFive/Ground_Moss_Shoots_03/FBX/Ground_Moss_ShootMat_03_LOD1.fbx","6","On","0","(1.37909007, 0.0276397411, 1.347171)","(0.882341444, 0.882341444, 0.882341444)"
"Trunk","Library/unity default resources","1","On","1","(0.185093239, 13.2475452, 0.185093269)","(0.185093224, 6.62377262, 0.185093224)"
"LOD1 Material1","","1","On","0","(3.6319294, 12.1972437, 4.07035828)","(1.04286408, 1.04286408, 1.04286408)"
"Trunk","Library/unity default resources","1","On","1","(0.148429289, 11.8026152, 0.1484293)","(0.148429275, 5.90130758, 0.148429275)"
"LOD2 Material1","","1","On","0","(3.86923146, 12.8575115, 4.36907)","(1.1016351, 1.1016351, 1.1016351)"
"LOD1 Material0","","1","On","0","(3.61688137, 12.9321928, 3.63982487)","(1.07768273, 1.07768273, 1.07768273)"
"LOD0 Material0","","1","On","0","(3.49982333, 9.848703, 3.406343)","(1.23108792, 1.23108792, 1.23108792)"
"Ground_Moss_ShootMat_03_LOD1_Mesh","Assets/ForestPrototype/Art/SectionFive/Ground_Moss_Shoots_03/FBX/Ground_Moss_ShootMat_03_LOD1.fbx","6","On","0","(1.11362255, 0.0231975373, 1.15616441)","(0.740533352, 0.7405333, 0.740533352)"
"Ground_Moss_ShootMat_03_LOD2_Mesh","Assets/ForestPrototype/Art/SectionFive/Ground_Moss_Shoots_03/FBX/Ground_Moss_ShootMat_03_LOD2.fbx","2","On","0","(1.32504964, 0.0298073143, 1.22395635)","(0.8624697, 0.8624697, 0.8624697)"
"LOD1 Material1","","1","On","0","(3.65535951, 12.27593, 4.09661674)","(1.04959178, 1.04959178, 1.04959178)"
"Ground_Moss_ShootMat_03_LOD2_Mesh","Assets/ForestPrototype/Art/SectionFive/Ground_Moss_Shoots_03/FBX/Ground_Moss_ShootMat_03_LOD2.fbx","2","On","0","(1.2091974, 0.0272780489, 1.11347163)","(0.789285839, 0.789285839, 0.789285839)"
"Trunk","Library/unity default resources","1","On","1","(0.124412961, 9.960662, 0.124412976)","(0.124412946, 4.980331, 0.124412946)"
"Ground_Moss_ShootMat_03_LOD1_Mesh","Assets/ForestPrototype/Art/SectionFive/Ground_Moss_Shoots_03/FBX/Ground_Moss_ShootMat_03_LOD1.fbx","6","On","0","(1.213803, 0.0243663788, 1.19838023)","(0.7778462, 0.777846158, 0.7778462)"
"LOD1 Material1","","1","On","0","(4.751702, 11.1828232, 4.62460756)","(1.445302, 1.445302, 1.445302)"
"LOD0 Material1","","1","On","0","(4.356562, 10.2528877, 4.240037)","(1.32511437, 1.32511437, 1.32511437)"
"Ground_Moss_ShootMat_03_LOD1_Mesh","Assets/ForestPrototype/Art/SectionFive/Ground_Moss_Shoots_03/FBX/Ground_Moss_ShootMat_03_LOD1.fbx","6","On","0","(0.9300168, 0.0278509688, 1.13918364)","(0.8890846, 0.889084458, 0.8890846)"
"LOD2 Material1","","1","On","0","(4.92871952, 11.4403076, 4.80845261)","(1.47448421, 1.47448421, 1.47448421)"
"LOD2 Material1","","1","On","0","(3.9501822, 13.1265125, 4.46047831)","(1.12468314, 1.12468314, 1.12468314)"
"LOD2 Material1","","1","On","0","(4.073663, 13.5368414, 4.59991074)","(1.15984023, 1.15984023, 1.15984023)"
"LOD2 Material1","","1","On","0","(3.65965152, 12.1610746, 4.13241625)","(1.04196417, 1.04196417, 1.04196417)"
"LOD0 Material0","","1","On","0","(4.05022955, 14.4814148, 4.162634)","(1.20678461, 1.20678461, 1.20678461)"
"Trunk","Library/unity default resources","1","On","1","(0.144496262, 10.8575907, 0.144496277)","(0.144496247, 5.42879534, 0.144496247)"
"LOD1 Material0","","1","On","0","(3.47121239, 12.4113522, 3.493232)","(1.03427935, 1.03427935, 1.03427935)"
"LOD1 Material0","","1","On","0","(4.00411272, 11.985673, 3.8958602)","(1.49820912, 1.49820912, 1.49820912)"
"Trunk","Library/unity default resources","1","On","1","(0.124577671, 9.316756, 0.124577686)","(0.124577656, 4.658378, 0.124577656)"
"Ground_Moss_ShootMat_03_LOD2_Mesh","Assets/ForestPrototype/Art/SectionFive/Ground_Moss_Shoots_03/FBX/Ground_Moss_ShootMat_03_LOD2.fbx","2","On","0","(1.32390547, 0.0291219577, 1.31136465)","(0.8426392, 0.842639, 0.8426392)"
"LOD2 Material0","","1","On","0","(3.00332737, 8.990676, 2.92249)","(1.12383449, 1.12383449, 1.12383449)"
"LOD0 Material1","","1","On","0","(4.11235762, 13.8106842, 4.60878134)","(1.18081319, 1.18081319, 1.18081319)"
"Frame Rail Right","Library/unity default resources","1","On","0","(0.14, 0.12, 0.94)","(0.14, 0.12, 0.94)"
"Ground_Moss_ShootMat_03_LOD1_Mesh","Assets/ForestPrototype/Art/SectionFive/Ground_Moss_Shoots_03/FBX/Ground_Moss_ShootMat_03_LOD1.fbx","6","On","0","(1.33614111, 0.0267776288, 1.30358279)","(0.854820251, 0.8548203, 0.854820251)"
"LOD0 Material1","","1","On","0","(4.646114, 10.934329, 4.521844)","(1.41318583, 1.41318583, 1.41318583)"
"LOD1 Material1","","1","On","0","(3.582971, 12.0328255, 4.01549)","(1.02880633, 1.02880633, 1.02880633)"
"LOD0 Material0","","1","On","0","(3.968935, 11.1688108, 3.86292481)","(1.39610136, 1.39610136, 1.39610136)"
"Ground_Moss_ShootMat_03_LOD0_Mesh","Assets/ForestPrototype/Art/SectionFive/Ground_Moss_Shoots_03/FBX/Ground_Moss_ShootMat_03_LOD0.fbx","6","On","0","(1.29124069, 0.0289263744, 1.45401013)","(0.997287631, 0.9972877, 0.997287631)"
"LOD2 Material0","","1","On","0","(3.94829488, 11.8195047, 3.842023)","(1.47743809, 1.47743809, 1.47743809)"
"LOD1 Material0","","1","On","0","(2.9175, 8.733071, 2.83862448)","(1.09163392, 1.09163392, 1.09163392)"
"Woodland_Rush_Clump_02_LOD0_Foliage","Assets/ForestPrototype/Art/SectionFive/Woodland_Grass_Rush/FBX/Woodland_Rush_Clump_02_LOD0.fbx","3","On","0","(1.48651767, 1.09843373, 1.48108053)","(1.00000012, 1, 1.00000012)"
"LOD0 Material0","","1","On","0","(4.12337875, 14.7429562, 4.23781252)","(1.22857964, 1.22857964, 1.22857964)"
"LOD0 Material0","","1","On","0","(3.887068, 10.9384327, 3.78324461)","(1.36730409, 1.36730409, 1.36730409)"
"Ground_Moss_ShootMat_03_LOD0_Mesh","Assets/ForestPrototype/Art/SectionFive/Ground_Moss_Shoots_03/FBX/Ground_Moss_ShootMat_03_LOD0.fbx","6","On","0","(1.29983556, 0.0288897287, 1.07366335)","(0.9960242, 0.996024251, 0.9960242)"
"LOD0 Material0","","1","On","0","(3.78040934, 13.5166836, 3.88532519)","(1.12639034, 1.12639034, 1.12639034)"
"LOD0 Material0","","1","On","0","(4.1055, 11.553113, 3.99584246)","(1.44413912, 1.44413912, 1.44413912)"
"LOD2 Material1","","1","On","0","(4.702591, 10.9154282, 4.58784151)","(1.40683508, 1.40683508, 1.40683508)"
"Ground_Moss_ShootMat_03_LOD2_Mesh","Assets/ForestPrototype/Art/SectionFive/Ground_Moss_Shoots_03/FBX/Ground_Moss_ShootMat_03_LOD2.fbx","2","On","0","(1.2770822, 0.0280236825, 1.24882913)","(0.810860634, 0.8108606, 0.810860634)"
"Trunk","Library/unity default resources","1","On","1","(0.183719471, 13.2282543, 0.1837195)","(0.183719456, 6.614127, 0.183719456)"
"LOD1 Material0","","1","On","0","(3.73325348, 13.3482828, 3.75693536)","(1.1123569, 1.1123569, 1.1123569)"
"LOD1 Material0","","1","On","0","(4.2368784, 15.1489983, 4.263755)","(1.26241648, 1.26241648, 1.26241648)"
"LOD2 Material0","","1","On","0","(3.635697, 13.000164, 3.65905976)","(1.083347, 1.083347, 1.083347)"
"LOD2 Material0","","1","On","0","(3.55625772, 12.7161121, 3.57911)","(1.059676, 1.059676, 1.059676)"
"Ground_Moss_ShootMat_03_LOD0_Mesh","Assets/ForestPrototype/Art/SectionFive/Ground_Moss_Shoots_03/FBX/Ground_Moss_ShootMat_03_LOD0.fbx","6","On","0","(1.09520292, 0.0203694552, 1.07224774)","(0.702272832, 0.702272832, 0.702272832)"
"Ground_Moss_ShootMat_03_LOD1_Mesh","Assets/ForestPrototype/Art/SectionFive/Ground_Moss_Shoots_03/FBX/Ground_Moss_ShootMat_03_LOD1.fbx","6","On","0","(1.09752786, 0.0282790139, 1.2694521)","(0.902748942, 0.9027489, 0.902748942)"
"LOD1 Material1","","1","On","0","(3.513829, 11.8006229, 3.93800116)","(1.008953, 1.008953, 1.008953)"
"Ground_Moss_ShootMat_03_LOD0_Mesh","Assets/ForestPrototype/Art/SectionFive/Ground_Moss_Shoots_03/FBX/Ground_Moss_ShootMat_03_LOD0.fbx","6","On","0","(1.30468464, 0.0243515577, 1.24518156)","(0.839563, 0.839562833, 0.839563)"
"Ground_Moss_ShootMat_03_LOD2_Mesh","Assets/ForestPrototype/Art/SectionFive/Ground_Moss_Shoots_03/FBX/Ground_Moss_ShootMat_03_LOD2.fbx","2","On","0","(1.40566182, 0.038367603, 1.13629115)","(1.11016023, 1.11016023, 1.11016023)"
"LOD0 Material0","","1","On","0","(3.76268268, 13.4533043, 3.86710668)","(1.12110865, 1.12110865, 1.12110865)"
"Ground_Moss_ShootMat_03_LOD0_Mesh","Assets/ForestPrototype/Art/SectionFive/Ground_Moss_Shoots_03/FBX/Ground_Moss_ShootMat_03_LOD0.fbx","6","On","0","(1.09103727, 0.0235875621, 0.916398764)","(0.813222647, 0.8132227, 0.813222647)"
"Dirt Path 45","Library/unity default resources","1","Off","0","(2.637798, 0.012, 1.65334845)","(2.6, 0.012, 0.647787035)"
"LOD1 Material1","","1","On","0","(3.61797929, 8.514681, 3.521209)","(1.10046315, 1.10046315, 1.10046315)"
"Ground_Moss_ShootMat_03_LOD2_Mesh","Assets/ForestPrototype/Art/SectionFive/Ground_Moss_Shoots_03/FBX/Ground_Moss_ShootMat_03_LOD2.fbx","2","On","0","(0.73749, 0.0243092868, 0.904272437)","(0.7033851, 0.7033852, 0.7033851)"
"Ground_Moss_ShootMat_03_LOD0_Mesh","Assets/ForestPrototype/Art/SectionFive/Ground_Moss_Shoots_03/FBX/Ground_Moss_ShootMat_03_LOD0.fbx","6","On","0","(1.5621171, 0.0296270344, 1.45065343)","(1.02144432, 1.0214442, 1.02144432)"
"Ground_Moss_ShootMat_03_LOD2_Mesh","Assets/ForestPrototype/Art/SectionFive/Ground_Moss_Shoots_03/FBX/Ground_Moss_ShootMat_03_LOD2.fbx","2","On","0","(1.48726022, 0.0335596763, 1.36913228)","(0.9710437, 0.9710437, 0.9710437)"
"Woodland_Rush_Clump_02_LOD2_Foliage","Assets/ForestPrototype/Art/SectionFive/Woodland_Grass_Rush/FBX/Woodland_Rush_Clump_02_LOD2.fbx","2","On","0","(0.9645538, 0.934173644, 0.933358)","(0.8500001, 0.85, 0.8500001)"
"Ground_Moss_ShootMat_03_LOD2_Mesh","Assets/ForestPrototype/Art/SectionFive/Ground_Moss_Shoots_03/FBX/Ground_Moss_ShootMat_03_LOD2.fbx","2","On","0","(1.11208, 0.0276643932, 0.9503219)","(0.800464749, 0.80046463, 0.800464749)"
"LOD2 Material0","","1","On","0","(4.18939447, 14.9800205, 4.21631527)","(1.248335, 1.248335, 1.248335)"
"Woodland_Forb_Flowering_01_LOD1_Mesh","Assets/ForestPrototype/Art/SectionFive/Woodland_Forbs_01/FBX/Woodland_Forb_Flowering_01_LOD1.fbx","4","On","0","(0.774161, 0.2748979, 0.775396)","(0.821754456, 0.8217542, 0.821754456)"
"LOD1 Material1","","1","On","0","(3.7802937, 12.6955013, 4.23663235)","(1.08546507, 1.08546507, 1.08546507)"
"Ground_Moss_ShootMat_03_LOD2_Mesh","Assets/ForestPrototype/Art/SectionFive/Ground_Moss_Shoots_03/FBX/Ground_Moss_ShootMat_03_LOD2.fbx","2","On","0","(1.23149323, 0.028452741, 1.29126787)","(0.8232754, 0.8232753, 0.8232754)"
"Ground_Moss_ShootMat_03_LOD1_Mesh","Assets/ForestPrototype/Art/SectionFive/Ground_Moss_Shoots_03/FBX/Ground_Moss_ShootMat_03_LOD1.fbx","6","On","0","(1.516931, 0.0319928974, 1.59007323)","(1.021307, 1.02130687, 1.021307)"
"LOD0 Material0","","1","On","0","(3.37999821, 12.0850325, 3.47380161)","(1.007086, 1.007086, 1.007086)"
"LOD2 Material1","","1","On","0","(4.891839, 11.354702, 4.772472)","(1.46345091, 1.46345091, 1.46345091)"
"LOD2 Material0","","1","On","0","(3.42450023, 12.2449875, 3.446506)","(1.02041566, 1.02041566, 1.02041566)"
"Trunk","Library/unity default resources","1","On","1","(0.104313046, 7.87681961, 0.104313053)","(0.104313031, 3.93840981, 0.104313031)"
"LOD1 Material0","","1","On","0","(3.22518682, 9.654082, 3.13799262)","(1.20676029, 1.20676029, 1.20676029)"
"LOD1 Material0","","1","On","0","(3.87458181, 11.5979433, 3.76983118)","(1.44974291, 1.44974291, 1.44974291)"
"LOD2 Material1","","1","On","0","(3.635555, 8.438676, 3.54684281)","(1.08761883, 1.08761883, 1.08761883)"
"Ground_Moss_ShootMat_03_LOD1_Mesh","Assets/ForestPrototype/Art/SectionFive/Ground_Moss_Shoots_03/FBX/Ground_Moss_ShootMat_03_LOD1.fbx","6","On","0","(1.27250481, 0.0284291524, 1.09806061)","(0.907541931, 0.907541752, 0.907541931)"
"LOD1 Material1","","1","On","0","(3.515179, 11.8051567, 3.93951416)","(1.00934064, 1.00934064, 1.00934064)"
"Ground_Moss_ShootMat_03_LOD2_Mesh","Assets/ForestPrototype/Art/SectionFive/Ground_Moss_Shoots_03/FBX/Ground_Moss_ShootMat_03_LOD2.fbx","2","On","0","(1.72168672, 0.03797936, 1.6375463)","(1.09892654, 1.09892654, 1.09892654)"
"Ground_Moss_ShootMat_03_LOD1_Mesh","Assets/ForestPrototype/Art/SectionFive/Ground_Moss_Shoots_03/FBX/Ground_Moss_ShootMat_03_LOD1.fbx","6","On","0","(1.16932154, 0.02449845, 1.21960723)","(0.7820622, 0.782062232, 0.7820622)"
"LOD1 Material1","","1","On","0","(3.59371781, 12.0689163, 4.02753353)","(1.03189206, 1.03189206, 1.03189206)"
"Ground_Moss_ShootMat_03_LOD1_Mesh","Assets/ForestPrototype/Art/SectionFive/Ground_Moss_Shoots_03/FBX/Ground_Moss_ShootMat_03_LOD1.fbx","6","On","0","(1.03638411, 0.0258677658, 0.8358752)","(0.82577467, 0.8257748, 0.82577467)"
"Ground_Moss_ShootMat_03_LOD1_Mesh","Assets/ForestPrototype/Art/SectionFive/Ground_Moss_Shoots_03/FBX/Ground_Moss_ShootMat_03_LOD1.fbx","6","On","0","(1.20194948, 0.031567432, 1.40079808)","(1.00772512, 1.00772488, 1.00772512)"
"Ground_Moss_ShootMat_03_LOD1_Mesh","Assets/ForestPrototype/Art/SectionFive/Ground_Moss_Shoots_03/FBX/Ground_Moss_ShootMat_03_LOD1.fbx","6","On","0","(1.33802581, 0.0332809, 1.52557969)","(1.06242371, 1.06242383, 1.06242371)"
"Footing Right","Library/unity default resources","1","On","0","(0.14, 0.1, 2.9)","(0.14, 0.1, 2.9)"
"LOD1 Material1","","1","On","0","(3.884629, 9.142224, 3.78072667)","(1.18156874, 1.18156874, 1.18156874)"
"LOD2 Material1","","1","On","0","(4.247553, 14.1146784, 4.796264)","(1.20934951, 1.20934951, 1.20934951)"
"Ground_Moss_ShootMat_03_LOD2_Mesh","Assets/ForestPrototype/Art/SectionFive/Ground_Moss_Shoots_03/FBX/Ground_Moss_ShootMat_03_LOD2.fbx","2","On","0","(1.56002378, 0.0358383432, 1.41155124)","(1.03697658, 1.03697646, 1.03697658)"
"LOD2 Material0","","1","On","0","(4.06570959, 14.53776, 4.0918355)","(1.21148, 1.21148, 1.21148)"
"Ground_Moss_ShootMat_03_LOD2_Mesh","Assets/ForestPrototype/Art/SectionFive/Ground_Moss_Shoots_03/FBX/Ground_Moss_ShootMat_03_LOD2.fbx","2","On","0","(1.22290993, 0.0389361978, 1.48036623)","(1.12661254, 1.12661242, 1.12661254)"
"LOD2 Material1","","1","On","0","(4.49452829, 10.4324837, 4.384856)","(1.34459078, 1.34459078, 1.34459078)"
"LOD2 Material1","","1","On","0","(3.612468, 12.004283, 4.07913733)","(1.02853024, 1.02853024, 1.02853024)"
"Ground_Moss_ShootMat_03_LOD0_Mesh","Assets/ForestPrototype/Art/SectionFive/Ground_Moss_Shoots_03/FBX/Ground_Moss_ShootMat_03_LOD0.fbx","6","On","0","(1.19113743, 0.0242209043, 1.04103494)","(0.8350585, 0.835058331, 0.8350585)"
"LOD0 Material0","","1","On","0","(4.085813, 11.4977121, 3.976681)","(1.437214, 1.437214, 1.437214)"
"Trunk","Library/unity default resources","1","On","1","(0.196628, 14.1697588, 0.196628019)","(0.196627975, 7.0848794, 0.196627975)"
"Ground_Moss_ShootMat_03_LOD0_Mesh","Assets/ForestPrototype/Art/SectionFive/Ground_Moss_Shoots_03/FBX/Ground_Moss_ShootMat_03_LOD0.fbx","6","On","0","(1.49280691, 0.0308216251, 1.29117358)","(1.06262982, 1.06262982, 1.06262982)"
"LOD0 Material1","","1","On","0","(3.60330915, 12.1011276, 4.038283)","(1.03464615, 1.03464615, 1.03464615)"
"LOD0 Material0","","1","On","0","(3.46325254, 12.3827047, 3.5593667)","(1.03189206, 1.03189206, 1.03189206)"
"Ground_Moss_ShootMat_03_LOD0_Mesh","Assets/ForestPrototype/Art/SectionFive/Ground_Moss_Shoots_03/FBX/Ground_Moss_ShootMat_03_LOD0.fbx","6","On","0","(1.77416611, 0.0332809165, 1.7816515)","(1.147418, 1.14741814, 1.147418)"
"Trunk","Library/unity default resources","1","On","1","(0.119720876, 9.556811, 0.119720891)","(0.119720861, 4.77840567, 0.119720861)"
"Ground_Moss_ShootMat_03_LOD2_Mesh","Assets/ForestPrototype/Art/SectionFive/Ground_Moss_Shoots_03/FBX/Ground_Moss_ShootMat_03_LOD2.fbx","2","On","0","(1.22364175, 0.03881707, 1.47923791)","(1.12316537, 1.12316549, 1.12316537)"
"Trunk","Library/unity default resources","1","On","1","(0.139669731, 10.9395227, 0.139669746)","(0.139669716, 5.46976137, 0.139669716)"
"LOD1 Material0","","1","On","0","(3.37994719, 12.0850325, 3.40138769)","(1.007086, 1.007086, 1.007086)"
"LOD1 Material1","","1","On","0","(3.51401854, 11.80126, 3.93821359)","(1.00900745, 1.00900745, 1.00900745)"
"Ground_Moss_ShootMat_03_LOD2_Mesh","Assets/ForestPrototype/Art/SectionFive/Ground_Moss_Shoots_03/FBX/Ground_Moss_ShootMat_03_LOD2.fbx","2","On","0","(1.49529326, 0.0386542752, 1.66624832)","(1.118455, 1.118455, 1.118455)"
"LOD0 Material1","","1","On","0","(4.837052, 11.38369, 4.707675)","(1.47126257, 1.47126257, 1.47126257)"
"Ground_Moss_ShootMat_03_LOD2_Mesh","Assets/ForestPrototype/Art/SectionFive/Ground_Moss_Shoots_03/FBX/Ground_Moss_ShootMat_03_LOD2.fbx","2","On","0","(1.418777, 0.034459088, 1.53376222)","(0.9970681, 0.997068, 0.9970681)"
"Ground_Moss_ShootMat_03_LOD1_Mesh","Assets/ForestPrototype/Art/SectionFive/Ground_Moss_Shoots_03/FBX/Ground_Moss_ShootMat_03_LOD1.fbx","6","On","0","(1.679162, 0.0336577557, 1.64315367)","(1.07445407, 1.07445407, 1.07445407)"
"LOD2 Material0","","1","On","0","(3.92309928, 14.0278282, 3.948309)","(1.16898572, 1.16898572, 1.16898572)"
"Trunk","Library/unity default resources","1","On","1","(0.162938461, 12.3868895, 0.162938491)","(0.162938446, 6.19344473, 0.162938446)"
"Ground_Moss_ShootMat_03_LOD2_Mesh","Assets/ForestPrototype/Art/SectionFive/Ground_Moss_Shoots_03/FBX/Ground_Moss_ShootMat_03_LOD2.fbx","2","On","0","(1.22321033, 0.02688269, 1.20776153)","(0.7778462, 0.777846158, 0.7778462)"
"LOD1 Material0","","1","On","0","(3.19269085, 9.556811, 3.10637546)","(1.19460142, 1.19460142, 1.19460142)"
"Ground_Moss_ShootMat_03_LOD2_Mesh","Assets/ForestPrototype/Art/SectionFive/Ground_Moss_Shoots_03/FBX/Ground_Moss_ShootMat_03_LOD2.fbx","2","On","0","(1.10300982, 0.0368554555, 1.35924292)","(1.06640649, 1.06640649, 1.06640649)"
"LOD1 Material0","","1","On","0","(2.9920187, 8.956131, 2.91112852)","(1.11951637, 1.11951637, 1.11951637)"
"Ground_Moss_ShootMat_03_LOD2_Mesh","Assets/ForestPrototype/Art/SectionFive/Ground_Moss_Shoots_03/FBX/Ground_Moss_ShootMat_03_LOD2.fbx","2","On","0","(1.45120931, 0.0331064127, 1.32142258)","(0.9579286, 0.9579286, 0.9579286)"
"Ground_Moss_ShootMat_03_LOD2_Mesh","Assets/ForestPrototype/Art/SectionFive/Ground_Moss_Shoots_03/FBX/Ground_Moss_ShootMat_03_LOD2.fbx","2","On","0","(1.42549443, 0.0322217159, 1.3098644)","(0.93233, 0.93233, 0.93233)"
"LOD2 Material1","","1","On","0","(3.6746428, 8.529405, 3.584977)","(1.09931242, 1.09931242, 1.09931242)"
"Ground_Moss_ShootMat_03_LOD2_Mesh","Assets/ForestPrototype/Art/SectionFive/Ground_Moss_Shoots_03/FBX/Ground_Moss_ShootMat_03_LOD2.fbx","2","On","0","(1.28828526, 0.0290275086, 1.322973)","(0.839906037, 0.839906156, 0.839906037)"
"LOD0 Material1","","1","On","0","(4.85041428, 11.4151363, 4.72067976)","(1.4753269, 1.4753269, 1.4753269)"
"LOD2 Material0","","1","On","0","(3.633609, 10.87747, 3.53580713)","(1.35968375, 1.35968375, 1.35968375)"
"LOD0 Material0","","1","On","0","(3.55650163, 12.7161121, 3.65520358)","(1.059676, 1.059676, 1.059676)"
"Dirt Path 48","Library/unity default resources","1","Off","0","(2.661921, 0.012, 1.4550246)","(2.60000014, 0.012, 0.629873037)"
"LOD0 Material0","","1","On","0","(3.52265668, 12.5951014, 3.62041926)","(1.04959178, 1.04959178, 1.04959178)"
"LOD1 Material1","","1","On","0","(3.645773, 12.2437353, 4.08587265)","(1.04683912, 1.04683912, 1.04683912)"
"LOD1 Material1","","1","On","0","(4.11235762, 13.8106842, 4.60878134)","(1.18081319, 1.18081319, 1.18081319)"
"Trunk","Library/unity default resources","1","On","1","(0.200638622, 14.0278282, 0.200638637)","(0.200638592, 7.013914, 0.200638592)"
"LOD2 Material0","","1","On","0","(3.65293241, 13.0617924, 3.67640615)","(1.08848274, 1.08848274, 1.08848274)"
"LOD2 Material0","","1","On","0","(3.96428776, 11.86738, 3.85758519)","(1.48342252, 1.48342252, 1.48342252)"
"LOD2 Material1","","1","On","0","(4.17947245, 13.8884478, 4.71938944)","(1.189966, 1.189966, 1.189966)"
"LOD2 Material1","","1","On","0","(4.426777, 10.2752218, 4.318758)","(1.3243221, 1.3243221, 1.3243221)"
"LOD0 Material0","","1","On","0","(3.87311029, 10.8991547, 3.76965952)","(1.36239433, 1.36239433, 1.36239433)"
"Ground_Moss_ShootMat_03_LOD0_Mesh","Assets/ForestPrototype/Art/SectionFive/Ground_Moss_Shoots_03/FBX/Ground_Moss_ShootMat_03_LOD0.fbx","6","On","0","(0.974147439, 0.0212951731, 1.08510244)","(0.7341887, 0.7341886, 0.7341887)"
"LOD0 Material1","","1","On","0","(3.49151063, 11.72567, 3.91298842)","(1.00254452, 1.00254452, 1.00254452)"
"Bracken_Clump_01_LOD0_Mesh","Assets/ForestPrototype/Art/SectionFive/Woodland_Assets/Bracken_Clump_01/Bracken_Clump_01_LOD0.fbx","2","On","0","(1.48109651, 0.8958779, 1.470366)","(0.880000234, 0.88, 0.880000234)"
"Trunk","Library/unity default resources","1","On","1","(0.127495408, 9.577656, 0.127495423)","(0.1274954, 4.788828, 0.1274954)"
"Ground_Moss_ShootMat_03_LOD1_Mesh","Assets/ForestPrototype/Art/SectionFive/Ground_Moss_Shoots_03/FBX/Ground_Moss_ShootMat_03_LOD1.fbx","6","On","0","(1.11944771, 0.0226055887, 1.05924678)","(0.721636534, 0.721636534, 0.721636534)"
"LOD0 Material1","","1","On","0","(4.67644453, 11.00571, 4.55136347)","(1.42241132, 1.42241132, 1.42241132)"
"Ground_Moss_ShootMat_03_LOD1_Mesh","Assets/ForestPrototype/Art/SectionFive/Ground_Moss_Shoots_03/FBX/Ground_Moss_ShootMat_03_LOD1.fbx","6","On","0","(1.58219647, 0.03175801, 1.56137133)","(1.01380873, 1.01380861, 1.01380873)"
"LOD1 Material1","","1","On","0","(3.957586, 9.313923, 3.85173225)","(1.20375967, 1.20375967, 1.20375967)"
"LOD0 Material1","","1","On","0","(4.673069, 10.9977665, 4.54807854)","(1.42138469, 1.42138469, 1.42138469)"
"LOD2 Material0","","1","On","0","(3.37221336, 12.0580254, 3.39388323)","(1.00483549, 1.00483549, 1.00483549)"
"LOD1 Material0","","1","On","0","(2.86968851, 8.589955, 2.79210567)","(1.07374442, 1.07374442, 1.07374442)"
"Ground_Moss_ShootMat_03_LOD2_Mesh","Assets/ForestPrototype/Art/SectionFive/Ground_Moss_Shoots_03/FBX/Ground_Moss_ShootMat_03_LOD2.fbx","2","On","0","(1.28188431, 0.0313650221, 1.10714543)","(0.907541931, 0.907541752, 0.907541931)"
"Ground_Moss_ShootMat_03_LOD1_Mesh","Assets/ForestPrototype/Art/SectionFive/Ground_Moss_Shoots_03/FBX/Ground_Moss_ShootMat_03_LOD1.fbx","6","On","0","(1.265443, 0.0288886018, 1.07686925)","(0.9222088, 0.9222087, 0.9222088)"
"Footing Back","Library/unity default resources","1","On","0","(3.2, 0.1, 0.14)","(3.2, 0.1, 0.14)"
"Ground_Moss_ShootMat_03_LOD2_Mesh","Assets/ForestPrototype/Art/SectionFive/Ground_Moss_Shoots_03/FBX/Ground_Moss_ShootMat_03_LOD2.fbx","2","On","0","(1.67295635, 0.0367311053, 1.64405382)","(1.06280828, 1.06280839, 1.06280828)"
"LOD0 Material0","","1","On","0","(4.02532625, 11.3274984, 3.91780972)","(1.4159373, 1.4159373, 1.4159373)"
"Ground_Moss_ShootMat_03_LOD1_Mesh","Assets/ForestPrototype/Art/SectionFive/Ground_Moss_Shoots_03/FBX/Ground_Moss_ShootMat_03_LOD1.fbx","6","On","0","(1.41482639, 0.0292056557, 1.29939139)","(0.93233, 0.93233, 0.93233)"
"LOD0 Material1","","1","On","0","(4.05921841, 9.553108, 3.95064616)","(1.23467267, 1.23467267, 1.23467267)"
"Ground_Moss_ShootMat_03_LOD1_Mesh","Assets/ForestPrototype/Art/SectionFive/Ground_Moss_Shoots_03/FBX/Ground_Moss_ShootMat_03_LOD1.fbx","6","On","0","(1.476582, 0.0307793152, 1.53385639)","(0.982565939, 0.9825658, 0.982565939)"
"Ground_Moss_ShootMat_03_LOD2_Mesh","Assets/ForestPrototype/Art/SectionFive/Ground_Moss_Shoots_03/FBX/Ground_Moss_ShootMat_03_LOD2.fbx","2","On","0","(1.35893655, 0.0312212128, 1.229518)","(0.9033807, 0.903380632, 0.9033807)"
"Ground_Moss_ShootMat_03_LOD1_Mesh","Assets/ForestPrototype/Art/SectionFive/Ground_Moss_Shoots_03/FBX/Ground_Moss_ShootMat_03_LOD1.fbx","6","On","0","(0.9737159, 0.0229136087, 0.8132403)","(0.731469452, 0.731469452, 0.731469452)"
"LOD0 Material0","","1","On","0","(3.37244487, 12.0580254, 3.4660387)","(1.00483549, 1.00483549, 1.00483549)"
"Trunk","Library/unity default resources","1","On","1","(0.19444409, 14.4814148, 0.1944441)","(0.19444406, 7.2407074, 0.19444406)"
"Trunk","Library/unity default resources","1","On","1","(0.182927758, 12.7509317, 0.182927787)","(0.182927743, 6.375466, 0.182927743)"
"Ground_Moss_ShootMat_03_LOD1_Mesh","Assets/ForestPrototype/Art/SectionFive/Ground_Moss_Shoots_03/FBX/Ground_Moss_ShootMat_03_LOD1.fbx","6","On","0","(1.74821675, 0.03506837, 1.68590939)","(1.1194849, 1.119485, 1.1194849)"
"Ground_Moss_ShootMat_03_LOD0_Mesh","Assets/ForestPrototype/Art/SectionFive/Ground_Moss_Shoots_03/FBX/Ground_Moss_ShootMat_03_LOD0.fbx","6","On","0","(1.5707674, 0.0293394439, 1.56388736)","(1.01152909, 1.011529, 1.01152909)"
"Trunk","Library/unity default resources","1","On","1","(0.195519835, 13.8986988, 0.19551985)","(0.1955198, 6.9493494, 0.1955198)"
"LOD1 Material0","","1","On","0","(3.99244642, 14.27503, 4.01777267)","(1.1895858, 1.1895858, 1.1895858)"
"LOD0 Material1","","1","On","0","(3.94666028, 13.2542162, 4.423082)","(1.13323522, 1.13323522, 1.13323522)"
"Ground_Moss_ShootMat_03_LOD0_Mesh","Assets/ForestPrototype/Art/SectionFive/Ground_Moss_Shoots_03/FBX/Ground_Moss_ShootMat_03_LOD0.fbx","6","On","0","(1.21039307, 0.0236604568, 1.26781034)","(0.8157358, 0.8157359, 0.8157358)"
"LOD2 Material0","","1","On","0","(3.4246695, 10.2519941, 3.3324914)","(1.28149927, 1.28149927, 1.28149927)"
"Trunk","Library/unity default resources","1","On","1","(0.150098443, 11.2943382, 0.150098458)","(0.150098428, 5.647169, 0.150098428)"
"LOD0 Material1","","1","On","0","(3.640528, 12.2261209, 4.07999468)","(1.045333, 1.045333, 1.045333)"
"Ground_Moss_ShootMat_03_LOD2_Mesh","Assets/ForestPrototype/Art/SectionFive/Ground_Moss_Shoots_03/FBX/Ground_Moss_ShootMat_03_LOD2.fbx","2","On","0","(1.00134194, 0.0253771879, 1.10572481)","(0.7342847, 0.7342847, 0.7342847)"
"Ground_Moss_ShootMat_03_LOD2_Mesh","Assets/ForestPrototype/Art/SectionFive/Ground_Moss_Shoots_03/FBX/Ground_Moss_ShootMat_03_LOD2.fbx","2","On","0","(1.62406921, 0.0361069776, 1.52300692)","(1.0447495, 1.04474938, 1.0447495)"
"LOD0 Material1","","1","On","0","(4.1442337, 13.9177341, 4.644505)","(1.189966, 1.189966, 1.189966)"
"Ground_Moss_ShootMat_03_LOD0_Mesh","Assets/ForestPrototype/Art/SectionFive/Ground_Moss_Shoots_03/FBX/Ground_Moss_ShootMat_03_LOD0.fbx","6","On","0","(1.5877974, 0.0327013433, 1.71768165)","(1.1274364, 1.1274364, 1.1274364)"
"LOD2 Material0","","1","On","0","(3.402236, 12.1653767, 3.42409849)","(1.01378143, 1.01378143, 1.01378143)"
"LOD0 Material0","","1","On","0","(3.95970368, 11.1428337, 3.85394025)","(1.39285421, 1.39285421, 1.39285421)"
"LOD2 Material0","","1","On","0","(3.45264721, 10.3357477, 3.35971618)","(1.29196846, 1.29196846, 1.29196846)"
"Ground_Moss_ShootMat_03_LOD0_Mesh","Assets/ForestPrototype/Art/SectionFive/Ground_Moss_Shoots_03/FBX/Ground_Moss_ShootMat_03_LOD0.fbx","6","On","0","(1.39038074, 0.0259444769, 1.32790709)","(0.89448154, 0.89448154, 0.89448154)"
"Ground_Moss_ShootMat_03_LOD0_Mesh","Assets/ForestPrototype/Art/SectionFive/Ground_Moss_Shoots_03/FBX/Ground_Moss_ShootMat_03_LOD0.fbx","6","On","0","(1.68540108, 0.0319556743, 1.56573284)","(1.10172844, 1.10172808, 1.10172844)"
"Trunk","Library/unity default resources","1","On","1","(0.1497718, 11.3964386, 0.14977181)","(0.14977178, 5.6982193, 0.14977178)"
"Ground_Moss_ShootMat_03_LOD0_Mesh","Assets/ForestPrototype/Art/SectionFive/Ground_Moss_Shoots_03/FBX/Ground_Moss_ShootMat_03_LOD0.fbx","6","On","0","(1.17773783, 0.0221340545, 1.10811019)","(0.763110638, 0.7631105, 0.763110638)"
"Trunk","Library/unity default resources","1","On","1","(0.182071775, 13.5166845, 0.1820718)","(0.18207176, 6.75834227, 0.18207176)"
"Ground_Moss_ShootMat_03_LOD2_Mesh","Assets/ForestPrototype/Art/SectionFive/Ground_Moss_Shoots_03/FBX/Ground_Moss_ShootMat_03_LOD2.fbx","2","On","0","(1.31198525, 0.0305467732, 1.38306642)","(0.8838658, 0.883865833, 0.8838658)"
"LOD1 Material1","","1","On","0","(4.394954, 10.3432417, 4.2774024)","(1.33679187, 1.33679187, 1.33679187)"
"Trunk","Library/unity default resources","1","On","1","(0.0966120362, 7.634651, 0.09661204)","(0.09661202, 3.81732559, 0.09661202)"
"LOD2 Material0","","1","On","0","(3.433625, 12.2776146, 3.45568943)","(1.02313459, 1.02313459, 1.02313459)"
"LOD2 Material0","","1","On","0","(3.45265937, 12.3456764, 3.474846)","(1.02880633, 1.02880633, 1.02880633)"
"Ground_Moss_ShootMat_03_LOD0_Mesh","Assets/ForestPrototype/Art/SectionFive/Ground_Moss_Shoots_03/FBX/Ground_Moss_ShootMat_03_LOD0.fbx","6","On","0","(1.26395047, 0.0302779078, 1.46338546)","(1.04388428, 1.04388416, 1.04388428)"
"Ground_Moss_ShootMat_03_LOD0_Mesh","Assets/ForestPrototype/Art/SectionFive/Ground_Moss_Shoots_03/FBX/Ground_Moss_ShootMat_03_LOD0.fbx","6","On","0","(1.65668917, 0.0308268052, 1.62784839)","(1.06280828, 1.06280839, 1.06280828)"
"LOD1 Material1","","1","On","0","(4.50562954, 15.131423, 5.04952669)","(1.29373634, 1.29373634, 1.29373634)"
"LOD1 Material1","","1","On","0","(4.837052, 11.38369, 4.707675)","(1.47126257, 1.47126257, 1.47126257)"
"Ground_Moss_ShootMat_03_LOD0_Mesh","Assets/ForestPrototype/Art/SectionFive/Ground_Moss_Shoots_03/FBX/Ground_Moss_ShootMat_03_LOD0.fbx","6","On","0","(1.4525547, 0.0270203669, 1.40550911)","(0.931574643, 0.9315747, 0.931574643)"
"Ground_Moss_ShootMat_03_LOD1_Mesh","Assets/ForestPrototype/Art/SectionFive/Ground_Moss_Shoots_03/FBX/Ground_Moss_ShootMat_03_LOD1.fbx","6","On","0","(1.54943335, 0.032490205, 1.40168333)","(1.03718245, 1.03718245, 1.03718245)"
"LOD1 Material0","","1","On","0","(3.45191741, 12.3423634, 3.47381449)","(1.02853024, 1.02853024, 1.02853024)"
"LOD0 Material0","","1","On","0","(3.38510919, 9.525891, 3.294693)","(1.19073641, 1.19073641, 1.19073641)"
"Ground_Moss_ShootMat_03_LOD0_Mesh","Assets/ForestPrototype/Art/SectionFive/Ground_Moss_Shoots_03/FBX/Ground_Moss_ShootMat_03_LOD0.fbx","6","On","0","(1.36871481, 0.03072045, 1.54252362)","(1.05914187, 1.05914164, 1.05914187)"
"LOD2 Material0","","1","On","0","(3.7397728, 13.3723087, 3.76380444)","(1.114359, 1.114359, 1.114359)"
"LOD1 Material1","","1","On","0","(4.502539, 10.5964355, 4.38210964)","(1.36951542, 1.36951542, 1.36951542)"
"Ground_Moss_ShootMat_03_LOD1_Mesh","Assets/ForestPrototype/Art/SectionFive/Ground_Moss_Shoots_03/FBX/Ground_Moss_ShootMat_03_LOD1.fbx","6","On","0","(0.8629852, 0.0225918218, 1.00447679)","(0.721197069, 0.721197069, 0.721197069)"
"LOD1 Material0","","1","On","0","(3.170311, 9.48982048, 3.08460045)","(1.18622756, 1.18622756, 1.18622756)"
"Trunk","Library/unity default resources","1","On","1","(0.167043909, 12.514369, 0.167043939)","(0.1670439, 6.25718451, 0.1670439)"
"Ground_Moss_ShootMat_03_LOD0_Mesh","Assets/ForestPrototype/Art/SectionFive/Ground_Moss_Shoots_03/FBX/Ground_Moss_ShootMat_03_LOD0.fbx","6","On","0","(1.48153639, 0.0282452311, 1.51899981)","(0.973803937, 0.973804057, 0.973803937)"
"LOD0 Material1","","1","On","0","(4.191055, 14.074976, 4.69697857)","(1.20341015, 1.20341015, 1.20341015)"
"Ground_Moss_ShootMat_03_LOD1_Mesh","Assets/ForestPrototype/Art/SectionFive/Ground_Moss_Shoots_03/FBX/Ground_Moss_ShootMat_03_LOD1.fbx","6","On","0","(0.895251632, 0.028500136, 1.121641)","(0.9098077, 0.909807742, 0.9098077)"
"Ground_Moss_ShootMat_03_LOD0_Mesh","Assets/ForestPrototype/Art/SectionFive/Ground_Moss_Shoots_03/FBX/Ground_Moss_ShootMat_03_LOD0.fbx","6","On","0","(1.50400281, 0.0319879353, 1.65390944)","(1.10284066, 1.10284042, 1.10284066)"
"Ground_Moss_ShootMat_03_LOD0_Mesh","Assets/ForestPrototype/Art/SectionFive/Ground_Moss_Shoots_03/FBX/Ground_Moss_ShootMat_03_LOD0.fbx","6","On","0","(1.14710069, 0.0227108374, 1.21224415)","(0.7829962, 0.7829961, 0.7829962)"
"LOD1 Material1","","1","On","0","(4.78132248, 11.2525339, 4.653436)","(1.45431161, 1.45431161, 1.45431161)"
"LOD2 Material0","","1","On","0","(3.66574931, 10.9736843, 3.56708241)","(1.37171054, 1.37171054, 1.37171054)"
"Ground_Moss_ShootMat_03_LOD1_Mesh","Assets/ForestPrototype/Art/SectionFive/Ground_Moss_Shoots_03/FBX/Ground_Moss_ShootMat_03_LOD1.fbx","6","On","0","(1.39322352, 0.0280200355, 1.33072174)","(0.89448154, 0.89448154, 0.89448154)"
"LOD2 Material0","","1","On","0","(3.27815914, 9.813405, 3.18992448)","(1.22667563, 1.22667563, 1.22667563)"
"LOD1 Material0","","1","On","0","(3.80523825, 11.3903742, 3.7023623)","(1.42379677, 1.42379677, 1.42379677)"
"LOD1 Material0","","1","On","0","(3.48793435, 12.4711418, 3.51006)","(1.03926182, 1.03926182, 1.03926182)"
"Ground_Moss_ShootMat_03_LOD2_Mesh","Assets/ForestPrototype/Art/SectionFive/Ground_Moss_Shoots_03/FBX/Ground_Moss_ShootMat_03_LOD2.fbx","2","On","0","(1.17858267, 0.0270283986, 1.22895336)","(0.7820622, 0.782062232, 0.7820622)"
"Ground_Moss_ShootMat_03_LOD2_Mesh","Assets/ForestPrototype/Art/SectionFive/Ground_Moss_Shoots_03/FBX/Ground_Moss_ShootMat_03_LOD2.fbx","2","On","0","(1.22319543, 0.0268485174, 1.19961333)","(0.776857436, 0.7768574, 0.776857436)"
"LOD1 Material1","","1","On","0","(3.91687655, 13.154192, 4.38970232)","(1.12468314, 1.12468314, 1.12468314)"
"Ground_Moss_ShootMat_03_LOD0_Mesh","Assets/ForestPrototype/Art/SectionFive/Ground_Moss_Shoots_03/FBX/Ground_Moss_ShootMat_03_LOD0.fbx","6","On","0","(1.2760148, 0.0244228579, 1.31337416)","(0.842021, 0.842021048, 0.842021)"
"Ground_Moss_ShootMat_03_LOD0_Mesh","Assets/ForestPrototype/Art/SectionFive/Ground_Moss_Shoots_03/FBX/Ground_Moss_ShootMat_03_LOD0.fbx","6","On","0","(1.33509409, 0.0308156516, 1.5225637)","(1.06242371, 1.06242383, 1.06242371)"
"Ground_Moss_ShootMat_03_LOD0_Mesh","Assets/ForestPrototype/Art/SectionFive/Ground_Moss_Shoots_03/FBX/Ground_Moss_ShootMat_03_LOD0.fbx","6","On","0","(1.57320261, 0.0316433832, 1.679199)","(1.09096122, 1.09096134, 1.09096122)"
"Ground_Moss_ShootMat_03_LOD0_Mesh","Assets/ForestPrototype/Art/SectionFive/Ground_Moss_Shoots_03/FBX/Ground_Moss_ShootMat_03_LOD0.fbx","6","On","0","(1.08913469, 0.02076659, 1.11680913)","(0.7159647, 0.715964735, 0.7159647)"
"LOD2 Material1","","1","On","0","(4.559026, 10.5821915, 4.44777966)","(1.36388588, 1.36388588, 1.36388588)"
"LOD2 Material1","","1","On","0","(3.9205308, 9.100147, 3.82486486)","(1.17287266, 1.17287266, 1.17287266)"
"LOD1 Material0","","1","On","0","(3.50831032, 12.5439968, 3.53056526)","(1.045333, 1.045333, 1.045333)"
"Ground_Moss_ShootMat_03_LOD1_Mesh","Assets/ForestPrototype/Art/SectionFive/Ground_Moss_Shoots_03/FBX/Ground_Moss_ShootMat_03_LOD1.fbx","6","On","0","(1.199382, 0.0282433089, 1.33550644)","(0.9016092, 0.901609063, 0.9016092)"
"LOD1 Material1","","1","On","0","(3.65086627, 12.26084, 4.091581)","(1.04830158, 1.04830158, 1.04830158)"
"Ground_Moss_ShootMat_03_LOD2_Mesh","Assets/ForestPrototype/Art/SectionFive/Ground_Moss_Shoots_03/FBX/Ground_Moss_ShootMat_03_LOD2.fbx","2","On","0","(1.54347575, 0.0395190343, 1.71247792)","(1.14347684, 1.14347672, 1.14347684)"
"LOD2 Material0","","1","On","0","(3.50282264, 12.5250454, 3.5253315)","(1.04375374, 1.04375374, 1.04375374)"
"Ground_Moss_ShootMat_03_LOD0_Mesh","Assets/ForestPrototype/Art/SectionFive/Ground_Moss_Shoots_03/FBX/Ground_Moss_ShootMat_03_LOD0.fbx","6","On","0","(1.15471947, 0.0216353461, 1.15714884)","(0.745916665, 0.745916665, 0.745916665)"
"LOD0 Material0","","1","On","0","(3.45558071, 9.724202, 3.3632822)","(1.21552527, 1.21552527, 1.21552527)"
"Ground_Moss_ShootMat_03_LOD0_Mesh","Assets/ForestPrototype/Art/SectionFive/Ground_Moss_Shoots_03/FBX/Ground_Moss_ShootMat_03_LOD0.fbx","6","On","0","(1.26574409, 0.0288789738, 1.02939069)","(0.9956535, 0.99565345, 0.9956535)"
"Trunk","Library/unity default resources","1","On","1","(0.128707111, 10.4527807, 0.128707126)","(0.1287071, 5.22639036, 0.1287071)"
"LOD0 Material0","","1","On","0","(3.43066287, 9.654082, 3.33903)","(1.20676029, 1.20676029, 1.20676029)"
"Ground_Moss_ShootMat_03_LOD0_Mesh","Assets/ForestPrototype/Art/SectionFive/Ground_Moss_Shoots_03/FBX/Ground_Moss_ShootMat_03_LOD0.fbx","6","On","0","(1.3929317, 0.032200247, 1.12413621)","(1.11016023, 1.11016023, 1.11016023)"
"Trunk","Library/unity default resources","1","On","1","(0.133089572, 10.4515524, 0.133089587)","(0.133089557, 5.225776, 0.133089557)"
"Trunk","Library/unity default resources","1","On","1","(0.1734296, 13.2585163, 0.173429623)","(0.173429579, 6.629258, 0.173429579)"
"LOD1 Material1","","1","On","0","(4.247589, 9.996427, 4.13397837)","(1.29196846, 1.29196846, 1.29196846)"
"Ground_Moss_ShootMat_03_LOD0_Mesh","Assets/ForestPrototype/Art/SectionFive/Ground_Moss_Shoots_03/FBX/Ground_Moss_ShootMat_03_LOD0.fbx","6","On","0","(1.1490128, 0.0271346867, 1.32270634)","(0.9355163, 0.9355161, 0.9355163)"
"LOD0 Material1","","1","On","0","(4.856991, 11.4306145, 4.72708035)","(1.47732723, 1.47732723, 1.47732723)"
"Trunk","Library/unity default resources","1","On","1","(0.1669798, 11.9174528, 0.166979834)","(0.16697979, 5.95872641, 0.16697979)"
"LOD2 Material0","","1","On","0","(3.518085, 12.5796185, 3.540692)","(1.04830158, 1.04830158, 1.04830158)"
"LOD1 Material0","","1","On","0","(3.38548541, 10.1339111, 3.29395771)","(1.26673889, 1.26673889, 1.26673889)"
"Stake Left","Library/unity default resources","1","On","0","(0.12, 0.7, 0.12)","(0.12, 0.7, 0.12)"
"Trunk","Library/unity default resources","1","On","1","(0.164470971, 12.7642584, 0.164471)","(0.164470956, 6.382129, 0.164470956)"
"Ground_Moss_ShootMat_03_LOD1_Mesh","Assets/ForestPrototype/Art/SectionFive/Ground_Moss_Shoots_03/FBX/Ground_Moss_ShootMat_03_LOD1.fbx","6","On","0","(1.74411464, 0.0352623872, 1.751575)","(1.12567854, 1.12567866, 1.12567854)"
"LOD0 Material1","","1","On","0","(4.50092649, 10.59264, 4.38054)","(1.36902487, 1.36902487, 1.36902487)"
"Ground_Moss_ShootMat_03_LOD1_Mesh","Assets/ForestPrototype/Art/SectionFive/Ground_Moss_Shoots_03/FBX/Ground_Moss_ShootMat_03_LOD1.fbx","6","On","0","(0.9932873, 0.0230017975, 1.09749424)","(0.7342847, 0.7342847, 0.7342847)"
"Ground_Moss_ShootMat_03_LOD1_Mesh","Assets/ForestPrototype/Art/SectionFive/Ground_Moss_Shoots_03/FBX/Ground_Moss_ShootMat_03_LOD1.fbx","6","On","0","(1.25538, 0.027168246, 1.1074084)","(0.867289841, 0.86728996, 0.867289841)"
"Trunk","Library/unity default resources","1","On","1","(0.119836718, 9.813405, 0.119836733)","(0.1198367, 4.90670252, 0.1198367)"
"LOD2 Material1","","1","On","0","(3.67848921, 8.538333, 3.58872962)","(1.10046315, 1.10046315, 1.10046315)"
"Ground_Moss_ShootMat_03_LOD1_Mesh","Assets/ForestPrototype/Art/SectionFive/Ground_Moss_Shoots_03/FBX/Ground_Moss_ShootMat_03_LOD1.fbx","6","On","0","(1.51608551, 0.0327151977, 1.34024847)","(1.04436481, 1.04436481, 1.04436481)"
"LOD0 Material0","","1","On","0","(3.53286862, 12.6316137, 3.63091469)","(1.05263448, 1.05263448, 1.05263448)"
"Ground_Moss_ShootMat_03_LOD2_Mesh","Assets/ForestPrototype/Art/SectionFive/Ground_Moss_Shoots_03/FBX/Ground_Moss_ShootMat_03_LOD2.fbx","2","On","0","(1.0584029, 0.026466446, 1.16128552)","(0.765802145, 0.7658022, 0.765802145)"
"LOD1 Material0","","1","On","0","(3.29575, 9.865302, 3.206648)","(1.23316276, 1.23316276, 1.23316276)"
"Ground_Moss_ShootMat_03_LOD1_Mesh","Assets/ForestPrototype/Art/SectionFive/Ground_Moss_Shoots_03/FBX/Ground_Moss_ShootMat_03_LOD1.fbx","6","On","0","(0.836278558, 0.0254014321, 1.02975512)","(0.8108881, 0.810888052, 0.8108881)"
"LOD1 Material0","","1","On","0","(3.55863738, 10.6522141, 3.46242857)","(1.33152676, 1.33152676, 1.33152676)"
"LOD2 Material1","","1","On","0","(3.93762779, 13.0847931, 4.446302)","(1.12110865, 1.12110865, 1.12110865)"
"LOD2 Material1","","1","On","0","(3.543238, 8.224394, 3.45677853)","(1.06000113, 1.06000113, 1.06000113)"
"LOD1 Material1","","1","On","0","(4.10250044, 13.77758, 4.597734)","(1.17798281, 1.17798281, 1.17798281)"
"Ground_Moss_ShootMat_03_LOD1_Mesh","Assets/ForestPrototype/Art/SectionFive/Ground_Moss_Shoots_03/FBX/Ground_Moss_ShootMat_03_LOD1.fbx","6","On","0","(1.38587761, 0.02787592, 1.376941)","(0.8898811, 0.889880955, 0.8898811)"
"LOD2 Material1","","1","On","0","(4.53120327, 10.5176105, 4.420636)","(1.35556245, 1.35556245, 1.35556245)"
"Ground_Moss_ShootMat_03_LOD1_Mesh","Assets/ForestPrototype/Art/SectionFive/Ground_Moss_Shoots_03/FBX/Ground_Moss_ShootMat_03_LOD1.fbx","6","On","0","(1.21086, 0.0291497316, 0.99760294)","(0.9305447, 0.930544734, 0.9305447)"
"LOD1 Material0","","1","On","0","(3.74923873, 11.2227488, 3.64787674)","(1.40284359, 1.40284359, 1.40284359)"
"Ground_Moss_ShootMat_03_LOD1_Mesh","Assets/ForestPrototype/Art/SectionFive/Ground_Moss_Shoots_03/FBX/Ground_Moss_ShootMat_03_LOD1.fbx","6","On","0","(1.49408829, 0.0339012444, 1.27636516)","(1.08222735, 1.082227, 1.08222735)"
"Ground_Moss_ShootMat_03_LOD0_Mesh","Assets/ForestPrototype/Art/SectionFive/Ground_Moss_Shoots_03/FBX/Ground_Moss_ShootMat_03_LOD0.fbx","6","On","0","(1.34317231, 0.0253222864, 1.35917473)","(0.8730304, 0.8730304, 0.8730304)"
"LOD1 Material1","","1","On","0","(3.75555944, 12.6124353, 4.20891237)","(1.078363, 1.078363, 1.078363)"
"Ground_Moss_ShootMat_03_LOD1_Mesh","Assets/ForestPrototype/Art/SectionFive/Ground_Moss_Shoots_03/FBX/Ground_Moss_ShootMat_03_LOD1.fbx","6","On","0","(1.45959222, 0.0310081784, 1.53783476)","(0.9898719, 0.9898718, 0.9898719)"
"LOD1 Material0","","1","On","0","(3.9535048, 14.1357937, 3.97858381)","(1.17798281, 1.17798281, 1.17798281)"
"LOD2 Material1","","1","On","0","(4.844385, 11.2445545, 4.72617626)","(1.44925451, 1.44925451, 1.44925451)"
"Ground_Moss_ShootMat_03_LOD1_Mesh","Assets/ForestPrototype/Art/SectionFive/Ground_Moss_Shoots_03/FBX/Ground_Moss_ShootMat_03_LOD1.fbx","6","On","0","(1.71983886, 0.0349018835, 1.61350214)","(1.11417031, 1.11417031, 1.11417031)"
"Ground_Moss_ShootMat_03_LOD0_Mesh","Assets/ForestPrototype/Art/SectionFive/Ground_Moss_Shoots_03/FBX/Ground_Moss_ShootMat_03_LOD0.fbx","6","On","0","(1.092411, 0.0226901248, 1.18709111)","(0.782282054, 0.782282, 0.782282054)"
"LOD2 Material1","","1","On","0","(4.053709, 13.4705334, 4.577379)","(1.154159, 1.154159, 1.154159)"
"Ground_Moss_ShootMat_03_LOD0_Mesh","Assets/ForestPrototype/Art/SectionFive/Ground_Moss_Shoots_03/FBX/Ground_Moss_ShootMat_03_LOD0.fbx","6","On","0","(0.898227155, 0.0208709519, 0.7227204)","(0.7195629, 0.7195628, 0.7195629)"
"LOD1 Material0","","1","On","0","(3.82624578, 11.4532566, 3.722802)","(1.43165708, 1.43165708, 1.43165708)"
"LOD1 Material0","","1","On","0","(3.38639569, 12.1080894, 3.40787721)","(1.00900745, 1.00900745, 1.00900745)"
"LOD1 Material0","","1","On","0","(3.85187769, 13.7724247, 3.87631226)","(1.1477021, 1.1477021, 1.1477021)"
"Ground_Moss_ShootMat_03_LOD1_Mesh","Assets/ForestPrototype/Art/SectionFive/Ground_Moss_Shoots_03/FBX/Ground_Moss_ShootMat_03_LOD1.fbx","6","On","0","(1.58987534, 0.03489371, 1.388517)","(1.11390924, 1.11390936, 1.11390924)"
"Ground_Moss_ShootMat_03_LOD1_Mesh","Assets/ForestPrototype/Art/SectionFive/Ground_Moss_Shoots_03/FBX/Ground_Moss_ShootMat_03_LOD1.fbx","6","On","0","(1.3448112, 0.035924457, 1.5777204)","(1.14681411, 1.14681387, 1.14681411)"
"LOD2 Material1","","1","On","0","(4.64682627, 10.78599, 4.53343773)","(1.39015245, 1.39015245, 1.39015245)"
"LOD1 Material0","","1","On","0","(3.3880856, 10.1416941, 3.29648757)","(1.26771176, 1.26771176, 1.26771176)"
"Ground_Moss_ShootMat_03_LOD0_Mesh","Assets/ForestPrototype/Art/SectionFive/Ground_Moss_Shoots_03/FBX/Ground_Moss_ShootMat_03_LOD0.fbx","6","On","0","(1.62966728, 0.0303739067, 1.61274254)","(1.047194, 1.04719388, 1.047194)"
"LOD0 Material0","","1","On","0","(3.80032587, 10.694335, 3.69881916)","(1.33679187, 1.33679187, 1.33679187)"
"Habitat view: MossCarpet","","1","Off","0","(0, 0, 0)","(1, 1, 1)"
"LOD0 Material0","","1","On","0","(4.12464857, 11.6069975, 4.014479)","(1.45087469, 1.45087469, 1.45087469)"
"LOD0 Material0","","1","On","0","(4.194163, 11.8026152, 4.082137)","(1.4753269, 1.4753269, 1.4753269)"
"Trunk","Library/unity default resources","1","On","1","(0.168428361, 12.0543222, 0.168428391)","(0.168428347, 6.027161, 0.168428347)"
"LOD1 Material0","","1","On","0","(3.9483037, 11.8186178, 3.84156)","(1.47732723, 1.47732723, 1.47732723)"
"Ground_Moss_ShootMat_03_LOD1_Mesh","Assets/ForestPrototype/Art/SectionFive/Ground_Moss_Shoots_03/FBX/Ground_Moss_ShootMat_03_LOD1.fbx","6","On","0","(1.1854378, 0.0332942419, 1.417652)","(1.06284976, 1.06284964, 1.06284976)"
"Ground_Moss_ShootMat_03_LOD1_Mesh","Assets/ForestPrototype/Art/SectionFive/Ground_Moss_Shoots_03/FBX/Ground_Moss_ShootMat_03_LOD1.fbx","6","On","0","(0.7688741, 0.02287489, 0.9395124)","(0.730233431, 0.730233431, 0.730233431)"
"LOD2 Material0","","1","On","0","(3.51950359, 12.584692, 3.54212)","(1.04872429, 1.04872429, 1.04872429)"
"LOD0 Material1","","1","On","0","(4.35886574, 10.2583094, 4.242279)","(1.325815, 1.325815, 1.325815)"
"LOD2 Material1","","1","On","0","(4.1781373, 13.88401, 4.71788168)","(1.1895858, 1.1895858, 1.1895858)"
"Stake Back Right","Library/unity default resources","1","On","0","(0.12, 0.7, 0.12)","(0.12, 0.7, 0.12)"
"LOD1 Material0","","1","On","0","(3.4446342, 10.3109636, 3.35150743)","(1.28887045, 1.28887045, 1.28887045)"
"Ground_Moss_ShootMat_03_LOD2_Mesh","Assets/ForestPrototype/Art/SectionFive/Ground_Moss_Shoots_03/FBX/Ground_Moss_ShootMat_03_LOD2.fbx","2","On","0","(1.36094451, 0.0300674066, 1.36223829)","(0.869995356, 0.8699954, 0.869995356)"
"LOD2 Material0","","1","On","0","(3.27938128, 9.817063, 3.19111371)","(1.22713292, 1.22713292, 1.22713292)"
"LOD2 Material0","","1","On","0","(3.6657064, 10.9735556, 3.56704044)","(1.37169445, 1.37169445, 1.37169445)"
"Ground_Moss_ShootMat_03_LOD1_Mesh","Assets/ForestPrototype/Art/SectionFive/Ground_Moss_Shoots_03/FBX/Ground_Moss_ShootMat_03_LOD1.fbx","6","On","0","(1.135383, 0.0311931614, 1.34647846)","(0.995777369, 0.995777, 0.995777369)"
"LOD2 Material0","","1","On","0","(3.63859344, 13.0105209, 3.66197467)","(1.08421, 1.08421, 1.08421)"
"LOD0 Material1","","1","On","0","(3.857043, 12.9532509, 4.322646)","(1.1075027, 1.1075027, 1.1075027)"
"Ground_Moss_ShootMat_03_LOD0_Mesh","Assets/ForestPrototype/Art/SectionFive/Ground_Moss_Shoots_03/FBX/Ground_Moss_ShootMat_03_LOD0.fbx","6","On","0","(1.18865657, 0.0307618771, 1.4181006)","(1.06056988, 1.06056988, 1.06056988)"
"LOD2 Material0","","1","On","0","(3.78528, 11.3315077, 3.68339562)","(1.41643846, 1.41643846, 1.41643846)"
"Ground_Moss_ShootMat_03_LOD1_Mesh","Assets/ForestPrototype/Art/SectionFive/Ground_Moss_Shoots_03/FBX/Ground_Moss_ShootMat_03_LOD1.fbx","6","On","0","(1.48684716, 0.0301064886, 1.39995229)","(0.961087167, 0.9610872, 0.961087167)"
"LOD1 Material1","","1","On","0","(4.0195303, 13.4989386, 4.50474834)","(1.154159, 1.154159, 1.154159)"
"LOD0 Material0","","1","On","0","(2.940427, 8.27453, 2.86188841)","(1.0343163, 1.0343163, 1.0343163)"
"Trunk","Library/unity default resources","1","On","1","(0.107956246, 8.24858, 0.107956253)","(0.107956231, 4.12429, 0.107956231)"
"Ground_Moss_ShootMat_03_LOD1_Mesh","Assets/ForestPrototype/Art/SectionFive/Ground_Moss_Shoots_03/FBX/Ground_Moss_ShootMat_03_LOD1.fbx","6","On","0","(1.06001914, 0.03169563, 1.2976886)","(1.01181734, 1.01181734, 1.01181734)"
"LOD1 Material1","","1","On","0","(4.094093, 13.7493448, 4.58831167)","(1.1755687, 1.1755687, 1.1755687)"
"Ground_Moss_ShootMat_03_LOD2_Mesh","Assets/ForestPrototype/Art/SectionFive/Ground_Moss_Shoots_03/FBX/Ground_Moss_ShootMat_03_LOD2.fbx","2","On","0","(1.36255622, 0.0299838725, 1.35126972)","(0.8675784, 0.8675784, 0.8675784)"
"Trunk","Library/unity default resources","1","On","1","(0.1790423, 12.6935625, 0.179042324)","(0.17904228, 6.34678125, 0.17904228)"
"Ground_Moss_ShootMat_03_LOD1_Mesh","Assets/ForestPrototype/Art/SectionFive/Ground_Moss_Shoots_03/FBX/Ground_Moss_ShootMat_03_LOD1.fbx","6","On","0","(1.10994041, 0.0290206727, 1.29128873)","(0.9264247, 0.9264248, 0.9264247)"
"LOD0 Material0","","1","On","0","(3.36475587, 12.0305347, 3.45813632)","(1.00254452, 1.00254452, 1.00254452)"
"Footing Back","Library/unity default resources","1","On","0","(4, 0.1, 0.14)","(4, 0.1, 0.14)"
"Ground_Moss_ShootMat_03_LOD2_Mesh","Assets/ForestPrototype/Art/SectionFive/Ground_Moss_Shoots_03/FBX/Ground_Moss_ShootMat_03_LOD2.fbx","2","On","0","(1.55666625, 0.0354894921, 1.41830015)","(1.02688253, 1.02688253, 1.02688253)"
"LOD1 Material0","","1","On","0","(3.946515, 14.1108017, 3.97154975)","(1.1759001, 1.1759001, 1.1759001)"
"LOD0 Material0","","1","On","0","(3.50836349, 12.5439968, 3.60572934)","(1.045333, 1.045333, 1.045333)"
"Ground_Moss_ShootMat_03_LOD1_Mesh","Assets/ForestPrototype/Art/SectionFive/Ground_Moss_Shoots_03/FBX/Ground_Moss_ShootMat_03_LOD1.fbx","6","On","0","(0.950513959, 0.0233846735, 1.07879829)","(0.7465073, 0.7465072, 0.7465073)"
"Ground_Moss_ShootMat_03_LOD2_Mesh","Assets/ForestPrototype/Art/SectionFive/Ground_Moss_Shoots_03/FBX/Ground_Moss_ShootMat_03_LOD2.fbx","2","On","0","(1.25389493, 0.0281010456, 1.28046536)","(0.8130991, 0.8130991, 0.8130991)"
"LOD2 Material1","","1","On","0","(4.830649, 11.2126713, 4.712775)","(1.44514525, 1.44514525, 1.44514525)"
"LOD2 Material0","","1","On","0","(4.05855942, 14.5121937, 4.08463955)","(1.20934951, 1.20934951, 1.20934951)"
"LOD1 Material0","","1","On","0","(3.27841234, 9.813405, 3.18977952)","(1.22667563, 1.22667563, 1.22667563)"
"LOD0 Material1","","1","On","0","(3.510847, 11.7906094, 3.93465948)","(1.00809681, 1.00809681, 1.00809681)"
"LOD1 Material0","","1","On","0","(3.525698, 10.5536146, 3.43037939)","(1.31920183, 1.31920183, 1.31920183)"
"Bramble_Clump_01_LOD1_Mesh","Assets/ForestPrototype/Art/SectionFive/Woodland_Assets/Bramble_Clump_01/Bramble_Clump_01_LOD1.fbx","2","On","0","(1.35329306, 0.75815773, 1.56549048)","(0.8381375, 0.8381375, 0.8381375)"
"LOD0 Material1","","1","On","0","(4.42059469, 10.4035845, 4.30235672)","(1.34459078, 1.34459078, 1.34459078)"
"LOD1 Material1","","1","On","0","(3.683935, 12.3718958, 4.12864161)","(1.05779684, 1.05779684, 1.05779684)"
"Ground_Moss_ShootMat_03_LOD1_Mesh","Assets/ForestPrototype/Art/SectionFive/Ground_Moss_Shoots_03/FBX/Ground_Moss_ShootMat_03_LOD1.fbx","6","On","0","(1.3016305, 0.0276874937, 1.37259173)","(0.8838658, 0.883865833, 0.8838658)"
"LOD2 Material0","","1","On","0","(3.69707155, 13.2196217, 3.72082877)","(1.1016351, 1.1016351, 1.1016351)"
"Ground_Moss_ShootMat_03_LOD1_Mesh","Assets/ForestPrototype/Art/SectionFive/Ground_Moss_Shoots_03/FBX/Ground_Moss_ShootMat_03_LOD1.fbx","6","On","0","(1.306751, 0.0267397724, 1.33388662)","(0.8536118, 0.8536118, 0.8536118)"
"LOD1 Material1","","1","On","0","(4.79632854, 11.2878494, 4.66804075)","(1.45887589, 1.45887589, 1.45887589)"
"Ground_Moss_ShootMat_03_LOD0_Mesh","Assets/ForestPrototype/Art/SectionFive/Ground_Moss_Shoots_03/FBX/Ground_Moss_ShootMat_03_LOD0.fbx","6","On","0","(1.41198158, 0.0270422734, 1.29659867)","(0.93233, 0.93233, 0.93233)"
"Ground_Moss_ShootMat_03_LOD2_Mesh","Assets/ForestPrototype/Art/SectionFive/Ground_Moss_Shoots_03/FBX/Ground_Moss_ShootMat_03_LOD2.fbx","2","On","0","(1.24926114, 0.030543454, 1.35524762)","(0.883769631, 0.883769751, 0.883769631)"
"Ground_Moss_ShootMat_03_LOD2_Mesh","Assets/ForestPrototype/Art/SectionFive/Ground_Moss_Shoots_03/FBX/Ground_Moss_ShootMat_03_LOD2.fbx","2","On","0","(0.907613456, 0.0245636851, 1.03158092)","(0.7107463, 0.710746169, 0.7107463)"
"Ground_Moss_ShootMat_03_LOD2_Mesh","Assets/ForestPrototype/Art/SectionFive/Ground_Moss_Shoots_03/FBX/Ground_Moss_ShootMat_03_LOD2.fbx","2","On","0","(1.33066583, 0.03652939, 1.52131808)","(1.05697179, 1.05697179, 1.05697179)"
"Habitat view: DeadwoodFungi","","1","Off","0","(0, 0, 0)","(1, 1, 1)"
"Ground_Moss_ShootMat_03_LOD2_Mesh","Assets/ForestPrototype/Art/SectionFive/Ground_Moss_Shoots_03/FBX/Ground_Moss_ShootMat_03_LOD2.fbx","2","On","0","(1.52721691, 0.0341795348, 1.5571835)","(0.988979161, 0.988979161, 0.988979161)"
"Ground_Moss_ShootMat_03_LOD1_Mesh","Assets/ForestPrototype/Art/SectionFive/Ground_Moss_Shoots_03/FBX/Ground_Moss_ShootMat_03_LOD1.fbx","6","On","0","(1.08193231, 0.0257761329, 1.21103871)","(0.822849631, 0.822849631, 0.822849631)"
"Dirt Path 16","Library/unity default resources","1","Off","0","(2.67135787, 0.012, 1.18680835)","(2.6, 0.012, 0.613365054)"
"Corner Post A","Library/unity default resources","1","On","0","(0.1, 0.9, 0.1)","(0.1, 0.9, 0.1)"
"Trunk","Library/unity default resources","1","On","1","(0.121105656, 9.496785, 0.121105671)","(0.121105641, 4.74839258, 0.121105641)"
"LOD1 Material0","","1","On","0","(3.873548, 13.8499069, 3.89812)","(1.154159, 1.154159, 1.154159)"
"LOD0 Material1","","1","On","0","(4.63187075, 10.9008083, 4.507982)","(1.40885353, 1.40885353, 1.40885353)"
"LOD2 Material1","","1","On","0","(3.70888829, 12.3246889, 4.18801355)","(1.05598271, 1.05598271, 1.05598271)"
"LOD1 Material1","","1","On","0","(4.03292656, 9.491232, 3.92505765)","(1.22667563, 1.22667563, 1.22667563)"
"LOD2 Material1","","1","On","0","(4.297612, 14.2810268, 4.85279036)","(1.22360229, 1.22360229, 1.22360229)"
"Ground_Moss_ShootMat_03_LOD1_Mesh","Assets/ForestPrototype/Art/SectionFive/Ground_Moss_Shoots_03/FBX/Ground_Moss_ShootMat_03_LOD1.fbx","6","On","0","(1.30421174, 0.0279008728, 1.16052532)","(0.8906775, 0.8906775, 0.8906775)"
"Footing Left","Library/unity default resources","1","On","0","(0.14, 0.1, 2.9)","(0.14, 0.1, 2.9)"
"LOD2 Material0","","1","On","0","(3.86318374, 11.5647182, 3.75920272)","(1.44558978, 1.44558978, 1.44558978)"
"Trunk","Library/unity default resources","1","On","1","(0.125328913, 9.542156, 0.125328928)","(0.1253289, 4.771078, 0.1253289)"
"Ground_Moss_ShootMat_03_LOD0_Mesh","Assets/ForestPrototype/Art/SectionFive/Ground_Moss_Shoots_03/FBX/Ground_Moss_ShootMat_03_LOD0.fbx","6","On","0","(1.3040148, 0.0247590486, 1.33113837)","(0.8536118, 0.8536118, 0.8536118)"
"LOD0 Material1","","1","On","0","(4.26137733, 14.311142, 4.77578974)","(1.22360229, 1.22360229, 1.22360229)"
"Ground_Moss_ShootMat_03_LOD0_Mesh","Assets/ForestPrototype/Art/SectionFive/Ground_Moss_Shoots_03/FBX/Ground_Moss_ShootMat_03_LOD0.fbx","6","On","0","(1.73666143, 0.0331837237, 1.78459859)","(1.14406729, 1.14406729, 1.14406729)"
"LOD0 Material0","","1","On","0","(4.04373074, 11.3792906, 3.93572283)","(1.42241132, 1.42241132, 1.42241132)"
"Ground_Moss_ShootMat_03_LOD2_Mesh","Assets/ForestPrototype/Art/SectionFive/Ground_Moss_Shoots_03/FBX/Ground_Moss_ShootMat_03_LOD2.fbx","2","On","0","(1.2993083, 0.0326517262, 1.42901826)","(0.944772243, 0.944772243, 0.944772243)"
"Ground_Moss_ShootMat_03_LOD2_Mesh","Assets/ForestPrototype/Art/SectionFive/Ground_Moss_Shoots_03/FBX/Ground_Moss_ShootMat_03_LOD2.fbx","2","On","0","(1.66342449, 0.03771215, 1.5238266)","(1.09119475, 1.09119475, 1.09119475)"
"Ground_Moss_ShootMat_03_LOD2_Mesh","Assets/ForestPrototype/Art/SectionFive/Ground_Moss_Shoots_03/FBX/Ground_Moss_ShootMat_03_LOD2.fbx","2","On","0","(1.31181049, 0.034423016, 1.08515418)","(0.9960242, 0.996024251, 0.9960242)"
"LOD2 Material0","","1","On","0","(3.31166625, 9.913711, 3.22252965)","(1.23921382, 1.23921382, 1.23921382)"
"Ground_Moss_ShootMat_03_LOD0_Mesh","Assets/ForestPrototype/Art/SectionFive/Ground_Moss_Shoots_03/FBX/Ground_Moss_ShootMat_03_LOD0.fbx","6","On","0","(1.51576, 0.0301070213, 1.34772277)","(1.0379926, 1.0379926, 1.0379926)"
"Ground_Moss_ShootMat_03_LOD1_Mesh","Assets/ForestPrototype/Art/SectionFive/Ground_Moss_Shoots_03/FBX/Ground_Moss_ShootMat_03_LOD1.fbx","6","On","0","(1.19947517, 0.0265702754, 1.29604506)","(0.848201036, 0.848201, 0.848201036)"
"Ground_Moss_ShootMat_03_LOD1_Mesh","Assets/ForestPrototype/Art/SectionFive/Ground_Moss_Shoots_03/FBX/Ground_Moss_ShootMat_03_LOD1.fbx","6","On","0","(1.41149044, 0.0290989671, 1.29812479)","(0.9289242, 0.9289242, 0.9289242)"
"LOD1 Material1","","1","On","0","(4.470216, 10.5203638, 4.350651)","(1.35968375, 1.35968375, 1.35968375)"
"Ground_Moss_ShootMat_03_LOD1_Mesh","Assets/ForestPrototype/Art/SectionFive/Ground_Moss_Shoots_03/FBX/Ground_Moss_ShootMat_03_LOD1.fbx","6","On","0","(1.26674378, 0.03270014, 1.46626854)","(1.04388428, 1.04388416, 1.04388428)"
"LOD1 Material0","","1","On","0","(3.77462244, 13.4961977, 3.79856658)","(1.12468314, 1.12468314, 1.12468314)"
"Ground_Moss_ShootMat_03_LOD1_Mesh","Assets/ForestPrototype/Art/SectionFive/Ground_Moss_Shoots_03/FBX/Ground_Moss_ShootMat_03_LOD1.fbx","6","On","0","(0.9113259, 0.0253149625, 1.08530617)","(0.808127642, 0.8081277, 0.808127642)"
"Trunk","Library/unity default resources","1","On","1","(0.185456678, 12.9924307, 0.185456708)","(0.185456663, 6.49621534, 0.185456663)"
"Ground_Moss_ShootMat_03_LOD2_Mesh","Assets/ForestPrototype/Art/SectionFive/Ground_Moss_Shoots_03/FBX/Ground_Moss_ShootMat_03_LOD2.fbx","2","On","0","(1.580322, 0.0369612947, 1.40902555)","(1.069469, 1.069469, 1.069469)"
"Ground_Moss_ShootMat_03_LOD1_Mesh","Assets/ForestPrototype/Art/SectionFive/Ground_Moss_Shoots_03/FBX/Ground_Moss_ShootMat_03_LOD1.fbx","6","On","0","(1.48322, 0.0350361057, 1.65388656)","(1.118455, 1.118455, 1.118455)"
"Ground_Moss_ShootMat_03_LOD0_Mesh","Assets/ForestPrototype/Art/SectionFive/Ground_Moss_Shoots_03/FBX/Ground_Moss_ShootMat_03_LOD0.fbx","6","On","0","(1.243163, 0.0252840463, 1.08634722)","(0.871711969, 0.871712, 0.871711969)"
"Ground_Moss_ShootMat_03_LOD0_Mesh","Assets/ForestPrototype/Art/SectionFive/Ground_Moss_Shoots_03/FBX/Ground_Moss_ShootMat_03_LOD0.fbx","6","On","0","(1.37841022, 0.0258954838, 1.29775953)","(0.8927924, 0.8927924, 0.8927924)"
"LOD2 Material1","","1","On","0","(4.67413235, 10.849371, 4.56007767)","(1.39832139, 1.39832139, 1.39832139)"
"LOD1 Material1","","1","On","0","(3.83911371, 12.8930387, 4.3025527)","(1.10235453, 1.10235453, 1.10235453)"
"Ground_Moss_ShootMat_03_LOD2_Mesh","Assets/ForestPrototype/Art/SectionFive/Ground_Moss_Shoots_03/FBX/Ground_Moss_ShootMat_03_LOD2.fbx","2","On","0","(1.39499927, 0.0343674831, 1.5193069)","(0.994417548, 0.9944174, 0.994417548)"
"Ground_Moss_ShootMat_03_LOD2_Mesh","Assets/ForestPrototype/Art/SectionFive/Ground_Moss_Shoots_03/FBX/Ground_Moss_ShootMat_03_LOD2.fbx","2","On","0","(1.633045, 0.0366755724, 1.51129043)","(1.06120145, 1.06120157, 1.06120145)"
"LOD2 Material1","","1","On","0","(4.38448, 14.56969, 4.95088)","(1.248335, 1.248335, 1.248335)"
"Trunk","Library/unity default resources","1","On","1","(0.154651746, 11.553113, 0.154651761)","(0.154651731, 5.77655649, 0.154651731)"
"Ground_Moss_ShootMat_03_LOD0_Mesh","Assets/ForestPrototype/Art/SectionFive/Ground_Moss_Shoots_03/FBX/Ground_Moss_ShootMat_03_LOD0.fbx","6","On","0","(1.41983151, 0.0281603858, 1.26386309)","(0.970879138, 0.9708789, 0.970879138)"
"Ground_Moss_ShootMat_03_LOD0_Mesh","Assets/ForestPrototype/Art/SectionFive/Ground_Moss_Shoots_03/FBX/Ground_Moss_ShootMat_03_LOD0.fbx","6","On","0","(1.57892728, 0.0294055641, 1.55811143)","(1.01380873, 1.01380861, 1.01380873)"
"Ground_Moss_ShootMat_03_LOD1_Mesh","Assets/ForestPrototype/Art/SectionFive/Ground_Moss_Shoots_03/FBX/Ground_Moss_ShootMat_03_LOD1.fbx","6","On","0","(1.57403111, 0.0316865966, 1.567148)","(1.01152909, 1.011529, 1.01152909)"
"LOD0 Material0","","1","On","0","(3.87350869, 13.8495569, 3.98100829)","(1.15412974, 1.15412974, 1.15412974)"
"LOD2 Material1","","1","On","0","(3.968082, 9.210521, 3.87125564)","(1.18709815, 1.18709815, 1.18709815)"
"LOD1 Material0","","1","On","0","(4.0105896, 14.339901, 4.036031)","(1.19499171, 1.19499171, 1.19499171)"
"Ground_Moss_ShootMat_03_LOD1_Mesh","Assets/ForestPrototype/Art/SectionFive/Ground_Moss_Shoots_03/FBX/Ground_Moss_ShootMat_03_LOD1.fbx","6","On","0","(1.13207626, 0.0240742769, 1.19357312)","(0.7685214, 0.768521369, 0.7685214)"
"LOD0 Material1","","1","On","0","(4.925644, 11.592185, 4.79389763)","(1.49820912, 1.49820912, 1.49820912)"
"LOD0 Material0","","1","On","0","(4.067525, 11.4462481, 3.95888138)","(1.430781, 1.430781, 1.430781)"
"Ground_Moss_ShootMat_03_LOD0_Mesh","Assets/ForestPrototype/Art/SectionFive/Ground_Moss_Shoots_03/FBX/Ground_Moss_ShootMat_03_LOD0.fbx","6","On","0","(1.41753912, 0.0263818428, 1.36722636)","(0.909560442, 0.9095605, 0.909560442)"
"Ground_Moss_ShootMat_03_LOD2_Mesh","Assets/ForestPrototype/Art/SectionFive/Ground_Moss_Shoots_03/FBX/Ground_Moss_ShootMat_03_LOD2.fbx","2","On","0","(1.04519141, 0.0247668233, 1.11421573)","(0.716623962, 0.7166239, 0.716623962)"
"LOD1 Material0","","1","On","0","(3.27963448, 9.817063, 3.19096851)","(1.22713292, 1.22713292, 1.22713292)"
"Ground_Moss_ShootMat_03_LOD0_Mesh","Assets/ForestPrototype/Art/SectionFive/Ground_Moss_Shoots_03/FBX/Ground_Moss_ShootMat_03_LOD0.fbx","6","On","0","(1.19929123, 0.0292291064, 1.39805031)","(1.00772512, 1.00772488, 1.00772512)"
"Ground_Moss_ShootMat_03_LOD2_Mesh","Assets/ForestPrototype/Art/SectionFive/Ground_Moss_Shoots_03/FBX/Ground_Moss_ShootMat_03_LOD2.fbx","2","On","0","(1.76164365, 0.03868987, 1.699231)","(1.1194849, 1.119485, 1.1194849)"
"Ground_Moss_ShootMat_03_LOD2_Mesh","Assets/ForestPrototype/Art/SectionFive/Ground_Moss_Shoots_03/FBX/Ground_Moss_ShootMat_03_LOD2.fbx","2","On","0","(1.7096312, 0.0390002765, 1.5567894)","(1.12846684, 1.12846649, 1.12846684)"
"Ground_Moss_ShootMat_03_LOD1_Mesh","Assets/ForestPrototype/Art/SectionFive/Ground_Moss_Shoots_03/FBX/Ground_Moss_ShootMat_03_LOD1.fbx","6","On","0","(1.40081394, 0.0317846835, 1.53257883)","(1.01466, 1.01466012, 1.01466)"
"LOD1 Material0","","1","On","0","(3.65425587, 10.9384327, 3.555462)","(1.36730409, 1.36730409, 1.36730409)"
"Ground_Moss_ShootMat_03_LOD1_Mesh","Assets/ForestPrototype/Art/SectionFive/Ground_Moss_Shoots_03/FBX/Ground_Moss_ShootMat_03_LOD1.fbx","6","On","0","(1.00158858, 0.02313645, 1.10536659)","(0.7385832, 0.7385832, 0.7385832)"
"Trunk","Library/unity default resources","1","On","1","(0.156778768, 12.2449884, 0.1567788)","(0.156778753, 6.122494, 0.156778753)"
"LOD0 Material0","","1","On","0","(3.9881022, 11.2227488, 3.88158)","(1.40284359, 1.40284359, 1.40284359)"
"LOD2 Material1","","1","On","0","(3.98024344, 9.2387495, 3.88312054)","(1.19073641, 1.19073641, 1.19073641)"
"Ground_Moss_ShootMat_03_LOD2_Mesh","Assets/ForestPrototype/Art/SectionFive/Ground_Moss_Shoots_03/FBX/Ground_Moss_ShootMat_03_LOD2.fbx","2","On","0","(1.14306223, 0.0298087373, 0.9490608)","(0.86251086, 0.86251086, 0.86251086)"
"LOD2 Material0","","1","On","0","(3.40416265, 12.172266, 3.42603755)","(1.01435554, 1.01435554, 1.01435554)"
"Trunk","Library/unity default resources","1","On","1","(0.151876181, 11.07044, 0.1518762)","(0.151876166, 5.53522, 0.151876166)"
"LOD1 Material1","","1","On","0","(4.11053276, 13.8045549, 4.60673571)","(1.18028915, 1.18028915, 1.18028915)"
"ShadeFern_Clump_01_LOD2_Mesh","Assets/ForestPrototype/Art/SectionFive/Woodland_Assets/ShadeFern_Clump_01/ShadeFern_Clump_01_LOD2.fbx","2","On","0","(1.80920291, 0.6428407, 1.81271064)","(1.133919, 1.133919, 1.133919)"
"LOD0 Material0","","1","On","0","(4.00006866, 11.256423, 3.893227)","(1.40705287, 1.40705287, 1.40705287)"
"Ground_Moss_ShootMat_03_LOD2_Mesh","Assets/ForestPrototype/Art/SectionFive/Ground_Moss_Shoots_03/FBX/Ground_Moss_ShootMat_03_LOD2.fbx","2","On","0","(1.66526365, 0.0388156436, 1.48871887)","(1.12312424, 1.12312424, 1.12312424)"
"LOD2 Material1","","1","On","0","(4.023296, 9.338681, 3.92512226)","(1.203616, 1.203616, 1.203616)"
"Ground_Moss_ShootMat_03_LOD0_Mesh","Assets/ForestPrototype/Art/SectionFive/Ground_Moss_Shoots_03/FBX/Ground_Moss_ShootMat_03_LOD0.fbx","6","On","0","(1.25927281, 0.0242157262, 1.151542)","(0.8348798, 0.8348798, 0.8348798)"
"LOD0 Material0","","1","On","0","(3.55194187, 9.995368, 3.4570694)","(1.249421, 1.249421, 1.249421)"
"Ground_Moss_ShootMat_03_LOD1_Mesh","Assets/ForestPrototype/Art/SectionFive/Ground_Moss_Shoots_03/FBX/Ground_Moss_ShootMat_03_LOD1.fbx","6","On","0","(1.61925, 0.03254226, 1.60490692)","(1.03884411, 1.03884411, 1.03884411)"
"LOD2 Material0","","1","On","0","(3.549951, 12.6935616, 3.57276273)","(1.05779684, 1.05779684, 1.05779684)"
"LOD2 Material1","","1","On","0","(3.68191, 12.23504, 4.15755033)","(1.04830158, 1.04830158, 1.04830158)"
"LOD2 Material1","","1","On","0","(4.06346, 9.431908, 3.96430635)","(1.2156316, 1.2156316, 1.2156316)"
"Dirt Path 35","Library/unity default resources","1","Off","0","(2.614893, 0.012, 1.778677)","(2.6, 0.012, 0.66233)"
"LOD0 Material1","","1","On","0","(4.28558064, 10.0858374, 4.170954)","(1.30352426, 1.30352426, 1.30352426)"
"Trunk","Library/unity default resources","1","On","1","(0.195227027, 14.600544, 0.195227042)","(0.195227, 7.300272, 0.195227)"
"LOD0 Material0","","1","On","0","(3.60394, 10.1416941, 3.507679)","(1.26771176, 1.26771176, 1.26771176)"
"LOD2 Material0","","1","On","0","(3.54466581, 12.6746635, 3.56744361)","(1.056222, 1.056222, 1.056222)"
"LOD2 Material0","","1","On","0","(3.715259, 11.1218948, 3.61525941)","(1.39023685, 1.39023685, 1.39023685)"
"Ground_Moss_ShootMat_03_LOD2_Mesh","Assets/ForestPrototype/Art/SectionFive/Ground_Moss_Shoots_03/FBX/Ground_Moss_ShootMat_03_LOD2.fbx","2","On","0","(1.42930937, 0.0317489952, 1.4434917)","(0.9186518, 0.9186519, 0.9186518)"
"LOD0 Material0","","1","On","0","(3.632419, 12.9875526, 3.733228)","(1.082296, 1.082296, 1.082296)"
"LOD2 Material1","","1","On","0","(4.756264, 11.0400124, 4.64020538)","(1.42289209, 1.42289209, 1.42289209)"
"LOD0 Material1","","1","On","0","(4.40729856, 10.3722925, 4.28941631)","(1.34054661, 1.34054661, 1.34054661)"
"LOD1 Material0","","1","On","0","(3.42305017, 10.2463551, 3.3305068)","(1.28079438, 1.28079438, 1.28079438)"
"LOD2 Material1","","1","On","0","(3.54506922, 11.7803154, 4.00303173)","(1.00934064, 1.00934064, 1.00934064)"
"LOD1 Material1","","1","On","0","(4.29518032, 10.108429, 4.180297)","(1.306444, 1.306444, 1.306444)"
"Trunk","Library/unity default resources","1","On","1","(0.109912604, 8.769875, 0.109912619)","(0.109912589, 4.38493729, 0.109912589)"
"Trunk","Library/unity default resources","1","On","1","(0.176471367, 13.3482828, 0.1764714)","(0.176471353, 6.67414141, 0.176471353)"
"Ground_Moss_ShootMat_03_LOD2_Mesh","Assets/ForestPrototype/Art/SectionFive/Ground_Moss_Shoots_03/FBX/Ground_Moss_ShootMat_03_LOD2.fbx","2","On","0","(1.3044703, 0.0330143347, 1.10282934)","(0.95526433, 0.95526433, 0.95526433)"
"Ground_Moss_ShootMat_03_LOD2_Mesh","Assets/ForestPrototype/Art/SectionFive/Ground_Moss_Shoots_03/FBX/Ground_Moss_ShootMat_03_LOD2.fbx","2","On","0","(1.296473, 0.03409173, 1.45562935)","(0.9864385, 0.9864385, 0.9864385)"
"LOD2 Material1","","1","On","0","(4.73301649, 10.9860506, 4.617525)","(1.4159373, 1.4159373, 1.4159373)"
"LOD0 Material1","","1","On","0","(3.73411632, 12.5404215, 4.18488026)","(1.07220578, 1.07220578, 1.07220578)"
"LOD1 Material1","","1","On","0","(4.80377769, 11.3053808, 4.675291)","(1.46114171, 1.46114171, 1.46114171)"
"LOD0 Material1","","1","On","0","(4.44886446, 10.4701157, 4.3298707)","(1.35318947, 1.35318947, 1.35318947)"
"LOD2 Material0","","1","On","0","(2.93779469, 8.794499, 2.85872126)","(1.09931242, 1.09931242, 1.09931242)"
"Ground_Moss_ShootMat_03_LOD1_Mesh","Assets/ForestPrototype/Art/SectionFive/Ground_Moss_Shoots_03/FBX/Ground_Moss_ShootMat_03_LOD1.fbx","6","On","0","(1.07338834, 0.0234509241, 1.15088725)","(0.7486224, 0.7486221, 0.7486224)"
"Ground_Moss_ShootMat_03_LOD0_Mesh","Assets/ForestPrototype/Art/SectionFive/Ground_Moss_Shoots_03/FBX/Ground_Moss_ShootMat_03_LOD0.fbx","6","On","0","(1.50916183, 0.0328208432, 1.26301575)","(1.13155663, 1.13155639, 1.13155663)"
"LOD2 Material1","","1","On","0","(3.5301342, 11.7306871, 3.98616743)","(1.00508845, 1.00508845, 1.00508845)"
"LOD2 Material1","","1","On","0","(3.80499864, 12.6440649, 4.29654)","(1.083347, 1.083347, 1.083347)"
"LOD0 Material0","","1","On","0","(3.10337353, 8.733071, 3.02048254)","(1.09163392, 1.09163392, 1.09163392)"
"Ground_Moss_ShootMat_03_LOD2_Mesh","Assets/ForestPrototype/Art/SectionFive/Ground_Moss_Shoots_03/FBX/Ground_Moss_ShootMat_03_LOD2.fbx","2","On","0","(1.4464829, 0.0317646563, 1.42305326)","(0.9191052, 0.919105053, 0.9191052)"
"Ground_Moss_ShootMat_03_LOD0_Mesh","Assets/ForestPrototype/Art/SectionFive/Ground_Moss_Shoots_03/FBX/Ground_Moss_ShootMat_03_LOD0.fbx","6","On","0","(1.12830031, 0.0215425361, 1.158553)","(0.7427169, 0.742716849, 0.7427169)"
"LOD0 Material0","","1","On","0","(3.1740613, 8.931991, 3.08928227)","(1.11649883, 1.11649883, 1.11649883)"
"Ground_Moss_ShootMat_03_LOD1_Mesh","Assets/ForestPrototype/Art/SectionFive/Ground_Moss_Shoots_03/FBX/Ground_Moss_ShootMat_03_LOD1.fbx","6","On","0","(1.45553946, 0.0291819945, 1.40847278)","(0.931574643, 0.9315747, 0.931574643)"
"LOD0 Material1","","1","On","0","(3.645773, 12.2437353, 4.08587265)","(1.04683912, 1.04683912, 1.04683912)"
"LOD1 Material1","","1","On","0","(4.16173649, 13.9765148, 4.66412067)","(1.19499171, 1.19499171, 1.19499171)"
"Ground_Moss_ShootMat_03_LOD1_Mesh","Assets/ForestPrototype/Art/SectionFive/Ground_Moss_Shoots_03/FBX/Ground_Moss_ShootMat_03_LOD1.fbx","6","On","0","(1.2485826, 0.0333837233, 1.4653343)","(1.06570625, 1.06570613, 1.06570625)"
"LOD0 Material0","","1","On","0","(3.56163883, 12.73448, 3.66048336)","(1.0612067, 1.0612067, 1.0612067)"
"LOD2 Material1","","1","On","0","(3.66281223, 12.1715775, 4.135985)","(1.04286408, 1.04286408, 1.04286408)"
"LOD0 Material1","","1","On","0","(4.61941767, 10.871501, 4.495862)","(1.40506577, 1.40506577, 1.40506577)"
"LOD1 Material1","","1","On","0","(3.56321859, 11.96649, 3.99335265)","(1.02313459, 1.02313459, 1.02313459)"
"LOD0 Material1","","1","On","0","(4.83743763, 11.3845968, 4.70805025)","(1.47137988, 1.47137988, 1.47137988)"
"LOD0 Material1","","1","On","0","(4.70959759, 11.0837336, 4.58362961)","(1.43249536, 1.43249536, 1.43249536)"
"ShadeFern_Clump_01_LOD0_Mesh","Assets/ForestPrototype/Art/SectionFive/Woodland_Assets/ShadeFern_Clump_01/ShadeFern_Clump_01_LOD0.fbx","2","On","0","(1.84855008, 0.6452423, 1.84733033)","(1.133919, 1.133919, 1.133919)"
"Ground_Moss_ShootMat_03_LOD0_Mesh","Assets/ForestPrototype/Art/SectionFive/Ground_Moss_Shoots_03/FBX/Ground_Moss_ShootMat_03_LOD0.fbx","6","On","0","(1.17407036, 0.0252784714, 0.9886404)","(0.8715201, 0.8715198, 0.8715201)"
"Ground_Moss_ShootMat_03_LOD1_Mesh","Assets/ForestPrototype/Art/SectionFive/Ground_Moss_Shoots_03/FBX/Ground_Moss_ShootMat_03_LOD1.fbx","6","On","0","(1.58751345, 0.03439468, 1.69377518)","(1.09797907, 1.097979, 1.09797907)"
"LOD0 Material1","","1","On","0","(3.6319294, 12.1972437, 4.07035828)","(1.04286408, 1.04286408, 1.04286408)"
"LOD1 Material1","","1","On","0","(3.23706555, 7.61822462, 3.15048361)","(0.984602451, 0.984602451, 0.984602451)"
"Trunk","Library/unity default resources","1","On","1","(0.107008576, 8.27453, 0.107008584)","(0.107008561, 4.137265, 0.107008561)"
"Trunk","Library/unity default resources","1","On","1","(0.148666024, 11.5302343, 0.148666039)","(0.148666009, 5.765117, 0.148666009)"
"Ground_Moss_ShootMat_03_LOD2_Mesh","Assets/ForestPrototype/Art/SectionFive/Ground_Moss_Shoots_03/FBX/Ground_Moss_ShootMat_03_LOD2.fbx","2","On","0","(1.15397346, 0.0289548915, 0.9808086)","(0.837805152, 0.837805, 0.837805152)"
"Ground_Moss_ShootMat_03_LOD1_Mesh","Assets/ForestPrototype/Art/SectionFive/Ground_Moss_Shoots_03/FBX/Ground_Moss_ShootMat_03_LOD1.fbx","6","On","0","(1.13178313, 0.0232457183, 1.04519844)","(0.74207145, 0.7420714, 0.74207145)"
"Ground_Moss_ShootMat_03_LOD1_Mesh","Assets/ForestPrototype/Art/SectionFive/Ground_Moss_Shoots_03/FBX/Ground_Moss_ShootMat_03_LOD1.fbx","6","On","0","(1.38850355, 0.0278350525, 1.36044025)","(0.8885763, 0.8885763, 0.8885763)"
"LOD1 Material1","","1","On","0","(4.65680742, 10.9594955, 4.53225136)","(1.41643846, 1.41643846, 1.41643846)"
"Ground_Moss_ShootMat_03_LOD0_Mesh","Assets/ForestPrototype/Art/SectionFive/Ground_Moss_Shoots_03/FBX/Ground_Moss_ShootMat_03_LOD0.fbx","6","On","0","(1.63457286, 0.03240897, 1.729053)","(1.1173563, 1.1173563, 1.1173563)"
"LOD0 Material0","","1","On","0","(3.27134752, 9.20576, 3.18397)","(1.15072, 1.15072, 1.15072)"
"LOD1 Material0","","1","On","0","(3.55547118, 12.7126207, 3.57802534)","(1.05938506, 1.05938506, 1.05938506)"
"Ground_Moss_ShootMat_03_LOD0_Mesh","Assets/ForestPrototype/Art/SectionFive/Ground_Moss_Shoots_03/FBX/Ground_Moss_ShootMat_03_LOD0.fbx","6","On","0","(1.09510851, 0.026184272, 1.26695526)","(0.902748942, 0.9027489, 0.902748942)"
"LOD2 Material1","","1","On","0","(4.315094, 14.339119, 4.87253046)","(1.22857964, 1.22857964, 1.22857964)"
"LOD1 Material0","","1","On","0","(3.11249447, 9.316756, 3.02834725)","(1.16459453, 1.16459453, 1.16459453)"
"LOD1 Material0","","1","On","0","(3.49201179, 10.4527807, 3.397604)","(1.30659759, 1.30659759, 1.30659759)"
"Ground_Moss_ShootMat_03_LOD2_Mesh","Assets/ForestPrototype/Art/SectionFive/Ground_Moss_Shoots_03/FBX/Ground_Moss_ShootMat_03_LOD2.fbx","2","On","0","(1.17718673, 0.0297997184, 1.2992053)","(0.86225, 0.8622499, 0.86225)"
"LOD0 Material1","","1","On","0","(4.470216, 10.5203638, 4.350651)","(1.35968375, 1.35968375, 1.35968375)"
"LOD1 Material0","","1","On","0","(3.80332446, 13.5988226, 3.827451)","(1.13323522, 1.13323522, 1.13323522)"
"Ground_Moss_ShootMat_03_LOD2_Mesh","Assets/ForestPrototype/Art/SectionFive/Ground_Moss_Shoots_03/FBX/Ground_Moss_ShootMat_03_LOD2.fbx","2","On","0","(1.11115527, 0.0259343944, 0.9923155)","(0.7504074, 0.7504074, 0.7504074)"
"Ground_Moss_ShootMat_03_LOD1_Mesh","Assets/ForestPrototype/Art/SectionFive/Ground_Moss_Shoots_03/FBX/Ground_Moss_ShootMat_03_LOD1.fbx","6","On","0","(1.20792747, 0.03075178, 0.963039458)","(0.981686831, 0.981686831, 0.981686831)"
"LOD0 Material1","","1","On","0","(4.57038736, 10.7561111, 4.448143)","(1.39015245, 1.39015245, 1.39015245)"
"Trunk","Library/unity default resources","1","On","1","(0.126259968, 9.919882, 0.126259983)","(0.126259953, 4.959941, 0.126259953)"
"Ground_Moss_ShootMat_03_LOD0_Mesh","Assets/ForestPrototype/Art/SectionFive/Ground_Moss_Shoots_03/FBX/Ground_Moss_ShootMat_03_LOD0.fbx","6","On","0","(1.1711024, 0.0257524829, 0.9735384)","(0.8878622, 0.8878622, 0.8878622)"
"Ground_Moss_ShootMat_03_LOD0_Mesh","Assets/ForestPrototype/Art/SectionFive/Ground_Moss_Shoots_03/FBX/Ground_Moss_ShootMat_03_LOD0.fbx","6","On","0","(1.3609333, 0.0305093359, 1.53296113)","(1.05186343, 1.05186307, 1.05186343)"
"LOD1 Material0","","1","On","0","(3.402418, 12.1653767, 3.42400122)","(1.01378143, 1.01378143, 1.01378143)"
"Ground_Moss_ShootMat_03_LOD1_Mesh","Assets/ForestPrototype/Art/SectionFive/Ground_Moss_Shoots_03/FBX/Ground_Moss_ShootMat_03_LOD1.fbx","6","On","0","(1.42686534, 0.03290792, 1.57351947)","(1.05051708, 1.0505172, 1.05051708)"
"LOD1 Material0","","1","On","0","(3.38752961, 10.14003, 3.2959466)","(1.26750374, 1.26750374, 1.26750374)"
"LOD2 Material0","","1","On","0","(3.61467862, 12.9250088, 3.63790655)","(1.07708406, 1.07708406, 1.07708406)"
"Ground_Moss_ShootMat_03_LOD1_Mesh","Assets/ForestPrototype/Art/SectionFive/Ground_Moss_Shoots_03/FBX/Ground_Moss_ShootMat_03_LOD1.fbx","6","On","0","(1.10397363, 0.0250749141, 0.9424884)","(0.800464749, 0.80046463, 0.800464749)"
"LOD1 Material0","","1","On","0","(3.77687955, 11.3054867, 3.67477036)","(1.41318583, 1.41318583, 1.41318583)"
"Ground_Moss_ShootMat_03_LOD1_Mesh","Assets/ForestPrototype/Art/SectionFive/Ground_Moss_Shoots_03/FBX/Ground_Moss_ShootMat_03_LOD1.fbx","6","On","0","(1.50642264, 0.0331299044, 1.31377017)","(1.05760336, 1.05760348, 1.05760336)"
"LOD2 Material0","","1","On","0","(3.3022666, 9.885572, 3.213383)","(1.23569655, 1.23569655, 1.23569655)"
"LOD2 Material1","","1","On","0","(4.86548662, 11.2935333, 4.74676275)","(1.45556724, 1.45556724, 1.45556724)"
"Ground_Moss_ShootMat_03_LOD0_Mesh","Assets/ForestPrototype/Art/SectionFive/Ground_Moss_Shoots_03/FBX/Ground_Moss_ShootMat_03_LOD0.fbx","6","On","0","(1.50959051, 0.031016808, 1.30997074)","(1.06935906, 1.06935906, 1.06935906)"
"Ground_Moss_ShootMat_03_LOD0_Mesh","Assets/ForestPrototype/Art/SectionFive/Ground_Moss_Shoots_03/FBX/Ground_Moss_ShootMat_03_LOD0.fbx","6","On","0","(1.39855552, 0.0302006323, 1.17553639)","(1.04122, 1.04122, 1.04122)"
"LOD2 Material1","","1","On","0","(4.7033186, 10.9171181, 4.588552)","(1.40705287, 1.40705287, 1.40705287)"
"Ground_Moss_ShootMat_03_LOD1_Mesh","Assets/ForestPrototype/Art/SectionFive/Ground_Moss_Shoots_03/FBX/Ground_Moss_ShootMat_03_LOD1.fbx","6","On","0","(1.21295941, 0.0299541987, 1.37884736)","(0.9562257, 0.9562257, 0.9562257)"
"Ground_Moss_ShootMat_03_LOD0_Mesh","Assets/ForestPrototype/Art/SectionFive/Ground_Moss_Shoots_03/FBX/Ground_Moss_ShootMat_03_LOD0.fbx","6","On","0","(0.833042741, 0.0233903881, 1.02463579)","(0.806424856, 0.8064248, 0.806424856)"
"Ground_Moss_ShootMat_03_LOD1_Mesh","Assets/ForestPrototype/Art/SectionFive/Ground_Moss_Shoots_03/FBX/Ground_Moss_ShootMat_03_LOD1.fbx","6","On","0","(1.6461432, 0.03470227, 1.4823072)","(1.10779822, 1.1077981, 1.10779822)"
"LOD2 Material1","","1","On","0","(3.783002, 12.57097, 4.27170134)","(1.07708406, 1.07708406, 1.07708406)"
"Ground_Moss_ShootMat_03_LOD0_Mesh","Assets/ForestPrototype/Art/SectionFive/Ground_Moss_Shoots_03/FBX/Ground_Moss_ShootMat_03_LOD0.fbx","6","On","0","(1.264688, 0.0235190466, 1.23649526)","(0.810860634, 0.8108606, 0.810860634)"
"LOD1 Material0","","1","On","0","(3.98429275, 11.9263449, 3.876576)","(1.49079311, 1.49079311, 1.49079311)"
"Trunk","Library/unity default resources","1","On","1","(0.103852287, 8.610605, 0.103852294)","(0.103852272, 4.30530262, 0.103852272)"
"LOD0 Material0","","1","On","0","(3.09195924, 8.700951, 3.009373)","(1.08761883, 1.08761883, 1.08761883)"
"LOD2 Material0","","1","On","0","(2.63124466, 7.87681961, 2.56042218)","(0.984602451, 0.984602451, 0.984602451)"
"LOD2 Material1","","1","On","0","(3.6368475, 8.441676, 3.548104)","(1.08800554, 1.08800554, 1.08800554)"
"LOD0 Material0","","1","On","0","(3.754345, 13.4234924, 3.85853744)","(1.11862433, 1.11862433, 1.11862433)"
"Ground_Moss_ShootMat_03_LOD1_Mesh","Assets/ForestPrototype/Art/SectionFive/Ground_Moss_Shoots_03/FBX/Ground_Moss_ShootMat_03_LOD1.fbx","6","On","0","(1.45442629, 0.03255387, 1.25350928)","(1.03921485, 1.03921485, 1.03921485)"
"Ground_Moss_ShootMat_03_LOD0_Mesh","Assets/ForestPrototype/Art/SectionFive/Ground_Moss_Shoots_03/FBX/Ground_Moss_ShootMat_03_LOD0.fbx","6","On","0","(1.166852, 0.02268375, 1.217115)","(0.7820622, 0.782062232, 0.7820622)"
"LOD1 Material0","","1","On","0","(3.86348224, 11.5647182, 3.75903177)","(1.44558978, 1.44558978, 1.44558978)"
"Ground_Moss_ShootMat_03_LOD1_Mesh","Assets/ForestPrototype/Art/SectionFive/Ground_Moss_Shoots_03/FBX/Ground_Moss_ShootMat_03_LOD1.fbx","6","On","0","(1.29499745, 0.0299240835, 1.09369659)","(0.95526433, 0.95526433, 0.95526433)"
"LOD2 Material0","","1","On","0","(3.90828633, 11.6997356, 3.803091)","(1.462467, 1.462467, 1.462467)"
"Ground_Moss_ShootMat_03_LOD2_Mesh","Assets/ForestPrototype/Art/SectionFive/Ground_Moss_Shoots_03/FBX/Ground_Moss_ShootMat_03_LOD2.fbx","2","On","0","(0.9296059, 0.0256942362, 0.746010244)","(0.74345845, 0.74345845, 0.74345845)"
"LOD2 Material0","","1","On","0","(3.75488782, 11.2405262, 3.65382147)","(1.40506577, 1.40506577, 1.40506577)"
"LOD1 Material0","","1","On","0","(3.6674397, 13.1129646, 3.690704)","(1.09274709, 1.09274709, 1.09274709)"
"LOD2 Material1","","1","On","0","(4.137385, 13.7485886, 4.671864)","(1.17798281, 1.17798281, 1.17798281)"
"LOD0 Material0","","1","On","0","(4.23049545, 11.9048567, 4.117499)","(1.48810709, 1.48810709, 1.48810709)"
"Trunk","Library/unity default resources","1","On","1","(0.170861453, 12.5439968, 0.170861483)","(0.170861438, 6.27199841, 0.170861438)"
"LOD2 Material1","","1","On","0","(3.90937734, 9.074259, 3.81398368)","(1.169536, 1.169536, 1.169536)"
"Ground_Moss_ShootMat_03_LOD0_Mesh","Assets/ForestPrototype/Art/SectionFive/Ground_Moss_Shoots_03/FBX/Ground_Moss_ShootMat_03_LOD0.fbx","6","On","0","(0.777616262, 0.02075942, 0.938648462)","(0.715717554, 0.715717554, 0.715717554)"
"Ground_Moss_ShootMat_03_LOD1_Mesh","Assets/ForestPrototype/Art/SectionFive/Ground_Moss_Shoots_03/FBX/Ground_Moss_ShootMat_03_LOD1.fbx","6","On","0","(1.088744, 0.0272000823, 0.877624869)","(0.8683062, 0.8683062, 0.8683062)"
"Ground_Moss_ShootMat_03_LOD2_Mesh","Assets/ForestPrototype/Art/SectionFive/Ground_Moss_Shoots_03/FBX/Ground_Moss_ShootMat_03_LOD2.fbx","2","On","0","(1.14487028, 0.03441447, 1.35632253)","(0.995777369, 0.995777, 0.995777369)"
"Ground_Moss_ShootMat_03_LOD2_Mesh","Assets/ForestPrototype/Art/SectionFive/Ground_Moss_Shoots_03/FBX/Ground_Moss_ShootMat_03_LOD2.fbx","2","On","0","(1.313932, 0.03078219, 1.17000282)","(0.8906775, 0.8906775, 0.8906775)"
"LOD2 Material0","","1","On","0","(3.716433, 13.2888527, 3.74031472)","(1.10740435, 1.10740435, 1.10740435)"
"Ground_Moss_ShootMat_03_LOD1_Mesh","Assets/ForestPrototype/Art/SectionFive/Ground_Moss_Shoots_03/FBX/Ground_Moss_ShootMat_03_LOD1.fbx","6","On","0","(1.29592967, 0.0260092989, 1.27831292)","(0.830293, 0.83029294, 0.830293)"
"LOD1 Material0","","1","On","0","(3.2699132, 9.787964, 3.18151)","(1.22349548, 1.22349548, 1.22349548)"
"Ground_Moss_ShootMat_03_LOD1_Mesh","Assets/ForestPrototype/Art/SectionFive/Ground_Moss_Shoots_03/FBX/Ground_Moss_ShootMat_03_LOD1.fbx","6","On","0","(1.359493, 0.0274237841, 1.28915787)","(0.875447452, 0.875447452, 0.875447452)"
"LOD2 Material1","","1","On","0","(4.128906, 13.7204123, 4.66229)","(1.1755687, 1.1755687, 1.1755687)"
"Bilberry_Type_Cover_01_LOD0_Mesh","Assets/ForestPrototype/Art/SectionFive/Bilberry_Type_Cover_01/FBX/Bilberry_Type_Cover_01_LOD0.fbx","4","On","0","(0.674034357, 0.349397182, 0.6911779)","(0.7305373, 0.730537236, 0.7305373)"
"Ground_Moss_ShootMat_03_LOD0_Mesh","Assets/ForestPrototype/Art/SectionFive/Ground_Moss_Shoots_03/FBX/Ground_Moss_ShootMat_03_LOD0.fbx","6","On","0","(1.40753722, 0.03290808, 1.61370945)","(1.13456392, 1.13456392, 1.13456392)"
"Ground_Moss_ShootMat_03_LOD1_Mesh","Assets/ForestPrototype/Art/SectionFive/Ground_Moss_Shoots_03/FBX/Ground_Moss_ShootMat_03_LOD1.fbx","6","On","0","(1.25628483, 0.0315975472, 1.43896866)","(1.00868642, 1.00868618, 1.00868642)"
"LOD0 Material0","","1","On","0","(3.659646, 10.2984543, 3.561897)","(1.28730679, 1.28730679, 1.28730679)"
"LOD1 Material1","","1","On","0","(3.84789658, 12.922534, 4.31239557)","(1.1048764, 1.1048764, 1.1048764)"
"Ground_Moss_ShootMat_03_LOD2_Mesh","Assets/ForestPrototype/Art/SectionFive/Ground_Moss_Shoots_03/FBX/Ground_Moss_ShootMat_03_LOD2.fbx","2","On","0","(1.53009474, 0.03587346, 1.36169791)","(1.0379926, 1.0379926, 1.0379926)"
"Ground_Moss_ShootMat_03_LOD2_Mesh","Assets/ForestPrototype/Art/SectionFive/Ground_Moss_Shoots_03/FBX/Ground_Moss_ShootMat_03_LOD2.fbx","2","On","0","(1.358365, 0.03499256, 1.13610327)","(1.012504, 1.012504, 1.012504)"
"LOD0 Material0","","1","On","0","(4.072398, 11.4599628, 3.96362472)","(1.43249536, 1.43249536, 1.43249536)"
"LOD0 Material0","","1","On","0","(2.8718102, 8.081439, 2.79510427)","(1.01017988, 1.01017988, 1.01017988)"
"Trunk","Library/unity default resources","1","On","1","(0.118305728, 8.956131, 0.118305743)","(0.118305713, 4.47806549, 0.118305713)"
"Ground_Moss_ShootMat_03_LOD0_Mesh","Assets/ForestPrototype/Art/SectionFive/Ground_Moss_Shoots_03/FBX/Ground_Moss_ShootMat_03_LOD0.fbx","6","On","0","(1.179961, 0.0220655426, 1.12086439)","(0.760748446, 0.760748446, 0.760748446)"
"LOD1 Material1","","1","On","0","(3.51550579, 11.8062544, 3.93988037)","(1.00943446, 1.00943446, 1.00943446)"
"LOD1 Material0","","1","On","0","(3.54485536, 12.6746635, 3.567342)","(1.056222, 1.056222, 1.056222)"
"LOD2 Material0","","1","On","0","(3.412331, 12.2014751, 3.4342587)","(1.01678956, 1.01678956, 1.01678956)"
"Trunk","Library/unity default resources","1","On","1","(0.197202966, 14.7983465, 0.197202981)","(0.197202936, 7.39917326, 0.197202936)"
"Ground_Moss_ShootMat_03_LOD2_Mesh","Assets/ForestPrototype/Art/SectionFive/Ground_Moss_Shoots_03/FBX/Ground_Moss_ShootMat_03_LOD2.fbx","2","On","0","(0.9464874, 0.0246581342, 0.786309838)","(0.713479042, 0.713479042, 0.713479042)"
"LOD1 Material1","","1","On","0","(3.857043, 12.9532509, 4.322646)","(1.1075027, 1.1075027, 1.1075027)"
"LOD0 Material1","","1","On","0","(3.772917, 12.6707277, 4.228365)","(1.083347, 1.083347, 1.083347)"
"Ground_Moss_ShootMat_03_LOD1_Mesh","Assets/ForestPrototype/Art/SectionFive/Ground_Moss_Shoots_03/FBX/Ground_Moss_ShootMat_03_LOD1.fbx","6","On","0","(0.7872849, 0.0222812183, 0.9442209)","(0.7112818, 0.7112817, 0.7112818)"
"Ground_Moss_ShootMat_03_LOD0_Mesh","Assets/ForestPrototype/Art/SectionFive/Ground_Moss_Shoots_03/FBX/Ground_Moss_ShootMat_03_LOD0.fbx","6","On","0","(0.74437964, 0.0209510159, 0.916394055)","(0.722323358, 0.7223232, 0.722323358)"
"LOD2 Material1","","1","On","0","(4.42942524, 10.2813692, 4.32134151)","(1.32511437, 1.32511437, 1.32511437)"
"LOD0 Material0","","1","On","0","(4.19984961, 11.8186178, 4.08767176)","(1.47732723, 1.47732723, 1.47732723)"
"LOD1 Material1","","1","On","0","(4.925644, 11.592185, 4.79389763)","(1.49820912, 1.49820912, 1.49820912)"
"Ground_Moss_ShootMat_03_LOD0_Mesh","Assets/ForestPrototype/Art/SectionFive/Ground_Moss_Shoots_03/FBX/Ground_Moss_ShootMat_03_LOD0.fbx","6","On","0","(1.18942428, 0.0221233, 1.15196133)","(0.762739658, 0.7627397, 0.762739658)"
"LOD1 Material0","","1","On","0","(3.9165175, 11.7234707, 3.810633)","(1.46543384, 1.46543384, 1.46543384)"
"Ground_Moss_ShootMat_03_LOD0_Mesh","Assets/ForestPrototype/Art/SectionFive/Ground_Moss_Shoots_03/FBX/Ground_Moss_ShootMat_03_LOD0.fbx","6","On","0","(1.15266407, 0.0232091472, 1.23110437)","(0.800176144, 0.8001762, 0.800176144)"
"LOD0 Material0","","1","On","0","(4.065898, 11.44167, 3.957298)","(1.4302088, 1.4302088, 1.4302088)"
"LOD2 Material0","","1","On","0","(3.653298, 10.93641, 3.554966)","(1.36705124, 1.36705124, 1.36705124)"
"LOD0 Material0","","1","On","0","(4.005188, 11.2708282, 3.89820933)","(1.40885353, 1.40885353, 1.40885353)"
"Ground_Moss_ShootMat_03_LOD2_Mesh","Assets/ForestPrototype/Art/SectionFive/Ground_Moss_Shoots_03/FBX/Ground_Moss_ShootMat_03_LOD2.fbx","2","On","0","(1.43135881, 0.031434793, 1.38093841)","(0.909560442, 0.9095605, 0.909560442)"
"Ground_Moss_ShootMat_03_LOD1_Mesh","Assets/ForestPrototype/Art/SectionFive/Ground_Moss_Shoots_03/FBX/Ground_Moss_ShootMat_03_LOD1.fbx","6","On","0","(1.310886, 0.031489566, 1.08140171)","(1.005239, 1.00523913, 1.005239)"
"LOD1 Material0","","1","On","0","(3.716632, 13.2888527, 3.74020839)","(1.10740435, 1.10740435, 1.10740435)"
"Ground_Moss_ShootMat_03_LOD1_Mesh","Assets/ForestPrototype/Art/SectionFive/Ground_Moss_Shoots_03/FBX/Ground_Moss_ShootMat_03_LOD1.fbx","6","On","0","(1.08727229, 0.02405664, 1.17406178)","(0.767958343, 0.767958343, 0.767958343)"
"Ground_Moss_ShootMat_03_LOD0_Mesh","Assets/ForestPrototype/Art/SectionFive/Ground_Moss_Shoots_03/FBX/Ground_Moss_ShootMat_03_LOD0.fbx","6","On","0","(1.60103917, 0.0325097479, 1.40067649)","(1.12083066, 1.12083077, 1.12083066)"
"Ground_Moss_ShootMat_03_LOD0_Mesh","Assets/ForestPrototype/Art/SectionFive/Ground_Moss_Shoots_03/FBX/Ground_Moss_ShootMat_03_LOD0.fbx","6","On","0","(1.35552156, 0.0268857311, 1.20658815)","(0.926932931, 0.926932931, 0.926932931)"
"LOD1 Material1","","1","On","0","(4.1498723, 9.766457, 4.03887558)","(1.26224649, 1.26224649, 1.26224649)"
"LOD1 Material1","","1","On","0","(4.2373805, 14.2305536, 4.7488966)","(1.216712, 1.216712, 1.216712)"
"LOD2 Material1","","1","On","0","(4.78556252, 11.1080179, 4.668789)","(1.43165708, 1.43165708, 1.43165708)"
"Trunk","Library/unity default resources","1","On","1","(0.170697525, 12.56207, 0.170697555)","(0.17069751, 6.281035, 0.17069751)"
"LOD1 Material0","","1","On","0","(3.452914, 10.3357477, 3.35956335)","(1.29196846, 1.29196846, 1.29196846)"
"LOD1 Material0","","1","On","0","(3.54149985, 10.600915, 3.445754)","(1.32511437, 1.32511437, 1.32511437)"
"LOD0 Material1","","1","On","0","(3.80565429, 12.7806711, 4.265054)","(1.09274709, 1.09274709, 1.09274709)"
"Ground_Moss_ShootMat_03_LOD1_Mesh","Assets/ForestPrototype/Art/SectionFive/Ground_Moss_Shoots_03/FBX/Ground_Moss_ShootMat_03_LOD1.fbx","6","On","0","(1.13716352, 0.0230340641, 1.07006693)","(0.735314846, 0.7353147, 0.735314846)"
"Bramble_Clump_01_LOD2_Mesh","Assets/ForestPrototype/Art/SectionFive/Woodland_Assets/Bramble_Clump_01/Bramble_Clump_01_LOD2.fbx","2","On","0","(1.99930549, 0.9523883, 2.02941132)","(1.05481327, 1.05481327, 1.05481327)"
"Trunk","Library/unity default resources","1","On","1","(0.175234765, 12.6316137, 0.1752348)","(0.17523475, 6.315807, 0.17523475)"
"Ground_Moss_ShootMat_03_LOD0_Mesh","Assets/ForestPrototype/Art/SectionFive/Ground_Moss_Shoots_03/FBX/Ground_Moss_ShootMat_03_LOD0.fbx","6","On","0","(1.61589861, 0.03013172, 1.601562)","(1.03884411, 1.03884411, 1.03884411)"
"LOD1 Material1","","1","On","0","(3.84506917, 9.049122, 3.742225)","(1.169536, 1.169536, 1.169536)"
"Trunk","Library/unity default resources","1","On","1","(0.191969812, 13.3068323, 0.191969827)","(0.191969782, 6.653416, 0.191969782)"
"LOD2 Material1","","1","On","0","(3.95617843, 13.1464376, 4.467249)","(1.12639034, 1.12639034, 1.12639034)"
"Ground_Moss_ShootMat_03_LOD2_Mesh","Assets/ForestPrototype/Art/SectionFive/Ground_Moss_Shoots_03/FBX/Ground_Moss_ShootMat_03_LOD2.fbx","2","On","0","(1.24807918, 0.0321918167, 1.38937688)","(0.9314649, 0.931464851, 0.9314649)"
"LOD2 Material1","","1","On","0","(4.59901762, 10.6750193, 4.486796)","(1.37585, 1.37585, 1.37585)"
"LOD2 Material1","","1","On","0","(4.21927834, 9.793586, 4.11632252)","(1.26224649, 1.26224649, 1.26224649)"
"Ground_Moss_ShootMat_03_LOD2_Mesh","Assets/ForestPrototype/Art/SectionFive/Ground_Moss_Shoots_03/FBX/Ground_Moss_ShootMat_03_LOD2.fbx","2","On","0","(1.3422358, 0.0327219665, 1.16205907)","(0.946804762, 0.9468047, 0.946804762)"
"LOD0 Material1","","1","On","0","(3.784453, 12.7094688, 4.24129343)","(1.08665931, 1.08665931, 1.08665931)"
"Ground_Moss_ShootMat_03_LOD0_Mesh","Assets/ForestPrototype/Art/SectionFive/Ground_Moss_Shoots_03/FBX/Ground_Moss_ShootMat_03_LOD0.fbx","6","On","0","(0.943339944, 0.0231553726, 1.10275638)","(0.7983223, 0.79832226, 0.7983223)"
"Ground_Moss_ShootMat_03_LOD2_Mesh","Assets/ForestPrototype/Art/SectionFive/Ground_Moss_Shoots_03/FBX/Ground_Moss_ShootMat_03_LOD2.fbx","2","On","0","(1.44769955, 0.0326313153, 1.33429265)","(0.9441817, 0.94418174, 0.9441817)"
"LOD0 Material1","","1","On","0","(3.70058465, 12.4278116, 4.147301)","(1.06257761, 1.06257761, 1.06257761)"
"LOD2 Material1","","1","On","0","(3.654736, 12.14474, 4.12686539)","(1.04056466, 1.04056466, 1.04056466)"
"LOD2 Material0","","1","On","0","(3.886492, 11.6344929, 3.78188348)","(1.45431161, 1.45431161, 1.45431161)"
"Ground_Moss_ShootMat_03_LOD0_Mesh","Assets/ForestPrototype/Art/SectionFive/Ground_Moss_Shoots_03/FBX/Ground_Moss_ShootMat_03_LOD0.fbx","6","On","0","(1.49019575, 0.0329773873, 1.23409736)","(1.13695383, 1.13695347, 1.13695383)"
"LOD2 Material1","","1","On","0","(4.49997139, 10.445117, 4.39016628)","(1.34621906, 1.34621906, 1.34621906)"
"Ground_Moss_ShootMat_03_LOD1_Mesh","Assets/ForestPrototype/Art/SectionFive/Ground_Moss_Shoots_03/FBX/Ground_Moss_ShootMat_03_LOD1.fbx","6","On","0","(1.65098977, 0.0341821648, 1.51162744)","(1.09119475, 1.09119475, 1.09119475)"
"LOD2 Material0","","1","On","0","(3.67923, 13.1558247, 3.70287251)","(1.09631872, 1.09631872, 1.09631872)"
"Dirt Path 19","Library/unity default resources","1","Off","0","(2.64509368, 0.012, 0.843935966)","(2.6, 0.012, 0.6022229)"
"LOD1 Material0","","1","On","0","(3.516393, 10.5257616, 3.421326)","(1.3157202, 1.3157202, 1.3157202)"
"LOD1 Material0","","1","On","0","(3.66939735, 10.9837561, 3.570194)","(1.37296951, 1.37296951, 1.37296951)"
"Ground_Moss_ShootMat_03_LOD0_Mesh","Assets/ForestPrototype/Art/SectionFive/Ground_Moss_Shoots_03/FBX/Ground_Moss_ShootMat_03_LOD0.fbx","6","On","0","(1.48199677, 0.0283874348, 1.5265131)","(0.978706658, 0.9787068, 0.978706658)"
"Ground_Moss_ShootMat_03_LOD2_Mesh","Assets/ForestPrototype/Art/SectionFive/Ground_Moss_Shoots_03/FBX/Ground_Moss_ShootMat_03_LOD2.fbx","2","On","0","(1.28877473, 0.0291006, 1.32621431)","(0.842021, 0.842021048, 0.842021)"
"Ground_Moss_ShootMat_03_LOD1_Mesh","Assets/ForestPrototype/Art/SectionFive/Ground_Moss_Shoots_03/FBX/Ground_Moss_ShootMat_03_LOD1.fbx","6","On","0","(1.59826565, 0.0333136, 1.66016948)","(1.0634675, 1.06346762, 1.0634675)"
"Ground_Moss_ShootMat_03_LOD2_Mesh","Assets/ForestPrototype/Art/SectionFive/Ground_Moss_Shoots_03/FBX/Ground_Moss_ShootMat_03_LOD2.fbx","2","On","0","(1.59959567, 0.03796939, 1.706996)","(1.098638, 1.098638, 1.098638)"
"LOD1 Material1","","1","On","0","(4.052597, 9.537525, 3.94420218)","(1.23265874, 1.23265874, 1.23265874)"
"Ground_Moss_ShootMat_03_LOD1_Mesh","Assets/ForestPrototype/Art/SectionFive/Ground_Moss_Shoots_03/FBX/Ground_Moss_ShootMat_03_LOD1.fbx","6","On","0","(1.40370679, 0.0324880555, 1.184334)","(1.03711379, 1.03711379, 1.03711379)"
"Ground_Moss_ShootMat_03_LOD0_Mesh","Assets/ForestPrototype/Art/SectionFive/Ground_Moss_Shoots_03/FBX/Ground_Moss_ShootMat_03_LOD0.fbx","6","On","0","(1.47346866, 0.0284993667, 1.53071713)","(0.982565939, 0.9825658, 0.982565939)"
"Trunk","Library/unity default resources","1","On","1","(0.178067163, 13.0001631, 0.178067192)","(0.178067148, 6.50008154, 0.178067148)"
"LOD1 Material1","","1","On","0","(4.14290953, 13.9132881, 4.643021)","(1.1895858, 1.1895858, 1.1895858)"
"LOD2 Material0","","1","On","0","(3.62696838, 10.8575907, 3.52934527)","(1.35719883, 1.35719883, 1.35719883)"
"Ground_Moss_ShootMat_03_LOD2_Mesh","Assets/ForestPrototype/Art/SectionFive/Ground_Moss_Shoots_03/FBX/Ground_Moss_ShootMat_03_LOD2.fbx","2","On","0","(1.03701568, 0.03066021, 1.22080684)","(0.887148142, 0.8871481, 0.887148142)"
"LOD0 Material1","","1","On","0","(4.294787, 14.4233437, 4.81323242)","(1.23319554, 1.23319554, 1.23319554)"
"Ground_Moss_ShootMat_03_LOD2_Mesh","Assets/ForestPrototype/Art/SectionFive/Ground_Moss_Shoots_03/FBX/Ground_Moss_ShootMat_03_LOD2.fbx","2","On","0","(1.20552254, 0.0326484032, 0.978947)","(0.944676, 0.9446761, 0.944676)"
"Dirt Path 40","Library/unity default resources","1","Off","0","(2.60748076, 0.012, 1.81341386)","(2.59999967, 0.012, 0.666889)"
"LOD1 Material0","","1","On","0","(2.90780282, 8.704044, 2.8291893)","(1.08800554, 1.08800554, 1.08800554)"
"Trunk","Library/unity default resources","1","On","1","(0.111956418, 8.374238, 0.111956432)","(0.1119564, 4.187119, 0.1119564)"
"LOD1 Material1","","1","On","0","(3.640528, 12.2261209, 4.07999468)","(1.045333, 1.045333, 1.045333)"
"Ground_Moss_ShootMat_03_LOD2_Mesh","Assets/ForestPrototype/Art/SectionFive/Ground_Moss_Shoots_03/FBX/Ground_Moss_ShootMat_03_LOD2.fbx","2","On","0","(1.75660467, 0.0397430547, 1.612555)","(1.14995885, 1.14995873, 1.14995885)"
"LOD1 Material1","","1","On","0","(4.73847628, 11.1516981, 4.6117363)","(1.44127929, 1.44127929, 1.44127929)"
"LOD0 Material1","","1","On","0","(3.87295461, 9.114748, 3.76936436)","(1.17801774, 1.17801774, 1.17801774)"
"LOD0 Material1","","1","On","0","(4.509703, 10.6132946, 4.389082)","(1.37169445, 1.37169445, 1.37169445)"
"Ground_Moss_ShootMat_03_LOD1_Mesh","Assets/ForestPrototype/Art/SectionFive/Ground_Moss_Shoots_03/FBX/Ground_Moss_ShootMat_03_LOD1.fbx","6","On","0","(0.835700333, 0.0242037661, 1.0110023)","(0.77265507, 0.77265507, 0.77265507)"
"Ground_Moss_ShootMat_03_LOD1_Mesh","Assets/ForestPrototype/Art/SectionFive/Ground_Moss_Shoots_03/FBX/Ground_Moss_ShootMat_03_LOD1.fbx","6","On","0","(1.17532563, 0.02447694, 1.069957)","(0.7813755, 0.7813756, 0.7813755)"
"LOD0 Material0","","1","On","0","(3.95226288, 11.1218948, 3.846698)","(1.39023685, 1.39023685, 1.39023685)"
"LOD0 Material1","","1","On","0","(4.74787855, 11.1738253, 4.620887)","(1.44413912, 1.44413912, 1.44413912)"
"Dirt Path 11","Library/unity default resources","1","Off","0","(2.645476, 0.012, 1.601886)","(2.6, 0.012, 0.642589)"
"Ground_Moss_ShootMat_03_LOD0_Mesh","Assets/ForestPrototype/Art/SectionFive/Ground_Moss_Shoots_03/FBX/Ground_Moss_ShootMat_03_LOD0.fbx","6","On","0","(1.25352693, 0.0292569883, 1.4361285)","(1.00868642, 1.00868618, 1.00868642)"
"Bilberry_Type_Cover_01_LOD2_Mesh","Assets/ForestPrototype/Art/SectionFive/Bilberry_Type_Cover_01/FBX/Bilberry_Type_Cover_01_LOD2.fbx","2","On","0","(0.6632664, 0.336204082, 0.6487472)","(0.716952562, 0.716952562, 0.716952562)"
"Ground_Moss_ShootMat_03_LOD2_Mesh","Assets/ForestPrototype/Art/SectionFive/Ground_Moss_Shoots_03/FBX/Ground_Moss_ShootMat_03_LOD2.fbx","2","On","0","(1.17976975, 0.0260122325, 1.12340569)","(0.752659857, 0.7526596, 0.752659857)"
"LOD2 Material1","","1","On","0","(4.78263426, 11.1012211, 4.665932)","(1.430781, 1.430781, 1.430781)"
"LOD0 Material1","","1","On","0","(4.708648, 11.0815, 4.582706)","(1.43220663, 1.43220663, 1.43220663)"
"Ground_Moss_ShootMat_03_LOD2_Mesh","Assets/ForestPrototype/Art/SectionFive/Ground_Moss_Shoots_03/FBX/Ground_Moss_ShootMat_03_LOD2.fbx","2","On","0","(1.0960058, 0.026540963, 1.18294191)","(0.767958343, 0.767958343, 0.767958343)"
"LOD0 Material1","","1","On","0","(4.549519, 10.7069988, 4.4278326)","(1.383805, 1.383805, 1.383805)"
"LOD0 Material0","","1","On","0","(3.899595, 10.9736843, 3.795437)","(1.37171054, 1.37171054, 1.37171054)"
"LOD0 Material0","","1","On","0","(3.425713, 12.2484837, 3.52078533)","(1.020707, 1.020707, 1.020707)"
"Ground_Moss_ShootMat_03_LOD2_Mesh","Assets/ForestPrototype/Art/SectionFive/Ground_Moss_Shoots_03/FBX/Ground_Moss_ShootMat_03_LOD2.fbx","2","On","0","(1.11913884, 0.03201763, 1.30079353)","(0.9264247, 0.9264248, 0.9264247)"
"LOD2 Material0","","1","On","0","(3.87730718, 11.6069975, 3.772946)","(1.45087469, 1.45087469, 1.45087469)"
"Trunk","Library/unity default resources","1","On","1","(0.164638892, 12.5440817, 0.164638922)","(0.164638877, 6.272041, 0.164638877)"
"LOD1 Material1","","1","On","0","(3.321156, 7.81612635, 3.23232484)","(1.01017988, 1.01017988, 1.01017988)"
"LOD2 Material0","","1","On","0","(3.49212, 12.4867764, 3.51456022)","(1.04056466, 1.04056466, 1.04056466)"
"Ground_Moss_ShootMat_03_LOD2_Mesh","Assets/ForestPrototype/Art/SectionFive/Ground_Moss_Shoots_03/FBX/Ground_Moss_ShootMat_03_LOD2.fbx","2","On","0","(1.27160764, 0.0326351151, 1.06594539)","(0.9442915, 0.9442916, 0.9442915)"
"LOD2 Material1","","1","On","0","(4.39648247, 10.2049046, 4.28920269)","(1.31525922, 1.31525922, 1.31525922)"
"Ground_Moss_ShootMat_03_LOD1_Mesh","Assets/ForestPrototype/Art/SectionFive/Ground_Moss_Shoots_03/FBX/Ground_Moss_ShootMat_03_LOD1.fbx","6","On","0","(1.24323678, 0.032687664, 1.44954085)","(1.043486, 1.04348588, 1.043486)"
"Ground_Moss_ShootMat_03_LOD0_Mesh","Assets/ForestPrototype/Art/SectionFive/Ground_Moss_Shoots_03/FBX/Ground_Moss_ShootMat_03_LOD0.fbx","6","On","0","(0.99113965, 0.0212979615, 1.09529948)","(0.7342847, 0.7342847, 0.7342847)"
"LOD0 Material1","","1","On","0","(3.78320813, 8.903536, 3.68201852)","(1.15072, 1.15072, 1.15072)"
"Ground_Moss_ShootMat_03_LOD0_Mesh","Assets/ForestPrototype/Art/SectionFive/Ground_Moss_Shoots_03/FBX/Ground_Moss_ShootMat_03_LOD0.fbx","6","On","0","(1.72039974, 0.03217834, 1.71813989)","(1.109405, 1.10940492, 1.109405)"
"Ground_Moss_ShootMat_03_LOD2_Mesh","Assets/ForestPrototype/Art/SectionFive/Ground_Moss_Shoots_03/FBX/Ground_Moss_ShootMat_03_LOD2.fbx","2","On","0","(1.65846539, 0.038285967, 1.49435246)","(1.10779822, 1.1077981, 1.10779822)"
"Ground_Moss_ShootMat_03_LOD2_Mesh","Assets/ForestPrototype/Art/SectionFive/Ground_Moss_Shoots_03/FBX/Ground_Moss_ShootMat_03_LOD2.fbx","2","On","0","(1.22777247, 0.0293037388, 1.31443822)","(0.847898841, 0.847898841, 0.847898841)"
"Ground_Moss_ShootMat_03_LOD2_Mesh","Assets/ForestPrototype/Art/SectionFive/Ground_Moss_Shoots_03/FBX/Ground_Moss_ShootMat_03_LOD2.fbx","2","On","0","(1.16088462, 0.02786326, 1.01569247)","(0.806218863, 0.8062188, 0.806218863)"
"LOD1 Material1","","1","On","0","(3.57707834, 12.0130358, 4.008886)","(1.02711427, 1.02711427, 1.02711427)"
"LOD1 Material1","","1","On","0","(3.49841428, 11.7488556, 3.92072558)","(1.00452685, 1.00452685, 1.00452685)"
"LOD1 Material1","","1","On","0","(3.94666028, 13.2542162, 4.423082)","(1.13323522, 1.13323522, 1.13323522)"
"LOD1 Material1","","1","On","0","(4.35886574, 10.2583094, 4.242279)","(1.325815, 1.325815, 1.325815)"
"Ground_Moss_ShootMat_03_LOD2_Mesh","Assets/ForestPrototype/Art/SectionFive/Ground_Moss_Shoots_03/FBX/Ground_Moss_ShootMat_03_LOD2.fbx","2","On","0","(1.12646747, 0.02724103, 1.214908)","(0.788214743, 0.7882147, 0.788214743)"
"LOD2 Material1","","1","On","0","(3.81920576, 12.6912756, 4.312582)","(1.087392, 1.087392, 1.087392)"
"LOD2 Material0","","1","On","0","(3.13437653, 9.382981, 3.05001187)","(1.17287266, 1.17287266, 1.17287266)"
"LOD0 Material1","","1","On","0","(4.764696, 11.2134056, 4.63725471)","(1.44925451, 1.44925451, 1.44925451)"
"Ground_Moss_ShootMat_03_LOD0_Mesh","Assets/ForestPrototype/Art/SectionFive/Ground_Moss_Shoots_03/FBX/Ground_Moss_ShootMat_03_LOD0.fbx","6","On","0","(1.1231401, 0.0214688443, 1.03350389)","(0.7401762, 0.7401762, 0.7401762)"
"LOD1 Material0","","1","On","0","(3.65358019, 10.93641, 3.55480433)","(1.36705124, 1.36705124, 1.36705124)"
"Ground_Moss_ShootMat_03_LOD2_Mesh","Assets/ForestPrototype/Art/SectionFive/Ground_Moss_Shoots_03/FBX/Ground_Moss_ShootMat_03_LOD2.fbx","2","On","0","(1.74088264, 0.03892196, 1.61994028)","(1.12620044, 1.12620044, 1.12620044)"
"LOD0 Material0","","1","On","0","(4.13798857, 11.6445379, 4.02746344)","(1.45556724, 1.45556724, 1.45556724)"
"LOD2 Material0","","1","On","0","(3.94630384, 14.1108017, 3.97166276)","(1.1759001, 1.1759001, 1.1759001)"
"Ground_Moss_ShootMat_03_LOD1_Mesh","Assets/ForestPrototype/Art/SectionFive/Ground_Moss_Shoots_03/FBX/Ground_Moss_ShootMat_03_LOD1.fbx","6","On","0","(1.591208, 0.03531745, 1.72115076)","(1.1274364, 1.1274364, 1.1274364)"
"LOD1 Material1","","1","On","0","(4.210852, 9.909968, 4.098224)","(1.28079438, 1.28079438, 1.28079438)"
"LOD1 Material0","","1","On","0","(3.741683, 13.3784218, 3.76541829)","(1.11486852, 1.11486852, 1.11486852)"
"Ground_Moss_ShootMat_03_LOD0_Mesh","Assets/ForestPrototype/Art/SectionFive/Ground_Moss_Shoots_03/FBX/Ground_Moss_ShootMat_03_LOD0.fbx","6","On","0","(1.48382962, 0.027876379, 1.39697385)","(0.961087167, 0.9610872, 0.961087167)"
"Trunk","Library/unity default resources","1","On","1","(0.1404442, 11.1428337, 0.140444219)","(0.140444189, 5.571417, 0.140444189)"
"LOD0 Material1","","1","On","0","(4.75118637, 11.18161, 4.62410641)","(1.44514525, 1.44514525, 1.44514525)"
"LOD2 Material0","","1","On","0","(3.859307, 11.553113, 3.75543022)","(1.44413912, 1.44413912, 1.44413912)"
"Dirt Path 09","Library/unity default resources","1","Off","0","(2.6289196, 0.012, 1.70591855)","(2.6, 0.012, 0.653545)"
"LOD2 Material0","","1","On","0","(3.803121, 13.5988226, 3.82755971)","(1.13323522, 1.13323522, 1.13323522)"
"Trunk","Library/unity default resources","1","On","1","(0.161526129, 12.172266, 0.161526158)","(0.161526114, 6.086133, 0.161526114)"
"LOD2 Material1","","1","On","0","(4.36701632, 10.1365089, 4.26045561)","(1.306444, 1.306444, 1.306444)"
"LOD2 Material1","","1","On","0","(3.67677355, 12.2179718, 4.15175)","(1.04683912, 1.04683912, 1.04683912)"
"Ground_Moss_ShootMat_03_LOD1_Mesh","Assets/ForestPrototype/Art/SectionFive/Ground_Moss_Shoots_03/FBX/Ground_Moss_ShootMat_03_LOD1.fbx","6","On","0","(1.285972, 0.03090063, 1.44485986)","(0.9864385, 0.9864385, 0.9864385)"
"Ground_Moss_ShootMat_03_LOD1_Mesh","Assets/ForestPrototype/Art/SectionFive/Ground_Moss_Shoots_03/FBX/Ground_Moss_ShootMat_03_LOD1.fbx","6","On","0","(1.37170529, 0.0331780873, 1.54559231)","(1.05914187, 1.05914164, 1.05914187)"
"Ground_Moss_ShootMat_03_LOD2_Mesh","Assets/ForestPrototype/Art/SectionFive/Ground_Moss_Shoots_03/FBX/Ground_Moss_ShootMat_03_LOD2.fbx","2","On","0","(1.19139791, 0.0262917858, 1.13217473)","(0.760748446, 0.760748446, 0.760748446)"
"Ground_Moss_ShootMat_03_LOD2_Mesh","Assets/ForestPrototype/Art/SectionFive/Ground_Moss_Shoots_03/FBX/Ground_Moss_ShootMat_03_LOD2.fbx","2","On","0","(1.08198535, 0.0258726943, 1.15961516)","(0.7486224, 0.7486221, 0.7486224)"
"Trunk","Library/unity default resources","1","On","1","(0.158251584, 11.6445379, 0.158251613)","(0.158251569, 5.822269, 0.158251569)"
"Trunk","Library/unity default resources","1","On","1","(0.158830628, 11.3274984, 0.158830658)","(0.158830613, 5.663749, 0.158830613)"
"LOD0 Material1","","1","On","0","(4.35395765, 10.2467585, 4.237502)","(1.3243221, 1.3243221, 1.3243221)"
"Trunk","Library/unity default resources","1","On","1","(0.146893159, 11.4532566, 0.146893173)","(0.146893144, 5.7266283, 0.146893144)"
"LOD0 Material1","","1","On","0","(4.55098867, 10.7104578, 4.429263)","(1.38425207, 1.38425207, 1.38425207)"
"Ground_Moss_ShootMat_03_LOD0_Mesh","Assets/ForestPrototype/Art/SectionFive/Ground_Moss_Shoots_03/FBX/Ground_Moss_ShootMat_03_LOD0.fbx","6","On","0","(1.213372, 0.0225618631, 1.18163955)","(0.7778599, 0.7778599, 0.7778599)"
"LOD0 Material0","","1","On","0","(3.87735057, 10.911087, 3.77378654)","(1.36388588, 1.36388588, 1.36388588)"
"Ground_Moss_ShootMat_03_LOD0_Mesh","Assets/ForestPrototype/Art/SectionFive/Ground_Moss_Shoots_03/FBX/Ground_Moss_ShootMat_03_LOD0.fbx","6","On","0","(1.45156884, 0.0301424731, 1.25074232)","(1.03921485, 1.03921485, 1.03921485)"
"LOD2 Material1","","1","On","0","(4.145485, 13.775506, 4.681011)","(1.18028915, 1.18028915, 1.18028915)"
"Ground_Moss_ShootMat_03_LOD1_Mesh","Assets/ForestPrototype/Art/SectionFive/Ground_Moss_Shoots_03/FBX/Ground_Moss_ShootMat_03_LOD1.fbx","6","On","0","(1.41949892, 0.0285672452, 1.35340643)","(0.9119503, 0.9119501, 0.9119503)"
"LOD2 Material0","","1","On","0","(3.530575, 12.624279, 3.55326247)","(1.05202329, 1.05202329, 1.05202329)"
"LOD0 Material0","","1","On","0","(3.85368824, 10.8445, 3.75075626)","(1.35556245, 1.35556245, 1.35556245)"
"LOD0 Material1","","1","On","0","(3.77592278, 12.6808224, 4.231734)","(1.08421, 1.08421, 1.08421)"
"LOD0 Material1","","1","On","0","(3.48865581, 11.7160835, 3.90978932)","(1.00172484, 1.00172484, 1.00172484)"
"LOD1 Material1","","1","On","0","(3.80565429, 12.7806711, 4.265054)","(1.09274709, 1.09274709, 1.09274709)"
"Ground_Moss_ShootMat_03_LOD1_Mesh","Assets/ForestPrototype/Art/SectionFive/Ground_Moss_Shoots_03/FBX/Ground_Moss_ShootMat_03_LOD1.fbx","6","On","0","(1.18928361, 0.0239645764, 1.13041139)","(0.7650195, 0.7650194, 0.7650195)"
"LOD2 Material1","","1","On","0","(3.6481123, 12.1227293, 4.119386)","(1.03867877, 1.03867877, 1.03867877)"
"Trunk","Library/unity default resources","1","On","1","(0.147277847, 10.60652, 0.147277862)","(0.147277832, 5.30326, 0.147277832)"
"Ground_Moss_ShootMat_03_LOD2_Mesh","Assets/ForestPrototype/Art/SectionFive/Ground_Moss_Shoots_03/FBX/Ground_Moss_ShootMat_03_LOD2.fbx","2","On","0","(1.74908924, 0.038388487, 1.69475222)","(1.11076486, 1.1107645, 1.11076486)"
"LOD0 Material0","","1","On","0","(3.85834026, 10.8575907, 3.755284)","(1.35719883, 1.35719883, 1.35719883)"
"LOD1 Material0","","1","On","0","(3.86085248, 11.5568466, 3.756473)","(1.44460583, 1.44460583, 1.44460583)"
"Woodland_Grass_Tuft_02_LOD0_Foliage","Assets/ForestPrototype/Art/SectionFive/Woodland_Grass_Rush/FBX/Woodland_Grass_Tuft_02_LOD0.fbx","2","On","0","(1.17141724, 0.4368782, 1.16176367)","(0.8452095, 0.8452095, 0.8452095)"
"LOD1 Material1","","1","On","0","(4.49176741, 10.571085, 4.371626)","(1.36623907, 1.36623907, 1.36623907)"
"LOD1 Material0","","1","On","0","(3.90562129, 11.690855, 3.80003166)","(1.46135688, 1.46135688, 1.46135688)"
"LOD2 Material1","","1","On","0","(3.9068892, 12.9826488, 4.41159248)","(1.1123569, 1.1123569, 1.1123569)"
"LOD1 Material0","","1","On","0","(3.187795, 9.542156, 3.10161185)","(1.19276953, 1.19276953, 1.19276953)"
"LOD0 Material0","","1","On","0","(3.39842677, 12.1509228, 3.49274182)","(1.01257694, 1.01257694, 1.01257694)"
"Ground_Moss_ShootMat_03_LOD1_Mesh","Assets/ForestPrototype/Art/SectionFive/Ground_Moss_Shoots_03/FBX/Ground_Moss_ShootMat_03_LOD1.fbx","6","On","0","(1.35232508, 0.0283358, 1.41060591)","(0.9045617, 0.9045617, 0.9045617)"
"LOD2 Material1","","1","On","0","(4.18519545, 9.714475, 4.083071)","(1.25205016, 1.25205016, 1.25205016)"
"Ground_Moss_ShootMat_03_LOD0_Mesh","Assets/ForestPrototype/Art/SectionFive/Ground_Moss_Shoots_03/FBX/Ground_Moss_ShootMat_03_LOD0.fbx","6","On","0","(1.51321125, 0.0284802448, 1.42039371)","(0.981906533, 0.9819066, 0.981906533)"
"Trunk","Library/unity default resources","1","On","1","(0.127597541, 9.5134, 0.127597556)","(0.127597526, 4.7567, 0.127597526)"
"Ground_Moss_ShootMat_03_LOD0_Mesh","Assets/ForestPrototype/Art/SectionFive/Ground_Moss_Shoots_03/FBX/Ground_Moss_ShootMat_03_LOD0.fbx","6","On","0","(1.16519547, 0.0250095967, 1.28695333)","(0.86225, 0.8622499, 0.86225)"
"Trunk","Library/unity default resources","1","On","1","(0.167068765, 12.4641447, 0.1670688)","(0.16706875, 6.23207235, 0.16706875)"
"LOD2 Material1","","1","On","0","(4.6115346, 10.704073, 4.499007)","(1.37959456, 1.37959456, 1.37959456)"
"Trunk","Library/unity default resources","1","On","1","(0.121268421, 9.356288, 0.121268436)","(0.121268407, 4.678144, 0.121268407)"
"Ground_Moss_ShootMat_03_LOD0_Mesh","Assets/ForestPrototype/Art/SectionFive/Ground_Moss_Shoots_03/FBX/Ground_Moss_ShootMat_03_LOD0.fbx","6","On","0","(1.129756, 0.0220535938, 1.01882982)","(0.7603364, 0.760336459, 0.7603364)"
"LOD0 Material0","","1","On","0","(4.15383625, 11.6891336, 4.042887)","(1.46114171, 1.46114171, 1.46114171)"
"LOD2 Material0","","1","On","0","(3.82207966, 11.44167, 3.719205)","(1.4302088, 1.4302088, 1.4302088)"
"ShadeFern_Clump_01_LOD2_Mesh","Assets/ForestPrototype/Art/SectionFive/Woodland_Assets/ShadeFern_Clump_01/ShadeFern_Clump_01_LOD2.fbx","2","On","0","(1.177878, 0.5280416, 1.14997578)","(0.931422651, 0.93142277, 0.931422651)"
"Ground_Moss_ShootMat_03_LOD1_Mesh","Assets/ForestPrototype/Art/SectionFive/Ground_Moss_Shoots_03/FBX/Ground_Moss_ShootMat_03_LOD1.fbx","6","On","0","(1.35874867, 0.030478606, 1.16938)","(0.972966254, 0.9729663, 0.972966254)"
"Trunk","Library/unity default resources","1","On","1","(0.1732381, 12.2066441, 0.173238128)","(0.173238084, 6.103322, 0.173238084)"
"Ground_Moss_ShootMat_03_LOD1_Mesh","Assets/ForestPrototype/Art/SectionFive/Ground_Moss_Shoots_03/FBX/Ground_Moss_ShootMat_03_LOD1.fbx","6","On","0","(1.7072649, 0.0358758457, 1.784753)","(1.14526212, 1.145262, 1.14526212)"
"Ground_Moss_ShootMat_03_LOD2_Mesh","Assets/ForestPrototype/Art/SectionFive/Ground_Moss_Shoots_03/FBX/Ground_Moss_ShootMat_03_LOD2.fbx","2","On","0","(1.264707, 0.0299739055, 1.11648536)","(0.867289841, 0.86728996, 0.867289841)"
"Ground_Moss_ShootMat_03_LOD0_Mesh","Assets/ForestPrototype/Art/SectionFive/Ground_Moss_Shoots_03/FBX/Ground_Moss_ShootMat_03_LOD0.fbx","6","On","0","(1.18222749, 0.02437944, 1.02337813)","(0.840524137, 0.840524137, 0.840524137)"
"Trunk","Library/unity default resources","1","On","1","(0.177728817, 12.73448, 0.177728847)","(0.1777288, 6.36724, 0.1777288)"
"LOD0 Material1","","1","On","0","(4.85326624, 11.4218483, 4.723456)","(1.47619438, 1.47619438, 1.47619438)"
"Trunk","Library/unity default resources","1","On","1","(0.132227376, 10.6522141, 0.132227391)","(0.132227361, 5.326107, 0.132227361)"
"Ground_Moss_ShootMat_03_LOD1_Mesh","Assets/ForestPrototype/Art/SectionFive/Ground_Moss_Shoots_03/FBX/Ground_Moss_ShootMat_03_LOD1.fbx","6","On","0","(1.06467319, 0.0240334086, 1.16180778)","(0.7672168, 0.767216742, 0.7672168)"
"LOD2 Material0","","1","On","0","(3.90744686, 11.6972227, 3.80227423)","(1.46215284, 1.46215284, 1.46215284)"
"Woodland_Rush_Clump_02_LOD2_Foliage","Assets/ForestPrototype/Art/SectionFive/Woodland_Grass_Rush/FBX/Woodland_Rush_Clump_02_LOD2.fbx","2","On","0","(1.34696913, 1.09902775, 1.34467864)","(1.00000012, 1, 1.00000012)"
"Ground_Moss_ShootMat_03_LOD1_Mesh","Assets/ForestPrototype/Art/SectionFive/Ground_Moss_Shoots_03/FBX/Ground_Moss_ShootMat_03_LOD1.fbx","6","On","0","(1.75528455, 0.03523141, 1.68788409)","(1.12468982, 1.12468982, 1.12468982)"
"LOD2 Material1","","1","On","0","(4.22723532, 14.047163, 4.773322)","(1.20356476, 1.20356476, 1.20356476)"
"Dirt Path 47","Library/unity default resources","1","Off","0","(2.65452147, 0.012, 1.53009915)","(2.6, 0.012, 0.636002958)"
"Ground_Moss_ShootMat_03_LOD0_Mesh","Assets/ForestPrototype/Art/SectionFive/Ground_Moss_Shoots_03/FBX/Ground_Moss_ShootMat_03_LOD0.fbx","6","On","0","(1.29798234, 0.02415279, 1.27558351)","(0.832709968, 0.832709968, 0.832709968)"
"Ground_Moss_ShootMat_03_LOD2_Mesh","Assets/ForestPrototype/Art/SectionFive/Ground_Moss_Shoots_03/FBX/Ground_Moss_ShootMat_03_LOD2.fbx","2","On","0","(1.562383, 0.0365113541, 1.39393127)","(1.05645, 1.05645, 1.05645)"
"Trunk","Library/unity default resources","1","On","1","(0.140661284, 10.1962929, 0.1406613)","(0.140661269, 5.09814644, 0.140661269)"
"Ground_Moss_ShootMat_03_LOD2_Mesh","Assets/ForestPrototype/Art/SectionFive/Ground_Moss_Shoots_03/FBX/Ground_Moss_ShootMat_03_LOD2.fbx","2","On","0","(1.28505981, 0.0305961352, 1.3738091)","(0.8852941, 0.8852941, 0.8852941)"
"LOD1 Material1","","1","On","0","(4.600629, 10.8272829, 4.477576)","(1.39935088, 1.39935088, 1.39935088)"
"Ground_Moss_ShootMat_03_LOD0_Mesh","Assets/ForestPrototype/Art/SectionFive/Ground_Moss_Shoots_03/FBX/Ground_Moss_ShootMat_03_LOD0.fbx","6","On","0","(1.65043056, 0.0307212491, 1.62487149)","(1.05916941, 1.05916917, 1.05916941)"
"Ground_Moss_ShootMat_03_LOD2_Mesh","Assets/ForestPrototype/Art/SectionFive/Ground_Moss_Shoots_03/FBX/Ground_Moss_ShootMat_03_LOD2.fbx","2","On","0","(1.37501931, 0.0310104825, 1.413322)","(0.8972831, 0.897283137, 0.8972831)"
"LOD1 Material1","","1","On","0","(3.83660817, 12.8846245, 4.29974461)","(1.1016351, 1.1016351, 1.1016351)"
"LOD2 Material0","","1","On","0","(3.86241484, 11.5624161, 3.75845432)","(1.445302, 1.445302, 1.445302)"
"Ground_Moss_ShootMat_03_LOD1_Mesh","Assets/ForestPrototype/Art/SectionFive/Ground_Moss_Shoots_03/FBX/Ground_Moss_ShootMat_03_LOD1.fbx","6","On","0","(1.19349408, 0.0261585768, 1.04332411)","(0.8350585, 0.835058331, 0.8350585)"
"Ground_Moss_ShootMat_03_LOD2_Mesh","Assets/ForestPrototype/Art/SectionFive/Ground_Moss_Shoots_03/FBX/Ground_Moss_ShootMat_03_LOD2.fbx","2","On","0","(1.54939318, 0.0368720666, 1.65593338)","(1.06688726, 1.06688714, 1.06688726)"
"Trunk","Library/unity default resources","1","On","1","(0.207033187, 15.1489973, 0.2070332)","(0.207033157, 7.57449865, 0.207033157)"
"Ground_Moss_ShootMat_03_LOD0_Mesh","Assets/ForestPrototype/Art/SectionFive/Ground_Moss_Shoots_03/FBX/Ground_Moss_ShootMat_03_LOD0.fbx","6","On","0","(1.07958007, 0.0238667913, 1.20862842)","(0.822849631, 0.822849631, 0.822849631)"
"Ground_Moss_ShootMat_03_LOD2_Mesh","Assets/ForestPrototype/Art/SectionFive/Ground_Moss_Shoots_03/FBX/Ground_Moss_ShootMat_03_LOD2.fbx","2","On","0","(1.26662719, 0.03486062, 1.44961953)","(1.00868642, 1.00868618, 1.00868642)"
"Ground_Moss_ShootMat_03_LOD1_Mesh","Assets/ForestPrototype/Art/SectionFive/Ground_Moss_Shoots_03/FBX/Ground_Moss_ShootMat_03_LOD1.fbx","6","On","0","(1.72397852, 0.0347526073, 1.7217176)","(1.109405, 1.10940492, 1.109405)"
"Trunk","Library/unity default resources","1","On","1","(0.149603844, 11.8095551, 0.149603859)","(0.149603829, 5.90477753, 0.149603829)"
"Trunk","Library/unity default resources","1","On","1","(0.168696135, 12.1509237, 0.168696165)","(0.16869612, 6.075462, 0.16869612)"
"Ground_Moss_ShootMat_03_LOD1_Mesh","Assets/ForestPrototype/Art/SectionFive/Ground_Moss_Shoots_03/FBX/Ground_Moss_ShootMat_03_LOD1.fbx","6","On","0","(1.33240628, 0.0296590813, 1.15253341)","(0.946804762, 0.9468047, 0.946804762)"
"LOD1 Material1","","1","On","0","(3.53820944, 11.8825006, 3.96532464)","(1.01595354, 1.01595354, 1.01595354)"
"Ground_Moss_ShootMat_03_LOD0_Mesh","Assets/ForestPrototype/Art/SectionFive/Ground_Moss_Shoots_03/FBX/Ground_Moss_ShootMat_03_LOD0.fbx","6","On","0","(1.40444756, 0.0289200023, 1.51918709)","(0.9970681, 0.997068, 0.9970681)"
"Ground_Moss_ShootMat_03_LOD2_Mesh","Assets/ForestPrototype/Art/SectionFive/Ground_Moss_Shoots_03/FBX/Ground_Moss_ShootMat_03_LOD2.fbx","2","On","0","(1.16161025, 0.0285528861, 1.263657)","(0.826173, 0.826173, 0.826173)"
"Ground_Moss_ShootMat_03_LOD0_Mesh","Assets/ForestPrototype/Art/SectionFive/Ground_Moss_Shoots_03/FBX/Ground_Moss_ShootMat_03_LOD0.fbx","6","On","0","(1.122478, 0.0213162843, 1.14606762)","(0.734916449, 0.734916449, 0.734916449)"
"Ground_Moss_ShootMat_03_LOD2_Mesh","Assets/ForestPrototype/Art/SectionFive/Ground_Moss_Shoots_03/FBX/Ground_Moss_ShootMat_03_LOD2.fbx","2","On","0","(1.73785019, 0.038190566, 1.67153573)","(1.10503793, 1.10503769, 1.10503793)"
"LOD0 Material0","","1","On","0","(3.799886, 10.6930971, 3.6983912)","(1.33663714, 1.33663714, 1.33663714)"
"LOD2 Material0","","1","On","0","(3.932105, 11.771039, 3.826269)","(1.47137988, 1.47137988, 1.47137988)"
"ShadeFern_Clump_01_LOD0_Mesh","Assets/ForestPrototype/Art/SectionFive/Woodland_Assets/ShadeFern_Clump_01/ShadeFern_Clump_01_LOD0.fbx","2","On","0","(1.46124411, 0.6452423, 1.47278321)","(1.13391912, 1.133919, 1.13391912)"
"LOD1 Material1","","1","On","0","(4.807102, 11.3132038, 4.6785264)","(1.46215284, 1.46215284, 1.46215284)"
"Ground_Moss_ShootMat_03_LOD1_Mesh","Assets/ForestPrototype/Art/SectionFive/Ground_Moss_Shoots_03/FBX/Ground_Moss_ShootMat_03_LOD1.fbx","6","On","0","(1.073555, 0.03377477, 1.33918631)","(1.07818949, 1.07818949, 1.07818949)"
"LOD0 Material0","","1","On","0","(4.154448, 11.690855, 4.043483)","(1.46135688, 1.46135688, 1.46135688)"
"LOD0 Material1","","1","On","0","(4.56459665, 10.7424831, 4.44250727)","(1.38839114, 1.38839114, 1.38839114)"
"LOD2 Material0","","1","On","0","(3.69807076, 11.07044, 3.59853363)","(1.383805, 1.383805, 1.383805)"
"LOD1 Material0","","1","On","0","(3.675743, 11.0027514, 3.576368)","(1.37534392, 1.37534392, 1.37534392)"
"LOD1 Material0","","1","On","0","(3.670322, 13.12327, 3.69360471)","(1.09360588, 1.09360588, 1.09360588)"
"Ground_Moss_ShootMat_03_LOD1_Mesh","Assets/ForestPrototype/Art/SectionFive/Ground_Moss_Shoots_03/FBX/Ground_Moss_ShootMat_03_LOD1.fbx","6","On","0","(1.545586, 0.031657774, 1.43195319)","(1.010609, 1.01060879, 1.010609)"
"Dirt Path 30","Library/unity default resources","1","Off","0","(2.65302348, 0.012, 1.543125)","(2.59999967, 0.012, 0.637142956)"
"Ground_Moss_ShootMat_03_LOD0_Mesh","Assets/ForestPrototype/Art/SectionFive/Ground_Moss_Shoots_03/FBX/Ground_Moss_ShootMat_03_LOD0.fbx","6","On","0","(1.06816292, 0.0206502769, 0.971739531)","(0.711954653, 0.711954653, 0.711954653)"
"Dirt Path 31","Library/unity default resources","1","Off","0","(2.64468336, 0.012, 1.60752368)","(2.6, 0.012, 0.643137932)"
"Ground_Moss_ShootMat_03_LOD0_Mesh","Assets/ForestPrototype/Art/SectionFive/Ground_Moss_Shoots_03/FBX/Ground_Moss_ShootMat_03_LOD0.fbx","6","On","0","(1.66030777, 0.03285669, 1.75406885)","(1.13279247, 1.13279235, 1.13279247)"
"LOD2 Material0","","1","On","0","(3.93203187, 11.77082, 3.82619739)","(1.47135246, 1.47135246, 1.47135246)"
"LOD0 Material1","","1","On","0","(4.39655352, 14.7651091, 4.927284)","(1.26241648, 1.26241648, 1.26241648)"
"Ground_Moss_ShootMat_03_LOD2_Mesh","Assets/ForestPrototype/Art/SectionFive/Ground_Moss_Shoots_03/FBX/Ground_Moss_ShootMat_03_LOD2.fbx","2","On","0","(1.77127767, 0.03909235, 1.76927567)","(1.13113117, 1.1311307, 1.13113117)"
"Ground_Moss_ShootMat_03_LOD2_Mesh","Assets/ForestPrototype/Art/SectionFive/Ground_Moss_Shoots_03/FBX/Ground_Moss_ShootMat_03_LOD2.fbx","2","On","0","(1.1953795, 0.03673253, 1.427986)","(1.06284976, 1.06284964, 1.06284976)"
"ShadeFern_Clump_01_LOD0_Mesh","Assets/ForestPrototype/Art/SectionFive/Woodland_Assets/ShadeFern_Clump_01/ShadeFern_Clump_01_LOD0.fbx","2","On","0","(0.928341746, 0.4210309, 0.9361912)","(0.739900231, 0.7399003, 0.739900231)"
"LOD1 Material0","","1","On","0","(4.10225725, 14.66766, 4.12828)","(1.22230494, 1.22230494, 1.22230494)"
"LOD1 Material0","","1","On","0","(3.82771444, 11.457653, 3.72423077)","(1.43220663, 1.43220663, 1.43220663)"
"LOD2 Material0","","1","On","0","(3.38522387, 10.1339111, 3.29410744)","(1.26673889, 1.26673889, 1.26673889)"
"LOD2 Material0","","1","On","0","(3.55692863, 10.6479216, 3.4611907)","(1.3309902, 1.3309902, 1.3309902)"
"LOD2 Material0","","1","On","0","(2.7554307, 8.24858, 2.68126583)","(1.0310725, 1.0310725, 1.0310725)"
"LOD0 Material0","","1","On","0","(3.80328059, 13.5984592, 3.90883112)","(1.13320494, 1.13320494, 1.13320494)"
"Ground_Moss_ShootMat_03_LOD1_Mesh","Assets/ForestPrototype/Art/SectionFive/Ground_Moss_Shoots_03/FBX/Ground_Moss_ShootMat_03_LOD1.fbx","6","On","0","(1.289607, 0.0299834516, 1.42757714)","(0.9571596, 0.9571595, 0.9571596)"
"LOD2 Material0","","1","On","0","(3.51488924, 10.5220737, 3.42028284)","(1.31525922, 1.31525922, 1.31525922)"
"Ground_Moss_ShootMat_03_LOD2_Mesh","Assets/ForestPrototype/Art/SectionFive/Ground_Moss_Shoots_03/FBX/Ground_Moss_ShootMat_03_LOD2.fbx","2","On","0","(1.12940121, 0.03495744, 1.35284293)","(1.01148784, 1.01148772, 1.01148784)"
"Ground_Moss_ShootMat_03_LOD1_Mesh","Assets/ForestPrototype/Art/SectionFive/Ground_Moss_Shoots_03/FBX/Ground_Moss_ShootMat_03_LOD1.fbx","6","On","0","(1.27822351, 0.0263104364, 1.31285286)","(0.839906037, 0.839906156, 0.839906037)"
"Ground_Moss_ShootMat_03_LOD1_Mesh","Assets/ForestPrototype/Art/SectionFive/Ground_Moss_Shoots_03/FBX/Ground_Moss_ShootMat_03_LOD1.fbx","6","On","0","(1.03087187, 0.030519044, 1.25735557)","(0.9742571, 0.974257231, 0.9742571)"
"LOD0 Material1","","1","On","0","(3.57702255, 8.418292, 3.4813478)","(1.08800554, 1.08800554, 1.08800554)"
"LOD0 Material0","","1","On","0","(3.915276, 11.0178118, 3.81069922)","(1.37722647, 1.37722647, 1.37722647)"
"Habitat view: BrambleType","","1","Off","0","(0, 0, 0)","(1, 1, 1)"
"LOD0 Material0","","1","On","0","(3.64706326, 13.0399113, 3.74827862)","(1.08665931, 1.08665931, 1.08665931)"
"LOD1 Material1","","1","On","0","(3.93159938, 13.2036371, 4.406203)","(1.12891066, 1.12891066, 1.12891066)"
"LOD1 Material0","","1","On","0","(3.63534641, 12.9982147, 3.65840721)","(1.0831846, 1.0831846, 1.0831846)"
"LOD2 Material0","","1","On","0","(3.29953051, 9.877381, 3.21072054)","(1.23467267, 1.23467267, 1.23467267)"
"LOD2 Material1","","1","On","0","(4.647108, 10.7866449, 4.533713)","(1.39023685, 1.39023685, 1.39023685)"
"Ground_Moss_ShootMat_03_LOD1_Mesh","Assets/ForestPrototype/Art/SectionFive/Ground_Moss_Shoots_03/FBX/Ground_Moss_ShootMat_03_LOD1.fbx","6","On","0","(1.21341217, 0.03518366, 1.46857738)","(1.12316537, 1.12316549, 1.12316537)"
"LOD0 Material1","","1","On","0","(4.78545046, 11.262249, 4.657454)","(1.45556724, 1.45556724, 1.45556724)"
"LOD2 Material1","","1","On","0","(3.63266039, 12.0713825, 4.10193825)","(1.03427935, 1.03427935, 1.03427935)"
"Ground_Moss_ShootMat_03_LOD0_Mesh","Assets/ForestPrototype/Art/SectionFive/Ground_Moss_Shoots_03/FBX/Ground_Moss_ShootMat_03_LOD0.fbx","6","On","0","(1.36698592, 0.02549795, 1.30705428)","(0.879087, 0.879086733, 0.879087)"
"LOD2 Material1","","1","On","0","(5.008024, 11.6243858, 4.8858223)","(1.49820912, 1.49820912, 1.49820912)"
"Habitat view: BrackenType","","1","Off","0","(0, 0, 0)","(1, 1, 1)"
"LOD2 Material1","","1","On","0","(3.756612, 8.719667, 3.664946)","(1.12383449, 1.12383449, 1.12383449)"
"LOD2 Material1","","1","On","0","(3.54370761, 11.7757912, 4.001494)","(1.008953, 1.008953, 1.008953)"
"Ground_Moss_ShootMat_03_LOD2_Mesh","Assets/ForestPrototype/Art/SectionFive/Ground_Moss_Shoots_03/FBX/Ground_Moss_ShootMat_03_LOD2.fbx","2","On","0","(1.52914882, 0.0355905853, 1.36863041)","(1.02980769, 1.02980769, 1.02980769)"
"LOD0 Material1","","1","On","0","(4.65516, 10.9556179, 4.530648)","(1.4159373, 1.4159373, 1.4159373)"
"Ground_Moss_ShootMat_03_LOD1_Mesh","Assets/ForestPrototype/Art/SectionFive/Ground_Moss_Shoots_03/FBX/Ground_Moss_ShootMat_03_LOD1.fbx","6","On","0","(1.39561152, 0.0347762667, 1.12669516)","(1.11016023, 1.11016023, 1.11016023)"
"Woodland_Forb_Flowering_01_LOD0_Mesh","Assets/ForestPrototype/Art/SectionFive/Woodland_Forbs_01/FBX/Woodland_Forb_Flowering_01_LOD0.fbx","4","On","0","(0.7752604, 0.274832726, 0.776684165)","(0.821754456, 0.8217542, 0.821754456)"
"Ground_Moss_ShootMat_03_LOD1_Mesh","Assets/ForestPrototype/Art/SectionFive/Ground_Moss_Shoots_03/FBX/Ground_Moss_ShootMat_03_LOD1.fbx","6","On","0","(1.38078666, 0.0307332817, 1.19445336)","(0.981096268, 0.9810963, 0.981096268)"
"Trunk","Library/unity default resources","1","On","1","(0.139316246, 10.428194, 0.139316261)","(0.139316231, 5.214097, 0.139316231)"
"Ground_Moss_ShootMat_03_LOD1_Mesh","Assets/ForestPrototype/Art/SectionFive/Ground_Moss_Shoots_03/FBX/Ground_Moss_ShootMat_03_LOD1.fbx","6","On","0","(1.082242, 0.02248083, 1.12093484)","(0.717654, 0.71765393, 0.717654)"
"LOD1 Material1","","1","On","0","(3.95711374, 9.312812, 3.85127258)","(1.203616, 1.203616, 1.203616)"
"Trunk","Library/unity default resources","1","On","1","(0.115683526, 9.424142, 0.115683541)","(0.115683511, 4.712071, 0.115683511)"
"Trunk","Library/unity default resources","1","On","1","(0.14345704, 10.694335, 0.143457055)","(0.143457025, 5.34716749, 0.143457025)"
"LOD1 Material0","","1","On","0","(3.87760663, 11.6069975, 3.77277422)","(1.45087469, 1.45087469, 1.45087469)"
"Ground_Moss_ShootMat_03_LOD0_Mesh","Assets/ForestPrototype/Art/SectionFive/Ground_Moss_Shoots_03/FBX/Ground_Moss_ShootMat_03_LOD0.fbx","6","On","0","(1.20561779, 0.02847387, 0.9608401)","(0.981686831, 0.981686831, 0.981686831)"
"LOD0 Material1","","1","On","0","(4.62595034, 10.8868761, 4.50222)","(1.40705287, 1.40705287, 1.40705287)"
"LOD0 Material0","","1","On","0","(3.978173, 11.1948071, 3.871916)","(1.39935088, 1.39935088, 1.39935088)"
"LOD0 Material0","","1","On","0","(3.5134182, 12.5620689, 3.61092448)","(1.04683912, 1.04683912, 1.04683912)"
"LOD2 Material1","","1","On","0","(3.88984013, 12.9259939, 4.392341)","(1.1075027, 1.1075027, 1.1075027)"
"LOD1 Material1","","1","On","0","(4.678025, 11.00943, 4.55290174)","(1.42289209, 1.42289209, 1.42289209)"
"LOD1 Material0","","1","On","0","(3.795152, 13.5696011, 3.8192265)","(1.13080013, 1.13080013, 1.13080013)"
"LOD0 Material0","","1","On","0","(3.3590467, 9.45255, 3.26932669)","(1.18156874, 1.18156874, 1.18156874)"
"LOD0 Material1","","1","On","0","(4.08991241, 13.7353048, 4.58362627)","(1.17436826, 1.17436826, 1.17436826)"
"Ground_Moss_ShootMat_03_LOD0_Mesh","Assets/ForestPrototype/Art/SectionFive/Ground_Moss_Shoots_03/FBX/Ground_Moss_ShootMat_03_LOD0.fbx","6","On","0","(1.4766078, 0.0274593253, 1.44309855)","(0.94670856, 0.9467086, 0.94670856)"
"LOD2 Material0","","1","On","0","(3.6585722, 10.952199, 3.56009841)","(1.36902487, 1.36902487, 1.36902487)"
"LOD1 Material1","","1","On","0","(3.75110555, 12.5974779, 4.203921)","(1.07708406, 1.07708406, 1.07708406)"
"Ground_Moss_ShootMat_03_LOD1_Mesh","Assets/ForestPrototype/Art/SectionFive/Ground_Moss_Shoots_03/FBX/Ground_Moss_ShootMat_03_LOD1.fbx","6","On","0","(1.30735159, 0.0262996815, 1.24782169)","(0.839563, 0.839562833, 0.839563)"
"LOD0 Material1","","1","On","0","(4.66707945, 10.98367, 4.54224873)","(1.41956282, 1.41956282, 1.41956282)"
"Ground_Moss_ShootMat_03_LOD1_Mesh","Assets/ForestPrototype/Art/SectionFive/Ground_Moss_Shoots_03/FBX/Ground_Moss_ShootMat_03_LOD1.fbx","6","On","0","(1.09535754, 0.0237490479, 1.169188)","(0.7581391, 0.758139133, 0.7581391)"
"LOD2 Material1","","1","On","0","(4.69667673, 10.9017, 4.582072)","(1.40506577, 1.40506577, 1.40506577)"
"Ground_Moss_ShootMat_03_LOD0_Mesh","Assets/ForestPrototype/Art/SectionFive/Ground_Moss_Shoots_03/FBX/Ground_Moss_ShootMat_03_LOD0.fbx","6","On","0","(1.17615366, 0.0221360475, 1.18731141)","(0.7631792, 0.7631792, 0.7631792)"
"LOD2 Material0","","1","On","0","(3.72225356, 11.1428337, 3.62206578)","(1.39285421, 1.39285421, 1.39285421)"
"LOD1 Material1","","1","On","0","(3.60330915, 12.1011276, 4.038283)","(1.03464615, 1.03464615, 1.03464615)"
"LOD1 Material0","","1","On","0","(3.9486, 11.8195047, 3.84184813)","(1.47743809, 1.47743809, 1.47743809)"
"LOD0 Material0","","1","On","0","(3.95356464, 14.1357937, 4.0632863)","(1.17798281, 1.17798281, 1.17798281)"
"LOD1 Material1","","1","On","0","(4.770023, 11.2259407, 4.642439)","(1.45087469, 1.45087469, 1.45087469)"
"Ground_Moss_ShootMat_03_LOD2_Mesh","Assets/ForestPrototype/Art/SectionFive/Ground_Moss_Shoots_03/FBX/Ground_Moss_ShootMat_03_LOD2.fbx","2","On","0","(1.08473945, 0.0251204167, 1.13927531)","(0.7268551, 0.7268551, 0.7268551)"
"Ground_Moss_ShootMat_03_LOD0_Mesh","Assets/ForestPrototype/Art/SectionFive/Ground_Moss_Shoots_03/FBX/Ground_Moss_ShootMat_03_LOD0.fbx","6","On","0","(1.16843581, 0.0218309257, 1.11219215)","(0.752659857, 0.7526596, 0.752659857)"
"LOD1 Material0","","1","On","0","(3.51972485, 10.5357351, 3.424568)","(1.31696689, 1.31696689, 1.31696689)"
"Trunk","Library/unity default resources","1","On","1","(0.138913363, 10.6479216, 0.138913378)","(0.138913348, 5.323961, 0.138913348)"
"LOD2 Material1","","1","On","0","(3.69498181, 12.2784777, 4.17231035)","(1.05202329, 1.05202329, 1.05202329)"
"Trunk","Library/unity default resources","1","On","1","(0.159510717, 11.7131929, 0.159510747)","(0.1595107, 5.85659647, 0.1595107)"
"LOD2 Material0","","1","On","0","(3.49693513, 12.503994, 3.51940632)","(1.04199946, 1.04199946, 1.04199946)"
"Trunk","Library/unity default resources","1","On","1","(0.17447798, 12.584692, 0.174478009)","(0.174477965, 6.292346, 0.174477965)"
"Trunk","Library/unity default resources","1","On","1","(0.181565925, 13.0617924, 0.181565955)","(0.181565911, 6.530896, 0.181565911)"
"LOD0 Material1","","1","On","0","(4.92080355, 11.5807934, 4.78918648)","(1.49673688, 1.49673688, 1.49673688)"
"LOD2 Material0","","1","On","0","(4.083268, 14.600544, 4.109507)","(1.216712, 1.216712, 1.216712)"
"LOD2 Material0","","1","On","0","(3.37254882, 12.0592251, 3.39422059)","(1.00493538, 1.00493538, 1.00493538)"
"Ground_Moss_ShootMat_03_LOD2_Mesh","Assets/ForestPrototype/Art/SectionFive/Ground_Moss_Shoots_03/FBX/Ground_Moss_ShootMat_03_LOD2.fbx","2","On","0","(1.1974293, 0.0339355767, 1.38662517)","(0.981920362, 0.9819203, 0.981920362)"
"Ground_Moss_ShootMat_03_LOD2_Mesh","Assets/ForestPrototype/Art/SectionFive/Ground_Moss_Shoots_03/FBX/Ground_Moss_ShootMat_03_LOD2.fbx","2","On","0","(1.78350663, 0.03971695, 1.807476)","(1.1492033, 1.14920342, 1.1492033)"
"ShadeFern_Clump_01_LOD1_Mesh","Assets/ForestPrototype/Art/SectionFive/Woodland_Assets/ShadeFern_Clump_01/ShadeFern_Clump_01_LOD1.fbx","2","On","0","(1.80961919, 0.6450326, 1.81314087)","(1.133919, 1.133919, 1.133919)"
"Ground_Moss_ShootMat_03_LOD0_Mesh","Assets/ForestPrototype/Art/SectionFive/Ground_Moss_Shoots_03/FBX/Ground_Moss_ShootMat_03_LOD0.fbx","6","On","0","(1.34672439, 0.0308797844, 1.53160644)","(1.064635, 1.06463492, 1.064635)"
"Trunk","Library/unity default resources","1","On","1","(0.162927255, 12.5650187, 0.162927285)","(0.16292724, 6.28250933, 0.16292724)"
"LOD1 Material1","","1","On","0","(4.59724426, 10.8193169, 4.47428131)","(1.39832139, 1.39832139, 1.39832139)"
"LOD1 Material0","","1","On","0","(3.614872, 12.9250088, 3.63780284)","(1.07708406, 1.07708406, 1.07708406)"
"Ground_Moss_ShootMat_03_LOD1_Mesh","Assets/ForestPrototype/Art/SectionFive/Ground_Moss_Shoots_03/FBX/Ground_Moss_ShootMat_03_LOD1.fbx","6","On","0","(1.34602642, 0.0307797436, 1.47828484)","(0.98257947, 0.9825795, 0.98257947)"
"Ground_Moss_ShootMat_03_LOD2_Mesh","Assets/ForestPrototype/Art/SectionFive/Ground_Moss_Shoots_03/FBX/Ground_Moss_ShootMat_03_LOD2.fbx","2","On","0","(1.27721894, 0.0360770747, 1.47708082)","(1.04388428, 1.04388416, 1.04388428)"
"Ground_Moss_ShootMat_03_LOD0_Mesh","Assets/ForestPrototype/Art/SectionFive/Ground_Moss_Shoots_03/FBX/Ground_Moss_ShootMat_03_LOD0.fbx","6","On","0","(1.25541711, 0.0292370729, 1.00877082)","(1.0079999, 1.00799954, 1.0079999)"
"Ground_Moss_ShootMat_03_LOD1_Mesh","Assets/ForestPrototype/Art/SectionFive/Ground_Moss_Shoots_03/FBX/Ground_Moss_ShootMat_03_LOD1.fbx","6","On","0","(1.19921315, 0.0296190754, 1.36330485)","(0.9455277, 0.945527554, 0.9455277)"
"Stake","Library/unity default resources","1","On","0","(0.1, 0.6, 0.1)","(0.1, 0.6, 0.1)"
"LOD0 Material0","","1","On","0","(3.52511716, 9.919882, 3.43096137)","(1.23998523, 1.23998523, 1.23998523)"
"Ground_Moss_ShootMat_03_LOD2_Mesh","Assets/ForestPrototype/Art/SectionFive/Ground_Moss_Shoots_03/FBX/Ground_Moss_ShootMat_03_LOD2.fbx","2","On","0","(1.40388477, 0.0309136566, 1.34127736)","(0.89448154, 0.89448154, 0.89448154)"
"Ground_Moss_ShootMat_03_LOD0_Mesh","Assets/ForestPrototype/Art/SectionFive/Ground_Moss_Shoots_03/FBX/Ground_Moss_ShootMat_03_LOD0.fbx","6","On","0","(0.9484354, 0.021652475, 1.076662)","(0.7465073, 0.7465072, 0.7465073)"
"LOD2 Material0","","1","On","0","(3.778803, 13.5118694, 3.80308557)","(1.12598908, 1.12598908, 1.12598908)"
"LOD1 Material1","","1","On","0","(4.074148, 9.588244, 3.96517682)","(1.23921382, 1.23921382, 1.23921382)"
"Ground_Moss_ShootMat_03_LOD1_Mesh","Assets/ForestPrototype/Art/SectionFive/Ground_Moss_Shoots_03/FBX/Ground_Moss_ShootMat_03_LOD1.fbx","6","On","0","(1.72480273, 0.0347607769, 1.72164989)","(1.10966575, 1.10966575, 1.10966575)"
"LOD1 Material0","","1","On","0","(4.058777, 14.5121937, 4.08452368)","(1.20934951, 1.20934951, 1.20934951)"
"LOD1 Material1","","1","On","0","(4.337124, 10.2071409, 4.22111845)","(1.31920183, 1.31920183, 1.31920183)"
"LOD0 Material0","","1","On","0","(4.134419, 11.6344929, 4.023989)","(1.45431161, 1.45431161, 1.45431161)"
"LOD0 Material0","","1","On","0","(3.96306419, 14.1697578, 4.073049)","(1.18081319, 1.18081319, 1.18081319)"
"LOD0 Material0","","1","On","0","(3.846942, 10.8255157, 3.74419045)","(1.35318947, 1.35318947, 1.35318947)"
"Ground_Moss_ShootMat_03_LOD2_Mesh","Assets/ForestPrototype/Art/SectionFive/Ground_Moss_Shoots_03/FBX/Ground_Moss_ShootMat_03_LOD2.fbx","2","On","0","(1.49010813, 0.0330779366, 1.40069866)","(0.957104564, 0.957104564, 0.957104564)"
"Ground_Moss_ShootMat_03_LOD0_Mesh","Assets/ForestPrototype/Art/SectionFive/Ground_Moss_Shoots_03/FBX/Ground_Moss_ShootMat_03_LOD0.fbx","6","On","0","(1.21111226, 0.0232704915, 1.25104177)","(0.8022913, 0.802291155, 0.8022913)"
"Ground_Moss_ShootMat_03_LOD2_Mesh","Assets/ForestPrototype/Art/SectionFive/Ground_Moss_Shoots_03/FBX/Ground_Moss_ShootMat_03_LOD2.fbx","2","On","0","(1.42154324, 0.0316550173, 1.44056654)","(0.9159328, 0.9159327, 0.9159328)"
"Ground_Moss_ShootMat_03_LOD0_Mesh","Assets/ForestPrototype/Art/SectionFive/Ground_Moss_Shoots_03/FBX/Ground_Moss_ShootMat_03_LOD0.fbx","6","On","0","(1.05446923, 0.0213525333, 0.924303)","(0.7361662, 0.7361662, 0.7361662)"
"LOD0 Material0","","1","On","0","(3.87360668, 13.8499069, 3.98110914)","(1.154159, 1.154159, 1.154159)"
"LOD1 Material1","","1","On","0","(4.509756, 10.61342, 4.38913345)","(1.37171054, 1.37171054, 1.37171054)"
"Ground_Moss_ShootMat_03_LOD0_Mesh","Assets/ForestPrototype/Art/SectionFive/Ground_Moss_Shoots_03/FBX/Ground_Moss_ShootMat_03_LOD0.fbx","6","On","0","(1.38749111, 0.0306164864, 1.55205119)","(1.05555725, 1.05555725, 1.05555725)"
"LOD2 Material1","","1","On","0","(4.75928831, 11.0470314, 4.64315557)","(1.42379677, 1.42379677, 1.42379677)"
"Ground_Moss_ShootMat_03_LOD2_Mesh","Assets/ForestPrototype/Art/SectionFive/Ground_Moss_Shoots_03/FBX/Ground_Moss_ShootMat_03_LOD2.fbx","2","On","0","(0.785927832, 0.0247355, 0.9473047)","(0.715717554, 0.715717554, 0.715717554)"
"Ground_Moss_ShootMat_03_LOD2_Mesh","Assets/ForestPrototype/Art/SectionFive/Ground_Moss_Shoots_03/FBX/Ground_Moss_ShootMat_03_LOD2.fbx","2","On","0","(1.37505448, 0.03635283, 1.54745054)","(1.05186343, 1.05186307, 1.05186343)"
"Ground_Moss_ShootMat_03_LOD1_Mesh","Assets/ForestPrototype/Art/SectionFive/Ground_Moss_Shoots_03/FBX/Ground_Moss_ShootMat_03_LOD1.fbx","6","On","0","(1.36427617, 0.0281077959, 1.40251446)","(0.8972831, 0.897283137, 0.8972831)"
"LOD1 Material0","","1","On","0","(3.88679218, 11.6344929, 3.78171134)","(1.45431161, 1.45431161, 1.45431161)"
"LOD0 Material0","","1","On","0","(4.038904, 14.4409218, 4.1509943)","(1.20341015, 1.20341015, 1.20341015)"
"LOD1 Material0","","1","On","0","(3.945276, 11.8095551, 3.83861423)","(1.47619438, 1.47619438, 1.47619438)"
"Trunk","Library/unity default resources","1","On","1","(0.165527925, 12.0580254, 0.165527955)","(0.16552791, 6.02901268, 0.16552791)"
"Ground_Moss_ShootMat_03_LOD2_Mesh","Assets/ForestPrototype/Art/SectionFive/Ground_Moss_Shoots_03/FBX/Ground_Moss_ShootMat_03_LOD2.fbx","2","On","0","(1.40184593, 0.0364805, 1.56675816)","(1.05555725, 1.05555725, 1.05555725)"
"Ground_Moss_ShootMat_03_LOD0_Mesh","Assets/ForestPrototype/Art/SectionFive/Ground_Moss_Shoots_03/FBX/Ground_Moss_ShootMat_03_LOD0.fbx","6","On","0","(1.39954114, 0.0284917969, 1.22218323)","(0.9823048, 0.9823049, 0.9823048)"
"LOD0 Material1","","1","On","0","(3.81941676, 8.98875, 3.71725845)","(1.16173339, 1.16173339, 1.16173339)"
"LOD2 Material1","","1","On","0","(4.55404, 10.5706186, 4.44291544)","(1.36239433, 1.36239433, 1.36239433)"
"LOD2 Material0","","1","On","0","(3.170066, 9.48982048, 3.08474088)","(1.18622756, 1.18622756, 1.18622756)"
"Ground_Moss_ShootMat_03_LOD1_Mesh","Assets/ForestPrototype/Art/SectionFive/Ground_Moss_Shoots_03/FBX/Ground_Moss_ShootMat_03_LOD1.fbx","6","On","0","(1.44038522, 0.030007543, 1.31081748)","(0.9579286, 0.9579286, 0.9579286)"
"LOD1 Material0","","1","On","0","(3.82390428, 11.4462481, 3.72052383)","(1.430781, 1.430781, 1.430781)"
"LOD0 Material1","","1","On","0","(4.1498723, 9.766457, 4.03887558)","(1.26224649, 1.26224649, 1.26224649)"
"Ground_Moss_ShootMat_03_LOD2_Mesh","Assets/ForestPrototype/Art/SectionFive/Ground_Moss_Shoots_03/FBX/Ground_Moss_ShootMat_03_LOD2.fbx","2","On","0","(1.275194, 0.0287000183, 1.30805159)","(0.830430269, 0.830430269, 0.830430269)"
"LOD2 Material0","","1","On","0","(2.91727471, 8.733071, 2.83875346)","(1.09163392, 1.09163392, 1.09163392)"
"LOD2 Material0","","1","On","0","(2.99178743, 8.956131, 2.91126084)","(1.11951637, 1.11951637, 1.11951637)"
"LOD2 Material1","","1","On","0","(4.37046766, 10.1445189, 4.26382256)","(1.30747652, 1.30747652, 1.30747652)"
"LOD1 Material1","","1","On","0","(3.88092113, 13.0334425, 4.34940672)","(1.114359, 1.114359, 1.114359)"
"Dirt Path 46","Library/unity default resources","1","Off","0","(2.64626718, 0.012, 1.59617078)","(2.6, 0.012, 0.642037)"
"Ground_Moss_ShootMat_03_LOD2_Mesh","Assets/ForestPrototype/Art/SectionFive/Ground_Moss_Shoots_03/FBX/Ground_Moss_ShootMat_03_LOD2.fbx","2","On","0","(0.953283668, 0.027590353, 1.1130414)","(0.7983223, 0.79832226, 0.7983223)"
"Ground_Moss_ShootMat_03_LOD1_Mesh","Assets/ForestPrototype/Art/SectionFive/Ground_Moss_Shoots_03/FBX/Ground_Moss_ShootMat_03_LOD1.fbx","6","On","0","(0.8928143, 0.0249652136, 1.06592727)","(0.796962738, 0.7969627, 0.796962738)"
"LOD2 Material0","","1","On","0","(3.760198, 11.256423, 3.65898871)","(1.40705287, 1.40705287, 1.40705287)"
"Ground_Moss_ShootMat_03_LOD0_Mesh","Assets/ForestPrototype/Art/SectionFive/Ground_Moss_Shoots_03/FBX/Ground_Moss_ShootMat_03_LOD0.fbx","6","On","0","(1.45211577, 0.03234524, 1.63110268)","(1.11515915, 1.115159, 1.11515915)"
"LOD0 Material1","","1","On","0","(4.337124, 10.2071409, 4.22111845)","(1.31920183, 1.31920183, 1.31920183)"
"Trunk","Library/unity default resources","1","On","1","(0.172191352, 12.9982157, 0.172191381)","(0.172191337, 6.499108, 0.172191337)"
"LOD2 Material1","","1","On","0","(4.70933771, 10.9310884, 4.59442425)","(1.40885353, 1.40885353, 1.40885353)"
"Trunk","Library/unity default resources","1","On","1","(0.166364208, 11.9263449, 0.166364238)","(0.1663642, 5.96317244, 0.1663642)"
"Ground_Moss_ShootMat_03_LOD2_Mesh","Assets/ForestPrototype/Art/SectionFive/Ground_Moss_Shoots_03/FBX/Ground_Moss_ShootMat_03_LOD2.fbx","2","On","0","(1.3713944, 0.0301295817, 1.32055461)","(0.8717946, 0.871794462, 0.8717946)"
"Ground_Moss_ShootMat_03_LOD1_Mesh","Assets/ForestPrototype/Art/SectionFive/Ground_Moss_Shoots_03/FBX/Ground_Moss_ShootMat_03_LOD1.fbx","6","On","0","(1.34691167, 0.02846959, 1.21015191)","(0.908832848, 0.908832669, 0.908832848)"
"Ground_Moss_ShootMat_03_LOD1_Mesh","Assets/ForestPrototype/Art/SectionFive/Ground_Moss_Shoots_03/FBX/Ground_Moss_ShootMat_03_LOD1.fbx","6","On","0","(1.31377482, 0.0332185254, 1.05161619)","(1.06043267, 1.06043255, 1.06043267)"
"Ground_Moss_ShootMat_03_LOD0_Mesh","Assets/ForestPrototype/Art/SectionFive/Ground_Moss_Shoots_03/FBX/Ground_Moss_ShootMat_03_LOD0.fbx","6","On","0","(1.13261425, 0.0250171665, 0.93902725)","(0.86251086, 0.86251086, 0.86251086)"
"Ground_Moss_ShootMat_03_LOD2_Mesh","Assets/ForestPrototype/Art/SectionFive/Ground_Moss_Shoots_03/FBX/Ground_Moss_ShootMat_03_LOD2.fbx","2","On","0","(1.16277575, 0.0277540963, 1.24489665)","(0.803060055, 0.8030602, 0.803060055)"
"LOD2 Material1","","1","On","0","(4.300526, 9.982175, 4.195588)","(1.28655279, 1.28655279, 1.28655279)"
"LOD1 Material0","","1","On","0","(3.57229543, 10.6930971, 3.47571731)","(1.33663714, 1.33663714, 1.33663714)"
"Ground_Moss_ShootMat_03_LOD2_Mesh","Assets/ForestPrototype/Art/SectionFive/Ground_Moss_Shoots_03/FBX/Ground_Moss_ShootMat_03_LOD2.fbx","2","On","0","(1.45285034, 0.0345307551, 1.5515902)","(0.999141634, 0.999141634, 0.999141634)"
"Ground_Moss_ShootMat_03_LOD1_Mesh","Assets/ForestPrototype/Art/SectionFive/Ground_Moss_Shoots_03/FBX/Ground_Moss_ShootMat_03_LOD1.fbx","6","On","0","(1.35866261, 0.03239298, 1.5212903)","(1.03407872, 1.03407872, 1.03407872)"
"Ground_Moss_ShootMat_03_LOD0_Mesh","Assets/ForestPrototype/Art/SectionFive/Ground_Moss_Shoots_03/FBX/Ground_Moss_ShootMat_03_LOD0.fbx","6","On","0","(1.630227, 0.0312088057, 1.49768734)","(1.07597852, 1.07597852, 1.07597852)"
"LOD1 Material1","","1","On","0","(3.614196, 8.505777, 3.51752687)","(1.09931242, 1.09931242, 1.09931242)"
"LOD2 Material1","","1","On","0","(3.29120469, 7.63938665, 3.2108953)","(0.984602451, 0.984602451, 0.984602451)"
"Ground_Moss_ShootMat_03_LOD0_Mesh","Assets/ForestPrototype/Art/SectionFive/Ground_Moss_Shoots_03/FBX/Ground_Moss_ShootMat_03_LOD0.fbx","6","On","0","(1.21787131, 0.0323691368, 1.46763706)","(1.11598325, 1.115983, 1.11598325)"
"LOD0 Material1","","1","On","0","(3.61735344, 12.1482925, 4.05402231)","(1.03867877, 1.03867877, 1.03867877)"
"LOD2 Material0","","1","On","0","(3.37306237, 12.0610619, 3.39473748)","(1.00508845, 1.00508845, 1.00508845)"
"LOD1 Material1","","1","On","0","(4.81137, 11.3232479, 4.68267965)","(1.46345091, 1.46345091, 1.46345091)"
"Ground_Moss_ShootMat_03_LOD1_Mesh","Assets/ForestPrototype/Art/SectionFive/Ground_Moss_Shoots_03/FBX/Ground_Moss_ShootMat_03_LOD1.fbx","6","On","0","(0.9507383, 0.0256539565, 1.1197412)","(0.818949342, 0.8189494, 0.818949342)"
"LOD0 Material0","","1","On","0","(4.162386, 11.7131929, 4.051209)","(1.46414912, 1.46414912, 1.46414912)"
"Ground_Moss_ShootMat_03_LOD1_Mesh","Assets/ForestPrototype/Art/SectionFive/Ground_Moss_Shoots_03/FBX/Ground_Moss_ShootMat_03_LOD1.fbx","6","On","0","(0.97626543, 0.0229987875, 1.08727038)","(0.7341887, 0.7341886, 0.7341887)"
"LOD1 Material1","","1","On","0","(3.49151063, 11.72567, 3.91298842)","(1.00254452, 1.00254452, 1.00254452)"
"LOD1 Material0","","1","On","0","(3.05326176, 9.139452, 2.97071552)","(1.1424315, 1.1424315, 1.1424315)"
"Ground_Moss_ShootMat_03_LOD2_Mesh","Assets/ForestPrototype/Art/SectionFive/Ground_Moss_Shoots_03/FBX/Ground_Moss_ShootMat_03_LOD2.fbx","2","On","0","(1.73161626, 0.0393329822, 1.79155135)","(1.13809359, 1.13809335, 1.13809359)"
"LOD2 Material0","","1","On","0","(3.98277545, 11.9227247, 3.87557554)","(1.49034059, 1.49034059, 1.49034059)"
"Ground_Moss_ShootMat_03_LOD2_Mesh","Assets/ForestPrototype/Art/SectionFive/Ground_Moss_Shoots_03/FBX/Ground_Moss_ShootMat_03_LOD2.fbx","2","On","0","(1.5705812, 0.0373443179, 1.38326526)","(1.080552, 1.08055162, 1.080552)"
"Trunk","Library/unity default resources","1","On","1","(0.188382849, 14.2750292, 0.188382864)","(0.188382819, 7.13751459, 0.188382819)"
"LOD2 Material0","","1","On","0","(4.12309551, 14.7429562, 4.14959049)","(1.22857964, 1.22857964, 1.22857964)"
"Ground_Moss_ShootMat_03_LOD0_Mesh","Assets/ForestPrototype/Art/SectionFive/Ground_Moss_Shoots_03/FBX/Ground_Moss_ShootMat_03_LOD0.fbx","6","On","0","(1.36141157, 0.0260257386, 1.39963245)","(0.8972831, 0.897283137, 0.8972831)"
"Ground_Moss_ShootMat_03_LOD1_Mesh","Assets/ForestPrototype/Art/SectionFive/Ground_Moss_Shoots_03/FBX/Ground_Moss_ShootMat_03_LOD1.fbx","6","On","0","(0.8203412, 0.023780454, 0.992757)","(0.7591416, 0.7591417, 0.7591416)"
"LOD1 Material0","","1","On","0","(3.71554613, 11.1218948, 3.615095)","(1.39023685, 1.39023685, 1.39023685)"
"Trunk","Library/unity default resources","1","On","1","(0.125726178, 9.787964, 0.1257262)","(0.125726163, 4.893982, 0.125726163)"
"Ground_Moss_ShootMat_03_LOD2_Mesh","Assets/ForestPrototype/Art/SectionFive/Ground_Moss_Shoots_03/FBX/Ground_Moss_ShootMat_03_LOD2.fbx","2","On","0","(1.38973439, 0.03049409, 1.35776138)","(0.882341444, 0.882341444, 0.882341444)"
"Ground_Moss_ShootMat_03_LOD2_Mesh","Assets/ForestPrototype/Art/SectionFive/Ground_Moss_Shoots_03/FBX/Ground_Moss_ShootMat_03_LOD2.fbx","2","On","0","(1.10357785, 0.0270359945, 1.19846058)","(0.782282054, 0.782282, 0.782282054)"
"LOD1 Material0","","1","On","0","(3.53281522, 12.6316137, 3.55522561)","(1.05263448, 1.05263448, 1.05263448)"
"Ground_Moss_ShootMat_03_LOD1_Mesh","Assets/ForestPrototype/Art/SectionFive/Ground_Moss_Shoots_03/FBX/Ground_Moss_ShootMat_03_LOD1.fbx","6","On","0","(1.435374, 0.0287913773, 1.41198385)","(0.9191052, 0.919105053, 0.9191052)"
"Dirt Path 10","Library/unity default resources","1","Off","0","(2.6370163, 0.012, 1.65824258)","(2.60000014, 0.012, 0.648304)"
"Ground_Moss_ShootMat_03_LOD2_Mesh","Assets/ForestPrototype/Art/SectionFive/Ground_Moss_Shoots_03/FBX/Ground_Moss_ShootMat_03_LOD2.fbx","2","On","0","(1.43842649, 0.0363063142, 1.58532834)","(1.05051708, 1.0505172, 1.05051708)"
"Ground_Moss_ShootMat_03_LOD2_Mesh","Assets/ForestPrototype/Art/SectionFive/Ground_Moss_Shoots_03/FBX/Ground_Moss_ShootMat_03_LOD2.fbx","2","On","0","(1.434408, 0.03223548, 1.3264637)","(0.9327286, 0.9327283, 0.9327286)"
"LOD0 Material1","","1","On","0","(3.755958, 8.839405, 3.65549731)","(1.1424315, 1.1424315, 1.1424315)"
"Trunk","Library/unity default resources","1","On","1","(0.151164263, 11.6710072, 0.151164278)","(0.151164249, 5.83550358, 0.151164249)"
"LOD2 Material0","","1","On","0","(3.49174213, 10.4527807, 3.39775848)","(1.30659759, 1.30659759, 1.30659759)"
"Ground_Moss_ShootMat_03_LOD0_Mesh","Assets/ForestPrototype/Art/SectionFive/Ground_Moss_Shoots_03/FBX/Ground_Moss_ShootMat_03_LOD0.fbx","6","On","0","(1.33794832, 0.0251235217, 1.260685)","(0.8661776, 0.8661776, 0.8661776)"
"LOD1 Material0","","1","On","0","(3.21678329, 9.628928, 3.12981653)","(1.203616, 1.203616, 1.203616)"
"LOD2 Material0","","1","On","0","(3.942653, 11.8026152, 3.83653283)","(1.4753269, 1.4753269, 1.4753269)"
"Woodland_Forb_Flowering_01_LOD1_Mesh","Assets/ForestPrototype/Art/SectionFive/Woodland_Forbs_01/FBX/Woodland_Forb_Flowering_01_LOD1.fbx","4","On","0","(0.7651347, 0.283845067, 0.769859433)","(0.8485001, 0.8485, 0.8485001)"
"Ground_Moss_ShootMat_03_LOD0_Mesh","Assets/ForestPrototype/Art/SectionFive/Ground_Moss_Shoots_03/FBX/Ground_Moss_ShootMat_03_LOD0.fbx","6","On","0","(1.29647493, 0.0264842138, 1.39626861)","(0.913090348, 0.913089931, 0.913090348)"
"LOD0 Material0","","1","On","0","(3.96130538, 14.1634693, 4.07124138)","(1.18028915, 1.18028915, 1.18028915)"
"Ground_Moss_ShootMat_03_LOD2_Mesh","Assets/ForestPrototype/Art/SectionFive/Ground_Moss_Shoots_03/FBX/Ground_Moss_ShootMat_03_LOD2.fbx","2","On","0","(1.50678468, 0.0367249325, 1.30471969)","(1.06262982, 1.06262982, 1.06262982)"
"Ground_Moss_ShootMat_03_LOD2_Mesh","Assets/ForestPrototype/Art/SectionFive/Ground_Moss_Shoots_03/FBX/Ground_Moss_ShootMat_03_LOD2.fbx","2","On","0","(0.9583088, 0.0257996023, 1.08680987)","(0.7465073, 0.7465072, 0.7465073)"
"Trunk","Library/unity default resources","1","On","1","(0.18005693, 13.5988226, 0.180056959)","(0.180056915, 6.7994113, 0.180056915)"
"Ground_Moss_ShootMat_03_LOD2_Mesh","Assets/ForestPrototype/Art/SectionFive/Ground_Moss_Shoots_03/FBX/Ground_Moss_ShootMat_03_LOD2.fbx","2","On","0","(1.34077835, 0.03328867, 1.4659524)","(0.9632021, 0.9632021, 0.9632021)"
"LOD2 Material1","","1","On","0","(3.51832032, 11.6914291, 3.97282743)","(1.00172484, 1.00172484, 1.00172484)"
"Ground_Moss_ShootMat_03_LOD2_Mesh","Assets/ForestPrototype/Art/SectionFive/Ground_Moss_Shoots_03/FBX/Ground_Moss_ShootMat_03_LOD2.fbx","2","On","0","(1.19233263, 0.033586733, 1.377404)","(0.9718266, 0.9718265, 0.9718266)"
"LOD0 Material1","","1","On","0","(4.70684147, 11.0772476, 4.5809474)","(1.43165708, 1.43165708, 1.43165708)"
"LOD1 Material0","","1","On","0","(3.73826861, 13.3662148, 3.7619822)","(1.11385119, 1.11385119, 1.11385119)"
"LOD1 Material1","","1","On","0","(4.23226261, 9.960358, 4.11906242)","(1.28730679, 1.28730679, 1.28730679)"
"LOD2 Material0","","1","On","0","(3.946312, 11.8135681, 3.84009314)","(1.476696, 1.476696, 1.476696)"
"LOD1 Material0","","1","On","0","(3.38782883, 12.1132135, 3.4093194)","(1.00943446, 1.00943446, 1.00943446)"
"LOD0 Material0","","1","On","0","(3.73331, 13.3482828, 3.83691883)","(1.1123569, 1.1123569, 1.1123569)"
"LOD0 Material0","","1","On","0","(3.63594627, 13.000164, 3.73685312)","(1.083347, 1.083347, 1.083347)"
"Bramble_Clump_01_LOD1_Mesh","Assets/ForestPrototype/Art/SectionFive/Woodland_Assets/Bramble_Clump_01/Bramble_Clump_01_LOD1.fbx","2","On","0","(1.86404479, 0.954157054, 1.56169558)","(1.05481339, 1.05481327, 1.05481339)"
"Trunk","Library/unity default resources","1","On","1","(0.1636807, 12.2776146, 0.163680732)","(0.163680688, 6.1388073, 0.163680688)"
"Ground_Moss_ShootMat_03_LOD0_Mesh","Assets/ForestPrototype/Art/SectionFive/Ground_Moss_Shoots_03/FBX/Ground_Moss_ShootMat_03_LOD0.fbx","6","On","0","(1.55207407, 0.0305029638, 1.39172721)","(1.05164337, 1.05164337, 1.05164337)"
"Ground_Moss_ShootMat_03_LOD0_Mesh","Assets/ForestPrototype/Art/SectionFive/Ground_Moss_Shoots_03/FBX/Ground_Moss_ShootMat_03_LOD0.fbx","6","On","0","(0.9739821, 0.0205857474, 0.829704762)","(0.7097299, 0.7097299, 0.7097299)"
"LOD2 Material0","","1","On","0","(3.38603163, 12.1074352, 3.40779018)","(1.008953, 1.008953, 1.008953)"
"Ground_Moss_ShootMat_03_LOD2_Mesh","Assets/ForestPrototype/Art/SectionFive/Ground_Moss_Shoots_03/FBX/Ground_Moss_ShootMat_03_LOD2.fbx","2","On","0","(1.64179349, 0.0361060239, 1.57479763)","(1.04472184, 1.04472184, 1.04472184)"
"Woodland_Forb_Rosette_01_LOD1_Mesh","Assets/ForestPrototype/Art/SectionFive/Woodland_Forbs_01/FBX/Woodland_Forb_Rosette_01_LOD1.fbx","2","On","0","(0.6276331, 0.11304298, 0.6363852)","(0.794314563, 0.7943146, 0.794314563)"
"Ground_Moss_ShootMat_03_LOD0_Mesh","Assets/ForestPrototype/Art/SectionFive/Ground_Moss_Shoots_03/FBX/Ground_Moss_ShootMat_03_LOD0.fbx","6","On","0","(1.59271753, 0.0298162419, 1.593457)","(1.02796757, 1.02796745, 1.02796757)"
"LOD1 Material1","","1","On","0","(3.68042684, 12.3601141, 4.12470961)","(1.05678952, 1.05678952, 1.05678952)"
"Ground_Moss_ShootMat_03_LOD1_Mesh","Assets/ForestPrototype/Art/SectionFive/Ground_Moss_Shoots_03/FBX/Ground_Moss_ShootMat_03_LOD1.fbx","6","On","0","(1.301584, 0.03278016, 1.04427087)","(1.04643857, 1.04643857, 1.04643857)"
"LOD0 Material0","","1","On","0","(4.15671062, 11.6972227, 4.04568529)","(1.46215284, 1.46215284, 1.46215284)"
"Ground_Moss_ShootMat_03_LOD1_Mesh","Assets/ForestPrototype/Art/SectionFive/Ground_Moss_Shoots_03/FBX/Ground_Moss_ShootMat_03_LOD1.fbx","6","On","0","(1.09142423, 0.0224279165, 1.11911106)","(0.7159647, 0.715964735, 0.7159647)"
"LOD0 Material1","","1","On","0","(4.256859, 14.2959681, 4.770726)","(1.22230494, 1.22230494, 1.22230494)"
"LOD0 Material1","","1","On","0","(4.44279432, 10.45583, 4.32396269)","(1.35134315, 1.35134315, 1.35134315)"
"LOD2 Material1","","1","On","0","(3.56268287, 11.8388462, 4.02292061)","(1.01435554, 1.01435554, 1.01435554)"
"LOD1 Material1","","1","On","0","(3.80864525, 12.7907152, 4.26840639)","(1.09360588, 1.09360588, 1.09360588)"
"Trunk","Library/unity default resources","1","On","1","(0.12052308, 9.630077, 0.120523095)","(0.120523065, 4.81503868, 0.120523065)"
"Ground_Moss_ShootMat_03_LOD0_Mesh","Assets/ForestPrototype/Art/SectionFive/Ground_Moss_Shoots_03/FBX/Ground_Moss_ShootMat_03_LOD0.fbx","6","On","0","(1.27641833, 0.0237632245, 1.25763607)","(0.819278955, 0.819279, 0.819278955)"
"LOD2 Material0","","1","On","0","(3.485791, 12.4641457, 3.50819063)","(1.03867877, 1.03867877, 1.03867877)"
"LOD1 Material1","","1","On","0","(4.19159365, 14.0767841, 4.697582)","(1.20356476, 1.20356476, 1.20356476)"
"Ground_Moss_ShootMat_03_LOD0_Mesh","Assets/ForestPrototype/Art/SectionFive/Ground_Moss_Shoots_03/FBX/Ground_Moss_ShootMat_03_LOD0.fbx","6","On","0","(0.8487187, 0.0206124354, 0.988009334)","(0.71065, 0.71065, 0.71065)"
"LOD1 Material0","","1","On","0","(2.63144779, 7.87681961, 2.56030583)","(0.984602451, 0.984602451, 0.984602451)"
"Ground_Moss_ShootMat_03_LOD0_Mesh","Assets/ForestPrototype/Art/SectionFive/Ground_Moss_Shoots_03/FBX/Ground_Moss_ShootMat_03_LOD0.fbx","6","On","0","(0.898284435, 0.0251597669, 1.10386717)","(0.8674274, 0.8674273, 0.8674274)"
"LOD0 Material1","","1","On","0","(4.37588024, 10.2983513, 4.258838)","(1.3309902, 1.3309902, 1.3309902)"
"Trunk","Library/unity default resources","1","On","1","(0.1916336, 13.5118694, 0.191633612)","(0.191633567, 6.75593472, 0.191633567)"
"Trunk","Library/unity default resources","1","On","1","(0.153710842, 11.2312479, 0.153710857)","(0.153710827, 5.615624, 0.153710827)"
"LOD1 Material1","","1","On","0","(4.32567739, 10.1802025, 4.209978)","(1.3157202, 1.3157202, 1.3157202)"
"Ground_Moss_ShootMat_03_LOD1_Mesh","Assets/ForestPrototype/Art/SectionFive/Ground_Moss_Shoots_03/FBX/Ground_Moss_ShootMat_03_LOD1.fbx","6","On","0","(1.28887439, 0.0295954142, 1.41836548)","(0.944772243, 0.944772243, 0.944772243)"
"LOD0 Material0","","1","On","0","(3.372291, 9.48982048, 3.28221726)","(1.18622756, 1.18622756, 1.18622756)"
"LOD0 Material0","","1","On","0","(3.30265737, 9.293867, 3.21444345)","(1.16173339, 1.16173339, 1.16173339)"
"Ground_Moss_ShootMat_03_LOD1_Mesh","Assets/ForestPrototype/Art/SectionFive/Ground_Moss_Shoots_03/FBX/Ground_Moss_ShootMat_03_LOD1.fbx","6","On","0","(1.18933916, 0.0250964221, 1.247141)","(0.8011514, 0.8011513, 0.8011514)"
"LOD2 Material0","","1","On","0","(3.86055422, 11.5568466, 3.75664377)","(1.44460583, 1.44460583, 1.44460583)"
"LOD1 Material0","","1","On","0","(3.17818832, 9.5134, 3.092265)","(1.189175, 1.189175, 1.189175)"
"LOD2 Material0","","1","On","0","(3.983985, 11.9263449, 3.87675214)","(1.49079311, 1.49079311, 1.49079311)"
"LOD1 Material0","","1","On","0","(3.1578598, 9.45255, 3.072486)","(1.18156874, 1.18156874, 1.18156874)"
"Ground_Moss_ShootMat_03_LOD1_Mesh","Assets/ForestPrototype/Art/SectionFive/Ground_Moss_Shoots_03/FBX/Ground_Moss_ShootMat_03_LOD1.fbx","6","On","0","(1.59934378, 0.03360398, 1.444288)","(1.07273746, 1.07273746, 1.07273746)"
"Ground_Moss_ShootMat_03_LOD0_Mesh","Assets/ForestPrototype/Art/SectionFive/Ground_Moss_Shoots_03/FBX/Ground_Moss_ShootMat_03_LOD0.fbx","6","On","0","(1.48124671, 0.02839819, 1.527004)","(0.9790776, 0.9790776, 0.9790776)"
"LOD2 Material0","","1","On","0","(2.83273935, 8.480009, 2.75649357)","(1.06000113, 1.06000113, 1.06000113)"
"Ground_Moss_ShootMat_03_LOD0_Mesh","Assets/ForestPrototype/Art/SectionFive/Ground_Moss_Shoots_03/FBX/Ground_Moss_ShootMat_03_LOD0.fbx","6","On","0","(0.8610777, 0.0209183544, 1.00250554)","(0.721197069, 0.721197069, 0.721197069)"
"Ground_Moss_ShootMat_03_LOD0_Mesh","Assets/ForestPrototype/Art/SectionFive/Ground_Moss_Shoots_03/FBX/Ground_Moss_ShootMat_03_LOD0.fbx","6","On","0","(1.515295, 0.0300158057, 1.60188842)","(1.03484774, 1.03484774, 1.03484774)"
"Ground_Moss_ShootMat_03_LOD1_Mesh","Assets/ForestPrototype/Art/SectionFive/Ground_Moss_Shoots_03/FBX/Ground_Moss_ShootMat_03_LOD1.fbx","6","On","0","(1.77153945, 0.0359360762, 1.66308868)","(1.14718461, 1.14718473, 1.14718461)"
"LOD0 Material0","","1","On","0","(3.70575023, 10.428194, 3.6067698)","(1.30352426, 1.30352426, 1.30352426)"
"Ground_Moss_ShootMat_03_LOD1_Mesh","Assets/ForestPrototype/Art/SectionFive/Ground_Moss_Shoots_03/FBX/Ground_Moss_ShootMat_03_LOD1.fbx","6","On","0","(1.47612238, 0.03041838, 1.35819364)","(0.9710437, 0.9710437, 0.9710437)"
"LOD2 Material1","","1","On","0","(3.87740445, 12.88467, 4.37829876)","(1.10396206, 1.10396206, 1.10396206)"
"Ground_Moss_ShootMat_03_LOD2_Mesh","Assets/ForestPrototype/Art/SectionFive/Ground_Moss_Shoots_03/FBX/Ground_Moss_ShootMat_03_LOD2.fbx","2","On","0","(1.563958, 0.0384843573, 1.34579611)","(1.1135385, 1.1135385, 1.1135385)"
"Ground_Moss_ShootMat_03_LOD0_Mesh","Assets/ForestPrototype/Art/SectionFive/Ground_Moss_Shoots_03/FBX/Ground_Moss_ShootMat_03_LOD0.fbx","6","On","0","(1.29247141, 0.0277074855, 1.09126127)","(0.95526433, 0.95526433, 0.95526433)"
"Trunk","Library/unity default resources","1","On","1","(0.17076765, 12.246417, 0.17076768)","(0.170767635, 6.12320852, 0.170767635)"
"LOD0 Material1","","1","On","0","(3.619384, 12.1551123, 4.05629826)","(1.03926182, 1.03926182, 1.03926182)"
"LOD0 Material0","","1","On","0","(4.160401, 11.7076073, 4.049277)","(1.46345091, 1.46345091, 1.46345091)"
"Ground_Moss_ShootMat_03_LOD1_Mesh","Assets/ForestPrototype/Art/SectionFive/Ground_Moss_Shoots_03/FBX/Ground_Moss_ShootMat_03_LOD1.fbx","6","On","0","(1.42688465, 0.0304657, 1.50844717)","(0.9725543, 0.9725543, 0.9725543)"
"LOD2 Material0","","1","On","0","(4.049952, 14.4814148, 4.075977)","(1.20678461, 1.20678461, 1.20678461)"
"Ground_Moss_ShootMat_03_LOD0_Mesh","Assets/ForestPrototype/Art/SectionFive/Ground_Moss_Shoots_03/FBX/Ground_Moss_ShootMat_03_LOD0.fbx","6","On","0","(0.785522163, 0.0206307583, 0.942387462)","(0.7112818, 0.7112817, 0.7112818)"
"Ground_Moss_ShootMat_03_LOD0_Mesh","Assets/ForestPrototype/Art/SectionFive/Ground_Moss_Shoots_03/FBX/Ground_Moss_ShootMat_03_LOD0.fbx","6","On","0","(1.35672653, 0.0253923927, 1.28642321)","(0.875447452, 0.875447452, 0.875447452)"
"Ground_Moss_ShootMat_03_LOD2_Mesh","Assets/ForestPrototype/Art/SectionFive/Ground_Moss_Shoots_03/FBX/Ground_Moss_ShootMat_03_LOD2.fbx","2","On","0","(1.64571357, 0.03619146, 1.62875259)","(1.047194, 1.04719388, 1.047194)"
"Ground_Moss_ShootMat_03_LOD2_Mesh","Assets/ForestPrototype/Art/SectionFive/Ground_Moss_Shoots_03/FBX/Ground_Moss_ShootMat_03_LOD2.fbx","2","On","0","(1.26287878, 0.0295737982, 1.336395)","(0.855712831, 0.85571295, 0.855712831)"
"Ground_Moss_ShootMat_03_LOD2_Mesh","Assets/ForestPrototype/Art/SectionFive/Ground_Moss_Shoots_03/FBX/Ground_Moss_ShootMat_03_LOD2.fbx","2","On","0","(1.61064887, 0.0382584371, 1.71950519)","(1.10700154, 1.10700154, 1.10700154)"
"LOD0 Material1","","1","On","0","(3.23706555, 7.61822462, 3.15048361)","(0.984602451, 0.984602451, 0.984602451)"
"LOD2 Material1","","1","On","0","(4.40966129, 10.2354946, 4.30206)","(1.31920183, 1.31920183, 1.31920183)"
"LOD0 Material1","","1","On","0","(3.818093, 12.8224449, 4.27899456)","(1.09631872, 1.09631872, 1.09631872)"
"Ground_Moss_ShootMat_03_LOD2_Mesh","Assets/ForestPrototype/Art/SectionFive/Ground_Moss_Shoots_03/FBX/Ground_Moss_ShootMat_03_LOD2.fbx","2","On","0","(1.2648989, 0.0280588046, 1.2748735)","(0.8118768, 0.811876833, 0.8118768)"
"Dirt Path 13","Library/unity default resources","1","Off","0","(2.66128516, 0.012, 1.462419)","(2.60000014, 0.012, 0.63044405)"
"LOD2 Material1","","1","On","0","(4.46794176, 10.3707724, 4.35891867)","(1.33663714, 1.33663714, 1.33663714)"
"LOD1 Material0","","1","On","0","(3.37347913, 10.0979719, 3.282276)","(1.26224649, 1.26224649, 1.26224649)"
"Ground_Moss_ShootMat_03_LOD2_Mesh","Assets/ForestPrototype/Art/SectionFive/Ground_Moss_Shoots_03/FBX/Ground_Moss_ShootMat_03_LOD2.fbx","2","On","0","(1.3719207, 0.03518906, 1.15043974)","(1.01818943, 1.01818955, 1.01818943)"
"Ground_Moss_ShootMat_03_LOD1_Mesh","Assets/ForestPrototype/Art/SectionFive/Ground_Moss_Shoots_03/FBX/Ground_Moss_ShootMat_03_LOD1.fbx","6","On","0","(1.33003759, 0.0301727373, 1.45500052)","(0.9632021, 0.9632021, 0.9632021)"
"LOD1 Material1","","1","On","0","(3.946555, 13.2538624, 4.42296362)","(1.13320494, 1.13320494, 1.13320494)"
"LOD1 Material1","","1","On","0","(3.38984442, 7.97778, 3.29917622)","(1.0310725, 1.0310725, 1.0310725)"
"LOD2 Material1","","1","On","0","(4.05360651, 13.470192, 4.57726336)","(1.15412974, 1.15412974, 1.15412974)"
"Ground_Moss_ShootMat_03_LOD2_Mesh","Assets/ForestPrototype/Art/SectionFive/Ground_Moss_Shoots_03/FBX/Ground_Moss_ShootMat_03_LOD2.fbx","2","On","0","(1.31701207, 0.029501183, 1.3441937)","(0.8536118, 0.8536118, 0.8536118)"
"LOD1 Material1","","1","On","0","(3.53064466, 11.8570957, 3.95684671)","(1.01378143, 1.01378143, 1.01378143)"
"LOD2 Material0","","1","On","0","(3.80697012, 11.3964386, 3.704502)","(1.42455482, 1.42455482, 1.42455482)"
"LOD2 Material0","","1","On","0","(3.63368535, 12.9929714, 3.65703535)","(1.08274758, 1.08274758, 1.08274758)"
"Ground_Moss_ShootMat_03_LOD1_Mesh","Assets/ForestPrototype/Art/SectionFive/Ground_Moss_Shoots_03/FBX/Ground_Moss_ShootMat_03_LOD1.fbx","6","On","0","(1.2456224, 0.02730677, 1.088736)","(0.871711969, 0.871712, 0.871711969)"
"LOD2 Material0","","1","On","0","(3.654338, 10.9395227, 3.55597782)","(1.36744034, 1.36744034, 1.36744034)"
"Ground_Moss_ShootMat_03_LOD1_Mesh","Assets/ForestPrototype/Art/SectionFive/Ground_Moss_Shoots_03/FBX/Ground_Moss_ShootMat_03_LOD1.fbx","6","On","0","(1.5869081, 0.03441533, 1.69412744)","(1.098638, 1.098638, 1.098638)"
"Trunk","Library/unity default resources","1","On","1","(0.131424353, 9.995368, 0.131424367)","(0.131424338, 4.997684, 0.131424338)"
"LOD2 Material1","","1","On","0","(4.5696063, 10.6067505, 4.458102)","(1.36705124, 1.36705124, 1.36705124)"
"Ground_Moss_ShootMat_03_LOD0_Mesh","Assets/ForestPrototype/Art/SectionFive/Ground_Moss_Shoots_03/FBX/Ground_Moss_ShootMat_03_LOD0.fbx","6","On","0","(1.35608065, 0.0282209311, 1.16679716)","(0.972966254, 0.9729663, 0.972966254)"
"LOD1 Material0","","1","On","0","(3.84611726, 11.5127392, 3.74213624)","(1.4390924, 1.4390924, 1.4390924)"
"LOD1 Material0","","1","On","0","(3.40970778, 12.1914425, 3.43133736)","(1.01595354, 1.01595354, 1.01595354)"
"Ground_Moss_ShootMat_03_LOD2_Mesh","Assets/ForestPrototype/Art/SectionFive/Ground_Moss_Shoots_03/FBX/Ground_Moss_ShootMat_03_LOD2.fbx","2","On","0","(1.40952706, 0.03660628, 1.17317986)","(1.05919659, 1.05919659, 1.05919659)"
"LOD0 Material1","","1","On","0","(3.84471226, 12.91184, 4.308827)","(1.10396206, 1.10396206, 1.10396206)"
"Ground_Moss_ShootMat_03_LOD1_Mesh","Assets/ForestPrototype/Art/SectionFive/Ground_Moss_Shoots_03/FBX/Ground_Moss_ShootMat_03_LOD1.fbx","6","On","0","(1.50725532, 0.03454697, 1.65722942)","(1.10284066, 1.10284042, 1.10284066)"
"Dirt Path 01","Library/unity default resources","1","Off","0","(2.61055946, 0.012, 1.7992481)","(2.6, 0.012, 0.664999962)"
"Ground_Moss_ShootMat_03_LOD1_Mesh","Assets/ForestPrototype/Art/SectionFive/Ground_Moss_Shoots_03/FBX/Ground_Moss_ShootMat_03_LOD1.fbx","6","On","0","(1.55081654, 0.03309377, 1.382649)","(1.05645, 1.05645, 1.05645)"
"Ground_Moss_ShootMat_03_LOD1_Mesh","Assets/ForestPrototype/Art/SectionFive/Ground_Moss_Shoots_03/FBX/Ground_Moss_ShootMat_03_LOD1.fbx","6","On","0","(1.588439, 0.03249881, 1.62114)","(1.03745711, 1.03745711, 1.03745711)"
"Trunk","Library/unity default resources","1","On","1","(0.1605009, 11.3792906, 0.160500929)","(0.160500884, 5.68964529, 0.160500884)"
"Ground_Moss_ShootMat_03_LOD1_Mesh","Assets/ForestPrototype/Art/SectionFive/Ground_Moss_Shoots_03/FBX/Ground_Moss_ShootMat_03_LOD1.fbx","6","On","0","(1.29925466, 0.0286029521, 1.39909327)","(0.913090348, 0.913089931, 0.913090348)"
"LOD2 Material1","","1","On","0","(4.7829, 11.1018381, 4.666191)","(1.43086052, 1.43086052, 1.43086052)"
"LOD2 Material0","","1","On","0","(3.640853, 10.8991547, 3.542856)","(1.36239433, 1.36239433, 1.36239433)"
"LOD0 Material0","","1","On","0","(3.77467942, 13.4961977, 3.87943649)","(1.12468314, 1.12468314, 1.12468314)"
"LOD1 Material0","","1","On","0","(3.55014086, 12.6935616, 3.57266116)","(1.05779684, 1.05779684, 1.05779684)"
"Ground_Moss_ShootMat_03_LOD2_Mesh","Assets/ForestPrototype/Art/SectionFive/Ground_Moss_Shoots_03/FBX/Ground_Moss_ShootMat_03_LOD2.fbx","2","On","0","(1.1029793, 0.0252186656, 1.147404)","(0.729698, 0.7296979, 0.729698)"
"Ground_Moss_ShootMat_03_LOD0_Mesh","Assets/ForestPrototype/Art/SectionFive/Ground_Moss_Shoots_03/FBX/Ground_Moss_ShootMat_03_LOD0.fbx","6","On","0","(1.0042963, 0.0273732878, 1.22171271)","(0.943742633, 0.9437423, 0.943742633)"
"LOD2 Material1","","1","On","0","(4.7348, 10.99019, 4.6192646)","(1.41647077, 1.41647077, 1.41647077)"
"LOD1 Material0","","1","On","0","(3.658855, 10.952199, 3.55993652)","(1.36902487, 1.36902487, 1.36902487)"
"Ground_Moss_ShootMat_03_LOD2_Mesh","Assets/ForestPrototype/Art/SectionFive/Ground_Moss_Shoots_03/FBX/Ground_Moss_ShootMat_03_LOD2.fbx","2","On","0","(1.55727, 0.0343817249, 1.55668044)","(0.994829535, 0.9948295, 0.994829535)"
"Ground_Moss_ShootMat_03_LOD1_Mesh","Assets/ForestPrototype/Art/SectionFive/Ground_Moss_Shoots_03/FBX/Ground_Moss_ShootMat_03_LOD1.fbx","6","On","0","(1.5960331, 0.03220154, 1.59677267)","(1.02796757, 1.02796745, 1.02796757)"
"LOD0 Material1","","1","On","0","(3.84789658, 12.922534, 4.31239557)","(1.1048764, 1.1048764, 1.1048764)"
"LOD2 Material0","","1","On","0","(4.01299238, 14.3492584, 4.03877974)","(1.19577157, 1.19577157, 1.19577157)"
"Trunk","Library/unity default resources","1","On","1","(0.14693062, 11.0367565, 0.146930635)","(0.1469306, 5.51837826, 0.1469306)"
"LOD0 Material0","","1","On","0","(3.68804646, 13.1864452, 3.79039884)","(1.0988704, 1.0988704, 1.0988704)"
"Ground_Moss_ShootMat_03_LOD0_Mesh","Assets/ForestPrototype/Art/SectionFive/Ground_Moss_Shoots_03/FBX/Ground_Moss_ShootMat_03_LOD0.fbx","6","On","0","(1.43697774, 0.0328734256, 1.63267028)","(1.13336909, 1.13336921, 1.13336909)"
"Ground_Moss_ShootMat_03_LOD2_Mesh","Assets/ForestPrototype/Art/SectionFive/Ground_Moss_Shoots_03/FBX/Ground_Moss_ShootMat_03_LOD2.fbx","2","On","0","(1.14870811, 0.027544314, 1.2330699)","(0.796990156, 0.796990156, 0.796990156)"
"Ground_Moss_ShootMat_03_LOD0_Mesh","Assets/ForestPrototype/Art/SectionFive/Ground_Moss_Shoots_03/FBX/Ground_Moss_ShootMat_03_LOD0.fbx","6","On","0","(1.46483016, 0.0300177969, 1.27341151)","(1.0349164, 1.0349164, 1.0349164)"
"LOD0 Material0","","1","On","0","(3.62334228, 10.1962929, 3.526563)","(1.27453661, 1.27453661, 1.27453661)"
"LOD2 Material0","","1","On","0","(3.8274188, 11.457653, 3.72440028)","(1.43220663, 1.43220663, 1.43220663)"
"LOD0 Material1","","1","On","0","(3.91687655, 13.154192, 4.38970232)","(1.12468314, 1.12468314, 1.12468314)"
"LOD0 Material0","","1","On","0","(3.811, 10.7243729, 3.70920825)","(1.34054661, 1.34054661, 1.34054661)"
"LOD1 Material1","","1","On","0","(4.329776, 10.1898479, 4.21396732)","(1.31696689, 1.31696689, 1.31696689)"
"LOD2 Material0","","1","On","0","(3.186341, 9.538541, 3.10057783)","(1.19231761, 1.19231761, 1.19231761)"
"LOD1 Material1","","1","On","0","(4.525333, 10.6500788, 4.40429354)","(1.37644851, 1.37644851, 1.37644851)"
"LOD1 Material1","","1","On","0","(4.513895, 10.62316, 4.393162)","(1.37296951, 1.37296951, 1.37296951)"
"Ground_Moss_ShootMat_03_LOD1_Mesh","Assets/ForestPrototype/Art/SectionFive/Ground_Moss_Shoots_03/FBX/Ground_Moss_ShootMat_03_LOD1.fbx","6","On","0","(1.19688988, 0.0295924023, 0.9706963)","(0.944676, 0.9446761, 0.944676)"
"LOD1 Material1","","1","On","0","(3.53264427, 11.8638105, 3.95908761)","(1.01435554, 1.01435554, 1.01435554)"
"Trunk","Library/unity default resources","1","On","1","(0.17657961, 13.0255814, 0.176579639)","(0.1765796, 6.51279068, 0.1765796)"
"Ground_Moss_ShootMat_03_LOD0_Mesh","Assets/ForestPrototype/Art/SectionFive/Ground_Moss_Shoots_03/FBX/Ground_Moss_ShootMat_03_LOD0.fbx","6","On","0","(1.22802186, 0.0327638835, 1.48199236)","(1.12959254, 1.12959254, 1.12959254)"
"Habitat view: ShadeFern","","1","Off","0","(0, 0, 0)","(1, 1, 1)"
"Trunk","Library/unity default resources","1","On","1","(0.181300357, 13.2900324, 0.181300387)","(0.181300342, 6.645016, 0.181300342)"
"Ground_Moss_ShootMat_03_LOD0_Mesh","Assets/ForestPrototype/Art/SectionFive/Ground_Moss_Shoots_03/FBX/Ground_Moss_ShootMat_03_LOD0.fbx","6","On","0","(1.29241335, 0.0296883769, 1.0468905)","(1.02355933, 1.02355909, 1.02355933)"
"ShadeFern_Clump_01_LOD0_Mesh","Assets/ForestPrototype/Art/SectionFive/Woodland_Assets/ShadeFern_Clump_01/ShadeFern_Clump_01_LOD0.fbx","2","On","0","(1.18284476, 0.5300144, 1.19254863)","(0.931422651, 0.93142277, 0.931422651)"
"LOD2 Material1","","1","On","0","(4.655857, 10.8069525, 4.54224873)","(1.39285421, 1.39285421, 1.39285421)"
"Ground_Moss_ShootMat_03_LOD2_Mesh","Assets/ForestPrototype/Art/SectionFive/Ground_Moss_Shoots_03/FBX/Ground_Moss_ShootMat_03_LOD2.fbx","2","On","0","(1.17673874, 0.026458852, 1.20588684)","(0.765582561, 0.7655825, 0.765582561)"
"Ground_Moss_ShootMat_03_LOD1_Mesh","Assets/ForestPrototype/Art/SectionFive/Ground_Moss_Shoots_03/FBX/Ground_Moss_ShootMat_03_LOD1.fbx","6","On","0","(1.04329145, 0.0262252577, 1.19471955)","(0.837187, 0.837187, 0.837187)"
"Ground_Moss_ShootMat_03_LOD1_Mesh","Assets/ForestPrototype/Art/SectionFive/Ground_Moss_Shoots_03/FBX/Ground_Moss_ShootMat_03_LOD1.fbx","6","On","0","(1.55517364, 0.0329432, 1.39475453)","(1.05164337, 1.05164337, 1.05164337)"
"LOD2 Material1","","1","On","0","(4.93859339, 11.4632263, 4.81808567)","(1.47743809, 1.47743809, 1.47743809)"
"Trunk","Library/unity default resources","1","On","1","(0.142222673, 10.8107452, 0.142222688)","(0.142222658, 5.40537262, 0.142222658)"
"LOD2 Material1","","1","On","0","(3.80273533, 12.6365442, 4.293984)","(1.08270252, 1.08270252, 1.08270252)"
"Ground_Moss_ShootMat_03_LOD2_Mesh","Assets/ForestPrototype/Art/SectionFive/Ground_Moss_Shoots_03/FBX/Ground_Moss_ShootMat_03_LOD2.fbx","2","On","0","(1.75584257, 0.0388711765, 1.658071)","(1.12473118, 1.12473106, 1.12473118)"
"LOD2 Material0","","1","On","0","(3.67012572, 13.12327, 3.69370961)","(1.09360588, 1.09360588, 1.09360588)"
"LOD1 Material0","","1","On","0","(3.65140963, 10.9299126, 3.55269241)","(1.36623907, 1.36623907, 1.36623907)"
"LOD0 Material1","","1","On","0","(3.13754368, 7.3840065, 3.05362368)","(0.9543314, 0.9543314, 0.9543314)"
"Ground_Moss_ShootMat_03_LOD1_Mesh","Assets/ForestPrototype/Art/SectionFive/Ground_Moss_Shoots_03/FBX/Ground_Moss_ShootMat_03_LOD1.fbx","6","On","0","(1.516285, 0.030758664, 1.42342567)","(0.981906533, 0.9819066, 0.981906533)"
"LOD1 Material1","","1","On","0","(4.509703, 10.6132946, 4.389082)","(1.37169445, 1.37169445, 1.37169445)"
"Ground_Moss_ShootMat_03_LOD0_Mesh","Assets/ForestPrototype/Art/SectionFive/Ground_Moss_Shoots_03/FBX/Ground_Moss_ShootMat_03_LOD0.fbx","6","On","0","(1.60855675, 0.0303030033, 1.50771022)","(1.0447495, 1.04474938, 1.0447495)"
"LOD2 Material0","","1","On","0","(3.87324286, 13.8495569, 3.898132)","(1.15412974, 1.15412974, 1.15412974)"
"Trunk","Library/unity default resources","1","On","1","(0.169205487, 11.9048567, 0.169205517)","(0.169205472, 5.95242834, 0.169205472)"
"Ground_Moss_ShootMat_03_LOD1_Mesh","Assets/ForestPrototype/Art/SectionFive/Ground_Moss_Shoots_03/FBX/Ground_Moss_ShootMat_03_LOD1.fbx","6","On","0","(1.35204673, 0.0295941234, 1.45121872)","(0.944731, 0.944731057, 0.944731)"
"LOD2 Material1","","1","On","0","(3.49904323, 8.121811, 3.4136622)","(1.04677975, 1.04677975, 1.04677975)"
"LOD2 Material1","","1","On","0","(4.25791073, 14.1490984, 4.80796051)","(1.21229863, 1.21229863, 1.21229863)"
"LOD2 Material0","","1","On","0","(3.4940908, 10.4598122, 3.4000442)","(1.30747652, 1.30747652, 1.30747652)"
"LOD0 Material1","","1","On","0","(4.210852, 9.909968, 4.098224)","(1.28079438, 1.28079438, 1.28079438)"
"LOD2 Material0","","1","On","0","(3.41076446, 12.1958733, 3.432682)","(1.01632273, 1.01632273, 1.01632273)"
"LOD0 Material0","","1","On","0","(4.02684259, 11.3317661, 3.91928577)","(1.41647077, 1.41647077, 1.41647077)"
"Ground_Moss_ShootMat_03_LOD2_Mesh","Assets/ForestPrototype/Art/SectionFive/Ground_Moss_Shoots_03/FBX/Ground_Moss_ShootMat_03_LOD2.fbx","2","On","0","(1.08317757, 0.03158145, 1.26832008)","(0.913804054, 0.913804054, 0.913804054)"
"LOD1 Material1","","1","On","0","(4.87703, 11.4777756, 4.746584)","(1.48342252, 1.48342252, 1.48342252)"
"LOD1 Material1","","1","On","0","(4.52789068, 10.6560984, 4.406783)","(1.37722647, 1.37722647, 1.37722647)"
"LOD0 Material1","","1","On","0","(4.65691376, 10.9597454, 4.532355)","(1.41647077, 1.41647077, 1.41647077)"
"Ground_Moss_ShootMat_03_LOD0_Mesh","Assets/ForestPrototype/Art/SectionFive/Ground_Moss_Shoots_03/FBX/Ground_Moss_ShootMat_03_LOD0.fbx","6","On","0","(1.55160117, 0.0295625087, 1.58981133)","(1.01921964, 1.01921952, 1.01921964)"
"LOD1 Material0","","1","On","0","(3.780352, 13.5166836, 3.80433273)","(1.12639034, 1.12639034, 1.12639034)"
"Ground_Moss_ShootMat_03_LOD0_Mesh","Assets/ForestPrototype/Art/SectionFive/Ground_Moss_Shoots_03/FBX/Ground_Moss_ShootMat_03_LOD0.fbx","6","On","0","(1.23065555, 0.0271892585, 1.02016366)","(0.9373975, 0.93739754, 0.9373975)"
"LOD0 Material0","","1","On","0","(4.23813152, 11.9263449, 4.124931)","(1.49079311, 1.49079311, 1.49079311)"
"LOD0 Material0","","1","On","0","(3.53960872, 9.960662, 3.44506574)","(1.24508274, 1.24508274, 1.24508274)"
"Ground_Moss_ShootMat_03_LOD2_Mesh","Assets/ForestPrototype/Art/SectionFive/Ground_Moss_Shoots_03/FBX/Ground_Moss_ShootMat_03_LOD2.fbx","2","On","0","(1.71384132, 0.0396125354, 1.54267144)","(1.14618218, 1.14618218, 1.14618218)"
"LOD2 Material1","","1","On","0","(4.44997454, 10.3290672, 4.34138966)","(1.331262, 1.331262, 1.331262)"
"Ground_Moss_ShootMat_03_LOD1_Mesh","Assets/ForestPrototype/Art/SectionFive/Ground_Moss_Shoots_03/FBX/Ground_Moss_ShootMat_03_LOD1.fbx","6","On","0","(1.04858971, 0.022570312, 0.928716958)","(0.720510364, 0.7205104, 0.720510364)"
"LOD1 Material0","","1","On","0","(4.000178, 11.9738951, 3.89203167)","(1.49673688, 1.49673688, 1.49673688)"
"Woodland_Forb_Rosette_01_LOD2_Mesh","Assets/ForestPrototype/Art/SectionFive/Woodland_Forbs_01/FBX/Woodland_Forb_Rosette_01_LOD2.fbx","2","On","0","(0.609933138, 0.111036614, 0.659881055)","(0.794314563, 0.7943146, 0.794314563)"
"Ground_Moss_ShootMat_03_LOD1_Mesh","Assets/ForestPrototype/Art/SectionFive/Ground_Moss_Shoots_03/FBX/Ground_Moss_ShootMat_03_LOD1.fbx","6","On","0","(1.10292637, 0.0235068481, 0.984287)","(0.7504074, 0.7504074, 0.7504074)"
"Ground_Moss_ShootMat_03_LOD1_Mesh","Assets/ForestPrototype/Art/SectionFive/Ground_Moss_Shoots_03/FBX/Ground_Moss_ShootMat_03_LOD1.fbx","6","On","0","(1.2712723, 0.0292486772, 1.07655728)","(0.933703363, 0.933703363, 0.933703363)"
"Trunk","Library/unity default resources","1","On","1","(0.200397566, 14.16347, 0.200397581)","(0.200397536, 7.081735, 0.200397536)"
"LOD1 Material0","","1","On","0","(3.12570119, 9.356288, 3.04119658)","(1.169536, 1.169536, 1.169536)"
"LOD0 Material0","","1","On","0","(3.45588279, 9.725053, 3.36357641)","(1.2156316, 1.2156316, 1.2156316)"
"Ground_Moss_ShootMat_03_LOD2_Mesh","Assets/ForestPrototype/Art/SectionFive/Ground_Moss_Shoots_03/FBX/Ground_Moss_ShootMat_03_LOD2.fbx","2","On","0","(1.63181865, 0.0359028876, 1.61745143)","(1.03884411, 1.03884411, 1.03884411)"
"Trunk","Library/unity default resources","1","On","1","(0.1224195, 9.865302, 0.122419514)","(0.122419484, 4.932651, 0.122419484)"
"Trunk","Library/unity default resources","1","On","1","(0.144372419, 10.9299126, 0.144372433)","(0.1443724, 5.46495628, 0.1443724)"
"Ground_Moss_ShootMat_03_LOD1_Mesh","Assets/ForestPrototype/Art/SectionFive/Ground_Moss_Shoots_03/FBX/Ground_Moss_ShootMat_03_LOD1.fbx","6","On","0","(1.19186926, 0.0238931645, 1.15438938)","(0.762739658, 0.7627397, 0.762739658)"
"Ground_Moss_ShootMat_03_LOD0_Mesh","Assets/ForestPrototype/Art/SectionFive/Ground_Moss_Shoots_03/FBX/Ground_Moss_ShootMat_03_LOD0.fbx","6","On","0","(0.9830325, 0.02785646, 1.21324074)","(0.9604007, 0.9604005, 0.9604007)"
"Trunk","Library/unity default resources","1","On","1","(0.143823341, 11.1688108, 0.143823355)","(0.143823326, 5.58440542, 0.143823326)"
"LOD1 Material1","","1","On","0","(4.61941767, 10.871501, 4.495862)","(1.40506577, 1.40506577, 1.40506577)"
"Ground_Moss_ShootMat_03_LOD0_Mesh","Assets/ForestPrototype/Art/SectionFive/Ground_Moss_Shoots_03/FBX/Ground_Moss_ShootMat_03_LOD0.fbx","6","On","0","(0.9270039, 0.023375649, 1.09503531)","(0.805916846, 0.805916667, 0.805916846)"
"Ground_Moss_ShootMat_03_LOD2_Mesh","Assets/ForestPrototype/Art/SectionFive/Ground_Moss_Shoots_03/FBX/Ground_Moss_ShootMat_03_LOD2.fbx","2","On","0","(1.10660088, 0.03119938, 1.27881539)","(0.902748942, 0.9027489, 0.902748942)"
"LOD2 Material1","","1","On","0","(3.71172214, 12.3341055, 4.191213)","(1.05678952, 1.05678952, 1.05678952)"
"Ground_Moss_ShootMat_03_LOD0_Mesh","Assets/ForestPrototype/Art/SectionFive/Ground_Moss_Shoots_03/FBX/Ground_Moss_ShootMat_03_LOD0.fbx","6","On","0","(1.58412981, 0.03184693, 1.69034362)","(1.09797907, 1.097979, 1.09797907)"
"LOD1 Material0","","1","On","0","(3.716962, 13.2900324, 3.7405405)","(1.1075027, 1.1075027, 1.1075027)"
"Ground_Moss_ShootMat_03_LOD0_Mesh","Assets/ForestPrototype/Art/SectionFive/Ground_Moss_Shoots_03/FBX/Ground_Moss_ShootMat_03_LOD0.fbx","6","On","0","(0.8338221, 0.0224108957, 1.009045)","(0.77265507, 0.77265507, 0.77265507)"
"LOD2 Material1","","1","On","0","(3.58499074, 11.9129753, 4.04811049)","(1.020707, 1.020707, 1.020707)"
"LOD0 Material0","","1","On","0","(3.594905, 12.8534222, 3.69467258)","(1.07111847, 1.07111847, 1.07111847)"
"Ground_Moss_ShootMat_03_LOD0_Mesh","Assets/ForestPrototype/Art/SectionFive/Ground_Moss_Shoots_03/FBX/Ground_Moss_ShootMat_03_LOD0.fbx","6","On","0","(1.21129465, 0.0225614626, 1.19587874)","(0.7778462, 0.777846158, 0.7778462)"
"Ground_Moss_ShootMat_03_LOD2_Mesh","Assets/ForestPrototype/Art/SectionFive/Ground_Moss_Shoots_03/FBX/Ground_Moss_ShootMat_03_LOD2.fbx","2","On","0","(1.215023, 0.0312791169, 1.3514061)","(0.905056, 0.905056059, 0.905056)"
"LOD1 Material1","","1","On","0","(4.62595034, 10.8868761, 4.50222)","(1.40705287, 1.40705287, 1.40705287)"
"Ground_Moss_ShootMat_03_LOD1_Mesh","Assets/ForestPrototype/Art/SectionFive/Ground_Moss_Shoots_03/FBX/Ground_Moss_ShootMat_03_LOD1.fbx","6","On","0","(1.51532292, 0.0309802163, 1.54523885)","(0.988979161, 0.988979161, 0.988979161)"
"Ground_Moss_ShootMat_03_LOD1_Mesh","Assets/ForestPrototype/Art/SectionFive/Ground_Moss_Shoots_03/FBX/Ground_Moss_ShootMat_03_LOD1.fbx","6","On","0","(1.35095763, 0.0280712284, 1.39962149)","(0.8961158, 0.8961158, 0.8961158)"
"LOD0 Material1","","1","On","0","(4.16445255, 13.9856358, 4.667165)","(1.19577157, 1.19577157, 1.19577157)"
"LOD2 Material0","","1","On","0","(3.95329332, 14.1357937, 3.978697)","(1.17798281, 1.17798281, 1.17798281)"
"LOD1 Material0","","1","On","0","(3.74376869, 11.2063751, 3.64255476)","(1.40079689, 1.40079689, 1.40079689)"
"LOD1 Material1","","1","On","0","(4.749413, 11.1774368, 4.62238026)","(1.44460583, 1.44460583, 1.44460583)"
"LOD0 Material0","","1","On","0","(3.69732523, 13.2196217, 3.79993534)","(1.1016351, 1.1016351, 1.1016351)"
"LOD0 Material0","","1","On","0","(4.067751, 11.4468842, 3.9591012)","(1.43086052, 1.43086052, 1.43086052)"
"LOD0 Material0","","1","On","0","(3.79520941, 13.5696011, 3.900536)","(1.13080013, 1.13080013, 1.13080013)"
"Trunk","Library/unity default resources","1","On","1","(0.158273354, 11.457653, 0.158273384)","(0.158273339, 5.72882652, 0.158273339)"
"Ground_Moss_ShootMat_03_LOD2_Mesh","Assets/ForestPrototype/Art/SectionFive/Ground_Moss_Shoots_03/FBX/Ground_Moss_ShootMat_03_LOD2.fbx","2","On","0","(1.36303616, 0.0312620327, 1.42141545)","(0.9045617, 0.9045617, 0.9045617)"
"LOD2 Material1","","1","On","0","(3.95740986, 9.18575, 3.86084414)","(1.18390548, 1.18390548, 1.18390548)"
"Ground_Moss_ShootMat_03_LOD0_Mesh","Assets/ForestPrototype/Art/SectionFive/Ground_Moss_Shoots_03/FBX/Ground_Moss_ShootMat_03_LOD0.fbx","6","On","0","(1.071865, 0.0265049282, 1.25661218)","(0.913804054, 0.913804054, 0.913804054)"
"Ground_Moss_ShootMat_03_LOD1_Mesh","Assets/ForestPrototype/Art/SectionFive/Ground_Moss_Shoots_03/FBX/Ground_Moss_ShootMat_03_LOD1.fbx","6","On","0","(1.21587145, 0.02436681, 1.18412471)","(0.7778599, 0.7778599, 0.7778599)"
"Ground_Moss_ShootMat_03_LOD2_Mesh","Assets/ForestPrototype/Art/SectionFive/Ground_Moss_Shoots_03/FBX/Ground_Moss_ShootMat_03_LOD2.fbx","2","On","0","(1.79217756, 0.0394915119, 1.70906448)","(1.14268041, 1.14268029, 1.14268041)"
"Ground_Moss_ShootMat_03_LOD0_Mesh","Assets/ForestPrototype/Art/SectionFive/Ground_Moss_Shoots_03/FBX/Ground_Moss_ShootMat_03_LOD0.fbx","6","On","0","(1.19458783, 0.0274003725, 0.9684962)","(0.944676, 0.9446761, 0.944676)"
"LOD1 Material1","","1","On","0","(4.01942873, 13.4985971, 4.50463438)","(1.15412974, 1.15412974, 1.15412974)"
"LOD0 Material1","","1","On","0","(3.87394857, 13.010026, 4.34159231)","(1.1123569, 1.1123569, 1.1123569)"
"LOD2 Material0","","1","On","0","(3.61131978, 10.8107452, 3.51411772)","(1.35134315, 1.35134315, 1.35134315)"
"Ground_Moss_ShootMat_03_LOD0_Mesh","Assets/ForestPrototype/Art/SectionFive/Ground_Moss_Shoots_03/FBX/Ground_Moss_ShootMat_03_LOD0.fbx","6","On","0","(1.43772936, 0.0310108326, 1.20931947)","(1.06915307, 1.06915307, 1.06915307)"
"LOD1 Material0","","1","On","0","(3.585402, 10.7323294, 3.48846936)","(1.34154117, 1.34154117, 1.34154117)"
"LOD0 Material0","","1","On","0","(3.371409, 12.0543222, 3.46497416)","(1.00452685, 1.00452685, 1.00452685)"
"Ground_Moss_ShootMat_03_LOD1_Mesh","Assets/ForestPrototype/Art/SectionFive/Ground_Moss_Shoots_03/FBX/Ground_Moss_ShootMat_03_LOD1.fbx","6","On","0","(1.15712476, 0.0233661737, 1.1595552)","(0.745916665, 0.745916665, 0.745916665)"
"Ground_Moss_ShootMat_03_LOD0_Mesh","Assets/ForestPrototype/Art/SectionFive/Ground_Moss_Shoots_03/FBX/Ground_Moss_ShootMat_03_LOD0.fbx","6","On","0","(1.03144956, 0.0235752128, 0.8379691)","(0.81279695, 0.81279695, 0.81279695)"
"Ground_Moss_ShootMat_03_LOD2_Mesh","Assets/ForestPrototype/Art/SectionFive/Ground_Moss_Shoots_03/FBX/Ground_Moss_ShootMat_03_LOD2.fbx","2","On","0","(1.30007255, 0.0330798328, 1.43827581)","(0.9571596, 0.9571595, 0.9571596)"
"Ground_Moss_ShootMat_03_LOD0_Mesh","Assets/ForestPrototype/Art/SectionFive/Ground_Moss_Shoots_03/FBX/Ground_Moss_ShootMat_03_LOD0.fbx","6","On","0","(1.31690931, 0.0306575149, 1.50715423)","(1.05697179, 1.05697179, 1.05697179)"
"LOD0 Material1","","1","On","0","(4.90126228, 11.5348043, 4.770168)","(1.49079311, 1.49079311, 1.49079311)"
"Ground_Moss_ShootMat_03_LOD2_Mesh","Assets/ForestPrototype/Art/SectionFive/Ground_Moss_Shoots_03/FBX/Ground_Moss_ShootMat_03_LOD2.fbx","2","On","0","(1.32529807, 0.0348554, 1.48809862)","(1.00853515, 1.00853515, 1.00853515)"
"Ground_Moss_ShootMat_03_LOD2_Mesh","Assets/ForestPrototype/Art/SectionFive/Ground_Moss_Shoots_03/FBX/Ground_Moss_ShootMat_03_LOD2.fbx","2","On","0","(1.51945269, 0.038114626, 1.66968024)","(1.10284066, 1.10284042, 1.10284066)"
"LOD2 Material0","","1","On","0","(3.76501, 11.2708282, 3.66367126)","(1.40885353, 1.40885353, 1.40885353)"
"Ground_Moss_ShootMat_03_LOD2_Mesh","Assets/ForestPrototype/Art/SectionFive/Ground_Moss_Shoots_03/FBX/Ground_Moss_ShootMat_03_LOD2.fbx","2","On","0","(1.409715, 0.0382399261, 1.60378563)","(1.10646617, 1.10646594, 1.10646617)"
"Ground_Moss_ShootMat_03_LOD1_Mesh","Assets/ForestPrototype/Art/SectionFive/Ground_Moss_Shoots_03/FBX/Ground_Moss_ShootMat_03_LOD1.fbx","6","On","0","(1.576368, 0.03168875, 1.56362474)","(1.01159763, 1.01159763, 1.01159763)"
"Ground_Moss_ShootMat_03_LOD0_Mesh","Assets/ForestPrototype/Art/SectionFive/Ground_Moss_Shoots_03/FBX/Ground_Moss_ShootMat_03_LOD0.fbx","6","On","0","(1.36386776, 0.0253629163, 1.32403064)","(0.8744312, 0.8744312, 0.8744312)"
"LOD0 Material0","","1","On","0","(4.06701326, 11.444809, 3.95838356)","(1.43060112, 1.43060112, 1.43060112)"
"Ground_Moss_ShootMat_03_LOD2_Mesh","Assets/ForestPrototype/Art/SectionFive/Ground_Moss_Shoots_03/FBX/Ground_Moss_ShootMat_03_LOD2.fbx","2","On","0","(1.74712253, 0.0388536155, 1.76735044)","(1.12422276, 1.12422287, 1.12422276)"
"LOD1 Material1","","1","On","0","(4.83073139, 11.3688145, 4.701524)","(1.46934009, 1.46934009, 1.46934009)"
"LOD1 Material0","","1","On","0","(3.30252171, 9.885572, 3.213237)","(1.23569655, 1.23569655, 1.23569655)"
"Footing Front","Library/unity default resources","1","On","0","(4, 0.1, 0.14)","(4, 0.1, 0.14)"
"LOD2 Material1","","1","On","0","(3.98021936, 13.226326, 4.49439573)","(1.13323522, 1.13323522, 1.13323522)"
"Ground_Moss_ShootMat_03_LOD0_Mesh","Assets/ForestPrototype/Art/SectionFive/Ground_Moss_Shoots_03/FBX/Ground_Moss_ShootMat_03_LOD0.fbx","6","On","0","(1.31099272, 0.0244407821, 1.2984786)","(0.8426392, 0.842639, 0.8426392)"
"Ground_Moss_ShootMat_03_LOD0_Mesh","Assets/ForestPrototype/Art/SectionFive/Ground_Moss_Shoots_03/FBX/Ground_Moss_ShootMat_03_LOD0.fbx","6","On","0","(1.16077507, 0.0216381345, 1.11206508)","(0.7460127, 0.7460128, 0.7460127)"
"LOD1 Material0","","1","On","0","(3.660166, 10.9561234, 3.561212)","(1.36951542, 1.36951542, 1.36951542)"
"Trunk","Library/unity default resources","1","On","1","(0.146299049, 11.256423, 0.146299064)","(0.146299034, 5.6282115, 0.146299034)"
"LOD0 Material0","","1","On","0","(3.75031972, 10.5536146, 3.65014863)","(1.31920183, 1.31920183, 1.31920183)"
"Ground_Moss_ShootMat_03_LOD0_Mesh","Assets/ForestPrototype/Art/SectionFive/Ground_Moss_Shoots_03/FBX/Ground_Moss_ShootMat_03_LOD0.fbx","6","On","0","(1.5226171, 0.02831215, 1.4822855)","(0.9761113, 0.976111233, 0.9761113)"
"LOD2 Material0","","1","On","0","(3.47102666, 12.4113522, 3.49333143)","(1.03427935, 1.03427935, 1.03427935)"
"LOD0 Material0","","1","On","0","(4.34205866, 15.5248356, 4.46256161)","(1.29373634, 1.29373634, 1.29373634)"
"Ground_Moss_ShootMat_03_LOD0_Mesh","Assets/ForestPrototype/Art/SectionFive/Ground_Moss_Shoots_03/FBX/Ground_Moss_ShootMat_03_LOD0.fbx","6","On","0","(1.00516462, 0.0290331282, 1.24935067)","(1.00096834, 1.00096822, 1.00096834)"
"LOD2 Material0","","1","On","0","(3.55836248, 10.6522141, 3.462586)","(1.33152676, 1.33152676, 1.33152676)"
"LOD2 Material0","","1","On","0","(3.585125, 10.7323294, 3.48862815)","(1.34154117, 1.34154117, 1.34154117)"
"ShadeFern_Clump_01_LOD2_Mesh","Assets/ForestPrototype/Art/SectionFive/Woodland_Assets/ShadeFern_Clump_01/ShadeFern_Clump_01_LOD2.fbx","2","On","0","(1.54739344, 0.6428407, 1.51828921)","(1.133919, 1.133919, 1.133919)"
"LOD2 Material1","","1","On","0","(4.175682, 9.692392, 4.07379)","(1.24920416, 1.24920416, 1.24920416)"
"ShadeFern_Clump_01_LOD1_Mesh","Assets/ForestPrototype/Art/SectionFive/Woodland_Assets/ShadeFern_Clump_01/ShadeFern_Clump_01_LOD1.fbx","2","On","0","(0.925152659, 0.4208941, 0.9024918)","(0.739900231, 0.7399003, 0.739900231)"
"LOD2 Material0","","1","On","0","(4.102038, 14.66766, 4.12839746)","(1.22230494, 1.22230494, 1.22230494)"
"LOD1 Material1","","1","On","0","(4.358413, 14.637022, 4.8845396)","(1.25146508, 1.25146508, 1.25146508)"
"LOD0 Material1","","1","On","0","(3.75319052, 12.60448, 4.20625734)","(1.07768273, 1.07768273, 1.07768273)"
"Ground_Moss_ShootMat_03_LOD2_Mesh","Assets/ForestPrototype/Art/SectionFive/Ground_Moss_Shoots_03/FBX/Ground_Moss_ShootMat_03_LOD2.fbx","2","On","0","(1.47857094, 0.0357671455, 1.28674245)","(1.0349164, 1.0349164, 1.0349164)"
"Bracken_Clump_01_LOD2_Mesh","Assets/ForestPrototype/Art/SectionFive/Woodland_Assets/Bracken_Clump_01/Bracken_Clump_01_LOD2.fbx","2","On","0","(1.34351325, 0.893493533, 1.38214922)","(0.880000234, 0.88, 0.880000234)"
"LOD2 Material0","","1","On","0","(3.37976623, 12.0850325, 3.40148449)","(1.007086, 1.007086, 1.007086)"
"LOD1 Material0","","1","On","0","(3.841097, 11.4977121, 3.73725176)","(1.437214, 1.437214, 1.437214)"
"LOD2 Material1","","1","On","0","(3.980113, 13.2259722, 4.49427557)","(1.13320494, 1.13320494, 1.13320494)"
"Trunk","Library/unity default resources","1","On","1","(0.181048453, 12.6814737, 0.181048483)","(0.181048438, 6.340737, 0.181048438)"
"Ground_Moss_ShootMat_03_LOD2_Mesh","Assets/ForestPrototype/Art/SectionFive/Ground_Moss_Shoots_03/FBX/Ground_Moss_ShootMat_03_LOD2.fbx","2","On","0","(1.52896965, 0.035296794, 1.60223532)","(1.021307, 1.02130687, 1.021307)"
"LOD1 Material1","","1","On","0","(3.77082968, 12.6637173, 4.22602558)","(1.08274758, 1.08274758, 1.08274758)"
"LOD2 Material0","","1","On","0","(4.00380325, 11.985673, 3.89603734)","(1.49820912, 1.49820912, 1.49820912)"
"Ground_Moss_ShootMat_03_LOD2_Mesh","Assets/ForestPrototype/Art/SectionFive/Ground_Moss_Shoots_03/FBX/Ground_Moss_ShootMat_03_LOD2.fbx","2","On","0","(1.2150631, 0.0282562468, 1.27985156)","(0.81758976, 0.8175898, 0.81758976)"
"Ground_Moss_ShootMat_03_LOD0_Mesh","Assets/ForestPrototype/Art/SectionFive/Ground_Moss_Shoots_03/FBX/Ground_Moss_ShootMat_03_LOD0.fbx","6","On","0","(0.7296319, 0.0204017181, 0.8960581)","(0.7033851, 0.7033852, 0.7033851)"
"Trunk","Library/unity default resources","1","On","1","(0.185672551, 13.0105209, 0.185672581)","(0.185672536, 6.50526047, 0.185672536)"
"LOD2 Material0","","1","On","0","(3.93179154, 11.7701006, 3.82596374)","(1.47126257, 1.47126257, 1.47126257)"
"Ground_Moss_ShootMat_03_LOD1_Mesh","Assets/ForestPrototype/Art/SectionFive/Ground_Moss_Shoots_03/FBX/Ground_Moss_ShootMat_03_LOD1.fbx","6","On","0","(1.47886145, 0.0299817286, 1.38960266)","(0.957104564, 0.957104564, 0.957104564)"
"Ground_Moss_ShootMat_03_LOD0_Mesh","Assets/ForestPrototype/Art/SectionFive/Ground_Moss_Shoots_03/FBX/Ground_Moss_ShootMat_03_LOD0.fbx","6","On","0","(1.30835009, 0.0291570071, 1.078969)","(1.005239, 1.00523913, 1.005239)"
"Ground_Moss_ShootMat_03_LOD1_Mesh","Assets/ForestPrototype/Art/SectionFive/Ground_Moss_Shoots_03/FBX/Ground_Moss_ShootMat_03_LOD1.fbx","6","On","0","(1.00974178, 0.0228989813, 0.8628954)","(0.73100245, 0.7310025, 0.73100245)"
"Ground_Moss_ShootMat_03_LOD1_Mesh","Assets/ForestPrototype/Art/SectionFive/Ground_Moss_Shoots_03/FBX/Ground_Moss_ShootMat_03_LOD1.fbx","6","On","0","(1.23304546, 0.0293643977, 1.02245843)","(0.9373975, 0.93739754, 0.9373975)"
"Ground_Moss_ShootMat_03_LOD0_Mesh","Assets/ForestPrototype/Art/SectionFive/Ground_Moss_Shoots_03/FBX/Ground_Moss_ShootMat_03_LOD0.fbx","6","On","0","(1.104539, 0.02132465, 1.00612569)","(0.735205, 0.7352048, 0.735205)"
"LOD2 Material1","","1","On","0","(3.7620492, 12.5013428, 4.24804163)","(1.07111847, 1.07111847, 1.07111847)"
"Ground_Moss_ShootMat_03_LOD2_Mesh","Assets/ForestPrototype/Art/SectionFive/Ground_Moss_Shoots_03/FBX/Ground_Moss_ShootMat_03_LOD2.fbx","2","On","0","(1.73291039, 0.0385061949, 1.626394)","(1.11417031, 1.11417031, 1.11417031)"
"Ground_Moss_ShootMat_03_LOD2_Mesh","Assets/ForestPrototype/Art/SectionFive/Ground_Moss_Shoots_03/FBX/Ground_Moss_ShootMat_03_LOD2.fbx","2","On","0","(1.304637, 0.03446668, 1.46775484)","(0.997287631, 0.9972877, 0.997287631)"
"LOD2 Material1","","1","On","0","(4.831173, 11.2138872, 4.7132864)","(1.445302, 1.445302, 1.445302)"
"ShadeFern_Clump_01_LOD2_Mesh","Assets/ForestPrototype/Art/SectionFive/Woodland_Assets/ShadeFern_Clump_01/ShadeFern_Clump_01_LOD2.fbx","2","On","0","(1.40761077, 0.5280416, 1.39226842)","(0.9314228, 0.93142277, 0.9314228)"
"Dirt Path 15","Library/unity default resources","1","Off","0","(2.670919, 0.012, 1.2871896)","(2.6, 0.012, 0.618639946)"
"LOD0 Material0","","1","On","0","(3.37278, 12.0592251, 3.46638322)","(1.00493538, 1.00493538, 1.00493538)"
"LOD0 Material0","","1","On","0","(3.55132532, 9.993633, 3.45646954)","(1.24920416, 1.24920416, 1.24920416)"
"Ground_Moss_ShootMat_03_LOD2_Mesh","Assets/ForestPrototype/Art/SectionFive/Ground_Moss_Shoots_03/FBX/Ground_Moss_ShootMat_03_LOD2.fbx","2","On","0","(1.31464052, 0.0308486354, 1.39299214)","(0.892600238, 0.8926001, 0.892600238)"
"LOD1 Material1","","1","On","0","(3.52645, 11.843008, 3.95214558)","(1.01257694, 1.01257694, 1.01257694)"
"LOD2 Material0","","1","On","0","(3.75178838, 11.2312479, 3.65080547)","(1.403906, 1.403906, 1.403906)"
"Trunk","Library/unity default resources","1","On","1","(0.1616466, 11.6997356, 0.161646634)","(0.16164659, 5.849868, 0.16164659)"
"LOD1 Material1","","1","On","0","(4.752648, 11.18505, 4.625529)","(1.44558978, 1.44558978, 1.44558978)"
"Ground_Moss_ShootMat_03_LOD0_Mesh","Assets/ForestPrototype/Art/SectionFive/Ground_Moss_Shoots_03/FBX/Ground_Moss_ShootMat_03_LOD0.fbx","6","On","0","(1.48920941, 0.0312327053, 1.626337)","(1.07680249, 1.07680249, 1.07680249)"
"Dirt Path 38","Library/unity default resources","1","Off","0","(2.60548, 0.012, 1.82243466)","(2.6, 0.012, 0.668114066)"
"LOD2 Material1","","1","On","0","(3.96517181, 9.203766, 3.86841655)","(1.18622756, 1.18622756, 1.18622756)"
"LOD1 Material1","","1","On","0","(4.764696, 11.2134056, 4.63725471)","(1.44925451, 1.44925451, 1.44925451)"
"LOD1 Material1","","1","On","0","(4.31187963, 14.4807463, 4.832389)","(1.23810351, 1.23810351, 1.23810351)"
"LOD1 Material1","","1","On","0","(3.441485, 8.099313, 3.34943557)","(1.04677975, 1.04677975, 1.04677975)"
"Ground_Moss_ShootMat_03_LOD1_Mesh","Assets/ForestPrototype/Art/SectionFive/Ground_Moss_Shoots_03/FBX/Ground_Moss_ShootMat_03_LOD1.fbx","6","On","0","(1.25278831, 0.0359081142, 1.50969291)","(1.14629209, 1.14629209, 1.14629209)"
"LOD1 Material0","","1","On","0","(3.82491374, 11.4492693, 3.72150588)","(1.43115866, 1.43115866, 1.43115866)"
"Ground_Moss_ShootMat_03_LOD2_Mesh","Assets/ForestPrototype/Art/SectionFive/Ground_Moss_Shoots_03/FBX/Ground_Moss_ShootMat_03_LOD2.fbx","2","On","0","(1.42831969, 0.03133892, 1.392833)","(0.906786442, 0.906786442, 0.906786442)"
"LOD0 Material1","","1","On","0","(4.509756, 10.61342, 4.38913345)","(1.37171054, 1.37171054, 1.37171054)"
"LOD1 Material0","","1","On","0","(3.88719416, 13.8986988, 3.9118526)","(1.15822494, 1.15822494, 1.15822494)"
"LOD1 Material1","","1","On","0","(3.92747641, 9.243062, 3.822428)","(1.19460142, 1.19460142, 1.19460142)"
"LOD2 Material0","","1","On","0","(3.42278576, 10.2463551, 3.3306582)","(1.28079438, 1.28079438, 1.28079438)"
"LOD2 Material1","","1","On","0","(4.48101, 10.4011049, 4.371668)","(1.34054661, 1.34054661, 1.34054661)"
"LOD2 Material1","","1","On","0","(3.6255002, 12.0475893, 4.093853)","(1.03224075, 1.03224075, 1.03224075)"
"Ground_Moss_ShootMat_03_LOD2_Mesh","Assets/ForestPrototype/Art/SectionFive/Ground_Moss_Shoots_03/FBX/Ground_Moss_ShootMat_03_LOD2.fbx","2","On","0","(1.42213881, 0.03210401, 1.30858159)","(0.9289242, 0.9289242, 0.9289242)"
"Ground_Moss_ShootMat_03_LOD0_Mesh","Assets/ForestPrototype/Art/SectionFive/Ground_Moss_Shoots_03/FBX/Ground_Moss_ShootMat_03_LOD0.fbx","6","On","0","(1.05834222, 0.0209247265, 1.11741877)","(0.72141695, 0.7214168, 0.72141695)"
"Ground_Moss_ShootMat_03_LOD2_Mesh","Assets/ForestPrototype/Art/SectionFive/Ground_Moss_Shoots_03/FBX/Ground_Moss_ShootMat_03_LOD2.fbx","2","On","0","(1.0896666, 0.0289923865, 1.2296418)","(0.838889956, 0.8388899, 0.838889956)"
"LOD2 Material0","","1","On","0","(3.64917684, 10.9240732, 3.550956)","(1.36550915, 1.36550915, 1.36550915)"
"LOD2 Material0","","1","On","0","(3.94066358, 11.7966595, 3.83459687)","(1.47458243, 1.47458243, 1.47458243)"
"LOD2 Material1","","1","On","0","(3.80803013, 12.6541386, 4.29996252)","(1.08421, 1.08421, 1.08421)"
"LOD0 Material0","","1","On","0","(3.49717522, 12.503994, 3.59423065)","(1.04199946, 1.04199946, 1.04199946)"
"LOD1 Material0","","1","On","0","(4.039362, 14.4427776, 4.06498575)","(1.20356476, 1.20356476, 1.20356476)"
"Ground_Moss_ShootMat_03_LOD2_Mesh","Assets/ForestPrototype/Art/SectionFive/Ground_Moss_Shoots_03/FBX/Ground_Moss_ShootMat_03_LOD2.fbx","2","On","0","(1.22524512, 0.0268831663, 1.19344473)","(0.7778599, 0.7778599, 0.7778599)"
"ShadeFern_Clump_01_LOD2_Mesh","Assets/ForestPrototype/Art/SectionFive/Woodland_Assets/ShadeFern_Clump_01/ShadeFern_Clump_01_LOD2.fbx","2","On","0","(0.9248938, 0.4194638, 0.902323663)","(0.739900231, 0.7399003, 0.739900231)"
"Ground_Moss_ShootMat_03_LOD1_Mesh","Assets/ForestPrototype/Art/SectionFive/Ground_Moss_Shoots_03/FBX/Ground_Moss_ShootMat_03_LOD1.fbx","6","On","0","(1.6888113, 0.034512125, 1.56908917)","(1.10172844, 1.10172808, 1.10172844)"
"LOD0 Material1","","1","On","0","(3.90963626, 9.20107651, 3.805065)","(1.189175, 1.189175, 1.189175)"
"Ground_Moss_ShootMat_03_LOD1_Mesh","Assets/ForestPrototype/Art/SectionFive/Ground_Moss_Shoots_03/FBX/Ground_Moss_ShootMat_03_LOD1.fbx","6","On","0","(1.08589625, 0.0269423928, 1.2368263)","(0.8600801, 0.860080063, 0.8600801)"
"LOD2 Material0","","1","On","0","(3.31372762, 9.919882, 3.2245357)","(1.23998523, 1.23998523, 1.23998523)"
"LOD1 Material1","","1","On","0","(3.7723515, 12.668829, 4.227731)","(1.0831846, 1.0831846, 1.0831846)"
"Ground_Moss_ShootMat_03_LOD2_Mesh","Assets/ForestPrototype/Art/SectionFive/Ground_Moss_Shoots_03/FBX/Ground_Moss_ShootMat_03_LOD2.fbx","2","On","0","(1.18108749, 0.0264071189, 1.20289946)","(0.76408565, 0.7640856, 0.76408565)"
"Ground_Moss_ShootMat_03_LOD2_Mesh","Assets/ForestPrototype/Art/SectionFive/Ground_Moss_Shoots_03/FBX/Ground_Moss_ShootMat_03_LOD2.fbx","2","On","0","(1.36075485, 0.03679423, 1.54603279)","(1.064635, 1.06463492, 1.064635)"
"LOD0 Material0","","1","On","0","(4.174396, 11.74699, 4.062898)","(1.46837378, 1.46837378, 1.46837378)"
"Ground_Moss_ShootMat_03_LOD2_Mesh","Assets/ForestPrototype/Art/SectionFive/Ground_Moss_Shoots_03/FBX/Ground_Moss_ShootMat_03_LOD2.fbx","2","On","0","(1.27192044, 0.03173428, 1.39402986)","(0.9182262, 0.9182261, 0.9182262)"
"LOD2 Material0","","1","On","0","(2.876365, 8.610605, 2.798945)","(1.07632565, 1.07632565, 1.07632565)"
"LOD2 Material1","","1","On","0","(3.457382, 8.025109, 3.37301755)","(1.0343163, 1.0343163, 1.0343163)"
"LOD0 Material0","","1","On","0","(3.50572181, 9.865302, 3.412084)","(1.23316276, 1.23316276, 1.23316276)"
"LOD2 Material1","","1","On","0","(3.95476913, 13.1417542, 4.46565771)","(1.12598908, 1.12598908, 1.12598908)"
"Ground_Moss_ShootMat_03_LOD0_Mesh","Assets/ForestPrototype/Art/SectionFive/Ground_Moss_Shoots_03/FBX/Ground_Moss_ShootMat_03_LOD0.fbx","6","On","0","(1.583525, 0.0318660475, 1.690696)","(1.098638, 1.098638, 1.098638)"
"LOD0 Material1","","1","On","0","(4.70208, 11.0660419, 4.5763135)","(1.4302088, 1.4302088, 1.4302088)"
"LOD2 Material1","","1","On","0","(4.10037661, 9.517597, 4.00032234)","(1.22667563, 1.22667563, 1.22667563)"
"LOD2 Material0","","1","On","0","(3.557655, 10.6500959, 3.46189737)","(1.331262, 1.331262, 1.331262)"
"LOD0 Material1","","1","On","0","(3.53013635, 8.307948, 3.43571568)","(1.07374442, 1.07374442, 1.07374442)"
"Ground_Moss_ShootMat_03_LOD1_Mesh","Assets/ForestPrototype/Art/SectionFive/Ground_Moss_Shoots_03/FBX/Ground_Moss_ShootMat_03_LOD1.fbx","6","On","0","(1.63304543, 0.03280382, 1.616113)","(1.047194, 1.04719388, 1.047194)"
"LOD0 Material1","","1","On","0","(3.73332357, 12.53776, 4.18399239)","(1.07197821, 1.07197821, 1.07197821)"
"Ground_Moss_ShootMat_03_LOD2_Mesh","Assets/ForestPrototype/Art/SectionFive/Ground_Moss_Shoots_03/FBX/Ground_Moss_ShootMat_03_LOD2.fbx","2","On","0","(1.24200726, 0.032396853, 1.03106463)","(0.9373975, 0.93739754, 0.9373975)"
"Ground_Moss_ShootMat_03_LOD2_Mesh","Assets/ForestPrototype/Art/SectionFive/Ground_Moss_Shoots_03/FBX/Ground_Moss_ShootMat_03_LOD2.fbx","2","On","0","(1.61280847, 0.0355592631, 1.5358448)","(1.02890146, 1.02890134, 1.02890146)"
"Ground_Moss_ShootMat_03_LOD1_Mesh","Assets/ForestPrototype/Art/SectionFive/Ground_Moss_Shoots_03/FBX/Ground_Moss_ShootMat_03_LOD1.fbx","6","On","0","(1.77410984, 0.0358706862, 1.78185654)","(1.14509726, 1.14509726, 1.14509726)"
"Stake Front Right","Library/unity default resources","1","On","0","(0.12, 0.7, 0.12)","(0.12, 0.7, 0.12)"
"Ground_Moss_ShootMat_03_LOD1_Mesh","Assets/ForestPrototype/Art/SectionFive/Ground_Moss_Shoots_03/FBX/Ground_Moss_ShootMat_03_LOD1.fbx","6","On","0","(1.70111251, 0.035904672, 1.53023124)","(1.14618218, 1.14618218, 1.14618218)"
"LOD1 Material1","","1","On","0","(3.49983716, 11.7536335, 3.92232013)","(1.00493538, 1.00493538, 1.00493538)"
"LOD1 Material1","","1","On","0","(3.73411632, 12.5404215, 4.18488026)","(1.07220578, 1.07220578, 1.07220578)"
"LOD2 Material0","","1","On","0","(3.492353, 12.487608, 3.51479459)","(1.040634, 1.040634, 1.040634)"
"LOD2 Material1","","1","On","0","(4.5439415, 15.0995827, 5.130941)","(1.29373634, 1.29373634, 1.29373634)"
"Trunk","Library/unity default resources","1","On","1","(0.1190189, 9.725053, 0.119018912)","(0.119018883, 4.86252642, 0.119018883)"
"LOD2 Material0","","1","On","0","(3.82819033, 11.4599628, 3.725151)","(1.43249536, 1.43249536, 1.43249536)"
"Ground_Moss_ShootMat_03_LOD0_Mesh","Assets/ForestPrototype/Art/SectionFive/Ground_Moss_Shoots_03/FBX/Ground_Moss_ShootMat_03_LOD0.fbx","6","On","0","(1.34811211, 0.02599188, 1.396754)","(0.8961158, 0.8961158, 0.8961158)"
"LOD0 Material0","","1","On","0","(3.47126484, 12.4113522, 3.5676012)","(1.03427935, 1.03427935, 1.03427935)"
"Ground_Moss_ShootMat_03_LOD0_Mesh","Assets/ForestPrototype/Art/SectionFive/Ground_Moss_Shoots_03/FBX/Ground_Moss_ShootMat_03_LOD0.fbx","6","On","0","(1.05511963, 0.022289006, 1.15643775)","(0.768452764, 0.7684527, 0.768452764)"
"Ground_Moss_ShootMat_03_LOD1_Mesh","Assets/ForestPrototype/Art/SectionFive/Ground_Moss_Shoots_03/FBX/Ground_Moss_ShootMat_03_LOD1.fbx","6","On","0","(1.619005, 0.03270702, 1.62366962)","(1.04410386, 1.04410386, 1.04410386)"
"Ground_Moss_ShootMat_03_LOD0_Mesh","Assets/ForestPrototype/Art/SectionFive/Ground_Moss_Shoots_03/FBX/Ground_Moss_ShootMat_03_LOD0.fbx","6","On","0","(1.2026062, 0.0262511913, 1.33869815)","(0.905056, 0.905056059, 0.905056)"
"LOD1 Material0","","1","On","0","(3.42468357, 12.2449875, 3.446408)","(1.02041566, 1.02041566, 1.02041566)"
"Ground_Moss_ShootMat_03_LOD2_Mesh","Assets/ForestPrototype/Art/SectionFive/Ground_Moss_Shoots_03/FBX/Ground_Moss_ShootMat_03_LOD2.fbx","2","On","0","(0.958659053, 0.0283032358, 1.12794745)","(0.818949342, 0.8189494, 0.818949342)"
"LOD0 Material1","","1","On","0","(3.582971, 12.0328255, 4.01549)","(1.02880633, 1.02880633, 1.02880633)"
"LOD2 Material0","","1","On","0","(3.89240718, 13.9180832, 3.91741967)","(1.15984023, 1.15984023, 1.15984023)"
"Trunk","Library/unity default resources","1","On","1","(0.14246051, 10.9384327, 0.142460525)","(0.1424605, 5.46921635, 0.1424605)"
"Ground_Moss_ShootMat_03_LOD2_Mesh","Assets/ForestPrototype/Art/SectionFive/Ground_Moss_Shoots_03/FBX/Ground_Moss_ShootMat_03_LOD2.fbx","2","On","0","(1.56895089, 0.0378687754, 1.36746478)","(1.09572709, 1.09572673, 1.09572709)"
"Ground_Moss_ShootMat_03_LOD0_Mesh","Assets/ForestPrototype/Art/SectionFive/Ground_Moss_Shoots_03/FBX/Ground_Moss_ShootMat_03_LOD0.fbx","6","On","0","(1.28681636, 0.0277624559, 1.42472434)","(0.9571596, 0.9571595, 0.9571596)"
"Ground_Moss_ShootMat_03_LOD1_Mesh","Assets/ForestPrototype/Art/SectionFive/Ground_Moss_Shoots_03/FBX/Ground_Moss_ShootMat_03_LOD1.fbx","6","On","0","(1.34719515, 0.0278668869, 1.39016926)","(0.889592469, 0.8895926, 0.889592469)"
"Ground_Moss_ShootMat_03_LOD2_Mesh","Assets/ForestPrototype/Art/SectionFive/Ground_Moss_Shoots_03/FBX/Ground_Moss_ShootMat_03_LOD2.fbx","2","On","0","(1.27812958, 0.03524601, 1.02707279)","(1.01983762, 1.0198375, 1.01983762)"
"Ground_Moss_ShootMat_03_LOD2_Mesh","Assets/ForestPrototype/Art/SectionFive/Ground_Moss_Shoots_03/FBX/Ground_Moss_ShootMat_03_LOD2.fbx","2","On","0","(1.05309272, 0.025542831, 0.9148195)","(0.7390778, 0.739077568, 0.7390778)"
"Ground_Moss_ShootMat_03_LOD2_Mesh","Assets/ForestPrototype/Art/SectionFive/Ground_Moss_Shoots_03/FBX/Ground_Moss_ShootMat_03_LOD2.fbx","2","On","0","(1.2535497, 0.03606331, 1.46020222)","(1.043486, 1.04348588, 1.043486)"
"Stake Back Left","Library/unity default resources","1","On","0","(0.12, 0.7, 0.12)","(0.12, 0.7, 0.12)"
"Ground_Moss_ShootMat_03_LOD1_Mesh","Assets/ForestPrototype/Art/SectionFive/Ground_Moss_Shoots_03/FBX/Ground_Moss_ShootMat_03_LOD1.fbx","6","On","0","(1.23928571, 0.0276844837, 1.34509337)","(0.883769631, 0.883769751, 0.883769631)"
"Ground_Moss_ShootMat_03_LOD0_Mesh","Assets/ForestPrototype/Art/SectionFive/Ground_Moss_Shoots_03/FBX/Ground_Moss_ShootMat_03_LOD0.fbx","6","On","0","(1.16984355, 0.0218213666, 1.11845493)","(0.7523304, 0.752330065, 0.7523304)"
"LOD0 Material0","","1","On","0","(3.714051, 10.4515524, 3.61484861)","(1.306444, 1.306444, 1.306444)"
"Trunk","Library/unity default resources","1","On","1","(0.205447763, 14.53776, 0.205447778)","(0.205447733, 7.26888, 0.205447733)"
"LOD0 Material1","","1","On","0","(4.73128653, 11.1347771, 4.60473871)","(1.4390924, 1.4390924, 1.4390924)"
"Ground_Moss_ShootMat_03_LOD2_Mesh","Assets/ForestPrototype/Art/SectionFive/Ground_Moss_Shoots_03/FBX/Ground_Moss_ShootMat_03_LOD2.fbx","2","On","0","(1.50393677, 0.03929359, 1.24729)","(1.13695383, 1.13695347, 1.13695383)"
"Ground_Moss_ShootMat_03_LOD2_Mesh","Assets/ForestPrototype/Art/SectionFive/Ground_Moss_Shoots_03/FBX/Ground_Moss_ShootMat_03_LOD2.fbx","2","On","0","(0.893042862, 0.0246600341, 0.7170657)","(0.7135341, 0.713534, 0.7135341)"
"Ground_Moss_ShootMat_03_LOD2_Mesh","Assets/ForestPrototype/Art/SectionFive/Ground_Moss_Shoots_03/FBX/Ground_Moss_ShootMat_03_LOD2.fbx","2","On","0","(1.19836736, 0.0264393929, 1.13939583)","(0.7650195, 0.7650194, 0.7650195)"
"LOD1 Material1","","1","On","0","(3.499489, 11.7524652, 3.92193031)","(1.00483549, 1.00483549, 1.00483549)"
"LOD1 Material0","","1","On","0","(3.00355935, 8.990676, 2.922357)","(1.12383449, 1.12383449, 1.12383449)"
"LOD2 Material0","","1","On","0","(3.37117767, 12.0543222, 3.39284086)","(1.00452685, 1.00452685, 1.00452685)"
"LOD1 Material1","","1","On","0","(4.725111, 11.120244, 4.598728)","(1.437214, 1.437214, 1.437214)"
"LOD2 Material0","","1","On","0","(3.499837, 12.514369, 3.52232671)","(1.04286408, 1.04286408, 1.04286408)"
"Ground_Moss_ShootMat_03_LOD1_Mesh","Assets/ForestPrototype/Art/SectionFive/Ground_Moss_Shoots_03/FBX/Ground_Moss_ShootMat_03_LOD1.fbx","6","On","0","(1.16771984, 0.0270103645, 1.28953254)","(0.86225, 0.8622499, 0.86225)"
"Ground_Moss_ShootMat_03_LOD1_Mesh","Assets/ForestPrototype/Art/SectionFive/Ground_Moss_Shoots_03/FBX/Ground_Moss_ShootMat_03_LOD1.fbx","6","On","0","(1.34067, 0.0271334015, 1.263372)","(0.8661776, 0.8661776, 0.8661776)"
"LOD0 Material1","","1","On","0","(4.58994532, 10.80214, 4.467178)","(1.39610136, 1.39610136, 1.39610136)"
"Ground_Moss_ShootMat_03_LOD2_Mesh","Assets/ForestPrototype/Art/SectionFive/Ground_Moss_Shoots_03/FBX/Ground_Moss_ShootMat_03_LOD2.fbx","2","On","0","(1.193502, 0.02661168, 1.11457586)","(0.7700047, 0.7700046, 0.7700047)"
"LOD1 Material1","","1","On","0","(4.44279432, 10.45583, 4.32396269)","(1.35134315, 1.35134315, 1.35134315)"
"LOD0 Material1","","1","On","0","(3.56321859, 11.96649, 3.99335265)","(1.02313459, 1.02313459, 1.02313459)"
"Ground_Moss_ShootMat_03_LOD0_Mesh","Assets/ForestPrototype/Art/SectionFive/Ground_Moss_Shoots_03/FBX/Ground_Moss_ShootMat_03_LOD0.fbx","6","On","0","(1.34157252, 0.0288837533, 1.48390436)","(0.9958183, 0.995818257, 0.9958183)"
"Ground_Moss_ShootMat_03_LOD1_Mesh","Assets/ForestPrototype/Art/SectionFive/Ground_Moss_Shoots_03/FBX/Ground_Moss_ShootMat_03_LOD1.fbx","6","On","0","(1.27905965, 0.025664283, 1.26026893)","(0.819278955, 0.819279, 0.819278955)"
"LOD1 Material1","","1","On","0","(3.769257, 12.6584358, 4.224263)","(1.082296, 1.082296, 1.082296)"
"Ground_Moss_ShootMat_03_LOD2_Mesh","Assets/ForestPrototype/Art/SectionFive/Ground_Moss_Shoots_03/FBX/Ground_Moss_ShootMat_03_LOD2.fbx","2","On","0","(1.171994, 0.03272719, 0.934966564)","(0.9469559, 0.9469558, 0.9469559)"
"Ground_Moss_ShootMat_03_LOD1_Mesh","Assets/ForestPrototype/Art/SectionFive/Ground_Moss_Shoots_03/FBX/Ground_Moss_ShootMat_03_LOD1.fbx","6","On","0","(1.42421055, 0.0285840221, 1.40487707)","(0.912485838, 0.912485659, 0.912485838)"
"LOD0 Material1","","1","On","0","(3.856039, 9.074939, 3.75290155)","(1.17287266, 1.17287266, 1.17287266)"
"Trunk","Library/unity default resources","1","On","1","(0.157506257, 11.8195047, 0.157506287)","(0.157506242, 5.90975237, 0.157506242)"
"Ground_Moss_ShootMat_03_LOD0_Mesh","Assets/ForestPrototype/Art/SectionFive/Ground_Moss_Shoots_03/FBX/Ground_Moss_ShootMat_03_LOD0.fbx","6","On","0","(1.3828733, 0.03238507, 1.10757363)","(1.11653233, 1.11653233, 1.11653233)"
"Ground_Moss_ShootMat_03_LOD2_Mesh","Assets/ForestPrototype/Art/SectionFive/Ground_Moss_Shoots_03/FBX/Ground_Moss_ShootMat_03_LOD2.fbx","2","On","0","(1.10507345, 0.0246785432, 1.02982926)","(0.7140696, 0.714069545, 0.7140696)"
"LOD1 Material0","","1","On","0","(3.649467, 13.0487041, 3.67261744)","(1.087392, 1.087392, 1.087392)"
"LOD2 Material1","","1","On","0","(3.78749347, 12.5858955, 4.276773)","(1.078363, 1.078363, 1.078363)"
"Bramble_Clump_01_LOD0_Mesh","Assets/ForestPrototype/Art/SectionFive/Woodland_Assets/Bramble_Clump_01/Bramble_Clump_01_LOD0.fbx","2","On","0","(1.87250972, 0.9554651, 1.64820528)","(1.05481339, 1.05481327, 1.05481339)"
"Ground_Moss_ShootMat_03_LOD0_Mesh","Assets/ForestPrototype/Art/SectionFive/Ground_Moss_Shoots_03/FBX/Ground_Moss_ShootMat_03_LOD0.fbx","6","On","0","(1.15815115, 0.0262141488, 0.946332037)","(0.903779149, 0.9037789, 0.903779149)"
"Ground_Moss_ShootMat_03_LOD0_Mesh","Assets/ForestPrototype/Art/SectionFive/Ground_Moss_Shoots_03/FBX/Ground_Moss_ShootMat_03_LOD0.fbx","6","On","0","(1.32717347, 0.0279377215, 1.45208)","(0.9632021, 0.9632021, 0.9632021)"
"LOD2 Material0","","1","On","0","(3.9922328, 14.27503, 4.01788664)","(1.1895858, 1.1895858, 1.1895858)"
"Corner Post A","Library/unity default resources","1","On","0","(0.1, 0.6, 0.1)","(0.1, 0.6, 0.1)"
"Trunk","Library/unity default resources","1","On","1","(0.171156645, 12.0305347, 0.171156675)","(0.17115663, 6.01526737, 0.17115663)"
"Ground_Moss_ShootMat_03_LOD0_Mesh","Assets/ForestPrototype/Art/SectionFive/Ground_Moss_Shoots_03/FBX/Ground_Moss_ShootMat_03_LOD0.fbx","6","On","0","(1.0446471, 0.0291426666, 1.2818284)","(1.00474489, 1.00474477, 1.00474489)"
"LOD2 Material1","","1","On","0","(4.846018, 11.2483435, 4.727769)","(1.44974291, 1.44974291, 1.44974291)"
"LOD0 Material0","","1","On","0","(3.738325, 13.3662148, 3.8420732)","(1.11385119, 1.11385119, 1.11385119)"
"LOD1 Material0","","1","On","0","(3.911218, 11.7076073, 3.80547667)","(1.46345091, 1.46345091, 1.46345091)"
"Ground_Moss_ShootMat_03_LOD0_Mesh","Assets/ForestPrototype/Art/SectionFive/Ground_Moss_Shoots_03/FBX/Ground_Moss_ShootMat_03_LOD0.fbx","6","On","0","(0.890819132, 0.0231159385, 1.0638541)","(0.796962738, 0.7969627, 0.796962738)"
"Ground_Moss_ShootMat_03_LOD0_Mesh","Assets/ForestPrototype/Art/SectionFive/Ground_Moss_Shoots_03/FBX/Ground_Moss_ShootMat_03_LOD0.fbx","6","On","0","(0.8932081, 0.026389014, 1.11949563)","(0.9098077, 0.909807742, 0.9098077)"
"LOD0 Material0","","1","On","0","(2.975859, 8.374238, 2.896374)","(1.04677975, 1.04677975, 1.04677975)"
"Dirt Path 44","Library/unity default resources","1","Off","0","(2.62964821, 0.012, 1.70182562)","(2.60000014, 0.012, 0.653079)"
"Ground_Moss_ShootMat_03_LOD2_Mesh","Assets/ForestPrototype/Art/SectionFive/Ground_Moss_Shoots_03/FBX/Ground_Moss_ShootMat_03_LOD2.fbx","2","On","0","(1.187825, 0.0263757929, 1.19900656)","(0.7631792, 0.7631792, 0.7631792)"
"Frame Post Back Right","Library/unity default resources","1","On","0","(0.14, 1.2, 0.14)","(0.14, 1.2, 0.14)"
"LOD2 Material0","","1","On","0","(3.33894372, 9.995368, 3.249073)","(1.249421, 1.249421, 1.249421)"
"LOD0 Material1","","1","On","0","(3.95711374, 9.312812, 3.85127258)","(1.203616, 1.203616, 1.203616)"
"Ground_Moss_ShootMat_03_LOD0_Mesh","Assets/ForestPrototype/Art/SectionFive/Ground_Moss_Shoots_03/FBX/Ground_Moss_ShootMat_03_LOD0.fbx","6","On","0","(1.37807024, 0.0284567438, 1.191821)","(0.981096268, 0.9810963, 0.981096268)"
"LOD2 Material0","","1","On","0","(3.38782382, 10.1416941, 3.2966373)","(1.26771176, 1.26771176, 1.26771176)"
"LOD2 Material0","","1","On","0","(3.85029531, 11.5261354, 3.746661)","(1.44076693, 1.44076693, 1.44076693)"
"Frame Post Front Left","Library/unity default resources","1","On","0","(0.14, 1.2, 0.14)","(0.14, 1.2, 0.14)"
"Ground_Moss_ShootMat_03_LOD0_Mesh","Assets/ForestPrototype/Art/SectionFive/Ground_Moss_Shoots_03/FBX/Ground_Moss_ShootMat_03_LOD0.fbx","6","On","0","(1.51831841, 0.03227553, 1.28872323)","(1.11275613, 1.11275578, 1.11275613)"
"LOD0 Material1","","1","On","0","(3.70445228, 12.4408007, 4.15163565)","(1.06368816, 1.06368816, 1.06368816)"
"Ground_Moss_ShootMat_03_LOD0_Mesh","Assets/ForestPrototype/Art/SectionFive/Ground_Moss_Shoots_03/FBX/Ground_Moss_ShootMat_03_LOD0.fbx","6","On","0","(1.20995271, 0.0326774456, 1.4668591)","(1.12661254, 1.12661242, 1.12661254)"
"LOD1 Material1","","1","On","0","(4.39655352, 14.7651091, 4.927284)","(1.26241648, 1.26241648, 1.26241648)"
"LOD2 Material0","","1","On","0","(3.66724348, 13.1129646, 3.690809)","(1.09274709, 1.09274709, 1.09274709)"
"LOD2 Material0","","1","On","0","(3.00491953, 8.995442, 2.92403936)","(1.1244303, 1.1244303, 1.1244303)"
"LOD0 Material0","","1","On","0","(3.487987, 12.4711418, 3.58478761)","(1.03926182, 1.03926182, 1.03926182)"
"LOD1 Material1","","1","On","0","(3.89231157, 9.160304, 3.78820372)","(1.18390548, 1.18390548, 1.18390548)"
"LOD2 Material0","","1","On","0","(3.63353419, 12.99243, 3.656883)","(1.08270252, 1.08270252, 1.08270252)"
"Ground_Moss_ShootMat_03_LOD1_Mesh","Assets/ForestPrototype/Art/SectionFive/Ground_Moss_Shoots_03/FBX/Ground_Moss_ShootMat_03_LOD1.fbx","6","On","0","(0.8885645, 0.02195384, 1.010292)","(0.700831, 0.7008308, 0.700831)"
"LOD2 Material0","","1","On","0","(3.844965, 13.7484436, 3.86967278)","(1.14570367, 1.14570367, 1.14570367)"
"Ground_Moss_ShootMat_03_LOD0_Mesh","Assets/ForestPrototype/Art/SectionFive/Ground_Moss_Shoots_03/FBX/Ground_Moss_ShootMat_03_LOD0.fbx","6","On","0","(1.67966771, 0.03254998, 1.747652)","(1.12221777, 1.12221789, 1.12221777)"
"Ground_Moss_ShootMat_03_LOD2_Mesh","Assets/ForestPrototype/Art/SectionFive/Ground_Moss_Shoots_03/FBX/Ground_Moss_ShootMat_03_LOD2.fbx","2","On","0","(1.79173541, 0.0396552533, 1.79923677)","(1.147418, 1.14741814, 1.147418)"
"Ground_Moss_ShootMat_03_LOD0_Mesh","Assets/ForestPrototype/Art/SectionFive/Ground_Moss_Shoots_03/FBX/Ground_Moss_ShootMat_03_LOD0.fbx","6","On","0","(1.04331231, 0.0214369781, 0.9053345)","(0.7390778, 0.739077568, 0.7390778)"
"LOD1 Material0","","1","On","0","(3.76262569, 13.4533043, 3.786494)","(1.12110865, 1.12110865, 1.12110865)"
"LOD1 Material1","","1","On","0","(4.85326624, 11.4218483, 4.723456)","(1.47619438, 1.47619438, 1.47619438)"
"LOD2 Material0","","1","On","0","(3.74347949, 11.2063751, 3.64272046)","(1.40079689, 1.40079689, 1.40079689)"
"Ground_Moss_ShootMat_03_LOD0_Mesh","Assets/ForestPrototype/Art/SectionFive/Ground_Moss_Shoots_03/FBX/Ground_Moss_ShootMat_03_LOD0.fbx","6","On","0","(1.1962353, 0.0224578977, 1.20291924)","(0.774275541, 0.774275541, 0.774275541)"
"Ground_Moss_ShootMat_03_LOD0_Mesh","Assets/ForestPrototype/Art/SectionFive/Ground_Moss_Shoots_03/FBX/Ground_Moss_ShootMat_03_LOD0.fbx","6","On","0","(1.02616012, 0.02573177, 1.20955873)","(0.887148142, 0.8871481, 0.887148142)"
"LOD2 Material1","","1","On","0","(4.544979, 10.5495872, 4.43407631)","(1.35968375, 1.35968375, 1.35968375)"
"LOD2 Material0","","1","On","0","(2.94086981, 8.803705, 2.86171365)","(1.10046315, 1.10046315, 1.10046315)"
"LOD1 Material1","","1","On","0","(4.605383, 10.8384714, 4.48220253)","(1.40079689, 1.40079689, 1.40079689)"
"LOD0 Material1","","1","On","0","(3.554764, 11.938097, 3.98387766)","(1.020707, 1.020707, 1.020707)"
"Trunk","Library/unity default resources","1","On","1","(0.19754976, 14.3492594, 0.197549775)","(0.197549731, 7.17462969, 0.197549731)"
"LOD0 Material0","","1","On","0","(3.99944949, 11.2546806, 3.89262438)","(1.40683508, 1.40683508, 1.40683508)"
"Ground_Moss_ShootMat_03_LOD2_Mesh","Assets/ForestPrototype/Art/SectionFive/Ground_Moss_Shoots_03/FBX/Ground_Moss_ShootMat_03_LOD2.fbx","2","On","0","(1.26332986, 0.0396163352, 1.52066851)","(1.14629209, 1.14629209, 1.14629209)"
"Trunk","Library/unity default resources","1","On","1","(0.151571617, 11.5597925, 0.151571631)","(0.1515716, 5.77989626, 0.1515716)"
"Ground_Moss_ShootMat_03_LOD1_Mesh","Assets/ForestPrototype/Art/SectionFive/Ground_Moss_Shoots_03/FBX/Ground_Moss_ShootMat_03_LOD1.fbx","6","On","0","(1.33653831, 0.0312396232, 1.12086511)","(0.997260332, 0.9972602, 0.997260332)"
"Ground_Moss_ShootMat_03_LOD2_Mesh","Assets/ForestPrototype/Art/SectionFive/Ground_Moss_Shoots_03/FBX/Ground_Moss_ShootMat_03_LOD2.fbx","2","On","0","(1.63162971, 0.0360846668, 1.63630223)","(1.04410386, 1.04410386, 1.04410386)"
"Ground_Moss_ShootMat_03_LOD1_Mesh","Assets/ForestPrototype/Art/SectionFive/Ground_Moss_Shoots_03/FBX/Ground_Moss_ShootMat_03_LOD1.fbx","6","On","0","(1.16315126, 0.0233691856, 1.11441946)","(0.7460127, 0.7460128, 0.7460127)"
"LOD1 Material0","","1","On","0","(3.6233387, 12.9552813, 3.6463232)","(1.07960677, 1.07960677, 1.07960677)"
"LOD0 Material0","","1","On","0","(3.78535771, 10.6522141, 3.684251)","(1.33152676, 1.33152676, 1.33152676)"
"Ground_Moss_ShootMat_03_LOD1_Mesh","Assets/ForestPrototype/Art/SectionFive/Ground_Moss_Shoots_03/FBX/Ground_Moss_ShootMat_03_LOD1.fbx","6","On","0","(1.24660885, 0.0251497664, 1.24701107)","(0.8028542, 0.8028542, 0.8028542)"
"Ground_Moss_ShootMat_03_LOD1_Mesh","Assets/ForestPrototype/Art/SectionFive/Ground_Moss_Shoots_03/FBX/Ground_Moss_ShootMat_03_LOD1.fbx","6","On","0","(1.73355818, 0.035216786, 1.753752)","(1.12422276, 1.12422287, 1.12422276)"
"Woodland_Rush_Clump_01_LOD1_Foliage","Assets/ForestPrototype/Art/SectionFive/Woodland_Grass_Rush/FBX/Woodland_Rush_Clump_01_LOD1.fbx","3","On","0","(0.772444069, 0.714240551, 0.760195732)","(0.850000143, 0.85, 0.850000143)"
"LOD2 Material1","","1","On","0","(3.72083831, 12.364399, 4.201507)","(1.05938506, 1.05938506, 1.05938506)"
"LOD2 Material0","","1","On","0","(3.11602855, 9.328055, 3.03215766)","(1.16600692, 1.16600692, 1.16600692)"
"LOD0 Material1","","1","On","0","(4.752648, 11.18505, 4.625529)","(1.44558978, 1.44558978, 1.44558978)"
"Ground_Moss_ShootMat_03_LOD1_Mesh","Assets/ForestPrototype/Art/SectionFive/Ground_Moss_Shoots_03/FBX/Ground_Moss_ShootMat_03_LOD1.fbx","6","On","0","(1.1320169, 0.02381788, 1.0210408)","(0.7603364, 0.760336459, 0.7603364)"
"Ground_Moss_ShootMat_03_LOD0_Mesh","Assets/ForestPrototype/Art/SectionFive/Ground_Moss_Shoots_03/FBX/Ground_Moss_ShootMat_03_LOD0.fbx","6","On","0","(1.22920454, 0.02483513, 1.31551671)","(0.8562349, 0.856234848, 0.8562349)"
"Ground_Moss_ShootMat_03_LOD2_Mesh","Assets/ForestPrototype/Art/SectionFive/Ground_Moss_Shoots_03/FBX/Ground_Moss_ShootMat_03_LOD2.fbx","2","On","0","(1.49816322, 0.03321558, 1.41112161)","(0.961087167, 0.9610872, 0.961087167)"
"Trunk","Library/unity default resources","1","On","1","(0.138124108, 11.0178118, 0.138124123)","(0.1381241, 5.508906, 0.1381241)"
"LOD0 Material1","","1","On","0","(3.48495269, 8.20161152, 3.39174056)","(1.06000113, 1.06000113, 1.06000113)"
"LOD1 Material0","","1","On","0","(3.364705, 12.0305347, 3.386049)","(1.00254452, 1.00254452, 1.00254452)"
"Ground_Moss_ShootMat_03_LOD0_Mesh","Assets/ForestPrototype/Art/SectionFive/Ground_Moss_Shoots_03/FBX/Ground_Moss_ShootMat_03_LOD0.fbx","6","On","0","(1.57206023, 0.02935856, 1.4981277)","(1.012188, 1.01218808, 1.012188)"
"Ground_Moss_ShootMat_03_LOD2_Mesh","Assets/ForestPrototype/Art/SectionFive/Ground_Moss_Shoots_03/FBX/Ground_Moss_ShootMat_03_LOD2.fbx","2","On","0","(1.10833633, 0.0259529054, 1.17280185)","(0.750942945, 0.750943, 0.750942945)"
"Ground_Moss_ShootMat_03_LOD0_Mesh","Assets/ForestPrototype/Art/SectionFive/Ground_Moss_Shoots_03/FBX/Ground_Moss_ShootMat_03_LOD0.fbx","6","On","0","(1.18498278, 0.0284806434, 1.37377453)","(0.981920362, 0.9819203, 0.981920362)"
"Ground_Moss_ShootMat_03_LOD2_Mesh","Assets/ForestPrototype/Art/SectionFive/Ground_Moss_Shoots_03/FBX/Ground_Moss_ShootMat_03_LOD2.fbx","2","On","0","(1.0357672, 0.0308989454, 1.22352183)","(0.894055843, 0.894055843, 0.894055843)"
"LOD1 Material1","","1","On","0","(4.705203, 11.073391, 4.57935238)","(1.43115866, 1.43115866, 1.43115866)"
"LOD1 Material0","","1","On","0","(3.4139595, 12.2066441, 3.435616)","(1.01722038, 1.01722038, 1.01722038)"
"LOD0 Material1","","1","On","0","(3.38984442, 7.97778, 3.29917622)","(1.0310725, 1.0310725, 1.0310725)"
"LOD1 Material1","","1","On","0","(4.03443, 9.49477, 3.92652082)","(1.22713292, 1.22713292, 1.22713292)"
"Trunk","Library/unity default resources","1","On","1","(0.111319445, 9.139452, 0.11131946)","(0.11131943, 4.569726, 0.11131943)"
"Ground_Moss_ShootMat_03_LOD2_Mesh","Assets/ForestPrototype/Art/SectionFive/Ground_Moss_Shoots_03/FBX/Ground_Moss_ShootMat_03_LOD2.fbx","2","On","0","(1.600911, 0.0358549543, 1.63366723)","(1.03745711, 1.03745711, 1.03745711)"
"LOD1 Material1","","1","On","0","(4.68349171, 11.022295, 4.558222)","(1.42455482, 1.42455482, 1.42455482)"
"LOD0 Material1","","1","On","0","(3.53949523, 11.8868189, 3.96676564)","(1.01632273, 1.01632273, 1.01632273)"
"Ground_Moss_ShootMat_03_LOD1_Mesh","Assets/ForestPrototype/Art/SectionFive/Ground_Moss_Shoots_03/FBX/Ground_Moss_ShootMat_03_LOD1.fbx","6","On","0","(1.441323, 0.03129856, 1.53989661)","(0.999141634, 0.999141634, 0.999141634)"
"LOD1 Material1","","1","On","0","(3.75989127, 12.6269827, 4.213767)","(1.07960677, 1.07960677, 1.07960677)"
"Ground_Moss_ShootMat_03_LOD0_Mesh","Assets/ForestPrototype/Art/SectionFive/Ground_Moss_Shoots_03/FBX/Ground_Moss_ShootMat_03_LOD0.fbx","6","On","0","(1.3352319, 0.0248287562, 1.29792154)","(0.856015146, 0.8560151, 0.856015146)"
"Ground_Moss_ShootMat_03_LOD2_Mesh","Assets/ForestPrototype/Art/SectionFive/Ground_Moss_Shoots_03/FBX/Ground_Moss_ShootMat_03_LOD2.fbx","2","On","0","(1.19877911, 0.0276881251, 1.2566787)","(0.8011514, 0.8011513, 0.8011514)"
"Ground_Moss_ShootMat_03_LOD1_Mesh","Assets/ForestPrototype/Art/SectionFive/Ground_Moss_Shoots_03/FBX/Ground_Moss_ShootMat_03_LOD1.fbx","6","On","0","(1.4182198, 0.0287771821, 1.432378)","(0.9186518, 0.9186519, 0.9186518)"
"Bracken_Clump_01_LOD0_Mesh","Assets/ForestPrototype/Art/SectionFive/Woodland_Assets/Bracken_Clump_01/Bracken_Clump_01_LOD0.fbx","2","On","0","(1.1088841, 0.7382837, 1.08950722)","(0.725199, 0.7251989, 0.725199)"
"LOD1 Material0","","1","On","0","(2.90676928, 8.700951, 2.828184)","(1.08761883, 1.08761883, 1.08761883)"
"LOD2 Material0","","1","On","0","(3.649272, 13.0487041, 3.67272186)","(1.087392, 1.087392, 1.087392)"
"LOD0 Material0","","1","On","0","(3.559416, 10.0164013, 3.46434426)","(1.25205016, 1.25205016, 1.25205016)"
"LOD2 Material0","","1","On","0","(3.157616, 9.45255, 3.07262564)","(1.18156874, 1.18156874, 1.18156874)"
"Trunk","Library/unity default resources","1","On","1","(0.1766977, 13.4234924, 0.176697731)","(0.176697686, 6.711746, 0.176697686)"
"LOD1 Material0","","1","On","0","(3.59485054, 12.8534222, 3.61765432)","(1.07111847, 1.07111847, 1.07111847)"
"Ground_Moss_ShootMat_03_LOD0_Mesh","Assets/ForestPrototype/Art/SectionFive/Ground_Moss_Shoots_03/FBX/Ground_Moss_ShootMat_03_LOD0.fbx","6","On","0","(0.8541236, 0.0220205318, 1.0175252)","(0.7591966, 0.7591966, 0.7591966)"
"Ground_Moss_ShootMat_03_LOD2_Mesh","Assets/ForestPrototype/Art/SectionFive/Ground_Moss_Shoots_03/FBX/Ground_Moss_ShootMat_03_LOD2.fbx","2","On","0","(1.09078968, 0.02480242, 1.12954783)","(0.717654, 0.71765393, 0.717654)"
"Ground_Moss_ShootMat_03_LOD0_Mesh","Assets/ForestPrototype/Art/SectionFive/Ground_Moss_Shoots_03/FBX/Ground_Moss_ShootMat_03_LOD0.fbx","6","On","0","(1.15537441, 0.024682967, 1.27326524)","(0.8509888, 0.850988746, 0.8509888)"
"Ground_Moss_ShootMat_03_LOD1_Mesh","Assets/ForestPrototype/Art/SectionFive/Ground_Moss_Shoots_03/FBX/Ground_Moss_ShootMat_03_LOD1.fbx","6","On","0","(1.47965372, 0.0296560712, 1.44612932)","(0.94670856, 0.9467086, 0.94670856)"
"LOD1 Material1","","1","On","0","(3.772917, 12.6707277, 4.228365)","(1.083347, 1.083347, 1.083347)"
"Ground_Moss_ShootMat_03_LOD1_Mesh","Assets/ForestPrototype/Art/SectionFive/Ground_Moss_Shoots_03/FBX/Ground_Moss_ShootMat_03_LOD1.fbx","6","On","0","(0.9936403, 0.0266305022, 1.16720939)","(0.8501236, 0.8501236, 0.8501236)"
"Ground_Moss_ShootMat_03_LOD1_Mesh","Assets/ForestPrototype/Art/SectionFive/Ground_Moss_Shoots_03/FBX/Ground_Moss_ShootMat_03_LOD1.fbx","6","On","0","(1.11999726, 0.0316853076, 1.343062)","(1.01148784, 1.01148772, 1.01148784)"
"LOD1 Material0","","1","On","0","(3.372729, 12.0592251, 3.394124)","(1.00493538, 1.00493538, 1.00493538)"
"LOD1 Material1","","1","On","0","(4.523365, 10.6454477, 4.40237856)","(1.37585, 1.37585, 1.37585)"
"Ground_Moss_ShootMat_03_LOD0_Mesh","Assets/ForestPrototype/Art/SectionFive/Ground_Moss_Shoots_03/FBX/Ground_Moss_ShootMat_03_LOD0.fbx","6","On","0","(1.67597008, 0.0311729535, 1.623234)","(1.07474232, 1.07474244, 1.07474232)"
"Dirt Path 07","Library/unity default resources","1","Off","0","(2.61540627, 0.012, 1.77618849)","(2.6, 0.012, 0.662013)"
"LOD0 Material0","","1","On","0","(4.19204664, 11.7966595, 4.080077)","(1.47458243, 1.47458243, 1.47458243)"
"LOD0 Material1","","1","On","0","(4.705203, 11.073391, 4.57935238)","(1.43115866, 1.43115866, 1.43115866)"
"LOD1 Material0","","1","On","0","(3.699684, 13.2282543, 3.72315288)","(1.10235453, 1.10235453, 1.10235453)"
"Ground_Moss_ShootMat_03_LOD1_Mesh","Assets/ForestPrototype/Art/SectionFive/Ground_Moss_Shoots_03/FBX/Ground_Moss_ShootMat_03_LOD1.fbx","6","On","0","(1.58534026, 0.03272079, 1.45621443)","(1.04454374, 1.04454339, 1.04454374)"
"LOD1 Material1","","1","On","0","(4.78203249, 11.2542038, 4.654127)","(1.4545275, 1.4545275, 1.4545275)"
"LOD2 Material1","","1","On","0","(3.823037, 12.7040062, 4.316908)","(1.08848274, 1.08848274, 1.08848274)"
"Ground_Moss_ShootMat_03_LOD0_Mesh","Assets/ForestPrototype/Art/SectionFive/Ground_Moss_Shoots_03/FBX/Ground_Moss_ShootMat_03_LOD0.fbx","6","On","0","(1.70909667, 0.03200467, 1.71090448)","(1.1034174, 1.10341728, 1.1034174)"
"LOD0 Material1","","1","On","0","(4.09344339, 9.633655, 3.98395586)","(1.24508274, 1.24508274, 1.24508274)"
"Ground_Moss_ShootMat_03_LOD1_Mesh","Assets/ForestPrototype/Art/SectionFive/Ground_Moss_Shoots_03/FBX/Ground_Moss_ShootMat_03_LOD1.fbx","6","On","0","(1.14954126, 0.0245277043, 1.214714)","(0.7829962, 0.7829961, 0.7829962)"
"LOD1 Material0","","1","On","0","(3.913084, 11.7131929, 3.80729222)","(1.46414912, 1.46414912, 1.46414912)"
"Trunk","Library/unity default resources","1","On","1","(0.198450878, 14.4427767, 0.1984509)","(0.198450848, 7.22138834, 0.198450848)"
"LOD0 Material1","","1","On","0","(3.55374932, 11.9346895, 3.98274064)","(1.02041566, 1.02041566, 1.02041566)"
"Ground_Moss_ShootMat_03_LOD1_Mesh","Assets/ForestPrototype/Art/SectionFive/Ground_Moss_Shoots_03/FBX/Ground_Moss_ShootMat_03_LOD1.fbx","6","On","0","(1.12483358, 0.0230215881, 1.14843369)","(0.734916449, 0.734916449, 0.734916449)"
"LOD2 Material0","","1","On","0","(3.6868186, 11.0367565, 3.5875845)","(1.37959456, 1.37959456, 1.37959456)"
"Trunk","Library/unity default resources","1","On","1","(0.205896482, 14.6832275, 0.2058965)","(0.205896452, 7.341614, 0.205896452)"
"LOD2 Material1","","1","On","0","(3.73205137, 12.40166, 4.21416855)","(1.06257761, 1.06257761, 1.06257761)"
"LOD2 Material1","","1","On","0","(4.83007669, 11.2113428, 4.712217)","(1.44497406, 1.44497406, 1.44497406)"
"LOD1 Material1","","1","On","0","(4.376774, 10.3004541, 4.259708)","(1.331262, 1.331262, 1.331262)"
"Trunk","Library/unity default resources","1","On","1","(0.18005006, 12.62428, 0.18005009)","(0.180050045, 6.31214, 0.180050045)"
"Trunk","Library/unity default resources","1","On","1","(0.1517235, 11.5127392, 0.151723519)","(0.151723489, 5.75636959, 0.151723489)"
"Ground_Moss_ShootMat_03_LOD1_Mesh","Assets/ForestPrototype/Art/SectionFive/Ground_Moss_Shoots_03/FBX/Ground_Moss_ShootMat_03_LOD1.fbx","6","On","0","(1.15154588, 0.0293054618, 1.32531774)","(0.9355163, 0.9355161, 0.9355163)"
"Ground_Moss_ShootMat_03_LOD2_Mesh","Assets/ForestPrototype/Art/SectionFive/Ground_Moss_Shoots_03/FBX/Ground_Moss_ShootMat_03_LOD2.fbx","2","On","0","(1.54388821, 0.0392015129, 1.30262733)","(1.1342895, 1.13428926, 1.1342895)"
"Ground_Moss_ShootMat_03_LOD0_Mesh","Assets/ForestPrototype/Art/SectionFive/Ground_Moss_Shoots_03/FBX/Ground_Moss_ShootMat_03_LOD0.fbx","6","On","0","(1.51479316, 0.0298696179, 1.3546176)","(1.02980769, 1.02980769, 1.02980769)"
"LOD2 Material1","","1","On","0","(4.585127, 10.6427765, 4.473244)","(1.37169445, 1.37169445, 1.37169445)"
"Ground_Moss_ShootMat_03_LOD1_Mesh","Assets/ForestPrototype/Art/SectionFive/Ground_Moss_Shoots_03/FBX/Ground_Moss_ShootMat_03_LOD1.fbx","6","On","0","(1.67246974, 0.0347328149, 1.52664387)","(1.10877323, 1.10877311, 1.10877323)"
"LOD0 Material0","","1","On","0","(3.92336845, 14.0278282, 4.032252)","(1.16898572, 1.16898572, 1.16898572)"
"LOD2 Material0","","1","On","0","(3.47378731, 10.3990316, 3.380287)","(1.299879, 1.299879, 1.299879)"
"Ground_Moss_ShootMat_03_LOD1_Mesh","Assets/ForestPrototype/Art/SectionFive/Ground_Moss_Shoots_03/FBX/Ground_Moss_ShootMat_03_LOD1.fbx","6","On","0","(1.155127, 0.0250658784, 1.23360276)","(0.800176144, 0.8001762, 0.800176144)"
"Ground_Moss_ShootMat_03_LOD1_Mesh","Assets/ForestPrototype/Art/SectionFive/Ground_Moss_Shoots_03/FBX/Ground_Moss_ShootMat_03_LOD1.fbx","6","On","0","(1.0948844, 0.0308950357, 1.31167185)","(0.986259937, 0.98626, 0.986259937)"
"LOD0 Material0","","1","On","0","(3.89196014, 10.952199, 3.78800583)","(1.36902487, 1.36902487, 1.36902487)"
"LOD0 Material0","","1","On","0","(3.76912, 10.60652, 3.66844678)","(1.325815, 1.325815, 1.325815)"
"Trunk","Library/unity default resources","1","On","1","(0.1074087, 8.704044, 0.10740871)","(0.107408687, 4.352022, 0.107408687)"
"Frame Rail Back","Library/unity default resources","1","On","0","(2.04, 0.12, 0.14)","(2.04, 0.12, 0.14)"
"LOD0 Material0","","1","On","0","(4.121431, 11.5979433, 4.011348)","(1.44974291, 1.44974291, 1.44974291)"
"LOD2 Material1","","1","On","0","(4.810416, 11.1657076, 4.693036)","(1.4390924, 1.4390924, 1.4390924)"
"Dirt Path 27","Library/unity default resources","1","Off","0","(2.67070079, 0.012, 1.2961483)","(2.6, 0.012, 0.619161)"
"LOD2 Material0","","1","On","0","(3.68049026, 11.0178118, 3.58142638)","(1.37722647, 1.37722647, 1.37722647)"
"Ground_Moss_ShootMat_03_LOD2_Mesh","Assets/ForestPrototype/Art/SectionFive/Ground_Moss_Shoots_03/FBX/Ground_Moss_ShootMat_03_LOD2.fbx","2","On","0","(0.8272567, 0.0262362547, 0.99996376)","(0.7591416, 0.7591417, 0.7591416)"
"LOD1 Material0","","1","On","0","(2.75564361, 8.24858, 2.68114376)","(1.0310725, 1.0310725, 1.0310725)"
"Ground_Moss_ShootMat_03_LOD2_Mesh","Assets/ForestPrototype/Art/SectionFive/Ground_Moss_Shoots_03/FBX/Ground_Moss_ShootMat_03_LOD2.fbx","2","On","0","(1.262125, 0.033339452, 1.419852)","(0.9646717, 0.964671552, 0.9646717)"
"Trunk","Library/unity default resources","1","On","1","(0.144321024, 10.7243729, 0.144321039)","(0.14432101, 5.36218643, 0.14432101)"
"LOD1 Material1","","1","On","0","(4.55098867, 10.7104578, 4.429263)","(1.38425207, 1.38425207, 1.38425207)"
"LOD2 Material1","","1","On","0","(4.911525, 11.4003954, 4.79167747)","(1.46934009, 1.46934009, 1.46934009)"
"LOD1 Material1","","1","On","0","(4.89977455, 11.5313034, 4.76872)","(1.49034059, 1.49034059, 1.49034059)"
"Ground_Moss_ShootMat_03_LOD2_Mesh","Assets/ForestPrototype/Art/SectionFive/Ground_Moss_Shoots_03/FBX/Ground_Moss_ShootMat_03_LOD2.fbx","2","On","0","(1.14049578, 0.0262775477, 1.02933216)","(0.7603364, 0.760336459, 0.7603364)"
"LOD0 Material1","","1","On","0","(4.83073139, 11.3688145, 4.701524)","(1.46934009, 1.46934009, 1.46934009)"
"Trunk","Library/unity default resources","1","On","1","(0.1429879, 10.9240732, 0.142987922)","(0.142987892, 5.46203661, 0.142987892)"
"Ground_Moss_ShootMat_03_LOD1_Mesh","Assets/ForestPrototype/Art/SectionFive/Ground_Moss_Shoots_03/FBX/Ground_Moss_ShootMat_03_LOD1.fbx","6","On","0","(1.1254046, 0.0231863521, 1.035728)","(0.7401762, 0.7401762, 0.7401762)"
"Ground_Moss_ShootMat_03_LOD1_Mesh","Assets/ForestPrototype/Art/SectionFive/Ground_Moss_Shoots_03/FBX/Ground_Moss_ShootMat_03_LOD1.fbx","6","On","0","(1.77786469, 0.03594339, 1.78535354)","(1.147418, 1.14741814, 1.147418)"
"LOD1 Material1","","1","On","0","(4.803042, 11.3036489, 4.67457438)","(1.46091783, 1.46091783, 1.46091783)"
"Ground_Moss_ShootMat_03_LOD2_Mesh","Assets/ForestPrototype/Art/SectionFive/Ground_Moss_Shoots_03/FBX/Ground_Moss_ShootMat_03_LOD2.fbx","2","On","0","(1.43326461, 0.03355398, 1.27696228)","(0.970879138, 0.9708789, 0.970879138)"
"Ground_Moss_ShootMat_03_LOD2_Mesh","Assets/ForestPrototype/Art/SectionFive/Ground_Moss_Shoots_03/FBX/Ground_Moss_ShootMat_03_LOD2.fbx","2","On","0","(1.25896883, 0.0368312523, 1.47608674)","(1.06570625, 1.06570613, 1.06570625)"
"Ground_Moss_ShootMat_03_LOD1_Mesh","Assets/ForestPrototype/Art/SectionFive/Ground_Moss_Shoots_03/FBX/Ground_Moss_ShootMat_03_LOD1.fbx","6","On","0","(1.31456327, 0.0315928161, 1.47708929)","(1.00853515, 1.00853515, 1.00853515)"
"LOD1 Material0","","1","On","0","(2.93802166, 8.794499, 2.858591)","(1.09931242, 1.09931242, 1.09931242)"
"Ground_Moss_ShootMat_03_LOD0_Mesh","Assets/ForestPrototype/Art/SectionFive/Ground_Moss_Shoots_03/FBX/Ground_Moss_ShootMat_03_LOD0.fbx","6","On","0","(1.20292008, 0.02371423, 1.26757)","(0.81758976, 0.8175898, 0.81758976)"
"Ground_Moss_ShootMat_03_LOD1_Mesh","Assets/ForestPrototype/Art/SectionFive/Ground_Moss_Shoots_03/FBX/Ground_Moss_ShootMat_03_LOD1.fbx","6","On","0","(0.9603235, 0.0235029757, 1.08752942)","(0.7502839, 0.7502838, 0.7502839)"
"LOD2 Material0","","1","On","0","(3.52542543, 10.5536146, 3.43053532)","(1.31920183, 1.31920183, 1.31920183)"
"LOD2 Material1","","1","On","0","(4.468459, 10.371973, 4.359423)","(1.33679187, 1.33679187, 1.33679187)"
"Ground_Moss_ShootMat_03_LOD0_Mesh","Assets/ForestPrototype/Art/SectionFive/Ground_Moss_Shoots_03/FBX/Ground_Moss_ShootMat_03_LOD0.fbx","6","On","0","(1.32978523, 0.0274621136, 1.14999342)","(0.946804762, 0.9468047, 0.946804762)"
"LOD1 Material1","","1","On","0","(3.68062019, 8.662103, 3.58217454)","(1.11951637, 1.11951637, 1.11951637)"
"Trunk","Library/unity default resources","1","On","1","(0.164417222, 11.63622, 0.164417252)","(0.1644172, 5.81811, 0.1644172)"
"Ground_Moss_ShootMat_03_LOD0_Mesh","Assets/ForestPrototype/Art/SectionFive/Ground_Moss_Shoots_03/FBX/Ground_Moss_ShootMat_03_LOD0.fbx","6","On","0","(1.25247765, 0.0235485248, 1.262431)","(0.8118768, 0.811876833, 0.8118768)"
"Ground_Moss_ShootMat_03_LOD1_Mesh","Assets/ForestPrototype/Art/SectionFive/Ground_Moss_Shoots_03/FBX/Ground_Moss_ShootMat_03_LOD1.fbx","6","On","0","(1.08082187, 0.026278602, 1.220561)","(0.838889956, 0.8388899, 0.838889956)"
"LOD2 Material0","","1","On","0","(4.19989872, 15.017581, 4.226887)","(1.25146508, 1.25146508, 1.25146508)"
"Trunk","Library/unity default resources","1","On","1","(0.148639858, 11.5568466, 0.148639873)","(0.148639843, 5.77842331, 0.148639843)"
"LOD1 Material0","","1","On","0","(3.88736916, 11.63622, 3.78227282)","(1.4545275, 1.4545275, 1.4545275)"
"Ground_Moss_ShootMat_03_LOD0_Mesh","Assets/ForestPrototype/Art/SectionFive/Ground_Moss_Shoots_03/FBX/Ground_Moss_ShootMat_03_LOD0.fbx","6","On","0","(1.29659832, 0.0256429426, 1.369246)","(0.8840856, 0.8840856, 0.8840856)"
"Trunk","Library/unity default resources","1","On","1","(0.120800622, 8.931991, 0.120800637)","(0.120800607, 4.46599531, 0.120800607)"
"LOD2 Material1","","1","On","0","(4.14732552, 13.7816229, 4.68308926)","(1.18081319, 1.18081319, 1.18081319)"
"LOD1 Material1","","1","On","0","(3.58200955, 12.0295963, 4.0144124)","(1.02853024, 1.02853024, 1.02853024)"
"LOD0 Material1","","1","On","0","(4.09524727, 13.7532215, 4.58960533)","(1.1759001, 1.1759001, 1.1759001)"
"Trunk","Library/unity default resources","1","On","1","(0.1375063, 10.6500959, 0.137506321)","(0.137506291, 5.325048, 0.137506291)"
"Ground_Moss_ShootMat_03_LOD1_Mesh","Assets/ForestPrototype/Art/SectionFive/Ground_Moss_Shoots_03/FBX/Ground_Moss_ShootMat_03_LOD1.fbx","6","On","0","(1.41049886, 0.0286920033, 1.42949009)","(0.9159328, 0.9159327, 0.9159328)"
"Ground_Moss_ShootMat_03_LOD2_Mesh","Assets/ForestPrototype/Art/SectionFive/Ground_Moss_Shoots_03/FBX/Ground_Moss_ShootMat_03_LOD2.fbx","2","On","0","(1.48751, 0.033374574, 1.378181)","(0.965687752, 0.965687752, 0.965687752)"
"LOD0 Material1","","1","On","0","(3.88092113, 13.0334425, 4.34940672)","(1.114359, 1.114359, 1.114359)"
"LOD0 Material0","","1","On","0","(3.73911119, 10.5220737, 3.63923979)","(1.31525922, 1.31525922, 1.31525922)"
"LOD0 Material0","","1","On","0","(3.51832652, 12.5796185, 3.615969)","(1.04830158, 1.04830158, 1.04830158)"
"Bramble_Clump_01_LOD2_Mesh","Assets/ForestPrototype/Art/SectionFive/Woodland_Assets/Bramble_Clump_01/Bramble_Clump_01_LOD2.fbx","2","On","0","(1.27518737, 0.7567523, 1.39028883)","(0.8381375, 0.8381375, 0.8381375)"
"Trunk","Library/unity default resources","1","On","1","(0.1627779, 12.503993, 0.16277793)","(0.162777886, 6.25199652, 0.162777886)"
"Trunk","Library/unity default resources","1","On","1","(0.159157023, 11.319499, 0.159157053)","(0.159157008, 5.65974951, 0.159157008)"
"Ground_Moss_ShootMat_03_LOD1_Mesh","Assets/ForestPrototype/Art/SectionFive/Ground_Moss_Shoots_03/FBX/Ground_Moss_ShootMat_03_LOD1.fbx","6","On","0","(1.33448529, 0.0271153338, 1.35041523)","(0.8656008, 0.8656008, 0.8656008)"
"Ground_Moss_ShootMat_03_LOD1_Mesh","Assets/ForestPrototype/Art/SectionFive/Ground_Moss_Shoots_03/FBX/Ground_Moss_ShootMat_03_LOD1.fbx","6","On","0","(0.8667204, 0.0230654664, 1.01533246)","(0.7363172, 0.7363172, 0.7363172)"
"Ground_Moss_ShootMat_03_LOD0_Mesh","Assets/ForestPrototype/Art/SectionFive/Ground_Moss_Shoots_03/FBX/Ground_Moss_ShootMat_03_LOD0.fbx","6","On","0","(1.08665454, 0.02518526, 0.8756304)","(0.8683062, 0.8683062, 0.8683062)"
"LOD2 Material0","","1","On","0","(3.16386056, 9.471244, 3.07870221)","(1.18390548, 1.18390548, 1.18390548)"
"Ground_Moss_ShootMat_03_LOD1_Mesh","Assets/ForestPrototype/Art/SectionFive/Ground_Moss_Shoots_03/FBX/Ground_Moss_ShootMat_03_LOD1.fbx","6","On","0","(1.59085119, 0.0354813561, 1.72522211)","(1.13266873, 1.13266873, 1.13266873)"
"LOD1 Material0","","1","On","0","(3.75517774, 11.2405262, 3.65365529)","(1.40506577, 1.40506577, 1.40506577)"
"Trunk","Library/unity default resources","1","On","1","(0.145284265, 10.7323294, 0.14528428)","(0.14528425, 5.36616468, 0.14528425)"
"Ground_Moss_ShootMat_03_LOD1_Mesh","Assets/ForestPrototype/Art/SectionFive/Ground_Moss_Shoots_03/FBX/Ground_Moss_ShootMat_03_LOD1.fbx","6","On","0","(1.58272469, 0.0357179642, 1.72688627)","(1.140222, 1.140222, 1.140222)"
"LOD2 Material0","","1","On","0","(3.82312822, 11.444809, 3.720225)","(1.43060112, 1.43060112, 1.43060112)"
"Ground_Moss_ShootMat_03_LOD0_Mesh","Assets/ForestPrototype/Art/SectionFive/Ground_Moss_Shoots_03/FBX/Ground_Moss_ShootMat_03_LOD0.fbx","6","On","0","(1.53381729, 0.03094511, 1.6401298)","(1.06688726, 1.06688714, 1.06688726)"
"Ground_Moss_ShootMat_03_LOD1_Mesh","Assets/ForestPrototype/Art/SectionFive/Ground_Moss_Shoots_03/FBX/Ground_Moss_ShootMat_03_LOD1.fbx","6","On","0","(1.27827358, 0.0330774225, 1.48103571)","(1.05592811, 1.05592811, 1.05592811)"
"LOD2 Material1","","1","On","0","(4.58518076, 10.6429014, 4.47329664)","(1.37171054, 1.37171054, 1.37171054)"
"Trunk","Library/unity default resources","1","On","1","(0.135487586, 10.2519941, 0.1354876)","(0.135487571, 5.125997, 0.135487571)"
"LOD0 Material0","","1","On","0","(3.31480646, 9.328055, 3.226268)","(1.16600692, 1.16600692, 1.16600692)"
"LOD2 Material0","","1","On","0","(3.68779325, 13.1864452, 3.71149087)","(1.0988704, 1.0988704, 1.0988704)"
"Trunk","Library/unity default resources","1","On","1","(0.15146476, 10.9837561, 0.151464775)","(0.151464745, 5.491878, 0.151464745)"
"Trunk","Library/unity default resources","1","On","1","(0.149442345, 11.1218948, 0.14944236)","(0.14944233, 5.56094742, 0.14944233)"
"Ground_Moss_ShootMat_03_LOD0_Mesh","Assets/ForestPrototype/Art/SectionFive/Ground_Moss_Shoots_03/FBX/Ground_Moss_ShootMat_03_LOD0.fbx","6","On","0","(1.049433, 0.02568437, 1.2253747)","(0.885513842, 0.885513842, 0.885513842)"
"Ground_Moss_ShootMat_03_LOD0_Mesh","Assets/ForestPrototype/Art/SectionFive/Ground_Moss_Shoots_03/FBX/Ground_Moss_ShootMat_03_LOD0.fbx","6","On","0","(1.143339, 0.0243005715, 0.9705441)","(0.837805152, 0.837805, 0.837805152)"
"Ground_Moss_ShootMat_03_LOD2_Mesh","Assets/ForestPrototype/Art/SectionFive/Ground_Moss_Shoots_03/FBX/Ground_Moss_ShootMat_03_LOD2.fbx","2","On","0","(1.53244019, 0.038457308, 1.3023535)","(1.11275613, 1.11275578, 1.11275613)"
"Ground_Moss_ShootMat_03_LOD2_Mesh","Assets/ForestPrototype/Art/SectionFive/Ground_Moss_Shoots_03/FBX/Ground_Moss_ShootMat_03_LOD2.fbx","2","On","0","(1.27130544, 0.0288537964, 1.16334391)","(0.8348798, 0.8348798, 0.8348798)"
"Ground_Moss_ShootMat_03_LOD0_Mesh","Assets/ForestPrototype/Art/SectionFive/Ground_Moss_Shoots_03/FBX/Ground_Moss_ShootMat_03_LOD0.fbx","6","On","0","(1.19501007, 0.0233039483, 1.07861841)","(0.803444743, 0.8034447, 0.803444743)"
"LOD0 Material0","","1","On","0","(3.54681373, 12.6814747, 3.645247)","(1.05678952, 1.05678952, 1.05678952)"
"Ground_Moss_ShootMat_03_LOD2_Mesh","Assets/ForestPrototype/Art/SectionFive/Ground_Moss_Shoots_03/FBX/Ground_Moss_ShootMat_03_LOD2.fbx","2","On","0","(1.16104531, 0.032331828, 1.33511066)","(0.9355163, 0.9355161, 0.9355163)"
"Ground_Moss_ShootMat_03_LOD2_Mesh","Assets/ForestPrototype/Art/SectionFive/Ground_Moss_Shoots_03/FBX/Ground_Moss_ShootMat_03_LOD2.fbx","2","On","0","(1.6109035, 0.0367538854, 1.67291164)","(1.0634675, 1.06346762, 1.0634675)"
"LOD0 Material1","","1","On","0","(4.857355, 11.4314718, 4.727435)","(1.47743809, 1.47743809, 1.47743809)"
"LOD2 Material0","","1","On","0","(3.91091585, 11.7076073, 3.80564976)","(1.46345091, 1.46345091, 1.46345091)"
"Ground_Moss_ShootMat_03_LOD1_Mesh","Assets/ForestPrototype/Art/SectionFive/Ground_Moss_Shoots_03/FBX/Ground_Moss_ShootMat_03_LOD1.fbx","6","On","0","(1.15787518, 0.0266576037, 1.27581918)","(0.8509888, 0.850988746, 0.8509888)"
"Ground_Moss_ShootMat_03_LOD0_Mesh","Assets/ForestPrototype/Art/SectionFive/Ground_Moss_Shoots_03/FBX/Ground_Moss_ShootMat_03_LOD0.fbx","6","On","0","(1.7163533, 0.03231656, 1.61006451)","(1.11417031, 1.11417031, 1.11417031)"
"LOD2 Material0","","1","On","0","(3.89868951, 11.6710072, 3.79375267)","(1.45887589, 1.45887589, 1.45887589)"
"LOD0 Material1","","1","On","0","(4.749413, 11.1774368, 4.62238026)","(1.44460583, 1.44460583, 1.44460583)"
"LOD0 Material1","","1","On","0","(3.608312, 12.1179285, 4.04388952)","(1.03608263, 1.03608263, 1.03608263)"
"Dirt Path 24","Library/unity default resources","1","Off","0","(2.66021061, 0.012, 0.9749994)","(2.60000014, 0.012, 0.605313)"
"Ground_Moss_ShootMat_03_LOD2_Mesh","Assets/ForestPrototype/Art/SectionFive/Ground_Moss_Shoots_03/FBX/Ground_Moss_ShootMat_03_LOD2.fbx","2","On","0","(1.324491, 0.0310997088, 1.40400338)","(0.899864852, 0.8998649, 0.899864852)"
"Ground_Moss_ShootMat_03_LOD0_Mesh","Assets/ForestPrototype/Art/SectionFive/Ground_Moss_Shoots_03/FBX/Ground_Moss_ShootMat_03_LOD0.fbx","6","On","0","(1.14984787, 0.023963185, 1.25167656)","(0.826173, 0.826173, 0.826173)"
"Ground_Moss_ShootMat_03_LOD2_Mesh","Assets/ForestPrototype/Art/SectionFive/Ground_Moss_Shoots_03/FBX/Ground_Moss_ShootMat_03_LOD2.fbx","2","On","0","(1.19189489, 0.03230003, 1.3554337)","(0.934596062, 0.934596, 0.934596062)"
"Woodland_Grass_Tuft_03_LOD2_Foliage","Assets/ForestPrototype/Art/SectionFive/Woodland_Grass_Rush/FBX/Woodland_Grass_Tuft_03_LOD2.fbx","2","On","0","(1.20396757, 0.27067706, 1.24901724)","(1.06, 1.06000006, 1.06)"
"LOD1 Material0","","1","On","0","(3.18236136, 9.525891, 3.09632516)","(1.19073641, 1.19073641, 1.19073641)"
"Ground_Moss_ShootMat_03_LOD0_Mesh","Assets/ForestPrototype/Art/SectionFive/Ground_Moss_Shoots_03/FBX/Ground_Moss_ShootMat_03_LOD0.fbx","6","On","0","(1.29908991, 0.0303519983, 1.04189253)","(1.04643857, 1.04643857, 1.04643857)"
"LOD1 Material1","","1","On","0","(4.84796667, 11.4093761, 4.718298)","(1.47458243, 1.47458243, 1.47458243)"
"LOD1 Material1","","1","On","0","(4.44886446, 10.4701157, 4.3298707)","(1.35318947, 1.35318947, 1.35318947)"
"LOD1 Material1","","1","On","0","(4.456666, 10.4884758, 4.33746338)","(1.35556245, 1.35556245, 1.35556245)"
"Ground_Moss_ShootMat_03_LOD2_Mesh","Assets/ForestPrototype/Art/SectionFive/Ground_Moss_Shoots_03/FBX/Ground_Moss_ShootMat_03_LOD2.fbx","2","On","0","(1.115078, 0.025408987, 1.016454)","(0.735205, 0.7352048, 0.735205)"
"LOD0 Material0","","1","On","0","(3.94546247, 14.1068249, 4.054959)","(1.1755687, 1.1755687, 1.1755687)"
"Ground_Moss_ShootMat_03_LOD2_Mesh","Assets/ForestPrototype/Art/SectionFive/Ground_Moss_Shoots_03/FBX/Ground_Moss_ShootMat_03_LOD2.fbx","2","On","0","(0.7753833, 0.0252371747, 0.9463098)","(0.730233431, 0.730233431, 0.730233431)"
"Ground_Moss_ShootMat_03_LOD1_Mesh","Assets/ForestPrototype/Art/SectionFive/Ground_Moss_Shoots_03/FBX/Ground_Moss_ShootMat_03_LOD1.fbx","6","On","0","(1.17861056, 0.02390693, 1.18977356)","(0.7631792, 0.7631792, 0.7631792)"
"Ground_Moss_ShootMat_03_LOD1_Mesh","Assets/ForestPrototype/Art/SectionFive/Ground_Moss_Shoots_03/FBX/Ground_Moss_ShootMat_03_LOD1.fbx","6","On","0","(0.8349328, 0.0252616182, 1.02661216)","(0.806424856, 0.8064248, 0.806424856)"
"Ground_Moss_ShootMat_03_LOD0_Mesh","Assets/ForestPrototype/Art/SectionFive/Ground_Moss_Shoots_03/FBX/Ground_Moss_ShootMat_03_LOD0.fbx","6","On","0","(1.38300645, 0.025811037, 1.37407386)","(0.8898811, 0.889880955, 0.8898811)"
"LOD2 Material0","","1","On","0","(3.4249, 12.246417, 3.44690824)","(1.02053475, 1.02053475, 1.02053475)"
"Woodland_Grass_Tuft_02_LOD2_Foliage","Assets/ForestPrototype/Art/SectionFive/Woodland_Grass_Rush/FBX/Woodland_Grass_Tuft_02_LOD2.fbx","2","On","0","(1.13649249, 0.503590465, 0.9515771)","(1.06000006, 1.06000006, 1.06000006)"
"Ground_Moss_ShootMat_03_LOD1_Mesh","Assets/ForestPrototype/Art/SectionFive/Ground_Moss_Shoots_03/FBX/Ground_Moss_ShootMat_03_LOD1.fbx","6","On","0","(1.52575326, 0.0305771213, 1.48540354)","(0.9761113, 0.976111233, 0.9761113)"
"LOD0 Material1","","1","On","0","(4.16173649, 13.9765148, 4.66412067)","(1.19499171, 1.19499171, 1.19499171)"
"LOD0 Material0","","1","On","0","(3.74002957, 13.3723087, 3.84382486)","(1.114359, 1.114359, 1.114359)"
"Ground_Moss_ShootMat_03_LOD0_Mesh","Assets/ForestPrototype/Art/SectionFive/Ground_Moss_Shoots_03/FBX/Ground_Moss_ShootMat_03_LOD0.fbx","6","On","0","(1.007764, 0.02120276, 0.8609838)","(0.73100245, 0.7310025, 0.73100245)"
"LOD1 Material1","","1","On","0","(3.48522663, 11.704566, 3.905946)","(1.00074017, 1.00074017, 1.00074017)"
"Ground_Moss_ShootMat_03_LOD0_Mesh","Assets/ForestPrototype/Art/SectionFive/Ground_Moss_Shoots_03/FBX/Ground_Moss_ShootMat_03_LOD0.fbx","6","On","0","(1.1478827, 0.0228546336, 1.21752357)","(0.787953734, 0.787953734, 0.787953734)"
"LOD0 Material1","","1","On","0","(3.733229, 12.5374422, 4.183886)","(1.071951, 1.071951, 1.071951)"
"LOD0 Material0","","1","On","0","(3.76886845, 13.475421, 3.873464)","(1.12295175, 1.12295175, 1.12295175)"
"LOD0 Material1","","1","On","0","(4.57927, 10.7770157, 4.456788)","(1.39285421, 1.39285421, 1.39285421)"
"LOD2 Material0","","1","On","0","(3.94519162, 14.1068249, 3.97054338)","(1.1755687, 1.1755687, 1.1755687)"
"Ground_Moss_ShootMat_03_LOD2_Mesh","Assets/ForestPrototype/Art/SectionFive/Ground_Moss_Shoots_03/FBX/Ground_Moss_ShootMat_03_LOD2.fbx","2","On","0","(1.747026, 0.03839798, 1.72554481)","(1.11103916, 1.11103916, 1.11103916)"
"LOD2 Material0","","1","On","0","(3.80494428, 11.3903742, 3.70253062)","(1.42379677, 1.42379677, 1.42379677)"
"LOD0 Material0","","1","On","0","(3.59769917, 12.8634129, 3.69754434)","(1.071951, 1.071951, 1.071951)"
"LOD0 Material1","","1","On","0","(3.87915254, 13.027503, 4.347425)","(1.11385119, 1.11385119, 1.11385119)"
"LOD2 Material0","","1","On","0","(3.704881, 13.2475452, 3.72868824)","(1.10396206, 1.10396206, 1.10396206)"
"LOD2 Material1","","1","On","0","(4.56445169, 10.5947857, 4.4530735)","(1.36550915, 1.36550915, 1.36550915)"
"LOD2 Material1","","1","On","0","(3.88949466, 12.9248466, 4.391951)","(1.10740435, 1.10740435, 1.10740435)"
"Ground_Moss_ShootMat_03_LOD2_Mesh","Assets/ForestPrototype/Art/SectionFive/Ground_Moss_Shoots_03/FBX/Ground_Moss_ShootMat_03_LOD2.fbx","2","On","0","(0.9029152, 0.03144334, 1.12968719)","(0.9098077, 0.909807742, 0.9098077)"
"Ground_Moss_ShootMat_03_LOD2_Mesh","Assets/ForestPrototype/Art/SectionFive/Ground_Moss_Shoots_03/FBX/Ground_Moss_ShootMat_03_LOD2.fbx","2","On","0","(1.47084069, 0.0322952829, 1.44592011)","(0.934458733, 0.9344587, 0.934458733)"
"Trunk","Library/unity default resources","1","On","1","(0.159526676, 11.4977121, 0.1595267)","(0.159526661, 5.748856, 0.159526661)"
"LOD0 Material0","","1","On","0","(3.981189, 14.2345638, 4.091677)","(1.18621361, 1.18621361, 1.18621361)"
"Ground_Moss_ShootMat_03_LOD0_Mesh","Assets/ForestPrototype/Art/SectionFive/Ground_Moss_Shoots_03/FBX/Ground_Moss_ShootMat_03_LOD0.fbx","6","On","0","(1.10748756, 0.0268709939, 1.28875422)","(0.9264247, 0.9264248, 0.9264247)"
"LOD2 Material1","","1","On","0","(4.93153667, 11.446846, 4.811201)","(1.4753269, 1.4753269, 1.4753269)"
"Trunk","Library/unity default resources","1","On","1","(0.160815, 11.7234707, 0.16081503)","(0.160814986, 5.86173534, 0.160814986)"
"LOD1 Material1","","1","On","0","(3.70445228, 12.4408007, 4.15163565)","(1.06368816, 1.06368816, 1.06368816)"
"Ground_Moss_ShootMat_03_LOD0_Mesh","Assets/ForestPrototype/Art/SectionFive/Ground_Moss_Shoots_03/FBX/Ground_Moss_ShootMat_03_LOD0.fbx","6","On","0","(1.07199371, 0.0253043622, 1.233818)","(0.872412443, 0.872412443, 0.872412443)"
"Trunk","Library/unity default resources","1","On","1","(0.170482948, 13.1558247, 0.170482978)","(0.170482934, 6.57791233, 0.170482934)"
"LOD0 Material0","","1","On","0","(4.09591341, 11.5261354, 3.98651171)","(1.44076693, 1.44076693, 1.44076693)"
"Ground_Moss_ShootMat_03_LOD2_Mesh","Assets/ForestPrototype/Art/SectionFive/Ground_Moss_Shoots_03/FBX/Ground_Moss_ShootMat_03_LOD2.fbx","2","On","0","(1.02721858, 0.0258584544, 1.13069427)","(0.7482101, 0.7482101, 0.7482101)"
"Ground_Moss_ShootMat_03_LOD0_Mesh","Assets/ForestPrototype/Art/SectionFive/Ground_Moss_Shoots_03/FBX/Ground_Moss_ShootMat_03_LOD0.fbx","6","On","0","(1.72430277, 0.0326654948, 1.60361874)","(1.12620044, 1.12620044, 1.12620044)"
"LOD2 Material0","","1","On","0","(3.44698071, 12.3253708, 3.469131)","(1.02711427, 1.02711427, 1.02711427)"
"Ground_Moss_ShootMat_03_LOD1_Mesh","Assets/ForestPrototype/Art/SectionFive/Ground_Moss_Shoots_03/FBX/Ground_Moss_ShootMat_03_LOD1.fbx","6","On","0","(0.939656138, 0.02235005, 0.779748738)","(0.713479042, 0.713479042, 0.713479042)"
"LOD1 Material1","","1","On","0","(4.19027853, 9.861549, 4.078201)","(1.27453661, 1.27453661, 1.27453661)"
"LOD0 Material1","","1","On","0","(4.7506237, 11.1802855, 4.62355852)","(1.44497406, 1.44497406, 1.44497406)"
"LOD0 Material0","","1","On","0","(4.19805527, 11.8135681, 4.085925)","(1.476696, 1.476696, 1.476696)"
"LOD2 Material1","","1","On","0","(4.788365, 11.114522, 4.67152262)","(1.43249536, 1.43249536, 1.43249536)"
"LOD2 Material1","","1","On","0","(4.936113, 11.457469, 4.81566572)","(1.476696, 1.476696, 1.476696)"
"Ground_Moss_ShootMat_03_LOD0_Mesh","Assets/ForestPrototype/Art/SectionFive/Ground_Moss_Shoots_03/FBX/Ground_Moss_ShootMat_03_LOD0.fbx","6","On","0","(1.409024, 0.0280142, 1.49314642)","(0.9658388, 0.96583885, 0.9658388)"
